ISO-10303-21;
HEADER;
FILE_DESCRIPTION(('KiCad electronic assembly'),'2;1');
FILE_NAME('ES_004 - PCB_BRAKE_LIGHT.step','2024-03-31T01:05:01',(
    'Pcbnew'),('Kicad'),'Open CASCADE STEP processor 7.7',
  'KiCad to STEP converter','Unknown');
FILE_SCHEMA(('AUTOMOTIVE_DESIGN { 1 0 10303 214 1 1 1 1 }'));
ENDSEC;
DATA;
#1 = APPLICATION_PROTOCOL_DEFINITION('international standard',
  'automotive_design',2000,#2);
#2 = APPLICATION_CONTEXT(
  'core data for automotive mechanical design processes');
#3 = SHAPE_DEFINITION_REPRESENTATION(#4,#10);
#4 = PRODUCT_DEFINITION_SHAPE('','',#5);
#5 = PRODUCT_DEFINITION('design','',#6,#9);
#6 = PRODUCT_DEFINITION_FORMATION('','',#7);
#7 = PRODUCT('ES_004 - PCB_BRAKE_LIGHT 1','ES_004 - PCB_BRAKE_LIGHT 1',
  '',(#8));
#8 = PRODUCT_CONTEXT('',#2,'mechanical');
#9 = PRODUCT_DEFINITION_CONTEXT('part definition',#2,'design');
#10 = SHAPE_REPRESENTATION('',(#11,#15,#19,#23,#27,#31,#35,#39,#43,#47,
    #51,#55,#59,#63,#67,#71,#75,#79),#83);
#11 = AXIS2_PLACEMENT_3D('',#12,#13,#14);
#12 = CARTESIAN_POINT('',(0.,0.,0.));
#13 = DIRECTION('',(0.,0.,1.));
#14 = DIRECTION('',(1.,0.,-0.));
#15 = AXIS2_PLACEMENT_3D('',#16,#17,#18);
#16 = CARTESIAN_POINT('',(68.0125,-94.35,1.65));
#17 = DIRECTION('',(0.,0.,1.));
#18 = DIRECTION('',(-1.,1.224646799147E-16,0.));
#19 = AXIS2_PLACEMENT_3D('',#20,#21,#22);
#20 = CARTESIAN_POINT('',(68.072,-86.614,1.65));
#21 = DIRECTION('',(0.,0.,1.));
#22 = DIRECTION('',(-1.,1.224646799147E-16,0.));
#23 = AXIS2_PLACEMENT_3D('',#24,#25,#26);
#24 = CARTESIAN_POINT('',(68.0625,-99.53,1.65));
#25 = DIRECTION('',(0.,0.,1.));
#26 = DIRECTION('',(1.,0.,0.));
#27 = AXIS2_PLACEMENT_3D('',#28,#29,#30);
#28 = CARTESIAN_POINT('',(73.0925,-94.35,1.65));
#29 = DIRECTION('',(0.,0.,1.));
#30 = DIRECTION('',(1.,0.,0.));
#31 = AXIS2_PLACEMENT_3D('',#32,#33,#34);
#32 = CARTESIAN_POINT('',(78.25,-94.32,1.65));
#33 = DIRECTION('',(0.,0.,1.));
#34 = DIRECTION('',(1.,0.,0.));
#35 = AXIS2_PLACEMENT_3D('',#36,#37,#38);
#36 = CARTESIAN_POINT('',(73.0925,-90.525,1.65));
#37 = DIRECTION('',(0.,0.,1.));
#38 = DIRECTION('',(1.,0.,0.));
#39 = AXIS2_PLACEMENT_3D('',#40,#41,#42);
#40 = CARTESIAN_POINT('',(68.072,-82.804,1.65));
#41 = DIRECTION('',(0.,0.,1.));
#42 = DIRECTION('',(-1.,1.224646799147E-16,0.));
#43 = AXIS2_PLACEMENT_3D('',#44,#45,#46);
#44 = CARTESIAN_POINT('',(76.175,-85.15,1.65));
#45 = DIRECTION('',(0.,0.,1.));
#46 = DIRECTION('',(1.,0.,0.));
#47 = AXIS2_PLACEMENT_3D('',#48,#49,#50);
#48 = CARTESIAN_POINT('',(68.0125,-90.525,1.65));
#49 = DIRECTION('',(0.,0.,1.));
#50 = DIRECTION('',(1.,0.,0.));
#51 = AXIS2_PLACEMENT_3D('',#52,#53,#54);
#52 = CARTESIAN_POINT('',(73.2875,-98.95,1.65));
#53 = DIRECTION('',(0.,0.,1.));
#54 = DIRECTION('',(1.,0.,0.));
#55 = AXIS2_PLACEMENT_3D('',#56,#57,#58);
#56 = CARTESIAN_POINT('',(76.075,-79.4,1.65));
#57 = DIRECTION('',(0.,-0.,1.));
#58 = DIRECTION('',(1.110223024625E-16,1.,0.));
#59 = AXIS2_PLACEMENT_3D('',#60,#61,#62);
#60 = CARTESIAN_POINT('',(68.5375,-78.925,-5.E-02));
#61 = DIRECTION('',(1.499759782662E-32,1.224646799147E-16,-1.));
#62 = DIRECTION('',(-1.,1.224646799147E-16,0.));
#63 = AXIS2_PLACEMENT_3D('',#64,#65,#66);
#64 = CARTESIAN_POINT('',(68.05,-82.75,-5.E-02));
#65 = DIRECTION('',(1.499759782662E-32,1.224646799147E-16,-1.));
#66 = DIRECTION('',(-1.,1.224646799147E-16,0.));
#67 = AXIS2_PLACEMENT_3D('',#68,#69,#70);
#68 = CARTESIAN_POINT('',(68.5375,-86.625,-5.E-02));
#69 = DIRECTION('',(1.499759782662E-32,1.224646799147E-16,-1.));
#70 = DIRECTION('',(-1.,1.224646799147E-16,0.));
#71 = AXIS2_PLACEMENT_3D('',#72,#73,#74);
#72 = CARTESIAN_POINT('',(77.025,-74.525,-5.E-02));
#73 = DIRECTION('',(1.224646799147E-16,-1.359631073447E-32,-1.));
#74 = DIRECTION('',(1.110223024625E-16,1.,0.));
#75 = AXIS2_PLACEMENT_3D('',#76,#77,#78);
#76 = CARTESIAN_POINT('',(77.025,-102.95,-5.E-02));
#77 = DIRECTION('',(1.224646799147E-16,-1.359631073447E-32,-1.));
#78 = DIRECTION('',(1.110223024625E-16,1.,0.));
#79 = AXIS2_PLACEMENT_3D('',#80,#81,#82);
#80 = CARTESIAN_POINT('',(0.,0.,0.));
#81 = DIRECTION('',(0.,0.,1.));
#82 = DIRECTION('',(1.,0.,-0.));
#83 = ( GEOMETRIC_REPRESENTATION_CONTEXT(3) 
GLOBAL_UNCERTAINTY_ASSIGNED_CONTEXT((#87)) GLOBAL_UNIT_ASSIGNED_CONTEXT(
(#84,#85,#86)) REPRESENTATION_CONTEXT('Context #1',
  '3D Context with UNIT and UNCERTAINTY') );
#84 = ( LENGTH_UNIT() NAMED_UNIT(*) SI_UNIT(.MILLI.,.METRE.) );
#85 = ( NAMED_UNIT(*) PLANE_ANGLE_UNIT() SI_UNIT($,.RADIAN.) );
#86 = ( NAMED_UNIT(*) SI_UNIT($,.STERADIAN.) SOLID_ANGLE_UNIT() );
#87 = UNCERTAINTY_MEASURE_WITH_UNIT(LENGTH_MEASURE(5.E-07),#84,
  'distance_accuracy_value','confusion accuracy');
#88 = PRODUCT_RELATED_PRODUCT_CATEGORY('part',$,(#7));
#89 = SHAPE_DEFINITION_REPRESENTATION(#90,#96);
#90 = PRODUCT_DEFINITION_SHAPE('','',#91);
#91 = PRODUCT_DEFINITION('design','',#92,#95);
#92 = PRODUCT_DEFINITION_FORMATION('','',#93);
#93 = PRODUCT('R_1206_3216Metric','R_1206_3216Metric','',(#94));
#94 = PRODUCT_CONTEXT('',#2,'mechanical');
#95 = PRODUCT_DEFINITION_CONTEXT('part definition',#2,'design');
#96 = SHAPE_REPRESENTATION('',(#11,#97),#101);
#97 = AXIS2_PLACEMENT_3D('',#98,#99,#100);
#98 = CARTESIAN_POINT('',(0.,0.,0.));
#99 = DIRECTION('',(0.,0.,1.));
#100 = DIRECTION('',(1.,0.,-0.));
#101 = ( GEOMETRIC_REPRESENTATION_CONTEXT(3) 
GLOBAL_UNCERTAINTY_ASSIGNED_CONTEXT((#105)) GLOBAL_UNIT_ASSIGNED_CONTEXT
((#102,#103,#104)) REPRESENTATION_CONTEXT('Context #1',
  '3D Context with UNIT and UNCERTAINTY') );
#102 = ( LENGTH_UNIT() NAMED_UNIT(*) SI_UNIT(.MILLI.,.METRE.) );
#103 = ( NAMED_UNIT(*) PLANE_ANGLE_UNIT() SI_UNIT($,.RADIAN.) );
#104 = ( NAMED_UNIT(*) SI_UNIT($,.STERADIAN.) SOLID_ANGLE_UNIT() );
#105 = UNCERTAINTY_MEASURE_WITH_UNIT(LENGTH_MEASURE(1.E-07),#102,
  'distance_accuracy_value','confusion accuracy');
#106 = CONTEXT_DEPENDENT_SHAPE_REPRESENTATION(#107,#109);
#107 = ( REPRESENTATION_RELATIONSHIP('','',#96,#10) 
REPRESENTATION_RELATIONSHIP_WITH_TRANSFORMATION(#108) 
SHAPE_REPRESENTATION_RELATIONSHIP() );
#108 = ITEM_DEFINED_TRANSFORMATION('','',#11,#15);
#109 = PRODUCT_DEFINITION_SHAPE('Placement','Placement of an item',#110
  );
#110 = NEXT_ASSEMBLY_USAGE_OCCURRENCE('2','R5','',#5,#91,$);
#111 = PRODUCT_RELATED_PRODUCT_CATEGORY('part',$,(#93));
#112 = SHAPE_DEFINITION_REPRESENTATION(#113,#119);
#113 = PRODUCT_DEFINITION_SHAPE('','',#114);
#114 = PRODUCT_DEFINITION('design','',#115,#118);
#115 = PRODUCT_DEFINITION_FORMATION('','',#116);
#116 = PRODUCT('R_1206_3216Metric','R_1206_3216Metric','',(#117));
#117 = PRODUCT_CONTEXT('',#2,'mechanical');
#118 = PRODUCT_DEFINITION_CONTEXT('part definition',#2,'design');
#119 = ADVANCED_BREP_SHAPE_REPRESENTATION('',(#11,#120),#910);
#120 = MANIFOLD_SOLID_BREP('',#121);
#121 = CLOSED_SHELL('',(#122,#162,#245,#270,#295,#362,#379,#396,#445,
    #462,#479,#528,#545,#614,#645,#669,#738,#762,#779,#796,#813,#830,
    #847,#864,#881,#898));
#122 = ADVANCED_FACE('',(#123),#157,.F.);
#123 = FACE_BOUND('',#124,.F.);
#124 = EDGE_LOOP('',(#125,#135,#143,#151));
#125 = ORIENTED_EDGE('',*,*,#126,.F.);
#126 = EDGE_CURVE('',#127,#129,#131,.T.);
#127 = VERTEX_POINT('',#128);
#128 = CARTESIAN_POINT('',(-1.6,-0.8,5.5E-02));
#129 = VERTEX_POINT('',#130);
#130 = CARTESIAN_POINT('',(-1.6,-0.8,0.495));
#131 = LINE('',#132,#133);
#132 = CARTESIAN_POINT('',(-1.6,-0.8,0.));
#133 = VECTOR('',#134,1.);
#134 = DIRECTION('',(0.,0.,1.));
#135 = ORIENTED_EDGE('',*,*,#136,.T.);
#136 = EDGE_CURVE('',#127,#137,#139,.T.);
#137 = VERTEX_POINT('',#138);
#138 = CARTESIAN_POINT('',(-1.6,0.8,5.5E-02));
#139 = LINE('',#140,#141);
#140 = CARTESIAN_POINT('',(-1.6,-0.8,5.5E-02));
#141 = VECTOR('',#142,1.);
#142 = DIRECTION('',(0.,1.,0.));
#143 = ORIENTED_EDGE('',*,*,#144,.T.);
#144 = EDGE_CURVE('',#137,#145,#147,.T.);
#145 = VERTEX_POINT('',#146);
#146 = CARTESIAN_POINT('',(-1.6,0.8,0.495));
#147 = LINE('',#148,#149);
#148 = CARTESIAN_POINT('',(-1.6,0.8,0.));
#149 = VECTOR('',#150,1.);
#150 = DIRECTION('',(0.,0.,1.));
#151 = ORIENTED_EDGE('',*,*,#152,.F.);
#152 = EDGE_CURVE('',#129,#145,#153,.T.);
#153 = LINE('',#154,#155);
#154 = CARTESIAN_POINT('',(-1.6,-0.8,0.495));
#155 = VECTOR('',#156,1.);
#156 = DIRECTION('',(0.,1.,0.));
#157 = PLANE('',#158);
#158 = AXIS2_PLACEMENT_3D('',#159,#160,#161);
#159 = CARTESIAN_POINT('',(-1.6,-0.8,0.));
#160 = DIRECTION('',(1.,0.,0.));
#161 = DIRECTION('',(0.,0.,1.));
#162 = ADVANCED_FACE('',(#163),#240,.F.);
#163 = FACE_BOUND('',#164,.F.);
#164 = EDGE_LOOP('',(#165,#175,#182,#183,#192,#200,#209,#217,#225,#233)
  );
#165 = ORIENTED_EDGE('',*,*,#166,.F.);
#166 = EDGE_CURVE('',#167,#169,#171,.T.);
#167 = VERTEX_POINT('',#168);
#168 = CARTESIAN_POINT('',(-1.545,-0.8,0.));
#169 = VERTEX_POINT('',#170);
#170 = CARTESIAN_POINT('',(-1.255,-0.8,0.));
#171 = LINE('',#172,#173);
#172 = CARTESIAN_POINT('',(-1.6,-0.8,0.));
#173 = VECTOR('',#174,1.);
#174 = DIRECTION('',(1.,0.,0.));
#175 = ORIENTED_EDGE('',*,*,#176,.F.);
#176 = EDGE_CURVE('',#127,#167,#177,.T.);
#177 = CIRCLE('',#178,5.5E-02);
#178 = AXIS2_PLACEMENT_3D('',#179,#180,#181);
#179 = CARTESIAN_POINT('',(-1.545,-0.8,5.5E-02));
#180 = DIRECTION('',(0.,-1.,0.));
#181 = DIRECTION('',(0.,0.,1.));
#182 = ORIENTED_EDGE('',*,*,#126,.T.);
#183 = ORIENTED_EDGE('',*,*,#184,.T.);
#184 = EDGE_CURVE('',#129,#185,#187,.T.);
#185 = VERTEX_POINT('',#186);
#186 = CARTESIAN_POINT('',(-1.545,-0.8,0.55));
#187 = CIRCLE('',#188,5.5E-02);
#188 = AXIS2_PLACEMENT_3D('',#189,#190,#191);
#189 = CARTESIAN_POINT('',(-1.545,-0.8,0.495));
#190 = DIRECTION('',(0.,1.,0.));
#191 = DIRECTION('',(0.,-0.,1.));
#192 = ORIENTED_EDGE('',*,*,#193,.T.);
#193 = EDGE_CURVE('',#185,#194,#196,.T.);
#194 = VERTEX_POINT('',#195);
#195 = CARTESIAN_POINT('',(-1.255,-0.8,0.55));
#196 = LINE('',#197,#198);
#197 = CARTESIAN_POINT('',(-1.6,-0.8,0.55));
#198 = VECTOR('',#199,1.);
#199 = DIRECTION('',(1.,0.,0.));
#200 = ORIENTED_EDGE('',*,*,#201,.F.);
#201 = EDGE_CURVE('',#202,#194,#204,.T.);
#202 = VERTEX_POINT('',#203);
#203 = CARTESIAN_POINT('',(-1.2,-0.8,0.495));
#204 = CIRCLE('',#205,5.5E-02);
#205 = AXIS2_PLACEMENT_3D('',#206,#207,#208);
#206 = CARTESIAN_POINT('',(-1.255,-0.8,0.495));
#207 = DIRECTION('',(0.,-1.,0.));
#208 = DIRECTION('',(0.,0.,1.));
#209 = ORIENTED_EDGE('',*,*,#210,.F.);
#210 = EDGE_CURVE('',#211,#202,#213,.T.);
#211 = VERTEX_POINT('',#212);
#212 = CARTESIAN_POINT('',(-1.545,-0.8,0.495));
#213 = LINE('',#214,#215);
#214 = CARTESIAN_POINT('',(-1.545,-0.8,0.495));
#215 = VECTOR('',#216,1.);
#216 = DIRECTION('',(1.,0.,0.));
#217 = ORIENTED_EDGE('',*,*,#218,.F.);
#218 = EDGE_CURVE('',#219,#211,#221,.T.);
#219 = VERTEX_POINT('',#220);
#220 = CARTESIAN_POINT('',(-1.545,-0.8,5.5E-02));
#221 = LINE('',#222,#223);
#222 = CARTESIAN_POINT('',(-1.545,-0.8,5.5E-02));
#223 = VECTOR('',#224,1.);
#224 = DIRECTION('',(0.,0.,1.));
#225 = ORIENTED_EDGE('',*,*,#226,.T.);
#226 = EDGE_CURVE('',#219,#227,#229,.T.);
#227 = VERTEX_POINT('',#228);
#228 = CARTESIAN_POINT('',(-1.2,-0.8,5.5E-02));
#229 = LINE('',#230,#231);
#230 = CARTESIAN_POINT('',(-1.545,-0.8,5.5E-02));
#231 = VECTOR('',#232,1.);
#232 = DIRECTION('',(1.,0.,0.));
#233 = ORIENTED_EDGE('',*,*,#234,.T.);
#234 = EDGE_CURVE('',#227,#169,#235,.T.);
#235 = CIRCLE('',#236,5.5E-02);
#236 = AXIS2_PLACEMENT_3D('',#237,#238,#239);
#237 = CARTESIAN_POINT('',(-1.255,-0.8,5.5E-02));
#238 = DIRECTION('',(0.,1.,0.));
#239 = DIRECTION('',(0.,-0.,1.));
#240 = PLANE('',#241);
#241 = AXIS2_PLACEMENT_3D('',#242,#243,#244);
#242 = CARTESIAN_POINT('',(-1.6,-0.8,0.));
#243 = DIRECTION('',(0.,1.,0.));
#244 = DIRECTION('',(0.,-0.,1.));
#245 = ADVANCED_FACE('',(#246),#265,.T.);
#246 = FACE_BOUND('',#247,.T.);
#247 = EDGE_LOOP('',(#248,#249,#258,#264));
#248 = ORIENTED_EDGE('',*,*,#136,.T.);
#249 = ORIENTED_EDGE('',*,*,#250,.T.);
#250 = EDGE_CURVE('',#137,#251,#253,.T.);
#251 = VERTEX_POINT('',#252);
#252 = CARTESIAN_POINT('',(-1.545,0.8,0.));
#253 = CIRCLE('',#254,5.5E-02);
#254 = AXIS2_PLACEMENT_3D('',#255,#256,#257);
#255 = CARTESIAN_POINT('',(-1.545,0.8,5.5E-02));
#256 = DIRECTION('',(0.,-1.,0.));
#257 = DIRECTION('',(0.,0.,1.));
#258 = ORIENTED_EDGE('',*,*,#259,.F.);
#259 = EDGE_CURVE('',#167,#251,#260,.T.);
#260 = LINE('',#261,#262);
#261 = CARTESIAN_POINT('',(-1.545,-0.8,0.));
#262 = VECTOR('',#263,1.);
#263 = DIRECTION('',(0.,1.,0.));
#264 = ORIENTED_EDGE('',*,*,#176,.F.);
#265 = CYLINDRICAL_SURFACE('',#266,5.5E-02);
#266 = AXIS2_PLACEMENT_3D('',#267,#268,#269);
#267 = CARTESIAN_POINT('',(-1.545,-0.8,5.5E-02));
#268 = DIRECTION('',(0.,1.,0.));
#269 = DIRECTION('',(-1.,0.,0.));
#270 = ADVANCED_FACE('',(#271),#290,.T.);
#271 = FACE_BOUND('',#272,.T.);
#272 = EDGE_LOOP('',(#273,#274,#282,#289));
#273 = ORIENTED_EDGE('',*,*,#184,.T.);
#274 = ORIENTED_EDGE('',*,*,#275,.T.);
#275 = EDGE_CURVE('',#185,#276,#278,.T.);
#276 = VERTEX_POINT('',#277);
#277 = CARTESIAN_POINT('',(-1.545,0.8,0.55));
#278 = LINE('',#279,#280);
#279 = CARTESIAN_POINT('',(-1.545,-0.8,0.55));
#280 = VECTOR('',#281,1.);
#281 = DIRECTION('',(0.,1.,0.));
#282 = ORIENTED_EDGE('',*,*,#283,.F.);
#283 = EDGE_CURVE('',#145,#276,#284,.T.);
#284 = CIRCLE('',#285,5.5E-02);
#285 = AXIS2_PLACEMENT_3D('',#286,#287,#288);
#286 = CARTESIAN_POINT('',(-1.545,0.8,0.495));
#287 = DIRECTION('',(0.,1.,0.));
#288 = DIRECTION('',(0.,-0.,1.));
#289 = ORIENTED_EDGE('',*,*,#152,.F.);
#290 = CYLINDRICAL_SURFACE('',#291,5.5E-02);
#291 = AXIS2_PLACEMENT_3D('',#292,#293,#294);
#292 = CARTESIAN_POINT('',(-1.545,-0.8,0.495));
#293 = DIRECTION('',(0.,1.,0.));
#294 = DIRECTION('',(-1.,0.,0.));
#295 = ADVANCED_FACE('',(#296),#357,.T.);
#296 = FACE_BOUND('',#297,.T.);
#297 = EDGE_LOOP('',(#298,#306,#307,#308,#309,#317,#326,#334,#342,#350)
  );
#298 = ORIENTED_EDGE('',*,*,#299,.F.);
#299 = EDGE_CURVE('',#251,#300,#302,.T.);
#300 = VERTEX_POINT('',#301);
#301 = CARTESIAN_POINT('',(-1.255,0.8,0.));
#302 = LINE('',#303,#304);
#303 = CARTESIAN_POINT('',(-1.6,0.8,0.));
#304 = VECTOR('',#305,1.);
#305 = DIRECTION('',(1.,0.,0.));
#306 = ORIENTED_EDGE('',*,*,#250,.F.);
#307 = ORIENTED_EDGE('',*,*,#144,.T.);
#308 = ORIENTED_EDGE('',*,*,#283,.T.);
#309 = ORIENTED_EDGE('',*,*,#310,.T.);
#310 = EDGE_CURVE('',#276,#311,#313,.T.);
#311 = VERTEX_POINT('',#312);
#312 = CARTESIAN_POINT('',(-1.255,0.8,0.55));
#313 = LINE('',#314,#315);
#314 = CARTESIAN_POINT('',(-1.6,0.8,0.55));
#315 = VECTOR('',#316,1.);
#316 = DIRECTION('',(1.,0.,0.));
#317 = ORIENTED_EDGE('',*,*,#318,.F.);
#318 = EDGE_CURVE('',#319,#311,#321,.T.);
#319 = VERTEX_POINT('',#320);
#320 = CARTESIAN_POINT('',(-1.2,0.8,0.495));
#321 = CIRCLE('',#322,5.5E-02);
#322 = AXIS2_PLACEMENT_3D('',#323,#324,#325);
#323 = CARTESIAN_POINT('',(-1.255,0.8,0.495));
#324 = DIRECTION('',(0.,-1.,0.));
#325 = DIRECTION('',(0.,0.,1.));
#326 = ORIENTED_EDGE('',*,*,#327,.F.);
#327 = EDGE_CURVE('',#328,#319,#330,.T.);
#328 = VERTEX_POINT('',#329);
#329 = CARTESIAN_POINT('',(-1.545,0.8,0.495));
#330 = LINE('',#331,#332);
#331 = CARTESIAN_POINT('',(-1.545,0.8,0.495));
#332 = VECTOR('',#333,1.);
#333 = DIRECTION('',(1.,0.,0.));
#334 = ORIENTED_EDGE('',*,*,#335,.F.);
#335 = EDGE_CURVE('',#336,#328,#338,.T.);
#336 = VERTEX_POINT('',#337);
#337 = CARTESIAN_POINT('',(-1.545,0.8,5.5E-02));
#338 = LINE('',#339,#340);
#339 = CARTESIAN_POINT('',(-1.545,0.8,5.5E-02));
#340 = VECTOR('',#341,1.);
#341 = DIRECTION('',(0.,0.,1.));
#342 = ORIENTED_EDGE('',*,*,#343,.T.);
#343 = EDGE_CURVE('',#336,#344,#346,.T.);
#344 = VERTEX_POINT('',#345);
#345 = CARTESIAN_POINT('',(-1.2,0.8,5.5E-02));
#346 = LINE('',#347,#348);
#347 = CARTESIAN_POINT('',(-1.545,0.8,5.5E-02));
#348 = VECTOR('',#349,1.);
#349 = DIRECTION('',(1.,0.,0.));
#350 = ORIENTED_EDGE('',*,*,#351,.T.);
#351 = EDGE_CURVE('',#344,#300,#352,.T.);
#352 = CIRCLE('',#353,5.5E-02);
#353 = AXIS2_PLACEMENT_3D('',#354,#355,#356);
#354 = CARTESIAN_POINT('',(-1.255,0.8,5.5E-02));
#355 = DIRECTION('',(0.,1.,0.));
#356 = DIRECTION('',(0.,-0.,1.));
#357 = PLANE('',#358);
#358 = AXIS2_PLACEMENT_3D('',#359,#360,#361);
#359 = CARTESIAN_POINT('',(-1.6,0.8,0.));
#360 = DIRECTION('',(0.,1.,0.));
#361 = DIRECTION('',(0.,-0.,1.));
#362 = ADVANCED_FACE('',(#363),#374,.F.);
#363 = FACE_BOUND('',#364,.F.);
#364 = EDGE_LOOP('',(#365,#366,#367,#368));
#365 = ORIENTED_EDGE('',*,*,#299,.F.);
#366 = ORIENTED_EDGE('',*,*,#259,.F.);
#367 = ORIENTED_EDGE('',*,*,#166,.T.);
#368 = ORIENTED_EDGE('',*,*,#369,.T.);
#369 = EDGE_CURVE('',#169,#300,#370,.T.);
#370 = LINE('',#371,#372);
#371 = CARTESIAN_POINT('',(-1.255,-0.8,0.));
#372 = VECTOR('',#373,1.);
#373 = DIRECTION('',(0.,1.,0.));
#374 = PLANE('',#375);
#375 = AXIS2_PLACEMENT_3D('',#376,#377,#378);
#376 = CARTESIAN_POINT('',(-1.6,-0.8,0.));
#377 = DIRECTION('',(0.,0.,1.));
#378 = DIRECTION('',(1.,0.,-0.));
#379 = ADVANCED_FACE('',(#380),#391,.T.);
#380 = FACE_BOUND('',#381,.T.);
#381 = EDGE_LOOP('',(#382,#383,#384,#385));
#382 = ORIENTED_EDGE('',*,*,#234,.T.);
#383 = ORIENTED_EDGE('',*,*,#369,.T.);
#384 = ORIENTED_EDGE('',*,*,#351,.F.);
#385 = ORIENTED_EDGE('',*,*,#386,.F.);
#386 = EDGE_CURVE('',#227,#344,#387,.T.);
#387 = LINE('',#388,#389);
#388 = CARTESIAN_POINT('',(-1.2,-0.8,5.5E-02));
#389 = VECTOR('',#390,1.);
#390 = DIRECTION('',(0.,1.,0.));
#391 = CYLINDRICAL_SURFACE('',#392,5.5E-02);
#392 = AXIS2_PLACEMENT_3D('',#393,#394,#395);
#393 = CARTESIAN_POINT('',(-1.255,-0.8,5.5E-02));
#394 = DIRECTION('',(0.,1.,0.));
#395 = DIRECTION('',(1.,0.,0.));
#396 = ADVANCED_FACE('',(#397),#440,.F.);
#397 = FACE_BOUND('',#398,.F.);
#398 = EDGE_LOOP('',(#399,#400,#401,#402,#410,#418,#426,#434));
#399 = ORIENTED_EDGE('',*,*,#226,.F.);
#400 = ORIENTED_EDGE('',*,*,#218,.T.);
#401 = ORIENTED_EDGE('',*,*,#210,.T.);
#402 = ORIENTED_EDGE('',*,*,#403,.T.);
#403 = EDGE_CURVE('',#202,#404,#406,.T.);
#404 = VERTEX_POINT('',#405);
#405 = CARTESIAN_POINT('',(1.2,-0.8,0.495));
#406 = LINE('',#407,#408);
#407 = CARTESIAN_POINT('',(-1.2,-0.8,0.495));
#408 = VECTOR('',#409,1.);
#409 = DIRECTION('',(1.,0.,0.));
#410 = ORIENTED_EDGE('',*,*,#411,.T.);
#411 = EDGE_CURVE('',#404,#412,#414,.T.);
#412 = VERTEX_POINT('',#413);
#413 = CARTESIAN_POINT('',(1.545,-0.8,0.495));
#414 = LINE('',#415,#416);
#415 = CARTESIAN_POINT('',(-1.545,-0.8,0.495));
#416 = VECTOR('',#417,1.);
#417 = DIRECTION('',(1.,0.,0.));
#418 = ORIENTED_EDGE('',*,*,#419,.F.);
#419 = EDGE_CURVE('',#420,#412,#422,.T.);
#420 = VERTEX_POINT('',#421);
#421 = CARTESIAN_POINT('',(1.545,-0.8,5.5E-02));
#422 = LINE('',#423,#424);
#423 = CARTESIAN_POINT('',(1.545,-0.8,5.5E-02));
#424 = VECTOR('',#425,1.);
#425 = DIRECTION('',(0.,0.,1.));
#426 = ORIENTED_EDGE('',*,*,#427,.F.);
#427 = EDGE_CURVE('',#428,#420,#430,.T.);
#428 = VERTEX_POINT('',#429);
#429 = CARTESIAN_POINT('',(1.2,-0.8,5.5E-02));
#430 = LINE('',#431,#432);
#431 = CARTESIAN_POINT('',(-1.545,-0.8,5.5E-02));
#432 = VECTOR('',#433,1.);
#433 = DIRECTION('',(1.,0.,0.));
#434 = ORIENTED_EDGE('',*,*,#435,.F.);
#435 = EDGE_CURVE('',#227,#428,#436,.T.);
#436 = LINE('',#437,#438);
#437 = CARTESIAN_POINT('',(-1.545,-0.8,5.5E-02));
#438 = VECTOR('',#439,1.);
#439 = DIRECTION('',(1.,0.,0.));
#440 = PLANE('',#441);
#441 = AXIS2_PLACEMENT_3D('',#442,#443,#444);
#442 = CARTESIAN_POINT('',(-1.545,-0.8,5.5E-02));
#443 = DIRECTION('',(0.,1.,0.));
#444 = DIRECTION('',(0.,-0.,1.));
#445 = ADVANCED_FACE('',(#446),#457,.T.);
#446 = FACE_BOUND('',#447,.T.);
#447 = EDGE_LOOP('',(#448,#449,#450,#451));
#448 = ORIENTED_EDGE('',*,*,#310,.F.);
#449 = ORIENTED_EDGE('',*,*,#275,.F.);
#450 = ORIENTED_EDGE('',*,*,#193,.T.);
#451 = ORIENTED_EDGE('',*,*,#452,.T.);
#452 = EDGE_CURVE('',#194,#311,#453,.T.);
#453 = LINE('',#454,#455);
#454 = CARTESIAN_POINT('',(-1.255,-0.8,0.55));
#455 = VECTOR('',#456,1.);
#456 = DIRECTION('',(0.,1.,0.));
#457 = PLANE('',#458);
#458 = AXIS2_PLACEMENT_3D('',#459,#460,#461);
#459 = CARTESIAN_POINT('',(-1.6,-0.8,0.55));
#460 = DIRECTION('',(0.,0.,1.));
#461 = DIRECTION('',(1.,0.,-0.));
#462 = ADVANCED_FACE('',(#463),#474,.T.);
#463 = FACE_BOUND('',#464,.T.);
#464 = EDGE_LOOP('',(#465,#471,#472,#473));
#465 = ORIENTED_EDGE('',*,*,#466,.T.);
#466 = EDGE_CURVE('',#202,#319,#467,.T.);
#467 = LINE('',#468,#469);
#468 = CARTESIAN_POINT('',(-1.2,-0.8,0.495));
#469 = VECTOR('',#470,1.);
#470 = DIRECTION('',(0.,1.,0.));
#471 = ORIENTED_EDGE('',*,*,#318,.T.);
#472 = ORIENTED_EDGE('',*,*,#452,.F.);
#473 = ORIENTED_EDGE('',*,*,#201,.F.);
#474 = CYLINDRICAL_SURFACE('',#475,5.5E-02);
#475 = AXIS2_PLACEMENT_3D('',#476,#477,#478);
#476 = CARTESIAN_POINT('',(-1.255,-0.8,0.495));
#477 = DIRECTION('',(0.,1.,0.));
#478 = DIRECTION('',(1.,0.,0.));
#479 = ADVANCED_FACE('',(#480),#523,.T.);
#480 = FACE_BOUND('',#481,.T.);
#481 = EDGE_LOOP('',(#482,#483,#484,#485,#493,#501,#509,#517));
#482 = ORIENTED_EDGE('',*,*,#343,.F.);
#483 = ORIENTED_EDGE('',*,*,#335,.T.);
#484 = ORIENTED_EDGE('',*,*,#327,.T.);
#485 = ORIENTED_EDGE('',*,*,#486,.T.);
#486 = EDGE_CURVE('',#319,#487,#489,.T.);
#487 = VERTEX_POINT('',#488);
#488 = CARTESIAN_POINT('',(1.2,0.8,0.495));
#489 = LINE('',#490,#491);
#490 = CARTESIAN_POINT('',(-1.2,0.8,0.495));
#491 = VECTOR('',#492,1.);
#492 = DIRECTION('',(1.,0.,0.));
#493 = ORIENTED_EDGE('',*,*,#494,.T.);
#494 = EDGE_CURVE('',#487,#495,#497,.T.);
#495 = VERTEX_POINT('',#496);
#496 = CARTESIAN_POINT('',(1.545,0.8,0.495));
#497 = LINE('',#498,#499);
#498 = CARTESIAN_POINT('',(-1.545,0.8,0.495));
#499 = VECTOR('',#500,1.);
#500 = DIRECTION('',(1.,0.,0.));
#501 = ORIENTED_EDGE('',*,*,#502,.F.);
#502 = EDGE_CURVE('',#503,#495,#505,.T.);
#503 = VERTEX_POINT('',#504);
#504 = CARTESIAN_POINT('',(1.545,0.8,5.5E-02));
#505 = LINE('',#506,#507);
#506 = CARTESIAN_POINT('',(1.545,0.8,5.5E-02));
#507 = VECTOR('',#508,1.);
#508 = DIRECTION('',(0.,0.,1.));
#509 = ORIENTED_EDGE('',*,*,#510,.F.);
#510 = EDGE_CURVE('',#511,#503,#513,.T.);
#511 = VERTEX_POINT('',#512);
#512 = CARTESIAN_POINT('',(1.2,0.8,5.5E-02));
#513 = LINE('',#514,#515);
#514 = CARTESIAN_POINT('',(-1.545,0.8,5.5E-02));
#515 = VECTOR('',#516,1.);
#516 = DIRECTION('',(1.,0.,0.));
#517 = ORIENTED_EDGE('',*,*,#518,.F.);
#518 = EDGE_CURVE('',#344,#511,#519,.T.);
#519 = LINE('',#520,#521);
#520 = CARTESIAN_POINT('',(-1.545,0.8,5.5E-02));
#521 = VECTOR('',#522,1.);
#522 = DIRECTION('',(1.,0.,0.));
#523 = PLANE('',#524);
#524 = AXIS2_PLACEMENT_3D('',#525,#526,#527);
#525 = CARTESIAN_POINT('',(-1.545,0.8,5.5E-02));
#526 = DIRECTION('',(0.,1.,0.));
#527 = DIRECTION('',(0.,-0.,1.));
#528 = ADVANCED_FACE('',(#529),#540,.F.);
#529 = FACE_BOUND('',#530,.F.);
#530 = EDGE_LOOP('',(#531,#532,#533,#539));
#531 = ORIENTED_EDGE('',*,*,#386,.F.);
#532 = ORIENTED_EDGE('',*,*,#435,.T.);
#533 = ORIENTED_EDGE('',*,*,#534,.T.);
#534 = EDGE_CURVE('',#428,#511,#535,.T.);
#535 = LINE('',#536,#537);
#536 = CARTESIAN_POINT('',(1.2,-0.8,5.5E-02));
#537 = VECTOR('',#538,1.);
#538 = DIRECTION('',(0.,1.,0.));
#539 = ORIENTED_EDGE('',*,*,#518,.F.);
#540 = PLANE('',#541);
#541 = AXIS2_PLACEMENT_3D('',#542,#543,#544);
#542 = CARTESIAN_POINT('',(-1.545,-0.8,5.5E-02));
#543 = DIRECTION('',(0.,0.,1.));
#544 = DIRECTION('',(1.,0.,-0.));
#545 = ADVANCED_FACE('',(#546),#609,.F.);
#546 = FACE_BOUND('',#547,.F.);
#547 = EDGE_LOOP('',(#548,#558,#565,#566,#567,#568,#577,#585,#594,#602)
  );
#548 = ORIENTED_EDGE('',*,*,#549,.F.);
#549 = EDGE_CURVE('',#550,#552,#554,.T.);
#550 = VERTEX_POINT('',#551);
#551 = CARTESIAN_POINT('',(1.255,-0.8,0.));
#552 = VERTEX_POINT('',#553);
#553 = CARTESIAN_POINT('',(1.545,-0.8,0.));
#554 = LINE('',#555,#556);
#555 = CARTESIAN_POINT('',(1.2,-0.8,0.));
#556 = VECTOR('',#557,1.);
#557 = DIRECTION('',(1.,0.,0.));
#558 = ORIENTED_EDGE('',*,*,#559,.F.);
#559 = EDGE_CURVE('',#428,#550,#560,.T.);
#560 = CIRCLE('',#561,5.5E-02);
#561 = AXIS2_PLACEMENT_3D('',#562,#563,#564);
#562 = CARTESIAN_POINT('',(1.255,-0.8,5.5E-02));
#563 = DIRECTION('',(0.,-1.,0.));
#564 = DIRECTION('',(0.,0.,1.));
#565 = ORIENTED_EDGE('',*,*,#427,.T.);
#566 = ORIENTED_EDGE('',*,*,#419,.T.);
#567 = ORIENTED_EDGE('',*,*,#411,.F.);
#568 = ORIENTED_EDGE('',*,*,#569,.T.);
#569 = EDGE_CURVE('',#404,#570,#572,.T.);
#570 = VERTEX_POINT('',#571);
#571 = CARTESIAN_POINT('',(1.255,-0.8,0.55));
#572 = CIRCLE('',#573,5.5E-02);
#573 = AXIS2_PLACEMENT_3D('',#574,#575,#576);
#574 = CARTESIAN_POINT('',(1.255,-0.8,0.495));
#575 = DIRECTION('',(0.,1.,0.));
#576 = DIRECTION('',(0.,-0.,1.));
#577 = ORIENTED_EDGE('',*,*,#578,.T.);
#578 = EDGE_CURVE('',#570,#579,#581,.T.);
#579 = VERTEX_POINT('',#580);
#580 = CARTESIAN_POINT('',(1.545,-0.8,0.55));
#581 = LINE('',#582,#583);
#582 = CARTESIAN_POINT('',(1.2,-0.8,0.55));
#583 = VECTOR('',#584,1.);
#584 = DIRECTION('',(1.,0.,0.));
#585 = ORIENTED_EDGE('',*,*,#586,.F.);
#586 = EDGE_CURVE('',#587,#579,#589,.T.);
#587 = VERTEX_POINT('',#588);
#588 = CARTESIAN_POINT('',(1.6,-0.8,0.495));
#589 = CIRCLE('',#590,5.5E-02);
#590 = AXIS2_PLACEMENT_3D('',#591,#592,#593);
#591 = CARTESIAN_POINT('',(1.545,-0.8,0.495));
#592 = DIRECTION('',(0.,-1.,0.));
#593 = DIRECTION('',(0.,0.,1.));
#594 = ORIENTED_EDGE('',*,*,#595,.F.);
#595 = EDGE_CURVE('',#596,#587,#598,.T.);
#596 = VERTEX_POINT('',#597);
#597 = CARTESIAN_POINT('',(1.6,-0.8,5.5E-02));
#598 = LINE('',#599,#600);
#599 = CARTESIAN_POINT('',(1.6,-0.8,0.));
#600 = VECTOR('',#601,1.);
#601 = DIRECTION('',(0.,0.,1.));
#602 = ORIENTED_EDGE('',*,*,#603,.T.);
#603 = EDGE_CURVE('',#596,#552,#604,.T.);
#604 = CIRCLE('',#605,5.5E-02);
#605 = AXIS2_PLACEMENT_3D('',#606,#607,#608);
#606 = CARTESIAN_POINT('',(1.545,-0.8,5.5E-02));
#607 = DIRECTION('',(0.,1.,0.));
#608 = DIRECTION('',(0.,-0.,1.));
#609 = PLANE('',#610);
#610 = AXIS2_PLACEMENT_3D('',#611,#612,#613);
#611 = CARTESIAN_POINT('',(1.2,-0.8,0.));
#612 = DIRECTION('',(0.,1.,0.));
#613 = DIRECTION('',(0.,-0.,1.));
#614 = ADVANCED_FACE('',(#615),#640,.F.);
#615 = FACE_BOUND('',#616,.F.);
#616 = EDGE_LOOP('',(#617,#618,#626,#634));
#617 = ORIENTED_EDGE('',*,*,#403,.F.);
#618 = ORIENTED_EDGE('',*,*,#619,.T.);
#619 = EDGE_CURVE('',#202,#620,#622,.T.);
#620 = VERTEX_POINT('',#621);
#621 = CARTESIAN_POINT('',(-1.2,-0.8,0.55));
#622 = LINE('',#623,#624);
#623 = CARTESIAN_POINT('',(-1.2,-0.8,0.495));
#624 = VECTOR('',#625,1.);
#625 = DIRECTION('',(0.,0.,1.));
#626 = ORIENTED_EDGE('',*,*,#627,.T.);
#627 = EDGE_CURVE('',#620,#628,#630,.T.);
#628 = VERTEX_POINT('',#629);
#629 = CARTESIAN_POINT('',(1.2,-0.8,0.55));
#630 = LINE('',#631,#632);
#631 = CARTESIAN_POINT('',(-1.2,-0.8,0.55));
#632 = VECTOR('',#633,1.);
#633 = DIRECTION('',(1.,0.,0.));
#634 = ORIENTED_EDGE('',*,*,#635,.F.);
#635 = EDGE_CURVE('',#404,#628,#636,.T.);
#636 = LINE('',#637,#638);
#637 = CARTESIAN_POINT('',(1.2,-0.8,0.495));
#638 = VECTOR('',#639,1.);
#639 = DIRECTION('',(0.,0.,1.));
#640 = PLANE('',#641);
#641 = AXIS2_PLACEMENT_3D('',#642,#643,#644);
#642 = CARTESIAN_POINT('',(-1.2,-0.8,0.495));
#643 = DIRECTION('',(0.,1.,0.));
#644 = DIRECTION('',(0.,-0.,1.));
#645 = ADVANCED_FACE('',(#646),#664,.F.);
#646 = FACE_BOUND('',#647,.F.);
#647 = EDGE_LOOP('',(#648,#649,#650,#658));
#648 = ORIENTED_EDGE('',*,*,#619,.F.);
#649 = ORIENTED_EDGE('',*,*,#466,.T.);
#650 = ORIENTED_EDGE('',*,*,#651,.T.);
#651 = EDGE_CURVE('',#319,#652,#654,.T.);
#652 = VERTEX_POINT('',#653);
#653 = CARTESIAN_POINT('',(-1.2,0.8,0.55));
#654 = LINE('',#655,#656);
#655 = CARTESIAN_POINT('',(-1.2,0.8,0.495));
#656 = VECTOR('',#657,1.);
#657 = DIRECTION('',(0.,0.,1.));
#658 = ORIENTED_EDGE('',*,*,#659,.F.);
#659 = EDGE_CURVE('',#620,#652,#660,.T.);
#660 = LINE('',#661,#662);
#661 = CARTESIAN_POINT('',(-1.2,-0.8,0.55));
#662 = VECTOR('',#663,1.);
#663 = DIRECTION('',(0.,1.,0.));
#664 = PLANE('',#665);
#665 = AXIS2_PLACEMENT_3D('',#666,#667,#668);
#666 = CARTESIAN_POINT('',(-1.2,-0.8,0.495));
#667 = DIRECTION('',(1.,0.,0.));
#668 = DIRECTION('',(0.,0.,1.));
#669 = ADVANCED_FACE('',(#670),#733,.T.);
#670 = FACE_BOUND('',#671,.T.);
#671 = EDGE_LOOP('',(#672,#682,#689,#690,#691,#692,#701,#709,#718,#726)
  );
#672 = ORIENTED_EDGE('',*,*,#673,.F.);
#673 = EDGE_CURVE('',#674,#676,#678,.T.);
#674 = VERTEX_POINT('',#675);
#675 = CARTESIAN_POINT('',(1.255,0.8,0.));
#676 = VERTEX_POINT('',#677);
#677 = CARTESIAN_POINT('',(1.545,0.8,0.));
#678 = LINE('',#679,#680);
#679 = CARTESIAN_POINT('',(1.2,0.8,0.));
#680 = VECTOR('',#681,1.);
#681 = DIRECTION('',(1.,0.,0.));
#682 = ORIENTED_EDGE('',*,*,#683,.F.);
#683 = EDGE_CURVE('',#511,#674,#684,.T.);
#684 = CIRCLE('',#685,5.5E-02);
#685 = AXIS2_PLACEMENT_3D('',#686,#687,#688);
#686 = CARTESIAN_POINT('',(1.255,0.8,5.5E-02));
#687 = DIRECTION('',(0.,-1.,0.));
#688 = DIRECTION('',(0.,0.,1.));
#689 = ORIENTED_EDGE('',*,*,#510,.T.);
#690 = ORIENTED_EDGE('',*,*,#502,.T.);
#691 = ORIENTED_EDGE('',*,*,#494,.F.);
#692 = ORIENTED_EDGE('',*,*,#693,.T.);
#693 = EDGE_CURVE('',#487,#694,#696,.T.);
#694 = VERTEX_POINT('',#695);
#695 = CARTESIAN_POINT('',(1.255,0.8,0.55));
#696 = CIRCLE('',#697,5.5E-02);
#697 = AXIS2_PLACEMENT_3D('',#698,#699,#700);
#698 = CARTESIAN_POINT('',(1.255,0.8,0.495));
#699 = DIRECTION('',(0.,1.,0.));
#700 = DIRECTION('',(0.,-0.,1.));
#701 = ORIENTED_EDGE('',*,*,#702,.T.);
#702 = EDGE_CURVE('',#694,#703,#705,.T.);
#703 = VERTEX_POINT('',#704);
#704 = CARTESIAN_POINT('',(1.545,0.8,0.55));
#705 = LINE('',#706,#707);
#706 = CARTESIAN_POINT('',(1.2,0.8,0.55));
#707 = VECTOR('',#708,1.);
#708 = DIRECTION('',(1.,0.,0.));
#709 = ORIENTED_EDGE('',*,*,#710,.F.);
#710 = EDGE_CURVE('',#711,#703,#713,.T.);
#711 = VERTEX_POINT('',#712);
#712 = CARTESIAN_POINT('',(1.6,0.8,0.495));
#713 = CIRCLE('',#714,5.5E-02);
#714 = AXIS2_PLACEMENT_3D('',#715,#716,#717);
#715 = CARTESIAN_POINT('',(1.545,0.8,0.495));
#716 = DIRECTION('',(0.,-1.,0.));
#717 = DIRECTION('',(0.,0.,1.));
#718 = ORIENTED_EDGE('',*,*,#719,.F.);
#719 = EDGE_CURVE('',#720,#711,#722,.T.);
#720 = VERTEX_POINT('',#721);
#721 = CARTESIAN_POINT('',(1.6,0.8,5.5E-02));
#722 = LINE('',#723,#724);
#723 = CARTESIAN_POINT('',(1.6,0.8,0.));
#724 = VECTOR('',#725,1.);
#725 = DIRECTION('',(0.,0.,1.));
#726 = ORIENTED_EDGE('',*,*,#727,.T.);
#727 = EDGE_CURVE('',#720,#676,#728,.T.);
#728 = CIRCLE('',#729,5.5E-02);
#729 = AXIS2_PLACEMENT_3D('',#730,#731,#732);
#730 = CARTESIAN_POINT('',(1.545,0.8,5.5E-02));
#731 = DIRECTION('',(0.,1.,0.));
#732 = DIRECTION('',(0.,-0.,1.));
#733 = PLANE('',#734);
#734 = AXIS2_PLACEMENT_3D('',#735,#736,#737);
#735 = CARTESIAN_POINT('',(1.2,0.8,0.));
#736 = DIRECTION('',(0.,1.,0.));
#737 = DIRECTION('',(0.,-0.,1.));
#738 = ADVANCED_FACE('',(#739),#757,.T.);
#739 = FACE_BOUND('',#740,.T.);
#740 = EDGE_LOOP('',(#741,#742,#743,#751));
#741 = ORIENTED_EDGE('',*,*,#486,.F.);
#742 = ORIENTED_EDGE('',*,*,#651,.T.);
#743 = ORIENTED_EDGE('',*,*,#744,.T.);
#744 = EDGE_CURVE('',#652,#745,#747,.T.);
#745 = VERTEX_POINT('',#746);
#746 = CARTESIAN_POINT('',(1.2,0.8,0.55));
#747 = LINE('',#748,#749);
#748 = CARTESIAN_POINT('',(-1.2,0.8,0.55));
#749 = VECTOR('',#750,1.);
#750 = DIRECTION('',(1.,0.,0.));
#751 = ORIENTED_EDGE('',*,*,#752,.F.);
#752 = EDGE_CURVE('',#487,#745,#753,.T.);
#753 = LINE('',#754,#755);
#754 = CARTESIAN_POINT('',(1.2,0.8,0.495));
#755 = VECTOR('',#756,1.);
#756 = DIRECTION('',(0.,0.,1.));
#757 = PLANE('',#758);
#758 = AXIS2_PLACEMENT_3D('',#759,#760,#761);
#759 = CARTESIAN_POINT('',(-1.2,0.8,0.495));
#760 = DIRECTION('',(0.,1.,0.));
#761 = DIRECTION('',(0.,-0.,1.));
#762 = ADVANCED_FACE('',(#763),#774,.T.);
#763 = FACE_BOUND('',#764,.T.);
#764 = EDGE_LOOP('',(#765,#766,#767,#773));
#765 = ORIENTED_EDGE('',*,*,#534,.T.);
#766 = ORIENTED_EDGE('',*,*,#683,.T.);
#767 = ORIENTED_EDGE('',*,*,#768,.F.);
#768 = EDGE_CURVE('',#550,#674,#769,.T.);
#769 = LINE('',#770,#771);
#770 = CARTESIAN_POINT('',(1.255,-0.8,0.));
#771 = VECTOR('',#772,1.);
#772 = DIRECTION('',(0.,1.,0.));
#773 = ORIENTED_EDGE('',*,*,#559,.F.);
#774 = CYLINDRICAL_SURFACE('',#775,5.5E-02);
#775 = AXIS2_PLACEMENT_3D('',#776,#777,#778);
#776 = CARTESIAN_POINT('',(1.255,-0.8,5.5E-02));
#777 = DIRECTION('',(0.,1.,0.));
#778 = DIRECTION('',(-1.,0.,0.));
#779 = ADVANCED_FACE('',(#780),#791,.F.);
#780 = FACE_BOUND('',#781,.F.);
#781 = EDGE_LOOP('',(#782,#783,#784,#785));
#782 = ORIENTED_EDGE('',*,*,#673,.F.);
#783 = ORIENTED_EDGE('',*,*,#768,.F.);
#784 = ORIENTED_EDGE('',*,*,#549,.T.);
#785 = ORIENTED_EDGE('',*,*,#786,.T.);
#786 = EDGE_CURVE('',#552,#676,#787,.T.);
#787 = LINE('',#788,#789);
#788 = CARTESIAN_POINT('',(1.545,-0.8,0.));
#789 = VECTOR('',#790,1.);
#790 = DIRECTION('',(0.,1.,0.));
#791 = PLANE('',#792);
#792 = AXIS2_PLACEMENT_3D('',#793,#794,#795);
#793 = CARTESIAN_POINT('',(1.2,-0.8,0.));
#794 = DIRECTION('',(0.,0.,1.));
#795 = DIRECTION('',(1.,0.,-0.));
#796 = ADVANCED_FACE('',(#797),#808,.T.);
#797 = FACE_BOUND('',#798,.T.);
#798 = EDGE_LOOP('',(#799,#800,#801,#802));
#799 = ORIENTED_EDGE('',*,*,#603,.T.);
#800 = ORIENTED_EDGE('',*,*,#786,.T.);
#801 = ORIENTED_EDGE('',*,*,#727,.F.);
#802 = ORIENTED_EDGE('',*,*,#803,.F.);
#803 = EDGE_CURVE('',#596,#720,#804,.T.);
#804 = LINE('',#805,#806);
#805 = CARTESIAN_POINT('',(1.6,-0.8,5.5E-02));
#806 = VECTOR('',#807,1.);
#807 = DIRECTION('',(0.,1.,0.));
#808 = CYLINDRICAL_SURFACE('',#809,5.5E-02);
#809 = AXIS2_PLACEMENT_3D('',#810,#811,#812);
#810 = CARTESIAN_POINT('',(1.545,-0.8,5.5E-02));
#811 = DIRECTION('',(0.,1.,0.));
#812 = DIRECTION('',(1.,0.,0.));
#813 = ADVANCED_FACE('',(#814),#825,.T.);
#814 = FACE_BOUND('',#815,.T.);
#815 = EDGE_LOOP('',(#816,#817,#818,#819));
#816 = ORIENTED_EDGE('',*,*,#595,.F.);
#817 = ORIENTED_EDGE('',*,*,#803,.T.);
#818 = ORIENTED_EDGE('',*,*,#719,.T.);
#819 = ORIENTED_EDGE('',*,*,#820,.F.);
#820 = EDGE_CURVE('',#587,#711,#821,.T.);
#821 = LINE('',#822,#823);
#822 = CARTESIAN_POINT('',(1.6,-0.8,0.495));
#823 = VECTOR('',#824,1.);
#824 = DIRECTION('',(0.,1.,0.));
#825 = PLANE('',#826);
#826 = AXIS2_PLACEMENT_3D('',#827,#828,#829);
#827 = CARTESIAN_POINT('',(1.6,-0.8,0.));
#828 = DIRECTION('',(1.,0.,0.));
#829 = DIRECTION('',(0.,0.,1.));
#830 = ADVANCED_FACE('',(#831),#842,.T.);
#831 = FACE_BOUND('',#832,.T.);
#832 = EDGE_LOOP('',(#833,#834,#835,#841));
#833 = ORIENTED_EDGE('',*,*,#820,.T.);
#834 = ORIENTED_EDGE('',*,*,#710,.T.);
#835 = ORIENTED_EDGE('',*,*,#836,.F.);
#836 = EDGE_CURVE('',#579,#703,#837,.T.);
#837 = LINE('',#838,#839);
#838 = CARTESIAN_POINT('',(1.545,-0.8,0.55));
#839 = VECTOR('',#840,1.);
#840 = DIRECTION('',(0.,1.,0.));
#841 = ORIENTED_EDGE('',*,*,#586,.F.);
#842 = CYLINDRICAL_SURFACE('',#843,5.5E-02);
#843 = AXIS2_PLACEMENT_3D('',#844,#845,#846);
#844 = CARTESIAN_POINT('',(1.545,-0.8,0.495));
#845 = DIRECTION('',(0.,1.,0.));
#846 = DIRECTION('',(1.,0.,0.));
#847 = ADVANCED_FACE('',(#848),#859,.T.);
#848 = FACE_BOUND('',#849,.T.);
#849 = EDGE_LOOP('',(#850,#851,#857,#858));
#850 = ORIENTED_EDGE('',*,*,#702,.F.);
#851 = ORIENTED_EDGE('',*,*,#852,.F.);
#852 = EDGE_CURVE('',#570,#694,#853,.T.);
#853 = LINE('',#854,#855);
#854 = CARTESIAN_POINT('',(1.255,-0.8,0.55));
#855 = VECTOR('',#856,1.);
#856 = DIRECTION('',(0.,1.,0.));
#857 = ORIENTED_EDGE('',*,*,#578,.T.);
#858 = ORIENTED_EDGE('',*,*,#836,.T.);
#859 = PLANE('',#860);
#860 = AXIS2_PLACEMENT_3D('',#861,#862,#863);
#861 = CARTESIAN_POINT('',(1.2,-0.8,0.55));
#862 = DIRECTION('',(0.,0.,1.));
#863 = DIRECTION('',(1.,0.,-0.));
#864 = ADVANCED_FACE('',(#865),#876,.T.);
#865 = FACE_BOUND('',#866,.T.);
#866 = EDGE_LOOP('',(#867,#868,#869,#870));
#867 = ORIENTED_EDGE('',*,*,#569,.T.);
#868 = ORIENTED_EDGE('',*,*,#852,.T.);
#869 = ORIENTED_EDGE('',*,*,#693,.F.);
#870 = ORIENTED_EDGE('',*,*,#871,.F.);
#871 = EDGE_CURVE('',#404,#487,#872,.T.);
#872 = LINE('',#873,#874);
#873 = CARTESIAN_POINT('',(1.2,-0.8,0.495));
#874 = VECTOR('',#875,1.);
#875 = DIRECTION('',(0.,1.,0.));
#876 = CYLINDRICAL_SURFACE('',#877,5.5E-02);
#877 = AXIS2_PLACEMENT_3D('',#878,#879,#880);
#878 = CARTESIAN_POINT('',(1.255,-0.8,0.495));
#879 = DIRECTION('',(0.,1.,0.));
#880 = DIRECTION('',(-1.,0.,0.));
#881 = ADVANCED_FACE('',(#882),#893,.T.);
#882 = FACE_BOUND('',#883,.T.);
#883 = EDGE_LOOP('',(#884,#885,#886,#887));
#884 = ORIENTED_EDGE('',*,*,#635,.F.);
#885 = ORIENTED_EDGE('',*,*,#871,.T.);
#886 = ORIENTED_EDGE('',*,*,#752,.T.);
#887 = ORIENTED_EDGE('',*,*,#888,.F.);
#888 = EDGE_CURVE('',#628,#745,#889,.T.);
#889 = LINE('',#890,#891);
#890 = CARTESIAN_POINT('',(1.2,-0.8,0.55));
#891 = VECTOR('',#892,1.);
#892 = DIRECTION('',(0.,1.,0.));
#893 = PLANE('',#894);
#894 = AXIS2_PLACEMENT_3D('',#895,#896,#897);
#895 = CARTESIAN_POINT('',(1.2,-0.8,0.495));
#896 = DIRECTION('',(1.,0.,0.));
#897 = DIRECTION('',(0.,0.,1.));
#898 = ADVANCED_FACE('',(#899),#905,.T.);
#899 = FACE_BOUND('',#900,.T.);
#900 = EDGE_LOOP('',(#901,#902,#903,#904));
#901 = ORIENTED_EDGE('',*,*,#659,.F.);
#902 = ORIENTED_EDGE('',*,*,#627,.T.);
#903 = ORIENTED_EDGE('',*,*,#888,.T.);
#904 = ORIENTED_EDGE('',*,*,#744,.F.);
#905 = PLANE('',#906);
#906 = AXIS2_PLACEMENT_3D('',#907,#908,#909);
#907 = CARTESIAN_POINT('',(-1.2,-0.8,0.55));
#908 = DIRECTION('',(0.,0.,1.));
#909 = DIRECTION('',(1.,0.,-0.));
#910 = ( GEOMETRIC_REPRESENTATION_CONTEXT(3) 
GLOBAL_UNCERTAINTY_ASSIGNED_CONTEXT((#914)) GLOBAL_UNIT_ASSIGNED_CONTEXT
((#911,#912,#913)) REPRESENTATION_CONTEXT('Context #1',
  '3D Context with UNIT and UNCERTAINTY') );
#911 = ( LENGTH_UNIT() NAMED_UNIT(*) SI_UNIT(.MILLI.,.METRE.) );
#912 = ( NAMED_UNIT(*) PLANE_ANGLE_UNIT() SI_UNIT($,.RADIAN.) );
#913 = ( NAMED_UNIT(*) SI_UNIT($,.STERADIAN.) SOLID_ANGLE_UNIT() );
#914 = UNCERTAINTY_MEASURE_WITH_UNIT(LENGTH_MEASURE(1.E-07),#911,
  'distance_accuracy_value','confusion accuracy');
#915 = CONTEXT_DEPENDENT_SHAPE_REPRESENTATION(#916,#918);
#916 = ( REPRESENTATION_RELATIONSHIP('','',#119,#96) 
REPRESENTATION_RELATIONSHIP_WITH_TRANSFORMATION(#917) 
SHAPE_REPRESENTATION_RELATIONSHIP() );
#917 = ITEM_DEFINED_TRANSFORMATION('','',#11,#97);
#918 = PRODUCT_DEFINITION_SHAPE('Placement','Placement of an item',#919
  );
#919 = NEXT_ASSEMBLY_USAGE_OCCURRENCE('1','=>[0:1:1:3]','',#91,#114,$);
#920 = PRODUCT_RELATED_PRODUCT_CATEGORY('part',$,(#116));
#921 = CONTEXT_DEPENDENT_SHAPE_REPRESENTATION(#922,#924);
#922 = ( REPRESENTATION_RELATIONSHIP('','',#96,#10) 
REPRESENTATION_RELATIONSHIP_WITH_TRANSFORMATION(#923) 
SHAPE_REPRESENTATION_RELATIONSHIP() );
#923 = ITEM_DEFINED_TRANSFORMATION('','',#11,#19);
#924 = PRODUCT_DEFINITION_SHAPE('Placement','Placement of an item',#925
  );
#925 = NEXT_ASSEMBLY_USAGE_OCCURRENCE('3','R3','',#5,#91,$);
#926 = CONTEXT_DEPENDENT_SHAPE_REPRESENTATION(#927,#929);
#927 = ( REPRESENTATION_RELATIONSHIP('','',#96,#10) 
REPRESENTATION_RELATIONSHIP_WITH_TRANSFORMATION(#928) 
SHAPE_REPRESENTATION_RELATIONSHIP() );
#928 = ITEM_DEFINED_TRANSFORMATION('','',#11,#23);
#929 = PRODUCT_DEFINITION_SHAPE('Placement','Placement of an item',#930
  );
#930 = NEXT_ASSEMBLY_USAGE_OCCURRENCE('4','R7','',#5,#91,$);
#931 = CONTEXT_DEPENDENT_SHAPE_REPRESENTATION(#932,#934);
#932 = ( REPRESENTATION_RELATIONSHIP('','',#96,#10) 
REPRESENTATION_RELATIONSHIP_WITH_TRANSFORMATION(#933) 
SHAPE_REPRESENTATION_RELATIONSHIP() );
#933 = ITEM_DEFINED_TRANSFORMATION('','',#11,#27);
#934 = PRODUCT_DEFINITION_SHAPE('Placement','Placement of an item',#935
  );
#935 = NEXT_ASSEMBLY_USAGE_OCCURRENCE('5','R10','',#5,#91,$);
#936 = SHAPE_DEFINITION_REPRESENTATION(#937,#943);
#937 = PRODUCT_DEFINITION_SHAPE('','',#938);
#938 = PRODUCT_DEFINITION('design','',#939,#942);
#939 = PRODUCT_DEFINITION_FORMATION('','',#940);
#940 = PRODUCT('C_1206_3216Metric','C_1206_3216Metric','',(#941));
#941 = PRODUCT_CONTEXT('',#2,'mechanical');
#942 = PRODUCT_DEFINITION_CONTEXT('part definition',#2,'design');
#943 = SHAPE_REPRESENTATION('',(#11,#944),#948);
#944 = AXIS2_PLACEMENT_3D('',#945,#946,#947);
#945 = CARTESIAN_POINT('',(0.,0.,0.));
#946 = DIRECTION('',(0.,0.,1.));
#947 = DIRECTION('',(1.,0.,-0.));
#948 = ( GEOMETRIC_REPRESENTATION_CONTEXT(3) 
GLOBAL_UNCERTAINTY_ASSIGNED_CONTEXT((#952)) GLOBAL_UNIT_ASSIGNED_CONTEXT
((#949,#950,#951)) REPRESENTATION_CONTEXT('Context #1',
  '3D Context with UNIT and UNCERTAINTY') );
#949 = ( LENGTH_UNIT() NAMED_UNIT(*) SI_UNIT(.MILLI.,.METRE.) );
#950 = ( NAMED_UNIT(*) PLANE_ANGLE_UNIT() SI_UNIT($,.RADIAN.) );
#951 = ( NAMED_UNIT(*) SI_UNIT($,.STERADIAN.) SOLID_ANGLE_UNIT() );
#952 = UNCERTAINTY_MEASURE_WITH_UNIT(LENGTH_MEASURE(1.E-07),#949,
  'distance_accuracy_value','confusion accuracy');
#953 = CONTEXT_DEPENDENT_SHAPE_REPRESENTATION(#954,#956);
#954 = ( REPRESENTATION_RELATIONSHIP('','',#943,#10) 
REPRESENTATION_RELATIONSHIP_WITH_TRANSFORMATION(#955) 
SHAPE_REPRESENTATION_RELATIONSHIP() );
#955 = ITEM_DEFINED_TRANSFORMATION('','',#11,#31);
#956 = PRODUCT_DEFINITION_SHAPE('Placement','Placement of an item',#957
  );
#957 = NEXT_ASSEMBLY_USAGE_OCCURRENCE('7','C5','',#5,#938,$);
#958 = PRODUCT_RELATED_PRODUCT_CATEGORY('part',$,(#940));
#959 = SHAPE_DEFINITION_REPRESENTATION(#960,#966);
#960 = PRODUCT_DEFINITION_SHAPE('','',#961);
#961 = PRODUCT_DEFINITION('design','',#962,#965);
#962 = PRODUCT_DEFINITION_FORMATION('','',#963);
#963 = PRODUCT('C_1206_3216Metric','C_1206_3216Metric','',(#964));
#964 = PRODUCT_CONTEXT('',#2,'mechanical');
#965 = PRODUCT_DEFINITION_CONTEXT('part definition',#2,'design');
#966 = ADVANCED_BREP_SHAPE_REPRESENTATION('',(#11,#967),#1821);
#967 = MANIFOLD_SOLID_BREP('',#968);
#968 = CLOSED_SHELL('',(#969,#1045,#1076,#1101,#1126,#1150,#1174,#1199,
    #1224,#1241,#1327,#1359,#1383,#1408,#1432,#1457,#1481,#1506,#1523,
    #1609,#1640,#1665,#1690,#1714,#1738,#1763,#1788,#1805));
#969 = ADVANCED_FACE('',(#970),#1040,.F.);
#970 = FACE_BOUND('',#971,.F.);
#971 = EDGE_LOOP('',(#972,#982,#991,#999,#1008,#1016,#1025,#1033));
#972 = ORIENTED_EDGE('',*,*,#973,.F.);
#973 = EDGE_CURVE('',#974,#976,#978,.T.);
#974 = VERTEX_POINT('',#975);
#975 = CARTESIAN_POINT('',(-1.6,-0.8,4.E-02));
#976 = VERTEX_POINT('',#977);
#977 = CARTESIAN_POINT('',(-1.6,-0.8,1.56));
#978 = LINE('',#979,#980);
#979 = CARTESIAN_POINT('',(-1.6,-0.8,0.));
#980 = VECTOR('',#981,1.);
#981 = DIRECTION('',(0.,0.,1.));
#982 = ORIENTED_EDGE('',*,*,#983,.T.);
#983 = EDGE_CURVE('',#974,#984,#986,.T.);
#984 = VERTEX_POINT('',#985);
#985 = CARTESIAN_POINT('',(-1.6,-0.76,0.));
#986 = CIRCLE('',#987,4.E-02);
#987 = AXIS2_PLACEMENT_3D('',#988,#989,#990);
#988 = CARTESIAN_POINT('',(-1.6,-0.76,4.E-02));
#989 = DIRECTION('',(1.,0.,-0.));
#990 = DIRECTION('',(0.,0.,1.));
#991 = ORIENTED_EDGE('',*,*,#992,.T.);
#992 = EDGE_CURVE('',#984,#993,#995,.T.);
#993 = VERTEX_POINT('',#994);
#994 = CARTESIAN_POINT('',(-1.6,0.76,0.));
#995 = LINE('',#996,#997);
#996 = CARTESIAN_POINT('',(-1.6,-0.8,0.));
#997 = VECTOR('',#998,1.);
#998 = DIRECTION('',(0.,1.,0.));
#999 = ORIENTED_EDGE('',*,*,#1000,.F.);
#1000 = EDGE_CURVE('',#1001,#993,#1003,.T.);
#1001 = VERTEX_POINT('',#1002);
#1002 = CARTESIAN_POINT('',(-1.6,0.8,4.E-02));
#1003 = CIRCLE('',#1004,4.E-02);
#1004 = AXIS2_PLACEMENT_3D('',#1005,#1006,#1007);
#1005 = CARTESIAN_POINT('',(-1.6,0.76,4.E-02));
#1006 = DIRECTION('',(-1.,0.,0.));
#1007 = DIRECTION('',(0.,0.,1.));
#1008 = ORIENTED_EDGE('',*,*,#1009,.T.);
#1009 = EDGE_CURVE('',#1001,#1010,#1012,.T.);
#1010 = VERTEX_POINT('',#1011);
#1011 = CARTESIAN_POINT('',(-1.6,0.8,1.56));
#1012 = LINE('',#1013,#1014);
#1013 = CARTESIAN_POINT('',(-1.6,0.8,0.));
#1014 = VECTOR('',#1015,1.);
#1015 = DIRECTION('',(0.,0.,1.));
#1016 = ORIENTED_EDGE('',*,*,#1017,.T.);
#1017 = EDGE_CURVE('',#1010,#1018,#1020,.T.);
#1018 = VERTEX_POINT('',#1019);
#1019 = CARTESIAN_POINT('',(-1.6,0.76,1.6));
#1020 = CIRCLE('',#1021,4.E-02);
#1021 = AXIS2_PLACEMENT_3D('',#1022,#1023,#1024);
#1022 = CARTESIAN_POINT('',(-1.6,0.76,1.56));
#1023 = DIRECTION('',(1.,0.,-0.));
#1024 = DIRECTION('',(0.,0.,1.));
#1025 = ORIENTED_EDGE('',*,*,#1026,.F.);
#1026 = EDGE_CURVE('',#1027,#1018,#1029,.T.);
#1027 = VERTEX_POINT('',#1028);
#1028 = CARTESIAN_POINT('',(-1.6,-0.76,1.6));
#1029 = LINE('',#1030,#1031);
#1030 = CARTESIAN_POINT('',(-1.6,-0.8,1.6));
#1031 = VECTOR('',#1032,1.);
#1032 = DIRECTION('',(0.,1.,0.));
#1033 = ORIENTED_EDGE('',*,*,#1034,.F.);
#1034 = EDGE_CURVE('',#976,#1027,#1035,.T.);
#1035 = CIRCLE('',#1036,4.E-02);
#1036 = AXIS2_PLACEMENT_3D('',#1037,#1038,#1039);
#1037 = CARTESIAN_POINT('',(-1.6,-0.76,1.56));
#1038 = DIRECTION('',(-1.,0.,0.));
#1039 = DIRECTION('',(0.,0.,1.));
#1040 = PLANE('',#1041);
#1041 = AXIS2_PLACEMENT_3D('',#1042,#1043,#1044);
#1042 = CARTESIAN_POINT('',(-1.6,-0.8,0.));
#1043 = DIRECTION('',(1.,0.,0.));
#1044 = DIRECTION('',(0.,0.,1.));
#1045 = ADVANCED_FACE('',(#1046),#1071,.F.);
#1046 = FACE_BOUND('',#1047,.F.);
#1047 = EDGE_LOOP('',(#1048,#1058,#1064,#1065));
#1048 = ORIENTED_EDGE('',*,*,#1049,.F.);
#1049 = EDGE_CURVE('',#1050,#1052,#1054,.T.);
#1050 = VERTEX_POINT('',#1051);
#1051 = CARTESIAN_POINT('',(-1.2,-0.8,4.E-02));
#1052 = VERTEX_POINT('',#1053);
#1053 = CARTESIAN_POINT('',(-1.2,-0.8,1.56));
#1054 = LINE('',#1055,#1056);
#1055 = CARTESIAN_POINT('',(-1.2,-0.8,0.));
#1056 = VECTOR('',#1057,1.);
#1057 = DIRECTION('',(0.,0.,1.));
#1058 = ORIENTED_EDGE('',*,*,#1059,.F.);
#1059 = EDGE_CURVE('',#974,#1050,#1060,.T.);
#1060 = LINE('',#1061,#1062);
#1061 = CARTESIAN_POINT('',(-1.6,-0.8,4.E-02));
#1062 = VECTOR('',#1063,1.);
#1063 = DIRECTION('',(1.,0.,0.));
#1064 = ORIENTED_EDGE('',*,*,#973,.T.);
#1065 = ORIENTED_EDGE('',*,*,#1066,.T.);
#1066 = EDGE_CURVE('',#976,#1052,#1067,.T.);
#1067 = LINE('',#1068,#1069);
#1068 = CARTESIAN_POINT('',(-1.6,-0.8,1.56));
#1069 = VECTOR('',#1070,1.);
#1070 = DIRECTION('',(1.,0.,0.));
#1071 = PLANE('',#1072);
#1072 = AXIS2_PLACEMENT_3D('',#1073,#1074,#1075);
#1073 = CARTESIAN_POINT('',(-1.6,-0.8,0.));
#1074 = DIRECTION('',(0.,1.,0.));
#1075 = DIRECTION('',(0.,-0.,1.));
#1076 = ADVANCED_FACE('',(#1077),#1096,.T.);
#1077 = FACE_BOUND('',#1078,.T.);
#1078 = EDGE_LOOP('',(#1079,#1080,#1088,#1095));
#1079 = ORIENTED_EDGE('',*,*,#983,.T.);
#1080 = ORIENTED_EDGE('',*,*,#1081,.T.);
#1081 = EDGE_CURVE('',#984,#1082,#1084,.T.);
#1082 = VERTEX_POINT('',#1083);
#1083 = CARTESIAN_POINT('',(-1.2,-0.76,0.));
#1084 = LINE('',#1085,#1086);
#1085 = CARTESIAN_POINT('',(-1.6,-0.76,0.));
#1086 = VECTOR('',#1087,1.);
#1087 = DIRECTION('',(1.,0.,0.));
#1088 = ORIENTED_EDGE('',*,*,#1089,.F.);
#1089 = EDGE_CURVE('',#1050,#1082,#1090,.T.);
#1090 = CIRCLE('',#1091,4.E-02);
#1091 = AXIS2_PLACEMENT_3D('',#1092,#1093,#1094);
#1092 = CARTESIAN_POINT('',(-1.2,-0.76,4.E-02));
#1093 = DIRECTION('',(1.,0.,-0.));
#1094 = DIRECTION('',(0.,0.,1.));
#1095 = ORIENTED_EDGE('',*,*,#1059,.F.);
#1096 = CYLINDRICAL_SURFACE('',#1097,4.E-02);
#1097 = AXIS2_PLACEMENT_3D('',#1098,#1099,#1100);
#1098 = CARTESIAN_POINT('',(-1.6,-0.76,4.E-02));
#1099 = DIRECTION('',(1.,0.,0.));
#1100 = DIRECTION('',(0.,-1.,0.));
#1101 = ADVANCED_FACE('',(#1102),#1121,.T.);
#1102 = FACE_BOUND('',#1103,.T.);
#1103 = EDGE_LOOP('',(#1104,#1105,#1114,#1120));
#1104 = ORIENTED_EDGE('',*,*,#1066,.T.);
#1105 = ORIENTED_EDGE('',*,*,#1106,.T.);
#1106 = EDGE_CURVE('',#1052,#1107,#1109,.T.);
#1107 = VERTEX_POINT('',#1108);
#1108 = CARTESIAN_POINT('',(-1.2,-0.76,1.6));
#1109 = CIRCLE('',#1110,4.E-02);
#1110 = AXIS2_PLACEMENT_3D('',#1111,#1112,#1113);
#1111 = CARTESIAN_POINT('',(-1.2,-0.76,1.56));
#1112 = DIRECTION('',(-1.,0.,0.));
#1113 = DIRECTION('',(0.,0.,1.));
#1114 = ORIENTED_EDGE('',*,*,#1115,.F.);
#1115 = EDGE_CURVE('',#1027,#1107,#1116,.T.);
#1116 = LINE('',#1117,#1118);
#1117 = CARTESIAN_POINT('',(-1.6,-0.76,1.6));
#1118 = VECTOR('',#1119,1.);
#1119 = DIRECTION('',(1.,0.,0.));
#1120 = ORIENTED_EDGE('',*,*,#1034,.F.);
#1121 = CYLINDRICAL_SURFACE('',#1122,4.E-02);
#1122 = AXIS2_PLACEMENT_3D('',#1123,#1124,#1125);
#1123 = CARTESIAN_POINT('',(-1.6,-0.76,1.56));
#1124 = DIRECTION('',(1.,0.,0.));
#1125 = DIRECTION('',(0.,-1.,0.));
#1126 = ADVANCED_FACE('',(#1127),#1145,.F.);
#1127 = FACE_BOUND('',#1128,.F.);
#1128 = EDGE_LOOP('',(#1129,#1130,#1131,#1139));
#1129 = ORIENTED_EDGE('',*,*,#992,.F.);
#1130 = ORIENTED_EDGE('',*,*,#1081,.T.);
#1131 = ORIENTED_EDGE('',*,*,#1132,.T.);
#1132 = EDGE_CURVE('',#1082,#1133,#1135,.T.);
#1133 = VERTEX_POINT('',#1134);
#1134 = CARTESIAN_POINT('',(-1.2,0.76,0.));
#1135 = LINE('',#1136,#1137);
#1136 = CARTESIAN_POINT('',(-1.2,-0.8,0.));
#1137 = VECTOR('',#1138,1.);
#1138 = DIRECTION('',(0.,1.,0.));
#1139 = ORIENTED_EDGE('',*,*,#1140,.F.);
#1140 = EDGE_CURVE('',#993,#1133,#1141,.T.);
#1141 = LINE('',#1142,#1143);
#1142 = CARTESIAN_POINT('',(-1.6,0.76,0.));
#1143 = VECTOR('',#1144,1.);
#1144 = DIRECTION('',(1.,0.,0.));
#1145 = PLANE('',#1146);
#1146 = AXIS2_PLACEMENT_3D('',#1147,#1148,#1149);
#1147 = CARTESIAN_POINT('',(-1.6,-0.8,0.));
#1148 = DIRECTION('',(0.,0.,1.));
#1149 = DIRECTION('',(1.,0.,-0.));
#1150 = ADVANCED_FACE('',(#1151),#1169,.T.);
#1151 = FACE_BOUND('',#1152,.T.);
#1152 = EDGE_LOOP('',(#1153,#1154,#1155,#1163));
#1153 = ORIENTED_EDGE('',*,*,#1026,.F.);
#1154 = ORIENTED_EDGE('',*,*,#1115,.T.);
#1155 = ORIENTED_EDGE('',*,*,#1156,.T.);
#1156 = EDGE_CURVE('',#1107,#1157,#1159,.T.);
#1157 = VERTEX_POINT('',#1158);
#1158 = CARTESIAN_POINT('',(-1.2,0.76,1.6));
#1159 = LINE('',#1160,#1161);
#1160 = CARTESIAN_POINT('',(-1.2,-0.8,1.6));
#1161 = VECTOR('',#1162,1.);
#1162 = DIRECTION('',(0.,1.,0.));
#1163 = ORIENTED_EDGE('',*,*,#1164,.F.);
#1164 = EDGE_CURVE('',#1018,#1157,#1165,.T.);
#1165 = LINE('',#1166,#1167);
#1166 = CARTESIAN_POINT('',(-1.6,0.76,1.6));
#1167 = VECTOR('',#1168,1.);
#1168 = DIRECTION('',(1.,0.,0.));
#1169 = PLANE('',#1170);
#1170 = AXIS2_PLACEMENT_3D('',#1171,#1172,#1173);
#1171 = CARTESIAN_POINT('',(-1.6,-0.8,1.6));
#1172 = DIRECTION('',(0.,0.,1.));
#1173 = DIRECTION('',(1.,0.,-0.));
#1174 = ADVANCED_FACE('',(#1175),#1194,.T.);
#1175 = FACE_BOUND('',#1176,.T.);
#1176 = EDGE_LOOP('',(#1177,#1185,#1192,#1193));
#1177 = ORIENTED_EDGE('',*,*,#1178,.T.);
#1178 = EDGE_CURVE('',#1001,#1179,#1181,.T.);
#1179 = VERTEX_POINT('',#1180);
#1180 = CARTESIAN_POINT('',(-1.2,0.8,4.E-02));
#1181 = LINE('',#1182,#1183);
#1182 = CARTESIAN_POINT('',(-1.6,0.8,4.E-02));
#1183 = VECTOR('',#1184,1.);
#1184 = DIRECTION('',(1.,0.,0.));
#1185 = ORIENTED_EDGE('',*,*,#1186,.T.);
#1186 = EDGE_CURVE('',#1179,#1133,#1187,.T.);
#1187 = CIRCLE('',#1188,4.E-02);
#1188 = AXIS2_PLACEMENT_3D('',#1189,#1190,#1191);
#1189 = CARTESIAN_POINT('',(-1.2,0.76,4.E-02));
#1190 = DIRECTION('',(-1.,0.,0.));
#1191 = DIRECTION('',(0.,0.,1.));
#1192 = ORIENTED_EDGE('',*,*,#1140,.F.);
#1193 = ORIENTED_EDGE('',*,*,#1000,.F.);
#1194 = CYLINDRICAL_SURFACE('',#1195,4.E-02);
#1195 = AXIS2_PLACEMENT_3D('',#1196,#1197,#1198);
#1196 = CARTESIAN_POINT('',(-1.6,0.76,4.E-02));
#1197 = DIRECTION('',(1.,0.,0.));
#1198 = DIRECTION('',(-0.,1.,0.));
#1199 = ADVANCED_FACE('',(#1200),#1219,.T.);
#1200 = FACE_BOUND('',#1201,.T.);
#1201 = EDGE_LOOP('',(#1202,#1203,#1204,#1213));
#1202 = ORIENTED_EDGE('',*,*,#1017,.T.);
#1203 = ORIENTED_EDGE('',*,*,#1164,.T.);
#1204 = ORIENTED_EDGE('',*,*,#1205,.F.);
#1205 = EDGE_CURVE('',#1206,#1157,#1208,.T.);
#1206 = VERTEX_POINT('',#1207);
#1207 = CARTESIAN_POINT('',(-1.2,0.8,1.56));
#1208 = CIRCLE('',#1209,4.E-02);
#1209 = AXIS2_PLACEMENT_3D('',#1210,#1211,#1212);
#1210 = CARTESIAN_POINT('',(-1.2,0.76,1.56));
#1211 = DIRECTION('',(1.,0.,-0.));
#1212 = DIRECTION('',(0.,0.,1.));
#1213 = ORIENTED_EDGE('',*,*,#1214,.F.);
#1214 = EDGE_CURVE('',#1010,#1206,#1215,.T.);
#1215 = LINE('',#1216,#1217);
#1216 = CARTESIAN_POINT('',(-1.6,0.8,1.56));
#1217 = VECTOR('',#1218,1.);
#1218 = DIRECTION('',(1.,0.,0.));
#1219 = CYLINDRICAL_SURFACE('',#1220,4.E-02);
#1220 = AXIS2_PLACEMENT_3D('',#1221,#1222,#1223);
#1221 = CARTESIAN_POINT('',(-1.6,0.76,1.56));
#1222 = DIRECTION('',(1.,0.,0.));
#1223 = DIRECTION('',(-0.,1.,0.));
#1224 = ADVANCED_FACE('',(#1225),#1236,.T.);
#1225 = FACE_BOUND('',#1226,.T.);
#1226 = EDGE_LOOP('',(#1227,#1233,#1234,#1235));
#1227 = ORIENTED_EDGE('',*,*,#1228,.F.);
#1228 = EDGE_CURVE('',#1179,#1206,#1229,.T.);
#1229 = LINE('',#1230,#1231);
#1230 = CARTESIAN_POINT('',(-1.2,0.8,0.));
#1231 = VECTOR('',#1232,1.);
#1232 = DIRECTION('',(0.,0.,1.));
#1233 = ORIENTED_EDGE('',*,*,#1178,.F.);
#1234 = ORIENTED_EDGE('',*,*,#1009,.T.);
#1235 = ORIENTED_EDGE('',*,*,#1214,.T.);
#1236 = PLANE('',#1237);
#1237 = AXIS2_PLACEMENT_3D('',#1238,#1239,#1240);
#1238 = CARTESIAN_POINT('',(-1.6,0.8,0.));
#1239 = DIRECTION('',(0.,1.,0.));
#1240 = DIRECTION('',(0.,-0.,1.));
#1241 = ADVANCED_FACE('',(#1242,#1252),#1322,.T.);
#1242 = FACE_BOUND('',#1243,.T.);
#1243 = EDGE_LOOP('',(#1244,#1245,#1246,#1247,#1248,#1249,#1250,#1251));
#1244 = ORIENTED_EDGE('',*,*,#1049,.F.);
#1245 = ORIENTED_EDGE('',*,*,#1089,.T.);
#1246 = ORIENTED_EDGE('',*,*,#1132,.T.);
#1247 = ORIENTED_EDGE('',*,*,#1186,.F.);
#1248 = ORIENTED_EDGE('',*,*,#1228,.T.);
#1249 = ORIENTED_EDGE('',*,*,#1205,.T.);
#1250 = ORIENTED_EDGE('',*,*,#1156,.F.);
#1251 = ORIENTED_EDGE('',*,*,#1106,.F.);
#1252 = FACE_BOUND('',#1253,.T.);
#1253 = EDGE_LOOP('',(#1254,#1265,#1273,#1282,#1290,#1299,#1307,#1316));
#1254 = ORIENTED_EDGE('',*,*,#1255,.F.);
#1255 = EDGE_CURVE('',#1256,#1258,#1260,.T.);
#1256 = VERTEX_POINT('',#1257);
#1257 = CARTESIAN_POINT('',(-1.2,-0.76,8.E-02));
#1258 = VERTEX_POINT('',#1259);
#1259 = CARTESIAN_POINT('',(-1.2,-0.72,4.E-02));
#1260 = CIRCLE('',#1261,4.E-02);
#1261 = AXIS2_PLACEMENT_3D('',#1262,#1263,#1264);
#1262 = CARTESIAN_POINT('',(-1.2,-0.72,8.E-02));
#1263 = DIRECTION('',(1.,0.,-0.));
#1264 = DIRECTION('',(0.,0.,1.));
#1265 = ORIENTED_EDGE('',*,*,#1266,.T.);
#1266 = EDGE_CURVE('',#1256,#1267,#1269,.T.);
#1267 = VERTEX_POINT('',#1268);
#1268 = CARTESIAN_POINT('',(-1.2,-0.76,1.52));
#1269 = LINE('',#1270,#1271);
#1270 = CARTESIAN_POINT('',(-1.2,-0.76,4.E-02));
#1271 = VECTOR('',#1272,1.);
#1272 = DIRECTION('',(0.,0.,1.));
#1273 = ORIENTED_EDGE('',*,*,#1274,.T.);
#1274 = EDGE_CURVE('',#1267,#1275,#1277,.T.);
#1275 = VERTEX_POINT('',#1276);
#1276 = CARTESIAN_POINT('',(-1.2,-0.72,1.56));
#1277 = CIRCLE('',#1278,4.E-02);
#1278 = AXIS2_PLACEMENT_3D('',#1279,#1280,#1281);
#1279 = CARTESIAN_POINT('',(-1.2,-0.72,1.52));
#1280 = DIRECTION('',(-1.,0.,0.));
#1281 = DIRECTION('',(0.,0.,1.));
#1282 = ORIENTED_EDGE('',*,*,#1283,.T.);
#1283 = EDGE_CURVE('',#1275,#1284,#1286,.T.);
#1284 = VERTEX_POINT('',#1285);
#1285 = CARTESIAN_POINT('',(-1.2,0.72,1.56));
#1286 = LINE('',#1287,#1288);
#1287 = CARTESIAN_POINT('',(-1.2,-0.76,1.56));
#1288 = VECTOR('',#1289,1.);
#1289 = DIRECTION('',(0.,1.,0.));
#1290 = ORIENTED_EDGE('',*,*,#1291,.F.);
#1291 = EDGE_CURVE('',#1292,#1284,#1294,.T.);
#1292 = VERTEX_POINT('',#1293);
#1293 = CARTESIAN_POINT('',(-1.2,0.76,1.52));
#1294 = CIRCLE('',#1295,4.E-02);
#1295 = AXIS2_PLACEMENT_3D('',#1296,#1297,#1298);
#1296 = CARTESIAN_POINT('',(-1.2,0.72,1.52));
#1297 = DIRECTION('',(1.,0.,-0.));
#1298 = DIRECTION('',(0.,0.,1.));
#1299 = ORIENTED_EDGE('',*,*,#1300,.F.);
#1300 = EDGE_CURVE('',#1301,#1292,#1303,.T.);
#1301 = VERTEX_POINT('',#1302);
#1302 = CARTESIAN_POINT('',(-1.2,0.76,8.E-02));
#1303 = LINE('',#1304,#1305);
#1304 = CARTESIAN_POINT('',(-1.2,0.76,4.E-02));
#1305 = VECTOR('',#1306,1.);
#1306 = DIRECTION('',(0.,0.,1.));
#1307 = ORIENTED_EDGE('',*,*,#1308,.T.);
#1308 = EDGE_CURVE('',#1301,#1309,#1311,.T.);
#1309 = VERTEX_POINT('',#1310);
#1310 = CARTESIAN_POINT('',(-1.2,0.72,4.E-02));
#1311 = CIRCLE('',#1312,4.E-02);
#1312 = AXIS2_PLACEMENT_3D('',#1313,#1314,#1315);
#1313 = CARTESIAN_POINT('',(-1.2,0.72,8.E-02));
#1314 = DIRECTION('',(-1.,0.,0.));
#1315 = DIRECTION('',(0.,0.,1.));
#1316 = ORIENTED_EDGE('',*,*,#1317,.F.);
#1317 = EDGE_CURVE('',#1258,#1309,#1318,.T.);
#1318 = LINE('',#1319,#1320);
#1319 = CARTESIAN_POINT('',(-1.2,-0.76,4.E-02));
#1320 = VECTOR('',#1321,1.);
#1321 = DIRECTION('',(0.,1.,0.));
#1322 = PLANE('',#1323);
#1323 = AXIS2_PLACEMENT_3D('',#1324,#1325,#1326);
#1324 = CARTESIAN_POINT('',(-1.2,-0.8,0.));
#1325 = DIRECTION('',(1.,0.,0.));
#1326 = DIRECTION('',(0.,0.,1.));
#1327 = ADVANCED_FACE('',(#1328),#1354,.T.);
#1328 = FACE_BOUND('',#1329,.T.);
#1329 = EDGE_LOOP('',(#1330,#1331,#1339,#1348));
#1330 = ORIENTED_EDGE('',*,*,#1255,.T.);
#1331 = ORIENTED_EDGE('',*,*,#1332,.T.);
#1332 = EDGE_CURVE('',#1258,#1333,#1335,.T.);
#1333 = VERTEX_POINT('',#1334);
#1334 = CARTESIAN_POINT('',(1.2,-0.72,4.E-02));
#1335 = LINE('',#1336,#1337);
#1336 = CARTESIAN_POINT('',(-1.2,-0.72,4.E-02));
#1337 = VECTOR('',#1338,1.);
#1338 = DIRECTION('',(1.,0.,0.));
#1339 = ORIENTED_EDGE('',*,*,#1340,.F.);
#1340 = EDGE_CURVE('',#1341,#1333,#1343,.T.);
#1341 = VERTEX_POINT('',#1342);
#1342 = CARTESIAN_POINT('',(1.2,-0.76,8.E-02));
#1343 = CIRCLE('',#1344,4.E-02);
#1344 = AXIS2_PLACEMENT_3D('',#1345,#1346,#1347);
#1345 = CARTESIAN_POINT('',(1.2,-0.72,8.E-02));
#1346 = DIRECTION('',(1.,0.,-0.));
#1347 = DIRECTION('',(0.,0.,1.));
#1348 = ORIENTED_EDGE('',*,*,#1349,.F.);
#1349 = EDGE_CURVE('',#1256,#1341,#1350,.T.);
#1350 = LINE('',#1351,#1352);
#1351 = CARTESIAN_POINT('',(-1.2,-0.76,8.E-02));
#1352 = VECTOR('',#1353,1.);
#1353 = DIRECTION('',(1.,0.,0.));
#1354 = CYLINDRICAL_SURFACE('',#1355,4.E-02);
#1355 = AXIS2_PLACEMENT_3D('',#1356,#1357,#1358);
#1356 = CARTESIAN_POINT('',(-1.2,-0.72,8.E-02));
#1357 = DIRECTION('',(1.,0.,0.));
#1358 = DIRECTION('',(0.,-1.,0.));
#1359 = ADVANCED_FACE('',(#1360),#1378,.F.);
#1360 = FACE_BOUND('',#1361,.F.);
#1361 = EDGE_LOOP('',(#1362,#1363,#1364,#1372));
#1362 = ORIENTED_EDGE('',*,*,#1317,.F.);
#1363 = ORIENTED_EDGE('',*,*,#1332,.T.);
#1364 = ORIENTED_EDGE('',*,*,#1365,.T.);
#1365 = EDGE_CURVE('',#1333,#1366,#1368,.T.);
#1366 = VERTEX_POINT('',#1367);
#1367 = CARTESIAN_POINT('',(1.2,0.72,4.E-02));
#1368 = LINE('',#1369,#1370);
#1369 = CARTESIAN_POINT('',(1.2,-0.76,4.E-02));
#1370 = VECTOR('',#1371,1.);
#1371 = DIRECTION('',(0.,1.,0.));
#1372 = ORIENTED_EDGE('',*,*,#1373,.F.);
#1373 = EDGE_CURVE('',#1309,#1366,#1374,.T.);
#1374 = LINE('',#1375,#1376);
#1375 = CARTESIAN_POINT('',(-1.2,0.72,4.E-02));
#1376 = VECTOR('',#1377,1.);
#1377 = DIRECTION('',(1.,0.,0.));
#1378 = PLANE('',#1379);
#1379 = AXIS2_PLACEMENT_3D('',#1380,#1381,#1382);
#1380 = CARTESIAN_POINT('',(-1.2,-0.76,4.E-02));
#1381 = DIRECTION('',(0.,0.,1.));
#1382 = DIRECTION('',(1.,0.,-0.));
#1383 = ADVANCED_FACE('',(#1384),#1403,.T.);
#1384 = FACE_BOUND('',#1385,.T.);
#1385 = EDGE_LOOP('',(#1386,#1394,#1401,#1402));
#1386 = ORIENTED_EDGE('',*,*,#1387,.T.);
#1387 = EDGE_CURVE('',#1301,#1388,#1390,.T.);
#1388 = VERTEX_POINT('',#1389);
#1389 = CARTESIAN_POINT('',(1.2,0.76,8.E-02));
#1390 = LINE('',#1391,#1392);
#1391 = CARTESIAN_POINT('',(-1.2,0.76,8.E-02));
#1392 = VECTOR('',#1393,1.);
#1393 = DIRECTION('',(1.,0.,0.));
#1394 = ORIENTED_EDGE('',*,*,#1395,.T.);
#1395 = EDGE_CURVE('',#1388,#1366,#1396,.T.);
#1396 = CIRCLE('',#1397,4.E-02);
#1397 = AXIS2_PLACEMENT_3D('',#1398,#1399,#1400);
#1398 = CARTESIAN_POINT('',(1.2,0.72,8.E-02));
#1399 = DIRECTION('',(-1.,0.,0.));
#1400 = DIRECTION('',(0.,0.,1.));
#1401 = ORIENTED_EDGE('',*,*,#1373,.F.);
#1402 = ORIENTED_EDGE('',*,*,#1308,.F.);
#1403 = CYLINDRICAL_SURFACE('',#1404,4.E-02);
#1404 = AXIS2_PLACEMENT_3D('',#1405,#1406,#1407);
#1405 = CARTESIAN_POINT('',(-1.2,0.72,8.E-02));
#1406 = DIRECTION('',(1.,0.,0.));
#1407 = DIRECTION('',(-0.,1.,0.));
#1408 = ADVANCED_FACE('',(#1409),#1427,.T.);
#1409 = FACE_BOUND('',#1410,.T.);
#1410 = EDGE_LOOP('',(#1411,#1419,#1420,#1421));
#1411 = ORIENTED_EDGE('',*,*,#1412,.F.);
#1412 = EDGE_CURVE('',#1388,#1413,#1415,.T.);
#1413 = VERTEX_POINT('',#1414);
#1414 = CARTESIAN_POINT('',(1.2,0.76,1.52));
#1415 = LINE('',#1416,#1417);
#1416 = CARTESIAN_POINT('',(1.2,0.76,4.E-02));
#1417 = VECTOR('',#1418,1.);
#1418 = DIRECTION('',(0.,0.,1.));
#1419 = ORIENTED_EDGE('',*,*,#1387,.F.);
#1420 = ORIENTED_EDGE('',*,*,#1300,.T.);
#1421 = ORIENTED_EDGE('',*,*,#1422,.T.);
#1422 = EDGE_CURVE('',#1292,#1413,#1423,.T.);
#1423 = LINE('',#1424,#1425);
#1424 = CARTESIAN_POINT('',(-1.2,0.76,1.52));
#1425 = VECTOR('',#1426,1.);
#1426 = DIRECTION('',(1.,0.,0.));
#1427 = PLANE('',#1428);
#1428 = AXIS2_PLACEMENT_3D('',#1429,#1430,#1431);
#1429 = CARTESIAN_POINT('',(-1.2,0.76,4.E-02));
#1430 = DIRECTION('',(0.,1.,0.));
#1431 = DIRECTION('',(0.,-0.,1.));
#1432 = ADVANCED_FACE('',(#1433),#1452,.T.);
#1433 = FACE_BOUND('',#1434,.T.);
#1434 = EDGE_LOOP('',(#1435,#1436,#1444,#1451));
#1435 = ORIENTED_EDGE('',*,*,#1291,.T.);
#1436 = ORIENTED_EDGE('',*,*,#1437,.T.);
#1437 = EDGE_CURVE('',#1284,#1438,#1440,.T.);
#1438 = VERTEX_POINT('',#1439);
#1439 = CARTESIAN_POINT('',(1.2,0.72,1.56));
#1440 = LINE('',#1441,#1442);
#1441 = CARTESIAN_POINT('',(-1.2,0.72,1.56));
#1442 = VECTOR('',#1443,1.);
#1443 = DIRECTION('',(1.,0.,0.));
#1444 = ORIENTED_EDGE('',*,*,#1445,.F.);
#1445 = EDGE_CURVE('',#1413,#1438,#1446,.T.);
#1446 = CIRCLE('',#1447,4.E-02);
#1447 = AXIS2_PLACEMENT_3D('',#1448,#1449,#1450);
#1448 = CARTESIAN_POINT('',(1.2,0.72,1.52));
#1449 = DIRECTION('',(1.,0.,-0.));
#1450 = DIRECTION('',(0.,0.,1.));
#1451 = ORIENTED_EDGE('',*,*,#1422,.F.);
#1452 = CYLINDRICAL_SURFACE('',#1453,4.E-02);
#1453 = AXIS2_PLACEMENT_3D('',#1454,#1455,#1456);
#1454 = CARTESIAN_POINT('',(-1.2,0.72,1.52));
#1455 = DIRECTION('',(1.,0.,0.));
#1456 = DIRECTION('',(-0.,1.,0.));
#1457 = ADVANCED_FACE('',(#1458),#1476,.T.);
#1458 = FACE_BOUND('',#1459,.T.);
#1459 = EDGE_LOOP('',(#1460,#1461,#1469,#1475));
#1460 = ORIENTED_EDGE('',*,*,#1283,.F.);
#1461 = ORIENTED_EDGE('',*,*,#1462,.T.);
#1462 = EDGE_CURVE('',#1275,#1463,#1465,.T.);
#1463 = VERTEX_POINT('',#1464);
#1464 = CARTESIAN_POINT('',(1.2,-0.72,1.56));
#1465 = LINE('',#1466,#1467);
#1466 = CARTESIAN_POINT('',(-1.2,-0.72,1.56));
#1467 = VECTOR('',#1468,1.);
#1468 = DIRECTION('',(1.,0.,0.));
#1469 = ORIENTED_EDGE('',*,*,#1470,.T.);
#1470 = EDGE_CURVE('',#1463,#1438,#1471,.T.);
#1471 = LINE('',#1472,#1473);
#1472 = CARTESIAN_POINT('',(1.2,-0.76,1.56));
#1473 = VECTOR('',#1474,1.);
#1474 = DIRECTION('',(0.,1.,0.));
#1475 = ORIENTED_EDGE('',*,*,#1437,.F.);
#1476 = PLANE('',#1477);
#1477 = AXIS2_PLACEMENT_3D('',#1478,#1479,#1480);
#1478 = CARTESIAN_POINT('',(-1.2,-0.76,1.56));
#1479 = DIRECTION('',(0.,0.,1.));
#1480 = DIRECTION('',(1.,0.,-0.));
#1481 = ADVANCED_FACE('',(#1482),#1501,.T.);
#1482 = FACE_BOUND('',#1483,.T.);
#1483 = EDGE_LOOP('',(#1484,#1492,#1499,#1500));
#1484 = ORIENTED_EDGE('',*,*,#1485,.T.);
#1485 = EDGE_CURVE('',#1267,#1486,#1488,.T.);
#1486 = VERTEX_POINT('',#1487);
#1487 = CARTESIAN_POINT('',(1.2,-0.76,1.52));
#1488 = LINE('',#1489,#1490);
#1489 = CARTESIAN_POINT('',(-1.2,-0.76,1.52));
#1490 = VECTOR('',#1491,1.);
#1491 = DIRECTION('',(1.,0.,0.));
#1492 = ORIENTED_EDGE('',*,*,#1493,.T.);
#1493 = EDGE_CURVE('',#1486,#1463,#1494,.T.);
#1494 = CIRCLE('',#1495,4.E-02);
#1495 = AXIS2_PLACEMENT_3D('',#1496,#1497,#1498);
#1496 = CARTESIAN_POINT('',(1.2,-0.72,1.52));
#1497 = DIRECTION('',(-1.,0.,0.));
#1498 = DIRECTION('',(0.,0.,1.));
#1499 = ORIENTED_EDGE('',*,*,#1462,.F.);
#1500 = ORIENTED_EDGE('',*,*,#1274,.F.);
#1501 = CYLINDRICAL_SURFACE('',#1502,4.E-02);
#1502 = AXIS2_PLACEMENT_3D('',#1503,#1504,#1505);
#1503 = CARTESIAN_POINT('',(-1.2,-0.72,1.52));
#1504 = DIRECTION('',(1.,0.,0.));
#1505 = DIRECTION('',(0.,-1.,0.));
#1506 = ADVANCED_FACE('',(#1507),#1518,.F.);
#1507 = FACE_BOUND('',#1508,.F.);
#1508 = EDGE_LOOP('',(#1509,#1515,#1516,#1517));
#1509 = ORIENTED_EDGE('',*,*,#1510,.F.);
#1510 = EDGE_CURVE('',#1341,#1486,#1511,.T.);
#1511 = LINE('',#1512,#1513);
#1512 = CARTESIAN_POINT('',(1.2,-0.76,4.E-02));
#1513 = VECTOR('',#1514,1.);
#1514 = DIRECTION('',(0.,0.,1.));
#1515 = ORIENTED_EDGE('',*,*,#1349,.F.);
#1516 = ORIENTED_EDGE('',*,*,#1266,.T.);
#1517 = ORIENTED_EDGE('',*,*,#1485,.T.);
#1518 = PLANE('',#1519);
#1519 = AXIS2_PLACEMENT_3D('',#1520,#1521,#1522);
#1520 = CARTESIAN_POINT('',(-1.2,-0.76,4.E-02));
#1521 = DIRECTION('',(0.,1.,0.));
#1522 = DIRECTION('',(0.,-0.,1.));
#1523 = ADVANCED_FACE('',(#1524,#1594),#1604,.F.);
#1524 = FACE_BOUND('',#1525,.F.);
#1525 = EDGE_LOOP('',(#1526,#1536,#1545,#1553,#1562,#1570,#1579,#1587));
#1526 = ORIENTED_EDGE('',*,*,#1527,.F.);
#1527 = EDGE_CURVE('',#1528,#1530,#1532,.T.);
#1528 = VERTEX_POINT('',#1529);
#1529 = CARTESIAN_POINT('',(1.2,-0.8,4.E-02));
#1530 = VERTEX_POINT('',#1531);
#1531 = CARTESIAN_POINT('',(1.2,-0.8,1.56));
#1532 = LINE('',#1533,#1534);
#1533 = CARTESIAN_POINT('',(1.2,-0.8,0.));
#1534 = VECTOR('',#1535,1.);
#1535 = DIRECTION('',(0.,0.,1.));
#1536 = ORIENTED_EDGE('',*,*,#1537,.T.);
#1537 = EDGE_CURVE('',#1528,#1538,#1540,.T.);
#1538 = VERTEX_POINT('',#1539);
#1539 = CARTESIAN_POINT('',(1.2,-0.76,0.));
#1540 = CIRCLE('',#1541,4.E-02);
#1541 = AXIS2_PLACEMENT_3D('',#1542,#1543,#1544);
#1542 = CARTESIAN_POINT('',(1.2,-0.76,4.E-02));
#1543 = DIRECTION('',(1.,0.,-0.));
#1544 = DIRECTION('',(0.,0.,1.));
#1545 = ORIENTED_EDGE('',*,*,#1546,.T.);
#1546 = EDGE_CURVE('',#1538,#1547,#1549,.T.);
#1547 = VERTEX_POINT('',#1548);
#1548 = CARTESIAN_POINT('',(1.2,0.76,0.));
#1549 = LINE('',#1550,#1551);
#1550 = CARTESIAN_POINT('',(1.2,-0.8,0.));
#1551 = VECTOR('',#1552,1.);
#1552 = DIRECTION('',(0.,1.,0.));
#1553 = ORIENTED_EDGE('',*,*,#1554,.F.);
#1554 = EDGE_CURVE('',#1555,#1547,#1557,.T.);
#1555 = VERTEX_POINT('',#1556);
#1556 = CARTESIAN_POINT('',(1.2,0.8,4.E-02));
#1557 = CIRCLE('',#1558,4.E-02);
#1558 = AXIS2_PLACEMENT_3D('',#1559,#1560,#1561);
#1559 = CARTESIAN_POINT('',(1.2,0.76,4.E-02));
#1560 = DIRECTION('',(-1.,0.,0.));
#1561 = DIRECTION('',(0.,0.,1.));
#1562 = ORIENTED_EDGE('',*,*,#1563,.T.);
#1563 = EDGE_CURVE('',#1555,#1564,#1566,.T.);
#1564 = VERTEX_POINT('',#1565);
#1565 = CARTESIAN_POINT('',(1.2,0.8,1.56));
#1566 = LINE('',#1567,#1568);
#1567 = CARTESIAN_POINT('',(1.2,0.8,0.));
#1568 = VECTOR('',#1569,1.);
#1569 = DIRECTION('',(0.,0.,1.));
#1570 = ORIENTED_EDGE('',*,*,#1571,.T.);
#1571 = EDGE_CURVE('',#1564,#1572,#1574,.T.);
#1572 = VERTEX_POINT('',#1573);
#1573 = CARTESIAN_POINT('',(1.2,0.76,1.6));
#1574 = CIRCLE('',#1575,4.E-02);
#1575 = AXIS2_PLACEMENT_3D('',#1576,#1577,#1578);
#1576 = CARTESIAN_POINT('',(1.2,0.76,1.56));
#1577 = DIRECTION('',(1.,0.,-0.));
#1578 = DIRECTION('',(0.,0.,1.));
#1579 = ORIENTED_EDGE('',*,*,#1580,.F.);
#1580 = EDGE_CURVE('',#1581,#1572,#1583,.T.);
#1581 = VERTEX_POINT('',#1582);
#1582 = CARTESIAN_POINT('',(1.2,-0.76,1.6));
#1583 = LINE('',#1584,#1585);
#1584 = CARTESIAN_POINT('',(1.2,-0.8,1.6));
#1585 = VECTOR('',#1586,1.);
#1586 = DIRECTION('',(0.,1.,0.));
#1587 = ORIENTED_EDGE('',*,*,#1588,.F.);
#1588 = EDGE_CURVE('',#1530,#1581,#1589,.T.);
#1589 = CIRCLE('',#1590,4.E-02);
#1590 = AXIS2_PLACEMENT_3D('',#1591,#1592,#1593);
#1591 = CARTESIAN_POINT('',(1.2,-0.76,1.56));
#1592 = DIRECTION('',(-1.,0.,0.));
#1593 = DIRECTION('',(0.,0.,1.));
#1594 = FACE_BOUND('',#1595,.F.);
#1595 = EDGE_LOOP('',(#1596,#1597,#1598,#1599,#1600,#1601,#1602,#1603));
#1596 = ORIENTED_EDGE('',*,*,#1340,.F.);
#1597 = ORIENTED_EDGE('',*,*,#1510,.T.);
#1598 = ORIENTED_EDGE('',*,*,#1493,.T.);
#1599 = ORIENTED_EDGE('',*,*,#1470,.T.);
#1600 = ORIENTED_EDGE('',*,*,#1445,.F.);
#1601 = ORIENTED_EDGE('',*,*,#1412,.F.);
#1602 = ORIENTED_EDGE('',*,*,#1395,.T.);
#1603 = ORIENTED_EDGE('',*,*,#1365,.F.);
#1604 = PLANE('',#1605);
#1605 = AXIS2_PLACEMENT_3D('',#1606,#1607,#1608);
#1606 = CARTESIAN_POINT('',(1.2,-0.8,0.));
#1607 = DIRECTION('',(1.,0.,0.));
#1608 = DIRECTION('',(0.,0.,1.));
#1609 = ADVANCED_FACE('',(#1610),#1635,.F.);
#1610 = FACE_BOUND('',#1611,.F.);
#1611 = EDGE_LOOP('',(#1612,#1622,#1628,#1629));
#1612 = ORIENTED_EDGE('',*,*,#1613,.F.);
#1613 = EDGE_CURVE('',#1614,#1616,#1618,.T.);
#1614 = VERTEX_POINT('',#1615);
#1615 = CARTESIAN_POINT('',(1.6,-0.8,4.E-02));
#1616 = VERTEX_POINT('',#1617);
#1617 = CARTESIAN_POINT('',(1.6,-0.8,1.56));
#1618 = LINE('',#1619,#1620);
#1619 = CARTESIAN_POINT('',(1.6,-0.8,0.));
#1620 = VECTOR('',#1621,1.);
#1621 = DIRECTION('',(0.,0.,1.));
#1622 = ORIENTED_EDGE('',*,*,#1623,.F.);
#1623 = EDGE_CURVE('',#1528,#1614,#1624,.T.);
#1624 = LINE('',#1625,#1626);
#1625 = CARTESIAN_POINT('',(1.2,-0.8,4.E-02));
#1626 = VECTOR('',#1627,1.);
#1627 = DIRECTION('',(1.,0.,0.));
#1628 = ORIENTED_EDGE('',*,*,#1527,.T.);
#1629 = ORIENTED_EDGE('',*,*,#1630,.T.);
#1630 = EDGE_CURVE('',#1530,#1616,#1631,.T.);
#1631 = LINE('',#1632,#1633);
#1632 = CARTESIAN_POINT('',(1.2,-0.8,1.56));
#1633 = VECTOR('',#1634,1.);
#1634 = DIRECTION('',(1.,0.,0.));
#1635 = PLANE('',#1636);
#1636 = AXIS2_PLACEMENT_3D('',#1637,#1638,#1639);
#1637 = CARTESIAN_POINT('',(1.2,-0.8,0.));
#1638 = DIRECTION('',(0.,1.,0.));
#1639 = DIRECTION('',(0.,-0.,1.));
#1640 = ADVANCED_FACE('',(#1641),#1660,.T.);
#1641 = FACE_BOUND('',#1642,.T.);
#1642 = EDGE_LOOP('',(#1643,#1644,#1652,#1659));
#1643 = ORIENTED_EDGE('',*,*,#1537,.T.);
#1644 = ORIENTED_EDGE('',*,*,#1645,.T.);
#1645 = EDGE_CURVE('',#1538,#1646,#1648,.T.);
#1646 = VERTEX_POINT('',#1647);
#1647 = CARTESIAN_POINT('',(1.6,-0.76,0.));
#1648 = LINE('',#1649,#1650);
#1649 = CARTESIAN_POINT('',(1.2,-0.76,0.));
#1650 = VECTOR('',#1651,1.);
#1651 = DIRECTION('',(1.,0.,0.));
#1652 = ORIENTED_EDGE('',*,*,#1653,.F.);
#1653 = EDGE_CURVE('',#1614,#1646,#1654,.T.);
#1654 = CIRCLE('',#1655,4.E-02);
#1655 = AXIS2_PLACEMENT_3D('',#1656,#1657,#1658);
#1656 = CARTESIAN_POINT('',(1.6,-0.76,4.E-02));
#1657 = DIRECTION('',(1.,0.,-0.));
#1658 = DIRECTION('',(0.,0.,1.));
#1659 = ORIENTED_EDGE('',*,*,#1623,.F.);
#1660 = CYLINDRICAL_SURFACE('',#1661,4.E-02);
#1661 = AXIS2_PLACEMENT_3D('',#1662,#1663,#1664);
#1662 = CARTESIAN_POINT('',(1.2,-0.76,4.E-02));
#1663 = DIRECTION('',(1.,0.,0.));
#1664 = DIRECTION('',(0.,-1.,0.));
#1665 = ADVANCED_FACE('',(#1666),#1685,.T.);
#1666 = FACE_BOUND('',#1667,.T.);
#1667 = EDGE_LOOP('',(#1668,#1669,#1678,#1684));
#1668 = ORIENTED_EDGE('',*,*,#1630,.T.);
#1669 = ORIENTED_EDGE('',*,*,#1670,.T.);
#1670 = EDGE_CURVE('',#1616,#1671,#1673,.T.);
#1671 = VERTEX_POINT('',#1672);
#1672 = CARTESIAN_POINT('',(1.6,-0.76,1.6));
#1673 = CIRCLE('',#1674,4.E-02);
#1674 = AXIS2_PLACEMENT_3D('',#1675,#1676,#1677);
#1675 = CARTESIAN_POINT('',(1.6,-0.76,1.56));
#1676 = DIRECTION('',(-1.,0.,0.));
#1677 = DIRECTION('',(0.,0.,1.));
#1678 = ORIENTED_EDGE('',*,*,#1679,.F.);
#1679 = EDGE_CURVE('',#1581,#1671,#1680,.T.);
#1680 = LINE('',#1681,#1682);
#1681 = CARTESIAN_POINT('',(1.2,-0.76,1.6));
#1682 = VECTOR('',#1683,1.);
#1683 = DIRECTION('',(1.,0.,0.));
#1684 = ORIENTED_EDGE('',*,*,#1588,.F.);
#1685 = CYLINDRICAL_SURFACE('',#1686,4.E-02);
#1686 = AXIS2_PLACEMENT_3D('',#1687,#1688,#1689);
#1687 = CARTESIAN_POINT('',(1.2,-0.76,1.56));
#1688 = DIRECTION('',(1.,0.,0.));
#1689 = DIRECTION('',(0.,-1.,0.));
#1690 = ADVANCED_FACE('',(#1691),#1709,.F.);
#1691 = FACE_BOUND('',#1692,.F.);
#1692 = EDGE_LOOP('',(#1693,#1694,#1695,#1703));
#1693 = ORIENTED_EDGE('',*,*,#1546,.F.);
#1694 = ORIENTED_EDGE('',*,*,#1645,.T.);
#1695 = ORIENTED_EDGE('',*,*,#1696,.T.);
#1696 = EDGE_CURVE('',#1646,#1697,#1699,.T.);
#1697 = VERTEX_POINT('',#1698);
#1698 = CARTESIAN_POINT('',(1.6,0.76,0.));
#1699 = LINE('',#1700,#1701);
#1700 = CARTESIAN_POINT('',(1.6,-0.8,0.));
#1701 = VECTOR('',#1702,1.);
#1702 = DIRECTION('',(0.,1.,0.));
#1703 = ORIENTED_EDGE('',*,*,#1704,.F.);
#1704 = EDGE_CURVE('',#1547,#1697,#1705,.T.);
#1705 = LINE('',#1706,#1707);
#1706 = CARTESIAN_POINT('',(1.2,0.76,0.));
#1707 = VECTOR('',#1708,1.);
#1708 = DIRECTION('',(1.,0.,0.));
#1709 = PLANE('',#1710);
#1710 = AXIS2_PLACEMENT_3D('',#1711,#1712,#1713);
#1711 = CARTESIAN_POINT('',(1.2,-0.8,0.));
#1712 = DIRECTION('',(0.,0.,1.));
#1713 = DIRECTION('',(1.,0.,-0.));
#1714 = ADVANCED_FACE('',(#1715),#1733,.T.);
#1715 = FACE_BOUND('',#1716,.T.);
#1716 = EDGE_LOOP('',(#1717,#1718,#1719,#1727));
#1717 = ORIENTED_EDGE('',*,*,#1580,.F.);
#1718 = ORIENTED_EDGE('',*,*,#1679,.T.);
#1719 = ORIENTED_EDGE('',*,*,#1720,.T.);
#1720 = EDGE_CURVE('',#1671,#1721,#1723,.T.);
#1721 = VERTEX_POINT('',#1722);
#1722 = CARTESIAN_POINT('',(1.6,0.76,1.6));
#1723 = LINE('',#1724,#1725);
#1724 = CARTESIAN_POINT('',(1.6,-0.8,1.6));
#1725 = VECTOR('',#1726,1.);
#1726 = DIRECTION('',(0.,1.,0.));
#1727 = ORIENTED_EDGE('',*,*,#1728,.F.);
#1728 = EDGE_CURVE('',#1572,#1721,#1729,.T.);
#1729 = LINE('',#1730,#1731);
#1730 = CARTESIAN_POINT('',(1.2,0.76,1.6));
#1731 = VECTOR('',#1732,1.);
#1732 = DIRECTION('',(1.,0.,0.));
#1733 = PLANE('',#1734);
#1734 = AXIS2_PLACEMENT_3D('',#1735,#1736,#1737);
#1735 = CARTESIAN_POINT('',(1.2,-0.8,1.6));
#1736 = DIRECTION('',(0.,0.,1.));
#1737 = DIRECTION('',(1.,0.,-0.));
#1738 = ADVANCED_FACE('',(#1739),#1758,.T.);
#1739 = FACE_BOUND('',#1740,.T.);
#1740 = EDGE_LOOP('',(#1741,#1749,#1756,#1757));
#1741 = ORIENTED_EDGE('',*,*,#1742,.T.);
#1742 = EDGE_CURVE('',#1555,#1743,#1745,.T.);
#1743 = VERTEX_POINT('',#1744);
#1744 = CARTESIAN_POINT('',(1.6,0.8,4.E-02));
#1745 = LINE('',#1746,#1747);
#1746 = CARTESIAN_POINT('',(1.2,0.8,4.E-02));
#1747 = VECTOR('',#1748,1.);
#1748 = DIRECTION('',(1.,0.,0.));
#1749 = ORIENTED_EDGE('',*,*,#1750,.T.);
#1750 = EDGE_CURVE('',#1743,#1697,#1751,.T.);
#1751 = CIRCLE('',#1752,4.E-02);
#1752 = AXIS2_PLACEMENT_3D('',#1753,#1754,#1755);
#1753 = CARTESIAN_POINT('',(1.6,0.76,4.E-02));
#1754 = DIRECTION('',(-1.,0.,0.));
#1755 = DIRECTION('',(0.,0.,1.));
#1756 = ORIENTED_EDGE('',*,*,#1704,.F.);
#1757 = ORIENTED_EDGE('',*,*,#1554,.F.);
#1758 = CYLINDRICAL_SURFACE('',#1759,4.E-02);
#1759 = AXIS2_PLACEMENT_3D('',#1760,#1761,#1762);
#1760 = CARTESIAN_POINT('',(1.2,0.76,4.E-02));
#1761 = DIRECTION('',(1.,0.,0.));
#1762 = DIRECTION('',(-0.,1.,0.));
#1763 = ADVANCED_FACE('',(#1764),#1783,.T.);
#1764 = FACE_BOUND('',#1765,.T.);
#1765 = EDGE_LOOP('',(#1766,#1767,#1768,#1777));
#1766 = ORIENTED_EDGE('',*,*,#1571,.T.);
#1767 = ORIENTED_EDGE('',*,*,#1728,.T.);
#1768 = ORIENTED_EDGE('',*,*,#1769,.F.);
#1769 = EDGE_CURVE('',#1770,#1721,#1772,.T.);
#1770 = VERTEX_POINT('',#1771);
#1771 = CARTESIAN_POINT('',(1.6,0.8,1.56));
#1772 = CIRCLE('',#1773,4.E-02);
#1773 = AXIS2_PLACEMENT_3D('',#1774,#1775,#1776);
#1774 = CARTESIAN_POINT('',(1.6,0.76,1.56));
#1775 = DIRECTION('',(1.,0.,-0.));
#1776 = DIRECTION('',(0.,0.,1.));
#1777 = ORIENTED_EDGE('',*,*,#1778,.F.);
#1778 = EDGE_CURVE('',#1564,#1770,#1779,.T.);
#1779 = LINE('',#1780,#1781);
#1780 = CARTESIAN_POINT('',(1.2,0.8,1.56));
#1781 = VECTOR('',#1782,1.);
#1782 = DIRECTION('',(1.,0.,0.));
#1783 = CYLINDRICAL_SURFACE('',#1784,4.E-02);
#1784 = AXIS2_PLACEMENT_3D('',#1785,#1786,#1787);
#1785 = CARTESIAN_POINT('',(1.2,0.76,1.56));
#1786 = DIRECTION('',(1.,0.,0.));
#1787 = DIRECTION('',(-0.,1.,0.));
#1788 = ADVANCED_FACE('',(#1789),#1800,.T.);
#1789 = FACE_BOUND('',#1790,.T.);
#1790 = EDGE_LOOP('',(#1791,#1797,#1798,#1799));
#1791 = ORIENTED_EDGE('',*,*,#1792,.F.);
#1792 = EDGE_CURVE('',#1743,#1770,#1793,.T.);
#1793 = LINE('',#1794,#1795);
#1794 = CARTESIAN_POINT('',(1.6,0.8,0.));
#1795 = VECTOR('',#1796,1.);
#1796 = DIRECTION('',(0.,0.,1.));
#1797 = ORIENTED_EDGE('',*,*,#1742,.F.);
#1798 = ORIENTED_EDGE('',*,*,#1563,.T.);
#1799 = ORIENTED_EDGE('',*,*,#1778,.T.);
#1800 = PLANE('',#1801);
#1801 = AXIS2_PLACEMENT_3D('',#1802,#1803,#1804);
#1802 = CARTESIAN_POINT('',(1.2,0.8,0.));
#1803 = DIRECTION('',(0.,1.,0.));
#1804 = DIRECTION('',(0.,-0.,1.));
#1805 = ADVANCED_FACE('',(#1806),#1816,.T.);
#1806 = FACE_BOUND('',#1807,.T.);
#1807 = EDGE_LOOP('',(#1808,#1809,#1810,#1811,#1812,#1813,#1814,#1815));
#1808 = ORIENTED_EDGE('',*,*,#1613,.F.);
#1809 = ORIENTED_EDGE('',*,*,#1653,.T.);
#1810 = ORIENTED_EDGE('',*,*,#1696,.T.);
#1811 = ORIENTED_EDGE('',*,*,#1750,.F.);
#1812 = ORIENTED_EDGE('',*,*,#1792,.T.);
#1813 = ORIENTED_EDGE('',*,*,#1769,.T.);
#1814 = ORIENTED_EDGE('',*,*,#1720,.F.);
#1815 = ORIENTED_EDGE('',*,*,#1670,.F.);
#1816 = PLANE('',#1817);
#1817 = AXIS2_PLACEMENT_3D('',#1818,#1819,#1820);
#1818 = CARTESIAN_POINT('',(1.6,-0.8,0.));
#1819 = DIRECTION('',(1.,0.,0.));
#1820 = DIRECTION('',(0.,0.,1.));
#1821 = ( GEOMETRIC_REPRESENTATION_CONTEXT(3) 
GLOBAL_UNCERTAINTY_ASSIGNED_CONTEXT((#1825)) 
GLOBAL_UNIT_ASSIGNED_CONTEXT((#1822,#1823,#1824)) REPRESENTATION_CONTEXT
('Context #1','3D Context with UNIT and UNCERTAINTY') );
#1822 = ( LENGTH_UNIT() NAMED_UNIT(*) SI_UNIT(.MILLI.,.METRE.) );
#1823 = ( NAMED_UNIT(*) PLANE_ANGLE_UNIT() SI_UNIT($,.RADIAN.) );
#1824 = ( NAMED_UNIT(*) SI_UNIT($,.STERADIAN.) SOLID_ANGLE_UNIT() );
#1825 = UNCERTAINTY_MEASURE_WITH_UNIT(LENGTH_MEASURE(1.E-07),#1822,
  'distance_accuracy_value','confusion accuracy');
#1826 = CONTEXT_DEPENDENT_SHAPE_REPRESENTATION(#1827,#1829);
#1827 = ( REPRESENTATION_RELATIONSHIP('','',#966,#943) 
REPRESENTATION_RELATIONSHIP_WITH_TRANSFORMATION(#1828) 
SHAPE_REPRESENTATION_RELATIONSHIP() );
#1828 = ITEM_DEFINED_TRANSFORMATION('','',#11,#944);
#1829 = PRODUCT_DEFINITION_SHAPE('Placement','Placement of an item',
  #1830);
#1830 = NEXT_ASSEMBLY_USAGE_OCCURRENCE('6','=>[0:1:1:5]','',#938,#961,$
  );
#1831 = PRODUCT_RELATED_PRODUCT_CATEGORY('part',$,(#963));
#1832 = CONTEXT_DEPENDENT_SHAPE_REPRESENTATION(#1833,#1835);
#1833 = ( REPRESENTATION_RELATIONSHIP('','',#96,#10) 
REPRESENTATION_RELATIONSHIP_WITH_TRANSFORMATION(#1834) 
SHAPE_REPRESENTATION_RELATIONSHIP() );
#1834 = ITEM_DEFINED_TRANSFORMATION('','',#11,#35);
#1835 = PRODUCT_DEFINITION_SHAPE('Placement','Placement of an item',
  #1836);
#1836 = NEXT_ASSEMBLY_USAGE_OCCURRENCE('8','R8','',#5,#91,$);
#1837 = CONTEXT_DEPENDENT_SHAPE_REPRESENTATION(#1838,#1840);
#1838 = ( REPRESENTATION_RELATIONSHIP('','',#96,#10) 
REPRESENTATION_RELATIONSHIP_WITH_TRANSFORMATION(#1839) 
SHAPE_REPRESENTATION_RELATIONSHIP() );
#1839 = ITEM_DEFINED_TRANSFORMATION('','',#11,#39);
#1840 = PRODUCT_DEFINITION_SHAPE('Placement','Placement of an item',
  #1841);
#1841 = NEXT_ASSEMBLY_USAGE_OCCURRENCE('9','R2','',#5,#91,$);
#1842 = SHAPE_DEFINITION_REPRESENTATION(#1843,#1849);
#1843 = PRODUCT_DEFINITION_SHAPE('','',#1844);
#1844 = PRODUCT_DEFINITION('design','',#1845,#1848);
#1845 = PRODUCT_DEFINITION_FORMATION('','',#1846);
#1846 = PRODUCT('SOIC-8_3.9x4.9mm_P1.27mm','SOIC-8_3.9x4.9mm_P1.27mm',''
  ,(#1847));
#1847 = PRODUCT_CONTEXT('',#2,'mechanical');
#1848 = PRODUCT_DEFINITION_CONTEXT('part definition',#2,'design');
#1849 = SHAPE_REPRESENTATION('',(#11,#1850),#1854);
#1850 = AXIS2_PLACEMENT_3D('',#1851,#1852,#1853);
#1851 = CARTESIAN_POINT('',(0.,0.,0.));
#1852 = DIRECTION('',(0.,0.,1.));
#1853 = DIRECTION('',(1.,0.,-0.));
#1854 = ( GEOMETRIC_REPRESENTATION_CONTEXT(3) 
GLOBAL_UNCERTAINTY_ASSIGNED_CONTEXT((#1858)) 
GLOBAL_UNIT_ASSIGNED_CONTEXT((#1855,#1856,#1857)) REPRESENTATION_CONTEXT
('Context #1','3D Context with UNIT and UNCERTAINTY') );
#1855 = ( LENGTH_UNIT() NAMED_UNIT(*) SI_UNIT(.MILLI.,.METRE.) );
#1856 = ( NAMED_UNIT(*) PLANE_ANGLE_UNIT() SI_UNIT($,.RADIAN.) );
#1857 = ( NAMED_UNIT(*) SI_UNIT($,.STERADIAN.) SOLID_ANGLE_UNIT() );
#1858 = UNCERTAINTY_MEASURE_WITH_UNIT(LENGTH_MEASURE(2.E-06),#1855,
  'distance_accuracy_value','confusion accuracy');
#1859 = CONTEXT_DEPENDENT_SHAPE_REPRESENTATION(#1860,#1862);
#1860 = ( REPRESENTATION_RELATIONSHIP('','',#1849,#10) 
REPRESENTATION_RELATIONSHIP_WITH_TRANSFORMATION(#1861) 
SHAPE_REPRESENTATION_RELATIONSHIP() );
#1861 = ITEM_DEFINED_TRANSFORMATION('','',#11,#43);
#1862 = PRODUCT_DEFINITION_SHAPE('Placement','Placement of an item',
  #1863);
#1863 = NEXT_ASSEMBLY_USAGE_OCCURRENCE('11','U1','',#5,#1844,$);
#1864 = PRODUCT_RELATED_PRODUCT_CATEGORY('part',$,(#1846));
#1865 = SHAPE_DEFINITION_REPRESENTATION(#1866,#1872);
#1866 = PRODUCT_DEFINITION_SHAPE('','',#1867);
#1867 = PRODUCT_DEFINITION('design','',#1868,#1871);
#1868 = PRODUCT_DEFINITION_FORMATION('','',#1869);
#1869 = PRODUCT('SOIC_8_39x49mm_P127mm','SOIC_8_39x49mm_P127mm','',(
    #1870));
#1870 = PRODUCT_CONTEXT('',#2,'mechanical');
#1871 = PRODUCT_DEFINITION_CONTEXT('part definition',#2,'design');
#1872 = ADVANCED_BREP_SHAPE_REPRESENTATION('',(#11,#1873),#6480);
#1873 = MANIFOLD_SOLID_BREP('',#1874);
#1874 = CLOSED_SHELL('',(#1875,#1917,#1948,#1979,#2063,#2147,#2240,#2257
    ,#2280,#2318,#2335,#2352,#2369,#2386,#2403,#2415,#2439,#2502,#2525,
    #2548,#2578,#2609,#2640,#2671,#2702,#2733,#2756,#2779,#2865,#2882,
    #2974,#2997,#3020,#3043,#3130,#3147,#3170,#3262,#3283,#3375,#3392,
    #3484,#3506,#3531,#3615,#3707,#3724,#3746,#3769,#3792,#3815,#3882,
    #3905,#3924,#3943,#3962,#3979,#3996,#4013,#4030,#4047,#4064,#4081,
    #4093,#4116,#4139,#4163,#4193,#4224,#4255,#4286,#4317,#4348,#4379,
    #4410,#4427,#4443,#4460,#4477,#4494,#4511,#4528,#4545,#4562,#4574,
    #4591,#4608,#4625,#4642,#4659,#4676,#4693,#4705,#4728,#4744,#4767,
    #4854,#4877,#4894,#4919,#4935,#4951,#4968,#5060,#5152,#5173,#5198,
    #5282,#5374,#5391,#5413,#5505,#5597,#5619,#5644,#5728,#5820,#5837,
    #5859,#5871,#5890,#5909,#5928,#5947,#5956,#5973,#5990,#6007,#6024,
    #6041,#6058,#6075,#6087,#6104,#6121,#6138,#6155,#6172,#6189,#6206,
    #6218,#6235,#6252,#6269,#6286,#6303,#6320,#6337,#6349,#6366,#6383,
    #6400,#6417,#6434,#6451,#6468));
#1875 = ADVANCED_FACE('',(#1876),#1912,.F.);
#1876 = FACE_BOUND('',#1877,.F.);
#1877 = EDGE_LOOP('',(#1878,#1888,#1897,#1905));
#1878 = ORIENTED_EDGE('',*,*,#1879,.T.);
#1879 = EDGE_CURVE('',#1880,#1882,#1884,.T.);
#1880 = VERTEX_POINT('',#1881);
#1881 = CARTESIAN_POINT('',(2.25,2.11,0.825));
#1882 = VERTEX_POINT('',#1883);
#1883 = CARTESIAN_POINT('',(2.25,1.7,0.825));
#1884 = LINE('',#1885,#1886);
#1885 = CARTESIAN_POINT('',(2.25,2.11,0.825));
#1886 = VECTOR('',#1887,1.);
#1887 = DIRECTION('',(2.22044604925E-16,-1.,0.));
#1888 = ORIENTED_EDGE('',*,*,#1889,.T.);
#1889 = EDGE_CURVE('',#1882,#1890,#1892,.T.);
#1890 = VERTEX_POINT('',#1891);
#1891 = CARTESIAN_POINT('',(2.35,1.7,0.725));
#1892 = CIRCLE('',#1893,0.1);
#1893 = AXIS2_PLACEMENT_3D('',#1894,#1895,#1896);
#1894 = CARTESIAN_POINT('',(2.25,1.7,0.725));
#1895 = DIRECTION('',(-2.22044604925E-16,1.,4.379057699844E-47));
#1896 = DIRECTION('',(4.440892098501E-15,9.860761315262E-31,1.));
#1897 = ORIENTED_EDGE('',*,*,#1898,.F.);
#1898 = EDGE_CURVE('',#1899,#1890,#1901,.T.);
#1899 = VERTEX_POINT('',#1900);
#1900 = CARTESIAN_POINT('',(2.35,2.11,0.725));
#1901 = LINE('',#1902,#1903);
#1902 = CARTESIAN_POINT('',(2.35,2.11,0.725));
#1903 = VECTOR('',#1904,1.);
#1904 = DIRECTION('',(2.22044604925E-16,-1.,0.));
#1905 = ORIENTED_EDGE('',*,*,#1906,.F.);
#1906 = EDGE_CURVE('',#1880,#1899,#1907,.T.);
#1907 = CIRCLE('',#1908,0.1);
#1908 = AXIS2_PLACEMENT_3D('',#1909,#1910,#1911);
#1909 = CARTESIAN_POINT('',(2.25,2.11,0.725));
#1910 = DIRECTION('',(-2.22044604925E-16,1.,4.379057699844E-47));
#1911 = DIRECTION('',(4.440892098501E-15,9.860761315262E-31,1.));
#1912 = CYLINDRICAL_SURFACE('',#1913,0.1);
#1913 = AXIS2_PLACEMENT_3D('',#1914,#1915,#1916);
#1914 = CARTESIAN_POINT('',(2.25,2.11,0.725));
#1915 = DIRECTION('',(-2.22044604925E-16,1.,0.));
#1916 = DIRECTION('',(4.440892098501E-15,9.860761315262E-31,1.));
#1917 = ADVANCED_FACE('',(#1918),#1943,.F.);
#1918 = FACE_BOUND('',#1919,.F.);
#1919 = EDGE_LOOP('',(#1920,#1928,#1936,#1942));
#1920 = ORIENTED_EDGE('',*,*,#1921,.F.);
#1921 = EDGE_CURVE('',#1922,#1880,#1924,.T.);
#1922 = VERTEX_POINT('',#1923);
#1923 = CARTESIAN_POINT('',(1.95,2.11,0.825));
#1924 = LINE('',#1925,#1926);
#1925 = CARTESIAN_POINT('',(1.8,2.11,0.825));
#1926 = VECTOR('',#1927,1.);
#1927 = DIRECTION('',(1.,2.22044604925E-16,0.));
#1928 = ORIENTED_EDGE('',*,*,#1929,.T.);
#1929 = EDGE_CURVE('',#1922,#1930,#1932,.T.);
#1930 = VERTEX_POINT('',#1931);
#1931 = CARTESIAN_POINT('',(1.95,1.7,0.825));
#1932 = LINE('',#1933,#1934);
#1933 = CARTESIAN_POINT('',(1.95,2.275,0.825));
#1934 = VECTOR('',#1935,1.);
#1935 = DIRECTION('',(2.22044604925E-16,-1.,0.));
#1936 = ORIENTED_EDGE('',*,*,#1937,.T.);
#1937 = EDGE_CURVE('',#1930,#1882,#1938,.T.);
#1938 = LINE('',#1939,#1940);
#1939 = CARTESIAN_POINT('',(1.8,1.7,0.825));
#1940 = VECTOR('',#1941,1.);
#1941 = DIRECTION('',(1.,2.22044604925E-16,0.));
#1942 = ORIENTED_EDGE('',*,*,#1879,.F.);
#1943 = PLANE('',#1944);
#1944 = AXIS2_PLACEMENT_3D('',#1945,#1946,#1947);
#1945 = CARTESIAN_POINT('',(1.8,2.11,0.825));
#1946 = DIRECTION('',(0.,0.,1.));
#1947 = DIRECTION('',(1.,2.22044604925E-16,-0.));
#1948 = ADVANCED_FACE('',(#1949),#1974,.F.);
#1949 = FACE_BOUND('',#1950,.F.);
#1950 = EDGE_LOOP('',(#1951,#1952,#1960,#1968));
#1951 = ORIENTED_EDGE('',*,*,#1898,.T.);
#1952 = ORIENTED_EDGE('',*,*,#1953,.T.);
#1953 = EDGE_CURVE('',#1890,#1954,#1956,.T.);
#1954 = VERTEX_POINT('',#1955);
#1955 = CARTESIAN_POINT('',(2.35,1.7,0.3));
#1956 = LINE('',#1957,#1958);
#1957 = CARTESIAN_POINT('',(2.35,1.7,0.725));
#1958 = VECTOR('',#1959,1.);
#1959 = DIRECTION('',(1.044915787883E-15,2.320179133003E-31,-1.));
#1960 = ORIENTED_EDGE('',*,*,#1961,.F.);
#1961 = EDGE_CURVE('',#1962,#1954,#1964,.T.);
#1962 = VERTEX_POINT('',#1963);
#1963 = CARTESIAN_POINT('',(2.35,2.11,0.3));
#1964 = LINE('',#1965,#1966);
#1965 = CARTESIAN_POINT('',(2.35,2.11,0.3));
#1966 = VECTOR('',#1967,1.);
#1967 = DIRECTION('',(2.22044604925E-16,-1.,0.));
#1968 = ORIENTED_EDGE('',*,*,#1969,.F.);
#1969 = EDGE_CURVE('',#1899,#1962,#1970,.T.);
#1970 = LINE('',#1971,#1972);
#1971 = CARTESIAN_POINT('',(2.35,2.11,0.725));
#1972 = VECTOR('',#1973,1.);
#1973 = DIRECTION('',(1.044915787883E-15,2.320179133003E-31,-1.));
#1974 = PLANE('',#1975);
#1975 = AXIS2_PLACEMENT_3D('',#1976,#1977,#1978);
#1976 = CARTESIAN_POINT('',(2.35,2.11,0.725));
#1977 = DIRECTION('',(1.,2.22044604925E-16,1.044915787883E-15));
#1978 = DIRECTION('',(1.044915787883E-15,2.320179133003E-31,-1.));
#1979 = ADVANCED_FACE('',(#1980),#2058,.F.);
#1980 = FACE_BOUND('',#1981,.F.);
#1981 = EDGE_LOOP('',(#1982,#1990,#1991,#1992,#1993,#2002,#2010,#2018,
    #2026,#2035,#2043,#2052));
#1982 = ORIENTED_EDGE('',*,*,#1983,.F.);
#1983 = EDGE_CURVE('',#1922,#1984,#1986,.T.);
#1984 = VERTEX_POINT('',#1985);
#1985 = CARTESIAN_POINT('',(1.95,2.11,1.025));
#1986 = LINE('',#1987,#1988);
#1987 = CARTESIAN_POINT('',(1.95,2.11,0.778829828783));
#1988 = VECTOR('',#1989,1.);
#1989 = DIRECTION('',(0.,0.,1.));
#1990 = ORIENTED_EDGE('',*,*,#1921,.T.);
#1991 = ORIENTED_EDGE('',*,*,#1906,.T.);
#1992 = ORIENTED_EDGE('',*,*,#1969,.T.);
#1993 = ORIENTED_EDGE('',*,*,#1994,.T.);
#1994 = EDGE_CURVE('',#1962,#1995,#1997,.T.);
#1995 = VERTEX_POINT('',#1996);
#1996 = CARTESIAN_POINT('',(2.65,2.11,5.551115123126E-17));
#1997 = CIRCLE('',#1998,0.3);
#1998 = AXIS2_PLACEMENT_3D('',#1999,#2000,#2001);
#1999 = CARTESIAN_POINT('',(2.65,2.11,0.3));
#2000 = DIRECTION('',(2.22044604925E-16,-1.,0.));
#2001 = DIRECTION('',(-1.,-2.22044604925E-16,3.515706244646E-15));
#2002 = ORIENTED_EDGE('',*,*,#2003,.T.);
#2003 = EDGE_CURVE('',#1995,#2004,#2006,.T.);
#2004 = VERTEX_POINT('',#2005);
#2005 = CARTESIAN_POINT('',(3.,2.11,5.551115123126E-17));
#2006 = LINE('',#2007,#2008);
#2007 = CARTESIAN_POINT('',(2.65,2.11,5.551115123126E-17));
#2008 = VECTOR('',#2009,1.);
#2009 = DIRECTION('',(1.,2.22044604925E-16,0.));
#2010 = ORIENTED_EDGE('',*,*,#2011,.T.);
#2011 = EDGE_CURVE('',#2004,#2012,#2014,.T.);
#2012 = VERTEX_POINT('',#2013);
#2013 = CARTESIAN_POINT('',(3.,2.11,0.2));
#2014 = LINE('',#2015,#2016);
#2015 = CARTESIAN_POINT('',(3.,2.11,5.551115123126E-17));
#2016 = VECTOR('',#2017,1.);
#2017 = DIRECTION('',(0.,0.,1.));
#2018 = ORIENTED_EDGE('',*,*,#2019,.T.);
#2019 = EDGE_CURVE('',#2012,#2020,#2022,.T.);
#2020 = VERTEX_POINT('',#2021);
#2021 = CARTESIAN_POINT('',(2.65,2.11,0.2));
#2022 = LINE('',#2023,#2024);
#2023 = CARTESIAN_POINT('',(3.,2.11,0.2));
#2024 = VECTOR('',#2025,1.);
#2025 = DIRECTION('',(-1.,-2.22044604925E-16,0.));
#2026 = ORIENTED_EDGE('',*,*,#2027,.T.);
#2027 = EDGE_CURVE('',#2020,#2028,#2030,.T.);
#2028 = VERTEX_POINT('',#2029);
#2029 = CARTESIAN_POINT('',(2.55,2.11,0.3));
#2030 = CIRCLE('',#2031,0.1);
#2031 = AXIS2_PLACEMENT_3D('',#2032,#2033,#2034);
#2032 = CARTESIAN_POINT('',(2.65,2.11,0.3));
#2033 = DIRECTION('',(-2.22044604925E-16,1.,0.));
#2034 = DIRECTION('',(0.,0.,-1.));
#2035 = ORIENTED_EDGE('',*,*,#2036,.T.);
#2036 = EDGE_CURVE('',#2028,#2037,#2039,.T.);
#2037 = VERTEX_POINT('',#2038);
#2038 = CARTESIAN_POINT('',(2.55,2.11,0.725));
#2039 = LINE('',#2040,#2041);
#2040 = CARTESIAN_POINT('',(2.55,2.11,0.3));
#2041 = VECTOR('',#2042,1.);
#2042 = DIRECTION('',(0.,0.,1.));
#2043 = ORIENTED_EDGE('',*,*,#2044,.T.);
#2044 = EDGE_CURVE('',#2037,#2045,#2047,.T.);
#2045 = VERTEX_POINT('',#2046);
#2046 = CARTESIAN_POINT('',(2.25,2.11,1.025));
#2047 = CIRCLE('',#2048,0.3);
#2048 = AXIS2_PLACEMENT_3D('',#2049,#2050,#2051);
#2049 = CARTESIAN_POINT('',(2.25,2.11,0.725));
#2050 = DIRECTION('',(2.22044604925E-16,-1.,0.));
#2051 = DIRECTION('',(1.,2.22044604925E-16,3.700743415417E-16));
#2052 = ORIENTED_EDGE('',*,*,#2053,.T.);
#2053 = EDGE_CURVE('',#2045,#1984,#2054,.T.);
#2054 = LINE('',#2055,#2056);
#2055 = CARTESIAN_POINT('',(2.25,2.11,1.025));
#2056 = VECTOR('',#2057,1.);
#2057 = DIRECTION('',(-1.,-2.22044604925E-16,0.));
#2058 = PLANE('',#2059);
#2059 = AXIS2_PLACEMENT_3D('',#2060,#2061,#2062);
#2060 = CARTESIAN_POINT('',(2.41578967201,2.11,0.532659657565));
#2061 = DIRECTION('',(2.22044604925E-16,-1.,0.));
#2062 = DIRECTION('',(0.,0.,1.));
#2063 = ADVANCED_FACE('',(#2064),#2142,.T.);
#2064 = FACE_BOUND('',#2065,.T.);
#2065 = EDGE_LOOP('',(#2066,#2074,#2075,#2076,#2077,#2086,#2094,#2102,
    #2110,#2119,#2127,#2136));
#2066 = ORIENTED_EDGE('',*,*,#2067,.F.);
#2067 = EDGE_CURVE('',#1930,#2068,#2070,.T.);
#2068 = VERTEX_POINT('',#2069);
#2069 = CARTESIAN_POINT('',(1.95,1.7,1.025));
#2070 = LINE('',#2071,#2072);
#2071 = CARTESIAN_POINT('',(1.95,1.7,0.778829828783));
#2072 = VECTOR('',#2073,1.);
#2073 = DIRECTION('',(0.,0.,1.));
#2074 = ORIENTED_EDGE('',*,*,#1937,.T.);
#2075 = ORIENTED_EDGE('',*,*,#1889,.T.);
#2076 = ORIENTED_EDGE('',*,*,#1953,.T.);
#2077 = ORIENTED_EDGE('',*,*,#2078,.T.);
#2078 = EDGE_CURVE('',#1954,#2079,#2081,.T.);
#2079 = VERTEX_POINT('',#2080);
#2080 = CARTESIAN_POINT('',(2.65,1.7,5.551115123126E-17));
#2081 = CIRCLE('',#2082,0.3);
#2082 = AXIS2_PLACEMENT_3D('',#2083,#2084,#2085);
#2083 = CARTESIAN_POINT('',(2.65,1.7,0.3));
#2084 = DIRECTION('',(2.22044604925E-16,-1.,0.));
#2085 = DIRECTION('',(-1.,-2.22044604925E-16,3.515706244646E-15));
#2086 = ORIENTED_EDGE('',*,*,#2087,.T.);
#2087 = EDGE_CURVE('',#2079,#2088,#2090,.T.);
#2088 = VERTEX_POINT('',#2089);
#2089 = CARTESIAN_POINT('',(3.,1.7,5.551115123126E-17));
#2090 = LINE('',#2091,#2092);
#2091 = CARTESIAN_POINT('',(2.65,1.7,5.551115123126E-17));
#2092 = VECTOR('',#2093,1.);
#2093 = DIRECTION('',(1.,2.22044604925E-16,0.));
#2094 = ORIENTED_EDGE('',*,*,#2095,.T.);
#2095 = EDGE_CURVE('',#2088,#2096,#2098,.T.);
#2096 = VERTEX_POINT('',#2097);
#2097 = CARTESIAN_POINT('',(3.,1.7,0.2));
#2098 = LINE('',#2099,#2100);
#2099 = CARTESIAN_POINT('',(3.,1.7,5.551115123126E-17));
#2100 = VECTOR('',#2101,1.);
#2101 = DIRECTION('',(0.,0.,1.));
#2102 = ORIENTED_EDGE('',*,*,#2103,.T.);
#2103 = EDGE_CURVE('',#2096,#2104,#2106,.T.);
#2104 = VERTEX_POINT('',#2105);
#2105 = CARTESIAN_POINT('',(2.65,1.7,0.2));
#2106 = LINE('',#2107,#2108);
#2107 = CARTESIAN_POINT('',(3.,1.7,0.2));
#2108 = VECTOR('',#2109,1.);
#2109 = DIRECTION('',(-1.,-2.22044604925E-16,0.));
#2110 = ORIENTED_EDGE('',*,*,#2111,.T.);
#2111 = EDGE_CURVE('',#2104,#2112,#2114,.T.);
#2112 = VERTEX_POINT('',#2113);
#2113 = CARTESIAN_POINT('',(2.55,1.7,0.3));
#2114 = CIRCLE('',#2115,0.1);
#2115 = AXIS2_PLACEMENT_3D('',#2116,#2117,#2118);
#2116 = CARTESIAN_POINT('',(2.65,1.7,0.3));
#2117 = DIRECTION('',(-2.22044604925E-16,1.,0.));
#2118 = DIRECTION('',(0.,0.,-1.));
#2119 = ORIENTED_EDGE('',*,*,#2120,.T.);
#2120 = EDGE_CURVE('',#2112,#2121,#2123,.T.);
#2121 = VERTEX_POINT('',#2122);
#2122 = CARTESIAN_POINT('',(2.55,1.7,0.725));
#2123 = LINE('',#2124,#2125);
#2124 = CARTESIAN_POINT('',(2.55,1.7,0.3));
#2125 = VECTOR('',#2126,1.);
#2126 = DIRECTION('',(0.,0.,1.));
#2127 = ORIENTED_EDGE('',*,*,#2128,.T.);
#2128 = EDGE_CURVE('',#2121,#2129,#2131,.T.);
#2129 = VERTEX_POINT('',#2130);
#2130 = CARTESIAN_POINT('',(2.25,1.7,1.025));
#2131 = CIRCLE('',#2132,0.3);
#2132 = AXIS2_PLACEMENT_3D('',#2133,#2134,#2135);
#2133 = CARTESIAN_POINT('',(2.25,1.7,0.725));
#2134 = DIRECTION('',(2.22044604925E-16,-1.,0.));
#2135 = DIRECTION('',(1.,2.22044604925E-16,3.700743415417E-16));
#2136 = ORIENTED_EDGE('',*,*,#2137,.T.);
#2137 = EDGE_CURVE('',#2129,#2068,#2138,.T.);
#2138 = LINE('',#2139,#2140);
#2139 = CARTESIAN_POINT('',(2.25,1.7,1.025));
#2140 = VECTOR('',#2141,1.);
#2141 = DIRECTION('',(-1.,-2.22044604925E-16,0.));
#2142 = PLANE('',#2143);
#2143 = AXIS2_PLACEMENT_3D('',#2144,#2145,#2146);
#2144 = CARTESIAN_POINT('',(2.41578967201,1.7,0.532659657565));
#2145 = DIRECTION('',(2.22044604925E-16,-1.,0.));
#2146 = DIRECTION('',(0.,0.,1.));
#2147 = ADVANCED_FACE('',(#2148),#2235,.F.);
#2148 = FACE_BOUND('',#2149,.F.);
#2149 = EDGE_LOOP('',(#2150,#2160,#2167,#2175,#2183,#2191,#2199,#2207,
    #2215,#2221,#2222,#2230));
#2150 = ORIENTED_EDGE('',*,*,#2151,.T.);
#2151 = EDGE_CURVE('',#2152,#2154,#2156,.T.);
#2152 = VERTEX_POINT('',#2153);
#2153 = CARTESIAN_POINT('',(1.835171280765,2.217585640382,0.1));
#2154 = VERTEX_POINT('',#2155);
#2155 = CARTESIAN_POINT('',(1.835171280765,-2.217585640382,0.1));
#2156 = LINE('',#2157,#2158);
#2157 = CARTESIAN_POINT('',(1.835171280765,2.217585640382,0.1));
#2158 = VECTOR('',#2159,1.);
#2159 = DIRECTION('',(2.22044604925E-16,-1.,0.));
#2160 = ORIENTED_EDGE('',*,*,#2161,.T.);
#2161 = EDGE_CURVE('',#2154,#2162,#2164,.T.);
#2162 = VERTEX_POINT('',#2163);
#2163 = CARTESIAN_POINT('',(1.95,-2.275,0.825));
#2164 = B_SPLINE_CURVE_WITH_KNOTS('',1,(#2165,#2166),.UNSPECIFIED.,.F.,
  .F.,(2,2),(0.,1.),.PIECEWISE_BEZIER_KNOTS.);
#2165 = CARTESIAN_POINT('',(1.835171280765,-2.217585640382,0.1));
#2166 = CARTESIAN_POINT('',(1.95,-2.275,0.825));
#2167 = ORIENTED_EDGE('',*,*,#2168,.F.);
#2168 = EDGE_CURVE('',#2169,#2162,#2171,.T.);
#2169 = VERTEX_POINT('',#2170);
#2170 = CARTESIAN_POINT('',(1.95,-2.11,0.825));
#2171 = LINE('',#2172,#2173);
#2172 = CARTESIAN_POINT('',(1.95,2.275,0.825));
#2173 = VECTOR('',#2174,1.);
#2174 = DIRECTION('',(2.22044604925E-16,-1.,0.));
#2175 = ORIENTED_EDGE('',*,*,#2176,.F.);
#2176 = EDGE_CURVE('',#2177,#2169,#2179,.T.);
#2177 = VERTEX_POINT('',#2178);
#2178 = CARTESIAN_POINT('',(1.95,-1.7,0.825));
#2179 = LINE('',#2180,#2181);
#2180 = CARTESIAN_POINT('',(1.95,2.275,0.825));
#2181 = VECTOR('',#2182,1.);
#2182 = DIRECTION('',(2.22044604925E-16,-1.,0.));
#2183 = ORIENTED_EDGE('',*,*,#2184,.F.);
#2184 = EDGE_CURVE('',#2185,#2177,#2187,.T.);
#2185 = VERTEX_POINT('',#2186);
#2186 = CARTESIAN_POINT('',(1.95,-0.84,0.825));
#2187 = LINE('',#2188,#2189);
#2188 = CARTESIAN_POINT('',(1.95,2.275,0.825));
#2189 = VECTOR('',#2190,1.);
#2190 = DIRECTION('',(2.22044604925E-16,-1.,0.));
#2191 = ORIENTED_EDGE('',*,*,#2192,.F.);
#2192 = EDGE_CURVE('',#2193,#2185,#2195,.T.);
#2193 = VERTEX_POINT('',#2194);
#2194 = CARTESIAN_POINT('',(1.95,-0.43,0.825));
#2195 = LINE('',#2196,#2197);
#2196 = CARTESIAN_POINT('',(1.95,2.275,0.825));
#2197 = VECTOR('',#2198,1.);
#2198 = DIRECTION('',(2.22044604925E-16,-1.,0.));
#2199 = ORIENTED_EDGE('',*,*,#2200,.F.);
#2200 = EDGE_CURVE('',#2201,#2193,#2203,.T.);
#2201 = VERTEX_POINT('',#2202);
#2202 = CARTESIAN_POINT('',(1.95,0.43,0.825));
#2203 = LINE('',#2204,#2205);
#2204 = CARTESIAN_POINT('',(1.95,2.275,0.825));
#2205 = VECTOR('',#2206,1.);
#2206 = DIRECTION('',(2.22044604925E-16,-1.,0.));
#2207 = ORIENTED_EDGE('',*,*,#2208,.F.);
#2208 = EDGE_CURVE('',#2209,#2201,#2211,.T.);
#2209 = VERTEX_POINT('',#2210);
#2210 = CARTESIAN_POINT('',(1.95,0.84,0.825));
#2211 = LINE('',#2212,#2213);
#2212 = CARTESIAN_POINT('',(1.95,2.275,0.825));
#2213 = VECTOR('',#2214,1.);
#2214 = DIRECTION('',(2.22044604925E-16,-1.,0.));
#2215 = ORIENTED_EDGE('',*,*,#2216,.F.);
#2216 = EDGE_CURVE('',#1930,#2209,#2217,.T.);
#2217 = LINE('',#2218,#2219);
#2218 = CARTESIAN_POINT('',(1.95,2.275,0.825));
#2219 = VECTOR('',#2220,1.);
#2220 = DIRECTION('',(2.22044604925E-16,-1.,0.));
#2221 = ORIENTED_EDGE('',*,*,#1929,.F.);
#2222 = ORIENTED_EDGE('',*,*,#2223,.F.);
#2223 = EDGE_CURVE('',#2224,#1922,#2226,.T.);
#2224 = VERTEX_POINT('',#2225);
#2225 = CARTESIAN_POINT('',(1.95,2.275,0.825));
#2226 = LINE('',#2227,#2228);
#2227 = CARTESIAN_POINT('',(1.95,2.275,0.825));
#2228 = VECTOR('',#2229,1.);
#2229 = DIRECTION('',(2.22044604925E-16,-1.,0.));
#2230 = ORIENTED_EDGE('',*,*,#2231,.F.);
#2231 = EDGE_CURVE('',#2152,#2224,#2232,.T.);
#2232 = B_SPLINE_CURVE_WITH_KNOTS('',1,(#2233,#2234),.UNSPECIFIED.,.F.,
  .F.,(2,2),(0.,1.),.PIECEWISE_BEZIER_KNOTS.);
#2233 = CARTESIAN_POINT('',(1.835171280765,2.217585640382,0.1));
#2234 = CARTESIAN_POINT('',(1.95,2.275,0.825));
#2235 = B_SPLINE_SURFACE_WITH_KNOTS('',1,1,(
    (#2236,#2237)
    ,(#2238,#2239
    )),.UNSPECIFIED.,.F.,.F.,.F.,(2,2),(2,2),(0.,4.55),(0.,1.),
  .PIECEWISE_BEZIER_KNOTS.);
#2236 = CARTESIAN_POINT('',(1.835171280765,2.217585640382,0.1));
#2237 = CARTESIAN_POINT('',(1.95,2.275,0.825));
#2238 = CARTESIAN_POINT('',(1.835171280765,-2.217585640382,0.1));
#2239 = CARTESIAN_POINT('',(1.95,-2.275,0.825));
#2240 = ADVANCED_FACE('',(#2241),#2252,.T.);
#2241 = FACE_BOUND('',#2242,.T.);
#2242 = EDGE_LOOP('',(#2243,#2244,#2250,#2251));
#2243 = ORIENTED_EDGE('',*,*,#1994,.T.);
#2244 = ORIENTED_EDGE('',*,*,#2245,.T.);
#2245 = EDGE_CURVE('',#1995,#2079,#2246,.T.);
#2246 = LINE('',#2247,#2248);
#2247 = CARTESIAN_POINT('',(2.65,2.11,5.551115123126E-17));
#2248 = VECTOR('',#2249,1.);
#2249 = DIRECTION('',(2.22044604925E-16,-1.,0.));
#2250 = ORIENTED_EDGE('',*,*,#2078,.F.);
#2251 = ORIENTED_EDGE('',*,*,#1961,.F.);
#2252 = CYLINDRICAL_SURFACE('',#2253,0.3);
#2253 = AXIS2_PLACEMENT_3D('',#2254,#2255,#2256);
#2254 = CARTESIAN_POINT('',(2.65,2.11,0.3));
#2255 = DIRECTION('',(-2.22044604925E-16,1.,-0.));
#2256 = DIRECTION('',(-1.,-2.22044604925E-16,3.515706244646E-15));
#2257 = ADVANCED_FACE('',(#2258),#2275,.F.);
#2258 = FACE_BOUND('',#2259,.F.);
#2259 = EDGE_LOOP('',(#2260,#2267,#2268,#2269));
#2260 = ORIENTED_EDGE('',*,*,#2261,.F.);
#2261 = EDGE_CURVE('',#2224,#2262,#2264,.T.);
#2262 = VERTEX_POINT('',#2263);
#2263 = CARTESIAN_POINT('',(1.95,2.275,1.025));
#2264 = B_SPLINE_CURVE_WITH_KNOTS('',1,(#2265,#2266),.UNSPECIFIED.,.F.,
  .F.,(2,2),(0.,1.),.PIECEWISE_BEZIER_KNOTS.);
#2265 = CARTESIAN_POINT('',(1.95,2.275,0.825));
#2266 = CARTESIAN_POINT('',(1.95,2.275,1.025));
#2267 = ORIENTED_EDGE('',*,*,#2223,.T.);
#2268 = ORIENTED_EDGE('',*,*,#1983,.T.);
#2269 = ORIENTED_EDGE('',*,*,#2270,.F.);
#2270 = EDGE_CURVE('',#2262,#1984,#2271,.T.);
#2271 = LINE('',#2272,#2273);
#2272 = CARTESIAN_POINT('',(1.95,2.275,1.025));
#2273 = VECTOR('',#2274,1.);
#2274 = DIRECTION('',(2.22044604925E-16,-1.,0.));
#2275 = PLANE('',#2276);
#2276 = AXIS2_PLACEMENT_3D('',#2277,#2278,#2279);
#2277 = CARTESIAN_POINT('',(1.95,2.275,1.025));
#2278 = DIRECTION('',(-1.,-2.22044604925E-16,0.));
#2279 = DIRECTION('',(2.22044604925E-16,-1.,0.));
#2280 = ADVANCED_FACE('',(#2281),#2313,.F.);
#2281 = FACE_BOUND('',#2282,.F.);
#2282 = EDGE_LOOP('',(#2283,#2284,#2290,#2291,#2299,#2307));
#2283 = ORIENTED_EDGE('',*,*,#2053,.F.);
#2284 = ORIENTED_EDGE('',*,*,#2285,.T.);
#2285 = EDGE_CURVE('',#2045,#2129,#2286,.T.);
#2286 = LINE('',#2287,#2288);
#2287 = CARTESIAN_POINT('',(2.25,2.11,1.025));
#2288 = VECTOR('',#2289,1.);
#2289 = DIRECTION('',(2.22044604925E-16,-1.,0.));
#2290 = ORIENTED_EDGE('',*,*,#2137,.T.);
#2291 = ORIENTED_EDGE('',*,*,#2292,.T.);
#2292 = EDGE_CURVE('',#2068,#2293,#2295,.T.);
#2293 = VERTEX_POINT('',#2294);
#2294 = CARTESIAN_POINT('',(1.875,1.7,1.025));
#2295 = LINE('',#2296,#2297);
#2296 = CARTESIAN_POINT('',(2.25,1.7,1.025));
#2297 = VECTOR('',#2298,1.);
#2298 = DIRECTION('',(-1.,-2.22044604925E-16,0.));
#2299 = ORIENTED_EDGE('',*,*,#2300,.F.);
#2300 = EDGE_CURVE('',#2301,#2293,#2303,.T.);
#2301 = VERTEX_POINT('',#2302);
#2302 = CARTESIAN_POINT('',(1.875,2.11,1.025));
#2303 = LINE('',#2304,#2305);
#2304 = CARTESIAN_POINT('',(1.875,2.2375,1.025));
#2305 = VECTOR('',#2306,1.);
#2306 = DIRECTION('',(2.22044604925E-16,-1.,0.));
#2307 = ORIENTED_EDGE('',*,*,#2308,.F.);
#2308 = EDGE_CURVE('',#1984,#2301,#2309,.T.);
#2309 = LINE('',#2310,#2311);
#2310 = CARTESIAN_POINT('',(2.25,2.11,1.025));
#2311 = VECTOR('',#2312,1.);
#2312 = DIRECTION('',(-1.,-2.22044604925E-16,0.));
#2313 = PLANE('',#2314);
#2314 = AXIS2_PLACEMENT_3D('',#2315,#2316,#2317);
#2315 = CARTESIAN_POINT('',(2.25,2.11,1.025));
#2316 = DIRECTION('',(0.,0.,-1.));
#2317 = DIRECTION('',(-1.,-2.22044604925E-16,-0.));
#2318 = ADVANCED_FACE('',(#2319),#2330,.T.);
#2319 = FACE_BOUND('',#2320,.T.);
#2320 = EDGE_LOOP('',(#2321,#2322,#2323,#2324));
#2321 = ORIENTED_EDGE('',*,*,#2044,.T.);
#2322 = ORIENTED_EDGE('',*,*,#2285,.T.);
#2323 = ORIENTED_EDGE('',*,*,#2128,.F.);
#2324 = ORIENTED_EDGE('',*,*,#2325,.F.);
#2325 = EDGE_CURVE('',#2037,#2121,#2326,.T.);
#2326 = LINE('',#2327,#2328);
#2327 = CARTESIAN_POINT('',(2.55,2.11,0.725));
#2328 = VECTOR('',#2329,1.);
#2329 = DIRECTION('',(2.22044604925E-16,-1.,0.));
#2330 = CYLINDRICAL_SURFACE('',#2331,0.3);
#2331 = AXIS2_PLACEMENT_3D('',#2332,#2333,#2334);
#2332 = CARTESIAN_POINT('',(2.25,2.11,0.725));
#2333 = DIRECTION('',(-2.22044604925E-16,1.,-0.));
#2334 = DIRECTION('',(1.,2.22044604925E-16,3.700743415417E-16));
#2335 = ADVANCED_FACE('',(#2336),#2347,.F.);
#2336 = FACE_BOUND('',#2337,.F.);
#2337 = EDGE_LOOP('',(#2338,#2344,#2345,#2346));
#2338 = ORIENTED_EDGE('',*,*,#2339,.T.);
#2339 = EDGE_CURVE('',#2028,#2112,#2340,.T.);
#2340 = LINE('',#2341,#2342);
#2341 = CARTESIAN_POINT('',(2.55,2.11,0.3));
#2342 = VECTOR('',#2343,1.);
#2343 = DIRECTION('',(2.22044604925E-16,-1.,0.));
#2344 = ORIENTED_EDGE('',*,*,#2120,.T.);
#2345 = ORIENTED_EDGE('',*,*,#2325,.F.);
#2346 = ORIENTED_EDGE('',*,*,#2036,.F.);
#2347 = PLANE('',#2348);
#2348 = AXIS2_PLACEMENT_3D('',#2349,#2350,#2351);
#2349 = CARTESIAN_POINT('',(2.55,2.11,0.3));
#2350 = DIRECTION('',(-1.,-2.22044604925E-16,0.));
#2351 = DIRECTION('',(0.,0.,1.));
#2352 = ADVANCED_FACE('',(#2353),#2364,.F.);
#2353 = FACE_BOUND('',#2354,.F.);
#2354 = EDGE_LOOP('',(#2355,#2361,#2362,#2363));
#2355 = ORIENTED_EDGE('',*,*,#2356,.T.);
#2356 = EDGE_CURVE('',#2020,#2104,#2357,.T.);
#2357 = LINE('',#2358,#2359);
#2358 = CARTESIAN_POINT('',(2.65,2.11,0.2));
#2359 = VECTOR('',#2360,1.);
#2360 = DIRECTION('',(2.22044604925E-16,-1.,0.));
#2361 = ORIENTED_EDGE('',*,*,#2111,.T.);
#2362 = ORIENTED_EDGE('',*,*,#2339,.F.);
#2363 = ORIENTED_EDGE('',*,*,#2027,.F.);
#2364 = CYLINDRICAL_SURFACE('',#2365,0.1);
#2365 = AXIS2_PLACEMENT_3D('',#2366,#2367,#2368);
#2366 = CARTESIAN_POINT('',(2.65,2.11,0.3));
#2367 = DIRECTION('',(-2.22044604925E-16,1.,0.));
#2368 = DIRECTION('',(0.,0.,-1.));
#2369 = ADVANCED_FACE('',(#2370),#2381,.F.);
#2370 = FACE_BOUND('',#2371,.F.);
#2371 = EDGE_LOOP('',(#2372,#2378,#2379,#2380));
#2372 = ORIENTED_EDGE('',*,*,#2373,.T.);
#2373 = EDGE_CURVE('',#2012,#2096,#2374,.T.);
#2374 = LINE('',#2375,#2376);
#2375 = CARTESIAN_POINT('',(3.,2.11,0.2));
#2376 = VECTOR('',#2377,1.);
#2377 = DIRECTION('',(2.22044604925E-16,-1.,0.));
#2378 = ORIENTED_EDGE('',*,*,#2103,.T.);
#2379 = ORIENTED_EDGE('',*,*,#2356,.F.);
#2380 = ORIENTED_EDGE('',*,*,#2019,.F.);
#2381 = PLANE('',#2382);
#2382 = AXIS2_PLACEMENT_3D('',#2383,#2384,#2385);
#2383 = CARTESIAN_POINT('',(3.,2.11,0.2));
#2384 = DIRECTION('',(0.,0.,-1.));
#2385 = DIRECTION('',(-1.,-2.22044604925E-16,-0.));
#2386 = ADVANCED_FACE('',(#2387),#2398,.F.);
#2387 = FACE_BOUND('',#2388,.F.);
#2388 = EDGE_LOOP('',(#2389,#2395,#2396,#2397));
#2389 = ORIENTED_EDGE('',*,*,#2390,.T.);
#2390 = EDGE_CURVE('',#2004,#2088,#2391,.T.);
#2391 = LINE('',#2392,#2393);
#2392 = CARTESIAN_POINT('',(3.,2.11,5.551115123126E-17));
#2393 = VECTOR('',#2394,1.);
#2394 = DIRECTION('',(2.22044604925E-16,-1.,0.));
#2395 = ORIENTED_EDGE('',*,*,#2095,.T.);
#2396 = ORIENTED_EDGE('',*,*,#2373,.F.);
#2397 = ORIENTED_EDGE('',*,*,#2011,.F.);
#2398 = PLANE('',#2399);
#2399 = AXIS2_PLACEMENT_3D('',#2400,#2401,#2402);
#2400 = CARTESIAN_POINT('',(3.,2.11,5.551115123126E-17));
#2401 = DIRECTION('',(-1.,-2.22044604925E-16,0.));
#2402 = DIRECTION('',(0.,0.,1.));
#2403 = ADVANCED_FACE('',(#2404),#2410,.F.);
#2404 = FACE_BOUND('',#2405,.F.);
#2405 = EDGE_LOOP('',(#2406,#2407,#2408,#2409));
#2406 = ORIENTED_EDGE('',*,*,#2245,.T.);
#2407 = ORIENTED_EDGE('',*,*,#2087,.T.);
#2408 = ORIENTED_EDGE('',*,*,#2390,.F.);
#2409 = ORIENTED_EDGE('',*,*,#2003,.F.);
#2410 = PLANE('',#2411);
#2411 = AXIS2_PLACEMENT_3D('',#2412,#2413,#2414);
#2412 = CARTESIAN_POINT('',(2.65,2.11,5.551115123126E-17));
#2413 = DIRECTION('',(0.,0.,1.));
#2414 = DIRECTION('',(1.,2.22044604925E-16,-0.));
#2415 = ADVANCED_FACE('',(#2416),#2434,.F.);
#2416 = FACE_BOUND('',#2417,.F.);
#2417 = EDGE_LOOP('',(#2418,#2419,#2420,#2428));
#2418 = ORIENTED_EDGE('',*,*,#2067,.F.);
#2419 = ORIENTED_EDGE('',*,*,#2216,.T.);
#2420 = ORIENTED_EDGE('',*,*,#2421,.T.);
#2421 = EDGE_CURVE('',#2209,#2422,#2424,.T.);
#2422 = VERTEX_POINT('',#2423);
#2423 = CARTESIAN_POINT('',(1.95,0.84,1.025));
#2424 = LINE('',#2425,#2426);
#2425 = CARTESIAN_POINT('',(1.95,0.84,0.778829828783));
#2426 = VECTOR('',#2427,1.);
#2427 = DIRECTION('',(0.,0.,1.));
#2428 = ORIENTED_EDGE('',*,*,#2429,.F.);
#2429 = EDGE_CURVE('',#2068,#2422,#2430,.T.);
#2430 = LINE('',#2431,#2432);
#2431 = CARTESIAN_POINT('',(1.95,2.275,1.025));
#2432 = VECTOR('',#2433,1.);
#2433 = DIRECTION('',(2.22044604925E-16,-1.,0.));
#2434 = PLANE('',#2435);
#2435 = AXIS2_PLACEMENT_3D('',#2436,#2437,#2438);
#2436 = CARTESIAN_POINT('',(1.95,2.275,1.025));
#2437 = DIRECTION('',(-1.,-2.22044604925E-16,0.));
#2438 = DIRECTION('',(2.22044604925E-16,-1.,0.));
#2439 = ADVANCED_FACE('',(#2440),#2497,.F.);
#2440 = FACE_BOUND('',#2441,.T.);
#2441 = EDGE_LOOP('',(#2442,#2452,#2458,#2459,#2467,#2475,#2483,#2491));
#2442 = ORIENTED_EDGE('',*,*,#2443,.T.);
#2443 = EDGE_CURVE('',#2444,#2446,#2448,.T.);
#2444 = VERTEX_POINT('',#2445);
#2445 = CARTESIAN_POINT('',(-1.717585640382,2.335171280765,0.1));
#2446 = VERTEX_POINT('',#2447);
#2447 = CARTESIAN_POINT('',(1.717585640382,2.335171280765,0.1));
#2448 = LINE('',#2449,#2450);
#2449 = CARTESIAN_POINT('',(-1.717585640382,2.335171280765,0.1));
#2450 = VECTOR('',#2451,1.);
#2451 = DIRECTION('',(1.,2.22044604925E-16,0.));
#2452 = ORIENTED_EDGE('',*,*,#2453,.T.);
#2453 = EDGE_CURVE('',#2446,#2152,#2454,.T.);
#2454 = LINE('',#2455,#2456);
#2455 = CARTESIAN_POINT('',(1.717585640382,2.335171280765,0.1));
#2456 = VECTOR('',#2457,1.);
#2457 = DIRECTION('',(0.707106781187,-0.707106781187,0.));
#2458 = ORIENTED_EDGE('',*,*,#2151,.T.);
#2459 = ORIENTED_EDGE('',*,*,#2460,.T.);
#2460 = EDGE_CURVE('',#2154,#2461,#2463,.T.);
#2461 = VERTEX_POINT('',#2462);
#2462 = CARTESIAN_POINT('',(1.717585640382,-2.335171280765,0.1));
#2463 = LINE('',#2464,#2465);
#2464 = CARTESIAN_POINT('',(1.835171280765,-2.217585640382,0.1));
#2465 = VECTOR('',#2466,1.);
#2466 = DIRECTION('',(-0.707106781187,-0.707106781187,0.));
#2467 = ORIENTED_EDGE('',*,*,#2468,.T.);
#2468 = EDGE_CURVE('',#2461,#2469,#2471,.T.);
#2469 = VERTEX_POINT('',#2470);
#2470 = CARTESIAN_POINT('',(-1.717585640382,-2.335171280765,0.1));
#2471 = LINE('',#2472,#2473);
#2472 = CARTESIAN_POINT('',(1.717585640382,-2.335171280765,0.1));
#2473 = VECTOR('',#2474,1.);
#2474 = DIRECTION('',(-1.,-2.22044604925E-16,0.));
#2475 = ORIENTED_EDGE('',*,*,#2476,.T.);
#2476 = EDGE_CURVE('',#2469,#2477,#2479,.T.);
#2477 = VERTEX_POINT('',#2478);
#2478 = CARTESIAN_POINT('',(-1.835171280765,-2.217585640382,0.1));
#2479 = LINE('',#2480,#2481);
#2480 = CARTESIAN_POINT('',(-1.717585640382,-2.335171280765,0.1));
#2481 = VECTOR('',#2482,1.);
#2482 = DIRECTION('',(-0.707106781187,0.707106781187,0.));
#2483 = ORIENTED_EDGE('',*,*,#2484,.T.);
#2484 = EDGE_CURVE('',#2477,#2485,#2487,.T.);
#2485 = VERTEX_POINT('',#2486);
#2486 = CARTESIAN_POINT('',(-1.835171280765,2.217585640382,0.1));
#2487 = LINE('',#2488,#2489);
#2488 = CARTESIAN_POINT('',(-1.835171280765,-2.217585640382,0.1));
#2489 = VECTOR('',#2490,1.);
#2490 = DIRECTION('',(-2.22044604925E-16,1.,0.));
#2491 = ORIENTED_EDGE('',*,*,#2492,.T.);
#2492 = EDGE_CURVE('',#2485,#2444,#2493,.T.);
#2493 = LINE('',#2494,#2495);
#2494 = CARTESIAN_POINT('',(-1.835171280765,2.217585640382,0.1));
#2495 = VECTOR('',#2496,1.);
#2496 = DIRECTION('',(0.707106781187,0.707106781187,0.));
#2497 = PLANE('',#2498);
#2498 = AXIS2_PLACEMENT_3D('',#2499,#2500,#2501);
#2499 = CARTESIAN_POINT('',(-1.717585640382,2.335171280765,0.1));
#2500 = DIRECTION('',(0.,0.,1.));
#2501 = DIRECTION('',(0.592513131498,-0.805560791625,0.));
#2502 = ADVANCED_FACE('',(#2503),#2520,.F.);
#2503 = FACE_BOUND('',#2504,.F.);
#2504 = EDGE_LOOP('',(#2505,#2506,#2507,#2515));
#2505 = ORIENTED_EDGE('',*,*,#2453,.T.);
#2506 = ORIENTED_EDGE('',*,*,#2231,.T.);
#2507 = ORIENTED_EDGE('',*,*,#2508,.F.);
#2508 = EDGE_CURVE('',#2509,#2224,#2511,.T.);
#2509 = VERTEX_POINT('',#2510);
#2510 = CARTESIAN_POINT('',(1.775,2.45,0.825));
#2511 = LINE('',#2512,#2513);
#2512 = CARTESIAN_POINT('',(1.775,2.45,0.825));
#2513 = VECTOR('',#2514,1.);
#2514 = DIRECTION('',(0.707106781187,-0.707106781187,0.));
#2515 = ORIENTED_EDGE('',*,*,#2516,.F.);
#2516 = EDGE_CURVE('',#2446,#2509,#2517,.T.);
#2517 = B_SPLINE_CURVE_WITH_KNOTS('',1,(#2518,#2519),.UNSPECIFIED.,.F.,
  .F.,(2,2),(0.,1.),.PIECEWISE_BEZIER_KNOTS.);
#2518 = CARTESIAN_POINT('',(1.717585640382,2.335171280765,0.1));
#2519 = CARTESIAN_POINT('',(1.775,2.45,0.825));
#2520 = B_SPLINE_SURFACE_WITH_KNOTS('',1,1,(
    (#2521,#2522)
    ,(#2523,#2524
    )),.UNSPECIFIED.,.F.,.F.,.F.,(2,2),(2,2),(0.,0.247487373415),(0.,1.)
  ,.PIECEWISE_BEZIER_KNOTS.);
#2521 = CARTESIAN_POINT('',(1.717585640382,2.335171280765,0.1));
#2522 = CARTESIAN_POINT('',(1.775,2.45,0.825));
#2523 = CARTESIAN_POINT('',(1.835171280765,2.217585640382,0.1));
#2524 = CARTESIAN_POINT('',(1.95,2.275,0.825));
#2525 = ADVANCED_FACE('',(#2526),#2543,.F.);
#2526 = FACE_BOUND('',#2527,.F.);
#2527 = EDGE_LOOP('',(#2528,#2529,#2536,#2542));
#2528 = ORIENTED_EDGE('',*,*,#2460,.T.);
#2529 = ORIENTED_EDGE('',*,*,#2530,.T.);
#2530 = EDGE_CURVE('',#2461,#2531,#2533,.T.);
#2531 = VERTEX_POINT('',#2532);
#2532 = CARTESIAN_POINT('',(1.775,-2.45,0.825));
#2533 = B_SPLINE_CURVE_WITH_KNOTS('',1,(#2534,#2535),.UNSPECIFIED.,.F.,
  .F.,(2,2),(0.,1.),.PIECEWISE_BEZIER_KNOTS.);
#2534 = CARTESIAN_POINT('',(1.717585640382,-2.335171280765,0.1));
#2535 = CARTESIAN_POINT('',(1.775,-2.45,0.825));
#2536 = ORIENTED_EDGE('',*,*,#2537,.F.);
#2537 = EDGE_CURVE('',#2162,#2531,#2538,.T.);
#2538 = LINE('',#2539,#2540);
#2539 = CARTESIAN_POINT('',(1.95,-2.275,0.825));
#2540 = VECTOR('',#2541,1.);
#2541 = DIRECTION('',(-0.707106781187,-0.707106781187,0.));
#2542 = ORIENTED_EDGE('',*,*,#2161,.F.);
#2543 = B_SPLINE_SURFACE_WITH_KNOTS('',1,1,(
    (#2544,#2545)
    ,(#2546,#2547
    )),.UNSPECIFIED.,.F.,.F.,.F.,(2,2),(2,2),(0.,0.247487373415),(0.,1.)
  ,.PIECEWISE_BEZIER_KNOTS.);
#2544 = CARTESIAN_POINT('',(1.835171280765,-2.217585640382,0.1));
#2545 = CARTESIAN_POINT('',(1.95,-2.275,0.825));
#2546 = CARTESIAN_POINT('',(1.717585640382,-2.335171280765,0.1));
#2547 = CARTESIAN_POINT('',(1.775,-2.45,0.825));
#2548 = ADVANCED_FACE('',(#2549),#2573,.F.);
#2549 = FACE_BOUND('',#2550,.F.);
#2550 = EDGE_LOOP('',(#2551,#2559,#2560,#2567));
#2551 = ORIENTED_EDGE('',*,*,#2552,.F.);
#2552 = EDGE_CURVE('',#2169,#2553,#2555,.T.);
#2553 = VERTEX_POINT('',#2554);
#2554 = CARTESIAN_POINT('',(1.95,-2.11,1.025));
#2555 = LINE('',#2556,#2557);
#2556 = CARTESIAN_POINT('',(1.95,-2.11,0.778829828783));
#2557 = VECTOR('',#2558,1.);
#2558 = DIRECTION('',(0.,0.,1.));
#2559 = ORIENTED_EDGE('',*,*,#2168,.T.);
#2560 = ORIENTED_EDGE('',*,*,#2561,.T.);
#2561 = EDGE_CURVE('',#2162,#2562,#2564,.T.);
#2562 = VERTEX_POINT('',#2563);
#2563 = CARTESIAN_POINT('',(1.95,-2.275,1.025));
#2564 = B_SPLINE_CURVE_WITH_KNOTS('',1,(#2565,#2566),.UNSPECIFIED.,.F.,
  .F.,(2,2),(0.,1.),.PIECEWISE_BEZIER_KNOTS.);
#2565 = CARTESIAN_POINT('',(1.95,-2.275,0.825));
#2566 = CARTESIAN_POINT('',(1.95,-2.275,1.025));
#2567 = ORIENTED_EDGE('',*,*,#2568,.F.);
#2568 = EDGE_CURVE('',#2553,#2562,#2569,.T.);
#2569 = LINE('',#2570,#2571);
#2570 = CARTESIAN_POINT('',(1.95,2.275,1.025));
#2571 = VECTOR('',#2572,1.);
#2572 = DIRECTION('',(2.22044604925E-16,-1.,0.));
#2573 = PLANE('',#2574);
#2574 = AXIS2_PLACEMENT_3D('',#2575,#2576,#2577);
#2575 = CARTESIAN_POINT('',(1.95,2.275,1.025));
#2576 = DIRECTION('',(-1.,-2.22044604925E-16,0.));
#2577 = DIRECTION('',(2.22044604925E-16,-1.,0.));
#2578 = ADVANCED_FACE('',(#2579),#2604,.F.);
#2579 = FACE_BOUND('',#2580,.F.);
#2580 = EDGE_LOOP('',(#2581,#2589,#2590,#2598));
#2581 = ORIENTED_EDGE('',*,*,#2582,.F.);
#2582 = EDGE_CURVE('',#2177,#2583,#2585,.T.);
#2583 = VERTEX_POINT('',#2584);
#2584 = CARTESIAN_POINT('',(2.25,-1.7,0.825));
#2585 = LINE('',#2586,#2587);
#2586 = CARTESIAN_POINT('',(1.8,-1.7,0.825));
#2587 = VECTOR('',#2588,1.);
#2588 = DIRECTION('',(1.,2.22044604925E-16,0.));
#2589 = ORIENTED_EDGE('',*,*,#2176,.T.);
#2590 = ORIENTED_EDGE('',*,*,#2591,.T.);
#2591 = EDGE_CURVE('',#2169,#2592,#2594,.T.);
#2592 = VERTEX_POINT('',#2593);
#2593 = CARTESIAN_POINT('',(2.25,-2.11,0.825));
#2594 = LINE('',#2595,#2596);
#2595 = CARTESIAN_POINT('',(1.8,-2.11,0.825));
#2596 = VECTOR('',#2597,1.);
#2597 = DIRECTION('',(1.,2.22044604925E-16,0.));
#2598 = ORIENTED_EDGE('',*,*,#2599,.F.);
#2599 = EDGE_CURVE('',#2583,#2592,#2600,.T.);
#2600 = LINE('',#2601,#2602);
#2601 = CARTESIAN_POINT('',(2.25,-1.7,0.825));
#2602 = VECTOR('',#2603,1.);
#2603 = DIRECTION('',(2.22044604925E-16,-1.,0.));
#2604 = PLANE('',#2605);
#2605 = AXIS2_PLACEMENT_3D('',#2606,#2607,#2608);
#2606 = CARTESIAN_POINT('',(1.8,-1.7,0.825));
#2607 = DIRECTION('',(0.,0.,1.));
#2608 = DIRECTION('',(1.,2.22044604925E-16,-0.));
#2609 = ADVANCED_FACE('',(#2610),#2635,.F.);
#2610 = FACE_BOUND('',#2611,.F.);
#2611 = EDGE_LOOP('',(#2612,#2620,#2621,#2629));
#2612 = ORIENTED_EDGE('',*,*,#2613,.F.);
#2613 = EDGE_CURVE('',#2185,#2614,#2616,.T.);
#2614 = VERTEX_POINT('',#2615);
#2615 = CARTESIAN_POINT('',(1.95,-0.84,1.025));
#2616 = LINE('',#2617,#2618);
#2617 = CARTESIAN_POINT('',(1.95,-0.84,0.778829828783));
#2618 = VECTOR('',#2619,1.);
#2619 = DIRECTION('',(0.,0.,1.));
#2620 = ORIENTED_EDGE('',*,*,#2184,.T.);
#2621 = ORIENTED_EDGE('',*,*,#2622,.T.);
#2622 = EDGE_CURVE('',#2177,#2623,#2625,.T.);
#2623 = VERTEX_POINT('',#2624);
#2624 = CARTESIAN_POINT('',(1.95,-1.7,1.025));
#2625 = LINE('',#2626,#2627);
#2626 = CARTESIAN_POINT('',(1.95,-1.7,0.778829828783));
#2627 = VECTOR('',#2628,1.);
#2628 = DIRECTION('',(0.,0.,1.));
#2629 = ORIENTED_EDGE('',*,*,#2630,.F.);
#2630 = EDGE_CURVE('',#2614,#2623,#2631,.T.);
#2631 = LINE('',#2632,#2633);
#2632 = CARTESIAN_POINT('',(1.95,2.275,1.025));
#2633 = VECTOR('',#2634,1.);
#2634 = DIRECTION('',(2.22044604925E-16,-1.,0.));
#2635 = PLANE('',#2636);
#2636 = AXIS2_PLACEMENT_3D('',#2637,#2638,#2639);
#2637 = CARTESIAN_POINT('',(1.95,2.275,1.025));
#2638 = DIRECTION('',(-1.,-2.22044604925E-16,0.));
#2639 = DIRECTION('',(2.22044604925E-16,-1.,0.));
#2640 = ADVANCED_FACE('',(#2641),#2666,.F.);
#2641 = FACE_BOUND('',#2642,.F.);
#2642 = EDGE_LOOP('',(#2643,#2651,#2652,#2660));
#2643 = ORIENTED_EDGE('',*,*,#2644,.F.);
#2644 = EDGE_CURVE('',#2209,#2645,#2647,.T.);
#2645 = VERTEX_POINT('',#2646);
#2646 = CARTESIAN_POINT('',(2.25,0.84,0.825));
#2647 = LINE('',#2648,#2649);
#2648 = CARTESIAN_POINT('',(1.8,0.84,0.825));
#2649 = VECTOR('',#2650,1.);
#2650 = DIRECTION('',(1.,2.22044604925E-16,0.));
#2651 = ORIENTED_EDGE('',*,*,#2208,.T.);
#2652 = ORIENTED_EDGE('',*,*,#2653,.T.);
#2653 = EDGE_CURVE('',#2201,#2654,#2656,.T.);
#2654 = VERTEX_POINT('',#2655);
#2655 = CARTESIAN_POINT('',(2.25,0.43,0.825));
#2656 = LINE('',#2657,#2658);
#2657 = CARTESIAN_POINT('',(1.8,0.43,0.825));
#2658 = VECTOR('',#2659,1.);
#2659 = DIRECTION('',(1.,2.22044604925E-16,0.));
#2660 = ORIENTED_EDGE('',*,*,#2661,.F.);
#2661 = EDGE_CURVE('',#2645,#2654,#2662,.T.);
#2662 = LINE('',#2663,#2664);
#2663 = CARTESIAN_POINT('',(2.25,0.84,0.825));
#2664 = VECTOR('',#2665,1.);
#2665 = DIRECTION('',(2.22044604925E-16,-1.,0.));
#2666 = PLANE('',#2667);
#2667 = AXIS2_PLACEMENT_3D('',#2668,#2669,#2670);
#2668 = CARTESIAN_POINT('',(1.8,0.84,0.825));
#2669 = DIRECTION('',(0.,0.,1.));
#2670 = DIRECTION('',(1.,2.22044604925E-16,-0.));
#2671 = ADVANCED_FACE('',(#2672),#2697,.F.);
#2672 = FACE_BOUND('',#2673,.F.);
#2673 = EDGE_LOOP('',(#2674,#2682,#2683,#2691));
#2674 = ORIENTED_EDGE('',*,*,#2675,.F.);
#2675 = EDGE_CURVE('',#2193,#2676,#2678,.T.);
#2676 = VERTEX_POINT('',#2677);
#2677 = CARTESIAN_POINT('',(2.25,-0.43,0.825));
#2678 = LINE('',#2679,#2680);
#2679 = CARTESIAN_POINT('',(1.8,-0.43,0.825));
#2680 = VECTOR('',#2681,1.);
#2681 = DIRECTION('',(1.,2.22044604925E-16,0.));
#2682 = ORIENTED_EDGE('',*,*,#2192,.T.);
#2683 = ORIENTED_EDGE('',*,*,#2684,.T.);
#2684 = EDGE_CURVE('',#2185,#2685,#2687,.T.);
#2685 = VERTEX_POINT('',#2686);
#2686 = CARTESIAN_POINT('',(2.25,-0.84,0.825));
#2687 = LINE('',#2688,#2689);
#2688 = CARTESIAN_POINT('',(1.8,-0.84,0.825));
#2689 = VECTOR('',#2690,1.);
#2690 = DIRECTION('',(1.,2.22044604925E-16,0.));
#2691 = ORIENTED_EDGE('',*,*,#2692,.F.);
#2692 = EDGE_CURVE('',#2676,#2685,#2693,.T.);
#2693 = LINE('',#2694,#2695);
#2694 = CARTESIAN_POINT('',(2.25,-0.43,0.825));
#2695 = VECTOR('',#2696,1.);
#2696 = DIRECTION('',(2.22044604925E-16,-1.,0.));
#2697 = PLANE('',#2698);
#2698 = AXIS2_PLACEMENT_3D('',#2699,#2700,#2701);
#2699 = CARTESIAN_POINT('',(1.8,-0.43,0.825));
#2700 = DIRECTION('',(0.,0.,1.));
#2701 = DIRECTION('',(1.,2.22044604925E-16,-0.));
#2702 = ADVANCED_FACE('',(#2703),#2728,.F.);
#2703 = FACE_BOUND('',#2704,.F.);
#2704 = EDGE_LOOP('',(#2705,#2713,#2714,#2722));
#2705 = ORIENTED_EDGE('',*,*,#2706,.F.);
#2706 = EDGE_CURVE('',#2201,#2707,#2709,.T.);
#2707 = VERTEX_POINT('',#2708);
#2708 = CARTESIAN_POINT('',(1.95,0.43,1.025));
#2709 = LINE('',#2710,#2711);
#2710 = CARTESIAN_POINT('',(1.95,0.43,0.778829828783));
#2711 = VECTOR('',#2712,1.);
#2712 = DIRECTION('',(0.,0.,1.));
#2713 = ORIENTED_EDGE('',*,*,#2200,.T.);
#2714 = ORIENTED_EDGE('',*,*,#2715,.T.);
#2715 = EDGE_CURVE('',#2193,#2716,#2718,.T.);
#2716 = VERTEX_POINT('',#2717);
#2717 = CARTESIAN_POINT('',(1.95,-0.43,1.025));
#2718 = LINE('',#2719,#2720);
#2719 = CARTESIAN_POINT('',(1.95,-0.43,0.778829828783));
#2720 = VECTOR('',#2721,1.);
#2721 = DIRECTION('',(0.,0.,1.));
#2722 = ORIENTED_EDGE('',*,*,#2723,.F.);
#2723 = EDGE_CURVE('',#2707,#2716,#2724,.T.);
#2724 = LINE('',#2725,#2726);
#2725 = CARTESIAN_POINT('',(1.95,2.275,1.025));
#2726 = VECTOR('',#2727,1.);
#2727 = DIRECTION('',(2.22044604925E-16,-1.,0.));
#2728 = PLANE('',#2729);
#2729 = AXIS2_PLACEMENT_3D('',#2730,#2731,#2732);
#2730 = CARTESIAN_POINT('',(1.95,2.275,1.025));
#2731 = DIRECTION('',(-1.,-2.22044604925E-16,0.));
#2732 = DIRECTION('',(2.22044604925E-16,-1.,0.));
#2733 = ADVANCED_FACE('',(#2734),#2751,.F.);
#2734 = FACE_BOUND('',#2735,.F.);
#2735 = EDGE_LOOP('',(#2736,#2737,#2738,#2746));
#2736 = ORIENTED_EDGE('',*,*,#2508,.T.);
#2737 = ORIENTED_EDGE('',*,*,#2261,.T.);
#2738 = ORIENTED_EDGE('',*,*,#2739,.F.);
#2739 = EDGE_CURVE('',#2740,#2262,#2742,.T.);
#2740 = VERTEX_POINT('',#2741);
#2741 = CARTESIAN_POINT('',(1.775,2.45,1.025));
#2742 = LINE('',#2743,#2744);
#2743 = CARTESIAN_POINT('',(1.775,2.45,1.025));
#2744 = VECTOR('',#2745,1.);
#2745 = DIRECTION('',(0.707106781187,-0.707106781187,0.));
#2746 = ORIENTED_EDGE('',*,*,#2747,.F.);
#2747 = EDGE_CURVE('',#2509,#2740,#2748,.T.);
#2748 = B_SPLINE_CURVE_WITH_KNOTS('',1,(#2749,#2750),.UNSPECIFIED.,.F.,
  .F.,(2,2),(0.,1.),.PIECEWISE_BEZIER_KNOTS.);
#2749 = CARTESIAN_POINT('',(1.775,2.45,0.825));
#2750 = CARTESIAN_POINT('',(1.775,2.45,1.025));
#2751 = PLANE('',#2752);
#2752 = AXIS2_PLACEMENT_3D('',#2753,#2754,#2755);
#2753 = CARTESIAN_POINT('',(1.775,2.45,1.025));
#2754 = DIRECTION('',(-0.707106781187,-0.707106781187,0.));
#2755 = DIRECTION('',(0.707106781187,-0.707106781187,0.));
#2756 = ADVANCED_FACE('',(#2757),#2774,.F.);
#2757 = FACE_BOUND('',#2758,.F.);
#2758 = EDGE_LOOP('',(#2759,#2766,#2767,#2768));
#2759 = ORIENTED_EDGE('',*,*,#2760,.F.);
#2760 = EDGE_CURVE('',#2262,#2761,#2763,.T.);
#2761 = VERTEX_POINT('',#2762);
#2762 = CARTESIAN_POINT('',(1.875,2.2375,1.025));
#2763 = B_SPLINE_CURVE_WITH_KNOTS('',1,(#2764,#2765),.UNSPECIFIED.,.F.,
  .F.,(2,2),(0.,1.),.PIECEWISE_BEZIER_KNOTS.);
#2764 = CARTESIAN_POINT('',(1.95,2.275,1.025));
#2765 = CARTESIAN_POINT('',(1.875,2.2375,1.025));
#2766 = ORIENTED_EDGE('',*,*,#2270,.T.);
#2767 = ORIENTED_EDGE('',*,*,#2308,.T.);
#2768 = ORIENTED_EDGE('',*,*,#2769,.F.);
#2769 = EDGE_CURVE('',#2761,#2301,#2770,.T.);
#2770 = LINE('',#2771,#2772);
#2771 = CARTESIAN_POINT('',(1.875,2.2375,1.025));
#2772 = VECTOR('',#2773,1.);
#2773 = DIRECTION('',(2.22044604925E-16,-1.,0.));
#2774 = B_SPLINE_SURFACE_WITH_KNOTS('',1,1,(
    (#2775,#2776)
    ,(#2777,#2778
    )),.UNSPECIFIED.,.F.,.F.,.F.,(2,2),(2,2),(0.,4.55),(0.,1.),
  .PIECEWISE_BEZIER_KNOTS.);
#2775 = CARTESIAN_POINT('',(1.95,2.275,1.025));
#2776 = CARTESIAN_POINT('',(1.875,2.2375,1.025));
#2777 = CARTESIAN_POINT('',(1.95,-2.275,1.025));
#2778 = CARTESIAN_POINT('',(1.875,-2.2375,1.025));
#2779 = ADVANCED_FACE('',(#2780),#2860,.F.);
#2780 = FACE_BOUND('',#2781,.F.);
#2781 = EDGE_LOOP('',(#2782,#2783,#2784,#2792,#2800,#2808,#2816,#2824,
    #2832,#2840,#2847,#2855));
#2782 = ORIENTED_EDGE('',*,*,#2769,.T.);
#2783 = ORIENTED_EDGE('',*,*,#2300,.T.);
#2784 = ORIENTED_EDGE('',*,*,#2785,.T.);
#2785 = EDGE_CURVE('',#2293,#2786,#2788,.T.);
#2786 = VERTEX_POINT('',#2787);
#2787 = CARTESIAN_POINT('',(1.875,0.84,1.025));
#2788 = LINE('',#2789,#2790);
#2789 = CARTESIAN_POINT('',(1.875,2.2375,1.025));
#2790 = VECTOR('',#2791,1.);
#2791 = DIRECTION('',(2.22044604925E-16,-1.,0.));
#2792 = ORIENTED_EDGE('',*,*,#2793,.T.);
#2793 = EDGE_CURVE('',#2786,#2794,#2796,.T.);
#2794 = VERTEX_POINT('',#2795);
#2795 = CARTESIAN_POINT('',(1.875,0.43,1.025));
#2796 = LINE('',#2797,#2798);
#2797 = CARTESIAN_POINT('',(1.875,2.2375,1.025));
#2798 = VECTOR('',#2799,1.);
#2799 = DIRECTION('',(2.22044604925E-16,-1.,0.));
#2800 = ORIENTED_EDGE('',*,*,#2801,.T.);
#2801 = EDGE_CURVE('',#2794,#2802,#2804,.T.);
#2802 = VERTEX_POINT('',#2803);
#2803 = CARTESIAN_POINT('',(1.875,-0.43,1.025));
#2804 = LINE('',#2805,#2806);
#2805 = CARTESIAN_POINT('',(1.875,2.2375,1.025));
#2806 = VECTOR('',#2807,1.);
#2807 = DIRECTION('',(2.22044604925E-16,-1.,0.));
#2808 = ORIENTED_EDGE('',*,*,#2809,.T.);
#2809 = EDGE_CURVE('',#2802,#2810,#2812,.T.);
#2810 = VERTEX_POINT('',#2811);
#2811 = CARTESIAN_POINT('',(1.875,-0.84,1.025));
#2812 = LINE('',#2813,#2814);
#2813 = CARTESIAN_POINT('',(1.875,2.2375,1.025));
#2814 = VECTOR('',#2815,1.);
#2815 = DIRECTION('',(2.22044604925E-16,-1.,0.));
#2816 = ORIENTED_EDGE('',*,*,#2817,.T.);
#2817 = EDGE_CURVE('',#2810,#2818,#2820,.T.);
#2818 = VERTEX_POINT('',#2819);
#2819 = CARTESIAN_POINT('',(1.875,-1.7,1.025));
#2820 = LINE('',#2821,#2822);
#2821 = CARTESIAN_POINT('',(1.875,2.2375,1.025));
#2822 = VECTOR('',#2823,1.);
#2823 = DIRECTION('',(2.22044604925E-16,-1.,0.));
#2824 = ORIENTED_EDGE('',*,*,#2825,.T.);
#2825 = EDGE_CURVE('',#2818,#2826,#2828,.T.);
#2826 = VERTEX_POINT('',#2827);
#2827 = CARTESIAN_POINT('',(1.875,-2.11,1.025));
#2828 = LINE('',#2829,#2830);
#2829 = CARTESIAN_POINT('',(1.875,2.2375,1.025));
#2830 = VECTOR('',#2831,1.);
#2831 = DIRECTION('',(2.22044604925E-16,-1.,0.));
#2832 = ORIENTED_EDGE('',*,*,#2833,.T.);
#2833 = EDGE_CURVE('',#2826,#2834,#2836,.T.);
#2834 = VERTEX_POINT('',#2835);
#2835 = CARTESIAN_POINT('',(1.875,-2.2375,1.025));
#2836 = LINE('',#2837,#2838);
#2837 = CARTESIAN_POINT('',(1.875,2.2375,1.025));
#2838 = VECTOR('',#2839,1.);
#2839 = DIRECTION('',(2.22044604925E-16,-1.,0.));
#2840 = ORIENTED_EDGE('',*,*,#2841,.T.);
#2841 = EDGE_CURVE('',#2834,#2842,#2844,.T.);
#2842 = VERTEX_POINT('',#2843);
#2843 = CARTESIAN_POINT('',(1.760171280765,-2.180085640382,1.75));
#2844 = B_SPLINE_CURVE_WITH_KNOTS('',1,(#2845,#2846),.UNSPECIFIED.,.F.,
  .F.,(2,2),(0.,1.),.PIECEWISE_BEZIER_KNOTS.);
#2845 = CARTESIAN_POINT('',(1.875,-2.2375,1.025));
#2846 = CARTESIAN_POINT('',(1.760171280765,-2.180085640382,1.75));
#2847 = ORIENTED_EDGE('',*,*,#2848,.F.);
#2848 = EDGE_CURVE('',#2849,#2842,#2851,.T.);
#2849 = VERTEX_POINT('',#2850);
#2850 = CARTESIAN_POINT('',(1.760171280765,2.180085640382,1.75));
#2851 = LINE('',#2852,#2853);
#2852 = CARTESIAN_POINT('',(1.760171280765,2.180085640382,1.75));
#2853 = VECTOR('',#2854,1.);
#2854 = DIRECTION('',(2.22044604925E-16,-1.,0.));
#2855 = ORIENTED_EDGE('',*,*,#2856,.F.);
#2856 = EDGE_CURVE('',#2761,#2849,#2857,.T.);
#2857 = B_SPLINE_CURVE_WITH_KNOTS('',1,(#2858,#2859),.UNSPECIFIED.,.F.,
  .F.,(2,2),(0.,1.),.PIECEWISE_BEZIER_KNOTS.);
#2858 = CARTESIAN_POINT('',(1.875,2.2375,1.025));
#2859 = CARTESIAN_POINT('',(1.760171280765,2.180085640382,1.75));
#2860 = B_SPLINE_SURFACE_WITH_KNOTS('',1,1,(
    (#2861,#2862)
    ,(#2863,#2864
    )),.UNSPECIFIED.,.F.,.F.,.F.,(2,2),(2,2),(0.,4.475),(0.,1.),
  .PIECEWISE_BEZIER_KNOTS.);
#2861 = CARTESIAN_POINT('',(1.875,2.2375,1.025));
#2862 = CARTESIAN_POINT('',(1.760171280765,2.180085640382,1.75));
#2863 = CARTESIAN_POINT('',(1.875,-2.2375,1.025));
#2864 = CARTESIAN_POINT('',(1.760171280765,-2.180085640382,1.75));
#2865 = ADVANCED_FACE('',(#2866),#2877,.F.);
#2866 = FACE_BOUND('',#2867,.F.);
#2867 = EDGE_LOOP('',(#2868,#2869,#2870,#2876));
#2868 = ORIENTED_EDGE('',*,*,#2292,.F.);
#2869 = ORIENTED_EDGE('',*,*,#2429,.T.);
#2870 = ORIENTED_EDGE('',*,*,#2871,.T.);
#2871 = EDGE_CURVE('',#2422,#2786,#2872,.T.);
#2872 = LINE('',#2873,#2874);
#2873 = CARTESIAN_POINT('',(2.25,0.84,1.025));
#2874 = VECTOR('',#2875,1.);
#2875 = DIRECTION('',(-1.,-2.22044604925E-16,0.));
#2876 = ORIENTED_EDGE('',*,*,#2785,.F.);
#2877 = B_SPLINE_SURFACE_WITH_KNOTS('',1,1,(
    (#2878,#2879)
    ,(#2880,#2881
    )),.UNSPECIFIED.,.F.,.F.,.F.,(2,2),(2,2),(0.,4.55),(0.,1.),
  .PIECEWISE_BEZIER_KNOTS.);
#2878 = CARTESIAN_POINT('',(1.95,2.275,1.025));
#2879 = CARTESIAN_POINT('',(1.875,2.2375,1.025));
#2880 = CARTESIAN_POINT('',(1.95,-2.275,1.025));
#2881 = CARTESIAN_POINT('',(1.875,-2.2375,1.025));
#2882 = ADVANCED_FACE('',(#2883),#2969,.F.);
#2883 = FACE_BOUND('',#2884,.F.);
#2884 = EDGE_LOOP('',(#2885,#2886,#2887,#2896,#2904,#2913,#2921,#2929,
    #2937,#2946,#2954,#2963));
#2885 = ORIENTED_EDGE('',*,*,#2421,.F.);
#2886 = ORIENTED_EDGE('',*,*,#2644,.T.);
#2887 = ORIENTED_EDGE('',*,*,#2888,.T.);
#2888 = EDGE_CURVE('',#2645,#2889,#2891,.T.);
#2889 = VERTEX_POINT('',#2890);
#2890 = CARTESIAN_POINT('',(2.35,0.84,0.725));
#2891 = CIRCLE('',#2892,0.1);
#2892 = AXIS2_PLACEMENT_3D('',#2893,#2894,#2895);
#2893 = CARTESIAN_POINT('',(2.25,0.84,0.725));
#2894 = DIRECTION('',(-2.22044604925E-16,1.,4.379057699844E-47));
#2895 = DIRECTION('',(4.440892098501E-15,9.860761315262E-31,1.));
#2896 = ORIENTED_EDGE('',*,*,#2897,.T.);
#2897 = EDGE_CURVE('',#2889,#2898,#2900,.T.);
#2898 = VERTEX_POINT('',#2899);
#2899 = CARTESIAN_POINT('',(2.35,0.84,0.3));
#2900 = LINE('',#2901,#2902);
#2901 = CARTESIAN_POINT('',(2.35,0.84,0.725));
#2902 = VECTOR('',#2903,1.);
#2903 = DIRECTION('',(1.044915787883E-15,2.320179133003E-31,-1.));
#2904 = ORIENTED_EDGE('',*,*,#2905,.T.);
#2905 = EDGE_CURVE('',#2898,#2906,#2908,.T.);
#2906 = VERTEX_POINT('',#2907);
#2907 = CARTESIAN_POINT('',(2.65,0.84,5.551115123126E-17));
#2908 = CIRCLE('',#2909,0.3);
#2909 = AXIS2_PLACEMENT_3D('',#2910,#2911,#2912);
#2910 = CARTESIAN_POINT('',(2.65,0.84,0.3));
#2911 = DIRECTION('',(2.22044604925E-16,-1.,0.));
#2912 = DIRECTION('',(-1.,-2.22044604925E-16,3.515706244646E-15));
#2913 = ORIENTED_EDGE('',*,*,#2914,.T.);
#2914 = EDGE_CURVE('',#2906,#2915,#2917,.T.);
#2915 = VERTEX_POINT('',#2916);
#2916 = CARTESIAN_POINT('',(3.,0.84,5.551115123126E-17));
#2917 = LINE('',#2918,#2919);
#2918 = CARTESIAN_POINT('',(2.65,0.84,5.551115123126E-17));
#2919 = VECTOR('',#2920,1.);
#2920 = DIRECTION('',(1.,2.22044604925E-16,0.));
#2921 = ORIENTED_EDGE('',*,*,#2922,.T.);
#2922 = EDGE_CURVE('',#2915,#2923,#2925,.T.);
#2923 = VERTEX_POINT('',#2924);
#2924 = CARTESIAN_POINT('',(3.,0.84,0.2));
#2925 = LINE('',#2926,#2927);
#2926 = CARTESIAN_POINT('',(3.,0.84,5.551115123126E-17));
#2927 = VECTOR('',#2928,1.);
#2928 = DIRECTION('',(0.,0.,1.));
#2929 = ORIENTED_EDGE('',*,*,#2930,.T.);
#2930 = EDGE_CURVE('',#2923,#2931,#2933,.T.);
#2931 = VERTEX_POINT('',#2932);
#2932 = CARTESIAN_POINT('',(2.65,0.84,0.2));
#2933 = LINE('',#2934,#2935);
#2934 = CARTESIAN_POINT('',(3.,0.84,0.2));
#2935 = VECTOR('',#2936,1.);
#2936 = DIRECTION('',(-1.,-2.22044604925E-16,0.));
#2937 = ORIENTED_EDGE('',*,*,#2938,.T.);
#2938 = EDGE_CURVE('',#2931,#2939,#2941,.T.);
#2939 = VERTEX_POINT('',#2940);
#2940 = CARTESIAN_POINT('',(2.55,0.84,0.3));
#2941 = CIRCLE('',#2942,0.1);
#2942 = AXIS2_PLACEMENT_3D('',#2943,#2944,#2945);
#2943 = CARTESIAN_POINT('',(2.65,0.84,0.3));
#2944 = DIRECTION('',(-2.22044604925E-16,1.,0.));
#2945 = DIRECTION('',(0.,0.,-1.));
#2946 = ORIENTED_EDGE('',*,*,#2947,.T.);
#2947 = EDGE_CURVE('',#2939,#2948,#2950,.T.);
#2948 = VERTEX_POINT('',#2949);
#2949 = CARTESIAN_POINT('',(2.55,0.84,0.725));
#2950 = LINE('',#2951,#2952);
#2951 = CARTESIAN_POINT('',(2.55,0.84,0.3));
#2952 = VECTOR('',#2953,1.);
#2953 = DIRECTION('',(0.,0.,1.));
#2954 = ORIENTED_EDGE('',*,*,#2955,.T.);
#2955 = EDGE_CURVE('',#2948,#2956,#2958,.T.);
#2956 = VERTEX_POINT('',#2957);
#2957 = CARTESIAN_POINT('',(2.25,0.84,1.025));
#2958 = CIRCLE('',#2959,0.3);
#2959 = AXIS2_PLACEMENT_3D('',#2960,#2961,#2962);
#2960 = CARTESIAN_POINT('',(2.25,0.84,0.725));
#2961 = DIRECTION('',(2.22044604925E-16,-1.,0.));
#2962 = DIRECTION('',(1.,2.22044604925E-16,3.700743415417E-16));
#2963 = ORIENTED_EDGE('',*,*,#2964,.T.);
#2964 = EDGE_CURVE('',#2956,#2422,#2965,.T.);
#2965 = LINE('',#2966,#2967);
#2966 = CARTESIAN_POINT('',(2.25,0.84,1.025));
#2967 = VECTOR('',#2968,1.);
#2968 = DIRECTION('',(-1.,-2.22044604925E-16,0.));
#2969 = PLANE('',#2970);
#2970 = AXIS2_PLACEMENT_3D('',#2971,#2972,#2973);
#2971 = CARTESIAN_POINT('',(2.41578967201,0.84,0.532659657565));
#2972 = DIRECTION('',(2.22044604925E-16,-1.,0.));
#2973 = DIRECTION('',(0.,0.,1.));
#2974 = ADVANCED_FACE('',(#2975),#2992,.F.);
#2975 = FACE_BOUND('',#2976,.F.);
#2976 = EDGE_LOOP('',(#2977,#2978,#2979,#2987));
#2977 = ORIENTED_EDGE('',*,*,#2443,.T.);
#2978 = ORIENTED_EDGE('',*,*,#2516,.T.);
#2979 = ORIENTED_EDGE('',*,*,#2980,.F.);
#2980 = EDGE_CURVE('',#2981,#2509,#2983,.T.);
#2981 = VERTEX_POINT('',#2982);
#2982 = CARTESIAN_POINT('',(-1.775,2.45,0.825));
#2983 = LINE('',#2984,#2985);
#2984 = CARTESIAN_POINT('',(-1.775,2.45,0.825));
#2985 = VECTOR('',#2986,1.);
#2986 = DIRECTION('',(1.,2.22044604925E-16,0.));
#2987 = ORIENTED_EDGE('',*,*,#2988,.F.);
#2988 = EDGE_CURVE('',#2444,#2981,#2989,.T.);
#2989 = B_SPLINE_CURVE_WITH_KNOTS('',1,(#2990,#2991),.UNSPECIFIED.,.F.,
  .F.,(2,2),(0.,1.),.PIECEWISE_BEZIER_KNOTS.);
#2990 = CARTESIAN_POINT('',(-1.717585640382,2.335171280765,0.1));
#2991 = CARTESIAN_POINT('',(-1.775,2.45,0.825));
#2992 = B_SPLINE_SURFACE_WITH_KNOTS('',1,1,(
    (#2993,#2994)
    ,(#2995,#2996
    )),.UNSPECIFIED.,.F.,.F.,.F.,(2,2),(2,2),(0.,3.55),(0.,1.),
  .PIECEWISE_BEZIER_KNOTS.);
#2993 = CARTESIAN_POINT('',(-1.717585640382,2.335171280765,0.1));
#2994 = CARTESIAN_POINT('',(-1.775,2.45,0.825));
#2995 = CARTESIAN_POINT('',(1.717585640382,2.335171280765,0.1));
#2996 = CARTESIAN_POINT('',(1.775,2.45,0.825));
#2997 = ADVANCED_FACE('',(#2998),#3015,.F.);
#2998 = FACE_BOUND('',#2999,.F.);
#2999 = EDGE_LOOP('',(#3000,#3001,#3008,#3014));
#3000 = ORIENTED_EDGE('',*,*,#2468,.T.);
#3001 = ORIENTED_EDGE('',*,*,#3002,.T.);
#3002 = EDGE_CURVE('',#2469,#3003,#3005,.T.);
#3003 = VERTEX_POINT('',#3004);
#3004 = CARTESIAN_POINT('',(-1.775,-2.45,0.825));
#3005 = B_SPLINE_CURVE_WITH_KNOTS('',1,(#3006,#3007),.UNSPECIFIED.,.F.,
  .F.,(2,2),(0.,1.),.PIECEWISE_BEZIER_KNOTS.);
#3006 = CARTESIAN_POINT('',(-1.717585640382,-2.335171280765,0.1));
#3007 = CARTESIAN_POINT('',(-1.775,-2.45,0.825));
#3008 = ORIENTED_EDGE('',*,*,#3009,.F.);
#3009 = EDGE_CURVE('',#2531,#3003,#3010,.T.);
#3010 = LINE('',#3011,#3012);
#3011 = CARTESIAN_POINT('',(1.775,-2.45,0.825));
#3012 = VECTOR('',#3013,1.);
#3013 = DIRECTION('',(-1.,-2.22044604925E-16,0.));
#3014 = ORIENTED_EDGE('',*,*,#2530,.F.);
#3015 = B_SPLINE_SURFACE_WITH_KNOTS('',1,1,(
    (#3016,#3017)
    ,(#3018,#3019
    )),.UNSPECIFIED.,.F.,.F.,.F.,(2,2),(2,2),(0.,3.55),(0.,1.),
  .PIECEWISE_BEZIER_KNOTS.);
#3016 = CARTESIAN_POINT('',(1.717585640382,-2.335171280765,0.1));
#3017 = CARTESIAN_POINT('',(1.775,-2.45,0.825));
#3018 = CARTESIAN_POINT('',(-1.717585640382,-2.335171280765,0.1));
#3019 = CARTESIAN_POINT('',(-1.775,-2.45,0.825));
#3020 = ADVANCED_FACE('',(#3021),#3038,.F.);
#3021 = FACE_BOUND('',#3022,.F.);
#3022 = EDGE_LOOP('',(#3023,#3024,#3031,#3037));
#3023 = ORIENTED_EDGE('',*,*,#2476,.T.);
#3024 = ORIENTED_EDGE('',*,*,#3025,.T.);
#3025 = EDGE_CURVE('',#2477,#3026,#3028,.T.);
#3026 = VERTEX_POINT('',#3027);
#3027 = CARTESIAN_POINT('',(-1.95,-2.275,0.825));
#3028 = B_SPLINE_CURVE_WITH_KNOTS('',1,(#3029,#3030),.UNSPECIFIED.,.F.,
  .F.,(2,2),(0.,1.),.PIECEWISE_BEZIER_KNOTS.);
#3029 = CARTESIAN_POINT('',(-1.835171280765,-2.217585640382,0.1));
#3030 = CARTESIAN_POINT('',(-1.95,-2.275,0.825));
#3031 = ORIENTED_EDGE('',*,*,#3032,.F.);
#3032 = EDGE_CURVE('',#3003,#3026,#3033,.T.);
#3033 = LINE('',#3034,#3035);
#3034 = CARTESIAN_POINT('',(-1.775,-2.45,0.825));
#3035 = VECTOR('',#3036,1.);
#3036 = DIRECTION('',(-0.707106781187,0.707106781187,0.));
#3037 = ORIENTED_EDGE('',*,*,#3002,.F.);
#3038 = B_SPLINE_SURFACE_WITH_KNOTS('',1,1,(
    (#3039,#3040)
    ,(#3041,#3042
    )),.UNSPECIFIED.,.F.,.F.,.F.,(2,2),(2,2),(0.,0.247487373415),(0.,1.)
  ,.PIECEWISE_BEZIER_KNOTS.);
#3039 = CARTESIAN_POINT('',(-1.717585640382,-2.335171280765,0.1));
#3040 = CARTESIAN_POINT('',(-1.775,-2.45,0.825));
#3041 = CARTESIAN_POINT('',(-1.835171280765,-2.217585640382,0.1));
#3042 = CARTESIAN_POINT('',(-1.95,-2.275,0.825));
#3043 = ADVANCED_FACE('',(#3044),#3125,.F.);
#3044 = FACE_BOUND('',#3045,.F.);
#3045 = EDGE_LOOP('',(#3046,#3047,#3054,#3062,#3070,#3078,#3086,#3094,
    #3102,#3110,#3118,#3124));
#3046 = ORIENTED_EDGE('',*,*,#2484,.T.);
#3047 = ORIENTED_EDGE('',*,*,#3048,.T.);
#3048 = EDGE_CURVE('',#2485,#3049,#3051,.T.);
#3049 = VERTEX_POINT('',#3050);
#3050 = CARTESIAN_POINT('',(-1.95,2.275,0.825));
#3051 = B_SPLINE_CURVE_WITH_KNOTS('',1,(#3052,#3053),.UNSPECIFIED.,.F.,
  .F.,(2,2),(0.,1.),.PIECEWISE_BEZIER_KNOTS.);
#3052 = CARTESIAN_POINT('',(-1.835171280765,2.217585640382,0.1));
#3053 = CARTESIAN_POINT('',(-1.95,2.275,0.825));
#3054 = ORIENTED_EDGE('',*,*,#3055,.F.);
#3055 = EDGE_CURVE('',#3056,#3049,#3058,.T.);
#3056 = VERTEX_POINT('',#3057);
#3057 = CARTESIAN_POINT('',(-1.95,2.11,0.825));
#3058 = LINE('',#3059,#3060);
#3059 = CARTESIAN_POINT('',(-1.95,-2.275,0.825));
#3060 = VECTOR('',#3061,1.);
#3061 = DIRECTION('',(-2.22044604925E-16,1.,0.));
#3062 = ORIENTED_EDGE('',*,*,#3063,.F.);
#3063 = EDGE_CURVE('',#3064,#3056,#3066,.T.);
#3064 = VERTEX_POINT('',#3065);
#3065 = CARTESIAN_POINT('',(-1.95,1.7,0.825));
#3066 = LINE('',#3067,#3068);
#3067 = CARTESIAN_POINT('',(-1.95,-2.275,0.825));
#3068 = VECTOR('',#3069,1.);
#3069 = DIRECTION('',(-2.22044604925E-16,1.,0.));
#3070 = ORIENTED_EDGE('',*,*,#3071,.F.);
#3071 = EDGE_CURVE('',#3072,#3064,#3074,.T.);
#3072 = VERTEX_POINT('',#3073);
#3073 = CARTESIAN_POINT('',(-1.95,0.84,0.825));
#3074 = LINE('',#3075,#3076);
#3075 = CARTESIAN_POINT('',(-1.95,-2.275,0.825));
#3076 = VECTOR('',#3077,1.);
#3077 = DIRECTION('',(-2.22044604925E-16,1.,0.));
#3078 = ORIENTED_EDGE('',*,*,#3079,.F.);
#3079 = EDGE_CURVE('',#3080,#3072,#3082,.T.);
#3080 = VERTEX_POINT('',#3081);
#3081 = CARTESIAN_POINT('',(-1.95,0.43,0.825));
#3082 = LINE('',#3083,#3084);
#3083 = CARTESIAN_POINT('',(-1.95,-2.275,0.825));
#3084 = VECTOR('',#3085,1.);
#3085 = DIRECTION('',(-2.22044604925E-16,1.,0.));
#3086 = ORIENTED_EDGE('',*,*,#3087,.F.);
#3087 = EDGE_CURVE('',#3088,#3080,#3090,.T.);
#3088 = VERTEX_POINT('',#3089);
#3089 = CARTESIAN_POINT('',(-1.95,-0.43,0.825));
#3090 = LINE('',#3091,#3092);
#3091 = CARTESIAN_POINT('',(-1.95,-2.275,0.825));
#3092 = VECTOR('',#3093,1.);
#3093 = DIRECTION('',(-2.22044604925E-16,1.,0.));
#3094 = ORIENTED_EDGE('',*,*,#3095,.F.);
#3095 = EDGE_CURVE('',#3096,#3088,#3098,.T.);
#3096 = VERTEX_POINT('',#3097);
#3097 = CARTESIAN_POINT('',(-1.95,-0.84,0.825));
#3098 = LINE('',#3099,#3100);
#3099 = CARTESIAN_POINT('',(-1.95,-2.275,0.825));
#3100 = VECTOR('',#3101,1.);
#3101 = DIRECTION('',(-2.22044604925E-16,1.,0.));
#3102 = ORIENTED_EDGE('',*,*,#3103,.F.);
#3103 = EDGE_CURVE('',#3104,#3096,#3106,.T.);
#3104 = VERTEX_POINT('',#3105);
#3105 = CARTESIAN_POINT('',(-1.95,-1.7,0.825));
#3106 = LINE('',#3107,#3108);
#3107 = CARTESIAN_POINT('',(-1.95,-2.275,0.825));
#3108 = VECTOR('',#3109,1.);
#3109 = DIRECTION('',(-2.22044604925E-16,1.,0.));
#3110 = ORIENTED_EDGE('',*,*,#3111,.F.);
#3111 = EDGE_CURVE('',#3112,#3104,#3114,.T.);
#3112 = VERTEX_POINT('',#3113);
#3113 = CARTESIAN_POINT('',(-1.95,-2.11,0.825));
#3114 = LINE('',#3115,#3116);
#3115 = CARTESIAN_POINT('',(-1.95,-2.275,0.825));
#3116 = VECTOR('',#3117,1.);
#3117 = DIRECTION('',(-2.22044604925E-16,1.,0.));
#3118 = ORIENTED_EDGE('',*,*,#3119,.F.);
#3119 = EDGE_CURVE('',#3026,#3112,#3120,.T.);
#3120 = LINE('',#3121,#3122);
#3121 = CARTESIAN_POINT('',(-1.95,-2.275,0.825));
#3122 = VECTOR('',#3123,1.);
#3123 = DIRECTION('',(-2.22044604925E-16,1.,0.));
#3124 = ORIENTED_EDGE('',*,*,#3025,.F.);
#3125 = B_SPLINE_SURFACE_WITH_KNOTS('',1,1,(
    (#3126,#3127)
    ,(#3128,#3129
    )),.UNSPECIFIED.,.F.,.F.,.F.,(2,2),(2,2),(0.,4.55),(0.,1.),
  .PIECEWISE_BEZIER_KNOTS.);
#3126 = CARTESIAN_POINT('',(-1.835171280765,-2.217585640382,0.1));
#3127 = CARTESIAN_POINT('',(-1.95,-2.275,0.825));
#3128 = CARTESIAN_POINT('',(-1.835171280765,2.217585640382,0.1));
#3129 = CARTESIAN_POINT('',(-1.95,2.275,0.825));
#3130 = ADVANCED_FACE('',(#3131),#3142,.F.);
#3131 = FACE_BOUND('',#3132,.F.);
#3132 = EDGE_LOOP('',(#3133,#3134,#3135,#3141));
#3133 = ORIENTED_EDGE('',*,*,#2492,.T.);
#3134 = ORIENTED_EDGE('',*,*,#2988,.T.);
#3135 = ORIENTED_EDGE('',*,*,#3136,.F.);
#3136 = EDGE_CURVE('',#3049,#2981,#3137,.T.);
#3137 = LINE('',#3138,#3139);
#3138 = CARTESIAN_POINT('',(-1.95,2.275,0.825));
#3139 = VECTOR('',#3140,1.);
#3140 = DIRECTION('',(0.707106781187,0.707106781187,0.));
#3141 = ORIENTED_EDGE('',*,*,#3048,.F.);
#3142 = B_SPLINE_SURFACE_WITH_KNOTS('',1,1,(
    (#3143,#3144)
    ,(#3145,#3146
    )),.UNSPECIFIED.,.F.,.F.,.F.,(2,2),(2,2),(0.,0.247487373415),(0.,1.)
  ,.PIECEWISE_BEZIER_KNOTS.);
#3143 = CARTESIAN_POINT('',(-1.835171280765,2.217585640382,0.1));
#3144 = CARTESIAN_POINT('',(-1.95,2.275,0.825));
#3145 = CARTESIAN_POINT('',(-1.717585640382,2.335171280765,0.1));
#3146 = CARTESIAN_POINT('',(-1.775,2.45,0.825));
#3147 = ADVANCED_FACE('',(#3148),#3165,.F.);
#3148 = FACE_BOUND('',#3149,.F.);
#3149 = EDGE_LOOP('',(#3150,#3151,#3158,#3164));
#3150 = ORIENTED_EDGE('',*,*,#2537,.T.);
#3151 = ORIENTED_EDGE('',*,*,#3152,.T.);
#3152 = EDGE_CURVE('',#2531,#3153,#3155,.T.);
#3153 = VERTEX_POINT('',#3154);
#3154 = CARTESIAN_POINT('',(1.775,-2.45,1.025));
#3155 = B_SPLINE_CURVE_WITH_KNOTS('',1,(#3156,#3157),.UNSPECIFIED.,.F.,
  .F.,(2,2),(0.,1.),.PIECEWISE_BEZIER_KNOTS.);
#3156 = CARTESIAN_POINT('',(1.775,-2.45,0.825));
#3157 = CARTESIAN_POINT('',(1.775,-2.45,1.025));
#3158 = ORIENTED_EDGE('',*,*,#3159,.F.);
#3159 = EDGE_CURVE('',#2562,#3153,#3160,.T.);
#3160 = LINE('',#3161,#3162);
#3161 = CARTESIAN_POINT('',(1.95,-2.275,1.025));
#3162 = VECTOR('',#3163,1.);
#3163 = DIRECTION('',(-0.707106781187,-0.707106781187,0.));
#3164 = ORIENTED_EDGE('',*,*,#2561,.F.);
#3165 = PLANE('',#3166);
#3166 = AXIS2_PLACEMENT_3D('',#3167,#3168,#3169);
#3167 = CARTESIAN_POINT('',(1.95,-2.275,1.025));
#3168 = DIRECTION('',(-0.707106781187,0.707106781187,0.));
#3169 = DIRECTION('',(-0.707106781187,-0.707106781187,0.));
#3170 = ADVANCED_FACE('',(#3171),#3257,.T.);
#3171 = FACE_BOUND('',#3172,.T.);
#3172 = EDGE_LOOP('',(#3173,#3174,#3175,#3184,#3192,#3201,#3209,#3217,
    #3225,#3234,#3242,#3251));
#3173 = ORIENTED_EDGE('',*,*,#2552,.F.);
#3174 = ORIENTED_EDGE('',*,*,#2591,.T.);
#3175 = ORIENTED_EDGE('',*,*,#3176,.T.);
#3176 = EDGE_CURVE('',#2592,#3177,#3179,.T.);
#3177 = VERTEX_POINT('',#3178);
#3178 = CARTESIAN_POINT('',(2.35,-2.11,0.725));
#3179 = CIRCLE('',#3180,0.1);
#3180 = AXIS2_PLACEMENT_3D('',#3181,#3182,#3183);
#3181 = CARTESIAN_POINT('',(2.25,-2.11,0.725));
#3182 = DIRECTION('',(-2.22044604925E-16,1.,4.379057699844E-47));
#3183 = DIRECTION('',(4.440892098501E-15,9.860761315262E-31,1.));
#3184 = ORIENTED_EDGE('',*,*,#3185,.T.);
#3185 = EDGE_CURVE('',#3177,#3186,#3188,.T.);
#3186 = VERTEX_POINT('',#3187);
#3187 = CARTESIAN_POINT('',(2.35,-2.11,0.3));
#3188 = LINE('',#3189,#3190);
#3189 = CARTESIAN_POINT('',(2.35,-2.11,0.725));
#3190 = VECTOR('',#3191,1.);
#3191 = DIRECTION('',(1.044915787883E-15,2.320179133003E-31,-1.));
#3192 = ORIENTED_EDGE('',*,*,#3193,.T.);
#3193 = EDGE_CURVE('',#3186,#3194,#3196,.T.);
#3194 = VERTEX_POINT('',#3195);
#3195 = CARTESIAN_POINT('',(2.65,-2.11,5.551115123126E-17));
#3196 = CIRCLE('',#3197,0.3);
#3197 = AXIS2_PLACEMENT_3D('',#3198,#3199,#3200);
#3198 = CARTESIAN_POINT('',(2.65,-2.11,0.3));
#3199 = DIRECTION('',(2.22044604925E-16,-1.,0.));
#3200 = DIRECTION('',(-1.,-2.22044604925E-16,3.515706244646E-15));
#3201 = ORIENTED_EDGE('',*,*,#3202,.T.);
#3202 = EDGE_CURVE('',#3194,#3203,#3205,.T.);
#3203 = VERTEX_POINT('',#3204);
#3204 = CARTESIAN_POINT('',(3.,-2.11,5.551115123126E-17));
#3205 = LINE('',#3206,#3207);
#3206 = CARTESIAN_POINT('',(2.65,-2.11,5.551115123126E-17));
#3207 = VECTOR('',#3208,1.);
#3208 = DIRECTION('',(1.,2.22044604925E-16,0.));
#3209 = ORIENTED_EDGE('',*,*,#3210,.T.);
#3210 = EDGE_CURVE('',#3203,#3211,#3213,.T.);
#3211 = VERTEX_POINT('',#3212);
#3212 = CARTESIAN_POINT('',(3.,-2.11,0.2));
#3213 = LINE('',#3214,#3215);
#3214 = CARTESIAN_POINT('',(3.,-2.11,5.551115123126E-17));
#3215 = VECTOR('',#3216,1.);
#3216 = DIRECTION('',(0.,0.,1.));
#3217 = ORIENTED_EDGE('',*,*,#3218,.T.);
#3218 = EDGE_CURVE('',#3211,#3219,#3221,.T.);
#3219 = VERTEX_POINT('',#3220);
#3220 = CARTESIAN_POINT('',(2.65,-2.11,0.2));
#3221 = LINE('',#3222,#3223);
#3222 = CARTESIAN_POINT('',(3.,-2.11,0.2));
#3223 = VECTOR('',#3224,1.);
#3224 = DIRECTION('',(-1.,-2.22044604925E-16,0.));
#3225 = ORIENTED_EDGE('',*,*,#3226,.T.);
#3226 = EDGE_CURVE('',#3219,#3227,#3229,.T.);
#3227 = VERTEX_POINT('',#3228);
#3228 = CARTESIAN_POINT('',(2.55,-2.11,0.3));
#3229 = CIRCLE('',#3230,0.1);
#3230 = AXIS2_PLACEMENT_3D('',#3231,#3232,#3233);
#3231 = CARTESIAN_POINT('',(2.65,-2.11,0.3));
#3232 = DIRECTION('',(-2.22044604925E-16,1.,0.));
#3233 = DIRECTION('',(0.,0.,-1.));
#3234 = ORIENTED_EDGE('',*,*,#3235,.T.);
#3235 = EDGE_CURVE('',#3227,#3236,#3238,.T.);
#3236 = VERTEX_POINT('',#3237);
#3237 = CARTESIAN_POINT('',(2.55,-2.11,0.725));
#3238 = LINE('',#3239,#3240);
#3239 = CARTESIAN_POINT('',(2.55,-2.11,0.3));
#3240 = VECTOR('',#3241,1.);
#3241 = DIRECTION('',(0.,0.,1.));
#3242 = ORIENTED_EDGE('',*,*,#3243,.T.);
#3243 = EDGE_CURVE('',#3236,#3244,#3246,.T.);
#3244 = VERTEX_POINT('',#3245);
#3245 = CARTESIAN_POINT('',(2.25,-2.11,1.025));
#3246 = CIRCLE('',#3247,0.3);
#3247 = AXIS2_PLACEMENT_3D('',#3248,#3249,#3250);
#3248 = CARTESIAN_POINT('',(2.25,-2.11,0.725));
#3249 = DIRECTION('',(2.22044604925E-16,-1.,0.));
#3250 = DIRECTION('',(1.,2.22044604925E-16,3.700743415417E-16));
#3251 = ORIENTED_EDGE('',*,*,#3252,.T.);
#3252 = EDGE_CURVE('',#3244,#2553,#3253,.T.);
#3253 = LINE('',#3254,#3255);
#3254 = CARTESIAN_POINT('',(2.25,-2.11,1.025));
#3255 = VECTOR('',#3256,1.);
#3256 = DIRECTION('',(-1.,-2.22044604925E-16,0.));
#3257 = PLANE('',#3258);
#3258 = AXIS2_PLACEMENT_3D('',#3259,#3260,#3261);
#3259 = CARTESIAN_POINT('',(2.41578967201,-2.11,0.532659657565));
#3260 = DIRECTION('',(2.22044604925E-16,-1.,0.));
#3261 = DIRECTION('',(0.,0.,1.));
#3262 = ADVANCED_FACE('',(#3263),#3278,.F.);
#3263 = FACE_BOUND('',#3264,.F.);
#3264 = EDGE_LOOP('',(#3265,#3271,#3272,#3277));
#3265 = ORIENTED_EDGE('',*,*,#3266,.F.);
#3266 = EDGE_CURVE('',#2553,#2826,#3267,.T.);
#3267 = LINE('',#3268,#3269);
#3268 = CARTESIAN_POINT('',(2.25,-2.11,1.025));
#3269 = VECTOR('',#3270,1.);
#3270 = DIRECTION('',(-1.,-2.22044604925E-16,0.));
#3271 = ORIENTED_EDGE('',*,*,#2568,.T.);
#3272 = ORIENTED_EDGE('',*,*,#3273,.T.);
#3273 = EDGE_CURVE('',#2562,#2834,#3274,.T.);
#3274 = B_SPLINE_CURVE_WITH_KNOTS('',1,(#3275,#3276),.UNSPECIFIED.,.F.,
  .F.,(2,2),(0.,1.),.PIECEWISE_BEZIER_KNOTS.);
#3275 = CARTESIAN_POINT('',(1.95,-2.275,1.025));
#3276 = CARTESIAN_POINT('',(1.875,-2.2375,1.025));
#3277 = ORIENTED_EDGE('',*,*,#2833,.F.);
#3278 = B_SPLINE_SURFACE_WITH_KNOTS('',1,1,(
    (#3279,#3280)
    ,(#3281,#3282
    )),.UNSPECIFIED.,.F.,.F.,.F.,(2,2),(2,2),(0.,4.55),(0.,1.),
  .PIECEWISE_BEZIER_KNOTS.);
#3279 = CARTESIAN_POINT('',(1.95,2.275,1.025));
#3280 = CARTESIAN_POINT('',(1.875,2.2375,1.025));
#3281 = CARTESIAN_POINT('',(1.95,-2.275,1.025));
#3282 = CARTESIAN_POINT('',(1.875,-2.2375,1.025));
#3283 = ADVANCED_FACE('',(#3284),#3370,.F.);
#3284 = FACE_BOUND('',#3285,.F.);
#3285 = EDGE_LOOP('',(#3286,#3287,#3288,#3297,#3305,#3314,#3322,#3330,
    #3338,#3347,#3355,#3364));
#3286 = ORIENTED_EDGE('',*,*,#2622,.F.);
#3287 = ORIENTED_EDGE('',*,*,#2582,.T.);
#3288 = ORIENTED_EDGE('',*,*,#3289,.T.);
#3289 = EDGE_CURVE('',#2583,#3290,#3292,.T.);
#3290 = VERTEX_POINT('',#3291);
#3291 = CARTESIAN_POINT('',(2.35,-1.7,0.725));
#3292 = CIRCLE('',#3293,0.1);
#3293 = AXIS2_PLACEMENT_3D('',#3294,#3295,#3296);
#3294 = CARTESIAN_POINT('',(2.25,-1.7,0.725));
#3295 = DIRECTION('',(-2.22044604925E-16,1.,4.379057699844E-47));
#3296 = DIRECTION('',(4.440892098501E-15,9.860761315262E-31,1.));
#3297 = ORIENTED_EDGE('',*,*,#3298,.T.);
#3298 = EDGE_CURVE('',#3290,#3299,#3301,.T.);
#3299 = VERTEX_POINT('',#3300);
#3300 = CARTESIAN_POINT('',(2.35,-1.7,0.3));
#3301 = LINE('',#3302,#3303);
#3302 = CARTESIAN_POINT('',(2.35,-1.7,0.725));
#3303 = VECTOR('',#3304,1.);
#3304 = DIRECTION('',(1.044915787883E-15,2.320179133003E-31,-1.));
#3305 = ORIENTED_EDGE('',*,*,#3306,.T.);
#3306 = EDGE_CURVE('',#3299,#3307,#3309,.T.);
#3307 = VERTEX_POINT('',#3308);
#3308 = CARTESIAN_POINT('',(2.65,-1.7,5.551115123126E-17));
#3309 = CIRCLE('',#3310,0.3);
#3310 = AXIS2_PLACEMENT_3D('',#3311,#3312,#3313);
#3311 = CARTESIAN_POINT('',(2.65,-1.7,0.3));
#3312 = DIRECTION('',(2.22044604925E-16,-1.,0.));
#3313 = DIRECTION('',(-1.,-2.22044604925E-16,3.515706244646E-15));
#3314 = ORIENTED_EDGE('',*,*,#3315,.T.);
#3315 = EDGE_CURVE('',#3307,#3316,#3318,.T.);
#3316 = VERTEX_POINT('',#3317);
#3317 = CARTESIAN_POINT('',(3.,-1.7,5.551115123126E-17));
#3318 = LINE('',#3319,#3320);
#3319 = CARTESIAN_POINT('',(2.65,-1.7,5.551115123126E-17));
#3320 = VECTOR('',#3321,1.);
#3321 = DIRECTION('',(1.,2.22044604925E-16,0.));
#3322 = ORIENTED_EDGE('',*,*,#3323,.T.);
#3323 = EDGE_CURVE('',#3316,#3324,#3326,.T.);
#3324 = VERTEX_POINT('',#3325);
#3325 = CARTESIAN_POINT('',(3.,-1.7,0.2));
#3326 = LINE('',#3327,#3328);
#3327 = CARTESIAN_POINT('',(3.,-1.7,5.551115123126E-17));
#3328 = VECTOR('',#3329,1.);
#3329 = DIRECTION('',(0.,0.,1.));
#3330 = ORIENTED_EDGE('',*,*,#3331,.T.);
#3331 = EDGE_CURVE('',#3324,#3332,#3334,.T.);
#3332 = VERTEX_POINT('',#3333);
#3333 = CARTESIAN_POINT('',(2.65,-1.7,0.2));
#3334 = LINE('',#3335,#3336);
#3335 = CARTESIAN_POINT('',(3.,-1.7,0.2));
#3336 = VECTOR('',#3337,1.);
#3337 = DIRECTION('',(-1.,-2.22044604925E-16,0.));
#3338 = ORIENTED_EDGE('',*,*,#3339,.T.);
#3339 = EDGE_CURVE('',#3332,#3340,#3342,.T.);
#3340 = VERTEX_POINT('',#3341);
#3341 = CARTESIAN_POINT('',(2.55,-1.7,0.3));
#3342 = CIRCLE('',#3343,0.1);
#3343 = AXIS2_PLACEMENT_3D('',#3344,#3345,#3346);
#3344 = CARTESIAN_POINT('',(2.65,-1.7,0.3));
#3345 = DIRECTION('',(-2.22044604925E-16,1.,0.));
#3346 = DIRECTION('',(0.,0.,-1.));
#3347 = ORIENTED_EDGE('',*,*,#3348,.T.);
#3348 = EDGE_CURVE('',#3340,#3349,#3351,.T.);
#3349 = VERTEX_POINT('',#3350);
#3350 = CARTESIAN_POINT('',(2.55,-1.7,0.725));
#3351 = LINE('',#3352,#3353);
#3352 = CARTESIAN_POINT('',(2.55,-1.7,0.3));
#3353 = VECTOR('',#3354,1.);
#3354 = DIRECTION('',(0.,0.,1.));
#3355 = ORIENTED_EDGE('',*,*,#3356,.T.);
#3356 = EDGE_CURVE('',#3349,#3357,#3359,.T.);
#3357 = VERTEX_POINT('',#3358);
#3358 = CARTESIAN_POINT('',(2.25,-1.7,1.025));
#3359 = CIRCLE('',#3360,0.3);
#3360 = AXIS2_PLACEMENT_3D('',#3361,#3362,#3363);
#3361 = CARTESIAN_POINT('',(2.25,-1.7,0.725));
#3362 = DIRECTION('',(2.22044604925E-16,-1.,0.));
#3363 = DIRECTION('',(1.,2.22044604925E-16,3.700743415417E-16));
#3364 = ORIENTED_EDGE('',*,*,#3365,.T.);
#3365 = EDGE_CURVE('',#3357,#2623,#3366,.T.);
#3366 = LINE('',#3367,#3368);
#3367 = CARTESIAN_POINT('',(2.25,-1.7,1.025));
#3368 = VECTOR('',#3369,1.);
#3369 = DIRECTION('',(-1.,-2.22044604925E-16,0.));
#3370 = PLANE('',#3371);
#3371 = AXIS2_PLACEMENT_3D('',#3372,#3373,#3374);
#3372 = CARTESIAN_POINT('',(2.41578967201,-1.7,0.532659657565));
#3373 = DIRECTION('',(2.22044604925E-16,-1.,0.));
#3374 = DIRECTION('',(0.,0.,1.));
#3375 = ADVANCED_FACE('',(#3376),#3387,.F.);
#3376 = FACE_BOUND('',#3377,.F.);
#3377 = EDGE_LOOP('',(#3378,#3379,#3380,#3386));
#3378 = ORIENTED_EDGE('',*,*,#2599,.T.);
#3379 = ORIENTED_EDGE('',*,*,#3176,.T.);
#3380 = ORIENTED_EDGE('',*,*,#3381,.F.);
#3381 = EDGE_CURVE('',#3290,#3177,#3382,.T.);
#3382 = LINE('',#3383,#3384);
#3383 = CARTESIAN_POINT('',(2.35,-1.7,0.725));
#3384 = VECTOR('',#3385,1.);
#3385 = DIRECTION('',(2.22044604925E-16,-1.,0.));
#3386 = ORIENTED_EDGE('',*,*,#3289,.F.);
#3387 = CYLINDRICAL_SURFACE('',#3388,0.1);
#3388 = AXIS2_PLACEMENT_3D('',#3389,#3390,#3391);
#3389 = CARTESIAN_POINT('',(2.25,-1.7,0.725));
#3390 = DIRECTION('',(-2.22044604925E-16,1.,0.));
#3391 = DIRECTION('',(4.440892098501E-15,9.860761315262E-31,1.));
#3392 = ADVANCED_FACE('',(#3393),#3479,.T.);
#3393 = FACE_BOUND('',#3394,.T.);
#3394 = EDGE_LOOP('',(#3395,#3396,#3397,#3406,#3414,#3423,#3431,#3439,
    #3447,#3456,#3464,#3473));
#3395 = ORIENTED_EDGE('',*,*,#2613,.F.);
#3396 = ORIENTED_EDGE('',*,*,#2684,.T.);
#3397 = ORIENTED_EDGE('',*,*,#3398,.T.);
#3398 = EDGE_CURVE('',#2685,#3399,#3401,.T.);
#3399 = VERTEX_POINT('',#3400);
#3400 = CARTESIAN_POINT('',(2.35,-0.84,0.725));
#3401 = CIRCLE('',#3402,0.1);
#3402 = AXIS2_PLACEMENT_3D('',#3403,#3404,#3405);
#3403 = CARTESIAN_POINT('',(2.25,-0.84,0.725));
#3404 = DIRECTION('',(-2.22044604925E-16,1.,4.379057699844E-47));
#3405 = DIRECTION('',(4.440892098501E-15,9.860761315262E-31,1.));
#3406 = ORIENTED_EDGE('',*,*,#3407,.T.);
#3407 = EDGE_CURVE('',#3399,#3408,#3410,.T.);
#3408 = VERTEX_POINT('',#3409);
#3409 = CARTESIAN_POINT('',(2.35,-0.84,0.3));
#3410 = LINE('',#3411,#3412);
#3411 = CARTESIAN_POINT('',(2.35,-0.84,0.725));
#3412 = VECTOR('',#3413,1.);
#3413 = DIRECTION('',(1.044915787883E-15,2.320179133003E-31,-1.));
#3414 = ORIENTED_EDGE('',*,*,#3415,.T.);
#3415 = EDGE_CURVE('',#3408,#3416,#3418,.T.);
#3416 = VERTEX_POINT('',#3417);
#3417 = CARTESIAN_POINT('',(2.65,-0.84,5.551115123126E-17));
#3418 = CIRCLE('',#3419,0.3);
#3419 = AXIS2_PLACEMENT_3D('',#3420,#3421,#3422);
#3420 = CARTESIAN_POINT('',(2.65,-0.84,0.3));
#3421 = DIRECTION('',(2.22044604925E-16,-1.,0.));
#3422 = DIRECTION('',(-1.,-2.22044604925E-16,3.515706244646E-15));
#3423 = ORIENTED_EDGE('',*,*,#3424,.T.);
#3424 = EDGE_CURVE('',#3416,#3425,#3427,.T.);
#3425 = VERTEX_POINT('',#3426);
#3426 = CARTESIAN_POINT('',(3.,-0.84,5.551115123126E-17));
#3427 = LINE('',#3428,#3429);
#3428 = CARTESIAN_POINT('',(2.65,-0.84,5.551115123126E-17));
#3429 = VECTOR('',#3430,1.);
#3430 = DIRECTION('',(1.,2.22044604925E-16,0.));
#3431 = ORIENTED_EDGE('',*,*,#3432,.T.);
#3432 = EDGE_CURVE('',#3425,#3433,#3435,.T.);
#3433 = VERTEX_POINT('',#3434);
#3434 = CARTESIAN_POINT('',(3.,-0.84,0.2));
#3435 = LINE('',#3436,#3437);
#3436 = CARTESIAN_POINT('',(3.,-0.84,5.551115123126E-17));
#3437 = VECTOR('',#3438,1.);
#3438 = DIRECTION('',(0.,0.,1.));
#3439 = ORIENTED_EDGE('',*,*,#3440,.T.);
#3440 = EDGE_CURVE('',#3433,#3441,#3443,.T.);
#3441 = VERTEX_POINT('',#3442);
#3442 = CARTESIAN_POINT('',(2.65,-0.84,0.2));
#3443 = LINE('',#3444,#3445);
#3444 = CARTESIAN_POINT('',(3.,-0.84,0.2));
#3445 = VECTOR('',#3446,1.);
#3446 = DIRECTION('',(-1.,-2.22044604925E-16,0.));
#3447 = ORIENTED_EDGE('',*,*,#3448,.T.);
#3448 = EDGE_CURVE('',#3441,#3449,#3451,.T.);
#3449 = VERTEX_POINT('',#3450);
#3450 = CARTESIAN_POINT('',(2.55,-0.84,0.3));
#3451 = CIRCLE('',#3452,0.1);
#3452 = AXIS2_PLACEMENT_3D('',#3453,#3454,#3455);
#3453 = CARTESIAN_POINT('',(2.65,-0.84,0.3));
#3454 = DIRECTION('',(-2.22044604925E-16,1.,0.));
#3455 = DIRECTION('',(0.,0.,-1.));
#3456 = ORIENTED_EDGE('',*,*,#3457,.T.);
#3457 = EDGE_CURVE('',#3449,#3458,#3460,.T.);
#3458 = VERTEX_POINT('',#3459);
#3459 = CARTESIAN_POINT('',(2.55,-0.84,0.725));
#3460 = LINE('',#3461,#3462);
#3461 = CARTESIAN_POINT('',(2.55,-0.84,0.3));
#3462 = VECTOR('',#3463,1.);
#3463 = DIRECTION('',(0.,0.,1.));
#3464 = ORIENTED_EDGE('',*,*,#3465,.T.);
#3465 = EDGE_CURVE('',#3458,#3466,#3468,.T.);
#3466 = VERTEX_POINT('',#3467);
#3467 = CARTESIAN_POINT('',(2.25,-0.84,1.025));
#3468 = CIRCLE('',#3469,0.3);
#3469 = AXIS2_PLACEMENT_3D('',#3470,#3471,#3472);
#3470 = CARTESIAN_POINT('',(2.25,-0.84,0.725));
#3471 = DIRECTION('',(2.22044604925E-16,-1.,0.));
#3472 = DIRECTION('',(1.,2.22044604925E-16,3.700743415417E-16));
#3473 = ORIENTED_EDGE('',*,*,#3474,.T.);
#3474 = EDGE_CURVE('',#3466,#2614,#3475,.T.);
#3475 = LINE('',#3476,#3477);
#3476 = CARTESIAN_POINT('',(2.25,-0.84,1.025));
#3477 = VECTOR('',#3478,1.);
#3478 = DIRECTION('',(-1.,-2.22044604925E-16,0.));
#3479 = PLANE('',#3480);
#3480 = AXIS2_PLACEMENT_3D('',#3481,#3482,#3483);
#3481 = CARTESIAN_POINT('',(2.41578967201,-0.84,0.532659657565));
#3482 = DIRECTION('',(2.22044604925E-16,-1.,0.));
#3483 = DIRECTION('',(0.,0.,1.));
#3484 = ADVANCED_FACE('',(#3485),#3501,.F.);
#3485 = FACE_BOUND('',#3486,.F.);
#3486 = EDGE_LOOP('',(#3487,#3493,#3494,#3500));
#3487 = ORIENTED_EDGE('',*,*,#3488,.F.);
#3488 = EDGE_CURVE('',#2614,#2810,#3489,.T.);
#3489 = LINE('',#3490,#3491);
#3490 = CARTESIAN_POINT('',(2.25,-0.84,1.025));
#3491 = VECTOR('',#3492,1.);
#3492 = DIRECTION('',(-1.,-2.22044604925E-16,0.));
#3493 = ORIENTED_EDGE('',*,*,#2630,.T.);
#3494 = ORIENTED_EDGE('',*,*,#3495,.T.);
#3495 = EDGE_CURVE('',#2623,#2818,#3496,.T.);
#3496 = LINE('',#3497,#3498);
#3497 = CARTESIAN_POINT('',(2.25,-1.7,1.025));
#3498 = VECTOR('',#3499,1.);
#3499 = DIRECTION('',(-1.,-2.22044604925E-16,0.));
#3500 = ORIENTED_EDGE('',*,*,#2817,.F.);
#3501 = B_SPLINE_SURFACE_WITH_KNOTS('',1,1,(
    (#3502,#3503)
    ,(#3504,#3505
    )),.UNSPECIFIED.,.F.,.F.,.F.,(2,2),(2,2),(0.,4.55),(0.,1.),
  .PIECEWISE_BEZIER_KNOTS.);
#3502 = CARTESIAN_POINT('',(1.95,2.275,1.025));
#3503 = CARTESIAN_POINT('',(1.875,2.2375,1.025));
#3504 = CARTESIAN_POINT('',(1.95,-2.275,1.025));
#3505 = CARTESIAN_POINT('',(1.875,-2.2375,1.025));
#3506 = ADVANCED_FACE('',(#3507),#3526,.F.);
#3507 = FACE_BOUND('',#3508,.F.);
#3508 = EDGE_LOOP('',(#3509,#3510,#3519,#3525));
#3509 = ORIENTED_EDGE('',*,*,#2661,.T.);
#3510 = ORIENTED_EDGE('',*,*,#3511,.T.);
#3511 = EDGE_CURVE('',#2654,#3512,#3514,.T.);
#3512 = VERTEX_POINT('',#3513);
#3513 = CARTESIAN_POINT('',(2.35,0.43,0.725));
#3514 = CIRCLE('',#3515,0.1);
#3515 = AXIS2_PLACEMENT_3D('',#3516,#3517,#3518);
#3516 = CARTESIAN_POINT('',(2.25,0.43,0.725));
#3517 = DIRECTION('',(-2.22044604925E-16,1.,4.379057699844E-47));
#3518 = DIRECTION('',(4.440892098501E-15,9.860761315262E-31,1.));
#3519 = ORIENTED_EDGE('',*,*,#3520,.F.);
#3520 = EDGE_CURVE('',#2889,#3512,#3521,.T.);
#3521 = LINE('',#3522,#3523);
#3522 = CARTESIAN_POINT('',(2.35,0.84,0.725));
#3523 = VECTOR('',#3524,1.);
#3524 = DIRECTION('',(2.22044604925E-16,-1.,0.));
#3525 = ORIENTED_EDGE('',*,*,#2888,.F.);
#3526 = CYLINDRICAL_SURFACE('',#3527,0.1);
#3527 = AXIS2_PLACEMENT_3D('',#3528,#3529,#3530);
#3528 = CARTESIAN_POINT('',(2.25,0.84,0.725));
#3529 = DIRECTION('',(-2.22044604925E-16,1.,0.));
#3530 = DIRECTION('',(4.440892098501E-15,9.860761315262E-31,1.));
#3531 = ADVANCED_FACE('',(#3532),#3610,.T.);
#3532 = FACE_BOUND('',#3533,.T.);
#3533 = EDGE_LOOP('',(#3534,#3535,#3536,#3537,#3545,#3554,#3562,#3570,
    #3578,#3587,#3595,#3604));
#3534 = ORIENTED_EDGE('',*,*,#2706,.F.);
#3535 = ORIENTED_EDGE('',*,*,#2653,.T.);
#3536 = ORIENTED_EDGE('',*,*,#3511,.T.);
#3537 = ORIENTED_EDGE('',*,*,#3538,.T.);
#3538 = EDGE_CURVE('',#3512,#3539,#3541,.T.);
#3539 = VERTEX_POINT('',#3540);
#3540 = CARTESIAN_POINT('',(2.35,0.43,0.3));
#3541 = LINE('',#3542,#3543);
#3542 = CARTESIAN_POINT('',(2.35,0.43,0.725));
#3543 = VECTOR('',#3544,1.);
#3544 = DIRECTION('',(1.044915787883E-15,2.320179133003E-31,-1.));
#3545 = ORIENTED_EDGE('',*,*,#3546,.T.);
#3546 = EDGE_CURVE('',#3539,#3547,#3549,.T.);
#3547 = VERTEX_POINT('',#3548);
#3548 = CARTESIAN_POINT('',(2.65,0.43,5.551115123126E-17));
#3549 = CIRCLE('',#3550,0.3);
#3550 = AXIS2_PLACEMENT_3D('',#3551,#3552,#3553);
#3551 = CARTESIAN_POINT('',(2.65,0.43,0.3));
#3552 = DIRECTION('',(2.22044604925E-16,-1.,0.));
#3553 = DIRECTION('',(-1.,-2.22044604925E-16,3.515706244646E-15));
#3554 = ORIENTED_EDGE('',*,*,#3555,.T.);
#3555 = EDGE_CURVE('',#3547,#3556,#3558,.T.);
#3556 = VERTEX_POINT('',#3557);
#3557 = CARTESIAN_POINT('',(3.,0.43,5.551115123126E-17));
#3558 = LINE('',#3559,#3560);
#3559 = CARTESIAN_POINT('',(2.65,0.43,5.551115123126E-17));
#3560 = VECTOR('',#3561,1.);
#3561 = DIRECTION('',(1.,2.22044604925E-16,0.));
#3562 = ORIENTED_EDGE('',*,*,#3563,.T.);
#3563 = EDGE_CURVE('',#3556,#3564,#3566,.T.);
#3564 = VERTEX_POINT('',#3565);
#3565 = CARTESIAN_POINT('',(3.,0.43,0.2));
#3566 = LINE('',#3567,#3568);
#3567 = CARTESIAN_POINT('',(3.,0.43,5.551115123126E-17));
#3568 = VECTOR('',#3569,1.);
#3569 = DIRECTION('',(0.,0.,1.));
#3570 = ORIENTED_EDGE('',*,*,#3571,.T.);
#3571 = EDGE_CURVE('',#3564,#3572,#3574,.T.);
#3572 = VERTEX_POINT('',#3573);
#3573 = CARTESIAN_POINT('',(2.65,0.43,0.2));
#3574 = LINE('',#3575,#3576);
#3575 = CARTESIAN_POINT('',(3.,0.43,0.2));
#3576 = VECTOR('',#3577,1.);
#3577 = DIRECTION('',(-1.,-2.22044604925E-16,0.));
#3578 = ORIENTED_EDGE('',*,*,#3579,.T.);
#3579 = EDGE_CURVE('',#3572,#3580,#3582,.T.);
#3580 = VERTEX_POINT('',#3581);
#3581 = CARTESIAN_POINT('',(2.55,0.43,0.3));
#3582 = CIRCLE('',#3583,0.1);
#3583 = AXIS2_PLACEMENT_3D('',#3584,#3585,#3586);
#3584 = CARTESIAN_POINT('',(2.65,0.43,0.3));
#3585 = DIRECTION('',(-2.22044604925E-16,1.,0.));
#3586 = DIRECTION('',(0.,0.,-1.));
#3587 = ORIENTED_EDGE('',*,*,#3588,.T.);
#3588 = EDGE_CURVE('',#3580,#3589,#3591,.T.);
#3589 = VERTEX_POINT('',#3590);
#3590 = CARTESIAN_POINT('',(2.55,0.43,0.725));
#3591 = LINE('',#3592,#3593);
#3592 = CARTESIAN_POINT('',(2.55,0.43,0.3));
#3593 = VECTOR('',#3594,1.);
#3594 = DIRECTION('',(0.,0.,1.));
#3595 = ORIENTED_EDGE('',*,*,#3596,.T.);
#3596 = EDGE_CURVE('',#3589,#3597,#3599,.T.);
#3597 = VERTEX_POINT('',#3598);
#3598 = CARTESIAN_POINT('',(2.25,0.43,1.025));
#3599 = CIRCLE('',#3600,0.3);
#3600 = AXIS2_PLACEMENT_3D('',#3601,#3602,#3603);
#3601 = CARTESIAN_POINT('',(2.25,0.43,0.725));
#3602 = DIRECTION('',(2.22044604925E-16,-1.,0.));
#3603 = DIRECTION('',(1.,2.22044604925E-16,3.700743415417E-16));
#3604 = ORIENTED_EDGE('',*,*,#3605,.T.);
#3605 = EDGE_CURVE('',#3597,#2707,#3606,.T.);
#3606 = LINE('',#3607,#3608);
#3607 = CARTESIAN_POINT('',(2.25,0.43,1.025));
#3608 = VECTOR('',#3609,1.);
#3609 = DIRECTION('',(-1.,-2.22044604925E-16,0.));
#3610 = PLANE('',#3611);
#3611 = AXIS2_PLACEMENT_3D('',#3612,#3613,#3614);
#3612 = CARTESIAN_POINT('',(2.41578967201,0.43,0.532659657565));
#3613 = DIRECTION('',(2.22044604925E-16,-1.,0.));
#3614 = DIRECTION('',(0.,0.,1.));
#3615 = ADVANCED_FACE('',(#3616),#3702,.F.);
#3616 = FACE_BOUND('',#3617,.F.);
#3617 = EDGE_LOOP('',(#3618,#3619,#3620,#3629,#3637,#3646,#3654,#3662,
    #3670,#3679,#3687,#3696));
#3618 = ORIENTED_EDGE('',*,*,#2715,.F.);
#3619 = ORIENTED_EDGE('',*,*,#2675,.T.);
#3620 = ORIENTED_EDGE('',*,*,#3621,.T.);
#3621 = EDGE_CURVE('',#2676,#3622,#3624,.T.);
#3622 = VERTEX_POINT('',#3623);
#3623 = CARTESIAN_POINT('',(2.35,-0.43,0.725));
#3624 = CIRCLE('',#3625,0.1);
#3625 = AXIS2_PLACEMENT_3D('',#3626,#3627,#3628);
#3626 = CARTESIAN_POINT('',(2.25,-0.43,0.725));
#3627 = DIRECTION('',(-2.22044604925E-16,1.,4.379057699844E-47));
#3628 = DIRECTION('',(4.440892098501E-15,9.860761315262E-31,1.));
#3629 = ORIENTED_EDGE('',*,*,#3630,.T.);
#3630 = EDGE_CURVE('',#3622,#3631,#3633,.T.);
#3631 = VERTEX_POINT('',#3632);
#3632 = CARTESIAN_POINT('',(2.35,-0.43,0.3));
#3633 = LINE('',#3634,#3635);
#3634 = CARTESIAN_POINT('',(2.35,-0.43,0.725));
#3635 = VECTOR('',#3636,1.);
#3636 = DIRECTION('',(1.044915787883E-15,2.320179133003E-31,-1.));
#3637 = ORIENTED_EDGE('',*,*,#3638,.T.);
#3638 = EDGE_CURVE('',#3631,#3639,#3641,.T.);
#3639 = VERTEX_POINT('',#3640);
#3640 = CARTESIAN_POINT('',(2.65,-0.43,5.551115123126E-17));
#3641 = CIRCLE('',#3642,0.3);
#3642 = AXIS2_PLACEMENT_3D('',#3643,#3644,#3645);
#3643 = CARTESIAN_POINT('',(2.65,-0.43,0.3));
#3644 = DIRECTION('',(2.22044604925E-16,-1.,0.));
#3645 = DIRECTION('',(-1.,-2.22044604925E-16,3.515706244646E-15));
#3646 = ORIENTED_EDGE('',*,*,#3647,.T.);
#3647 = EDGE_CURVE('',#3639,#3648,#3650,.T.);
#3648 = VERTEX_POINT('',#3649);
#3649 = CARTESIAN_POINT('',(3.,-0.43,5.551115123126E-17));
#3650 = LINE('',#3651,#3652);
#3651 = CARTESIAN_POINT('',(2.65,-0.43,5.551115123126E-17));
#3652 = VECTOR('',#3653,1.);
#3653 = DIRECTION('',(1.,2.22044604925E-16,0.));
#3654 = ORIENTED_EDGE('',*,*,#3655,.T.);
#3655 = EDGE_CURVE('',#3648,#3656,#3658,.T.);
#3656 = VERTEX_POINT('',#3657);
#3657 = CARTESIAN_POINT('',(3.,-0.43,0.2));
#3658 = LINE('',#3659,#3660);
#3659 = CARTESIAN_POINT('',(3.,-0.43,5.551115123126E-17));
#3660 = VECTOR('',#3661,1.);
#3661 = DIRECTION('',(0.,0.,1.));
#3662 = ORIENTED_EDGE('',*,*,#3663,.T.);
#3663 = EDGE_CURVE('',#3656,#3664,#3666,.T.);
#3664 = VERTEX_POINT('',#3665);
#3665 = CARTESIAN_POINT('',(2.65,-0.43,0.2));
#3666 = LINE('',#3667,#3668);
#3667 = CARTESIAN_POINT('',(3.,-0.43,0.2));
#3668 = VECTOR('',#3669,1.);
#3669 = DIRECTION('',(-1.,-2.22044604925E-16,0.));
#3670 = ORIENTED_EDGE('',*,*,#3671,.T.);
#3671 = EDGE_CURVE('',#3664,#3672,#3674,.T.);
#3672 = VERTEX_POINT('',#3673);
#3673 = CARTESIAN_POINT('',(2.55,-0.43,0.3));
#3674 = CIRCLE('',#3675,0.1);
#3675 = AXIS2_PLACEMENT_3D('',#3676,#3677,#3678);
#3676 = CARTESIAN_POINT('',(2.65,-0.43,0.3));
#3677 = DIRECTION('',(-2.22044604925E-16,1.,0.));
#3678 = DIRECTION('',(0.,0.,-1.));
#3679 = ORIENTED_EDGE('',*,*,#3680,.T.);
#3680 = EDGE_CURVE('',#3672,#3681,#3683,.T.);
#3681 = VERTEX_POINT('',#3682);
#3682 = CARTESIAN_POINT('',(2.55,-0.43,0.725));
#3683 = LINE('',#3684,#3685);
#3684 = CARTESIAN_POINT('',(2.55,-0.43,0.3));
#3685 = VECTOR('',#3686,1.);
#3686 = DIRECTION('',(0.,0.,1.));
#3687 = ORIENTED_EDGE('',*,*,#3688,.T.);
#3688 = EDGE_CURVE('',#3681,#3689,#3691,.T.);
#3689 = VERTEX_POINT('',#3690);
#3690 = CARTESIAN_POINT('',(2.25,-0.43,1.025));
#3691 = CIRCLE('',#3692,0.3);
#3692 = AXIS2_PLACEMENT_3D('',#3693,#3694,#3695);
#3693 = CARTESIAN_POINT('',(2.25,-0.43,0.725));
#3694 = DIRECTION('',(2.22044604925E-16,-1.,0.));
#3695 = DIRECTION('',(1.,2.22044604925E-16,3.700743415417E-16));
#3696 = ORIENTED_EDGE('',*,*,#3697,.T.);
#3697 = EDGE_CURVE('',#3689,#2716,#3698,.T.);
#3698 = LINE('',#3699,#3700);
#3699 = CARTESIAN_POINT('',(2.25,-0.43,1.025));
#3700 = VECTOR('',#3701,1.);
#3701 = DIRECTION('',(-1.,-2.22044604925E-16,0.));
#3702 = PLANE('',#3703);
#3703 = AXIS2_PLACEMENT_3D('',#3704,#3705,#3706);
#3704 = CARTESIAN_POINT('',(2.41578967201,-0.43,0.532659657565));
#3705 = DIRECTION('',(2.22044604925E-16,-1.,0.));
#3706 = DIRECTION('',(0.,0.,1.));
#3707 = ADVANCED_FACE('',(#3708),#3719,.F.);
#3708 = FACE_BOUND('',#3709,.F.);
#3709 = EDGE_LOOP('',(#3710,#3711,#3712,#3718));
#3710 = ORIENTED_EDGE('',*,*,#2692,.T.);
#3711 = ORIENTED_EDGE('',*,*,#3398,.T.);
#3712 = ORIENTED_EDGE('',*,*,#3713,.F.);
#3713 = EDGE_CURVE('',#3622,#3399,#3714,.T.);
#3714 = LINE('',#3715,#3716);
#3715 = CARTESIAN_POINT('',(2.35,-0.43,0.725));
#3716 = VECTOR('',#3717,1.);
#3717 = DIRECTION('',(2.22044604925E-16,-1.,0.));
#3718 = ORIENTED_EDGE('',*,*,#3621,.F.);
#3719 = CYLINDRICAL_SURFACE('',#3720,0.1);
#3720 = AXIS2_PLACEMENT_3D('',#3721,#3722,#3723);
#3721 = CARTESIAN_POINT('',(2.25,-0.43,0.725));
#3722 = DIRECTION('',(-2.22044604925E-16,1.,0.));
#3723 = DIRECTION('',(4.440892098501E-15,9.860761315262E-31,1.));
#3724 = ADVANCED_FACE('',(#3725),#3741,.F.);
#3725 = FACE_BOUND('',#3726,.F.);
#3726 = EDGE_LOOP('',(#3727,#3733,#3734,#3740));
#3727 = ORIENTED_EDGE('',*,*,#3728,.F.);
#3728 = EDGE_CURVE('',#2707,#2794,#3729,.T.);
#3729 = LINE('',#3730,#3731);
#3730 = CARTESIAN_POINT('',(2.25,0.43,1.025));
#3731 = VECTOR('',#3732,1.);
#3732 = DIRECTION('',(-1.,-2.22044604925E-16,0.));
#3733 = ORIENTED_EDGE('',*,*,#2723,.T.);
#3734 = ORIENTED_EDGE('',*,*,#3735,.T.);
#3735 = EDGE_CURVE('',#2716,#2802,#3736,.T.);
#3736 = LINE('',#3737,#3738);
#3737 = CARTESIAN_POINT('',(2.25,-0.43,1.025));
#3738 = VECTOR('',#3739,1.);
#3739 = DIRECTION('',(-1.,-2.22044604925E-16,0.));
#3740 = ORIENTED_EDGE('',*,*,#2801,.F.);
#3741 = B_SPLINE_SURFACE_WITH_KNOTS('',1,1,(
    (#3742,#3743)
    ,(#3744,#3745
    )),.UNSPECIFIED.,.F.,.F.,.F.,(2,2),(2,2),(0.,4.55),(0.,1.),
  .PIECEWISE_BEZIER_KNOTS.);
#3742 = CARTESIAN_POINT('',(1.95,2.275,1.025));
#3743 = CARTESIAN_POINT('',(1.875,2.2375,1.025));
#3744 = CARTESIAN_POINT('',(1.95,-2.275,1.025));
#3745 = CARTESIAN_POINT('',(1.875,-2.2375,1.025));
#3746 = ADVANCED_FACE('',(#3747),#3764,.F.);
#3747 = FACE_BOUND('',#3748,.F.);
#3748 = EDGE_LOOP('',(#3749,#3750,#3751,#3759));
#3749 = ORIENTED_EDGE('',*,*,#2739,.T.);
#3750 = ORIENTED_EDGE('',*,*,#2760,.T.);
#3751 = ORIENTED_EDGE('',*,*,#3752,.F.);
#3752 = EDGE_CURVE('',#3753,#2761,#3755,.T.);
#3753 = VERTEX_POINT('',#3754);
#3754 = CARTESIAN_POINT('',(1.7375,2.375,1.025));
#3755 = LINE('',#3756,#3757);
#3756 = CARTESIAN_POINT('',(1.7375,2.375,1.025));
#3757 = VECTOR('',#3758,1.);
#3758 = DIRECTION('',(0.707106781187,-0.707106781187,0.));
#3759 = ORIENTED_EDGE('',*,*,#3760,.F.);
#3760 = EDGE_CURVE('',#2740,#3753,#3761,.T.);
#3761 = B_SPLINE_CURVE_WITH_KNOTS('',1,(#3762,#3763),.UNSPECIFIED.,.F.,
  .F.,(2,2),(0.,1.),.PIECEWISE_BEZIER_KNOTS.);
#3762 = CARTESIAN_POINT('',(1.775,2.45,1.025));
#3763 = CARTESIAN_POINT('',(1.7375,2.375,1.025));
#3764 = B_SPLINE_SURFACE_WITH_KNOTS('',1,1,(
    (#3765,#3766)
    ,(#3767,#3768
    )),.UNSPECIFIED.,.F.,.F.,.F.,(2,2),(2,2),(0.,0.247487373415),(0.,1.)
  ,.PIECEWISE_BEZIER_KNOTS.);
#3765 = CARTESIAN_POINT('',(1.775,2.45,1.025));
#3766 = CARTESIAN_POINT('',(1.7375,2.375,1.025));
#3767 = CARTESIAN_POINT('',(1.95,2.275,1.025));
#3768 = CARTESIAN_POINT('',(1.875,2.2375,1.025));
#3769 = ADVANCED_FACE('',(#3770),#3787,.F.);
#3770 = FACE_BOUND('',#3771,.F.);
#3771 = EDGE_LOOP('',(#3772,#3773,#3774,#3782));
#3772 = ORIENTED_EDGE('',*,*,#2980,.T.);
#3773 = ORIENTED_EDGE('',*,*,#2747,.T.);
#3774 = ORIENTED_EDGE('',*,*,#3775,.F.);
#3775 = EDGE_CURVE('',#3776,#2740,#3778,.T.);
#3776 = VERTEX_POINT('',#3777);
#3777 = CARTESIAN_POINT('',(-1.775,2.45,1.025));
#3778 = LINE('',#3779,#3780);
#3779 = CARTESIAN_POINT('',(-1.775,2.45,1.025));
#3780 = VECTOR('',#3781,1.);
#3781 = DIRECTION('',(1.,2.22044604925E-16,0.));
#3782 = ORIENTED_EDGE('',*,*,#3783,.F.);
#3783 = EDGE_CURVE('',#2981,#3776,#3784,.T.);
#3784 = B_SPLINE_CURVE_WITH_KNOTS('',1,(#3785,#3786),.UNSPECIFIED.,.F.,
  .F.,(2,2),(0.,1.),.PIECEWISE_BEZIER_KNOTS.);
#3785 = CARTESIAN_POINT('',(-1.775,2.45,0.825));
#3786 = CARTESIAN_POINT('',(-1.775,2.45,1.025));
#3787 = PLANE('',#3788);
#3788 = AXIS2_PLACEMENT_3D('',#3789,#3790,#3791);
#3789 = CARTESIAN_POINT('',(-1.775,2.45,1.025));
#3790 = DIRECTION('',(2.22044604925E-16,-1.,0.));
#3791 = DIRECTION('',(1.,2.22044604925E-16,0.));
#3792 = ADVANCED_FACE('',(#3793),#3810,.F.);
#3793 = FACE_BOUND('',#3794,.F.);
#3794 = EDGE_LOOP('',(#3795,#3796,#3797,#3805));
#3795 = ORIENTED_EDGE('',*,*,#3752,.T.);
#3796 = ORIENTED_EDGE('',*,*,#2856,.T.);
#3797 = ORIENTED_EDGE('',*,*,#3798,.F.);
#3798 = EDGE_CURVE('',#3799,#2849,#3801,.T.);
#3799 = VERTEX_POINT('',#3800);
#3800 = CARTESIAN_POINT('',(1.680085640382,2.260171280765,1.75));
#3801 = LINE('',#3802,#3803);
#3802 = CARTESIAN_POINT('',(1.680085640382,2.260171280765,1.75));
#3803 = VECTOR('',#3804,1.);
#3804 = DIRECTION('',(0.707106781187,-0.707106781187,0.));
#3805 = ORIENTED_EDGE('',*,*,#3806,.F.);
#3806 = EDGE_CURVE('',#3753,#3799,#3807,.T.);
#3807 = B_SPLINE_CURVE_WITH_KNOTS('',1,(#3808,#3809),.UNSPECIFIED.,.F.,
  .F.,(2,2),(0.,1.),.PIECEWISE_BEZIER_KNOTS.);
#3808 = CARTESIAN_POINT('',(1.7375,2.375,1.025));
#3809 = CARTESIAN_POINT('',(1.680085640382,2.260171280765,1.75));
#3810 = B_SPLINE_SURFACE_WITH_KNOTS('',1,1,(
    (#3811,#3812)
    ,(#3813,#3814
    )),.UNSPECIFIED.,.F.,.F.,.F.,(2,2),(2,2),(0.,0.194454364826),(0.,1.)
  ,.PIECEWISE_BEZIER_KNOTS.);
#3811 = CARTESIAN_POINT('',(1.7375,2.375,1.025));
#3812 = CARTESIAN_POINT('',(1.680085640382,2.260171280765,1.75));
#3813 = CARTESIAN_POINT('',(1.875,2.2375,1.025));
#3814 = CARTESIAN_POINT('',(1.760171280765,2.180085640382,1.75));
#3815 = ADVANCED_FACE('',(#3816,#3866),#3877,.F.);
#3816 = FACE_BOUND('',#3817,.F.);
#3817 = EDGE_LOOP('',(#3818,#3826,#3827,#3828,#3836,#3844,#3852,#3860));
#3818 = ORIENTED_EDGE('',*,*,#3819,.T.);
#3819 = EDGE_CURVE('',#3820,#3799,#3822,.T.);
#3820 = VERTEX_POINT('',#3821);
#3821 = CARTESIAN_POINT('',(-1.680085640382,2.260171280765,1.75));
#3822 = LINE('',#3823,#3824);
#3823 = CARTESIAN_POINT('',(-1.680085640382,2.260171280765,1.75));
#3824 = VECTOR('',#3825,1.);
#3825 = DIRECTION('',(1.,2.22044604925E-16,0.));
#3826 = ORIENTED_EDGE('',*,*,#3798,.T.);
#3827 = ORIENTED_EDGE('',*,*,#2848,.T.);
#3828 = ORIENTED_EDGE('',*,*,#3829,.T.);
#3829 = EDGE_CURVE('',#2842,#3830,#3832,.T.);
#3830 = VERTEX_POINT('',#3831);
#3831 = CARTESIAN_POINT('',(1.680085640382,-2.260171280765,1.75));
#3832 = LINE('',#3833,#3834);
#3833 = CARTESIAN_POINT('',(1.760171280765,-2.180085640382,1.75));
#3834 = VECTOR('',#3835,1.);
#3835 = DIRECTION('',(-0.707106781187,-0.707106781187,0.));
#3836 = ORIENTED_EDGE('',*,*,#3837,.T.);
#3837 = EDGE_CURVE('',#3830,#3838,#3840,.T.);
#3838 = VERTEX_POINT('',#3839);
#3839 = CARTESIAN_POINT('',(-1.680085640382,-2.260171280765,1.75));
#3840 = LINE('',#3841,#3842);
#3841 = CARTESIAN_POINT('',(1.680085640382,-2.260171280765,1.75));
#3842 = VECTOR('',#3843,1.);
#3843 = DIRECTION('',(-1.,-2.22044604925E-16,0.));
#3844 = ORIENTED_EDGE('',*,*,#3845,.T.);
#3845 = EDGE_CURVE('',#3838,#3846,#3848,.T.);
#3846 = VERTEX_POINT('',#3847);
#3847 = CARTESIAN_POINT('',(-1.760171280765,-2.180085640382,1.75));
#3848 = LINE('',#3849,#3850);
#3849 = CARTESIAN_POINT('',(-1.680085640382,-2.260171280765,1.75));
#3850 = VECTOR('',#3851,1.);
#3851 = DIRECTION('',(-0.707106781187,0.707106781187,0.));
#3852 = ORIENTED_EDGE('',*,*,#3853,.T.);
#3853 = EDGE_CURVE('',#3846,#3854,#3856,.T.);
#3854 = VERTEX_POINT('',#3855);
#3855 = CARTESIAN_POINT('',(-1.760171280765,2.180085640382,1.75));
#3856 = LINE('',#3857,#3858);
#3857 = CARTESIAN_POINT('',(-1.760171280765,-2.180085640382,1.75));
#3858 = VECTOR('',#3859,1.);
#3859 = DIRECTION('',(-2.22044604925E-16,1.,0.));
#3860 = ORIENTED_EDGE('',*,*,#3861,.T.);
#3861 = EDGE_CURVE('',#3854,#3820,#3862,.T.);
#3862 = LINE('',#3863,#3864);
#3863 = CARTESIAN_POINT('',(-1.760171280765,2.180085640382,1.75));
#3864 = VECTOR('',#3865,1.);
#3865 = DIRECTION('',(0.707106781187,0.707106781187,0.));
#3866 = FACE_BOUND('',#3867,.F.);
#3867 = EDGE_LOOP('',(#3868));
#3868 = ORIENTED_EDGE('',*,*,#3869,.T.);
#3869 = EDGE_CURVE('',#3870,#3870,#3872,.T.);
#3870 = VERTEX_POINT('',#3871);
#3871 = CARTESIAN_POINT('',(-1.110171280765,1.310171280765,1.75));
#3872 = CIRCLE('',#3873,0.3);
#3873 = AXIS2_PLACEMENT_3D('',#3874,#3875,#3876);
#3874 = CARTESIAN_POINT('',(-1.110171280765,1.610171280765,1.75));
#3875 = DIRECTION('',(-0.,0.,1.));
#3876 = DIRECTION('',(2.22044604925E-16,-1.,0.));
#3877 = PLANE('',#3878);
#3878 = AXIS2_PLACEMENT_3D('',#3879,#3880,#3881);
#3879 = CARTESIAN_POINT('',(-1.680085640382,2.260171280765,1.75));
#3880 = DIRECTION('',(0.,0.,-1.));
#3881 = DIRECTION('',(0.596575959062,-0.802556617983,0.));
#3882 = ADVANCED_FACE('',(#3883),#3900,.F.);
#3883 = FACE_BOUND('',#3884,.F.);
#3884 = EDGE_LOOP('',(#3885,#3893,#3898,#3899));
#3885 = ORIENTED_EDGE('',*,*,#3886,.T.);
#3886 = EDGE_CURVE('',#2834,#3887,#3889,.T.);
#3887 = VERTEX_POINT('',#3888);
#3888 = CARTESIAN_POINT('',(1.7375,-2.375,1.025));
#3889 = LINE('',#3890,#3891);
#3890 = CARTESIAN_POINT('',(1.875,-2.2375,1.025));
#3891 = VECTOR('',#3892,1.);
#3892 = DIRECTION('',(-0.707106781187,-0.707106781187,0.));
#3893 = ORIENTED_EDGE('',*,*,#3894,.T.);
#3894 = EDGE_CURVE('',#3887,#3830,#3895,.T.);
#3895 = B_SPLINE_CURVE_WITH_KNOTS('',1,(#3896,#3897),.UNSPECIFIED.,.F.,
  .F.,(2,2),(0.,1.),.PIECEWISE_BEZIER_KNOTS.);
#3896 = CARTESIAN_POINT('',(1.7375,-2.375,1.025));
#3897 = CARTESIAN_POINT('',(1.680085640382,-2.260171280765,1.75));
#3898 = ORIENTED_EDGE('',*,*,#3829,.F.);
#3899 = ORIENTED_EDGE('',*,*,#2841,.F.);
#3900 = B_SPLINE_SURFACE_WITH_KNOTS('',1,1,(
    (#3901,#3902)
    ,(#3903,#3904
    )),.UNSPECIFIED.,.F.,.F.,.F.,(2,2),(2,2),(0.,0.194454364826),(0.,1.)
  ,.PIECEWISE_BEZIER_KNOTS.);
#3901 = CARTESIAN_POINT('',(1.875,-2.2375,1.025));
#3902 = CARTESIAN_POINT('',(1.760171280765,-2.180085640382,1.75));
#3903 = CARTESIAN_POINT('',(1.7375,-2.375,1.025));
#3904 = CARTESIAN_POINT('',(1.680085640382,-2.260171280765,1.75));
#3905 = ADVANCED_FACE('',(#3906),#3919,.F.);
#3906 = FACE_BOUND('',#3907,.F.);
#3907 = EDGE_LOOP('',(#3908,#3909,#3915,#3916,#3917,#3918));
#3908 = ORIENTED_EDGE('',*,*,#2964,.F.);
#3909 = ORIENTED_EDGE('',*,*,#3910,.T.);
#3910 = EDGE_CURVE('',#2956,#3597,#3911,.T.);
#3911 = LINE('',#3912,#3913);
#3912 = CARTESIAN_POINT('',(2.25,0.84,1.025));
#3913 = VECTOR('',#3914,1.);
#3914 = DIRECTION('',(2.22044604925E-16,-1.,0.));
#3915 = ORIENTED_EDGE('',*,*,#3605,.T.);
#3916 = ORIENTED_EDGE('',*,*,#3728,.T.);
#3917 = ORIENTED_EDGE('',*,*,#2793,.F.);
#3918 = ORIENTED_EDGE('',*,*,#2871,.F.);
#3919 = PLANE('',#3920);
#3920 = AXIS2_PLACEMENT_3D('',#3921,#3922,#3923);
#3921 = CARTESIAN_POINT('',(2.25,0.84,1.025));
#3922 = DIRECTION('',(0.,0.,-1.));
#3923 = DIRECTION('',(-1.,-2.22044604925E-16,-0.));
#3924 = ADVANCED_FACE('',(#3925),#3938,.F.);
#3925 = FACE_BOUND('',#3926,.F.);
#3926 = EDGE_LOOP('',(#3927,#3928,#3934,#3935,#3936,#3937));
#3927 = ORIENTED_EDGE('',*,*,#3365,.F.);
#3928 = ORIENTED_EDGE('',*,*,#3929,.T.);
#3929 = EDGE_CURVE('',#3357,#3244,#3930,.T.);
#3930 = LINE('',#3931,#3932);
#3931 = CARTESIAN_POINT('',(2.25,-1.7,1.025));
#3932 = VECTOR('',#3933,1.);
#3933 = DIRECTION('',(2.22044604925E-16,-1.,0.));
#3934 = ORIENTED_EDGE('',*,*,#3252,.T.);
#3935 = ORIENTED_EDGE('',*,*,#3266,.T.);
#3936 = ORIENTED_EDGE('',*,*,#2825,.F.);
#3937 = ORIENTED_EDGE('',*,*,#3495,.F.);
#3938 = PLANE('',#3939);
#3939 = AXIS2_PLACEMENT_3D('',#3940,#3941,#3942);
#3940 = CARTESIAN_POINT('',(2.25,-1.7,1.025));
#3941 = DIRECTION('',(0.,0.,-1.));
#3942 = DIRECTION('',(-1.,-2.22044604925E-16,-0.));
#3943 = ADVANCED_FACE('',(#3944),#3957,.F.);
#3944 = FACE_BOUND('',#3945,.F.);
#3945 = EDGE_LOOP('',(#3946,#3947,#3953,#3954,#3955,#3956));
#3946 = ORIENTED_EDGE('',*,*,#3697,.F.);
#3947 = ORIENTED_EDGE('',*,*,#3948,.T.);
#3948 = EDGE_CURVE('',#3689,#3466,#3949,.T.);
#3949 = LINE('',#3950,#3951);
#3950 = CARTESIAN_POINT('',(2.25,-0.43,1.025));
#3951 = VECTOR('',#3952,1.);
#3952 = DIRECTION('',(2.22044604925E-16,-1.,0.));
#3953 = ORIENTED_EDGE('',*,*,#3474,.T.);
#3954 = ORIENTED_EDGE('',*,*,#3488,.T.);
#3955 = ORIENTED_EDGE('',*,*,#2809,.F.);
#3956 = ORIENTED_EDGE('',*,*,#3735,.F.);
#3957 = PLANE('',#3958);
#3958 = AXIS2_PLACEMENT_3D('',#3959,#3960,#3961);
#3959 = CARTESIAN_POINT('',(2.25,-0.43,1.025));
#3960 = DIRECTION('',(0.,0.,-1.));
#3961 = DIRECTION('',(-1.,-2.22044604925E-16,-0.));
#3962 = ADVANCED_FACE('',(#3963),#3974,.T.);
#3963 = FACE_BOUND('',#3964,.T.);
#3964 = EDGE_LOOP('',(#3965,#3966,#3967,#3968));
#3965 = ORIENTED_EDGE('',*,*,#2955,.T.);
#3966 = ORIENTED_EDGE('',*,*,#3910,.T.);
#3967 = ORIENTED_EDGE('',*,*,#3596,.F.);
#3968 = ORIENTED_EDGE('',*,*,#3969,.F.);
#3969 = EDGE_CURVE('',#2948,#3589,#3970,.T.);
#3970 = LINE('',#3971,#3972);
#3971 = CARTESIAN_POINT('',(2.55,0.84,0.725));
#3972 = VECTOR('',#3973,1.);
#3973 = DIRECTION('',(2.22044604925E-16,-1.,0.));
#3974 = CYLINDRICAL_SURFACE('',#3975,0.3);
#3975 = AXIS2_PLACEMENT_3D('',#3976,#3977,#3978);
#3976 = CARTESIAN_POINT('',(2.25,0.84,0.725));
#3977 = DIRECTION('',(-2.22044604925E-16,1.,-0.));
#3978 = DIRECTION('',(1.,2.22044604925E-16,3.700743415417E-16));
#3979 = ADVANCED_FACE('',(#3980),#3991,.F.);
#3980 = FACE_BOUND('',#3981,.F.);
#3981 = EDGE_LOOP('',(#3982,#3988,#3989,#3990));
#3982 = ORIENTED_EDGE('',*,*,#3983,.T.);
#3983 = EDGE_CURVE('',#2939,#3580,#3984,.T.);
#3984 = LINE('',#3985,#3986);
#3985 = CARTESIAN_POINT('',(2.55,0.84,0.3));
#3986 = VECTOR('',#3987,1.);
#3987 = DIRECTION('',(2.22044604925E-16,-1.,0.));
#3988 = ORIENTED_EDGE('',*,*,#3588,.T.);
#3989 = ORIENTED_EDGE('',*,*,#3969,.F.);
#3990 = ORIENTED_EDGE('',*,*,#2947,.F.);
#3991 = PLANE('',#3992);
#3992 = AXIS2_PLACEMENT_3D('',#3993,#3994,#3995);
#3993 = CARTESIAN_POINT('',(2.55,0.84,0.3));
#3994 = DIRECTION('',(-1.,-2.22044604925E-16,0.));
#3995 = DIRECTION('',(0.,0.,1.));
#3996 = ADVANCED_FACE('',(#3997),#4008,.F.);
#3997 = FACE_BOUND('',#3998,.F.);
#3998 = EDGE_LOOP('',(#3999,#4005,#4006,#4007));
#3999 = ORIENTED_EDGE('',*,*,#4000,.T.);
#4000 = EDGE_CURVE('',#2931,#3572,#4001,.T.);
#4001 = LINE('',#4002,#4003);
#4002 = CARTESIAN_POINT('',(2.65,0.84,0.2));
#4003 = VECTOR('',#4004,1.);
#4004 = DIRECTION('',(2.22044604925E-16,-1.,0.));
#4005 = ORIENTED_EDGE('',*,*,#3579,.T.);
#4006 = ORIENTED_EDGE('',*,*,#3983,.F.);
#4007 = ORIENTED_EDGE('',*,*,#2938,.F.);
#4008 = CYLINDRICAL_SURFACE('',#4009,0.1);
#4009 = AXIS2_PLACEMENT_3D('',#4010,#4011,#4012);
#4010 = CARTESIAN_POINT('',(2.65,0.84,0.3));
#4011 = DIRECTION('',(-2.22044604925E-16,1.,0.));
#4012 = DIRECTION('',(0.,0.,-1.));
#4013 = ADVANCED_FACE('',(#4014),#4025,.F.);
#4014 = FACE_BOUND('',#4015,.F.);
#4015 = EDGE_LOOP('',(#4016,#4022,#4023,#4024));
#4016 = ORIENTED_EDGE('',*,*,#4017,.T.);
#4017 = EDGE_CURVE('',#2923,#3564,#4018,.T.);
#4018 = LINE('',#4019,#4020);
#4019 = CARTESIAN_POINT('',(3.,0.84,0.2));
#4020 = VECTOR('',#4021,1.);
#4021 = DIRECTION('',(2.22044604925E-16,-1.,0.));
#4022 = ORIENTED_EDGE('',*,*,#3571,.T.);
#4023 = ORIENTED_EDGE('',*,*,#4000,.F.);
#4024 = ORIENTED_EDGE('',*,*,#2930,.F.);
#4025 = PLANE('',#4026);
#4026 = AXIS2_PLACEMENT_3D('',#4027,#4028,#4029);
#4027 = CARTESIAN_POINT('',(3.,0.84,0.2));
#4028 = DIRECTION('',(0.,0.,-1.));
#4029 = DIRECTION('',(-1.,-2.22044604925E-16,-0.));
#4030 = ADVANCED_FACE('',(#4031),#4042,.F.);
#4031 = FACE_BOUND('',#4032,.F.);
#4032 = EDGE_LOOP('',(#4033,#4039,#4040,#4041));
#4033 = ORIENTED_EDGE('',*,*,#4034,.T.);
#4034 = EDGE_CURVE('',#2915,#3556,#4035,.T.);
#4035 = LINE('',#4036,#4037);
#4036 = CARTESIAN_POINT('',(3.,0.84,5.551115123126E-17));
#4037 = VECTOR('',#4038,1.);
#4038 = DIRECTION('',(2.22044604925E-16,-1.,0.));
#4039 = ORIENTED_EDGE('',*,*,#3563,.T.);
#4040 = ORIENTED_EDGE('',*,*,#4017,.F.);
#4041 = ORIENTED_EDGE('',*,*,#2922,.F.);
#4042 = PLANE('',#4043);
#4043 = AXIS2_PLACEMENT_3D('',#4044,#4045,#4046);
#4044 = CARTESIAN_POINT('',(3.,0.84,5.551115123126E-17));
#4045 = DIRECTION('',(-1.,-2.22044604925E-16,0.));
#4046 = DIRECTION('',(0.,0.,1.));
#4047 = ADVANCED_FACE('',(#4048),#4059,.F.);
#4048 = FACE_BOUND('',#4049,.F.);
#4049 = EDGE_LOOP('',(#4050,#4056,#4057,#4058));
#4050 = ORIENTED_EDGE('',*,*,#4051,.T.);
#4051 = EDGE_CURVE('',#2906,#3547,#4052,.T.);
#4052 = LINE('',#4053,#4054);
#4053 = CARTESIAN_POINT('',(2.65,0.84,5.551115123126E-17));
#4054 = VECTOR('',#4055,1.);
#4055 = DIRECTION('',(2.22044604925E-16,-1.,0.));
#4056 = ORIENTED_EDGE('',*,*,#3555,.T.);
#4057 = ORIENTED_EDGE('',*,*,#4034,.F.);
#4058 = ORIENTED_EDGE('',*,*,#2914,.F.);
#4059 = PLANE('',#4060);
#4060 = AXIS2_PLACEMENT_3D('',#4061,#4062,#4063);
#4061 = CARTESIAN_POINT('',(2.65,0.84,5.551115123126E-17));
#4062 = DIRECTION('',(0.,0.,1.));
#4063 = DIRECTION('',(1.,2.22044604925E-16,-0.));
#4064 = ADVANCED_FACE('',(#4065),#4076,.T.);
#4065 = FACE_BOUND('',#4066,.T.);
#4066 = EDGE_LOOP('',(#4067,#4068,#4069,#4070));
#4067 = ORIENTED_EDGE('',*,*,#2905,.T.);
#4068 = ORIENTED_EDGE('',*,*,#4051,.T.);
#4069 = ORIENTED_EDGE('',*,*,#3546,.F.);
#4070 = ORIENTED_EDGE('',*,*,#4071,.F.);
#4071 = EDGE_CURVE('',#2898,#3539,#4072,.T.);
#4072 = LINE('',#4073,#4074);
#4073 = CARTESIAN_POINT('',(2.35,0.84,0.3));
#4074 = VECTOR('',#4075,1.);
#4075 = DIRECTION('',(2.22044604925E-16,-1.,0.));
#4076 = CYLINDRICAL_SURFACE('',#4077,0.3);
#4077 = AXIS2_PLACEMENT_3D('',#4078,#4079,#4080);
#4078 = CARTESIAN_POINT('',(2.65,0.84,0.3));
#4079 = DIRECTION('',(-2.22044604925E-16,1.,-0.));
#4080 = DIRECTION('',(-1.,-2.22044604925E-16,3.515706244646E-15));
#4081 = ADVANCED_FACE('',(#4082),#4088,.F.);
#4082 = FACE_BOUND('',#4083,.F.);
#4083 = EDGE_LOOP('',(#4084,#4085,#4086,#4087));
#4084 = ORIENTED_EDGE('',*,*,#3520,.T.);
#4085 = ORIENTED_EDGE('',*,*,#3538,.T.);
#4086 = ORIENTED_EDGE('',*,*,#4071,.F.);
#4087 = ORIENTED_EDGE('',*,*,#2897,.F.);
#4088 = PLANE('',#4089);
#4089 = AXIS2_PLACEMENT_3D('',#4090,#4091,#4092);
#4090 = CARTESIAN_POINT('',(2.35,0.84,0.725));
#4091 = DIRECTION('',(1.,2.22044604925E-16,1.044915787883E-15));
#4092 = DIRECTION('',(1.044915787883E-15,2.320179133003E-31,-1.));
#4093 = ADVANCED_FACE('',(#4094),#4111,.F.);
#4094 = FACE_BOUND('',#4095,.F.);
#4095 = EDGE_LOOP('',(#4096,#4097,#4104,#4110));
#4096 = ORIENTED_EDGE('',*,*,#3009,.T.);
#4097 = ORIENTED_EDGE('',*,*,#4098,.T.);
#4098 = EDGE_CURVE('',#3003,#4099,#4101,.T.);
#4099 = VERTEX_POINT('',#4100);
#4100 = CARTESIAN_POINT('',(-1.775,-2.45,1.025));
#4101 = B_SPLINE_CURVE_WITH_KNOTS('',1,(#4102,#4103),.UNSPECIFIED.,.F.,
  .F.,(2,2),(0.,1.),.PIECEWISE_BEZIER_KNOTS.);
#4102 = CARTESIAN_POINT('',(-1.775,-2.45,0.825));
#4103 = CARTESIAN_POINT('',(-1.775,-2.45,1.025));
#4104 = ORIENTED_EDGE('',*,*,#4105,.F.);
#4105 = EDGE_CURVE('',#3153,#4099,#4106,.T.);
#4106 = LINE('',#4107,#4108);
#4107 = CARTESIAN_POINT('',(1.775,-2.45,1.025));
#4108 = VECTOR('',#4109,1.);
#4109 = DIRECTION('',(-1.,-2.22044604925E-16,0.));
#4110 = ORIENTED_EDGE('',*,*,#3152,.F.);
#4111 = PLANE('',#4112);
#4112 = AXIS2_PLACEMENT_3D('',#4113,#4114,#4115);
#4113 = CARTESIAN_POINT('',(1.775,-2.45,1.025));
#4114 = DIRECTION('',(-2.22044604925E-16,1.,0.));
#4115 = DIRECTION('',(-1.,-2.22044604925E-16,0.));
#4116 = ADVANCED_FACE('',(#4117),#4134,.F.);
#4117 = FACE_BOUND('',#4118,.F.);
#4118 = EDGE_LOOP('',(#4119,#4120,#4127,#4133));
#4119 = ORIENTED_EDGE('',*,*,#3032,.T.);
#4120 = ORIENTED_EDGE('',*,*,#4121,.T.);
#4121 = EDGE_CURVE('',#3026,#4122,#4124,.T.);
#4122 = VERTEX_POINT('',#4123);
#4123 = CARTESIAN_POINT('',(-1.95,-2.275,1.025));
#4124 = B_SPLINE_CURVE_WITH_KNOTS('',1,(#4125,#4126),.UNSPECIFIED.,.F.,
  .F.,(2,2),(0.,1.),.PIECEWISE_BEZIER_KNOTS.);
#4125 = CARTESIAN_POINT('',(-1.95,-2.275,0.825));
#4126 = CARTESIAN_POINT('',(-1.95,-2.275,1.025));
#4127 = ORIENTED_EDGE('',*,*,#4128,.F.);
#4128 = EDGE_CURVE('',#4099,#4122,#4129,.T.);
#4129 = LINE('',#4130,#4131);
#4130 = CARTESIAN_POINT('',(-1.775,-2.45,1.025));
#4131 = VECTOR('',#4132,1.);
#4132 = DIRECTION('',(-0.707106781187,0.707106781187,0.));
#4133 = ORIENTED_EDGE('',*,*,#4098,.F.);
#4134 = PLANE('',#4135);
#4135 = AXIS2_PLACEMENT_3D('',#4136,#4137,#4138);
#4136 = CARTESIAN_POINT('',(-1.775,-2.45,1.025));
#4137 = DIRECTION('',(0.707106781187,0.707106781187,0.));
#4138 = DIRECTION('',(-0.707106781187,0.707106781187,0.));
#4139 = ADVANCED_FACE('',(#4140),#4158,.F.);
#4140 = FACE_BOUND('',#4141,.F.);
#4141 = EDGE_LOOP('',(#4142,#4143,#4144,#4152));
#4142 = ORIENTED_EDGE('',*,*,#4121,.F.);
#4143 = ORIENTED_EDGE('',*,*,#3119,.T.);
#4144 = ORIENTED_EDGE('',*,*,#4145,.T.);
#4145 = EDGE_CURVE('',#3112,#4146,#4148,.T.);
#4146 = VERTEX_POINT('',#4147);
#4147 = CARTESIAN_POINT('',(-1.95,-2.11,1.025));
#4148 = LINE('',#4149,#4150);
#4149 = CARTESIAN_POINT('',(-1.95,-2.11,0.778829828783));
#4150 = VECTOR('',#4151,1.);
#4151 = DIRECTION('',(0.,0.,1.));
#4152 = ORIENTED_EDGE('',*,*,#4153,.F.);
#4153 = EDGE_CURVE('',#4122,#4146,#4154,.T.);
#4154 = LINE('',#4155,#4156);
#4155 = CARTESIAN_POINT('',(-1.95,-2.275,1.025));
#4156 = VECTOR('',#4157,1.);
#4157 = DIRECTION('',(-2.22044604925E-16,1.,0.));
#4158 = PLANE('',#4159);
#4159 = AXIS2_PLACEMENT_3D('',#4160,#4161,#4162);
#4160 = CARTESIAN_POINT('',(-1.95,-2.275,1.025));
#4161 = DIRECTION('',(1.,2.22044604925E-16,0.));
#4162 = DIRECTION('',(-2.22044604925E-16,1.,0.));
#4163 = ADVANCED_FACE('',(#4164),#4188,.F.);
#4164 = FACE_BOUND('',#4165,.F.);
#4165 = EDGE_LOOP('',(#4166,#4174,#4175,#4182));
#4166 = ORIENTED_EDGE('',*,*,#4167,.F.);
#4167 = EDGE_CURVE('',#3056,#4168,#4170,.T.);
#4168 = VERTEX_POINT('',#4169);
#4169 = CARTESIAN_POINT('',(-1.95,2.11,1.025));
#4170 = LINE('',#4171,#4172);
#4171 = CARTESIAN_POINT('',(-1.95,2.11,0.778829828783));
#4172 = VECTOR('',#4173,1.);
#4173 = DIRECTION('',(0.,0.,1.));
#4174 = ORIENTED_EDGE('',*,*,#3055,.T.);
#4175 = ORIENTED_EDGE('',*,*,#4176,.T.);
#4176 = EDGE_CURVE('',#3049,#4177,#4179,.T.);
#4177 = VERTEX_POINT('',#4178);
#4178 = CARTESIAN_POINT('',(-1.95,2.275,1.025));
#4179 = B_SPLINE_CURVE_WITH_KNOTS('',1,(#4180,#4181),.UNSPECIFIED.,.F.,
  .F.,(2,2),(0.,1.),.PIECEWISE_BEZIER_KNOTS.);
#4180 = CARTESIAN_POINT('',(-1.95,2.275,0.825));
#4181 = CARTESIAN_POINT('',(-1.95,2.275,1.025));
#4182 = ORIENTED_EDGE('',*,*,#4183,.F.);
#4183 = EDGE_CURVE('',#4168,#4177,#4184,.T.);
#4184 = LINE('',#4185,#4186);
#4185 = CARTESIAN_POINT('',(-1.95,-2.275,1.025));
#4186 = VECTOR('',#4187,1.);
#4187 = DIRECTION('',(-2.22044604925E-16,1.,0.));
#4188 = PLANE('',#4189);
#4189 = AXIS2_PLACEMENT_3D('',#4190,#4191,#4192);
#4190 = CARTESIAN_POINT('',(-1.95,-2.275,1.025));
#4191 = DIRECTION('',(1.,2.22044604925E-16,0.));
#4192 = DIRECTION('',(-2.22044604925E-16,1.,0.));
#4193 = ADVANCED_FACE('',(#4194),#4219,.F.);
#4194 = FACE_BOUND('',#4195,.F.);
#4195 = EDGE_LOOP('',(#4196,#4204,#4205,#4213));
#4196 = ORIENTED_EDGE('',*,*,#4197,.F.);
#4197 = EDGE_CURVE('',#3112,#4198,#4200,.T.);
#4198 = VERTEX_POINT('',#4199);
#4199 = CARTESIAN_POINT('',(-2.25,-2.11,0.825));
#4200 = LINE('',#4201,#4202);
#4201 = CARTESIAN_POINT('',(-1.8,-2.11,0.825));
#4202 = VECTOR('',#4203,1.);
#4203 = DIRECTION('',(-1.,-9.95799250103E-17,0.));
#4204 = ORIENTED_EDGE('',*,*,#3111,.T.);
#4205 = ORIENTED_EDGE('',*,*,#4206,.T.);
#4206 = EDGE_CURVE('',#3104,#4207,#4209,.T.);
#4207 = VERTEX_POINT('',#4208);
#4208 = CARTESIAN_POINT('',(-2.25,-1.7,0.825));
#4209 = LINE('',#4210,#4211);
#4210 = CARTESIAN_POINT('',(-1.8,-1.7,0.825));
#4211 = VECTOR('',#4212,1.);
#4212 = DIRECTION('',(-1.,-9.95799250103E-17,0.));
#4213 = ORIENTED_EDGE('',*,*,#4214,.F.);
#4214 = EDGE_CURVE('',#4198,#4207,#4215,.T.);
#4215 = LINE('',#4216,#4217);
#4216 = CARTESIAN_POINT('',(-2.25,-2.11,0.825));
#4217 = VECTOR('',#4218,1.);
#4218 = DIRECTION('',(-9.95799250103E-17,1.,0.));
#4219 = PLANE('',#4220);
#4220 = AXIS2_PLACEMENT_3D('',#4221,#4222,#4223);
#4221 = CARTESIAN_POINT('',(-1.8,-2.11,0.825));
#4222 = DIRECTION('',(0.,0.,1.));
#4223 = DIRECTION('',(-1.,-9.95799250103E-17,0.));
#4224 = ADVANCED_FACE('',(#4225),#4250,.F.);
#4225 = FACE_BOUND('',#4226,.F.);
#4226 = EDGE_LOOP('',(#4227,#4235,#4236,#4244));
#4227 = ORIENTED_EDGE('',*,*,#4228,.F.);
#4228 = EDGE_CURVE('',#3064,#4229,#4231,.T.);
#4229 = VERTEX_POINT('',#4230);
#4230 = CARTESIAN_POINT('',(-2.25,1.7,0.825));
#4231 = LINE('',#4232,#4233);
#4232 = CARTESIAN_POINT('',(-1.8,1.7,0.825));
#4233 = VECTOR('',#4234,1.);
#4234 = DIRECTION('',(-1.,-9.95799250103E-17,0.));
#4235 = ORIENTED_EDGE('',*,*,#3063,.T.);
#4236 = ORIENTED_EDGE('',*,*,#4237,.T.);
#4237 = EDGE_CURVE('',#3056,#4238,#4240,.T.);
#4238 = VERTEX_POINT('',#4239);
#4239 = CARTESIAN_POINT('',(-2.25,2.11,0.825));
#4240 = LINE('',#4241,#4242);
#4241 = CARTESIAN_POINT('',(-1.8,2.11,0.825));
#4242 = VECTOR('',#4243,1.);
#4243 = DIRECTION('',(-1.,-9.95799250103E-17,0.));
#4244 = ORIENTED_EDGE('',*,*,#4245,.F.);
#4245 = EDGE_CURVE('',#4229,#4238,#4246,.T.);
#4246 = LINE('',#4247,#4248);
#4247 = CARTESIAN_POINT('',(-2.25,1.7,0.825));
#4248 = VECTOR('',#4249,1.);
#4249 = DIRECTION('',(-9.95799250103E-17,1.,0.));
#4250 = PLANE('',#4251);
#4251 = AXIS2_PLACEMENT_3D('',#4252,#4253,#4254);
#4252 = CARTESIAN_POINT('',(-1.8,1.7,0.825));
#4253 = DIRECTION('',(0.,0.,1.));
#4254 = DIRECTION('',(-1.,-9.95799250103E-17,0.));
#4255 = ADVANCED_FACE('',(#4256),#4281,.F.);
#4256 = FACE_BOUND('',#4257,.F.);
#4257 = EDGE_LOOP('',(#4258,#4266,#4267,#4275));
#4258 = ORIENTED_EDGE('',*,*,#4259,.F.);
#4259 = EDGE_CURVE('',#3104,#4260,#4262,.T.);
#4260 = VERTEX_POINT('',#4261);
#4261 = CARTESIAN_POINT('',(-1.95,-1.7,1.025));
#4262 = LINE('',#4263,#4264);
#4263 = CARTESIAN_POINT('',(-1.95,-1.7,0.778829828783));
#4264 = VECTOR('',#4265,1.);
#4265 = DIRECTION('',(0.,0.,1.));
#4266 = ORIENTED_EDGE('',*,*,#3103,.T.);
#4267 = ORIENTED_EDGE('',*,*,#4268,.T.);
#4268 = EDGE_CURVE('',#3096,#4269,#4271,.T.);
#4269 = VERTEX_POINT('',#4270);
#4270 = CARTESIAN_POINT('',(-1.95,-0.84,1.025));
#4271 = LINE('',#4272,#4273);
#4272 = CARTESIAN_POINT('',(-1.95,-0.84,0.778829828783));
#4273 = VECTOR('',#4274,1.);
#4274 = DIRECTION('',(0.,0.,1.));
#4275 = ORIENTED_EDGE('',*,*,#4276,.F.);
#4276 = EDGE_CURVE('',#4260,#4269,#4277,.T.);
#4277 = LINE('',#4278,#4279);
#4278 = CARTESIAN_POINT('',(-1.95,-2.275,1.025));
#4279 = VECTOR('',#4280,1.);
#4280 = DIRECTION('',(-2.22044604925E-16,1.,0.));
#4281 = PLANE('',#4282);
#4282 = AXIS2_PLACEMENT_3D('',#4283,#4284,#4285);
#4283 = CARTESIAN_POINT('',(-1.95,-2.275,1.025));
#4284 = DIRECTION('',(1.,2.22044604925E-16,0.));
#4285 = DIRECTION('',(-2.22044604925E-16,1.,0.));
#4286 = ADVANCED_FACE('',(#4287),#4312,.F.);
#4287 = FACE_BOUND('',#4288,.F.);
#4288 = EDGE_LOOP('',(#4289,#4297,#4298,#4306));
#4289 = ORIENTED_EDGE('',*,*,#4290,.F.);
#4290 = EDGE_CURVE('',#3072,#4291,#4293,.T.);
#4291 = VERTEX_POINT('',#4292);
#4292 = CARTESIAN_POINT('',(-1.95,0.84,1.025));
#4293 = LINE('',#4294,#4295);
#4294 = CARTESIAN_POINT('',(-1.95,0.84,0.778829828783));
#4295 = VECTOR('',#4296,1.);
#4296 = DIRECTION('',(0.,0.,1.));
#4297 = ORIENTED_EDGE('',*,*,#3071,.T.);
#4298 = ORIENTED_EDGE('',*,*,#4299,.T.);
#4299 = EDGE_CURVE('',#3064,#4300,#4302,.T.);
#4300 = VERTEX_POINT('',#4301);
#4301 = CARTESIAN_POINT('',(-1.95,1.7,1.025));
#4302 = LINE('',#4303,#4304);
#4303 = CARTESIAN_POINT('',(-1.95,1.7,0.778829828783));
#4304 = VECTOR('',#4305,1.);
#4305 = DIRECTION('',(0.,0.,1.));
#4306 = ORIENTED_EDGE('',*,*,#4307,.F.);
#4307 = EDGE_CURVE('',#4291,#4300,#4308,.T.);
#4308 = LINE('',#4309,#4310);
#4309 = CARTESIAN_POINT('',(-1.95,-2.275,1.025));
#4310 = VECTOR('',#4311,1.);
#4311 = DIRECTION('',(-2.22044604925E-16,1.,0.));
#4312 = PLANE('',#4313);
#4313 = AXIS2_PLACEMENT_3D('',#4314,#4315,#4316);
#4314 = CARTESIAN_POINT('',(-1.95,-2.275,1.025));
#4315 = DIRECTION('',(1.,2.22044604925E-16,0.));
#4316 = DIRECTION('',(-2.22044604925E-16,1.,0.));
#4317 = ADVANCED_FACE('',(#4318),#4343,.F.);
#4318 = FACE_BOUND('',#4319,.F.);
#4319 = EDGE_LOOP('',(#4320,#4328,#4329,#4337));
#4320 = ORIENTED_EDGE('',*,*,#4321,.F.);
#4321 = EDGE_CURVE('',#3096,#4322,#4324,.T.);
#4322 = VERTEX_POINT('',#4323);
#4323 = CARTESIAN_POINT('',(-2.25,-0.84,0.825));
#4324 = LINE('',#4325,#4326);
#4325 = CARTESIAN_POINT('',(-1.8,-0.84,0.825));
#4326 = VECTOR('',#4327,1.);
#4327 = DIRECTION('',(-1.,-9.95799250103E-17,0.));
#4328 = ORIENTED_EDGE('',*,*,#3095,.T.);
#4329 = ORIENTED_EDGE('',*,*,#4330,.T.);
#4330 = EDGE_CURVE('',#3088,#4331,#4333,.T.);
#4331 = VERTEX_POINT('',#4332);
#4332 = CARTESIAN_POINT('',(-2.25,-0.43,0.825));
#4333 = LINE('',#4334,#4335);
#4334 = CARTESIAN_POINT('',(-1.8,-0.43,0.825));
#4335 = VECTOR('',#4336,1.);
#4336 = DIRECTION('',(-1.,-9.95799250103E-17,0.));
#4337 = ORIENTED_EDGE('',*,*,#4338,.F.);
#4338 = EDGE_CURVE('',#4322,#4331,#4339,.T.);
#4339 = LINE('',#4340,#4341);
#4340 = CARTESIAN_POINT('',(-2.25,-0.84,0.825));
#4341 = VECTOR('',#4342,1.);
#4342 = DIRECTION('',(-9.95799250103E-17,1.,0.));
#4343 = PLANE('',#4344);
#4344 = AXIS2_PLACEMENT_3D('',#4345,#4346,#4347);
#4345 = CARTESIAN_POINT('',(-1.8,-0.84,0.825));
#4346 = DIRECTION('',(0.,0.,1.));
#4347 = DIRECTION('',(-1.,-9.95799250103E-17,0.));
#4348 = ADVANCED_FACE('',(#4349),#4374,.F.);
#4349 = FACE_BOUND('',#4350,.F.);
#4350 = EDGE_LOOP('',(#4351,#4359,#4360,#4368));
#4351 = ORIENTED_EDGE('',*,*,#4352,.F.);
#4352 = EDGE_CURVE('',#3080,#4353,#4355,.T.);
#4353 = VERTEX_POINT('',#4354);
#4354 = CARTESIAN_POINT('',(-2.25,0.43,0.825));
#4355 = LINE('',#4356,#4357);
#4356 = CARTESIAN_POINT('',(-1.8,0.43,0.825));
#4357 = VECTOR('',#4358,1.);
#4358 = DIRECTION('',(-1.,-9.95799250103E-17,0.));
#4359 = ORIENTED_EDGE('',*,*,#3079,.T.);
#4360 = ORIENTED_EDGE('',*,*,#4361,.T.);
#4361 = EDGE_CURVE('',#3072,#4362,#4364,.T.);
#4362 = VERTEX_POINT('',#4363);
#4363 = CARTESIAN_POINT('',(-2.25,0.84,0.825));
#4364 = LINE('',#4365,#4366);
#4365 = CARTESIAN_POINT('',(-1.8,0.84,0.825));
#4366 = VECTOR('',#4367,1.);
#4367 = DIRECTION('',(-1.,-9.95799250103E-17,0.));
#4368 = ORIENTED_EDGE('',*,*,#4369,.F.);
#4369 = EDGE_CURVE('',#4353,#4362,#4370,.T.);
#4370 = LINE('',#4371,#4372);
#4371 = CARTESIAN_POINT('',(-2.25,0.43,0.825));
#4372 = VECTOR('',#4373,1.);
#4373 = DIRECTION('',(-9.95799250103E-17,1.,0.));
#4374 = PLANE('',#4375);
#4375 = AXIS2_PLACEMENT_3D('',#4376,#4377,#4378);
#4376 = CARTESIAN_POINT('',(-1.8,0.43,0.825));
#4377 = DIRECTION('',(0.,0.,1.));
#4378 = DIRECTION('',(-1.,-9.95799250103E-17,0.));
#4379 = ADVANCED_FACE('',(#4380),#4405,.F.);
#4380 = FACE_BOUND('',#4381,.F.);
#4381 = EDGE_LOOP('',(#4382,#4390,#4391,#4399));
#4382 = ORIENTED_EDGE('',*,*,#4383,.F.);
#4383 = EDGE_CURVE('',#3088,#4384,#4386,.T.);
#4384 = VERTEX_POINT('',#4385);
#4385 = CARTESIAN_POINT('',(-1.95,-0.43,1.025));
#4386 = LINE('',#4387,#4388);
#4387 = CARTESIAN_POINT('',(-1.95,-0.43,0.778829828783));
#4388 = VECTOR('',#4389,1.);
#4389 = DIRECTION('',(0.,0.,1.));
#4390 = ORIENTED_EDGE('',*,*,#3087,.T.);
#4391 = ORIENTED_EDGE('',*,*,#4392,.T.);
#4392 = EDGE_CURVE('',#3080,#4393,#4395,.T.);
#4393 = VERTEX_POINT('',#4394);
#4394 = CARTESIAN_POINT('',(-1.95,0.43,1.025));
#4395 = LINE('',#4396,#4397);
#4396 = CARTESIAN_POINT('',(-1.95,0.43,0.778829828783));
#4397 = VECTOR('',#4398,1.);
#4398 = DIRECTION('',(0.,0.,1.));
#4399 = ORIENTED_EDGE('',*,*,#4400,.F.);
#4400 = EDGE_CURVE('',#4384,#4393,#4401,.T.);
#4401 = LINE('',#4402,#4403);
#4402 = CARTESIAN_POINT('',(-1.95,-2.275,1.025));
#4403 = VECTOR('',#4404,1.);
#4404 = DIRECTION('',(-2.22044604925E-16,1.,0.));
#4405 = PLANE('',#4406);
#4406 = AXIS2_PLACEMENT_3D('',#4407,#4408,#4409);
#4407 = CARTESIAN_POINT('',(-1.95,-2.275,1.025));
#4408 = DIRECTION('',(1.,2.22044604925E-16,0.));
#4409 = DIRECTION('',(-2.22044604925E-16,1.,0.));
#4410 = ADVANCED_FACE('',(#4411),#4422,.F.);
#4411 = FACE_BOUND('',#4412,.F.);
#4412 = EDGE_LOOP('',(#4413,#4414,#4415,#4421));
#4413 = ORIENTED_EDGE('',*,*,#3136,.T.);
#4414 = ORIENTED_EDGE('',*,*,#3783,.T.);
#4415 = ORIENTED_EDGE('',*,*,#4416,.F.);
#4416 = EDGE_CURVE('',#4177,#3776,#4417,.T.);
#4417 = LINE('',#4418,#4419);
#4418 = CARTESIAN_POINT('',(-1.95,2.275,1.025));
#4419 = VECTOR('',#4420,1.);
#4420 = DIRECTION('',(0.707106781187,0.707106781187,0.));
#4421 = ORIENTED_EDGE('',*,*,#4176,.F.);
#4422 = PLANE('',#4423);
#4423 = AXIS2_PLACEMENT_3D('',#4424,#4425,#4426);
#4424 = CARTESIAN_POINT('',(-1.95,2.275,1.025));
#4425 = DIRECTION('',(0.707106781187,-0.707106781187,0.));
#4426 = DIRECTION('',(0.707106781187,0.707106781187,0.));
#4427 = ADVANCED_FACE('',(#4428),#4438,.F.);
#4428 = FACE_BOUND('',#4429,.F.);
#4429 = EDGE_LOOP('',(#4430,#4431,#4436,#4437));
#4430 = ORIENTED_EDGE('',*,*,#3159,.T.);
#4431 = ORIENTED_EDGE('',*,*,#4432,.T.);
#4432 = EDGE_CURVE('',#3153,#3887,#4433,.T.);
#4433 = B_SPLINE_CURVE_WITH_KNOTS('',1,(#4434,#4435),.UNSPECIFIED.,.F.,
  .F.,(2,2),(0.,1.),.PIECEWISE_BEZIER_KNOTS.);
#4434 = CARTESIAN_POINT('',(1.775,-2.45,1.025));
#4435 = CARTESIAN_POINT('',(1.7375,-2.375,1.025));
#4436 = ORIENTED_EDGE('',*,*,#3886,.F.);
#4437 = ORIENTED_EDGE('',*,*,#3273,.F.);
#4438 = B_SPLINE_SURFACE_WITH_KNOTS('',1,1,(
    (#4439,#4440)
    ,(#4441,#4442
    )),.UNSPECIFIED.,.F.,.F.,.F.,(2,2),(2,2),(0.,0.247487373415),(0.,1.)
  ,.PIECEWISE_BEZIER_KNOTS.);
#4439 = CARTESIAN_POINT('',(1.95,-2.275,1.025));
#4440 = CARTESIAN_POINT('',(1.875,-2.2375,1.025));
#4441 = CARTESIAN_POINT('',(1.775,-2.45,1.025));
#4442 = CARTESIAN_POINT('',(1.7375,-2.375,1.025));
#4443 = ADVANCED_FACE('',(#4444),#4455,.T.);
#4444 = FACE_BOUND('',#4445,.T.);
#4445 = EDGE_LOOP('',(#4446,#4447,#4448,#4449));
#4446 = ORIENTED_EDGE('',*,*,#3356,.T.);
#4447 = ORIENTED_EDGE('',*,*,#3929,.T.);
#4448 = ORIENTED_EDGE('',*,*,#3243,.F.);
#4449 = ORIENTED_EDGE('',*,*,#4450,.F.);
#4450 = EDGE_CURVE('',#3349,#3236,#4451,.T.);
#4451 = LINE('',#4452,#4453);
#4452 = CARTESIAN_POINT('',(2.55,-1.7,0.725));
#4453 = VECTOR('',#4454,1.);
#4454 = DIRECTION('',(2.22044604925E-16,-1.,0.));
#4455 = CYLINDRICAL_SURFACE('',#4456,0.3);
#4456 = AXIS2_PLACEMENT_3D('',#4457,#4458,#4459);
#4457 = CARTESIAN_POINT('',(2.25,-1.7,0.725));
#4458 = DIRECTION('',(-2.22044604925E-16,1.,-0.));
#4459 = DIRECTION('',(1.,2.22044604925E-16,3.700743415417E-16));
#4460 = ADVANCED_FACE('',(#4461),#4472,.F.);
#4461 = FACE_BOUND('',#4462,.F.);
#4462 = EDGE_LOOP('',(#4463,#4469,#4470,#4471));
#4463 = ORIENTED_EDGE('',*,*,#4464,.T.);
#4464 = EDGE_CURVE('',#3340,#3227,#4465,.T.);
#4465 = LINE('',#4466,#4467);
#4466 = CARTESIAN_POINT('',(2.55,-1.7,0.3));
#4467 = VECTOR('',#4468,1.);
#4468 = DIRECTION('',(2.22044604925E-16,-1.,0.));
#4469 = ORIENTED_EDGE('',*,*,#3235,.T.);
#4470 = ORIENTED_EDGE('',*,*,#4450,.F.);
#4471 = ORIENTED_EDGE('',*,*,#3348,.F.);
#4472 = PLANE('',#4473);
#4473 = AXIS2_PLACEMENT_3D('',#4474,#4475,#4476);
#4474 = CARTESIAN_POINT('',(2.55,-1.7,0.3));
#4475 = DIRECTION('',(-1.,-2.22044604925E-16,0.));
#4476 = DIRECTION('',(0.,0.,1.));
#4477 = ADVANCED_FACE('',(#4478),#4489,.F.);
#4478 = FACE_BOUND('',#4479,.F.);
#4479 = EDGE_LOOP('',(#4480,#4486,#4487,#4488));
#4480 = ORIENTED_EDGE('',*,*,#4481,.T.);
#4481 = EDGE_CURVE('',#3332,#3219,#4482,.T.);
#4482 = LINE('',#4483,#4484);
#4483 = CARTESIAN_POINT('',(2.65,-1.7,0.2));
#4484 = VECTOR('',#4485,1.);
#4485 = DIRECTION('',(2.22044604925E-16,-1.,0.));
#4486 = ORIENTED_EDGE('',*,*,#3226,.T.);
#4487 = ORIENTED_EDGE('',*,*,#4464,.F.);
#4488 = ORIENTED_EDGE('',*,*,#3339,.F.);
#4489 = CYLINDRICAL_SURFACE('',#4490,0.1);
#4490 = AXIS2_PLACEMENT_3D('',#4491,#4492,#4493);
#4491 = CARTESIAN_POINT('',(2.65,-1.7,0.3));
#4492 = DIRECTION('',(-2.22044604925E-16,1.,0.));
#4493 = DIRECTION('',(0.,0.,-1.));
#4494 = ADVANCED_FACE('',(#4495),#4506,.F.);
#4495 = FACE_BOUND('',#4496,.F.);
#4496 = EDGE_LOOP('',(#4497,#4503,#4504,#4505));
#4497 = ORIENTED_EDGE('',*,*,#4498,.T.);
#4498 = EDGE_CURVE('',#3324,#3211,#4499,.T.);
#4499 = LINE('',#4500,#4501);
#4500 = CARTESIAN_POINT('',(3.,-1.7,0.2));
#4501 = VECTOR('',#4502,1.);
#4502 = DIRECTION('',(2.22044604925E-16,-1.,0.));
#4503 = ORIENTED_EDGE('',*,*,#3218,.T.);
#4504 = ORIENTED_EDGE('',*,*,#4481,.F.);
#4505 = ORIENTED_EDGE('',*,*,#3331,.F.);
#4506 = PLANE('',#4507);
#4507 = AXIS2_PLACEMENT_3D('',#4508,#4509,#4510);
#4508 = CARTESIAN_POINT('',(3.,-1.7,0.2));
#4509 = DIRECTION('',(0.,0.,-1.));
#4510 = DIRECTION('',(-1.,-2.22044604925E-16,-0.));
#4511 = ADVANCED_FACE('',(#4512),#4523,.F.);
#4512 = FACE_BOUND('',#4513,.F.);
#4513 = EDGE_LOOP('',(#4514,#4520,#4521,#4522));
#4514 = ORIENTED_EDGE('',*,*,#4515,.T.);
#4515 = EDGE_CURVE('',#3316,#3203,#4516,.T.);
#4516 = LINE('',#4517,#4518);
#4517 = CARTESIAN_POINT('',(3.,-1.7,5.551115123126E-17));
#4518 = VECTOR('',#4519,1.);
#4519 = DIRECTION('',(2.22044604925E-16,-1.,0.));
#4520 = ORIENTED_EDGE('',*,*,#3210,.T.);
#4521 = ORIENTED_EDGE('',*,*,#4498,.F.);
#4522 = ORIENTED_EDGE('',*,*,#3323,.F.);
#4523 = PLANE('',#4524);
#4524 = AXIS2_PLACEMENT_3D('',#4525,#4526,#4527);
#4525 = CARTESIAN_POINT('',(3.,-1.7,5.551115123126E-17));
#4526 = DIRECTION('',(-1.,-2.22044604925E-16,0.));
#4527 = DIRECTION('',(0.,0.,1.));
#4528 = ADVANCED_FACE('',(#4529),#4540,.F.);
#4529 = FACE_BOUND('',#4530,.F.);
#4530 = EDGE_LOOP('',(#4531,#4537,#4538,#4539));
#4531 = ORIENTED_EDGE('',*,*,#4532,.T.);
#4532 = EDGE_CURVE('',#3307,#3194,#4533,.T.);
#4533 = LINE('',#4534,#4535);
#4534 = CARTESIAN_POINT('',(2.65,-1.7,5.551115123126E-17));
#4535 = VECTOR('',#4536,1.);
#4536 = DIRECTION('',(2.22044604925E-16,-1.,0.));
#4537 = ORIENTED_EDGE('',*,*,#3202,.T.);
#4538 = ORIENTED_EDGE('',*,*,#4515,.F.);
#4539 = ORIENTED_EDGE('',*,*,#3315,.F.);
#4540 = PLANE('',#4541);
#4541 = AXIS2_PLACEMENT_3D('',#4542,#4543,#4544);
#4542 = CARTESIAN_POINT('',(2.65,-1.7,5.551115123126E-17));
#4543 = DIRECTION('',(0.,0.,1.));
#4544 = DIRECTION('',(1.,2.22044604925E-16,-0.));
#4545 = ADVANCED_FACE('',(#4546),#4557,.T.);
#4546 = FACE_BOUND('',#4547,.T.);
#4547 = EDGE_LOOP('',(#4548,#4549,#4550,#4551));
#4548 = ORIENTED_EDGE('',*,*,#3306,.T.);
#4549 = ORIENTED_EDGE('',*,*,#4532,.T.);
#4550 = ORIENTED_EDGE('',*,*,#3193,.F.);
#4551 = ORIENTED_EDGE('',*,*,#4552,.F.);
#4552 = EDGE_CURVE('',#3299,#3186,#4553,.T.);
#4553 = LINE('',#4554,#4555);
#4554 = CARTESIAN_POINT('',(2.35,-1.7,0.3));
#4555 = VECTOR('',#4556,1.);
#4556 = DIRECTION('',(2.22044604925E-16,-1.,0.));
#4557 = CYLINDRICAL_SURFACE('',#4558,0.3);
#4558 = AXIS2_PLACEMENT_3D('',#4559,#4560,#4561);
#4559 = CARTESIAN_POINT('',(2.65,-1.7,0.3));
#4560 = DIRECTION('',(-2.22044604925E-16,1.,-0.));
#4561 = DIRECTION('',(-1.,-2.22044604925E-16,3.515706244646E-15));
#4562 = ADVANCED_FACE('',(#4563),#4569,.F.);
#4563 = FACE_BOUND('',#4564,.F.);
#4564 = EDGE_LOOP('',(#4565,#4566,#4567,#4568));
#4565 = ORIENTED_EDGE('',*,*,#3381,.T.);
#4566 = ORIENTED_EDGE('',*,*,#3185,.T.);
#4567 = ORIENTED_EDGE('',*,*,#4552,.F.);
#4568 = ORIENTED_EDGE('',*,*,#3298,.F.);
#4569 = PLANE('',#4570);
#4570 = AXIS2_PLACEMENT_3D('',#4571,#4572,#4573);
#4571 = CARTESIAN_POINT('',(2.35,-1.7,0.725));
#4572 = DIRECTION('',(1.,2.22044604925E-16,1.044915787883E-15));
#4573 = DIRECTION('',(1.044915787883E-15,2.320179133003E-31,-1.));
#4574 = ADVANCED_FACE('',(#4575),#4586,.T.);
#4575 = FACE_BOUND('',#4576,.T.);
#4576 = EDGE_LOOP('',(#4577,#4578,#4579,#4580));
#4577 = ORIENTED_EDGE('',*,*,#3688,.T.);
#4578 = ORIENTED_EDGE('',*,*,#3948,.T.);
#4579 = ORIENTED_EDGE('',*,*,#3465,.F.);
#4580 = ORIENTED_EDGE('',*,*,#4581,.F.);
#4581 = EDGE_CURVE('',#3681,#3458,#4582,.T.);
#4582 = LINE('',#4583,#4584);
#4583 = CARTESIAN_POINT('',(2.55,-0.43,0.725));
#4584 = VECTOR('',#4585,1.);
#4585 = DIRECTION('',(2.22044604925E-16,-1.,0.));
#4586 = CYLINDRICAL_SURFACE('',#4587,0.3);
#4587 = AXIS2_PLACEMENT_3D('',#4588,#4589,#4590);
#4588 = CARTESIAN_POINT('',(2.25,-0.43,0.725));
#4589 = DIRECTION('',(-2.22044604925E-16,1.,-0.));
#4590 = DIRECTION('',(1.,2.22044604925E-16,3.700743415417E-16));
#4591 = ADVANCED_FACE('',(#4592),#4603,.F.);
#4592 = FACE_BOUND('',#4593,.F.);
#4593 = EDGE_LOOP('',(#4594,#4600,#4601,#4602));
#4594 = ORIENTED_EDGE('',*,*,#4595,.T.);
#4595 = EDGE_CURVE('',#3672,#3449,#4596,.T.);
#4596 = LINE('',#4597,#4598);
#4597 = CARTESIAN_POINT('',(2.55,-0.43,0.3));
#4598 = VECTOR('',#4599,1.);
#4599 = DIRECTION('',(2.22044604925E-16,-1.,0.));
#4600 = ORIENTED_EDGE('',*,*,#3457,.T.);
#4601 = ORIENTED_EDGE('',*,*,#4581,.F.);
#4602 = ORIENTED_EDGE('',*,*,#3680,.F.);
#4603 = PLANE('',#4604);
#4604 = AXIS2_PLACEMENT_3D('',#4605,#4606,#4607);
#4605 = CARTESIAN_POINT('',(2.55,-0.43,0.3));
#4606 = DIRECTION('',(-1.,-2.22044604925E-16,0.));
#4607 = DIRECTION('',(0.,0.,1.));
#4608 = ADVANCED_FACE('',(#4609),#4620,.F.);
#4609 = FACE_BOUND('',#4610,.F.);
#4610 = EDGE_LOOP('',(#4611,#4617,#4618,#4619));
#4611 = ORIENTED_EDGE('',*,*,#4612,.T.);
#4612 = EDGE_CURVE('',#3664,#3441,#4613,.T.);
#4613 = LINE('',#4614,#4615);
#4614 = CARTESIAN_POINT('',(2.65,-0.43,0.2));
#4615 = VECTOR('',#4616,1.);
#4616 = DIRECTION('',(2.22044604925E-16,-1.,0.));
#4617 = ORIENTED_EDGE('',*,*,#3448,.T.);
#4618 = ORIENTED_EDGE('',*,*,#4595,.F.);
#4619 = ORIENTED_EDGE('',*,*,#3671,.F.);
#4620 = CYLINDRICAL_SURFACE('',#4621,0.1);
#4621 = AXIS2_PLACEMENT_3D('',#4622,#4623,#4624);
#4622 = CARTESIAN_POINT('',(2.65,-0.43,0.3));
#4623 = DIRECTION('',(-2.22044604925E-16,1.,0.));
#4624 = DIRECTION('',(0.,0.,-1.));
#4625 = ADVANCED_FACE('',(#4626),#4637,.F.);
#4626 = FACE_BOUND('',#4627,.F.);
#4627 = EDGE_LOOP('',(#4628,#4634,#4635,#4636));
#4628 = ORIENTED_EDGE('',*,*,#4629,.T.);
#4629 = EDGE_CURVE('',#3656,#3433,#4630,.T.);
#4630 = LINE('',#4631,#4632);
#4631 = CARTESIAN_POINT('',(3.,-0.43,0.2));
#4632 = VECTOR('',#4633,1.);
#4633 = DIRECTION('',(2.22044604925E-16,-1.,0.));
#4634 = ORIENTED_EDGE('',*,*,#3440,.T.);
#4635 = ORIENTED_EDGE('',*,*,#4612,.F.);
#4636 = ORIENTED_EDGE('',*,*,#3663,.F.);
#4637 = PLANE('',#4638);
#4638 = AXIS2_PLACEMENT_3D('',#4639,#4640,#4641);
#4639 = CARTESIAN_POINT('',(3.,-0.43,0.2));
#4640 = DIRECTION('',(0.,0.,-1.));
#4641 = DIRECTION('',(-1.,-2.22044604925E-16,-0.));
#4642 = ADVANCED_FACE('',(#4643),#4654,.F.);
#4643 = FACE_BOUND('',#4644,.F.);
#4644 = EDGE_LOOP('',(#4645,#4651,#4652,#4653));
#4645 = ORIENTED_EDGE('',*,*,#4646,.T.);
#4646 = EDGE_CURVE('',#3648,#3425,#4647,.T.);
#4647 = LINE('',#4648,#4649);
#4648 = CARTESIAN_POINT('',(3.,-0.43,5.551115123126E-17));
#4649 = VECTOR('',#4650,1.);
#4650 = DIRECTION('',(2.22044604925E-16,-1.,0.));
#4651 = ORIENTED_EDGE('',*,*,#3432,.T.);
#4652 = ORIENTED_EDGE('',*,*,#4629,.F.);
#4653 = ORIENTED_EDGE('',*,*,#3655,.F.);
#4654 = PLANE('',#4655);
#4655 = AXIS2_PLACEMENT_3D('',#4656,#4657,#4658);
#4656 = CARTESIAN_POINT('',(3.,-0.43,5.551115123126E-17));
#4657 = DIRECTION('',(-1.,-2.22044604925E-16,0.));
#4658 = DIRECTION('',(0.,0.,1.));
#4659 = ADVANCED_FACE('',(#4660),#4671,.F.);
#4660 = FACE_BOUND('',#4661,.F.);
#4661 = EDGE_LOOP('',(#4662,#4668,#4669,#4670));
#4662 = ORIENTED_EDGE('',*,*,#4663,.T.);
#4663 = EDGE_CURVE('',#3639,#3416,#4664,.T.);
#4664 = LINE('',#4665,#4666);
#4665 = CARTESIAN_POINT('',(2.65,-0.43,5.551115123126E-17));
#4666 = VECTOR('',#4667,1.);
#4667 = DIRECTION('',(2.22044604925E-16,-1.,0.));
#4668 = ORIENTED_EDGE('',*,*,#3424,.T.);
#4669 = ORIENTED_EDGE('',*,*,#4646,.F.);
#4670 = ORIENTED_EDGE('',*,*,#3647,.F.);
#4671 = PLANE('',#4672);
#4672 = AXIS2_PLACEMENT_3D('',#4673,#4674,#4675);
#4673 = CARTESIAN_POINT('',(2.65,-0.43,5.551115123126E-17));
#4674 = DIRECTION('',(0.,0.,1.));
#4675 = DIRECTION('',(1.,2.22044604925E-16,-0.));
#4676 = ADVANCED_FACE('',(#4677),#4688,.T.);
#4677 = FACE_BOUND('',#4678,.T.);
#4678 = EDGE_LOOP('',(#4679,#4680,#4681,#4682));
#4679 = ORIENTED_EDGE('',*,*,#3638,.T.);
#4680 = ORIENTED_EDGE('',*,*,#4663,.T.);
#4681 = ORIENTED_EDGE('',*,*,#3415,.F.);
#4682 = ORIENTED_EDGE('',*,*,#4683,.F.);
#4683 = EDGE_CURVE('',#3631,#3408,#4684,.T.);
#4684 = LINE('',#4685,#4686);
#4685 = CARTESIAN_POINT('',(2.35,-0.43,0.3));
#4686 = VECTOR('',#4687,1.);
#4687 = DIRECTION('',(2.22044604925E-16,-1.,0.));
#4688 = CYLINDRICAL_SURFACE('',#4689,0.3);
#4689 = AXIS2_PLACEMENT_3D('',#4690,#4691,#4692);
#4690 = CARTESIAN_POINT('',(2.65,-0.43,0.3));
#4691 = DIRECTION('',(-2.22044604925E-16,1.,-0.));
#4692 = DIRECTION('',(-1.,-2.22044604925E-16,3.515706244646E-15));
#4693 = ADVANCED_FACE('',(#4694),#4700,.F.);
#4694 = FACE_BOUND('',#4695,.F.);
#4695 = EDGE_LOOP('',(#4696,#4697,#4698,#4699));
#4696 = ORIENTED_EDGE('',*,*,#3713,.T.);
#4697 = ORIENTED_EDGE('',*,*,#3407,.T.);
#4698 = ORIENTED_EDGE('',*,*,#4683,.F.);
#4699 = ORIENTED_EDGE('',*,*,#3630,.F.);
#4700 = PLANE('',#4701);
#4701 = AXIS2_PLACEMENT_3D('',#4702,#4703,#4704);
#4702 = CARTESIAN_POINT('',(2.35,-0.43,0.725));
#4703 = DIRECTION('',(1.,2.22044604925E-16,1.044915787883E-15));
#4704 = DIRECTION('',(1.044915787883E-15,2.320179133003E-31,-1.));
#4705 = ADVANCED_FACE('',(#4706),#4723,.F.);
#4706 = FACE_BOUND('',#4707,.F.);
#4707 = EDGE_LOOP('',(#4708,#4709,#4710,#4718));
#4708 = ORIENTED_EDGE('',*,*,#3775,.T.);
#4709 = ORIENTED_EDGE('',*,*,#3760,.T.);
#4710 = ORIENTED_EDGE('',*,*,#4711,.F.);
#4711 = EDGE_CURVE('',#4712,#3753,#4714,.T.);
#4712 = VERTEX_POINT('',#4713);
#4713 = CARTESIAN_POINT('',(-1.7375,2.375,1.025));
#4714 = LINE('',#4715,#4716);
#4715 = CARTESIAN_POINT('',(-1.7375,2.375,1.025));
#4716 = VECTOR('',#4717,1.);
#4717 = DIRECTION('',(1.,2.22044604925E-16,0.));
#4718 = ORIENTED_EDGE('',*,*,#4719,.F.);
#4719 = EDGE_CURVE('',#3776,#4712,#4720,.T.);
#4720 = B_SPLINE_CURVE_WITH_KNOTS('',1,(#4721,#4722),.UNSPECIFIED.,.F.,
  .F.,(2,2),(0.,1.),.PIECEWISE_BEZIER_KNOTS.);
#4721 = CARTESIAN_POINT('',(-1.775,2.45,1.025));
#4722 = CARTESIAN_POINT('',(-1.7375,2.375,1.025));
#4723 = B_SPLINE_SURFACE_WITH_KNOTS('',1,1,(
    (#4724,#4725)
    ,(#4726,#4727
    )),.UNSPECIFIED.,.F.,.F.,.F.,(2,2),(2,2),(0.,3.55),(0.,1.),
  .PIECEWISE_BEZIER_KNOTS.);
#4724 = CARTESIAN_POINT('',(-1.775,2.45,1.025));
#4725 = CARTESIAN_POINT('',(-1.7375,2.375,1.025));
#4726 = CARTESIAN_POINT('',(1.775,2.45,1.025));
#4727 = CARTESIAN_POINT('',(1.7375,2.375,1.025));
#4728 = ADVANCED_FACE('',(#4729),#4739,.F.);
#4729 = FACE_BOUND('',#4730,.F.);
#4730 = EDGE_LOOP('',(#4731,#4732,#4733,#4734));
#4731 = ORIENTED_EDGE('',*,*,#4711,.T.);
#4732 = ORIENTED_EDGE('',*,*,#3806,.T.);
#4733 = ORIENTED_EDGE('',*,*,#3819,.F.);
#4734 = ORIENTED_EDGE('',*,*,#4735,.F.);
#4735 = EDGE_CURVE('',#4712,#3820,#4736,.T.);
#4736 = B_SPLINE_CURVE_WITH_KNOTS('',1,(#4737,#4738),.UNSPECIFIED.,.F.,
  .F.,(2,2),(0.,1.),.PIECEWISE_BEZIER_KNOTS.);
#4737 = CARTESIAN_POINT('',(-1.7375,2.375,1.025));
#4738 = CARTESIAN_POINT('',(-1.680085640382,2.260171280765,1.75));
#4739 = B_SPLINE_SURFACE_WITH_KNOTS('',1,1,(
    (#4740,#4741)
    ,(#4742,#4743
    )),.UNSPECIFIED.,.F.,.F.,.F.,(2,2),(2,2),(0.,3.475),(0.,1.),
  .PIECEWISE_BEZIER_KNOTS.);
#4740 = CARTESIAN_POINT('',(-1.7375,2.375,1.025));
#4741 = CARTESIAN_POINT('',(-1.680085640382,2.260171280765,1.75));
#4742 = CARTESIAN_POINT('',(1.7375,2.375,1.025));
#4743 = CARTESIAN_POINT('',(1.680085640382,2.260171280765,1.75));
#4744 = ADVANCED_FACE('',(#4745),#4762,.F.);
#4745 = FACE_BOUND('',#4746,.F.);
#4746 = EDGE_LOOP('',(#4747,#4755,#4756,#4757));
#4747 = ORIENTED_EDGE('',*,*,#4748,.T.);
#4748 = EDGE_CURVE('',#4749,#4712,#4751,.T.);
#4749 = VERTEX_POINT('',#4750);
#4750 = CARTESIAN_POINT('',(-1.875,2.2375,1.025));
#4751 = LINE('',#4752,#4753);
#4752 = CARTESIAN_POINT('',(-1.875,2.2375,1.025));
#4753 = VECTOR('',#4754,1.);
#4754 = DIRECTION('',(0.707106781187,0.707106781187,0.));
#4755 = ORIENTED_EDGE('',*,*,#4735,.T.);
#4756 = ORIENTED_EDGE('',*,*,#3861,.F.);
#4757 = ORIENTED_EDGE('',*,*,#4758,.F.);
#4758 = EDGE_CURVE('',#4749,#3854,#4759,.T.);
#4759 = B_SPLINE_CURVE_WITH_KNOTS('',1,(#4760,#4761),.UNSPECIFIED.,.F.,
  .F.,(2,2),(0.,1.),.PIECEWISE_BEZIER_KNOTS.);
#4760 = CARTESIAN_POINT('',(-1.875,2.2375,1.025));
#4761 = CARTESIAN_POINT('',(-1.760171280765,2.180085640382,1.75));
#4762 = B_SPLINE_SURFACE_WITH_KNOTS('',1,1,(
    (#4763,#4764)
    ,(#4765,#4766
    )),.UNSPECIFIED.,.F.,.F.,.F.,(2,2),(2,2),(0.,0.194454364826),(0.,1.)
  ,.PIECEWISE_BEZIER_KNOTS.);
#4763 = CARTESIAN_POINT('',(-1.875,2.2375,1.025));
#4764 = CARTESIAN_POINT('',(-1.760171280765,2.180085640382,1.75));
#4765 = CARTESIAN_POINT('',(-1.7375,2.375,1.025));
#4766 = CARTESIAN_POINT('',(-1.680085640382,2.260171280765,1.75));
#4767 = ADVANCED_FACE('',(#4768),#4849,.F.);
#4768 = FACE_BOUND('',#4769,.F.);
#4769 = EDGE_LOOP('',(#4770,#4780,#4788,#4796,#4804,#4812,#4820,#4828,
    #4836,#4842,#4843,#4844));
#4770 = ORIENTED_EDGE('',*,*,#4771,.T.);
#4771 = EDGE_CURVE('',#4772,#4774,#4776,.T.);
#4772 = VERTEX_POINT('',#4773);
#4773 = CARTESIAN_POINT('',(-1.875,-2.2375,1.025));
#4774 = VERTEX_POINT('',#4775);
#4775 = CARTESIAN_POINT('',(-1.875,-2.11,1.025));
#4776 = LINE('',#4777,#4778);
#4777 = CARTESIAN_POINT('',(-1.875,-2.2375,1.025));
#4778 = VECTOR('',#4779,1.);
#4779 = DIRECTION('',(-2.22044604925E-16,1.,0.));
#4780 = ORIENTED_EDGE('',*,*,#4781,.T.);
#4781 = EDGE_CURVE('',#4774,#4782,#4784,.T.);
#4782 = VERTEX_POINT('',#4783);
#4783 = CARTESIAN_POINT('',(-1.875,-1.7,1.025));
#4784 = LINE('',#4785,#4786);
#4785 = CARTESIAN_POINT('',(-1.875,-2.2375,1.025));
#4786 = VECTOR('',#4787,1.);
#4787 = DIRECTION('',(-2.22044604925E-16,1.,0.));
#4788 = ORIENTED_EDGE('',*,*,#4789,.T.);
#4789 = EDGE_CURVE('',#4782,#4790,#4792,.T.);
#4790 = VERTEX_POINT('',#4791);
#4791 = CARTESIAN_POINT('',(-1.875,-0.84,1.025));
#4792 = LINE('',#4793,#4794);
#4793 = CARTESIAN_POINT('',(-1.875,-2.2375,1.025));
#4794 = VECTOR('',#4795,1.);
#4795 = DIRECTION('',(-2.22044604925E-16,1.,0.));
#4796 = ORIENTED_EDGE('',*,*,#4797,.T.);
#4797 = EDGE_CURVE('',#4790,#4798,#4800,.T.);
#4798 = VERTEX_POINT('',#4799);
#4799 = CARTESIAN_POINT('',(-1.875,-0.43,1.025));
#4800 = LINE('',#4801,#4802);
#4801 = CARTESIAN_POINT('',(-1.875,-2.2375,1.025));
#4802 = VECTOR('',#4803,1.);
#4803 = DIRECTION('',(-2.22044604925E-16,1.,0.));
#4804 = ORIENTED_EDGE('',*,*,#4805,.T.);
#4805 = EDGE_CURVE('',#4798,#4806,#4808,.T.);
#4806 = VERTEX_POINT('',#4807);
#4807 = CARTESIAN_POINT('',(-1.875,0.43,1.025));
#4808 = LINE('',#4809,#4810);
#4809 = CARTESIAN_POINT('',(-1.875,-2.2375,1.025));
#4810 = VECTOR('',#4811,1.);
#4811 = DIRECTION('',(-2.22044604925E-16,1.,0.));
#4812 = ORIENTED_EDGE('',*,*,#4813,.T.);
#4813 = EDGE_CURVE('',#4806,#4814,#4816,.T.);
#4814 = VERTEX_POINT('',#4815);
#4815 = CARTESIAN_POINT('',(-1.875,0.84,1.025));
#4816 = LINE('',#4817,#4818);
#4817 = CARTESIAN_POINT('',(-1.875,-2.2375,1.025));
#4818 = VECTOR('',#4819,1.);
#4819 = DIRECTION('',(-2.22044604925E-16,1.,0.));
#4820 = ORIENTED_EDGE('',*,*,#4821,.T.);
#4821 = EDGE_CURVE('',#4814,#4822,#4824,.T.);
#4822 = VERTEX_POINT('',#4823);
#4823 = CARTESIAN_POINT('',(-1.875,1.7,1.025));
#4824 = LINE('',#4825,#4826);
#4825 = CARTESIAN_POINT('',(-1.875,-2.2375,1.025));
#4826 = VECTOR('',#4827,1.);
#4827 = DIRECTION('',(-2.22044604925E-16,1.,0.));
#4828 = ORIENTED_EDGE('',*,*,#4829,.T.);
#4829 = EDGE_CURVE('',#4822,#4830,#4832,.T.);
#4830 = VERTEX_POINT('',#4831);
#4831 = CARTESIAN_POINT('',(-1.875,2.11,1.025));
#4832 = LINE('',#4833,#4834);
#4833 = CARTESIAN_POINT('',(-1.875,-2.2375,1.025));
#4834 = VECTOR('',#4835,1.);
#4835 = DIRECTION('',(-2.22044604925E-16,1.,0.));
#4836 = ORIENTED_EDGE('',*,*,#4837,.T.);
#4837 = EDGE_CURVE('',#4830,#4749,#4838,.T.);
#4838 = LINE('',#4839,#4840);
#4839 = CARTESIAN_POINT('',(-1.875,-2.2375,1.025));
#4840 = VECTOR('',#4841,1.);
#4841 = DIRECTION('',(-2.22044604925E-16,1.,0.));
#4842 = ORIENTED_EDGE('',*,*,#4758,.T.);
#4843 = ORIENTED_EDGE('',*,*,#3853,.F.);
#4844 = ORIENTED_EDGE('',*,*,#4845,.F.);
#4845 = EDGE_CURVE('',#4772,#3846,#4846,.T.);
#4846 = B_SPLINE_CURVE_WITH_KNOTS('',1,(#4847,#4848),.UNSPECIFIED.,.F.,
  .F.,(2,2),(0.,1.),.PIECEWISE_BEZIER_KNOTS.);
#4847 = CARTESIAN_POINT('',(-1.875,-2.2375,1.025));
#4848 = CARTESIAN_POINT('',(-1.760171280765,-2.180085640382,1.75));
#4849 = B_SPLINE_SURFACE_WITH_KNOTS('',1,1,(
    (#4850,#4851)
    ,(#4852,#4853
    )),.UNSPECIFIED.,.F.,.F.,.F.,(2,2),(2,2),(0.,4.475),(0.,1.),
  .PIECEWISE_BEZIER_KNOTS.);
#4850 = CARTESIAN_POINT('',(-1.875,-2.2375,1.025));
#4851 = CARTESIAN_POINT('',(-1.760171280765,-2.180085640382,1.75));
#4852 = CARTESIAN_POINT('',(-1.875,2.2375,1.025));
#4853 = CARTESIAN_POINT('',(-1.760171280765,2.180085640382,1.75));
#4854 = ADVANCED_FACE('',(#4855),#4872,.F.);
#4855 = FACE_BOUND('',#4856,.F.);
#4856 = EDGE_LOOP('',(#4857,#4865,#4866,#4867));
#4857 = ORIENTED_EDGE('',*,*,#4858,.T.);
#4858 = EDGE_CURVE('',#4859,#4772,#4861,.T.);
#4859 = VERTEX_POINT('',#4860);
#4860 = CARTESIAN_POINT('',(-1.7375,-2.375,1.025));
#4861 = LINE('',#4862,#4863);
#4862 = CARTESIAN_POINT('',(-1.7375,-2.375,1.025));
#4863 = VECTOR('',#4864,1.);
#4864 = DIRECTION('',(-0.707106781187,0.707106781187,0.));
#4865 = ORIENTED_EDGE('',*,*,#4845,.T.);
#4866 = ORIENTED_EDGE('',*,*,#3845,.F.);
#4867 = ORIENTED_EDGE('',*,*,#4868,.F.);
#4868 = EDGE_CURVE('',#4859,#3838,#4869,.T.);
#4869 = B_SPLINE_CURVE_WITH_KNOTS('',1,(#4870,#4871),.UNSPECIFIED.,.F.,
  .F.,(2,2),(0.,1.),.PIECEWISE_BEZIER_KNOTS.);
#4870 = CARTESIAN_POINT('',(-1.7375,-2.375,1.025));
#4871 = CARTESIAN_POINT('',(-1.680085640382,-2.260171280765,1.75));
#4872 = B_SPLINE_SURFACE_WITH_KNOTS('',1,1,(
    (#4873,#4874)
    ,(#4875,#4876
    )),.UNSPECIFIED.,.F.,.F.,.F.,(2,2),(2,2),(0.,0.194454364826),(0.,1.)
  ,.PIECEWISE_BEZIER_KNOTS.);
#4873 = CARTESIAN_POINT('',(-1.7375,-2.375,1.025));
#4874 = CARTESIAN_POINT('',(-1.680085640382,-2.260171280765,1.75));
#4875 = CARTESIAN_POINT('',(-1.875,-2.2375,1.025));
#4876 = CARTESIAN_POINT('',(-1.760171280765,-2.180085640382,1.75));
#4877 = ADVANCED_FACE('',(#4878),#4889,.F.);
#4878 = FACE_BOUND('',#4879,.F.);
#4879 = EDGE_LOOP('',(#4880,#4886,#4887,#4888));
#4880 = ORIENTED_EDGE('',*,*,#4881,.T.);
#4881 = EDGE_CURVE('',#3887,#4859,#4882,.T.);
#4882 = LINE('',#4883,#4884);
#4883 = CARTESIAN_POINT('',(1.7375,-2.375,1.025));
#4884 = VECTOR('',#4885,1.);
#4885 = DIRECTION('',(-1.,-2.22044604925E-16,0.));
#4886 = ORIENTED_EDGE('',*,*,#4868,.T.);
#4887 = ORIENTED_EDGE('',*,*,#3837,.F.);
#4888 = ORIENTED_EDGE('',*,*,#3894,.F.);
#4889 = B_SPLINE_SURFACE_WITH_KNOTS('',1,1,(
    (#4890,#4891)
    ,(#4892,#4893
    )),.UNSPECIFIED.,.F.,.F.,.F.,(2,2),(2,2),(0.,3.475),(0.,1.),
  .PIECEWISE_BEZIER_KNOTS.);
#4890 = CARTESIAN_POINT('',(1.7375,-2.375,1.025));
#4891 = CARTESIAN_POINT('',(1.680085640382,-2.260171280765,1.75));
#4892 = CARTESIAN_POINT('',(-1.7375,-2.375,1.025));
#4893 = CARTESIAN_POINT('',(-1.680085640382,-2.260171280765,1.75));
#4894 = ADVANCED_FACE('',(#4895),#4914,.F.);
#4895 = FACE_BOUND('',#4896,.F.);
#4896 = EDGE_LOOP('',(#4897,#4906,#4912,#4913));
#4897 = ORIENTED_EDGE('',*,*,#4898,.T.);
#4898 = EDGE_CURVE('',#4899,#4899,#4901,.T.);
#4899 = VERTEX_POINT('',#4900);
#4900 = CARTESIAN_POINT('',(-1.110171280765,1.310171280765,1.7));
#4901 = CIRCLE('',#4902,0.3);
#4902 = AXIS2_PLACEMENT_3D('',#4903,#4904,#4905);
#4903 = CARTESIAN_POINT('',(-1.110171280765,1.610171280765,1.7));
#4904 = DIRECTION('',(-0.,0.,1.));
#4905 = DIRECTION('',(2.22044604925E-16,-1.,0.));
#4906 = ORIENTED_EDGE('',*,*,#4907,.F.);
#4907 = EDGE_CURVE('',#3870,#4899,#4908,.T.);
#4908 = LINE('',#4909,#4910);
#4909 = CARTESIAN_POINT('',(-1.110171280765,1.310171280765,1.75));
#4910 = VECTOR('',#4911,1.);
#4911 = DIRECTION('',(0.,-0.,-1.));
#4912 = ORIENTED_EDGE('',*,*,#3869,.F.);
#4913 = ORIENTED_EDGE('',*,*,#4907,.T.);
#4914 = CYLINDRICAL_SURFACE('',#4915,0.3);
#4915 = AXIS2_PLACEMENT_3D('',#4916,#4917,#4918);
#4916 = CARTESIAN_POINT('',(-1.110171280765,1.610171280765,1.75));
#4917 = DIRECTION('',(-0.,0.,-1.));
#4918 = DIRECTION('',(2.22044604925E-16,-1.,-0.));
#4919 = ADVANCED_FACE('',(#4920),#4930,.F.);
#4920 = FACE_BOUND('',#4921,.F.);
#4921 = EDGE_LOOP('',(#4922,#4923,#4928,#4929));
#4922 = ORIENTED_EDGE('',*,*,#4105,.T.);
#4923 = ORIENTED_EDGE('',*,*,#4924,.T.);
#4924 = EDGE_CURVE('',#4099,#4859,#4925,.T.);
#4925 = B_SPLINE_CURVE_WITH_KNOTS('',1,(#4926,#4927),.UNSPECIFIED.,.F.,
  .F.,(2,2),(0.,1.),.PIECEWISE_BEZIER_KNOTS.);
#4926 = CARTESIAN_POINT('',(-1.775,-2.45,1.025));
#4927 = CARTESIAN_POINT('',(-1.7375,-2.375,1.025));
#4928 = ORIENTED_EDGE('',*,*,#4881,.F.);
#4929 = ORIENTED_EDGE('',*,*,#4432,.F.);
#4930 = B_SPLINE_SURFACE_WITH_KNOTS('',1,1,(
    (#4931,#4932)
    ,(#4933,#4934
    )),.UNSPECIFIED.,.F.,.F.,.F.,(2,2),(2,2),(0.,3.55),(0.,1.),
  .PIECEWISE_BEZIER_KNOTS.);
#4931 = CARTESIAN_POINT('',(1.775,-2.45,1.025));
#4932 = CARTESIAN_POINT('',(1.7375,-2.375,1.025));
#4933 = CARTESIAN_POINT('',(-1.775,-2.45,1.025));
#4934 = CARTESIAN_POINT('',(-1.7375,-2.375,1.025));
#4935 = ADVANCED_FACE('',(#4936),#4946,.F.);
#4936 = FACE_BOUND('',#4937,.F.);
#4937 = EDGE_LOOP('',(#4938,#4939,#4944,#4945));
#4938 = ORIENTED_EDGE('',*,*,#4128,.T.);
#4939 = ORIENTED_EDGE('',*,*,#4940,.T.);
#4940 = EDGE_CURVE('',#4122,#4772,#4941,.T.);
#4941 = B_SPLINE_CURVE_WITH_KNOTS('',1,(#4942,#4943),.UNSPECIFIED.,.F.,
  .F.,(2,2),(0.,1.),.PIECEWISE_BEZIER_KNOTS.);
#4942 = CARTESIAN_POINT('',(-1.95,-2.275,1.025));
#4943 = CARTESIAN_POINT('',(-1.875,-2.2375,1.025));
#4944 = ORIENTED_EDGE('',*,*,#4858,.F.);
#4945 = ORIENTED_EDGE('',*,*,#4924,.F.);
#4946 = B_SPLINE_SURFACE_WITH_KNOTS('',1,1,(
    (#4947,#4948)
    ,(#4949,#4950
    )),.UNSPECIFIED.,.F.,.F.,.F.,(2,2),(2,2),(0.,0.247487373415),(0.,1.)
  ,.PIECEWISE_BEZIER_KNOTS.);
#4947 = CARTESIAN_POINT('',(-1.775,-2.45,1.025));
#4948 = CARTESIAN_POINT('',(-1.7375,-2.375,1.025));
#4949 = CARTESIAN_POINT('',(-1.95,-2.275,1.025));
#4950 = CARTESIAN_POINT('',(-1.875,-2.2375,1.025));
#4951 = ADVANCED_FACE('',(#4952),#4963,.F.);
#4952 = FACE_BOUND('',#4953,.F.);
#4953 = EDGE_LOOP('',(#4954,#4955,#4956,#4962));
#4954 = ORIENTED_EDGE('',*,*,#4940,.F.);
#4955 = ORIENTED_EDGE('',*,*,#4153,.T.);
#4956 = ORIENTED_EDGE('',*,*,#4957,.T.);
#4957 = EDGE_CURVE('',#4146,#4774,#4958,.T.);
#4958 = LINE('',#4959,#4960);
#4959 = CARTESIAN_POINT('',(-2.25,-2.11,1.025));
#4960 = VECTOR('',#4961,1.);
#4961 = DIRECTION('',(1.,9.95799250103E-17,0.));
#4962 = ORIENTED_EDGE('',*,*,#4771,.F.);
#4963 = B_SPLINE_SURFACE_WITH_KNOTS('',1,1,(
    (#4964,#4965)
    ,(#4966,#4967
    )),.UNSPECIFIED.,.F.,.F.,.F.,(2,2),(2,2),(0.,4.55),(0.,1.),
  .PIECEWISE_BEZIER_KNOTS.);
#4964 = CARTESIAN_POINT('',(-1.95,-2.275,1.025));
#4965 = CARTESIAN_POINT('',(-1.875,-2.2375,1.025));
#4966 = CARTESIAN_POINT('',(-1.95,2.275,1.025));
#4967 = CARTESIAN_POINT('',(-1.875,2.2375,1.025));
#4968 = ADVANCED_FACE('',(#4969),#5055,.F.);
#4969 = FACE_BOUND('',#4970,.F.);
#4970 = EDGE_LOOP('',(#4971,#4972,#4973,#4982,#4990,#4999,#5007,#5015,
    #5023,#5032,#5040,#5049));
#4971 = ORIENTED_EDGE('',*,*,#4145,.F.);
#4972 = ORIENTED_EDGE('',*,*,#4197,.T.);
#4973 = ORIENTED_EDGE('',*,*,#4974,.T.);
#4974 = EDGE_CURVE('',#4198,#4975,#4977,.T.);
#4975 = VERTEX_POINT('',#4976);
#4976 = CARTESIAN_POINT('',(-2.35,-2.11,0.725));
#4977 = CIRCLE('',#4978,0.1);
#4978 = AXIS2_PLACEMENT_3D('',#4979,#4980,#4981);
#4979 = CARTESIAN_POINT('',(-2.25,-2.11,0.725));
#4980 = DIRECTION('',(9.95799250103E-17,-1.,1.294197968281E-47));
#4981 = DIRECTION('',(-4.440892098501E-15,-4.422237021476E-31,1.));
#4982 = ORIENTED_EDGE('',*,*,#4983,.T.);
#4983 = EDGE_CURVE('',#4975,#4984,#4986,.T.);
#4984 = VERTEX_POINT('',#4985);
#4985 = CARTESIAN_POINT('',(-2.35,-2.11,0.3));
#4986 = LINE('',#4987,#4988);
#4987 = CARTESIAN_POINT('',(-2.35,-2.11,0.725));
#4988 = VECTOR('',#4989,1.);
#4989 = DIRECTION('',(-1.044915787883E-15,-1.040526357994E-31,-1.));
#4990 = ORIENTED_EDGE('',*,*,#4991,.T.);
#4991 = EDGE_CURVE('',#4984,#4992,#4994,.T.);
#4992 = VERTEX_POINT('',#4993);
#4993 = CARTESIAN_POINT('',(-2.65,-2.11,5.551115123126E-17));
#4994 = CIRCLE('',#4995,0.3);
#4995 = AXIS2_PLACEMENT_3D('',#4996,#4997,#4998);
#4996 = CARTESIAN_POINT('',(-2.65,-2.11,0.3));
#4997 = DIRECTION('',(-9.95799250103E-17,1.,0.));
#4998 = DIRECTION('',(1.,9.95799250103E-17,3.515706244646E-15));
#4999 = ORIENTED_EDGE('',*,*,#5000,.T.);
#5000 = EDGE_CURVE('',#4992,#5001,#5003,.T.);
#5001 = VERTEX_POINT('',#5002);
#5002 = CARTESIAN_POINT('',(-3.,-2.11,5.551115123126E-17));
#5003 = LINE('',#5004,#5005);
#5004 = CARTESIAN_POINT('',(-2.65,-2.11,5.551115123126E-17));
#5005 = VECTOR('',#5006,1.);
#5006 = DIRECTION('',(-1.,-9.95799250103E-17,0.));
#5007 = ORIENTED_EDGE('',*,*,#5008,.T.);
#5008 = EDGE_CURVE('',#5001,#5009,#5011,.T.);
#5009 = VERTEX_POINT('',#5010);
#5010 = CARTESIAN_POINT('',(-3.,-2.11,0.2));
#5011 = LINE('',#5012,#5013);
#5012 = CARTESIAN_POINT('',(-3.,-2.11,5.551115123126E-17));
#5013 = VECTOR('',#5014,1.);
#5014 = DIRECTION('',(0.,0.,1.));
#5015 = ORIENTED_EDGE('',*,*,#5016,.T.);
#5016 = EDGE_CURVE('',#5009,#5017,#5019,.T.);
#5017 = VERTEX_POINT('',#5018);
#5018 = CARTESIAN_POINT('',(-2.65,-2.11,0.2));
#5019 = LINE('',#5020,#5021);
#5020 = CARTESIAN_POINT('',(-3.,-2.11,0.2));
#5021 = VECTOR('',#5022,1.);
#5022 = DIRECTION('',(1.,9.95799250103E-17,0.));
#5023 = ORIENTED_EDGE('',*,*,#5024,.T.);
#5024 = EDGE_CURVE('',#5017,#5025,#5027,.T.);
#5025 = VERTEX_POINT('',#5026);
#5026 = CARTESIAN_POINT('',(-2.55,-2.11,0.3));
#5027 = CIRCLE('',#5028,0.1);
#5028 = AXIS2_PLACEMENT_3D('',#5029,#5030,#5031);
#5029 = CARTESIAN_POINT('',(-2.65,-2.11,0.3));
#5030 = DIRECTION('',(9.95799250103E-17,-1.,-0.));
#5031 = DIRECTION('',(-0.,0.,-1.));
#5032 = ORIENTED_EDGE('',*,*,#5033,.T.);
#5033 = EDGE_CURVE('',#5025,#5034,#5036,.T.);
#5034 = VERTEX_POINT('',#5035);
#5035 = CARTESIAN_POINT('',(-2.55,-2.11,0.725));
#5036 = LINE('',#5037,#5038);
#5037 = CARTESIAN_POINT('',(-2.55,-2.11,0.3));
#5038 = VECTOR('',#5039,1.);
#5039 = DIRECTION('',(0.,0.,1.));
#5040 = ORIENTED_EDGE('',*,*,#5041,.T.);
#5041 = EDGE_CURVE('',#5034,#5042,#5044,.T.);
#5042 = VERTEX_POINT('',#5043);
#5043 = CARTESIAN_POINT('',(-2.25,-2.11,1.025));
#5044 = CIRCLE('',#5045,0.3);
#5045 = AXIS2_PLACEMENT_3D('',#5046,#5047,#5048);
#5046 = CARTESIAN_POINT('',(-2.25,-2.11,0.725));
#5047 = DIRECTION('',(-9.95799250103E-17,1.,0.));
#5048 = DIRECTION('',(-1.,-9.95799250103E-17,3.700743415417E-16));
#5049 = ORIENTED_EDGE('',*,*,#5050,.T.);
#5050 = EDGE_CURVE('',#5042,#4146,#5051,.T.);
#5051 = LINE('',#5052,#5053);
#5052 = CARTESIAN_POINT('',(-2.25,-2.11,1.025));
#5053 = VECTOR('',#5054,1.);
#5054 = DIRECTION('',(1.,9.95799250103E-17,0.));
#5055 = PLANE('',#5056);
#5056 = AXIS2_PLACEMENT_3D('',#5057,#5058,#5059);
#5057 = CARTESIAN_POINT('',(-2.41578967201,-2.11,0.532659657565));
#5058 = DIRECTION('',(-9.95799250103E-17,1.,0.));
#5059 = DIRECTION('',(0.,0.,1.));
#5060 = ADVANCED_FACE('',(#5061),#5147,.T.);
#5061 = FACE_BOUND('',#5062,.T.);
#5062 = EDGE_LOOP('',(#5063,#5064,#5065,#5074,#5082,#5091,#5099,#5107,
    #5115,#5124,#5132,#5141));
#5063 = ORIENTED_EDGE('',*,*,#4167,.F.);
#5064 = ORIENTED_EDGE('',*,*,#4237,.T.);
#5065 = ORIENTED_EDGE('',*,*,#5066,.T.);
#5066 = EDGE_CURVE('',#4238,#5067,#5069,.T.);
#5067 = VERTEX_POINT('',#5068);
#5068 = CARTESIAN_POINT('',(-2.35,2.11,0.725));
#5069 = CIRCLE('',#5070,0.1);
#5070 = AXIS2_PLACEMENT_3D('',#5071,#5072,#5073);
#5071 = CARTESIAN_POINT('',(-2.25,2.11,0.725));
#5072 = DIRECTION('',(9.95799250103E-17,-1.,1.294197968281E-47));
#5073 = DIRECTION('',(-4.440892098501E-15,-4.422237021476E-31,1.));
#5074 = ORIENTED_EDGE('',*,*,#5075,.T.);
#5075 = EDGE_CURVE('',#5067,#5076,#5078,.T.);
#5076 = VERTEX_POINT('',#5077);
#5077 = CARTESIAN_POINT('',(-2.35,2.11,0.3));
#5078 = LINE('',#5079,#5080);
#5079 = CARTESIAN_POINT('',(-2.35,2.11,0.725));
#5080 = VECTOR('',#5081,1.);
#5081 = DIRECTION('',(-1.044915787883E-15,-1.040526357994E-31,-1.));
#5082 = ORIENTED_EDGE('',*,*,#5083,.T.);
#5083 = EDGE_CURVE('',#5076,#5084,#5086,.T.);
#5084 = VERTEX_POINT('',#5085);
#5085 = CARTESIAN_POINT('',(-2.65,2.11,5.551115123126E-17));
#5086 = CIRCLE('',#5087,0.3);
#5087 = AXIS2_PLACEMENT_3D('',#5088,#5089,#5090);
#5088 = CARTESIAN_POINT('',(-2.65,2.11,0.3));
#5089 = DIRECTION('',(-9.95799250103E-17,1.,0.));
#5090 = DIRECTION('',(1.,9.95799250103E-17,3.515706244646E-15));
#5091 = ORIENTED_EDGE('',*,*,#5092,.T.);
#5092 = EDGE_CURVE('',#5084,#5093,#5095,.T.);
#5093 = VERTEX_POINT('',#5094);
#5094 = CARTESIAN_POINT('',(-3.,2.11,5.551115123126E-17));
#5095 = LINE('',#5096,#5097);
#5096 = CARTESIAN_POINT('',(-2.65,2.11,5.551115123126E-17));
#5097 = VECTOR('',#5098,1.);
#5098 = DIRECTION('',(-1.,-9.95799250103E-17,0.));
#5099 = ORIENTED_EDGE('',*,*,#5100,.T.);
#5100 = EDGE_CURVE('',#5093,#5101,#5103,.T.);
#5101 = VERTEX_POINT('',#5102);
#5102 = CARTESIAN_POINT('',(-3.,2.11,0.2));
#5103 = LINE('',#5104,#5105);
#5104 = CARTESIAN_POINT('',(-3.,2.11,5.551115123126E-17));
#5105 = VECTOR('',#5106,1.);
#5106 = DIRECTION('',(0.,0.,1.));
#5107 = ORIENTED_EDGE('',*,*,#5108,.T.);
#5108 = EDGE_CURVE('',#5101,#5109,#5111,.T.);
#5109 = VERTEX_POINT('',#5110);
#5110 = CARTESIAN_POINT('',(-2.65,2.11,0.2));
#5111 = LINE('',#5112,#5113);
#5112 = CARTESIAN_POINT('',(-3.,2.11,0.2));
#5113 = VECTOR('',#5114,1.);
#5114 = DIRECTION('',(1.,9.95799250103E-17,0.));
#5115 = ORIENTED_EDGE('',*,*,#5116,.T.);
#5116 = EDGE_CURVE('',#5109,#5117,#5119,.T.);
#5117 = VERTEX_POINT('',#5118);
#5118 = CARTESIAN_POINT('',(-2.55,2.11,0.3));
#5119 = CIRCLE('',#5120,0.1);
#5120 = AXIS2_PLACEMENT_3D('',#5121,#5122,#5123);
#5121 = CARTESIAN_POINT('',(-2.65,2.11,0.3));
#5122 = DIRECTION('',(9.95799250103E-17,-1.,-0.));
#5123 = DIRECTION('',(-0.,0.,-1.));
#5124 = ORIENTED_EDGE('',*,*,#5125,.T.);
#5125 = EDGE_CURVE('',#5117,#5126,#5128,.T.);
#5126 = VERTEX_POINT('',#5127);
#5127 = CARTESIAN_POINT('',(-2.55,2.11,0.725));
#5128 = LINE('',#5129,#5130);
#5129 = CARTESIAN_POINT('',(-2.55,2.11,0.3));
#5130 = VECTOR('',#5131,1.);
#5131 = DIRECTION('',(0.,0.,1.));
#5132 = ORIENTED_EDGE('',*,*,#5133,.T.);
#5133 = EDGE_CURVE('',#5126,#5134,#5136,.T.);
#5134 = VERTEX_POINT('',#5135);
#5135 = CARTESIAN_POINT('',(-2.25,2.11,1.025));
#5136 = CIRCLE('',#5137,0.3);
#5137 = AXIS2_PLACEMENT_3D('',#5138,#5139,#5140);
#5138 = CARTESIAN_POINT('',(-2.25,2.11,0.725));
#5139 = DIRECTION('',(-9.95799250103E-17,1.,0.));
#5140 = DIRECTION('',(-1.,-9.95799250103E-17,3.700743415417E-16));
#5141 = ORIENTED_EDGE('',*,*,#5142,.T.);
#5142 = EDGE_CURVE('',#5134,#4168,#5143,.T.);
#5143 = LINE('',#5144,#5145);
#5144 = CARTESIAN_POINT('',(-2.25,2.11,1.025));
#5145 = VECTOR('',#5146,1.);
#5146 = DIRECTION('',(1.,9.95799250103E-17,0.));
#5147 = PLANE('',#5148);
#5148 = AXIS2_PLACEMENT_3D('',#5149,#5150,#5151);
#5149 = CARTESIAN_POINT('',(-2.41578967201,2.11,0.532659657565));
#5150 = DIRECTION('',(-9.95799250103E-17,1.,0.));
#5151 = DIRECTION('',(0.,0.,1.));
#5152 = ADVANCED_FACE('',(#5153),#5168,.F.);
#5153 = FACE_BOUND('',#5154,.F.);
#5154 = EDGE_LOOP('',(#5155,#5161,#5162,#5167));
#5155 = ORIENTED_EDGE('',*,*,#5156,.F.);
#5156 = EDGE_CURVE('',#4168,#4830,#5157,.T.);
#5157 = LINE('',#5158,#5159);
#5158 = CARTESIAN_POINT('',(-2.25,2.11,1.025));
#5159 = VECTOR('',#5160,1.);
#5160 = DIRECTION('',(1.,9.95799250103E-17,0.));
#5161 = ORIENTED_EDGE('',*,*,#4183,.T.);
#5162 = ORIENTED_EDGE('',*,*,#5163,.T.);
#5163 = EDGE_CURVE('',#4177,#4749,#5164,.T.);
#5164 = B_SPLINE_CURVE_WITH_KNOTS('',1,(#5165,#5166),.UNSPECIFIED.,.F.,
  .F.,(2,2),(0.,1.),.PIECEWISE_BEZIER_KNOTS.);
#5165 = CARTESIAN_POINT('',(-1.95,2.275,1.025));
#5166 = CARTESIAN_POINT('',(-1.875,2.2375,1.025));
#5167 = ORIENTED_EDGE('',*,*,#4837,.F.);
#5168 = B_SPLINE_SURFACE_WITH_KNOTS('',1,1,(
    (#5169,#5170)
    ,(#5171,#5172
    )),.UNSPECIFIED.,.F.,.F.,.F.,(2,2),(2,2),(0.,4.55),(0.,1.),
  .PIECEWISE_BEZIER_KNOTS.);
#5169 = CARTESIAN_POINT('',(-1.95,-2.275,1.025));
#5170 = CARTESIAN_POINT('',(-1.875,-2.2375,1.025));
#5171 = CARTESIAN_POINT('',(-1.95,2.275,1.025));
#5172 = CARTESIAN_POINT('',(-1.875,2.2375,1.025));
#5173 = ADVANCED_FACE('',(#5174),#5193,.F.);
#5174 = FACE_BOUND('',#5175,.F.);
#5175 = EDGE_LOOP('',(#5176,#5177,#5186,#5192));
#5176 = ORIENTED_EDGE('',*,*,#4214,.T.);
#5177 = ORIENTED_EDGE('',*,*,#5178,.T.);
#5178 = EDGE_CURVE('',#4207,#5179,#5181,.T.);
#5179 = VERTEX_POINT('',#5180);
#5180 = CARTESIAN_POINT('',(-2.35,-1.7,0.725));
#5181 = CIRCLE('',#5182,0.1);
#5182 = AXIS2_PLACEMENT_3D('',#5183,#5184,#5185);
#5183 = CARTESIAN_POINT('',(-2.25,-1.7,0.725));
#5184 = DIRECTION('',(9.95799250103E-17,-1.,1.294197968281E-47));
#5185 = DIRECTION('',(-4.440892098501E-15,-4.422237021476E-31,1.));
#5186 = ORIENTED_EDGE('',*,*,#5187,.F.);
#5187 = EDGE_CURVE('',#4975,#5179,#5188,.T.);
#5188 = LINE('',#5189,#5190);
#5189 = CARTESIAN_POINT('',(-2.35,-2.11,0.725));
#5190 = VECTOR('',#5191,1.);
#5191 = DIRECTION('',(-9.95799250103E-17,1.,0.));
#5192 = ORIENTED_EDGE('',*,*,#4974,.F.);
#5193 = CYLINDRICAL_SURFACE('',#5194,0.1);
#5194 = AXIS2_PLACEMENT_3D('',#5195,#5196,#5197);
#5195 = CARTESIAN_POINT('',(-2.25,-2.11,0.725));
#5196 = DIRECTION('',(9.95799250103E-17,-1.,0.));
#5197 = DIRECTION('',(-4.440892098501E-15,-4.422237021476E-31,1.));
#5198 = ADVANCED_FACE('',(#5199),#5277,.T.);
#5199 = FACE_BOUND('',#5200,.T.);
#5200 = EDGE_LOOP('',(#5201,#5202,#5203,#5204,#5212,#5221,#5229,#5237,
    #5245,#5254,#5262,#5271));
#5201 = ORIENTED_EDGE('',*,*,#4259,.F.);
#5202 = ORIENTED_EDGE('',*,*,#4206,.T.);
#5203 = ORIENTED_EDGE('',*,*,#5178,.T.);
#5204 = ORIENTED_EDGE('',*,*,#5205,.T.);
#5205 = EDGE_CURVE('',#5179,#5206,#5208,.T.);
#5206 = VERTEX_POINT('',#5207);
#5207 = CARTESIAN_POINT('',(-2.35,-1.7,0.3));
#5208 = LINE('',#5209,#5210);
#5209 = CARTESIAN_POINT('',(-2.35,-1.7,0.725));
#5210 = VECTOR('',#5211,1.);
#5211 = DIRECTION('',(-1.044915787883E-15,-1.040526357994E-31,-1.));
#5212 = ORIENTED_EDGE('',*,*,#5213,.T.);
#5213 = EDGE_CURVE('',#5206,#5214,#5216,.T.);
#5214 = VERTEX_POINT('',#5215);
#5215 = CARTESIAN_POINT('',(-2.65,-1.7,5.551115123126E-17));
#5216 = CIRCLE('',#5217,0.3);
#5217 = AXIS2_PLACEMENT_3D('',#5218,#5219,#5220);
#5218 = CARTESIAN_POINT('',(-2.65,-1.7,0.3));
#5219 = DIRECTION('',(-9.95799250103E-17,1.,0.));
#5220 = DIRECTION('',(1.,9.95799250103E-17,3.515706244646E-15));
#5221 = ORIENTED_EDGE('',*,*,#5222,.T.);
#5222 = EDGE_CURVE('',#5214,#5223,#5225,.T.);
#5223 = VERTEX_POINT('',#5224);
#5224 = CARTESIAN_POINT('',(-3.,-1.7,5.551115123126E-17));
#5225 = LINE('',#5226,#5227);
#5226 = CARTESIAN_POINT('',(-2.65,-1.7,5.551115123126E-17));
#5227 = VECTOR('',#5228,1.);
#5228 = DIRECTION('',(-1.,-9.95799250103E-17,0.));
#5229 = ORIENTED_EDGE('',*,*,#5230,.T.);
#5230 = EDGE_CURVE('',#5223,#5231,#5233,.T.);
#5231 = VERTEX_POINT('',#5232);
#5232 = CARTESIAN_POINT('',(-3.,-1.7,0.2));
#5233 = LINE('',#5234,#5235);
#5234 = CARTESIAN_POINT('',(-3.,-1.7,5.551115123126E-17));
#5235 = VECTOR('',#5236,1.);
#5236 = DIRECTION('',(0.,0.,1.));
#5237 = ORIENTED_EDGE('',*,*,#5238,.T.);
#5238 = EDGE_CURVE('',#5231,#5239,#5241,.T.);
#5239 = VERTEX_POINT('',#5240);
#5240 = CARTESIAN_POINT('',(-2.65,-1.7,0.2));
#5241 = LINE('',#5242,#5243);
#5242 = CARTESIAN_POINT('',(-3.,-1.7,0.2));
#5243 = VECTOR('',#5244,1.);
#5244 = DIRECTION('',(1.,9.95799250103E-17,0.));
#5245 = ORIENTED_EDGE('',*,*,#5246,.T.);
#5246 = EDGE_CURVE('',#5239,#5247,#5249,.T.);
#5247 = VERTEX_POINT('',#5248);
#5248 = CARTESIAN_POINT('',(-2.55,-1.7,0.3));
#5249 = CIRCLE('',#5250,0.1);
#5250 = AXIS2_PLACEMENT_3D('',#5251,#5252,#5253);
#5251 = CARTESIAN_POINT('',(-2.65,-1.7,0.3));
#5252 = DIRECTION('',(9.95799250103E-17,-1.,-0.));
#5253 = DIRECTION('',(-0.,0.,-1.));
#5254 = ORIENTED_EDGE('',*,*,#5255,.T.);
#5255 = EDGE_CURVE('',#5247,#5256,#5258,.T.);
#5256 = VERTEX_POINT('',#5257);
#5257 = CARTESIAN_POINT('',(-2.55,-1.7,0.725));
#5258 = LINE('',#5259,#5260);
#5259 = CARTESIAN_POINT('',(-2.55,-1.7,0.3));
#5260 = VECTOR('',#5261,1.);
#5261 = DIRECTION('',(0.,0.,1.));
#5262 = ORIENTED_EDGE('',*,*,#5263,.T.);
#5263 = EDGE_CURVE('',#5256,#5264,#5266,.T.);
#5264 = VERTEX_POINT('',#5265);
#5265 = CARTESIAN_POINT('',(-2.25,-1.7,1.025));
#5266 = CIRCLE('',#5267,0.3);
#5267 = AXIS2_PLACEMENT_3D('',#5268,#5269,#5270);
#5268 = CARTESIAN_POINT('',(-2.25,-1.7,0.725));
#5269 = DIRECTION('',(-9.95799250103E-17,1.,0.));
#5270 = DIRECTION('',(-1.,-9.95799250103E-17,3.700743415417E-16));
#5271 = ORIENTED_EDGE('',*,*,#5272,.T.);
#5272 = EDGE_CURVE('',#5264,#4260,#5273,.T.);
#5273 = LINE('',#5274,#5275);
#5274 = CARTESIAN_POINT('',(-2.25,-1.7,1.025));
#5275 = VECTOR('',#5276,1.);
#5276 = DIRECTION('',(1.,9.95799250103E-17,0.));
#5277 = PLANE('',#5278);
#5278 = AXIS2_PLACEMENT_3D('',#5279,#5280,#5281);
#5279 = CARTESIAN_POINT('',(-2.41578967201,-1.7,0.532659657565));
#5280 = DIRECTION('',(-9.95799250103E-17,1.,0.));
#5281 = DIRECTION('',(0.,0.,1.));
#5282 = ADVANCED_FACE('',(#5283),#5369,.F.);
#5283 = FACE_BOUND('',#5284,.F.);
#5284 = EDGE_LOOP('',(#5285,#5286,#5287,#5296,#5304,#5313,#5321,#5329,
    #5337,#5346,#5354,#5363));
#5285 = ORIENTED_EDGE('',*,*,#4299,.F.);
#5286 = ORIENTED_EDGE('',*,*,#4228,.T.);
#5287 = ORIENTED_EDGE('',*,*,#5288,.T.);
#5288 = EDGE_CURVE('',#4229,#5289,#5291,.T.);
#5289 = VERTEX_POINT('',#5290);
#5290 = CARTESIAN_POINT('',(-2.35,1.7,0.725));
#5291 = CIRCLE('',#5292,0.1);
#5292 = AXIS2_PLACEMENT_3D('',#5293,#5294,#5295);
#5293 = CARTESIAN_POINT('',(-2.25,1.7,0.725));
#5294 = DIRECTION('',(9.95799250103E-17,-1.,1.294197968281E-47));
#5295 = DIRECTION('',(-4.440892098501E-15,-4.422237021476E-31,1.));
#5296 = ORIENTED_EDGE('',*,*,#5297,.T.);
#5297 = EDGE_CURVE('',#5289,#5298,#5300,.T.);
#5298 = VERTEX_POINT('',#5299);
#5299 = CARTESIAN_POINT('',(-2.35,1.7,0.3));
#5300 = LINE('',#5301,#5302);
#5301 = CARTESIAN_POINT('',(-2.35,1.7,0.725));
#5302 = VECTOR('',#5303,1.);
#5303 = DIRECTION('',(-1.044915787883E-15,-1.040526357994E-31,-1.));
#5304 = ORIENTED_EDGE('',*,*,#5305,.T.);
#5305 = EDGE_CURVE('',#5298,#5306,#5308,.T.);
#5306 = VERTEX_POINT('',#5307);
#5307 = CARTESIAN_POINT('',(-2.65,1.7,5.551115123126E-17));
#5308 = CIRCLE('',#5309,0.3);
#5309 = AXIS2_PLACEMENT_3D('',#5310,#5311,#5312);
#5310 = CARTESIAN_POINT('',(-2.65,1.7,0.3));
#5311 = DIRECTION('',(-9.95799250103E-17,1.,0.));
#5312 = DIRECTION('',(1.,9.95799250103E-17,3.515706244646E-15));
#5313 = ORIENTED_EDGE('',*,*,#5314,.T.);
#5314 = EDGE_CURVE('',#5306,#5315,#5317,.T.);
#5315 = VERTEX_POINT('',#5316);
#5316 = CARTESIAN_POINT('',(-3.,1.7,5.551115123126E-17));
#5317 = LINE('',#5318,#5319);
#5318 = CARTESIAN_POINT('',(-2.65,1.7,5.551115123126E-17));
#5319 = VECTOR('',#5320,1.);
#5320 = DIRECTION('',(-1.,-9.95799250103E-17,0.));
#5321 = ORIENTED_EDGE('',*,*,#5322,.T.);
#5322 = EDGE_CURVE('',#5315,#5323,#5325,.T.);
#5323 = VERTEX_POINT('',#5324);
#5324 = CARTESIAN_POINT('',(-3.,1.7,0.2));
#5325 = LINE('',#5326,#5327);
#5326 = CARTESIAN_POINT('',(-3.,1.7,5.551115123126E-17));
#5327 = VECTOR('',#5328,1.);
#5328 = DIRECTION('',(0.,0.,1.));
#5329 = ORIENTED_EDGE('',*,*,#5330,.T.);
#5330 = EDGE_CURVE('',#5323,#5331,#5333,.T.);
#5331 = VERTEX_POINT('',#5332);
#5332 = CARTESIAN_POINT('',(-2.65,1.7,0.2));
#5333 = LINE('',#5334,#5335);
#5334 = CARTESIAN_POINT('',(-3.,1.7,0.2));
#5335 = VECTOR('',#5336,1.);
#5336 = DIRECTION('',(1.,9.95799250103E-17,0.));
#5337 = ORIENTED_EDGE('',*,*,#5338,.T.);
#5338 = EDGE_CURVE('',#5331,#5339,#5341,.T.);
#5339 = VERTEX_POINT('',#5340);
#5340 = CARTESIAN_POINT('',(-2.55,1.7,0.3));
#5341 = CIRCLE('',#5342,0.1);
#5342 = AXIS2_PLACEMENT_3D('',#5343,#5344,#5345);
#5343 = CARTESIAN_POINT('',(-2.65,1.7,0.3));
#5344 = DIRECTION('',(9.95799250103E-17,-1.,-0.));
#5345 = DIRECTION('',(-0.,0.,-1.));
#5346 = ORIENTED_EDGE('',*,*,#5347,.T.);
#5347 = EDGE_CURVE('',#5339,#5348,#5350,.T.);
#5348 = VERTEX_POINT('',#5349);
#5349 = CARTESIAN_POINT('',(-2.55,1.7,0.725));
#5350 = LINE('',#5351,#5352);
#5351 = CARTESIAN_POINT('',(-2.55,1.7,0.3));
#5352 = VECTOR('',#5353,1.);
#5353 = DIRECTION('',(0.,0.,1.));
#5354 = ORIENTED_EDGE('',*,*,#5355,.T.);
#5355 = EDGE_CURVE('',#5348,#5356,#5358,.T.);
#5356 = VERTEX_POINT('',#5357);
#5357 = CARTESIAN_POINT('',(-2.25,1.7,1.025));
#5358 = CIRCLE('',#5359,0.3);
#5359 = AXIS2_PLACEMENT_3D('',#5360,#5361,#5362);
#5360 = CARTESIAN_POINT('',(-2.25,1.7,0.725));
#5361 = DIRECTION('',(-9.95799250103E-17,1.,0.));
#5362 = DIRECTION('',(-1.,-9.95799250103E-17,3.700743415417E-16));
#5363 = ORIENTED_EDGE('',*,*,#5364,.T.);
#5364 = EDGE_CURVE('',#5356,#4300,#5365,.T.);
#5365 = LINE('',#5366,#5367);
#5366 = CARTESIAN_POINT('',(-2.25,1.7,1.025));
#5367 = VECTOR('',#5368,1.);
#5368 = DIRECTION('',(1.,9.95799250103E-17,0.));
#5369 = PLANE('',#5370);
#5370 = AXIS2_PLACEMENT_3D('',#5371,#5372,#5373);
#5371 = CARTESIAN_POINT('',(-2.41578967201,1.7,0.532659657565));
#5372 = DIRECTION('',(-9.95799250103E-17,1.,0.));
#5373 = DIRECTION('',(0.,0.,1.));
#5374 = ADVANCED_FACE('',(#5375),#5386,.F.);
#5375 = FACE_BOUND('',#5376,.F.);
#5376 = EDGE_LOOP('',(#5377,#5378,#5379,#5385));
#5377 = ORIENTED_EDGE('',*,*,#4245,.T.);
#5378 = ORIENTED_EDGE('',*,*,#5066,.T.);
#5379 = ORIENTED_EDGE('',*,*,#5380,.F.);
#5380 = EDGE_CURVE('',#5289,#5067,#5381,.T.);
#5381 = LINE('',#5382,#5383);
#5382 = CARTESIAN_POINT('',(-2.35,1.7,0.725));
#5383 = VECTOR('',#5384,1.);
#5384 = DIRECTION('',(-9.95799250103E-17,1.,0.));
#5385 = ORIENTED_EDGE('',*,*,#5288,.F.);
#5386 = CYLINDRICAL_SURFACE('',#5387,0.1);
#5387 = AXIS2_PLACEMENT_3D('',#5388,#5389,#5390);
#5388 = CARTESIAN_POINT('',(-2.25,1.7,0.725));
#5389 = DIRECTION('',(9.95799250103E-17,-1.,0.));
#5390 = DIRECTION('',(-4.440892098501E-15,-4.422237021476E-31,1.));
#5391 = ADVANCED_FACE('',(#5392),#5408,.F.);
#5392 = FACE_BOUND('',#5393,.F.);
#5393 = EDGE_LOOP('',(#5394,#5400,#5401,#5407));
#5394 = ORIENTED_EDGE('',*,*,#5395,.F.);
#5395 = EDGE_CURVE('',#4260,#4782,#5396,.T.);
#5396 = LINE('',#5397,#5398);
#5397 = CARTESIAN_POINT('',(-2.25,-1.7,1.025));
#5398 = VECTOR('',#5399,1.);
#5399 = DIRECTION('',(1.,9.95799250103E-17,0.));
#5400 = ORIENTED_EDGE('',*,*,#4276,.T.);
#5401 = ORIENTED_EDGE('',*,*,#5402,.T.);
#5402 = EDGE_CURVE('',#4269,#4790,#5403,.T.);
#5403 = LINE('',#5404,#5405);
#5404 = CARTESIAN_POINT('',(-2.25,-0.84,1.025));
#5405 = VECTOR('',#5406,1.);
#5406 = DIRECTION('',(1.,9.95799250103E-17,0.));
#5407 = ORIENTED_EDGE('',*,*,#4789,.F.);
#5408 = B_SPLINE_SURFACE_WITH_KNOTS('',1,1,(
    (#5409,#5410)
    ,(#5411,#5412
    )),.UNSPECIFIED.,.F.,.F.,.F.,(2,2),(2,2),(0.,4.55),(0.,1.),
  .PIECEWISE_BEZIER_KNOTS.);
#5409 = CARTESIAN_POINT('',(-1.95,-2.275,1.025));
#5410 = CARTESIAN_POINT('',(-1.875,-2.2375,1.025));
#5411 = CARTESIAN_POINT('',(-1.95,2.275,1.025));
#5412 = CARTESIAN_POINT('',(-1.875,2.2375,1.025));
#5413 = ADVANCED_FACE('',(#5414),#5500,.F.);
#5414 = FACE_BOUND('',#5415,.F.);
#5415 = EDGE_LOOP('',(#5416,#5417,#5418,#5427,#5435,#5444,#5452,#5460,
    #5468,#5477,#5485,#5494));
#5416 = ORIENTED_EDGE('',*,*,#4268,.F.);
#5417 = ORIENTED_EDGE('',*,*,#4321,.T.);
#5418 = ORIENTED_EDGE('',*,*,#5419,.T.);
#5419 = EDGE_CURVE('',#4322,#5420,#5422,.T.);
#5420 = VERTEX_POINT('',#5421);
#5421 = CARTESIAN_POINT('',(-2.35,-0.84,0.725));
#5422 = CIRCLE('',#5423,0.1);
#5423 = AXIS2_PLACEMENT_3D('',#5424,#5425,#5426);
#5424 = CARTESIAN_POINT('',(-2.25,-0.84,0.725));
#5425 = DIRECTION('',(9.95799250103E-17,-1.,1.294197968281E-47));
#5426 = DIRECTION('',(-4.440892098501E-15,-4.422237021476E-31,1.));
#5427 = ORIENTED_EDGE('',*,*,#5428,.T.);
#5428 = EDGE_CURVE('',#5420,#5429,#5431,.T.);
#5429 = VERTEX_POINT('',#5430);
#5430 = CARTESIAN_POINT('',(-2.35,-0.84,0.3));
#5431 = LINE('',#5432,#5433);
#5432 = CARTESIAN_POINT('',(-2.35,-0.84,0.725));
#5433 = VECTOR('',#5434,1.);
#5434 = DIRECTION('',(-1.044915787883E-15,-1.040526357994E-31,-1.));
#5435 = ORIENTED_EDGE('',*,*,#5436,.T.);
#5436 = EDGE_CURVE('',#5429,#5437,#5439,.T.);
#5437 = VERTEX_POINT('',#5438);
#5438 = CARTESIAN_POINT('',(-2.65,-0.84,5.551115123126E-17));
#5439 = CIRCLE('',#5440,0.3);
#5440 = AXIS2_PLACEMENT_3D('',#5441,#5442,#5443);
#5441 = CARTESIAN_POINT('',(-2.65,-0.84,0.3));
#5442 = DIRECTION('',(-9.95799250103E-17,1.,0.));
#5443 = DIRECTION('',(1.,9.95799250103E-17,3.515706244646E-15));
#5444 = ORIENTED_EDGE('',*,*,#5445,.T.);
#5445 = EDGE_CURVE('',#5437,#5446,#5448,.T.);
#5446 = VERTEX_POINT('',#5447);
#5447 = CARTESIAN_POINT('',(-3.,-0.84,5.551115123126E-17));
#5448 = LINE('',#5449,#5450);
#5449 = CARTESIAN_POINT('',(-2.65,-0.84,5.551115123126E-17));
#5450 = VECTOR('',#5451,1.);
#5451 = DIRECTION('',(-1.,-9.95799250103E-17,0.));
#5452 = ORIENTED_EDGE('',*,*,#5453,.T.);
#5453 = EDGE_CURVE('',#5446,#5454,#5456,.T.);
#5454 = VERTEX_POINT('',#5455);
#5455 = CARTESIAN_POINT('',(-3.,-0.84,0.2));
#5456 = LINE('',#5457,#5458);
#5457 = CARTESIAN_POINT('',(-3.,-0.84,5.551115123126E-17));
#5458 = VECTOR('',#5459,1.);
#5459 = DIRECTION('',(0.,0.,1.));
#5460 = ORIENTED_EDGE('',*,*,#5461,.T.);
#5461 = EDGE_CURVE('',#5454,#5462,#5464,.T.);
#5462 = VERTEX_POINT('',#5463);
#5463 = CARTESIAN_POINT('',(-2.65,-0.84,0.2));
#5464 = LINE('',#5465,#5466);
#5465 = CARTESIAN_POINT('',(-3.,-0.84,0.2));
#5466 = VECTOR('',#5467,1.);
#5467 = DIRECTION('',(1.,9.95799250103E-17,0.));
#5468 = ORIENTED_EDGE('',*,*,#5469,.T.);
#5469 = EDGE_CURVE('',#5462,#5470,#5472,.T.);
#5470 = VERTEX_POINT('',#5471);
#5471 = CARTESIAN_POINT('',(-2.55,-0.84,0.3));
#5472 = CIRCLE('',#5473,0.1);
#5473 = AXIS2_PLACEMENT_3D('',#5474,#5475,#5476);
#5474 = CARTESIAN_POINT('',(-2.65,-0.84,0.3));
#5475 = DIRECTION('',(9.95799250103E-17,-1.,-0.));
#5476 = DIRECTION('',(-0.,0.,-1.));
#5477 = ORIENTED_EDGE('',*,*,#5478,.T.);
#5478 = EDGE_CURVE('',#5470,#5479,#5481,.T.);
#5479 = VERTEX_POINT('',#5480);
#5480 = CARTESIAN_POINT('',(-2.55,-0.84,0.725));
#5481 = LINE('',#5482,#5483);
#5482 = CARTESIAN_POINT('',(-2.55,-0.84,0.3));
#5483 = VECTOR('',#5484,1.);
#5484 = DIRECTION('',(0.,0.,1.));
#5485 = ORIENTED_EDGE('',*,*,#5486,.T.);
#5486 = EDGE_CURVE('',#5479,#5487,#5489,.T.);
#5487 = VERTEX_POINT('',#5488);
#5488 = CARTESIAN_POINT('',(-2.25,-0.84,1.025));
#5489 = CIRCLE('',#5490,0.3);
#5490 = AXIS2_PLACEMENT_3D('',#5491,#5492,#5493);
#5491 = CARTESIAN_POINT('',(-2.25,-0.84,0.725));
#5492 = DIRECTION('',(-9.95799250103E-17,1.,0.));
#5493 = DIRECTION('',(-1.,-9.95799250103E-17,3.700743415417E-16));
#5494 = ORIENTED_EDGE('',*,*,#5495,.T.);
#5495 = EDGE_CURVE('',#5487,#4269,#5496,.T.);
#5496 = LINE('',#5497,#5498);
#5497 = CARTESIAN_POINT('',(-2.25,-0.84,1.025));
#5498 = VECTOR('',#5499,1.);
#5499 = DIRECTION('',(1.,9.95799250103E-17,0.));
#5500 = PLANE('',#5501);
#5501 = AXIS2_PLACEMENT_3D('',#5502,#5503,#5504);
#5502 = CARTESIAN_POINT('',(-2.41578967201,-0.84,0.532659657565));
#5503 = DIRECTION('',(-9.95799250103E-17,1.,0.));
#5504 = DIRECTION('',(0.,0.,1.));
#5505 = ADVANCED_FACE('',(#5506),#5592,.T.);
#5506 = FACE_BOUND('',#5507,.T.);
#5507 = EDGE_LOOP('',(#5508,#5509,#5510,#5519,#5527,#5536,#5544,#5552,
    #5560,#5569,#5577,#5586));
#5508 = ORIENTED_EDGE('',*,*,#4290,.F.);
#5509 = ORIENTED_EDGE('',*,*,#4361,.T.);
#5510 = ORIENTED_EDGE('',*,*,#5511,.T.);
#5511 = EDGE_CURVE('',#4362,#5512,#5514,.T.);
#5512 = VERTEX_POINT('',#5513);
#5513 = CARTESIAN_POINT('',(-2.35,0.84,0.725));
#5514 = CIRCLE('',#5515,0.1);
#5515 = AXIS2_PLACEMENT_3D('',#5516,#5517,#5518);
#5516 = CARTESIAN_POINT('',(-2.25,0.84,0.725));
#5517 = DIRECTION('',(9.95799250103E-17,-1.,1.294197968281E-47));
#5518 = DIRECTION('',(-4.440892098501E-15,-4.422237021476E-31,1.));
#5519 = ORIENTED_EDGE('',*,*,#5520,.T.);
#5520 = EDGE_CURVE('',#5512,#5521,#5523,.T.);
#5521 = VERTEX_POINT('',#5522);
#5522 = CARTESIAN_POINT('',(-2.35,0.84,0.3));
#5523 = LINE('',#5524,#5525);
#5524 = CARTESIAN_POINT('',(-2.35,0.84,0.725));
#5525 = VECTOR('',#5526,1.);
#5526 = DIRECTION('',(-1.044915787883E-15,-1.040526357994E-31,-1.));
#5527 = ORIENTED_EDGE('',*,*,#5528,.T.);
#5528 = EDGE_CURVE('',#5521,#5529,#5531,.T.);
#5529 = VERTEX_POINT('',#5530);
#5530 = CARTESIAN_POINT('',(-2.65,0.84,5.551115123126E-17));
#5531 = CIRCLE('',#5532,0.3);
#5532 = AXIS2_PLACEMENT_3D('',#5533,#5534,#5535);
#5533 = CARTESIAN_POINT('',(-2.65,0.84,0.3));
#5534 = DIRECTION('',(-9.95799250103E-17,1.,0.));
#5535 = DIRECTION('',(1.,9.95799250103E-17,3.515706244646E-15));
#5536 = ORIENTED_EDGE('',*,*,#5537,.T.);
#5537 = EDGE_CURVE('',#5529,#5538,#5540,.T.);
#5538 = VERTEX_POINT('',#5539);
#5539 = CARTESIAN_POINT('',(-3.,0.84,5.551115123126E-17));
#5540 = LINE('',#5541,#5542);
#5541 = CARTESIAN_POINT('',(-2.65,0.84,5.551115123126E-17));
#5542 = VECTOR('',#5543,1.);
#5543 = DIRECTION('',(-1.,-9.95799250103E-17,0.));
#5544 = ORIENTED_EDGE('',*,*,#5545,.T.);
#5545 = EDGE_CURVE('',#5538,#5546,#5548,.T.);
#5546 = VERTEX_POINT('',#5547);
#5547 = CARTESIAN_POINT('',(-3.,0.84,0.2));
#5548 = LINE('',#5549,#5550);
#5549 = CARTESIAN_POINT('',(-3.,0.84,5.551115123126E-17));
#5550 = VECTOR('',#5551,1.);
#5551 = DIRECTION('',(0.,0.,1.));
#5552 = ORIENTED_EDGE('',*,*,#5553,.T.);
#5553 = EDGE_CURVE('',#5546,#5554,#5556,.T.);
#5554 = VERTEX_POINT('',#5555);
#5555 = CARTESIAN_POINT('',(-2.65,0.84,0.2));
#5556 = LINE('',#5557,#5558);
#5557 = CARTESIAN_POINT('',(-3.,0.84,0.2));
#5558 = VECTOR('',#5559,1.);
#5559 = DIRECTION('',(1.,9.95799250103E-17,0.));
#5560 = ORIENTED_EDGE('',*,*,#5561,.T.);
#5561 = EDGE_CURVE('',#5554,#5562,#5564,.T.);
#5562 = VERTEX_POINT('',#5563);
#5563 = CARTESIAN_POINT('',(-2.55,0.84,0.3));
#5564 = CIRCLE('',#5565,0.1);
#5565 = AXIS2_PLACEMENT_3D('',#5566,#5567,#5568);
#5566 = CARTESIAN_POINT('',(-2.65,0.84,0.3));
#5567 = DIRECTION('',(9.95799250103E-17,-1.,-0.));
#5568 = DIRECTION('',(-0.,0.,-1.));
#5569 = ORIENTED_EDGE('',*,*,#5570,.T.);
#5570 = EDGE_CURVE('',#5562,#5571,#5573,.T.);
#5571 = VERTEX_POINT('',#5572);
#5572 = CARTESIAN_POINT('',(-2.55,0.84,0.725));
#5573 = LINE('',#5574,#5575);
#5574 = CARTESIAN_POINT('',(-2.55,0.84,0.3));
#5575 = VECTOR('',#5576,1.);
#5576 = DIRECTION('',(0.,0.,1.));
#5577 = ORIENTED_EDGE('',*,*,#5578,.T.);
#5578 = EDGE_CURVE('',#5571,#5579,#5581,.T.);
#5579 = VERTEX_POINT('',#5580);
#5580 = CARTESIAN_POINT('',(-2.25,0.84,1.025));
#5581 = CIRCLE('',#5582,0.3);
#5582 = AXIS2_PLACEMENT_3D('',#5583,#5584,#5585);
#5583 = CARTESIAN_POINT('',(-2.25,0.84,0.725));
#5584 = DIRECTION('',(-9.95799250103E-17,1.,0.));
#5585 = DIRECTION('',(-1.,-9.95799250103E-17,3.700743415417E-16));
#5586 = ORIENTED_EDGE('',*,*,#5587,.T.);
#5587 = EDGE_CURVE('',#5579,#4291,#5588,.T.);
#5588 = LINE('',#5589,#5590);
#5589 = CARTESIAN_POINT('',(-2.25,0.84,1.025));
#5590 = VECTOR('',#5591,1.);
#5591 = DIRECTION('',(1.,9.95799250103E-17,0.));
#5592 = PLANE('',#5593);
#5593 = AXIS2_PLACEMENT_3D('',#5594,#5595,#5596);
#5594 = CARTESIAN_POINT('',(-2.41578967201,0.84,0.532659657565));
#5595 = DIRECTION('',(-9.95799250103E-17,1.,0.));
#5596 = DIRECTION('',(0.,0.,1.));
#5597 = ADVANCED_FACE('',(#5598),#5614,.F.);
#5598 = FACE_BOUND('',#5599,.F.);
#5599 = EDGE_LOOP('',(#5600,#5606,#5607,#5613));
#5600 = ORIENTED_EDGE('',*,*,#5601,.F.);
#5601 = EDGE_CURVE('',#4291,#4814,#5602,.T.);
#5602 = LINE('',#5603,#5604);
#5603 = CARTESIAN_POINT('',(-2.25,0.84,1.025));
#5604 = VECTOR('',#5605,1.);
#5605 = DIRECTION('',(1.,9.95799250103E-17,0.));
#5606 = ORIENTED_EDGE('',*,*,#4307,.T.);
#5607 = ORIENTED_EDGE('',*,*,#5608,.T.);
#5608 = EDGE_CURVE('',#4300,#4822,#5609,.T.);
#5609 = LINE('',#5610,#5611);
#5610 = CARTESIAN_POINT('',(-2.25,1.7,1.025));
#5611 = VECTOR('',#5612,1.);
#5612 = DIRECTION('',(1.,9.95799250103E-17,0.));
#5613 = ORIENTED_EDGE('',*,*,#4821,.F.);
#5614 = B_SPLINE_SURFACE_WITH_KNOTS('',1,1,(
    (#5615,#5616)
    ,(#5617,#5618
    )),.UNSPECIFIED.,.F.,.F.,.F.,(2,2),(2,2),(0.,4.55),(0.,1.),
  .PIECEWISE_BEZIER_KNOTS.);
#5615 = CARTESIAN_POINT('',(-1.95,-2.275,1.025));
#5616 = CARTESIAN_POINT('',(-1.875,-2.2375,1.025));
#5617 = CARTESIAN_POINT('',(-1.95,2.275,1.025));
#5618 = CARTESIAN_POINT('',(-1.875,2.2375,1.025));
#5619 = ADVANCED_FACE('',(#5620),#5639,.F.);
#5620 = FACE_BOUND('',#5621,.F.);
#5621 = EDGE_LOOP('',(#5622,#5623,#5632,#5638));
#5622 = ORIENTED_EDGE('',*,*,#4338,.T.);
#5623 = ORIENTED_EDGE('',*,*,#5624,.T.);
#5624 = EDGE_CURVE('',#4331,#5625,#5627,.T.);
#5625 = VERTEX_POINT('',#5626);
#5626 = CARTESIAN_POINT('',(-2.35,-0.43,0.725));
#5627 = CIRCLE('',#5628,0.1);
#5628 = AXIS2_PLACEMENT_3D('',#5629,#5630,#5631);
#5629 = CARTESIAN_POINT('',(-2.25,-0.43,0.725));
#5630 = DIRECTION('',(9.95799250103E-17,-1.,1.294197968281E-47));
#5631 = DIRECTION('',(-4.440892098501E-15,-4.422237021476E-31,1.));
#5632 = ORIENTED_EDGE('',*,*,#5633,.F.);
#5633 = EDGE_CURVE('',#5420,#5625,#5634,.T.);
#5634 = LINE('',#5635,#5636);
#5635 = CARTESIAN_POINT('',(-2.35,-0.84,0.725));
#5636 = VECTOR('',#5637,1.);
#5637 = DIRECTION('',(-9.95799250103E-17,1.,0.));
#5638 = ORIENTED_EDGE('',*,*,#5419,.F.);
#5639 = CYLINDRICAL_SURFACE('',#5640,0.1);
#5640 = AXIS2_PLACEMENT_3D('',#5641,#5642,#5643);
#5641 = CARTESIAN_POINT('',(-2.25,-0.84,0.725));
#5642 = DIRECTION('',(9.95799250103E-17,-1.,0.));
#5643 = DIRECTION('',(-4.440892098501E-15,-4.422237021476E-31,1.));
#5644 = ADVANCED_FACE('',(#5645),#5723,.T.);
#5645 = FACE_BOUND('',#5646,.T.);
#5646 = EDGE_LOOP('',(#5647,#5648,#5649,#5650,#5658,#5667,#5675,#5683,
    #5691,#5700,#5708,#5717));
#5647 = ORIENTED_EDGE('',*,*,#4383,.F.);
#5648 = ORIENTED_EDGE('',*,*,#4330,.T.);
#5649 = ORIENTED_EDGE('',*,*,#5624,.T.);
#5650 = ORIENTED_EDGE('',*,*,#5651,.T.);
#5651 = EDGE_CURVE('',#5625,#5652,#5654,.T.);
#5652 = VERTEX_POINT('',#5653);
#5653 = CARTESIAN_POINT('',(-2.35,-0.43,0.3));
#5654 = LINE('',#5655,#5656);
#5655 = CARTESIAN_POINT('',(-2.35,-0.43,0.725));
#5656 = VECTOR('',#5657,1.);
#5657 = DIRECTION('',(-1.044915787883E-15,-1.040526357994E-31,-1.));
#5658 = ORIENTED_EDGE('',*,*,#5659,.T.);
#5659 = EDGE_CURVE('',#5652,#5660,#5662,.T.);
#5660 = VERTEX_POINT('',#5661);
#5661 = CARTESIAN_POINT('',(-2.65,-0.43,5.551115123126E-17));
#5662 = CIRCLE('',#5663,0.3);
#5663 = AXIS2_PLACEMENT_3D('',#5664,#5665,#5666);
#5664 = CARTESIAN_POINT('',(-2.65,-0.43,0.3));
#5665 = DIRECTION('',(-9.95799250103E-17,1.,0.));
#5666 = DIRECTION('',(1.,9.95799250103E-17,3.515706244646E-15));
#5667 = ORIENTED_EDGE('',*,*,#5668,.T.);
#5668 = EDGE_CURVE('',#5660,#5669,#5671,.T.);
#5669 = VERTEX_POINT('',#5670);
#5670 = CARTESIAN_POINT('',(-3.,-0.43,5.551115123126E-17));
#5671 = LINE('',#5672,#5673);
#5672 = CARTESIAN_POINT('',(-2.65,-0.43,5.551115123126E-17));
#5673 = VECTOR('',#5674,1.);
#5674 = DIRECTION('',(-1.,-9.95799250103E-17,0.));
#5675 = ORIENTED_EDGE('',*,*,#5676,.T.);
#5676 = EDGE_CURVE('',#5669,#5677,#5679,.T.);
#5677 = VERTEX_POINT('',#5678);
#5678 = CARTESIAN_POINT('',(-3.,-0.43,0.2));
#5679 = LINE('',#5680,#5681);
#5680 = CARTESIAN_POINT('',(-3.,-0.43,5.551115123126E-17));
#5681 = VECTOR('',#5682,1.);
#5682 = DIRECTION('',(0.,0.,1.));
#5683 = ORIENTED_EDGE('',*,*,#5684,.T.);
#5684 = EDGE_CURVE('',#5677,#5685,#5687,.T.);
#5685 = VERTEX_POINT('',#5686);
#5686 = CARTESIAN_POINT('',(-2.65,-0.43,0.2));
#5687 = LINE('',#5688,#5689);
#5688 = CARTESIAN_POINT('',(-3.,-0.43,0.2));
#5689 = VECTOR('',#5690,1.);
#5690 = DIRECTION('',(1.,9.95799250103E-17,0.));
#5691 = ORIENTED_EDGE('',*,*,#5692,.T.);
#5692 = EDGE_CURVE('',#5685,#5693,#5695,.T.);
#5693 = VERTEX_POINT('',#5694);
#5694 = CARTESIAN_POINT('',(-2.55,-0.43,0.3));
#5695 = CIRCLE('',#5696,0.1);
#5696 = AXIS2_PLACEMENT_3D('',#5697,#5698,#5699);
#5697 = CARTESIAN_POINT('',(-2.65,-0.43,0.3));
#5698 = DIRECTION('',(9.95799250103E-17,-1.,-0.));
#5699 = DIRECTION('',(-0.,0.,-1.));
#5700 = ORIENTED_EDGE('',*,*,#5701,.T.);
#5701 = EDGE_CURVE('',#5693,#5702,#5704,.T.);
#5702 = VERTEX_POINT('',#5703);
#5703 = CARTESIAN_POINT('',(-2.55,-0.43,0.725));
#5704 = LINE('',#5705,#5706);
#5705 = CARTESIAN_POINT('',(-2.55,-0.43,0.3));
#5706 = VECTOR('',#5707,1.);
#5707 = DIRECTION('',(0.,0.,1.));
#5708 = ORIENTED_EDGE('',*,*,#5709,.T.);
#5709 = EDGE_CURVE('',#5702,#5710,#5712,.T.);
#5710 = VERTEX_POINT('',#5711);
#5711 = CARTESIAN_POINT('',(-2.25,-0.43,1.025));
#5712 = CIRCLE('',#5713,0.3);
#5713 = AXIS2_PLACEMENT_3D('',#5714,#5715,#5716);
#5714 = CARTESIAN_POINT('',(-2.25,-0.43,0.725));
#5715 = DIRECTION('',(-9.95799250103E-17,1.,0.));
#5716 = DIRECTION('',(-1.,-9.95799250103E-17,3.700743415417E-16));
#5717 = ORIENTED_EDGE('',*,*,#5718,.T.);
#5718 = EDGE_CURVE('',#5710,#4384,#5719,.T.);
#5719 = LINE('',#5720,#5721);
#5720 = CARTESIAN_POINT('',(-2.25,-0.43,1.025));
#5721 = VECTOR('',#5722,1.);
#5722 = DIRECTION('',(1.,9.95799250103E-17,0.));
#5723 = PLANE('',#5724);
#5724 = AXIS2_PLACEMENT_3D('',#5725,#5726,#5727);
#5725 = CARTESIAN_POINT('',(-2.41578967201,-0.43,0.532659657565));
#5726 = DIRECTION('',(-9.95799250103E-17,1.,0.));
#5727 = DIRECTION('',(0.,0.,1.));
#5728 = ADVANCED_FACE('',(#5729),#5815,.F.);
#5729 = FACE_BOUND('',#5730,.F.);
#5730 = EDGE_LOOP('',(#5731,#5732,#5733,#5742,#5750,#5759,#5767,#5775,
    #5783,#5792,#5800,#5809));
#5731 = ORIENTED_EDGE('',*,*,#4392,.F.);
#5732 = ORIENTED_EDGE('',*,*,#4352,.T.);
#5733 = ORIENTED_EDGE('',*,*,#5734,.T.);
#5734 = EDGE_CURVE('',#4353,#5735,#5737,.T.);
#5735 = VERTEX_POINT('',#5736);
#5736 = CARTESIAN_POINT('',(-2.35,0.43,0.725));
#5737 = CIRCLE('',#5738,0.1);
#5738 = AXIS2_PLACEMENT_3D('',#5739,#5740,#5741);
#5739 = CARTESIAN_POINT('',(-2.25,0.43,0.725));
#5740 = DIRECTION('',(9.95799250103E-17,-1.,1.294197968281E-47));
#5741 = DIRECTION('',(-4.440892098501E-15,-4.422237021476E-31,1.));
#5742 = ORIENTED_EDGE('',*,*,#5743,.T.);
#5743 = EDGE_CURVE('',#5735,#5744,#5746,.T.);
#5744 = VERTEX_POINT('',#5745);
#5745 = CARTESIAN_POINT('',(-2.35,0.43,0.3));
#5746 = LINE('',#5747,#5748);
#5747 = CARTESIAN_POINT('',(-2.35,0.43,0.725));
#5748 = VECTOR('',#5749,1.);
#5749 = DIRECTION('',(-1.044915787883E-15,-1.040526357994E-31,-1.));
#5750 = ORIENTED_EDGE('',*,*,#5751,.T.);
#5751 = EDGE_CURVE('',#5744,#5752,#5754,.T.);
#5752 = VERTEX_POINT('',#5753);
#5753 = CARTESIAN_POINT('',(-2.65,0.43,5.551115123126E-17));
#5754 = CIRCLE('',#5755,0.3);
#5755 = AXIS2_PLACEMENT_3D('',#5756,#5757,#5758);
#5756 = CARTESIAN_POINT('',(-2.65,0.43,0.3));
#5757 = DIRECTION('',(-9.95799250103E-17,1.,0.));
#5758 = DIRECTION('',(1.,9.95799250103E-17,3.515706244646E-15));
#5759 = ORIENTED_EDGE('',*,*,#5760,.T.);
#5760 = EDGE_CURVE('',#5752,#5761,#5763,.T.);
#5761 = VERTEX_POINT('',#5762);
#5762 = CARTESIAN_POINT('',(-3.,0.43,5.551115123126E-17));
#5763 = LINE('',#5764,#5765);
#5764 = CARTESIAN_POINT('',(-2.65,0.43,5.551115123126E-17));
#5765 = VECTOR('',#5766,1.);
#5766 = DIRECTION('',(-1.,-9.95799250103E-17,0.));
#5767 = ORIENTED_EDGE('',*,*,#5768,.T.);
#5768 = EDGE_CURVE('',#5761,#5769,#5771,.T.);
#5769 = VERTEX_POINT('',#5770);
#5770 = CARTESIAN_POINT('',(-3.,0.43,0.2));
#5771 = LINE('',#5772,#5773);
#5772 = CARTESIAN_POINT('',(-3.,0.43,5.551115123126E-17));
#5773 = VECTOR('',#5774,1.);
#5774 = DIRECTION('',(0.,0.,1.));
#5775 = ORIENTED_EDGE('',*,*,#5776,.T.);
#5776 = EDGE_CURVE('',#5769,#5777,#5779,.T.);
#5777 = VERTEX_POINT('',#5778);
#5778 = CARTESIAN_POINT('',(-2.65,0.43,0.2));
#5779 = LINE('',#5780,#5781);
#5780 = CARTESIAN_POINT('',(-3.,0.43,0.2));
#5781 = VECTOR('',#5782,1.);
#5782 = DIRECTION('',(1.,9.95799250103E-17,0.));
#5783 = ORIENTED_EDGE('',*,*,#5784,.T.);
#5784 = EDGE_CURVE('',#5777,#5785,#5787,.T.);
#5785 = VERTEX_POINT('',#5786);
#5786 = CARTESIAN_POINT('',(-2.55,0.43,0.3));
#5787 = CIRCLE('',#5788,0.1);
#5788 = AXIS2_PLACEMENT_3D('',#5789,#5790,#5791);
#5789 = CARTESIAN_POINT('',(-2.65,0.43,0.3));
#5790 = DIRECTION('',(9.95799250103E-17,-1.,-0.));
#5791 = DIRECTION('',(-0.,0.,-1.));
#5792 = ORIENTED_EDGE('',*,*,#5793,.T.);
#5793 = EDGE_CURVE('',#5785,#5794,#5796,.T.);
#5794 = VERTEX_POINT('',#5795);
#5795 = CARTESIAN_POINT('',(-2.55,0.43,0.725));
#5796 = LINE('',#5797,#5798);
#5797 = CARTESIAN_POINT('',(-2.55,0.43,0.3));
#5798 = VECTOR('',#5799,1.);
#5799 = DIRECTION('',(0.,0.,1.));
#5800 = ORIENTED_EDGE('',*,*,#5801,.T.);
#5801 = EDGE_CURVE('',#5794,#5802,#5804,.T.);
#5802 = VERTEX_POINT('',#5803);
#5803 = CARTESIAN_POINT('',(-2.25,0.43,1.025));
#5804 = CIRCLE('',#5805,0.3);
#5805 = AXIS2_PLACEMENT_3D('',#5806,#5807,#5808);
#5806 = CARTESIAN_POINT('',(-2.25,0.43,0.725));
#5807 = DIRECTION('',(-9.95799250103E-17,1.,0.));
#5808 = DIRECTION('',(-1.,-9.95799250103E-17,3.700743415417E-16));
#5809 = ORIENTED_EDGE('',*,*,#5810,.T.);
#5810 = EDGE_CURVE('',#5802,#4393,#5811,.T.);
#5811 = LINE('',#5812,#5813);
#5812 = CARTESIAN_POINT('',(-2.25,0.43,1.025));
#5813 = VECTOR('',#5814,1.);
#5814 = DIRECTION('',(1.,9.95799250103E-17,0.));
#5815 = PLANE('',#5816);
#5816 = AXIS2_PLACEMENT_3D('',#5817,#5818,#5819);
#5817 = CARTESIAN_POINT('',(-2.41578967201,0.43,0.532659657565));
#5818 = DIRECTION('',(-9.95799250103E-17,1.,0.));
#5819 = DIRECTION('',(0.,0.,1.));
#5820 = ADVANCED_FACE('',(#5821),#5832,.F.);
#5821 = FACE_BOUND('',#5822,.F.);
#5822 = EDGE_LOOP('',(#5823,#5824,#5825,#5831));
#5823 = ORIENTED_EDGE('',*,*,#4369,.T.);
#5824 = ORIENTED_EDGE('',*,*,#5511,.T.);
#5825 = ORIENTED_EDGE('',*,*,#5826,.F.);
#5826 = EDGE_CURVE('',#5735,#5512,#5827,.T.);
#5827 = LINE('',#5828,#5829);
#5828 = CARTESIAN_POINT('',(-2.35,0.43,0.725));
#5829 = VECTOR('',#5830,1.);
#5830 = DIRECTION('',(-9.95799250103E-17,1.,0.));
#5831 = ORIENTED_EDGE('',*,*,#5734,.F.);
#5832 = CYLINDRICAL_SURFACE('',#5833,0.1);
#5833 = AXIS2_PLACEMENT_3D('',#5834,#5835,#5836);
#5834 = CARTESIAN_POINT('',(-2.25,0.43,0.725));
#5835 = DIRECTION('',(9.95799250103E-17,-1.,0.));
#5836 = DIRECTION('',(-4.440892098501E-15,-4.422237021476E-31,1.));
#5837 = ADVANCED_FACE('',(#5838),#5854,.F.);
#5838 = FACE_BOUND('',#5839,.F.);
#5839 = EDGE_LOOP('',(#5840,#5846,#5847,#5853));
#5840 = ORIENTED_EDGE('',*,*,#5841,.F.);
#5841 = EDGE_CURVE('',#4384,#4798,#5842,.T.);
#5842 = LINE('',#5843,#5844);
#5843 = CARTESIAN_POINT('',(-2.25,-0.43,1.025));
#5844 = VECTOR('',#5845,1.);
#5845 = DIRECTION('',(1.,9.95799250103E-17,0.));
#5846 = ORIENTED_EDGE('',*,*,#4400,.T.);
#5847 = ORIENTED_EDGE('',*,*,#5848,.T.);
#5848 = EDGE_CURVE('',#4393,#4806,#5849,.T.);
#5849 = LINE('',#5850,#5851);
#5850 = CARTESIAN_POINT('',(-2.25,0.43,1.025));
#5851 = VECTOR('',#5852,1.);
#5852 = DIRECTION('',(1.,9.95799250103E-17,0.));
#5853 = ORIENTED_EDGE('',*,*,#4805,.F.);
#5854 = B_SPLINE_SURFACE_WITH_KNOTS('',1,1,(
    (#5855,#5856)
    ,(#5857,#5858
    )),.UNSPECIFIED.,.F.,.F.,.F.,(2,2),(2,2),(0.,4.55),(0.,1.),
  .PIECEWISE_BEZIER_KNOTS.);
#5855 = CARTESIAN_POINT('',(-1.95,-2.275,1.025));
#5856 = CARTESIAN_POINT('',(-1.875,-2.2375,1.025));
#5857 = CARTESIAN_POINT('',(-1.95,2.275,1.025));
#5858 = CARTESIAN_POINT('',(-1.875,2.2375,1.025));
#5859 = ADVANCED_FACE('',(#5860),#5866,.F.);
#5860 = FACE_BOUND('',#5861,.F.);
#5861 = EDGE_LOOP('',(#5862,#5863,#5864,#5865));
#5862 = ORIENTED_EDGE('',*,*,#4416,.T.);
#5863 = ORIENTED_EDGE('',*,*,#4719,.T.);
#5864 = ORIENTED_EDGE('',*,*,#4748,.F.);
#5865 = ORIENTED_EDGE('',*,*,#5163,.F.);
#5866 = B_SPLINE_SURFACE_WITH_KNOTS('',1,1,(
    (#5867,#5868)
    ,(#5869,#5870
    )),.UNSPECIFIED.,.F.,.F.,.F.,(2,2),(2,2),(0.,0.247487373415),(0.,1.)
  ,.PIECEWISE_BEZIER_KNOTS.);
#5867 = CARTESIAN_POINT('',(-1.95,2.275,1.025));
#5868 = CARTESIAN_POINT('',(-1.875,2.2375,1.025));
#5869 = CARTESIAN_POINT('',(-1.775,2.45,1.025));
#5870 = CARTESIAN_POINT('',(-1.7375,2.375,1.025));
#5871 = ADVANCED_FACE('',(#5872),#5885,.F.);
#5872 = FACE_BOUND('',#5873,.F.);
#5873 = EDGE_LOOP('',(#5874,#5875,#5881,#5882,#5883,#5884));
#5874 = ORIENTED_EDGE('',*,*,#5050,.F.);
#5875 = ORIENTED_EDGE('',*,*,#5876,.T.);
#5876 = EDGE_CURVE('',#5042,#5264,#5877,.T.);
#5877 = LINE('',#5878,#5879);
#5878 = CARTESIAN_POINT('',(-2.25,-2.11,1.025));
#5879 = VECTOR('',#5880,1.);
#5880 = DIRECTION('',(-9.95799250103E-17,1.,0.));
#5881 = ORIENTED_EDGE('',*,*,#5272,.T.);
#5882 = ORIENTED_EDGE('',*,*,#5395,.T.);
#5883 = ORIENTED_EDGE('',*,*,#4781,.F.);
#5884 = ORIENTED_EDGE('',*,*,#4957,.F.);
#5885 = PLANE('',#5886);
#5886 = AXIS2_PLACEMENT_3D('',#5887,#5888,#5889);
#5887 = CARTESIAN_POINT('',(-2.25,-2.11,1.025));
#5888 = DIRECTION('',(-0.,0.,-1.));
#5889 = DIRECTION('',(1.,9.95799250103E-17,0.));
#5890 = ADVANCED_FACE('',(#5891),#5904,.F.);
#5891 = FACE_BOUND('',#5892,.F.);
#5892 = EDGE_LOOP('',(#5893,#5894,#5900,#5901,#5902,#5903));
#5893 = ORIENTED_EDGE('',*,*,#5495,.F.);
#5894 = ORIENTED_EDGE('',*,*,#5895,.T.);
#5895 = EDGE_CURVE('',#5487,#5710,#5896,.T.);
#5896 = LINE('',#5897,#5898);
#5897 = CARTESIAN_POINT('',(-2.25,-0.84,1.025));
#5898 = VECTOR('',#5899,1.);
#5899 = DIRECTION('',(-9.95799250103E-17,1.,0.));
#5900 = ORIENTED_EDGE('',*,*,#5718,.T.);
#5901 = ORIENTED_EDGE('',*,*,#5841,.T.);
#5902 = ORIENTED_EDGE('',*,*,#4797,.F.);
#5903 = ORIENTED_EDGE('',*,*,#5402,.F.);
#5904 = PLANE('',#5905);
#5905 = AXIS2_PLACEMENT_3D('',#5906,#5907,#5908);
#5906 = CARTESIAN_POINT('',(-2.25,-0.84,1.025));
#5907 = DIRECTION('',(-0.,0.,-1.));
#5908 = DIRECTION('',(1.,9.95799250103E-17,0.));
#5909 = ADVANCED_FACE('',(#5910),#5923,.F.);
#5910 = FACE_BOUND('',#5911,.F.);
#5911 = EDGE_LOOP('',(#5912,#5913,#5919,#5920,#5921,#5922));
#5912 = ORIENTED_EDGE('',*,*,#5364,.F.);
#5913 = ORIENTED_EDGE('',*,*,#5914,.T.);
#5914 = EDGE_CURVE('',#5356,#5134,#5915,.T.);
#5915 = LINE('',#5916,#5917);
#5916 = CARTESIAN_POINT('',(-2.25,1.7,1.025));
#5917 = VECTOR('',#5918,1.);
#5918 = DIRECTION('',(-9.95799250103E-17,1.,0.));
#5919 = ORIENTED_EDGE('',*,*,#5142,.T.);
#5920 = ORIENTED_EDGE('',*,*,#5156,.T.);
#5921 = ORIENTED_EDGE('',*,*,#4829,.F.);
#5922 = ORIENTED_EDGE('',*,*,#5608,.F.);
#5923 = PLANE('',#5924);
#5924 = AXIS2_PLACEMENT_3D('',#5925,#5926,#5927);
#5925 = CARTESIAN_POINT('',(-2.25,1.7,1.025));
#5926 = DIRECTION('',(-0.,0.,-1.));
#5927 = DIRECTION('',(1.,9.95799250103E-17,0.));
#5928 = ADVANCED_FACE('',(#5929),#5942,.F.);
#5929 = FACE_BOUND('',#5930,.F.);
#5930 = EDGE_LOOP('',(#5931,#5932,#5938,#5939,#5940,#5941));
#5931 = ORIENTED_EDGE('',*,*,#5810,.F.);
#5932 = ORIENTED_EDGE('',*,*,#5933,.T.);
#5933 = EDGE_CURVE('',#5802,#5579,#5934,.T.);
#5934 = LINE('',#5935,#5936);
#5935 = CARTESIAN_POINT('',(-2.25,0.43,1.025));
#5936 = VECTOR('',#5937,1.);
#5937 = DIRECTION('',(-9.95799250103E-17,1.,0.));
#5938 = ORIENTED_EDGE('',*,*,#5587,.T.);
#5939 = ORIENTED_EDGE('',*,*,#5601,.T.);
#5940 = ORIENTED_EDGE('',*,*,#4813,.F.);
#5941 = ORIENTED_EDGE('',*,*,#5848,.F.);
#5942 = PLANE('',#5943);
#5943 = AXIS2_PLACEMENT_3D('',#5944,#5945,#5946);
#5944 = CARTESIAN_POINT('',(-2.25,0.43,1.025));
#5945 = DIRECTION('',(-0.,0.,-1.));
#5946 = DIRECTION('',(1.,9.95799250103E-17,0.));
#5947 = ADVANCED_FACE('',(#5948),#5951,.T.);
#5948 = FACE_BOUND('',#5949,.T.);
#5949 = EDGE_LOOP('',(#5950));
#5950 = ORIENTED_EDGE('',*,*,#4898,.T.);
#5951 = PLANE('',#5952);
#5952 = AXIS2_PLACEMENT_3D('',#5953,#5954,#5955);
#5953 = CARTESIAN_POINT('',(-1.110171280765,1.610171280765,1.7));
#5954 = DIRECTION('',(0.,0.,1.));
#5955 = DIRECTION('',(2.22044604925E-16,-1.,0.));
#5956 = ADVANCED_FACE('',(#5957),#5968,.T.);
#5957 = FACE_BOUND('',#5958,.T.);
#5958 = EDGE_LOOP('',(#5959,#5960,#5961,#5962));
#5959 = ORIENTED_EDGE('',*,*,#5041,.T.);
#5960 = ORIENTED_EDGE('',*,*,#5876,.T.);
#5961 = ORIENTED_EDGE('',*,*,#5263,.F.);
#5962 = ORIENTED_EDGE('',*,*,#5963,.F.);
#5963 = EDGE_CURVE('',#5034,#5256,#5964,.T.);
#5964 = LINE('',#5965,#5966);
#5965 = CARTESIAN_POINT('',(-2.55,-2.11,0.725));
#5966 = VECTOR('',#5967,1.);
#5967 = DIRECTION('',(-9.95799250103E-17,1.,0.));
#5968 = CYLINDRICAL_SURFACE('',#5969,0.3);
#5969 = AXIS2_PLACEMENT_3D('',#5970,#5971,#5972);
#5970 = CARTESIAN_POINT('',(-2.25,-2.11,0.725));
#5971 = DIRECTION('',(9.95799250103E-17,-1.,-0.));
#5972 = DIRECTION('',(-1.,-9.95799250103E-17,3.700743415417E-16));
#5973 = ADVANCED_FACE('',(#5974),#5985,.F.);
#5974 = FACE_BOUND('',#5975,.F.);
#5975 = EDGE_LOOP('',(#5976,#5982,#5983,#5984));
#5976 = ORIENTED_EDGE('',*,*,#5977,.T.);
#5977 = EDGE_CURVE('',#5025,#5247,#5978,.T.);
#5978 = LINE('',#5979,#5980);
#5979 = CARTESIAN_POINT('',(-2.55,-2.11,0.3));
#5980 = VECTOR('',#5981,1.);
#5981 = DIRECTION('',(-9.95799250103E-17,1.,0.));
#5982 = ORIENTED_EDGE('',*,*,#5255,.T.);
#5983 = ORIENTED_EDGE('',*,*,#5963,.F.);
#5984 = ORIENTED_EDGE('',*,*,#5033,.F.);
#5985 = PLANE('',#5986);
#5986 = AXIS2_PLACEMENT_3D('',#5987,#5988,#5989);
#5987 = CARTESIAN_POINT('',(-2.55,-2.11,0.3));
#5988 = DIRECTION('',(1.,9.95799250103E-17,0.));
#5989 = DIRECTION('',(0.,-0.,1.));
#5990 = ADVANCED_FACE('',(#5991),#6002,.F.);
#5991 = FACE_BOUND('',#5992,.F.);
#5992 = EDGE_LOOP('',(#5993,#5999,#6000,#6001));
#5993 = ORIENTED_EDGE('',*,*,#5994,.T.);
#5994 = EDGE_CURVE('',#5017,#5239,#5995,.T.);
#5995 = LINE('',#5996,#5997);
#5996 = CARTESIAN_POINT('',(-2.65,-2.11,0.2));
#5997 = VECTOR('',#5998,1.);
#5998 = DIRECTION('',(-9.95799250103E-17,1.,0.));
#5999 = ORIENTED_EDGE('',*,*,#5246,.T.);
#6000 = ORIENTED_EDGE('',*,*,#5977,.F.);
#6001 = ORIENTED_EDGE('',*,*,#5024,.F.);
#6002 = CYLINDRICAL_SURFACE('',#6003,0.1);
#6003 = AXIS2_PLACEMENT_3D('',#6004,#6005,#6006);
#6004 = CARTESIAN_POINT('',(-2.65,-2.11,0.3));
#6005 = DIRECTION('',(9.95799250103E-17,-1.,0.));
#6006 = DIRECTION('',(0.,-0.,-1.));
#6007 = ADVANCED_FACE('',(#6008),#6019,.F.);
#6008 = FACE_BOUND('',#6009,.F.);
#6009 = EDGE_LOOP('',(#6010,#6016,#6017,#6018));
#6010 = ORIENTED_EDGE('',*,*,#6011,.T.);
#6011 = EDGE_CURVE('',#5009,#5231,#6012,.T.);
#6012 = LINE('',#6013,#6014);
#6013 = CARTESIAN_POINT('',(-3.,-2.11,0.2));
#6014 = VECTOR('',#6015,1.);
#6015 = DIRECTION('',(-9.95799250103E-17,1.,0.));
#6016 = ORIENTED_EDGE('',*,*,#5238,.T.);
#6017 = ORIENTED_EDGE('',*,*,#5994,.F.);
#6018 = ORIENTED_EDGE('',*,*,#5016,.F.);
#6019 = PLANE('',#6020);
#6020 = AXIS2_PLACEMENT_3D('',#6021,#6022,#6023);
#6021 = CARTESIAN_POINT('',(-3.,-2.11,0.2));
#6022 = DIRECTION('',(-0.,0.,-1.));
#6023 = DIRECTION('',(1.,9.95799250103E-17,0.));
#6024 = ADVANCED_FACE('',(#6025),#6036,.F.);
#6025 = FACE_BOUND('',#6026,.F.);
#6026 = EDGE_LOOP('',(#6027,#6033,#6034,#6035));
#6027 = ORIENTED_EDGE('',*,*,#6028,.T.);
#6028 = EDGE_CURVE('',#5001,#5223,#6029,.T.);
#6029 = LINE('',#6030,#6031);
#6030 = CARTESIAN_POINT('',(-3.,-2.11,5.551115123126E-17));
#6031 = VECTOR('',#6032,1.);
#6032 = DIRECTION('',(-9.95799250103E-17,1.,0.));
#6033 = ORIENTED_EDGE('',*,*,#5230,.T.);
#6034 = ORIENTED_EDGE('',*,*,#6011,.F.);
#6035 = ORIENTED_EDGE('',*,*,#5008,.F.);
#6036 = PLANE('',#6037);
#6037 = AXIS2_PLACEMENT_3D('',#6038,#6039,#6040);
#6038 = CARTESIAN_POINT('',(-3.,-2.11,5.551115123126E-17));
#6039 = DIRECTION('',(1.,9.95799250103E-17,0.));
#6040 = DIRECTION('',(0.,-0.,1.));
#6041 = ADVANCED_FACE('',(#6042),#6053,.F.);
#6042 = FACE_BOUND('',#6043,.F.);
#6043 = EDGE_LOOP('',(#6044,#6050,#6051,#6052));
#6044 = ORIENTED_EDGE('',*,*,#6045,.T.);
#6045 = EDGE_CURVE('',#4992,#5214,#6046,.T.);
#6046 = LINE('',#6047,#6048);
#6047 = CARTESIAN_POINT('',(-2.65,-2.11,5.551115123126E-17));
#6048 = VECTOR('',#6049,1.);
#6049 = DIRECTION('',(-9.95799250103E-17,1.,0.));
#6050 = ORIENTED_EDGE('',*,*,#5222,.T.);
#6051 = ORIENTED_EDGE('',*,*,#6028,.F.);
#6052 = ORIENTED_EDGE('',*,*,#5000,.F.);
#6053 = PLANE('',#6054);
#6054 = AXIS2_PLACEMENT_3D('',#6055,#6056,#6057);
#6055 = CARTESIAN_POINT('',(-2.65,-2.11,5.551115123126E-17));
#6056 = DIRECTION('',(0.,0.,1.));
#6057 = DIRECTION('',(-1.,-9.95799250103E-17,0.));
#6058 = ADVANCED_FACE('',(#6059),#6070,.T.);
#6059 = FACE_BOUND('',#6060,.T.);
#6060 = EDGE_LOOP('',(#6061,#6062,#6063,#6064));
#6061 = ORIENTED_EDGE('',*,*,#4991,.T.);
#6062 = ORIENTED_EDGE('',*,*,#6045,.T.);
#6063 = ORIENTED_EDGE('',*,*,#5213,.F.);
#6064 = ORIENTED_EDGE('',*,*,#6065,.F.);
#6065 = EDGE_CURVE('',#4984,#5206,#6066,.T.);
#6066 = LINE('',#6067,#6068);
#6067 = CARTESIAN_POINT('',(-2.35,-2.11,0.3));
#6068 = VECTOR('',#6069,1.);
#6069 = DIRECTION('',(-9.95799250103E-17,1.,0.));
#6070 = CYLINDRICAL_SURFACE('',#6071,0.3);
#6071 = AXIS2_PLACEMENT_3D('',#6072,#6073,#6074);
#6072 = CARTESIAN_POINT('',(-2.65,-2.11,0.3));
#6073 = DIRECTION('',(9.95799250103E-17,-1.,-0.));
#6074 = DIRECTION('',(1.,9.95799250103E-17,3.515706244646E-15));
#6075 = ADVANCED_FACE('',(#6076),#6082,.F.);
#6076 = FACE_BOUND('',#6077,.F.);
#6077 = EDGE_LOOP('',(#6078,#6079,#6080,#6081));
#6078 = ORIENTED_EDGE('',*,*,#5187,.T.);
#6079 = ORIENTED_EDGE('',*,*,#5205,.T.);
#6080 = ORIENTED_EDGE('',*,*,#6065,.F.);
#6081 = ORIENTED_EDGE('',*,*,#4983,.F.);
#6082 = PLANE('',#6083);
#6083 = AXIS2_PLACEMENT_3D('',#6084,#6085,#6086);
#6084 = CARTESIAN_POINT('',(-2.35,-2.11,0.725));
#6085 = DIRECTION('',(-1.,-9.95799250103E-17,1.044915787883E-15));
#6086 = DIRECTION('',(-1.044915787883E-15,-1.040526357994E-31,-1.));
#6087 = ADVANCED_FACE('',(#6088),#6099,.T.);
#6088 = FACE_BOUND('',#6089,.T.);
#6089 = EDGE_LOOP('',(#6090,#6091,#6092,#6093));
#6090 = ORIENTED_EDGE('',*,*,#5355,.T.);
#6091 = ORIENTED_EDGE('',*,*,#5914,.T.);
#6092 = ORIENTED_EDGE('',*,*,#5133,.F.);
#6093 = ORIENTED_EDGE('',*,*,#6094,.F.);
#6094 = EDGE_CURVE('',#5348,#5126,#6095,.T.);
#6095 = LINE('',#6096,#6097);
#6096 = CARTESIAN_POINT('',(-2.55,1.7,0.725));
#6097 = VECTOR('',#6098,1.);
#6098 = DIRECTION('',(-9.95799250103E-17,1.,0.));
#6099 = CYLINDRICAL_SURFACE('',#6100,0.3);
#6100 = AXIS2_PLACEMENT_3D('',#6101,#6102,#6103);
#6101 = CARTESIAN_POINT('',(-2.25,1.7,0.725));
#6102 = DIRECTION('',(9.95799250103E-17,-1.,-0.));
#6103 = DIRECTION('',(-1.,-9.95799250103E-17,3.700743415417E-16));
#6104 = ADVANCED_FACE('',(#6105),#6116,.F.);
#6105 = FACE_BOUND('',#6106,.F.);
#6106 = EDGE_LOOP('',(#6107,#6113,#6114,#6115));
#6107 = ORIENTED_EDGE('',*,*,#6108,.T.);
#6108 = EDGE_CURVE('',#5339,#5117,#6109,.T.);
#6109 = LINE('',#6110,#6111);
#6110 = CARTESIAN_POINT('',(-2.55,1.7,0.3));
#6111 = VECTOR('',#6112,1.);
#6112 = DIRECTION('',(-9.95799250103E-17,1.,0.));
#6113 = ORIENTED_EDGE('',*,*,#5125,.T.);
#6114 = ORIENTED_EDGE('',*,*,#6094,.F.);
#6115 = ORIENTED_EDGE('',*,*,#5347,.F.);
#6116 = PLANE('',#6117);
#6117 = AXIS2_PLACEMENT_3D('',#6118,#6119,#6120);
#6118 = CARTESIAN_POINT('',(-2.55,1.7,0.3));
#6119 = DIRECTION('',(1.,9.95799250103E-17,0.));
#6120 = DIRECTION('',(0.,-0.,1.));
#6121 = ADVANCED_FACE('',(#6122),#6133,.F.);
#6122 = FACE_BOUND('',#6123,.F.);
#6123 = EDGE_LOOP('',(#6124,#6130,#6131,#6132));
#6124 = ORIENTED_EDGE('',*,*,#6125,.T.);
#6125 = EDGE_CURVE('',#5331,#5109,#6126,.T.);
#6126 = LINE('',#6127,#6128);
#6127 = CARTESIAN_POINT('',(-2.65,1.7,0.2));
#6128 = VECTOR('',#6129,1.);
#6129 = DIRECTION('',(-9.95799250103E-17,1.,0.));
#6130 = ORIENTED_EDGE('',*,*,#5116,.T.);
#6131 = ORIENTED_EDGE('',*,*,#6108,.F.);
#6132 = ORIENTED_EDGE('',*,*,#5338,.F.);
#6133 = CYLINDRICAL_SURFACE('',#6134,0.1);
#6134 = AXIS2_PLACEMENT_3D('',#6135,#6136,#6137);
#6135 = CARTESIAN_POINT('',(-2.65,1.7,0.3));
#6136 = DIRECTION('',(9.95799250103E-17,-1.,0.));
#6137 = DIRECTION('',(0.,-0.,-1.));
#6138 = ADVANCED_FACE('',(#6139),#6150,.F.);
#6139 = FACE_BOUND('',#6140,.F.);
#6140 = EDGE_LOOP('',(#6141,#6147,#6148,#6149));
#6141 = ORIENTED_EDGE('',*,*,#6142,.T.);
#6142 = EDGE_CURVE('',#5323,#5101,#6143,.T.);
#6143 = LINE('',#6144,#6145);
#6144 = CARTESIAN_POINT('',(-3.,1.7,0.2));
#6145 = VECTOR('',#6146,1.);
#6146 = DIRECTION('',(-9.95799250103E-17,1.,0.));
#6147 = ORIENTED_EDGE('',*,*,#5108,.T.);
#6148 = ORIENTED_EDGE('',*,*,#6125,.F.);
#6149 = ORIENTED_EDGE('',*,*,#5330,.F.);
#6150 = PLANE('',#6151);
#6151 = AXIS2_PLACEMENT_3D('',#6152,#6153,#6154);
#6152 = CARTESIAN_POINT('',(-3.,1.7,0.2));
#6153 = DIRECTION('',(-0.,0.,-1.));
#6154 = DIRECTION('',(1.,9.95799250103E-17,0.));
#6155 = ADVANCED_FACE('',(#6156),#6167,.F.);
#6156 = FACE_BOUND('',#6157,.F.);
#6157 = EDGE_LOOP('',(#6158,#6164,#6165,#6166));
#6158 = ORIENTED_EDGE('',*,*,#6159,.T.);
#6159 = EDGE_CURVE('',#5315,#5093,#6160,.T.);
#6160 = LINE('',#6161,#6162);
#6161 = CARTESIAN_POINT('',(-3.,1.7,5.551115123126E-17));
#6162 = VECTOR('',#6163,1.);
#6163 = DIRECTION('',(-9.95799250103E-17,1.,0.));
#6164 = ORIENTED_EDGE('',*,*,#5100,.T.);
#6165 = ORIENTED_EDGE('',*,*,#6142,.F.);
#6166 = ORIENTED_EDGE('',*,*,#5322,.F.);
#6167 = PLANE('',#6168);
#6168 = AXIS2_PLACEMENT_3D('',#6169,#6170,#6171);
#6169 = CARTESIAN_POINT('',(-3.,1.7,5.551115123126E-17));
#6170 = DIRECTION('',(1.,9.95799250103E-17,0.));
#6171 = DIRECTION('',(0.,-0.,1.));
#6172 = ADVANCED_FACE('',(#6173),#6184,.F.);
#6173 = FACE_BOUND('',#6174,.F.);
#6174 = EDGE_LOOP('',(#6175,#6181,#6182,#6183));
#6175 = ORIENTED_EDGE('',*,*,#6176,.T.);
#6176 = EDGE_CURVE('',#5306,#5084,#6177,.T.);
#6177 = LINE('',#6178,#6179);
#6178 = CARTESIAN_POINT('',(-2.65,1.7,5.551115123126E-17));
#6179 = VECTOR('',#6180,1.);
#6180 = DIRECTION('',(-9.95799250103E-17,1.,0.));
#6181 = ORIENTED_EDGE('',*,*,#5092,.T.);
#6182 = ORIENTED_EDGE('',*,*,#6159,.F.);
#6183 = ORIENTED_EDGE('',*,*,#5314,.F.);
#6184 = PLANE('',#6185);
#6185 = AXIS2_PLACEMENT_3D('',#6186,#6187,#6188);
#6186 = CARTESIAN_POINT('',(-2.65,1.7,5.551115123126E-17));
#6187 = DIRECTION('',(0.,0.,1.));
#6188 = DIRECTION('',(-1.,-9.95799250103E-17,0.));
#6189 = ADVANCED_FACE('',(#6190),#6201,.T.);
#6190 = FACE_BOUND('',#6191,.T.);
#6191 = EDGE_LOOP('',(#6192,#6193,#6194,#6195));
#6192 = ORIENTED_EDGE('',*,*,#5305,.T.);
#6193 = ORIENTED_EDGE('',*,*,#6176,.T.);
#6194 = ORIENTED_EDGE('',*,*,#5083,.F.);
#6195 = ORIENTED_EDGE('',*,*,#6196,.F.);
#6196 = EDGE_CURVE('',#5298,#5076,#6197,.T.);
#6197 = LINE('',#6198,#6199);
#6198 = CARTESIAN_POINT('',(-2.35,1.7,0.3));
#6199 = VECTOR('',#6200,1.);
#6200 = DIRECTION('',(-9.95799250103E-17,1.,0.));
#6201 = CYLINDRICAL_SURFACE('',#6202,0.3);
#6202 = AXIS2_PLACEMENT_3D('',#6203,#6204,#6205);
#6203 = CARTESIAN_POINT('',(-2.65,1.7,0.3));
#6204 = DIRECTION('',(9.95799250103E-17,-1.,-0.));
#6205 = DIRECTION('',(1.,9.95799250103E-17,3.515706244646E-15));
#6206 = ADVANCED_FACE('',(#6207),#6213,.F.);
#6207 = FACE_BOUND('',#6208,.F.);
#6208 = EDGE_LOOP('',(#6209,#6210,#6211,#6212));
#6209 = ORIENTED_EDGE('',*,*,#5380,.T.);
#6210 = ORIENTED_EDGE('',*,*,#5075,.T.);
#6211 = ORIENTED_EDGE('',*,*,#6196,.F.);
#6212 = ORIENTED_EDGE('',*,*,#5297,.F.);
#6213 = PLANE('',#6214);
#6214 = AXIS2_PLACEMENT_3D('',#6215,#6216,#6217);
#6215 = CARTESIAN_POINT('',(-2.35,1.7,0.725));
#6216 = DIRECTION('',(-1.,-9.95799250103E-17,1.044915787883E-15));
#6217 = DIRECTION('',(-1.044915787883E-15,-1.040526357994E-31,-1.));
#6218 = ADVANCED_FACE('',(#6219),#6230,.T.);
#6219 = FACE_BOUND('',#6220,.T.);
#6220 = EDGE_LOOP('',(#6221,#6222,#6223,#6224));
#6221 = ORIENTED_EDGE('',*,*,#5486,.T.);
#6222 = ORIENTED_EDGE('',*,*,#5895,.T.);
#6223 = ORIENTED_EDGE('',*,*,#5709,.F.);
#6224 = ORIENTED_EDGE('',*,*,#6225,.F.);
#6225 = EDGE_CURVE('',#5479,#5702,#6226,.T.);
#6226 = LINE('',#6227,#6228);
#6227 = CARTESIAN_POINT('',(-2.55,-0.84,0.725));
#6228 = VECTOR('',#6229,1.);
#6229 = DIRECTION('',(-9.95799250103E-17,1.,0.));
#6230 = CYLINDRICAL_SURFACE('',#6231,0.3);
#6231 = AXIS2_PLACEMENT_3D('',#6232,#6233,#6234);
#6232 = CARTESIAN_POINT('',(-2.25,-0.84,0.725));
#6233 = DIRECTION('',(9.95799250103E-17,-1.,-0.));
#6234 = DIRECTION('',(-1.,-9.95799250103E-17,3.700743415417E-16));
#6235 = ADVANCED_FACE('',(#6236),#6247,.F.);
#6236 = FACE_BOUND('',#6237,.F.);
#6237 = EDGE_LOOP('',(#6238,#6244,#6245,#6246));
#6238 = ORIENTED_EDGE('',*,*,#6239,.T.);
#6239 = EDGE_CURVE('',#5470,#5693,#6240,.T.);
#6240 = LINE('',#6241,#6242);
#6241 = CARTESIAN_POINT('',(-2.55,-0.84,0.3));
#6242 = VECTOR('',#6243,1.);
#6243 = DIRECTION('',(-9.95799250103E-17,1.,0.));
#6244 = ORIENTED_EDGE('',*,*,#5701,.T.);
#6245 = ORIENTED_EDGE('',*,*,#6225,.F.);
#6246 = ORIENTED_EDGE('',*,*,#5478,.F.);
#6247 = PLANE('',#6248);
#6248 = AXIS2_PLACEMENT_3D('',#6249,#6250,#6251);
#6249 = CARTESIAN_POINT('',(-2.55,-0.84,0.3));
#6250 = DIRECTION('',(1.,9.95799250103E-17,0.));
#6251 = DIRECTION('',(0.,-0.,1.));
#6252 = ADVANCED_FACE('',(#6253),#6264,.F.);
#6253 = FACE_BOUND('',#6254,.F.);
#6254 = EDGE_LOOP('',(#6255,#6261,#6262,#6263));
#6255 = ORIENTED_EDGE('',*,*,#6256,.T.);
#6256 = EDGE_CURVE('',#5462,#5685,#6257,.T.);
#6257 = LINE('',#6258,#6259);
#6258 = CARTESIAN_POINT('',(-2.65,-0.84,0.2));
#6259 = VECTOR('',#6260,1.);
#6260 = DIRECTION('',(-9.95799250103E-17,1.,0.));
#6261 = ORIENTED_EDGE('',*,*,#5692,.T.);
#6262 = ORIENTED_EDGE('',*,*,#6239,.F.);
#6263 = ORIENTED_EDGE('',*,*,#5469,.F.);
#6264 = CYLINDRICAL_SURFACE('',#6265,0.1);
#6265 = AXIS2_PLACEMENT_3D('',#6266,#6267,#6268);
#6266 = CARTESIAN_POINT('',(-2.65,-0.84,0.3));
#6267 = DIRECTION('',(9.95799250103E-17,-1.,0.));
#6268 = DIRECTION('',(0.,-0.,-1.));
#6269 = ADVANCED_FACE('',(#6270),#6281,.F.);
#6270 = FACE_BOUND('',#6271,.F.);
#6271 = EDGE_LOOP('',(#6272,#6278,#6279,#6280));
#6272 = ORIENTED_EDGE('',*,*,#6273,.T.);
#6273 = EDGE_CURVE('',#5454,#5677,#6274,.T.);
#6274 = LINE('',#6275,#6276);
#6275 = CARTESIAN_POINT('',(-3.,-0.84,0.2));
#6276 = VECTOR('',#6277,1.);
#6277 = DIRECTION('',(-9.95799250103E-17,1.,0.));
#6278 = ORIENTED_EDGE('',*,*,#5684,.T.);
#6279 = ORIENTED_EDGE('',*,*,#6256,.F.);
#6280 = ORIENTED_EDGE('',*,*,#5461,.F.);
#6281 = PLANE('',#6282);
#6282 = AXIS2_PLACEMENT_3D('',#6283,#6284,#6285);
#6283 = CARTESIAN_POINT('',(-3.,-0.84,0.2));
#6284 = DIRECTION('',(-0.,0.,-1.));
#6285 = DIRECTION('',(1.,9.95799250103E-17,0.));
#6286 = ADVANCED_FACE('',(#6287),#6298,.F.);
#6287 = FACE_BOUND('',#6288,.F.);
#6288 = EDGE_LOOP('',(#6289,#6295,#6296,#6297));
#6289 = ORIENTED_EDGE('',*,*,#6290,.T.);
#6290 = EDGE_CURVE('',#5446,#5669,#6291,.T.);
#6291 = LINE('',#6292,#6293);
#6292 = CARTESIAN_POINT('',(-3.,-0.84,5.551115123126E-17));
#6293 = VECTOR('',#6294,1.);
#6294 = DIRECTION('',(-9.95799250103E-17,1.,0.));
#6295 = ORIENTED_EDGE('',*,*,#5676,.T.);
#6296 = ORIENTED_EDGE('',*,*,#6273,.F.);
#6297 = ORIENTED_EDGE('',*,*,#5453,.F.);
#6298 = PLANE('',#6299);
#6299 = AXIS2_PLACEMENT_3D('',#6300,#6301,#6302);
#6300 = CARTESIAN_POINT('',(-3.,-0.84,5.551115123126E-17));
#6301 = DIRECTION('',(1.,9.95799250103E-17,0.));
#6302 = DIRECTION('',(0.,-0.,1.));
#6303 = ADVANCED_FACE('',(#6304),#6315,.F.);
#6304 = FACE_BOUND('',#6305,.F.);
#6305 = EDGE_LOOP('',(#6306,#6312,#6313,#6314));
#6306 = ORIENTED_EDGE('',*,*,#6307,.T.);
#6307 = EDGE_CURVE('',#5437,#5660,#6308,.T.);
#6308 = LINE('',#6309,#6310);
#6309 = CARTESIAN_POINT('',(-2.65,-0.84,5.551115123126E-17));
#6310 = VECTOR('',#6311,1.);
#6311 = DIRECTION('',(-9.95799250103E-17,1.,0.));
#6312 = ORIENTED_EDGE('',*,*,#5668,.T.);
#6313 = ORIENTED_EDGE('',*,*,#6290,.F.);
#6314 = ORIENTED_EDGE('',*,*,#5445,.F.);
#6315 = PLANE('',#6316);
#6316 = AXIS2_PLACEMENT_3D('',#6317,#6318,#6319);
#6317 = CARTESIAN_POINT('',(-2.65,-0.84,5.551115123126E-17));
#6318 = DIRECTION('',(0.,0.,1.));
#6319 = DIRECTION('',(-1.,-9.95799250103E-17,0.));
#6320 = ADVANCED_FACE('',(#6321),#6332,.T.);
#6321 = FACE_BOUND('',#6322,.T.);
#6322 = EDGE_LOOP('',(#6323,#6324,#6325,#6326));
#6323 = ORIENTED_EDGE('',*,*,#5436,.T.);
#6324 = ORIENTED_EDGE('',*,*,#6307,.T.);
#6325 = ORIENTED_EDGE('',*,*,#5659,.F.);
#6326 = ORIENTED_EDGE('',*,*,#6327,.F.);
#6327 = EDGE_CURVE('',#5429,#5652,#6328,.T.);
#6328 = LINE('',#6329,#6330);
#6329 = CARTESIAN_POINT('',(-2.35,-0.84,0.3));
#6330 = VECTOR('',#6331,1.);
#6331 = DIRECTION('',(-9.95799250103E-17,1.,0.));
#6332 = CYLINDRICAL_SURFACE('',#6333,0.3);
#6333 = AXIS2_PLACEMENT_3D('',#6334,#6335,#6336);
#6334 = CARTESIAN_POINT('',(-2.65,-0.84,0.3));
#6335 = DIRECTION('',(9.95799250103E-17,-1.,-0.));
#6336 = DIRECTION('',(1.,9.95799250103E-17,3.515706244646E-15));
#6337 = ADVANCED_FACE('',(#6338),#6344,.F.);
#6338 = FACE_BOUND('',#6339,.F.);
#6339 = EDGE_LOOP('',(#6340,#6341,#6342,#6343));
#6340 = ORIENTED_EDGE('',*,*,#5633,.T.);
#6341 = ORIENTED_EDGE('',*,*,#5651,.T.);
#6342 = ORIENTED_EDGE('',*,*,#6327,.F.);
#6343 = ORIENTED_EDGE('',*,*,#5428,.F.);
#6344 = PLANE('',#6345);
#6345 = AXIS2_PLACEMENT_3D('',#6346,#6347,#6348);
#6346 = CARTESIAN_POINT('',(-2.35,-0.84,0.725));
#6347 = DIRECTION('',(-1.,-9.95799250103E-17,1.044915787883E-15));
#6348 = DIRECTION('',(-1.044915787883E-15,-1.040526357994E-31,-1.));
#6349 = ADVANCED_FACE('',(#6350),#6361,.T.);
#6350 = FACE_BOUND('',#6351,.T.);
#6351 = EDGE_LOOP('',(#6352,#6353,#6354,#6355));
#6352 = ORIENTED_EDGE('',*,*,#5801,.T.);
#6353 = ORIENTED_EDGE('',*,*,#5933,.T.);
#6354 = ORIENTED_EDGE('',*,*,#5578,.F.);
#6355 = ORIENTED_EDGE('',*,*,#6356,.F.);
#6356 = EDGE_CURVE('',#5794,#5571,#6357,.T.);
#6357 = LINE('',#6358,#6359);
#6358 = CARTESIAN_POINT('',(-2.55,0.43,0.725));
#6359 = VECTOR('',#6360,1.);
#6360 = DIRECTION('',(-9.95799250103E-17,1.,0.));
#6361 = CYLINDRICAL_SURFACE('',#6362,0.3);
#6362 = AXIS2_PLACEMENT_3D('',#6363,#6364,#6365);
#6363 = CARTESIAN_POINT('',(-2.25,0.43,0.725));
#6364 = DIRECTION('',(9.95799250103E-17,-1.,-0.));
#6365 = DIRECTION('',(-1.,-9.95799250103E-17,3.700743415417E-16));
#6366 = ADVANCED_FACE('',(#6367),#6378,.F.);
#6367 = FACE_BOUND('',#6368,.F.);
#6368 = EDGE_LOOP('',(#6369,#6375,#6376,#6377));
#6369 = ORIENTED_EDGE('',*,*,#6370,.T.);
#6370 = EDGE_CURVE('',#5785,#5562,#6371,.T.);
#6371 = LINE('',#6372,#6373);
#6372 = CARTESIAN_POINT('',(-2.55,0.43,0.3));
#6373 = VECTOR('',#6374,1.);
#6374 = DIRECTION('',(-9.95799250103E-17,1.,0.));
#6375 = ORIENTED_EDGE('',*,*,#5570,.T.);
#6376 = ORIENTED_EDGE('',*,*,#6356,.F.);
#6377 = ORIENTED_EDGE('',*,*,#5793,.F.);
#6378 = PLANE('',#6379);
#6379 = AXIS2_PLACEMENT_3D('',#6380,#6381,#6382);
#6380 = CARTESIAN_POINT('',(-2.55,0.43,0.3));
#6381 = DIRECTION('',(1.,9.95799250103E-17,0.));
#6382 = DIRECTION('',(0.,-0.,1.));
#6383 = ADVANCED_FACE('',(#6384),#6395,.F.);
#6384 = FACE_BOUND('',#6385,.F.);
#6385 = EDGE_LOOP('',(#6386,#6392,#6393,#6394));
#6386 = ORIENTED_EDGE('',*,*,#6387,.T.);
#6387 = EDGE_CURVE('',#5777,#5554,#6388,.T.);
#6388 = LINE('',#6389,#6390);
#6389 = CARTESIAN_POINT('',(-2.65,0.43,0.2));
#6390 = VECTOR('',#6391,1.);
#6391 = DIRECTION('',(-9.95799250103E-17,1.,0.));
#6392 = ORIENTED_EDGE('',*,*,#5561,.T.);
#6393 = ORIENTED_EDGE('',*,*,#6370,.F.);
#6394 = ORIENTED_EDGE('',*,*,#5784,.F.);
#6395 = CYLINDRICAL_SURFACE('',#6396,0.1);
#6396 = AXIS2_PLACEMENT_3D('',#6397,#6398,#6399);
#6397 = CARTESIAN_POINT('',(-2.65,0.43,0.3));
#6398 = DIRECTION('',(9.95799250103E-17,-1.,0.));
#6399 = DIRECTION('',(0.,-0.,-1.));
#6400 = ADVANCED_FACE('',(#6401),#6412,.F.);
#6401 = FACE_BOUND('',#6402,.F.);
#6402 = EDGE_LOOP('',(#6403,#6409,#6410,#6411));
#6403 = ORIENTED_EDGE('',*,*,#6404,.T.);
#6404 = EDGE_CURVE('',#5769,#5546,#6405,.T.);
#6405 = LINE('',#6406,#6407);
#6406 = CARTESIAN_POINT('',(-3.,0.43,0.2));
#6407 = VECTOR('',#6408,1.);
#6408 = DIRECTION('',(-9.95799250103E-17,1.,0.));
#6409 = ORIENTED_EDGE('',*,*,#5553,.T.);
#6410 = ORIENTED_EDGE('',*,*,#6387,.F.);
#6411 = ORIENTED_EDGE('',*,*,#5776,.F.);
#6412 = PLANE('',#6413);
#6413 = AXIS2_PLACEMENT_3D('',#6414,#6415,#6416);
#6414 = CARTESIAN_POINT('',(-3.,0.43,0.2));
#6415 = DIRECTION('',(-0.,0.,-1.));
#6416 = DIRECTION('',(1.,9.95799250103E-17,0.));
#6417 = ADVANCED_FACE('',(#6418),#6429,.F.);
#6418 = FACE_BOUND('',#6419,.F.);
#6419 = EDGE_LOOP('',(#6420,#6426,#6427,#6428));
#6420 = ORIENTED_EDGE('',*,*,#6421,.T.);
#6421 = EDGE_CURVE('',#5761,#5538,#6422,.T.);
#6422 = LINE('',#6423,#6424);
#6423 = CARTESIAN_POINT('',(-3.,0.43,5.551115123126E-17));
#6424 = VECTOR('',#6425,1.);
#6425 = DIRECTION('',(-9.95799250103E-17,1.,0.));
#6426 = ORIENTED_EDGE('',*,*,#5545,.T.);
#6427 = ORIENTED_EDGE('',*,*,#6404,.F.);
#6428 = ORIENTED_EDGE('',*,*,#5768,.F.);
#6429 = PLANE('',#6430);
#6430 = AXIS2_PLACEMENT_3D('',#6431,#6432,#6433);
#6431 = CARTESIAN_POINT('',(-3.,0.43,5.551115123126E-17));
#6432 = DIRECTION('',(1.,9.95799250103E-17,0.));
#6433 = DIRECTION('',(0.,-0.,1.));
#6434 = ADVANCED_FACE('',(#6435),#6446,.F.);
#6435 = FACE_BOUND('',#6436,.F.);
#6436 = EDGE_LOOP('',(#6437,#6443,#6444,#6445));
#6437 = ORIENTED_EDGE('',*,*,#6438,.T.);
#6438 = EDGE_CURVE('',#5752,#5529,#6439,.T.);
#6439 = LINE('',#6440,#6441);
#6440 = CARTESIAN_POINT('',(-2.65,0.43,5.551115123126E-17));
#6441 = VECTOR('',#6442,1.);
#6442 = DIRECTION('',(-9.95799250103E-17,1.,0.));
#6443 = ORIENTED_EDGE('',*,*,#5537,.T.);
#6444 = ORIENTED_EDGE('',*,*,#6421,.F.);
#6445 = ORIENTED_EDGE('',*,*,#5760,.F.);
#6446 = PLANE('',#6447);
#6447 = AXIS2_PLACEMENT_3D('',#6448,#6449,#6450);
#6448 = CARTESIAN_POINT('',(-2.65,0.43,5.551115123126E-17));
#6449 = DIRECTION('',(0.,0.,1.));
#6450 = DIRECTION('',(-1.,-9.95799250103E-17,0.));
#6451 = ADVANCED_FACE('',(#6452),#6463,.T.);
#6452 = FACE_BOUND('',#6453,.T.);
#6453 = EDGE_LOOP('',(#6454,#6455,#6456,#6457));
#6454 = ORIENTED_EDGE('',*,*,#5751,.T.);
#6455 = ORIENTED_EDGE('',*,*,#6438,.T.);
#6456 = ORIENTED_EDGE('',*,*,#5528,.F.);
#6457 = ORIENTED_EDGE('',*,*,#6458,.F.);
#6458 = EDGE_CURVE('',#5744,#5521,#6459,.T.);
#6459 = LINE('',#6460,#6461);
#6460 = CARTESIAN_POINT('',(-2.35,0.43,0.3));
#6461 = VECTOR('',#6462,1.);
#6462 = DIRECTION('',(-9.95799250103E-17,1.,0.));
#6463 = CYLINDRICAL_SURFACE('',#6464,0.3);
#6464 = AXIS2_PLACEMENT_3D('',#6465,#6466,#6467);
#6465 = CARTESIAN_POINT('',(-2.65,0.43,0.3));
#6466 = DIRECTION('',(9.95799250103E-17,-1.,-0.));
#6467 = DIRECTION('',(1.,9.95799250103E-17,3.515706244646E-15));
#6468 = ADVANCED_FACE('',(#6469),#6475,.F.);
#6469 = FACE_BOUND('',#6470,.F.);
#6470 = EDGE_LOOP('',(#6471,#6472,#6473,#6474));
#6471 = ORIENTED_EDGE('',*,*,#5826,.T.);
#6472 = ORIENTED_EDGE('',*,*,#5520,.T.);
#6473 = ORIENTED_EDGE('',*,*,#6458,.F.);
#6474 = ORIENTED_EDGE('',*,*,#5743,.F.);
#6475 = PLANE('',#6476);
#6476 = AXIS2_PLACEMENT_3D('',#6477,#6478,#6479);
#6477 = CARTESIAN_POINT('',(-2.35,0.43,0.725));
#6478 = DIRECTION('',(-1.,-9.95799250103E-17,1.044915787883E-15));
#6479 = DIRECTION('',(-1.044915787883E-15,-1.040526357994E-31,-1.));
#6480 = ( GEOMETRIC_REPRESENTATION_CONTEXT(3) 
GLOBAL_UNCERTAINTY_ASSIGNED_CONTEXT((#6484)) 
GLOBAL_UNIT_ASSIGNED_CONTEXT((#6481,#6482,#6483)) REPRESENTATION_CONTEXT
('Context #1','3D Context with UNIT and UNCERTAINTY') );
#6481 = ( LENGTH_UNIT() NAMED_UNIT(*) SI_UNIT(.MILLI.,.METRE.) );
#6482 = ( NAMED_UNIT(*) PLANE_ANGLE_UNIT() SI_UNIT($,.RADIAN.) );
#6483 = ( NAMED_UNIT(*) SI_UNIT($,.STERADIAN.) SOLID_ANGLE_UNIT() );
#6484 = UNCERTAINTY_MEASURE_WITH_UNIT(LENGTH_MEASURE(2.E-06),#6481,
  'distance_accuracy_value','confusion accuracy');
#6485 = CONTEXT_DEPENDENT_SHAPE_REPRESENTATION(#6486,#6488);
#6486 = ( REPRESENTATION_RELATIONSHIP('','',#1872,#1849) 
REPRESENTATION_RELATIONSHIP_WITH_TRANSFORMATION(#6487) 
SHAPE_REPRESENTATION_RELATIONSHIP() );
#6487 = ITEM_DEFINED_TRANSFORMATION('','',#11,#1850);
#6488 = PRODUCT_DEFINITION_SHAPE('Placement','Placement of an item',
  #6489);
#6489 = NEXT_ASSEMBLY_USAGE_OCCURRENCE('10','=>[0:1:1:7]','',#1844,#1867
  ,$);
#6490 = PRODUCT_RELATED_PRODUCT_CATEGORY('part',$,(#1869));
#6491 = CONTEXT_DEPENDENT_SHAPE_REPRESENTATION(#6492,#6494);
#6492 = ( REPRESENTATION_RELATIONSHIP('','',#96,#10) 
REPRESENTATION_RELATIONSHIP_WITH_TRANSFORMATION(#6493) 
SHAPE_REPRESENTATION_RELATIONSHIP() );
#6493 = ITEM_DEFINED_TRANSFORMATION('','',#11,#47);
#6494 = PRODUCT_DEFINITION_SHAPE('Placement','Placement of an item',
  #6495);
#6495 = NEXT_ASSEMBLY_USAGE_OCCURRENCE('12','R4','',#5,#91,$);
#6496 = SHAPE_DEFINITION_REPRESENTATION(#6497,#6503);
#6497 = PRODUCT_DEFINITION_SHAPE('','',#6498);
#6498 = PRODUCT_DEFINITION('design','',#6499,#6502);
#6499 = PRODUCT_DEFINITION_FORMATION('','',#6500);
#6500 = PRODUCT('SOT-23','SOT-23','',(#6501));
#6501 = PRODUCT_CONTEXT('',#2,'mechanical');
#6502 = PRODUCT_DEFINITION_CONTEXT('part definition',#2,'design');
#6503 = SHAPE_REPRESENTATION('',(#11,#6504),#6508);
#6504 = AXIS2_PLACEMENT_3D('',#6505,#6506,#6507);
#6505 = CARTESIAN_POINT('',(0.,0.,0.));
#6506 = DIRECTION('',(0.,0.,1.));
#6507 = DIRECTION('',(1.,0.,-0.));
#6508 = ( GEOMETRIC_REPRESENTATION_CONTEXT(3) 
GLOBAL_UNCERTAINTY_ASSIGNED_CONTEXT((#6512)) 
GLOBAL_UNIT_ASSIGNED_CONTEXT((#6509,#6510,#6511)) REPRESENTATION_CONTEXT
('Context #1','3D Context with UNIT and UNCERTAINTY') );
#6509 = ( LENGTH_UNIT() NAMED_UNIT(*) SI_UNIT(.MILLI.,.METRE.) );
#6510 = ( NAMED_UNIT(*) PLANE_ANGLE_UNIT() SI_UNIT($,.RADIAN.) );
#6511 = ( NAMED_UNIT(*) SI_UNIT($,.STERADIAN.) SOLID_ANGLE_UNIT() );
#6512 = UNCERTAINTY_MEASURE_WITH_UNIT(LENGTH_MEASURE(2.E-06),#6509,
  'distance_accuracy_value','confusion accuracy');
#6513 = CONTEXT_DEPENDENT_SHAPE_REPRESENTATION(#6514,#6516);
#6514 = ( REPRESENTATION_RELATIONSHIP('','',#6503,#10) 
REPRESENTATION_RELATIONSHIP_WITH_TRANSFORMATION(#6515) 
SHAPE_REPRESENTATION_RELATIONSHIP() );
#6515 = ITEM_DEFINED_TRANSFORMATION('','',#11,#51);
#6516 = PRODUCT_DEFINITION_SHAPE('Placement','Placement of an item',
  #6517);
#6517 = NEXT_ASSEMBLY_USAGE_OCCURRENCE('14','Q3','',#5,#6498,$);
#6518 = PRODUCT_RELATED_PRODUCT_CATEGORY('part',$,(#6500));
#6519 = SHAPE_DEFINITION_REPRESENTATION(#6520,#6526);
#6520 = PRODUCT_DEFINITION_SHAPE('','',#6521);
#6521 = PRODUCT_DEFINITION('design','',#6522,#6525);
#6522 = PRODUCT_DEFINITION_FORMATION('','',#6523);
#6523 = PRODUCT('SOT_23','SOT_23','',(#6524));
#6524 = PRODUCT_CONTEXT('',#2,'mechanical');
#6525 = PRODUCT_DEFINITION_CONTEXT('part definition',#2,'design');
#6526 = ADVANCED_BREP_SHAPE_REPRESENTATION('',(#11,#6527),#8601);
#6527 = MANIFOLD_SOLID_BREP('',#6528);
#6528 = CLOSED_SHELL('',(#6529,#6567,#6630,#6653,#6682,#6705,#6744,#6767
    ,#6790,#6813,#6862,#6885,#6914,#6937,#6961,#6991,#7024,#7047,#7070,
    #7093,#7117,#7141,#7174,#7207,#7238,#7261,#7290,#7313,#7337,#7412,
    #7487,#7517,#7534,#7557,#7580,#7603,#7627,#7702,#7777,#7801,#7876,
    #7893,#7968,#7985,#8016,#8039,#8095,#8111,#8134,#8151,#8168,#8185,
    #8202,#8219,#8236,#8253,#8265,#8281,#8297,#8313,#8339,#8356,#8373,
    #8390,#8407,#8424,#8441,#8458,#8470,#8492,#8509,#8526,#8543,#8560,
    #8577,#8589));
#6529 = ADVANCED_FACE('',(#6530),#6562,.F.);
#6530 = FACE_BOUND('',#6531,.F.);
#6531 = EDGE_LOOP('',(#6532,#6542,#6549,#6557));
#6532 = ORIENTED_EDGE('',*,*,#6533,.T.);
#6533 = EDGE_CURVE('',#6534,#6536,#6538,.T.);
#6534 = VERTEX_POINT('',#6535);
#6535 = CARTESIAN_POINT('',(-0.571621551758,1.433243103516,0.1));
#6536 = VERTEX_POINT('',#6537);
#6537 = CARTESIAN_POINT('',(0.571621551758,1.433243103516,0.1));
#6538 = LINE('',#6539,#6540);
#6539 = CARTESIAN_POINT('',(-0.571621551758,1.433243103516,0.1));
#6540 = VECTOR('',#6541,1.);
#6541 = DIRECTION('',(1.,2.22044604925E-16,0.));
#6542 = ORIENTED_EDGE('',*,*,#6543,.T.);
#6543 = EDGE_CURVE('',#6536,#6544,#6546,.T.);
#6544 = VERTEX_POINT('',#6545);
#6545 = CARTESIAN_POINT('',(0.605,1.5,0.575));
#6546 = B_SPLINE_CURVE_WITH_KNOTS('',1,(#6547,#6548),.UNSPECIFIED.,.F.,
  .F.,(2,2),(0.,1.),.PIECEWISE_BEZIER_KNOTS.);
#6547 = CARTESIAN_POINT('',(0.571621551758,1.433243103516,0.1));
#6548 = CARTESIAN_POINT('',(0.605,1.5,0.575));
#6549 = ORIENTED_EDGE('',*,*,#6550,.F.);
#6550 = EDGE_CURVE('',#6551,#6544,#6553,.T.);
#6551 = VERTEX_POINT('',#6552);
#6552 = CARTESIAN_POINT('',(-0.605,1.5,0.575));
#6553 = LINE('',#6554,#6555);
#6554 = CARTESIAN_POINT('',(-0.605,1.5,0.575));
#6555 = VECTOR('',#6556,1.);
#6556 = DIRECTION('',(1.,2.22044604925E-16,0.));
#6557 = ORIENTED_EDGE('',*,*,#6558,.F.);
#6558 = EDGE_CURVE('',#6534,#6551,#6559,.T.);
#6559 = B_SPLINE_CURVE_WITH_KNOTS('',1,(#6560,#6561),.UNSPECIFIED.,.F.,
  .F.,(2,2),(0.,1.),.PIECEWISE_BEZIER_KNOTS.);
#6560 = CARTESIAN_POINT('',(-0.571621551758,1.433243103516,0.1));
#6561 = CARTESIAN_POINT('',(-0.605,1.5,0.575));
#6562 = B_SPLINE_SURFACE_WITH_KNOTS('',1,1,(
    (#6563,#6564)
    ,(#6565,#6566
    )),.UNSPECIFIED.,.F.,.F.,.F.,(2,2),(2,2),(0.,1.21),(0.,1.),
  .PIECEWISE_BEZIER_KNOTS.);
#6563 = CARTESIAN_POINT('',(-0.571621551758,1.433243103516,0.1));
#6564 = CARTESIAN_POINT('',(-0.605,1.5,0.575));
#6565 = CARTESIAN_POINT('',(0.571621551758,1.433243103516,0.1));
#6566 = CARTESIAN_POINT('',(0.605,1.5,0.575));
#6567 = ADVANCED_FACE('',(#6568),#6625,.T.);
#6568 = FACE_BOUND('',#6569,.T.);
#6569 = EDGE_LOOP('',(#6570,#6571,#6579,#6587,#6595,#6603,#6611,#6619));
#6570 = ORIENTED_EDGE('',*,*,#6533,.T.);
#6571 = ORIENTED_EDGE('',*,*,#6572,.T.);
#6572 = EDGE_CURVE('',#6536,#6573,#6575,.T.);
#6573 = VERTEX_POINT('',#6574);
#6574 = CARTESIAN_POINT('',(0.633243103516,1.371621551758,0.1));
#6575 = LINE('',#6576,#6577);
#6576 = CARTESIAN_POINT('',(0.571621551758,1.433243103516,0.1));
#6577 = VECTOR('',#6578,1.);
#6578 = DIRECTION('',(0.707106781187,-0.707106781187,0.));
#6579 = ORIENTED_EDGE('',*,*,#6580,.T.);
#6580 = EDGE_CURVE('',#6573,#6581,#6583,.T.);
#6581 = VERTEX_POINT('',#6582);
#6582 = CARTESIAN_POINT('',(0.633243103516,-1.371621551758,0.1));
#6583 = LINE('',#6584,#6585);
#6584 = CARTESIAN_POINT('',(0.633243103516,1.371621551758,0.1));
#6585 = VECTOR('',#6586,1.);
#6586 = DIRECTION('',(2.22044604925E-16,-1.,0.));
#6587 = ORIENTED_EDGE('',*,*,#6588,.T.);
#6588 = EDGE_CURVE('',#6581,#6589,#6591,.T.);
#6589 = VERTEX_POINT('',#6590);
#6590 = CARTESIAN_POINT('',(0.571621551758,-1.433243103516,0.1));
#6591 = LINE('',#6592,#6593);
#6592 = CARTESIAN_POINT('',(0.633243103516,-1.371621551758,0.1));
#6593 = VECTOR('',#6594,1.);
#6594 = DIRECTION('',(-0.707106781187,-0.707106781187,0.));
#6595 = ORIENTED_EDGE('',*,*,#6596,.T.);
#6596 = EDGE_CURVE('',#6589,#6597,#6599,.T.);
#6597 = VERTEX_POINT('',#6598);
#6598 = CARTESIAN_POINT('',(-0.571621551758,-1.433243103516,0.1));
#6599 = LINE('',#6600,#6601);
#6600 = CARTESIAN_POINT('',(0.571621551758,-1.433243103516,0.1));
#6601 = VECTOR('',#6602,1.);
#6602 = DIRECTION('',(-1.,-2.22044604925E-16,0.));
#6603 = ORIENTED_EDGE('',*,*,#6604,.T.);
#6604 = EDGE_CURVE('',#6597,#6605,#6607,.T.);
#6605 = VERTEX_POINT('',#6606);
#6606 = CARTESIAN_POINT('',(-0.633243103516,-1.371621551758,0.1));
#6607 = LINE('',#6608,#6609);
#6608 = CARTESIAN_POINT('',(-0.571621551758,-1.433243103516,0.1));
#6609 = VECTOR('',#6610,1.);
#6610 = DIRECTION('',(-0.707106781187,0.707106781187,0.));
#6611 = ORIENTED_EDGE('',*,*,#6612,.T.);
#6612 = EDGE_CURVE('',#6605,#6613,#6615,.T.);
#6613 = VERTEX_POINT('',#6614);
#6614 = CARTESIAN_POINT('',(-0.633243103516,1.371621551758,0.1));
#6615 = LINE('',#6616,#6617);
#6616 = CARTESIAN_POINT('',(-0.633243103516,-1.371621551758,0.1));
#6617 = VECTOR('',#6618,1.);
#6618 = DIRECTION('',(-2.22044604925E-16,1.,0.));
#6619 = ORIENTED_EDGE('',*,*,#6620,.T.);
#6620 = EDGE_CURVE('',#6613,#6534,#6621,.T.);
#6621 = LINE('',#6622,#6623);
#6622 = CARTESIAN_POINT('',(-0.633243103516,1.371621551758,0.1));
#6623 = VECTOR('',#6624,1.);
#6624 = DIRECTION('',(0.707106781187,0.707106781187,0.));
#6625 = PLANE('',#6626);
#6626 = AXIS2_PLACEMENT_3D('',#6627,#6628,#6629);
#6627 = CARTESIAN_POINT('',(-0.571621551758,1.433243103516,0.1));
#6628 = DIRECTION('',(0.,0.,-1.));
#6629 = DIRECTION('',(0.370454302632,-0.928850692879,0.));
#6630 = ADVANCED_FACE('',(#6631),#6648,.F.);
#6631 = FACE_BOUND('',#6632,.F.);
#6632 = EDGE_LOOP('',(#6633,#6634,#6641,#6647));
#6633 = ORIENTED_EDGE('',*,*,#6572,.T.);
#6634 = ORIENTED_EDGE('',*,*,#6635,.T.);
#6635 = EDGE_CURVE('',#6573,#6636,#6638,.T.);
#6636 = VERTEX_POINT('',#6637);
#6637 = CARTESIAN_POINT('',(0.7,1.405,0.575));
#6638 = B_SPLINE_CURVE_WITH_KNOTS('',1,(#6639,#6640),.UNSPECIFIED.,.F.,
  .F.,(2,2),(0.,1.),.PIECEWISE_BEZIER_KNOTS.);
#6639 = CARTESIAN_POINT('',(0.633243103516,1.371621551758,0.1));
#6640 = CARTESIAN_POINT('',(0.7,1.405,0.575));
#6641 = ORIENTED_EDGE('',*,*,#6642,.F.);
#6642 = EDGE_CURVE('',#6544,#6636,#6643,.T.);
#6643 = LINE('',#6644,#6645);
#6644 = CARTESIAN_POINT('',(0.605,1.5,0.575));
#6645 = VECTOR('',#6646,1.);
#6646 = DIRECTION('',(0.707106781187,-0.707106781187,0.));
#6647 = ORIENTED_EDGE('',*,*,#6543,.F.);
#6648 = B_SPLINE_SURFACE_WITH_KNOTS('',1,1,(
    (#6649,#6650)
    ,(#6651,#6652
    )),.UNSPECIFIED.,.F.,.F.,.F.,(2,2),(2,2),(0.,0.134350288425),(0.,1.)
  ,.PIECEWISE_BEZIER_KNOTS.);
#6649 = CARTESIAN_POINT('',(0.571621551758,1.433243103516,0.1));
#6650 = CARTESIAN_POINT('',(0.605,1.5,0.575));
#6651 = CARTESIAN_POINT('',(0.633243103516,1.371621551758,0.1));
#6652 = CARTESIAN_POINT('',(0.7,1.405,0.575));
#6653 = ADVANCED_FACE('',(#6654),#6677,.F.);
#6654 = FACE_BOUND('',#6655,.F.);
#6655 = EDGE_LOOP('',(#6656,#6657,#6664,#6672));
#6656 = ORIENTED_EDGE('',*,*,#6550,.T.);
#6657 = ORIENTED_EDGE('',*,*,#6658,.T.);
#6658 = EDGE_CURVE('',#6544,#6659,#6661,.T.);
#6659 = VERTEX_POINT('',#6660);
#6660 = CARTESIAN_POINT('',(0.605,1.5,0.725));
#6661 = B_SPLINE_CURVE_WITH_KNOTS('',1,(#6662,#6663),.UNSPECIFIED.,.F.,
  .F.,(2,2),(0.,1.),.PIECEWISE_BEZIER_KNOTS.);
#6662 = CARTESIAN_POINT('',(0.605,1.5,0.575));
#6663 = CARTESIAN_POINT('',(0.605,1.5,0.725));
#6664 = ORIENTED_EDGE('',*,*,#6665,.F.);
#6665 = EDGE_CURVE('',#6666,#6659,#6668,.T.);
#6666 = VERTEX_POINT('',#6667);
#6667 = CARTESIAN_POINT('',(-0.605,1.5,0.725));
#6668 = LINE('',#6669,#6670);
#6669 = CARTESIAN_POINT('',(-0.605,1.5,0.725));
#6670 = VECTOR('',#6671,1.);
#6671 = DIRECTION('',(1.,2.22044604925E-16,0.));
#6672 = ORIENTED_EDGE('',*,*,#6673,.F.);
#6673 = EDGE_CURVE('',#6551,#6666,#6674,.T.);
#6674 = B_SPLINE_CURVE_WITH_KNOTS('',1,(#6675,#6676),.UNSPECIFIED.,.F.,
  .F.,(2,2),(0.,1.),.PIECEWISE_BEZIER_KNOTS.);
#6675 = CARTESIAN_POINT('',(-0.605,1.5,0.575));
#6676 = CARTESIAN_POINT('',(-0.605,1.5,0.725));
#6677 = PLANE('',#6678);
#6678 = AXIS2_PLACEMENT_3D('',#6679,#6680,#6681);
#6679 = CARTESIAN_POINT('',(-0.605,1.5,0.725));
#6680 = DIRECTION('',(2.22044604925E-16,-1.,0.));
#6681 = DIRECTION('',(1.,2.22044604925E-16,0.));
#6682 = ADVANCED_FACE('',(#6683),#6700,.F.);
#6683 = FACE_BOUND('',#6684,.F.);
#6684 = EDGE_LOOP('',(#6685,#6686,#6687,#6695));
#6685 = ORIENTED_EDGE('',*,*,#6620,.T.);
#6686 = ORIENTED_EDGE('',*,*,#6558,.T.);
#6687 = ORIENTED_EDGE('',*,*,#6688,.F.);
#6688 = EDGE_CURVE('',#6689,#6551,#6691,.T.);
#6689 = VERTEX_POINT('',#6690);
#6690 = CARTESIAN_POINT('',(-0.7,1.405,0.575));
#6691 = LINE('',#6692,#6693);
#6692 = CARTESIAN_POINT('',(-0.7,1.405,0.575));
#6693 = VECTOR('',#6694,1.);
#6694 = DIRECTION('',(0.707106781187,0.707106781187,0.));
#6695 = ORIENTED_EDGE('',*,*,#6696,.F.);
#6696 = EDGE_CURVE('',#6613,#6689,#6697,.T.);
#6697 = B_SPLINE_CURVE_WITH_KNOTS('',1,(#6698,#6699),.UNSPECIFIED.,.F.,
  .F.,(2,2),(0.,1.),.PIECEWISE_BEZIER_KNOTS.);
#6698 = CARTESIAN_POINT('',(-0.633243103516,1.371621551758,0.1));
#6699 = CARTESIAN_POINT('',(-0.7,1.405,0.575));
#6700 = B_SPLINE_SURFACE_WITH_KNOTS('',1,1,(
    (#6701,#6702)
    ,(#6703,#6704
    )),.UNSPECIFIED.,.F.,.F.,.F.,(2,2),(2,2),(0.,0.134350288425),(0.,1.)
  ,.PIECEWISE_BEZIER_KNOTS.);
#6701 = CARTESIAN_POINT('',(-0.633243103516,1.371621551758,0.1));
#6702 = CARTESIAN_POINT('',(-0.7,1.405,0.575));
#6703 = CARTESIAN_POINT('',(-0.571621551758,1.433243103516,0.1));
#6704 = CARTESIAN_POINT('',(-0.605,1.5,0.575));
#6705 = ADVANCED_FACE('',(#6706),#6739,.F.);
#6706 = FACE_BOUND('',#6707,.F.);
#6707 = EDGE_LOOP('',(#6708,#6709,#6716,#6724,#6732,#6738));
#6708 = ORIENTED_EDGE('',*,*,#6580,.T.);
#6709 = ORIENTED_EDGE('',*,*,#6710,.T.);
#6710 = EDGE_CURVE('',#6581,#6711,#6713,.T.);
#6711 = VERTEX_POINT('',#6712);
#6712 = CARTESIAN_POINT('',(0.7,-1.405,0.575));
#6713 = B_SPLINE_CURVE_WITH_KNOTS('',1,(#6714,#6715),.UNSPECIFIED.,.F.,
  .F.,(2,2),(0.,1.),.PIECEWISE_BEZIER_KNOTS.);
#6714 = CARTESIAN_POINT('',(0.633243103516,-1.371621551758,0.1));
#6715 = CARTESIAN_POINT('',(0.7,-1.405,0.575));
#6716 = ORIENTED_EDGE('',*,*,#6717,.F.);
#6717 = EDGE_CURVE('',#6718,#6711,#6720,.T.);
#6718 = VERTEX_POINT('',#6719);
#6719 = CARTESIAN_POINT('',(0.7,-0.2,0.575));
#6720 = LINE('',#6721,#6722);
#6721 = CARTESIAN_POINT('',(0.7,1.405,0.575));
#6722 = VECTOR('',#6723,1.);
#6723 = DIRECTION('',(2.22044604925E-16,-1.,0.));
#6724 = ORIENTED_EDGE('',*,*,#6725,.F.);
#6725 = EDGE_CURVE('',#6726,#6718,#6728,.T.);
#6726 = VERTEX_POINT('',#6727);
#6727 = CARTESIAN_POINT('',(0.7,0.2,0.575));
#6728 = LINE('',#6729,#6730);
#6729 = CARTESIAN_POINT('',(0.7,0.2,0.575));
#6730 = VECTOR('',#6731,1.);
#6731 = DIRECTION('',(2.22044604925E-16,-1.,0.));
#6732 = ORIENTED_EDGE('',*,*,#6733,.F.);
#6733 = EDGE_CURVE('',#6636,#6726,#6734,.T.);
#6734 = LINE('',#6735,#6736);
#6735 = CARTESIAN_POINT('',(0.7,1.405,0.575));
#6736 = VECTOR('',#6737,1.);
#6737 = DIRECTION('',(2.22044604925E-16,-1.,0.));
#6738 = ORIENTED_EDGE('',*,*,#6635,.F.);
#6739 = B_SPLINE_SURFACE_WITH_KNOTS('',1,1,(
    (#6740,#6741)
    ,(#6742,#6743
    )),.UNSPECIFIED.,.F.,.F.,.F.,(2,2),(2,2),(0.,2.81),(0.,1.),
  .PIECEWISE_BEZIER_KNOTS.);
#6740 = CARTESIAN_POINT('',(0.633243103516,1.371621551758,0.1));
#6741 = CARTESIAN_POINT('',(0.7,1.405,0.575));
#6742 = CARTESIAN_POINT('',(0.633243103516,-1.371621551758,0.1));
#6743 = CARTESIAN_POINT('',(0.7,-1.405,0.575));
#6744 = ADVANCED_FACE('',(#6745),#6762,.F.);
#6745 = FACE_BOUND('',#6746,.F.);
#6746 = EDGE_LOOP('',(#6747,#6748,#6755,#6761));
#6747 = ORIENTED_EDGE('',*,*,#6588,.T.);
#6748 = ORIENTED_EDGE('',*,*,#6749,.T.);
#6749 = EDGE_CURVE('',#6589,#6750,#6752,.T.);
#6750 = VERTEX_POINT('',#6751);
#6751 = CARTESIAN_POINT('',(0.605,-1.5,0.575));
#6752 = B_SPLINE_CURVE_WITH_KNOTS('',1,(#6753,#6754),.UNSPECIFIED.,.F.,
  .F.,(2,2),(0.,1.),.PIECEWISE_BEZIER_KNOTS.);
#6753 = CARTESIAN_POINT('',(0.571621551758,-1.433243103516,0.1));
#6754 = CARTESIAN_POINT('',(0.605,-1.5,0.575));
#6755 = ORIENTED_EDGE('',*,*,#6756,.F.);
#6756 = EDGE_CURVE('',#6711,#6750,#6757,.T.);
#6757 = LINE('',#6758,#6759);
#6758 = CARTESIAN_POINT('',(0.7,-1.405,0.575));
#6759 = VECTOR('',#6760,1.);
#6760 = DIRECTION('',(-0.707106781187,-0.707106781187,0.));
#6761 = ORIENTED_EDGE('',*,*,#6710,.F.);
#6762 = B_SPLINE_SURFACE_WITH_KNOTS('',1,1,(
    (#6763,#6764)
    ,(#6765,#6766
    )),.UNSPECIFIED.,.F.,.F.,.F.,(2,2),(2,2),(0.,0.134350288425),(0.,1.)
  ,.PIECEWISE_BEZIER_KNOTS.);
#6763 = CARTESIAN_POINT('',(0.633243103516,-1.371621551758,0.1));
#6764 = CARTESIAN_POINT('',(0.7,-1.405,0.575));
#6765 = CARTESIAN_POINT('',(0.571621551758,-1.433243103516,0.1));
#6766 = CARTESIAN_POINT('',(0.605,-1.5,0.575));
#6767 = ADVANCED_FACE('',(#6768),#6785,.F.);
#6768 = FACE_BOUND('',#6769,.F.);
#6769 = EDGE_LOOP('',(#6770,#6771,#6778,#6784));
#6770 = ORIENTED_EDGE('',*,*,#6596,.T.);
#6771 = ORIENTED_EDGE('',*,*,#6772,.T.);
#6772 = EDGE_CURVE('',#6597,#6773,#6775,.T.);
#6773 = VERTEX_POINT('',#6774);
#6774 = CARTESIAN_POINT('',(-0.605,-1.5,0.575));
#6775 = B_SPLINE_CURVE_WITH_KNOTS('',1,(#6776,#6777),.UNSPECIFIED.,.F.,
  .F.,(2,2),(0.,1.),.PIECEWISE_BEZIER_KNOTS.);
#6776 = CARTESIAN_POINT('',(-0.571621551758,-1.433243103516,0.1));
#6777 = CARTESIAN_POINT('',(-0.605,-1.5,0.575));
#6778 = ORIENTED_EDGE('',*,*,#6779,.F.);
#6779 = EDGE_CURVE('',#6750,#6773,#6780,.T.);
#6780 = LINE('',#6781,#6782);
#6781 = CARTESIAN_POINT('',(0.605,-1.5,0.575));
#6782 = VECTOR('',#6783,1.);
#6783 = DIRECTION('',(-1.,-2.22044604925E-16,0.));
#6784 = ORIENTED_EDGE('',*,*,#6749,.F.);
#6785 = B_SPLINE_SURFACE_WITH_KNOTS('',1,1,(
    (#6786,#6787)
    ,(#6788,#6789
    )),.UNSPECIFIED.,.F.,.F.,.F.,(2,2),(2,2),(0.,1.21),(0.,1.),
  .PIECEWISE_BEZIER_KNOTS.);
#6786 = CARTESIAN_POINT('',(0.571621551758,-1.433243103516,0.1));
#6787 = CARTESIAN_POINT('',(0.605,-1.5,0.575));
#6788 = CARTESIAN_POINT('',(-0.571621551758,-1.433243103516,0.1));
#6789 = CARTESIAN_POINT('',(-0.605,-1.5,0.575));
#6790 = ADVANCED_FACE('',(#6791),#6808,.F.);
#6791 = FACE_BOUND('',#6792,.F.);
#6792 = EDGE_LOOP('',(#6793,#6794,#6801,#6807));
#6793 = ORIENTED_EDGE('',*,*,#6604,.T.);
#6794 = ORIENTED_EDGE('',*,*,#6795,.T.);
#6795 = EDGE_CURVE('',#6605,#6796,#6798,.T.);
#6796 = VERTEX_POINT('',#6797);
#6797 = CARTESIAN_POINT('',(-0.7,-1.405,0.575));
#6798 = B_SPLINE_CURVE_WITH_KNOTS('',1,(#6799,#6800),.UNSPECIFIED.,.F.,
  .F.,(2,2),(0.,1.),.PIECEWISE_BEZIER_KNOTS.);
#6799 = CARTESIAN_POINT('',(-0.633243103516,-1.371621551758,0.1));
#6800 = CARTESIAN_POINT('',(-0.7,-1.405,0.575));
#6801 = ORIENTED_EDGE('',*,*,#6802,.F.);
#6802 = EDGE_CURVE('',#6773,#6796,#6803,.T.);
#6803 = LINE('',#6804,#6805);
#6804 = CARTESIAN_POINT('',(-0.605,-1.5,0.575));
#6805 = VECTOR('',#6806,1.);
#6806 = DIRECTION('',(-0.707106781187,0.707106781187,0.));
#6807 = ORIENTED_EDGE('',*,*,#6772,.F.);
#6808 = B_SPLINE_SURFACE_WITH_KNOTS('',1,1,(
    (#6809,#6810)
    ,(#6811,#6812
    )),.UNSPECIFIED.,.F.,.F.,.F.,(2,2),(2,2),(0.,0.134350288425),(0.,1.)
  ,.PIECEWISE_BEZIER_KNOTS.);
#6809 = CARTESIAN_POINT('',(-0.571621551758,-1.433243103516,0.1));
#6810 = CARTESIAN_POINT('',(-0.605,-1.5,0.575));
#6811 = CARTESIAN_POINT('',(-0.633243103516,-1.371621551758,0.1));
#6812 = CARTESIAN_POINT('',(-0.7,-1.405,0.575));
#6813 = ADVANCED_FACE('',(#6814),#6857,.F.);
#6814 = FACE_BOUND('',#6815,.F.);
#6815 = EDGE_LOOP('',(#6816,#6817,#6818,#6826,#6834,#6842,#6850,#6856));
#6816 = ORIENTED_EDGE('',*,*,#6612,.T.);
#6817 = ORIENTED_EDGE('',*,*,#6696,.T.);
#6818 = ORIENTED_EDGE('',*,*,#6819,.F.);
#6819 = EDGE_CURVE('',#6820,#6689,#6822,.T.);
#6820 = VERTEX_POINT('',#6821);
#6821 = CARTESIAN_POINT('',(-0.7,1.15,0.575));
#6822 = LINE('',#6823,#6824);
#6823 = CARTESIAN_POINT('',(-0.7,-1.405,0.575));
#6824 = VECTOR('',#6825,1.);
#6825 = DIRECTION('',(-2.22044604925E-16,1.,0.));
#6826 = ORIENTED_EDGE('',*,*,#6827,.F.);
#6827 = EDGE_CURVE('',#6828,#6820,#6830,.T.);
#6828 = VERTEX_POINT('',#6829);
#6829 = CARTESIAN_POINT('',(-0.7,0.75,0.575));
#6830 = LINE('',#6831,#6832);
#6831 = CARTESIAN_POINT('',(-0.7,0.75,0.575));
#6832 = VECTOR('',#6833,1.);
#6833 = DIRECTION('',(-9.95799250103E-17,1.,0.));
#6834 = ORIENTED_EDGE('',*,*,#6835,.F.);
#6835 = EDGE_CURVE('',#6836,#6828,#6838,.T.);
#6836 = VERTEX_POINT('',#6837);
#6837 = CARTESIAN_POINT('',(-0.7,-0.75,0.575));
#6838 = LINE('',#6839,#6840);
#6839 = CARTESIAN_POINT('',(-0.7,-1.405,0.575));
#6840 = VECTOR('',#6841,1.);
#6841 = DIRECTION('',(-2.22044604925E-16,1.,0.));
#6842 = ORIENTED_EDGE('',*,*,#6843,.F.);
#6843 = EDGE_CURVE('',#6844,#6836,#6846,.T.);
#6844 = VERTEX_POINT('',#6845);
#6845 = CARTESIAN_POINT('',(-0.7,-1.15,0.575));
#6846 = LINE('',#6847,#6848);
#6847 = CARTESIAN_POINT('',(-0.7,-1.15,0.575));
#6848 = VECTOR('',#6849,1.);
#6849 = DIRECTION('',(-9.95799250103E-17,1.,0.));
#6850 = ORIENTED_EDGE('',*,*,#6851,.F.);
#6851 = EDGE_CURVE('',#6796,#6844,#6852,.T.);
#6852 = LINE('',#6853,#6854);
#6853 = CARTESIAN_POINT('',(-0.7,-1.405,0.575));
#6854 = VECTOR('',#6855,1.);
#6855 = DIRECTION('',(-2.22044604925E-16,1.,0.));
#6856 = ORIENTED_EDGE('',*,*,#6795,.F.);
#6857 = B_SPLINE_SURFACE_WITH_KNOTS('',1,1,(
    (#6858,#6859)
    ,(#6860,#6861
    )),.UNSPECIFIED.,.F.,.F.,.F.,(2,2),(2,2),(0.,2.81),(0.,1.),
  .PIECEWISE_BEZIER_KNOTS.);
#6858 = CARTESIAN_POINT('',(-0.633243103516,-1.371621551758,0.1));
#6859 = CARTESIAN_POINT('',(-0.7,-1.405,0.575));
#6860 = CARTESIAN_POINT('',(-0.633243103516,1.371621551758,0.1));
#6861 = CARTESIAN_POINT('',(-0.7,1.405,0.575));
#6862 = ADVANCED_FACE('',(#6863),#6880,.F.);
#6863 = FACE_BOUND('',#6864,.F.);
#6864 = EDGE_LOOP('',(#6865,#6866,#6873,#6879));
#6865 = ORIENTED_EDGE('',*,*,#6642,.T.);
#6866 = ORIENTED_EDGE('',*,*,#6867,.T.);
#6867 = EDGE_CURVE('',#6636,#6868,#6870,.T.);
#6868 = VERTEX_POINT('',#6869);
#6869 = CARTESIAN_POINT('',(0.7,1.405,0.725));
#6870 = B_SPLINE_CURVE_WITH_KNOTS('',1,(#6871,#6872),.UNSPECIFIED.,.F.,
  .F.,(2,2),(0.,1.),.PIECEWISE_BEZIER_KNOTS.);
#6871 = CARTESIAN_POINT('',(0.7,1.405,0.575));
#6872 = CARTESIAN_POINT('',(0.7,1.405,0.725));
#6873 = ORIENTED_EDGE('',*,*,#6874,.F.);
#6874 = EDGE_CURVE('',#6659,#6868,#6875,.T.);
#6875 = LINE('',#6876,#6877);
#6876 = CARTESIAN_POINT('',(0.605,1.5,0.725));
#6877 = VECTOR('',#6878,1.);
#6878 = DIRECTION('',(0.707106781187,-0.707106781187,0.));
#6879 = ORIENTED_EDGE('',*,*,#6658,.F.);
#6880 = PLANE('',#6881);
#6881 = AXIS2_PLACEMENT_3D('',#6882,#6883,#6884);
#6882 = CARTESIAN_POINT('',(0.605,1.5,0.725));
#6883 = DIRECTION('',(-0.707106781187,-0.707106781187,0.));
#6884 = DIRECTION('',(0.707106781187,-0.707106781187,0.));
#6885 = ADVANCED_FACE('',(#6886),#6909,.F.);
#6886 = FACE_BOUND('',#6887,.F.);
#6887 = EDGE_LOOP('',(#6888,#6889,#6896,#6904));
#6888 = ORIENTED_EDGE('',*,*,#6665,.T.);
#6889 = ORIENTED_EDGE('',*,*,#6890,.T.);
#6890 = EDGE_CURVE('',#6659,#6891,#6893,.T.);
#6891 = VERTEX_POINT('',#6892);
#6892 = CARTESIAN_POINT('',(0.5925,1.475,0.725));
#6893 = B_SPLINE_CURVE_WITH_KNOTS('',1,(#6894,#6895),.UNSPECIFIED.,.F.,
  .F.,(2,2),(0.,1.),.PIECEWISE_BEZIER_KNOTS.);
#6894 = CARTESIAN_POINT('',(0.605,1.5,0.725));
#6895 = CARTESIAN_POINT('',(0.5925,1.475,0.725));
#6896 = ORIENTED_EDGE('',*,*,#6897,.F.);
#6897 = EDGE_CURVE('',#6898,#6891,#6900,.T.);
#6898 = VERTEX_POINT('',#6899);
#6899 = CARTESIAN_POINT('',(-0.5925,1.475,0.725));
#6900 = LINE('',#6901,#6902);
#6901 = CARTESIAN_POINT('',(-0.5925,1.475,0.725));
#6902 = VECTOR('',#6903,1.);
#6903 = DIRECTION('',(1.,2.22044604925E-16,0.));
#6904 = ORIENTED_EDGE('',*,*,#6905,.F.);
#6905 = EDGE_CURVE('',#6666,#6898,#6906,.T.);
#6906 = B_SPLINE_CURVE_WITH_KNOTS('',1,(#6907,#6908),.UNSPECIFIED.,.F.,
  .F.,(2,2),(0.,1.),.PIECEWISE_BEZIER_KNOTS.);
#6907 = CARTESIAN_POINT('',(-0.605,1.5,0.725));
#6908 = CARTESIAN_POINT('',(-0.5925,1.475,0.725));
#6909 = B_SPLINE_SURFACE_WITH_KNOTS('',1,1,(
    (#6910,#6911)
    ,(#6912,#6913
    )),.UNSPECIFIED.,.F.,.F.,.F.,(2,2),(2,2),(0.,1.21),(0.,1.),
  .PIECEWISE_BEZIER_KNOTS.);
#6910 = CARTESIAN_POINT('',(-0.605,1.5,0.725));
#6911 = CARTESIAN_POINT('',(-0.5925,1.475,0.725));
#6912 = CARTESIAN_POINT('',(0.605,1.5,0.725));
#6913 = CARTESIAN_POINT('',(0.5925,1.475,0.725));
#6914 = ADVANCED_FACE('',(#6915),#6932,.F.);
#6915 = FACE_BOUND('',#6916,.F.);
#6916 = EDGE_LOOP('',(#6917,#6918,#6919,#6927));
#6917 = ORIENTED_EDGE('',*,*,#6688,.T.);
#6918 = ORIENTED_EDGE('',*,*,#6673,.T.);
#6919 = ORIENTED_EDGE('',*,*,#6920,.F.);
#6920 = EDGE_CURVE('',#6921,#6666,#6923,.T.);
#6921 = VERTEX_POINT('',#6922);
#6922 = CARTESIAN_POINT('',(-0.7,1.405,0.725));
#6923 = LINE('',#6924,#6925);
#6924 = CARTESIAN_POINT('',(-0.7,1.405,0.725));
#6925 = VECTOR('',#6926,1.);
#6926 = DIRECTION('',(0.707106781187,0.707106781187,0.));
#6927 = ORIENTED_EDGE('',*,*,#6928,.F.);
#6928 = EDGE_CURVE('',#6689,#6921,#6929,.T.);
#6929 = B_SPLINE_CURVE_WITH_KNOTS('',1,(#6930,#6931),.UNSPECIFIED.,.F.,
  .F.,(2,2),(0.,1.),.PIECEWISE_BEZIER_KNOTS.);
#6930 = CARTESIAN_POINT('',(-0.7,1.405,0.575));
#6931 = CARTESIAN_POINT('',(-0.7,1.405,0.725));
#6932 = PLANE('',#6933);
#6933 = AXIS2_PLACEMENT_3D('',#6934,#6935,#6936);
#6934 = CARTESIAN_POINT('',(-0.7,1.405,0.725));
#6935 = DIRECTION('',(0.707106781187,-0.707106781187,0.));
#6936 = DIRECTION('',(0.707106781187,0.707106781187,0.));
#6937 = ADVANCED_FACE('',(#6938),#6956,.F.);
#6938 = FACE_BOUND('',#6939,.F.);
#6939 = EDGE_LOOP('',(#6940,#6941,#6942,#6950));
#6940 = ORIENTED_EDGE('',*,*,#6867,.F.);
#6941 = ORIENTED_EDGE('',*,*,#6733,.T.);
#6942 = ORIENTED_EDGE('',*,*,#6943,.T.);
#6943 = EDGE_CURVE('',#6726,#6944,#6946,.T.);
#6944 = VERTEX_POINT('',#6945);
#6945 = CARTESIAN_POINT('',(0.7,0.2,0.725));
#6946 = LINE('',#6947,#6948);
#6947 = CARTESIAN_POINT('',(0.7,0.2,0.525297170697));
#6948 = VECTOR('',#6949,1.);
#6949 = DIRECTION('',(0.,0.,1.));
#6950 = ORIENTED_EDGE('',*,*,#6951,.F.);
#6951 = EDGE_CURVE('',#6868,#6944,#6952,.T.);
#6952 = LINE('',#6953,#6954);
#6953 = CARTESIAN_POINT('',(0.7,1.405,0.725));
#6954 = VECTOR('',#6955,1.);
#6955 = DIRECTION('',(2.22044604925E-16,-1.,0.));
#6956 = PLANE('',#6957);
#6957 = AXIS2_PLACEMENT_3D('',#6958,#6959,#6960);
#6958 = CARTESIAN_POINT('',(0.7,1.405,0.725));
#6959 = DIRECTION('',(-1.,-2.22044604925E-16,0.));
#6960 = DIRECTION('',(2.22044604925E-16,-1.,0.));
#6961 = ADVANCED_FACE('',(#6962),#6986,.F.);
#6962 = FACE_BOUND('',#6963,.F.);
#6963 = EDGE_LOOP('',(#6964,#6972,#6973,#6980));
#6964 = ORIENTED_EDGE('',*,*,#6965,.F.);
#6965 = EDGE_CURVE('',#6718,#6966,#6968,.T.);
#6966 = VERTEX_POINT('',#6967);
#6967 = CARTESIAN_POINT('',(0.7,-0.2,0.725));
#6968 = LINE('',#6969,#6970);
#6969 = CARTESIAN_POINT('',(0.7,-0.2,0.525297170697));
#6970 = VECTOR('',#6971,1.);
#6971 = DIRECTION('',(0.,0.,1.));
#6972 = ORIENTED_EDGE('',*,*,#6717,.T.);
#6973 = ORIENTED_EDGE('',*,*,#6974,.T.);
#6974 = EDGE_CURVE('',#6711,#6975,#6977,.T.);
#6975 = VERTEX_POINT('',#6976);
#6976 = CARTESIAN_POINT('',(0.7,-1.405,0.725));
#6977 = B_SPLINE_CURVE_WITH_KNOTS('',1,(#6978,#6979),.UNSPECIFIED.,.F.,
  .F.,(2,2),(0.,1.),.PIECEWISE_BEZIER_KNOTS.);
#6978 = CARTESIAN_POINT('',(0.7,-1.405,0.575));
#6979 = CARTESIAN_POINT('',(0.7,-1.405,0.725));
#6980 = ORIENTED_EDGE('',*,*,#6981,.F.);
#6981 = EDGE_CURVE('',#6966,#6975,#6982,.T.);
#6982 = LINE('',#6983,#6984);
#6983 = CARTESIAN_POINT('',(0.7,1.405,0.725));
#6984 = VECTOR('',#6985,1.);
#6985 = DIRECTION('',(2.22044604925E-16,-1.,0.));
#6986 = PLANE('',#6987);
#6987 = AXIS2_PLACEMENT_3D('',#6988,#6989,#6990);
#6988 = CARTESIAN_POINT('',(0.7,1.405,0.725));
#6989 = DIRECTION('',(-1.,-2.22044604925E-16,0.));
#6990 = DIRECTION('',(2.22044604925E-16,-1.,0.));
#6991 = ADVANCED_FACE('',(#6992),#7019,.F.);
#6992 = FACE_BOUND('',#6993,.F.);
#6993 = EDGE_LOOP('',(#6994,#6995,#7004,#7012));
#6994 = ORIENTED_EDGE('',*,*,#6725,.T.);
#6995 = ORIENTED_EDGE('',*,*,#6996,.T.);
#6996 = EDGE_CURVE('',#6718,#6997,#6999,.T.);
#6997 = VERTEX_POINT('',#6998);
#6998 = CARTESIAN_POINT('',(0.8,-0.2,0.475));
#6999 = CIRCLE('',#7000,0.1);
#7000 = AXIS2_PLACEMENT_3D('',#7001,#7002,#7003);
#7001 = CARTESIAN_POINT('',(0.7,-0.2,0.475));
#7002 = DIRECTION('',(-2.22044604925E-16,1.,1.094764425744E-47));
#7003 = DIRECTION('',(1.110223024625E-15,2.465190328815E-31,1.));
#7004 = ORIENTED_EDGE('',*,*,#7005,.F.);
#7005 = EDGE_CURVE('',#7006,#6997,#7008,.T.);
#7006 = VERTEX_POINT('',#7007);
#7007 = CARTESIAN_POINT('',(0.8,0.2,0.475));
#7008 = LINE('',#7009,#7010);
#7009 = CARTESIAN_POINT('',(0.8,0.2,0.475));
#7010 = VECTOR('',#7011,1.);
#7011 = DIRECTION('',(2.22044604925E-16,-1.,0.));
#7012 = ORIENTED_EDGE('',*,*,#7013,.F.);
#7013 = EDGE_CURVE('',#6726,#7006,#7014,.T.);
#7014 = CIRCLE('',#7015,0.1);
#7015 = AXIS2_PLACEMENT_3D('',#7016,#7017,#7018);
#7016 = CARTESIAN_POINT('',(0.7,0.2,0.475));
#7017 = DIRECTION('',(-2.22044604925E-16,1.,1.094764425744E-47));
#7018 = DIRECTION('',(1.110223024625E-15,2.465190328815E-31,1.));
#7019 = CYLINDRICAL_SURFACE('',#7020,0.1);
#7020 = AXIS2_PLACEMENT_3D('',#7021,#7022,#7023);
#7021 = CARTESIAN_POINT('',(0.7,0.2,0.475));
#7022 = DIRECTION('',(-2.22044604925E-16,1.,0.));
#7023 = DIRECTION('',(1.110223024625E-15,2.465190328815E-31,1.));
#7024 = ADVANCED_FACE('',(#7025),#7042,.F.);
#7025 = FACE_BOUND('',#7026,.F.);
#7026 = EDGE_LOOP('',(#7027,#7028,#7035,#7041));
#7027 = ORIENTED_EDGE('',*,*,#6756,.T.);
#7028 = ORIENTED_EDGE('',*,*,#7029,.T.);
#7029 = EDGE_CURVE('',#6750,#7030,#7032,.T.);
#7030 = VERTEX_POINT('',#7031);
#7031 = CARTESIAN_POINT('',(0.605,-1.5,0.725));
#7032 = B_SPLINE_CURVE_WITH_KNOTS('',1,(#7033,#7034),.UNSPECIFIED.,.F.,
  .F.,(2,2),(0.,1.),.PIECEWISE_BEZIER_KNOTS.);
#7033 = CARTESIAN_POINT('',(0.605,-1.5,0.575));
#7034 = CARTESIAN_POINT('',(0.605,-1.5,0.725));
#7035 = ORIENTED_EDGE('',*,*,#7036,.F.);
#7036 = EDGE_CURVE('',#6975,#7030,#7037,.T.);
#7037 = LINE('',#7038,#7039);
#7038 = CARTESIAN_POINT('',(0.7,-1.405,0.725));
#7039 = VECTOR('',#7040,1.);
#7040 = DIRECTION('',(-0.707106781187,-0.707106781187,0.));
#7041 = ORIENTED_EDGE('',*,*,#6974,.F.);
#7042 = PLANE('',#7043);
#7043 = AXIS2_PLACEMENT_3D('',#7044,#7045,#7046);
#7044 = CARTESIAN_POINT('',(0.7,-1.405,0.725));
#7045 = DIRECTION('',(-0.707106781187,0.707106781187,0.));
#7046 = DIRECTION('',(-0.707106781187,-0.707106781187,0.));
#7047 = ADVANCED_FACE('',(#7048),#7065,.F.);
#7048 = FACE_BOUND('',#7049,.F.);
#7049 = EDGE_LOOP('',(#7050,#7051,#7058,#7064));
#7050 = ORIENTED_EDGE('',*,*,#6779,.T.);
#7051 = ORIENTED_EDGE('',*,*,#7052,.T.);
#7052 = EDGE_CURVE('',#6773,#7053,#7055,.T.);
#7053 = VERTEX_POINT('',#7054);
#7054 = CARTESIAN_POINT('',(-0.605,-1.5,0.725));
#7055 = B_SPLINE_CURVE_WITH_KNOTS('',1,(#7056,#7057),.UNSPECIFIED.,.F.,
  .F.,(2,2),(0.,1.),.PIECEWISE_BEZIER_KNOTS.);
#7056 = CARTESIAN_POINT('',(-0.605,-1.5,0.575));
#7057 = CARTESIAN_POINT('',(-0.605,-1.5,0.725));
#7058 = ORIENTED_EDGE('',*,*,#7059,.F.);
#7059 = EDGE_CURVE('',#7030,#7053,#7060,.T.);
#7060 = LINE('',#7061,#7062);
#7061 = CARTESIAN_POINT('',(0.605,-1.5,0.725));
#7062 = VECTOR('',#7063,1.);
#7063 = DIRECTION('',(-1.,-2.22044604925E-16,0.));
#7064 = ORIENTED_EDGE('',*,*,#7029,.F.);
#7065 = PLANE('',#7066);
#7066 = AXIS2_PLACEMENT_3D('',#7067,#7068,#7069);
#7067 = CARTESIAN_POINT('',(0.605,-1.5,0.725));
#7068 = DIRECTION('',(-2.22044604925E-16,1.,0.));
#7069 = DIRECTION('',(-1.,-2.22044604925E-16,0.));
#7070 = ADVANCED_FACE('',(#7071),#7088,.F.);
#7071 = FACE_BOUND('',#7072,.F.);
#7072 = EDGE_LOOP('',(#7073,#7074,#7081,#7087));
#7073 = ORIENTED_EDGE('',*,*,#6802,.T.);
#7074 = ORIENTED_EDGE('',*,*,#7075,.T.);
#7075 = EDGE_CURVE('',#6796,#7076,#7078,.T.);
#7076 = VERTEX_POINT('',#7077);
#7077 = CARTESIAN_POINT('',(-0.7,-1.405,0.725));
#7078 = B_SPLINE_CURVE_WITH_KNOTS('',1,(#7079,#7080),.UNSPECIFIED.,.F.,
  .F.,(2,2),(0.,1.),.PIECEWISE_BEZIER_KNOTS.);
#7079 = CARTESIAN_POINT('',(-0.7,-1.405,0.575));
#7080 = CARTESIAN_POINT('',(-0.7,-1.405,0.725));
#7081 = ORIENTED_EDGE('',*,*,#7082,.F.);
#7082 = EDGE_CURVE('',#7053,#7076,#7083,.T.);
#7083 = LINE('',#7084,#7085);
#7084 = CARTESIAN_POINT('',(-0.605,-1.5,0.725));
#7085 = VECTOR('',#7086,1.);
#7086 = DIRECTION('',(-0.707106781187,0.707106781187,0.));
#7087 = ORIENTED_EDGE('',*,*,#7052,.F.);
#7088 = PLANE('',#7089);
#7089 = AXIS2_PLACEMENT_3D('',#7090,#7091,#7092);
#7090 = CARTESIAN_POINT('',(-0.605,-1.5,0.725));
#7091 = DIRECTION('',(0.707106781187,0.707106781187,0.));
#7092 = DIRECTION('',(-0.707106781187,0.707106781187,0.));
#7093 = ADVANCED_FACE('',(#7094),#7112,.F.);
#7094 = FACE_BOUND('',#7095,.F.);
#7095 = EDGE_LOOP('',(#7096,#7097,#7098,#7106));
#7096 = ORIENTED_EDGE('',*,*,#7075,.F.);
#7097 = ORIENTED_EDGE('',*,*,#6851,.T.);
#7098 = ORIENTED_EDGE('',*,*,#7099,.T.);
#7099 = EDGE_CURVE('',#6844,#7100,#7102,.T.);
#7100 = VERTEX_POINT('',#7101);
#7101 = CARTESIAN_POINT('',(-0.7,-1.15,0.725));
#7102 = LINE('',#7103,#7104);
#7103 = CARTESIAN_POINT('',(-0.7,-1.15,0.525297170697));
#7104 = VECTOR('',#7105,1.);
#7105 = DIRECTION('',(0.,0.,1.));
#7106 = ORIENTED_EDGE('',*,*,#7107,.F.);
#7107 = EDGE_CURVE('',#7076,#7100,#7108,.T.);
#7108 = LINE('',#7109,#7110);
#7109 = CARTESIAN_POINT('',(-0.7,-1.405,0.725));
#7110 = VECTOR('',#7111,1.);
#7111 = DIRECTION('',(-2.22044604925E-16,1.,0.));
#7112 = PLANE('',#7113);
#7113 = AXIS2_PLACEMENT_3D('',#7114,#7115,#7116);
#7114 = CARTESIAN_POINT('',(-0.7,-1.405,0.725));
#7115 = DIRECTION('',(1.,2.22044604925E-16,0.));
#7116 = DIRECTION('',(-2.22044604925E-16,1.,0.));
#7117 = ADVANCED_FACE('',(#7118),#7136,.F.);
#7118 = FACE_BOUND('',#7119,.F.);
#7119 = EDGE_LOOP('',(#7120,#7128,#7129,#7130));
#7120 = ORIENTED_EDGE('',*,*,#7121,.F.);
#7121 = EDGE_CURVE('',#6820,#7122,#7124,.T.);
#7122 = VERTEX_POINT('',#7123);
#7123 = CARTESIAN_POINT('',(-0.7,1.15,0.725));
#7124 = LINE('',#7125,#7126);
#7125 = CARTESIAN_POINT('',(-0.7,1.15,0.525297170697));
#7126 = VECTOR('',#7127,1.);
#7127 = DIRECTION('',(0.,0.,1.));
#7128 = ORIENTED_EDGE('',*,*,#6819,.T.);
#7129 = ORIENTED_EDGE('',*,*,#6928,.T.);
#7130 = ORIENTED_EDGE('',*,*,#7131,.F.);
#7131 = EDGE_CURVE('',#7122,#6921,#7132,.T.);
#7132 = LINE('',#7133,#7134);
#7133 = CARTESIAN_POINT('',(-0.7,-1.405,0.725));
#7134 = VECTOR('',#7135,1.);
#7135 = DIRECTION('',(-2.22044604925E-16,1.,0.));
#7136 = PLANE('',#7137);
#7137 = AXIS2_PLACEMENT_3D('',#7138,#7139,#7140);
#7138 = CARTESIAN_POINT('',(-0.7,-1.405,0.725));
#7139 = DIRECTION('',(1.,2.22044604925E-16,0.));
#7140 = DIRECTION('',(-2.22044604925E-16,1.,0.));
#7141 = ADVANCED_FACE('',(#7142),#7169,.F.);
#7142 = FACE_BOUND('',#7143,.F.);
#7143 = EDGE_LOOP('',(#7144,#7145,#7154,#7162));
#7144 = ORIENTED_EDGE('',*,*,#6843,.T.);
#7145 = ORIENTED_EDGE('',*,*,#7146,.T.);
#7146 = EDGE_CURVE('',#6836,#7147,#7149,.T.);
#7147 = VERTEX_POINT('',#7148);
#7148 = CARTESIAN_POINT('',(-0.8,-0.75,0.475));
#7149 = CIRCLE('',#7150,0.1);
#7150 = AXIS2_PLACEMENT_3D('',#7151,#7152,#7153);
#7151 = CARTESIAN_POINT('',(-0.7,-0.75,0.475));
#7152 = DIRECTION('',(9.95799250103E-17,-1.,-3.664476801359E-48));
#7153 = DIRECTION('',(-1.110223024625E-15,-1.105559255369E-31,1.));
#7154 = ORIENTED_EDGE('',*,*,#7155,.F.);
#7155 = EDGE_CURVE('',#7156,#7147,#7158,.T.);
#7156 = VERTEX_POINT('',#7157);
#7157 = CARTESIAN_POINT('',(-0.8,-1.15,0.475));
#7158 = LINE('',#7159,#7160);
#7159 = CARTESIAN_POINT('',(-0.8,-1.15,0.475));
#7160 = VECTOR('',#7161,1.);
#7161 = DIRECTION('',(-9.95799250103E-17,1.,0.));
#7162 = ORIENTED_EDGE('',*,*,#7163,.F.);
#7163 = EDGE_CURVE('',#6844,#7156,#7164,.T.);
#7164 = CIRCLE('',#7165,0.1);
#7165 = AXIS2_PLACEMENT_3D('',#7166,#7167,#7168);
#7166 = CARTESIAN_POINT('',(-0.7,-1.15,0.475));
#7167 = DIRECTION('',(9.95799250103E-17,-1.,-3.664476801359E-48));
#7168 = DIRECTION('',(-1.110223024625E-15,-1.105559255369E-31,1.));
#7169 = CYLINDRICAL_SURFACE('',#7170,0.1);
#7170 = AXIS2_PLACEMENT_3D('',#7171,#7172,#7173);
#7171 = CARTESIAN_POINT('',(-0.7,-1.15,0.475));
#7172 = DIRECTION('',(9.95799250103E-17,-1.,0.));
#7173 = DIRECTION('',(-1.110223024625E-15,-1.105559255369E-31,1.));
#7174 = ADVANCED_FACE('',(#7175),#7202,.F.);
#7175 = FACE_BOUND('',#7176,.F.);
#7176 = EDGE_LOOP('',(#7177,#7178,#7187,#7195));
#7177 = ORIENTED_EDGE('',*,*,#6827,.T.);
#7178 = ORIENTED_EDGE('',*,*,#7179,.T.);
#7179 = EDGE_CURVE('',#6820,#7180,#7182,.T.);
#7180 = VERTEX_POINT('',#7181);
#7181 = CARTESIAN_POINT('',(-0.8,1.15,0.475));
#7182 = CIRCLE('',#7183,0.1);
#7183 = AXIS2_PLACEMENT_3D('',#7184,#7185,#7186);
#7184 = CARTESIAN_POINT('',(-0.7,1.15,0.475));
#7185 = DIRECTION('',(9.95799250103E-17,-1.,-3.664476801359E-48));
#7186 = DIRECTION('',(-1.110223024625E-15,-1.105559255369E-31,1.));
#7187 = ORIENTED_EDGE('',*,*,#7188,.F.);
#7188 = EDGE_CURVE('',#7189,#7180,#7191,.T.);
#7189 = VERTEX_POINT('',#7190);
#7190 = CARTESIAN_POINT('',(-0.8,0.75,0.475));
#7191 = LINE('',#7192,#7193);
#7192 = CARTESIAN_POINT('',(-0.8,0.75,0.475));
#7193 = VECTOR('',#7194,1.);
#7194 = DIRECTION('',(-9.95799250103E-17,1.,0.));
#7195 = ORIENTED_EDGE('',*,*,#7196,.F.);
#7196 = EDGE_CURVE('',#6828,#7189,#7197,.T.);
#7197 = CIRCLE('',#7198,0.1);
#7198 = AXIS2_PLACEMENT_3D('',#7199,#7200,#7201);
#7199 = CARTESIAN_POINT('',(-0.7,0.75,0.475));
#7200 = DIRECTION('',(9.95799250103E-17,-1.,-3.664476801359E-48));
#7201 = DIRECTION('',(-1.110223024625E-15,-1.105559255369E-31,1.));
#7202 = CYLINDRICAL_SURFACE('',#7203,0.1);
#7203 = AXIS2_PLACEMENT_3D('',#7204,#7205,#7206);
#7204 = CARTESIAN_POINT('',(-0.7,0.75,0.475));
#7205 = DIRECTION('',(9.95799250103E-17,-1.,0.));
#7206 = DIRECTION('',(-1.110223024625E-15,-1.105559255369E-31,1.));
#7207 = ADVANCED_FACE('',(#7208),#7233,.F.);
#7208 = FACE_BOUND('',#7209,.F.);
#7209 = EDGE_LOOP('',(#7210,#7218,#7219,#7227));
#7210 = ORIENTED_EDGE('',*,*,#7211,.F.);
#7211 = EDGE_CURVE('',#6836,#7212,#7214,.T.);
#7212 = VERTEX_POINT('',#7213);
#7213 = CARTESIAN_POINT('',(-0.7,-0.75,0.725));
#7214 = LINE('',#7215,#7216);
#7215 = CARTESIAN_POINT('',(-0.7,-0.75,0.525297170697));
#7216 = VECTOR('',#7217,1.);
#7217 = DIRECTION('',(0.,0.,1.));
#7218 = ORIENTED_EDGE('',*,*,#6835,.T.);
#7219 = ORIENTED_EDGE('',*,*,#7220,.T.);
#7220 = EDGE_CURVE('',#6828,#7221,#7223,.T.);
#7221 = VERTEX_POINT('',#7222);
#7222 = CARTESIAN_POINT('',(-0.7,0.75,0.725));
#7223 = LINE('',#7224,#7225);
#7224 = CARTESIAN_POINT('',(-0.7,0.75,0.525297170697));
#7225 = VECTOR('',#7226,1.);
#7226 = DIRECTION('',(0.,0.,1.));
#7227 = ORIENTED_EDGE('',*,*,#7228,.F.);
#7228 = EDGE_CURVE('',#7212,#7221,#7229,.T.);
#7229 = LINE('',#7230,#7231);
#7230 = CARTESIAN_POINT('',(-0.7,-1.405,0.725));
#7231 = VECTOR('',#7232,1.);
#7232 = DIRECTION('',(-2.22044604925E-16,1.,0.));
#7233 = PLANE('',#7234);
#7234 = AXIS2_PLACEMENT_3D('',#7235,#7236,#7237);
#7235 = CARTESIAN_POINT('',(-0.7,-1.405,0.725));
#7236 = DIRECTION('',(1.,2.22044604925E-16,0.));
#7237 = DIRECTION('',(-2.22044604925E-16,1.,0.));
#7238 = ADVANCED_FACE('',(#7239),#7256,.F.);
#7239 = FACE_BOUND('',#7240,.F.);
#7240 = EDGE_LOOP('',(#7241,#7242,#7249,#7255));
#7241 = ORIENTED_EDGE('',*,*,#6874,.T.);
#7242 = ORIENTED_EDGE('',*,*,#7243,.T.);
#7243 = EDGE_CURVE('',#6868,#7244,#7246,.T.);
#7244 = VERTEX_POINT('',#7245);
#7245 = CARTESIAN_POINT('',(0.675,1.3925,0.725));
#7246 = B_SPLINE_CURVE_WITH_KNOTS('',1,(#7247,#7248),.UNSPECIFIED.,.F.,
  .F.,(2,2),(0.,1.),.PIECEWISE_BEZIER_KNOTS.);
#7247 = CARTESIAN_POINT('',(0.7,1.405,0.725));
#7248 = CARTESIAN_POINT('',(0.675,1.3925,0.725));
#7249 = ORIENTED_EDGE('',*,*,#7250,.F.);
#7250 = EDGE_CURVE('',#6891,#7244,#7251,.T.);
#7251 = LINE('',#7252,#7253);
#7252 = CARTESIAN_POINT('',(0.5925,1.475,0.725));
#7253 = VECTOR('',#7254,1.);
#7254 = DIRECTION('',(0.707106781187,-0.707106781187,0.));
#7255 = ORIENTED_EDGE('',*,*,#6890,.F.);
#7256 = B_SPLINE_SURFACE_WITH_KNOTS('',1,1,(
    (#7257,#7258)
    ,(#7259,#7260
    )),.UNSPECIFIED.,.F.,.F.,.F.,(2,2),(2,2),(0.,0.134350288425),(0.,1.)
  ,.PIECEWISE_BEZIER_KNOTS.);
#7257 = CARTESIAN_POINT('',(0.605,1.5,0.725));
#7258 = CARTESIAN_POINT('',(0.5925,1.475,0.725));
#7259 = CARTESIAN_POINT('',(0.7,1.405,0.725));
#7260 = CARTESIAN_POINT('',(0.675,1.3925,0.725));
#7261 = ADVANCED_FACE('',(#7262),#7285,.F.);
#7262 = FACE_BOUND('',#7263,.F.);
#7263 = EDGE_LOOP('',(#7264,#7265,#7272,#7280));
#7264 = ORIENTED_EDGE('',*,*,#6897,.T.);
#7265 = ORIENTED_EDGE('',*,*,#7266,.T.);
#7266 = EDGE_CURVE('',#6891,#7267,#7269,.T.);
#7267 = VERTEX_POINT('',#7268);
#7268 = CARTESIAN_POINT('',(0.559121551758,1.408243103516,1.2));
#7269 = B_SPLINE_CURVE_WITH_KNOTS('',1,(#7270,#7271),.UNSPECIFIED.,.F.,
  .F.,(2,2),(0.,1.),.PIECEWISE_BEZIER_KNOTS.);
#7270 = CARTESIAN_POINT('',(0.5925,1.475,0.725));
#7271 = CARTESIAN_POINT('',(0.559121551758,1.408243103516,1.2));
#7272 = ORIENTED_EDGE('',*,*,#7273,.F.);
#7273 = EDGE_CURVE('',#7274,#7267,#7276,.T.);
#7274 = VERTEX_POINT('',#7275);
#7275 = CARTESIAN_POINT('',(-0.559121551758,1.408243103516,1.2));
#7276 = LINE('',#7277,#7278);
#7277 = CARTESIAN_POINT('',(-0.559121551758,1.408243103516,1.2));
#7278 = VECTOR('',#7279,1.);
#7279 = DIRECTION('',(1.,2.22044604925E-16,0.));
#7280 = ORIENTED_EDGE('',*,*,#7281,.F.);
#7281 = EDGE_CURVE('',#6898,#7274,#7282,.T.);
#7282 = B_SPLINE_CURVE_WITH_KNOTS('',1,(#7283,#7284),.UNSPECIFIED.,.F.,
  .F.,(2,2),(0.,1.),.PIECEWISE_BEZIER_KNOTS.);
#7283 = CARTESIAN_POINT('',(-0.5925,1.475,0.725));
#7284 = CARTESIAN_POINT('',(-0.559121551758,1.408243103516,1.2));
#7285 = B_SPLINE_SURFACE_WITH_KNOTS('',1,1,(
    (#7286,#7287)
    ,(#7288,#7289
    )),.UNSPECIFIED.,.F.,.F.,.F.,(2,2),(2,2),(0.,1.185),(0.,1.),
  .PIECEWISE_BEZIER_KNOTS.);
#7286 = CARTESIAN_POINT('',(-0.5925,1.475,0.725));
#7287 = CARTESIAN_POINT('',(-0.559121551758,1.408243103516,1.2));
#7288 = CARTESIAN_POINT('',(0.5925,1.475,0.725));
#7289 = CARTESIAN_POINT('',(0.559121551758,1.408243103516,1.2));
#7290 = ADVANCED_FACE('',(#7291),#7308,.F.);
#7291 = FACE_BOUND('',#7292,.F.);
#7292 = EDGE_LOOP('',(#7293,#7294,#7295,#7303));
#7293 = ORIENTED_EDGE('',*,*,#6920,.T.);
#7294 = ORIENTED_EDGE('',*,*,#6905,.T.);
#7295 = ORIENTED_EDGE('',*,*,#7296,.F.);
#7296 = EDGE_CURVE('',#7297,#6898,#7299,.T.);
#7297 = VERTEX_POINT('',#7298);
#7298 = CARTESIAN_POINT('',(-0.675,1.3925,0.725));
#7299 = LINE('',#7300,#7301);
#7300 = CARTESIAN_POINT('',(-0.675,1.3925,0.725));
#7301 = VECTOR('',#7302,1.);
#7302 = DIRECTION('',(0.707106781187,0.707106781187,0.));
#7303 = ORIENTED_EDGE('',*,*,#7304,.F.);
#7304 = EDGE_CURVE('',#6921,#7297,#7305,.T.);
#7305 = B_SPLINE_CURVE_WITH_KNOTS('',1,(#7306,#7307),.UNSPECIFIED.,.F.,
  .F.,(2,2),(0.,1.),.PIECEWISE_BEZIER_KNOTS.);
#7306 = CARTESIAN_POINT('',(-0.7,1.405,0.725));
#7307 = CARTESIAN_POINT('',(-0.675,1.3925,0.725));
#7308 = B_SPLINE_SURFACE_WITH_KNOTS('',1,1,(
    (#7309,#7310)
    ,(#7311,#7312
    )),.UNSPECIFIED.,.F.,.F.,.F.,(2,2),(2,2),(0.,0.134350288425),(0.,1.)
  ,.PIECEWISE_BEZIER_KNOTS.);
#7309 = CARTESIAN_POINT('',(-0.7,1.405,0.725));
#7310 = CARTESIAN_POINT('',(-0.675,1.3925,0.725));
#7311 = CARTESIAN_POINT('',(-0.605,1.5,0.725));
#7312 = CARTESIAN_POINT('',(-0.5925,1.475,0.725));
#7313 = ADVANCED_FACE('',(#7314),#7332,.F.);
#7314 = FACE_BOUND('',#7315,.F.);
#7315 = EDGE_LOOP('',(#7316,#7317,#7318,#7326));
#7316 = ORIENTED_EDGE('',*,*,#7243,.F.);
#7317 = ORIENTED_EDGE('',*,*,#6951,.T.);
#7318 = ORIENTED_EDGE('',*,*,#7319,.T.);
#7319 = EDGE_CURVE('',#6944,#7320,#7322,.T.);
#7320 = VERTEX_POINT('',#7321);
#7321 = CARTESIAN_POINT('',(0.675,0.2,0.725));
#7322 = LINE('',#7323,#7324);
#7323 = CARTESIAN_POINT('',(0.7,0.2,0.725));
#7324 = VECTOR('',#7325,1.);
#7325 = DIRECTION('',(-1.,-2.22044604925E-16,0.));
#7326 = ORIENTED_EDGE('',*,*,#7327,.F.);
#7327 = EDGE_CURVE('',#7244,#7320,#7328,.T.);
#7328 = LINE('',#7329,#7330);
#7329 = CARTESIAN_POINT('',(0.675,1.3925,0.725));
#7330 = VECTOR('',#7331,1.);
#7331 = DIRECTION('',(2.22044604925E-16,-1.,0.));
#7332 = B_SPLINE_SURFACE_WITH_KNOTS('',1,1,(
    (#7333,#7334)
    ,(#7335,#7336
    )),.UNSPECIFIED.,.F.,.F.,.F.,(2,2),(2,2),(0.,2.81),(0.,1.),
  .PIECEWISE_BEZIER_KNOTS.);
#7333 = CARTESIAN_POINT('',(0.7,1.405,0.725));
#7334 = CARTESIAN_POINT('',(0.675,1.3925,0.725));
#7335 = CARTESIAN_POINT('',(0.7,-1.405,0.725));
#7336 = CARTESIAN_POINT('',(0.675,-1.3925,0.725));
#7337 = ADVANCED_FACE('',(#7338),#7407,.F.);
#7338 = FACE_BOUND('',#7339,.F.);
#7339 = EDGE_LOOP('',(#7340,#7341,#7342,#7350,#7359,#7367,#7375,#7383,
    #7392,#7400));
#7340 = ORIENTED_EDGE('',*,*,#6943,.F.);
#7341 = ORIENTED_EDGE('',*,*,#7013,.T.);
#7342 = ORIENTED_EDGE('',*,*,#7343,.T.);
#7343 = EDGE_CURVE('',#7006,#7344,#7346,.T.);
#7344 = VERTEX_POINT('',#7345);
#7345 = CARTESIAN_POINT('',(0.8,0.2,0.25));
#7346 = LINE('',#7347,#7348);
#7347 = CARTESIAN_POINT('',(0.8,0.2,0.475));
#7348 = VECTOR('',#7349,1.);
#7349 = DIRECTION('',(0.,0.,-1.));
#7350 = ORIENTED_EDGE('',*,*,#7351,.T.);
#7351 = EDGE_CURVE('',#7344,#7352,#7354,.T.);
#7352 = VERTEX_POINT('',#7353);
#7353 = CARTESIAN_POINT('',(1.05,0.2,0.));
#7354 = CIRCLE('',#7355,0.25);
#7355 = AXIS2_PLACEMENT_3D('',#7356,#7357,#7358);
#7356 = CARTESIAN_POINT('',(1.05,0.2,0.25));
#7357 = DIRECTION('',(2.22044604925E-16,-1.,0.));
#7358 = DIRECTION('',(-1.,-2.22044604925E-16,-4.440892098501E-16));
#7359 = ORIENTED_EDGE('',*,*,#7360,.T.);
#7360 = EDGE_CURVE('',#7352,#7361,#7363,.T.);
#7361 = VERTEX_POINT('',#7362);
#7362 = CARTESIAN_POINT('',(1.25,0.2,0.));
#7363 = LINE('',#7364,#7365);
#7364 = CARTESIAN_POINT('',(1.05,0.2,0.));
#7365 = VECTOR('',#7366,1.);
#7366 = DIRECTION('',(1.,2.22044604925E-16,0.));
#7367 = ORIENTED_EDGE('',*,*,#7368,.T.);
#7368 = EDGE_CURVE('',#7361,#7369,#7371,.T.);
#7369 = VERTEX_POINT('',#7370);
#7370 = CARTESIAN_POINT('',(1.25,0.2,0.15));
#7371 = LINE('',#7372,#7373);
#7372 = CARTESIAN_POINT('',(1.25,0.2,0.));
#7373 = VECTOR('',#7374,1.);
#7374 = DIRECTION('',(0.,0.,1.));
#7375 = ORIENTED_EDGE('',*,*,#7376,.T.);
#7376 = EDGE_CURVE('',#7369,#7377,#7379,.T.);
#7377 = VERTEX_POINT('',#7378);
#7378 = CARTESIAN_POINT('',(1.05,0.2,0.15));
#7379 = LINE('',#7380,#7381);
#7380 = CARTESIAN_POINT('',(1.25,0.2,0.15));
#7381 = VECTOR('',#7382,1.);
#7382 = DIRECTION('',(-1.,-2.22044604925E-16,0.));
#7383 = ORIENTED_EDGE('',*,*,#7384,.T.);
#7384 = EDGE_CURVE('',#7377,#7385,#7387,.T.);
#7385 = VERTEX_POINT('',#7386);
#7386 = CARTESIAN_POINT('',(0.95,0.2,0.25));
#7387 = CIRCLE('',#7388,0.1);
#7388 = AXIS2_PLACEMENT_3D('',#7389,#7390,#7391);
#7389 = CARTESIAN_POINT('',(1.05,0.2,0.25));
#7390 = DIRECTION('',(-2.22044604925E-16,1.,2.189528851488E-47));
#7391 = DIRECTION('',(-2.22044604925E-15,-4.93038065763E-31,-1.));
#7392 = ORIENTED_EDGE('',*,*,#7393,.T.);
#7393 = EDGE_CURVE('',#7385,#7394,#7396,.T.);
#7394 = VERTEX_POINT('',#7395);
#7395 = CARTESIAN_POINT('',(0.95,0.2,0.475));
#7396 = LINE('',#7397,#7398);
#7397 = CARTESIAN_POINT('',(0.95,0.2,0.25));
#7398 = VECTOR('',#7399,1.);
#7399 = DIRECTION('',(0.,0.,1.));
#7400 = ORIENTED_EDGE('',*,*,#7401,.T.);
#7401 = EDGE_CURVE('',#7394,#6944,#7402,.T.);
#7402 = CIRCLE('',#7403,0.25);
#7403 = AXIS2_PLACEMENT_3D('',#7404,#7405,#7406);
#7404 = CARTESIAN_POINT('',(0.7,0.2,0.475));
#7405 = DIRECTION('',(2.22044604925E-16,-1.,0.));
#7406 = DIRECTION('',(1.,2.22044604925E-16,0.));
#7407 = PLANE('',#7408);
#7408 = AXIS2_PLACEMENT_3D('',#7409,#7410,#7411);
#7409 = CARTESIAN_POINT('',(0.923137815574,0.2,0.325594341393));
#7410 = DIRECTION('',(2.22044604925E-16,-1.,0.));
#7411 = DIRECTION('',(0.,0.,1.));
#7412 = ADVANCED_FACE('',(#7413),#7482,.T.);
#7413 = FACE_BOUND('',#7414,.T.);
#7414 = EDGE_LOOP('',(#7415,#7416,#7417,#7425,#7434,#7442,#7450,#7458,
    #7467,#7475));
#7415 = ORIENTED_EDGE('',*,*,#6965,.F.);
#7416 = ORIENTED_EDGE('',*,*,#6996,.T.);
#7417 = ORIENTED_EDGE('',*,*,#7418,.T.);
#7418 = EDGE_CURVE('',#6997,#7419,#7421,.T.);
#7419 = VERTEX_POINT('',#7420);
#7420 = CARTESIAN_POINT('',(0.8,-0.2,0.25));
#7421 = LINE('',#7422,#7423);
#7422 = CARTESIAN_POINT('',(0.8,-0.2,0.475));
#7423 = VECTOR('',#7424,1.);
#7424 = DIRECTION('',(0.,0.,-1.));
#7425 = ORIENTED_EDGE('',*,*,#7426,.T.);
#7426 = EDGE_CURVE('',#7419,#7427,#7429,.T.);
#7427 = VERTEX_POINT('',#7428);
#7428 = CARTESIAN_POINT('',(1.05,-0.2,0.));
#7429 = CIRCLE('',#7430,0.25);
#7430 = AXIS2_PLACEMENT_3D('',#7431,#7432,#7433);
#7431 = CARTESIAN_POINT('',(1.05,-0.2,0.25));
#7432 = DIRECTION('',(2.22044604925E-16,-1.,0.));
#7433 = DIRECTION('',(-1.,-2.22044604925E-16,-4.440892098501E-16));
#7434 = ORIENTED_EDGE('',*,*,#7435,.T.);
#7435 = EDGE_CURVE('',#7427,#7436,#7438,.T.);
#7436 = VERTEX_POINT('',#7437);
#7437 = CARTESIAN_POINT('',(1.25,-0.2,0.));
#7438 = LINE('',#7439,#7440);
#7439 = CARTESIAN_POINT('',(1.05,-0.2,0.));
#7440 = VECTOR('',#7441,1.);
#7441 = DIRECTION('',(1.,2.22044604925E-16,0.));
#7442 = ORIENTED_EDGE('',*,*,#7443,.T.);
#7443 = EDGE_CURVE('',#7436,#7444,#7446,.T.);
#7444 = VERTEX_POINT('',#7445);
#7445 = CARTESIAN_POINT('',(1.25,-0.2,0.15));
#7446 = LINE('',#7447,#7448);
#7447 = CARTESIAN_POINT('',(1.25,-0.2,0.));
#7448 = VECTOR('',#7449,1.);
#7449 = DIRECTION('',(0.,0.,1.));
#7450 = ORIENTED_EDGE('',*,*,#7451,.T.);
#7451 = EDGE_CURVE('',#7444,#7452,#7454,.T.);
#7452 = VERTEX_POINT('',#7453);
#7453 = CARTESIAN_POINT('',(1.05,-0.2,0.15));
#7454 = LINE('',#7455,#7456);
#7455 = CARTESIAN_POINT('',(1.25,-0.2,0.15));
#7456 = VECTOR('',#7457,1.);
#7457 = DIRECTION('',(-1.,-2.22044604925E-16,0.));
#7458 = ORIENTED_EDGE('',*,*,#7459,.T.);
#7459 = EDGE_CURVE('',#7452,#7460,#7462,.T.);
#7460 = VERTEX_POINT('',#7461);
#7461 = CARTESIAN_POINT('',(0.95,-0.2,0.25));
#7462 = CIRCLE('',#7463,0.1);
#7463 = AXIS2_PLACEMENT_3D('',#7464,#7465,#7466);
#7464 = CARTESIAN_POINT('',(1.05,-0.2,0.25));
#7465 = DIRECTION('',(-2.22044604925E-16,1.,2.189528851488E-47));
#7466 = DIRECTION('',(-2.22044604925E-15,-4.93038065763E-31,-1.));
#7467 = ORIENTED_EDGE('',*,*,#7468,.T.);
#7468 = EDGE_CURVE('',#7460,#7469,#7471,.T.);
#7469 = VERTEX_POINT('',#7470);
#7470 = CARTESIAN_POINT('',(0.95,-0.2,0.475));
#7471 = LINE('',#7472,#7473);
#7472 = CARTESIAN_POINT('',(0.95,-0.2,0.25));
#7473 = VECTOR('',#7474,1.);
#7474 = DIRECTION('',(0.,0.,1.));
#7475 = ORIENTED_EDGE('',*,*,#7476,.T.);
#7476 = EDGE_CURVE('',#7469,#6966,#7477,.T.);
#7477 = CIRCLE('',#7478,0.25);
#7478 = AXIS2_PLACEMENT_3D('',#7479,#7480,#7481);
#7479 = CARTESIAN_POINT('',(0.7,-0.2,0.475));
#7480 = DIRECTION('',(2.22044604925E-16,-1.,0.));
#7481 = DIRECTION('',(1.,2.22044604925E-16,0.));
#7482 = PLANE('',#7483);
#7483 = AXIS2_PLACEMENT_3D('',#7484,#7485,#7486);
#7484 = CARTESIAN_POINT('',(0.923137815574,-0.2,0.325594341393));
#7485 = DIRECTION('',(2.22044604925E-16,-1.,0.));
#7486 = DIRECTION('',(0.,0.,1.));
#7487 = ADVANCED_FACE('',(#7488),#7512,.F.);
#7488 = FACE_BOUND('',#7489,.F.);
#7489 = EDGE_LOOP('',(#7490,#7498,#7499,#7506));
#7490 = ORIENTED_EDGE('',*,*,#7491,.F.);
#7491 = EDGE_CURVE('',#6966,#7492,#7494,.T.);
#7492 = VERTEX_POINT('',#7493);
#7493 = CARTESIAN_POINT('',(0.675,-0.2,0.725));
#7494 = LINE('',#7495,#7496);
#7495 = CARTESIAN_POINT('',(0.7,-0.2,0.725));
#7496 = VECTOR('',#7497,1.);
#7497 = DIRECTION('',(-1.,-2.22044604925E-16,0.));
#7498 = ORIENTED_EDGE('',*,*,#6981,.T.);
#7499 = ORIENTED_EDGE('',*,*,#7500,.T.);
#7500 = EDGE_CURVE('',#6975,#7501,#7503,.T.);
#7501 = VERTEX_POINT('',#7502);
#7502 = CARTESIAN_POINT('',(0.675,-1.3925,0.725));
#7503 = B_SPLINE_CURVE_WITH_KNOTS('',1,(#7504,#7505),.UNSPECIFIED.,.F.,
  .F.,(2,2),(0.,1.),.PIECEWISE_BEZIER_KNOTS.);
#7504 = CARTESIAN_POINT('',(0.7,-1.405,0.725));
#7505 = CARTESIAN_POINT('',(0.675,-1.3925,0.725));
#7506 = ORIENTED_EDGE('',*,*,#7507,.F.);
#7507 = EDGE_CURVE('',#7492,#7501,#7508,.T.);
#7508 = LINE('',#7509,#7510);
#7509 = CARTESIAN_POINT('',(0.675,1.3925,0.725));
#7510 = VECTOR('',#7511,1.);
#7511 = DIRECTION('',(2.22044604925E-16,-1.,0.));
#7512 = B_SPLINE_SURFACE_WITH_KNOTS('',1,1,(
    (#7513,#7514)
    ,(#7515,#7516
    )),.UNSPECIFIED.,.F.,.F.,.F.,(2,2),(2,2),(0.,2.81),(0.,1.),
  .PIECEWISE_BEZIER_KNOTS.);
#7513 = CARTESIAN_POINT('',(0.7,1.405,0.725));
#7514 = CARTESIAN_POINT('',(0.675,1.3925,0.725));
#7515 = CARTESIAN_POINT('',(0.7,-1.405,0.725));
#7516 = CARTESIAN_POINT('',(0.675,-1.3925,0.725));
#7517 = ADVANCED_FACE('',(#7518),#7529,.F.);
#7518 = FACE_BOUND('',#7519,.F.);
#7519 = EDGE_LOOP('',(#7520,#7521,#7522,#7528));
#7520 = ORIENTED_EDGE('',*,*,#7005,.T.);
#7521 = ORIENTED_EDGE('',*,*,#7418,.T.);
#7522 = ORIENTED_EDGE('',*,*,#7523,.F.);
#7523 = EDGE_CURVE('',#7344,#7419,#7524,.T.);
#7524 = LINE('',#7525,#7526);
#7525 = CARTESIAN_POINT('',(0.8,0.2,0.25));
#7526 = VECTOR('',#7527,1.);
#7527 = DIRECTION('',(2.22044604925E-16,-1.,0.));
#7528 = ORIENTED_EDGE('',*,*,#7343,.F.);
#7529 = PLANE('',#7530);
#7530 = AXIS2_PLACEMENT_3D('',#7531,#7532,#7533);
#7531 = CARTESIAN_POINT('',(0.8,0.2,0.475));
#7532 = DIRECTION('',(1.,2.22044604925E-16,0.));
#7533 = DIRECTION('',(0.,0.,-1.));
#7534 = ADVANCED_FACE('',(#7535),#7552,.F.);
#7535 = FACE_BOUND('',#7536,.F.);
#7536 = EDGE_LOOP('',(#7537,#7538,#7545,#7551));
#7537 = ORIENTED_EDGE('',*,*,#7036,.T.);
#7538 = ORIENTED_EDGE('',*,*,#7539,.T.);
#7539 = EDGE_CURVE('',#7030,#7540,#7542,.T.);
#7540 = VERTEX_POINT('',#7541);
#7541 = CARTESIAN_POINT('',(0.5925,-1.475,0.725));
#7542 = B_SPLINE_CURVE_WITH_KNOTS('',1,(#7543,#7544),.UNSPECIFIED.,.F.,
  .F.,(2,2),(0.,1.),.PIECEWISE_BEZIER_KNOTS.);
#7543 = CARTESIAN_POINT('',(0.605,-1.5,0.725));
#7544 = CARTESIAN_POINT('',(0.5925,-1.475,0.725));
#7545 = ORIENTED_EDGE('',*,*,#7546,.F.);
#7546 = EDGE_CURVE('',#7501,#7540,#7547,.T.);
#7547 = LINE('',#7548,#7549);
#7548 = CARTESIAN_POINT('',(0.675,-1.3925,0.725));
#7549 = VECTOR('',#7550,1.);
#7550 = DIRECTION('',(-0.707106781187,-0.707106781187,0.));
#7551 = ORIENTED_EDGE('',*,*,#7500,.F.);
#7552 = B_SPLINE_SURFACE_WITH_KNOTS('',1,1,(
    (#7553,#7554)
    ,(#7555,#7556
    )),.UNSPECIFIED.,.F.,.F.,.F.,(2,2),(2,2),(0.,0.134350288425),(0.,1.)
  ,.PIECEWISE_BEZIER_KNOTS.);
#7553 = CARTESIAN_POINT('',(0.7,-1.405,0.725));
#7554 = CARTESIAN_POINT('',(0.675,-1.3925,0.725));
#7555 = CARTESIAN_POINT('',(0.605,-1.5,0.725));
#7556 = CARTESIAN_POINT('',(0.5925,-1.475,0.725));
#7557 = ADVANCED_FACE('',(#7558),#7575,.F.);
#7558 = FACE_BOUND('',#7559,.F.);
#7559 = EDGE_LOOP('',(#7560,#7561,#7568,#7574));
#7560 = ORIENTED_EDGE('',*,*,#7059,.T.);
#7561 = ORIENTED_EDGE('',*,*,#7562,.T.);
#7562 = EDGE_CURVE('',#7053,#7563,#7565,.T.);
#7563 = VERTEX_POINT('',#7564);
#7564 = CARTESIAN_POINT('',(-0.5925,-1.475,0.725));
#7565 = B_SPLINE_CURVE_WITH_KNOTS('',1,(#7566,#7567),.UNSPECIFIED.,.F.,
  .F.,(2,2),(0.,1.),.PIECEWISE_BEZIER_KNOTS.);
#7566 = CARTESIAN_POINT('',(-0.605,-1.5,0.725));
#7567 = CARTESIAN_POINT('',(-0.5925,-1.475,0.725));
#7568 = ORIENTED_EDGE('',*,*,#7569,.F.);
#7569 = EDGE_CURVE('',#7540,#7563,#7570,.T.);
#7570 = LINE('',#7571,#7572);
#7571 = CARTESIAN_POINT('',(0.5925,-1.475,0.725));
#7572 = VECTOR('',#7573,1.);
#7573 = DIRECTION('',(-1.,-2.22044604925E-16,0.));
#7574 = ORIENTED_EDGE('',*,*,#7539,.F.);
#7575 = B_SPLINE_SURFACE_WITH_KNOTS('',1,1,(
    (#7576,#7577)
    ,(#7578,#7579
    )),.UNSPECIFIED.,.F.,.F.,.F.,(2,2),(2,2),(0.,1.21),(0.,1.),
  .PIECEWISE_BEZIER_KNOTS.);
#7576 = CARTESIAN_POINT('',(0.605,-1.5,0.725));
#7577 = CARTESIAN_POINT('',(0.5925,-1.475,0.725));
#7578 = CARTESIAN_POINT('',(-0.605,-1.5,0.725));
#7579 = CARTESIAN_POINT('',(-0.5925,-1.475,0.725));
#7580 = ADVANCED_FACE('',(#7581),#7598,.F.);
#7581 = FACE_BOUND('',#7582,.F.);
#7582 = EDGE_LOOP('',(#7583,#7584,#7591,#7597));
#7583 = ORIENTED_EDGE('',*,*,#7082,.T.);
#7584 = ORIENTED_EDGE('',*,*,#7585,.T.);
#7585 = EDGE_CURVE('',#7076,#7586,#7588,.T.);
#7586 = VERTEX_POINT('',#7587);
#7587 = CARTESIAN_POINT('',(-0.675,-1.3925,0.725));
#7588 = B_SPLINE_CURVE_WITH_KNOTS('',1,(#7589,#7590),.UNSPECIFIED.,.F.,
  .F.,(2,2),(0.,1.),.PIECEWISE_BEZIER_KNOTS.);
#7589 = CARTESIAN_POINT('',(-0.7,-1.405,0.725));
#7590 = CARTESIAN_POINT('',(-0.675,-1.3925,0.725));
#7591 = ORIENTED_EDGE('',*,*,#7592,.F.);
#7592 = EDGE_CURVE('',#7563,#7586,#7593,.T.);
#7593 = LINE('',#7594,#7595);
#7594 = CARTESIAN_POINT('',(-0.5925,-1.475,0.725));
#7595 = VECTOR('',#7596,1.);
#7596 = DIRECTION('',(-0.707106781187,0.707106781187,0.));
#7597 = ORIENTED_EDGE('',*,*,#7562,.F.);
#7598 = B_SPLINE_SURFACE_WITH_KNOTS('',1,1,(
    (#7599,#7600)
    ,(#7601,#7602
    )),.UNSPECIFIED.,.F.,.F.,.F.,(2,2),(2,2),(0.,0.134350288425),(0.,1.)
  ,.PIECEWISE_BEZIER_KNOTS.);
#7599 = CARTESIAN_POINT('',(-0.605,-1.5,0.725));
#7600 = CARTESIAN_POINT('',(-0.5925,-1.475,0.725));
#7601 = CARTESIAN_POINT('',(-0.7,-1.405,0.725));
#7602 = CARTESIAN_POINT('',(-0.675,-1.3925,0.725));
#7603 = ADVANCED_FACE('',(#7604),#7622,.F.);
#7604 = FACE_BOUND('',#7605,.F.);
#7605 = EDGE_LOOP('',(#7606,#7607,#7608,#7616));
#7606 = ORIENTED_EDGE('',*,*,#7585,.F.);
#7607 = ORIENTED_EDGE('',*,*,#7107,.T.);
#7608 = ORIENTED_EDGE('',*,*,#7609,.T.);
#7609 = EDGE_CURVE('',#7100,#7610,#7612,.T.);
#7610 = VERTEX_POINT('',#7611);
#7611 = CARTESIAN_POINT('',(-0.675,-1.15,0.725));
#7612 = LINE('',#7613,#7614);
#7613 = CARTESIAN_POINT('',(-0.7,-1.15,0.725));
#7614 = VECTOR('',#7615,1.);
#7615 = DIRECTION('',(1.,9.95799250103E-17,0.));
#7616 = ORIENTED_EDGE('',*,*,#7617,.F.);
#7617 = EDGE_CURVE('',#7586,#7610,#7618,.T.);
#7618 = LINE('',#7619,#7620);
#7619 = CARTESIAN_POINT('',(-0.675,-1.3925,0.725));
#7620 = VECTOR('',#7621,1.);
#7621 = DIRECTION('',(-2.22044604925E-16,1.,0.));
#7622 = B_SPLINE_SURFACE_WITH_KNOTS('',1,1,(
    (#7623,#7624)
    ,(#7625,#7626
    )),.UNSPECIFIED.,.F.,.F.,.F.,(2,2),(2,2),(0.,2.81),(0.,1.),
  .PIECEWISE_BEZIER_KNOTS.);
#7623 = CARTESIAN_POINT('',(-0.7,-1.405,0.725));
#7624 = CARTESIAN_POINT('',(-0.675,-1.3925,0.725));
#7625 = CARTESIAN_POINT('',(-0.7,1.405,0.725));
#7626 = CARTESIAN_POINT('',(-0.675,1.3925,0.725));
#7627 = ADVANCED_FACE('',(#7628),#7697,.F.);
#7628 = FACE_BOUND('',#7629,.F.);
#7629 = EDGE_LOOP('',(#7630,#7631,#7632,#7640,#7649,#7657,#7665,#7673,
    #7682,#7690));
#7630 = ORIENTED_EDGE('',*,*,#7099,.F.);
#7631 = ORIENTED_EDGE('',*,*,#7163,.T.);
#7632 = ORIENTED_EDGE('',*,*,#7633,.T.);
#7633 = EDGE_CURVE('',#7156,#7634,#7636,.T.);
#7634 = VERTEX_POINT('',#7635);
#7635 = CARTESIAN_POINT('',(-0.8,-1.15,0.25));
#7636 = LINE('',#7637,#7638);
#7637 = CARTESIAN_POINT('',(-0.8,-1.15,0.475));
#7638 = VECTOR('',#7639,1.);
#7639 = DIRECTION('',(-0.,0.,-1.));
#7640 = ORIENTED_EDGE('',*,*,#7641,.T.);
#7641 = EDGE_CURVE('',#7634,#7642,#7644,.T.);
#7642 = VERTEX_POINT('',#7643);
#7643 = CARTESIAN_POINT('',(-1.05,-1.15,0.));
#7644 = CIRCLE('',#7645,0.25);
#7645 = AXIS2_PLACEMENT_3D('',#7646,#7647,#7648);
#7646 = CARTESIAN_POINT('',(-1.05,-1.15,0.25));
#7647 = DIRECTION('',(-9.95799250103E-17,1.,0.));
#7648 = DIRECTION('',(1.,9.95799250103E-17,-4.440892098501E-16));
#7649 = ORIENTED_EDGE('',*,*,#7650,.T.);
#7650 = EDGE_CURVE('',#7642,#7651,#7653,.T.);
#7651 = VERTEX_POINT('',#7652);
#7652 = CARTESIAN_POINT('',(-1.25,-1.15,0.));
#7653 = LINE('',#7654,#7655);
#7654 = CARTESIAN_POINT('',(-1.05,-1.15,0.));
#7655 = VECTOR('',#7656,1.);
#7656 = DIRECTION('',(-1.,-9.95799250103E-17,0.));
#7657 = ORIENTED_EDGE('',*,*,#7658,.T.);
#7658 = EDGE_CURVE('',#7651,#7659,#7661,.T.);
#7659 = VERTEX_POINT('',#7660);
#7660 = CARTESIAN_POINT('',(-1.25,-1.15,0.15));
#7661 = LINE('',#7662,#7663);
#7662 = CARTESIAN_POINT('',(-1.25,-1.15,0.));
#7663 = VECTOR('',#7664,1.);
#7664 = DIRECTION('',(0.,0.,1.));
#7665 = ORIENTED_EDGE('',*,*,#7666,.T.);
#7666 = EDGE_CURVE('',#7659,#7667,#7669,.T.);
#7667 = VERTEX_POINT('',#7668);
#7668 = CARTESIAN_POINT('',(-1.05,-1.15,0.15));
#7669 = LINE('',#7670,#7671);
#7670 = CARTESIAN_POINT('',(-1.25,-1.15,0.15));
#7671 = VECTOR('',#7672,1.);
#7672 = DIRECTION('',(1.,9.95799250103E-17,0.));
#7673 = ORIENTED_EDGE('',*,*,#7674,.T.);
#7674 = EDGE_CURVE('',#7667,#7675,#7677,.T.);
#7675 = VERTEX_POINT('',#7676);
#7676 = CARTESIAN_POINT('',(-0.95,-1.15,0.25));
#7677 = CIRCLE('',#7678,0.1);
#7678 = AXIS2_PLACEMENT_3D('',#7679,#7680,#7681);
#7679 = CARTESIAN_POINT('',(-1.05,-1.15,0.25));
#7680 = DIRECTION('',(9.95799250103E-17,-1.,-7.328953602717E-48));
#7681 = DIRECTION('',(2.22044604925E-15,2.211118510737E-31,-1.));
#7682 = ORIENTED_EDGE('',*,*,#7683,.T.);
#7683 = EDGE_CURVE('',#7675,#7684,#7686,.T.);
#7684 = VERTEX_POINT('',#7685);
#7685 = CARTESIAN_POINT('',(-0.95,-1.15,0.475));
#7686 = LINE('',#7687,#7688);
#7687 = CARTESIAN_POINT('',(-0.95,-1.15,0.25));
#7688 = VECTOR('',#7689,1.);
#7689 = DIRECTION('',(0.,0.,1.));
#7690 = ORIENTED_EDGE('',*,*,#7691,.T.);
#7691 = EDGE_CURVE('',#7684,#7100,#7692,.T.);
#7692 = CIRCLE('',#7693,0.25);
#7693 = AXIS2_PLACEMENT_3D('',#7694,#7695,#7696);
#7694 = CARTESIAN_POINT('',(-0.7,-1.15,0.475));
#7695 = DIRECTION('',(-9.95799250103E-17,1.,0.));
#7696 = DIRECTION('',(-1.,-9.95799250103E-17,0.));
#7697 = PLANE('',#7698);
#7698 = AXIS2_PLACEMENT_3D('',#7699,#7700,#7701);
#7699 = CARTESIAN_POINT('',(-0.923137815574,-1.15,0.325594341393));
#7700 = DIRECTION('',(-9.95799250103E-17,1.,0.));
#7701 = DIRECTION('',(0.,0.,1.));
#7702 = ADVANCED_FACE('',(#7703),#7772,.T.);
#7703 = FACE_BOUND('',#7704,.T.);
#7704 = EDGE_LOOP('',(#7705,#7706,#7707,#7715,#7724,#7732,#7740,#7748,
    #7757,#7765));
#7705 = ORIENTED_EDGE('',*,*,#7121,.F.);
#7706 = ORIENTED_EDGE('',*,*,#7179,.T.);
#7707 = ORIENTED_EDGE('',*,*,#7708,.T.);
#7708 = EDGE_CURVE('',#7180,#7709,#7711,.T.);
#7709 = VERTEX_POINT('',#7710);
#7710 = CARTESIAN_POINT('',(-0.8,1.15,0.25));
#7711 = LINE('',#7712,#7713);
#7712 = CARTESIAN_POINT('',(-0.8,1.15,0.475));
#7713 = VECTOR('',#7714,1.);
#7714 = DIRECTION('',(-0.,0.,-1.));
#7715 = ORIENTED_EDGE('',*,*,#7716,.T.);
#7716 = EDGE_CURVE('',#7709,#7717,#7719,.T.);
#7717 = VERTEX_POINT('',#7718);
#7718 = CARTESIAN_POINT('',(-1.05,1.15,0.));
#7719 = CIRCLE('',#7720,0.25);
#7720 = AXIS2_PLACEMENT_3D('',#7721,#7722,#7723);
#7721 = CARTESIAN_POINT('',(-1.05,1.15,0.25));
#7722 = DIRECTION('',(-9.95799250103E-17,1.,0.));
#7723 = DIRECTION('',(1.,9.95799250103E-17,-4.440892098501E-16));
#7724 = ORIENTED_EDGE('',*,*,#7725,.T.);
#7725 = EDGE_CURVE('',#7717,#7726,#7728,.T.);
#7726 = VERTEX_POINT('',#7727);
#7727 = CARTESIAN_POINT('',(-1.25,1.15,0.));
#7728 = LINE('',#7729,#7730);
#7729 = CARTESIAN_POINT('',(-1.05,1.15,0.));
#7730 = VECTOR('',#7731,1.);
#7731 = DIRECTION('',(-1.,-9.95799250103E-17,0.));
#7732 = ORIENTED_EDGE('',*,*,#7733,.T.);
#7733 = EDGE_CURVE('',#7726,#7734,#7736,.T.);
#7734 = VERTEX_POINT('',#7735);
#7735 = CARTESIAN_POINT('',(-1.25,1.15,0.15));
#7736 = LINE('',#7737,#7738);
#7737 = CARTESIAN_POINT('',(-1.25,1.15,0.));
#7738 = VECTOR('',#7739,1.);
#7739 = DIRECTION('',(0.,0.,1.));
#7740 = ORIENTED_EDGE('',*,*,#7741,.T.);
#7741 = EDGE_CURVE('',#7734,#7742,#7744,.T.);
#7742 = VERTEX_POINT('',#7743);
#7743 = CARTESIAN_POINT('',(-1.05,1.15,0.15));
#7744 = LINE('',#7745,#7746);
#7745 = CARTESIAN_POINT('',(-1.25,1.15,0.15));
#7746 = VECTOR('',#7747,1.);
#7747 = DIRECTION('',(1.,9.95799250103E-17,0.));
#7748 = ORIENTED_EDGE('',*,*,#7749,.T.);
#7749 = EDGE_CURVE('',#7742,#7750,#7752,.T.);
#7750 = VERTEX_POINT('',#7751);
#7751 = CARTESIAN_POINT('',(-0.95,1.15,0.25));
#7752 = CIRCLE('',#7753,0.1);
#7753 = AXIS2_PLACEMENT_3D('',#7754,#7755,#7756);
#7754 = CARTESIAN_POINT('',(-1.05,1.15,0.25));
#7755 = DIRECTION('',(9.95799250103E-17,-1.,-7.328953602717E-48));
#7756 = DIRECTION('',(2.22044604925E-15,2.211118510737E-31,-1.));
#7757 = ORIENTED_EDGE('',*,*,#7758,.T.);
#7758 = EDGE_CURVE('',#7750,#7759,#7761,.T.);
#7759 = VERTEX_POINT('',#7760);
#7760 = CARTESIAN_POINT('',(-0.95,1.15,0.475));
#7761 = LINE('',#7762,#7763);
#7762 = CARTESIAN_POINT('',(-0.95,1.15,0.25));
#7763 = VECTOR('',#7764,1.);
#7764 = DIRECTION('',(0.,0.,1.));
#7765 = ORIENTED_EDGE('',*,*,#7766,.T.);
#7766 = EDGE_CURVE('',#7759,#7122,#7767,.T.);
#7767 = CIRCLE('',#7768,0.25);
#7768 = AXIS2_PLACEMENT_3D('',#7769,#7770,#7771);
#7769 = CARTESIAN_POINT('',(-0.7,1.15,0.475));
#7770 = DIRECTION('',(-9.95799250103E-17,1.,0.));
#7771 = DIRECTION('',(-1.,-9.95799250103E-17,0.));
#7772 = PLANE('',#7773);
#7773 = AXIS2_PLACEMENT_3D('',#7774,#7775,#7776);
#7774 = CARTESIAN_POINT('',(-0.923137815574,1.15,0.325594341393));
#7775 = DIRECTION('',(-9.95799250103E-17,1.,0.));
#7776 = DIRECTION('',(0.,0.,1.));
#7777 = ADVANCED_FACE('',(#7778),#7796,.F.);
#7778 = FACE_BOUND('',#7779,.F.);
#7779 = EDGE_LOOP('',(#7780,#7788,#7789,#7790));
#7780 = ORIENTED_EDGE('',*,*,#7781,.F.);
#7781 = EDGE_CURVE('',#7122,#7782,#7784,.T.);
#7782 = VERTEX_POINT('',#7783);
#7783 = CARTESIAN_POINT('',(-0.675,1.15,0.725));
#7784 = LINE('',#7785,#7786);
#7785 = CARTESIAN_POINT('',(-0.7,1.15,0.725));
#7786 = VECTOR('',#7787,1.);
#7787 = DIRECTION('',(1.,9.95799250103E-17,0.));
#7788 = ORIENTED_EDGE('',*,*,#7131,.T.);
#7789 = ORIENTED_EDGE('',*,*,#7304,.T.);
#7790 = ORIENTED_EDGE('',*,*,#7791,.F.);
#7791 = EDGE_CURVE('',#7782,#7297,#7792,.T.);
#7792 = LINE('',#7793,#7794);
#7793 = CARTESIAN_POINT('',(-0.675,-1.3925,0.725));
#7794 = VECTOR('',#7795,1.);
#7795 = DIRECTION('',(-2.22044604925E-16,1.,0.));
#7796 = B_SPLINE_SURFACE_WITH_KNOTS('',1,1,(
    (#7797,#7798)
    ,(#7799,#7800
    )),.UNSPECIFIED.,.F.,.F.,.F.,(2,2),(2,2),(0.,2.81),(0.,1.),
  .PIECEWISE_BEZIER_KNOTS.);
#7797 = CARTESIAN_POINT('',(-0.7,-1.405,0.725));
#7798 = CARTESIAN_POINT('',(-0.675,-1.3925,0.725));
#7799 = CARTESIAN_POINT('',(-0.7,1.405,0.725));
#7800 = CARTESIAN_POINT('',(-0.675,1.3925,0.725));
#7801 = ADVANCED_FACE('',(#7802),#7871,.T.);
#7802 = FACE_BOUND('',#7803,.T.);
#7803 = EDGE_LOOP('',(#7804,#7805,#7806,#7814,#7823,#7831,#7839,#7847,
    #7856,#7864));
#7804 = ORIENTED_EDGE('',*,*,#7211,.F.);
#7805 = ORIENTED_EDGE('',*,*,#7146,.T.);
#7806 = ORIENTED_EDGE('',*,*,#7807,.T.);
#7807 = EDGE_CURVE('',#7147,#7808,#7810,.T.);
#7808 = VERTEX_POINT('',#7809);
#7809 = CARTESIAN_POINT('',(-0.8,-0.75,0.25));
#7810 = LINE('',#7811,#7812);
#7811 = CARTESIAN_POINT('',(-0.8,-0.75,0.475));
#7812 = VECTOR('',#7813,1.);
#7813 = DIRECTION('',(-0.,0.,-1.));
#7814 = ORIENTED_EDGE('',*,*,#7815,.T.);
#7815 = EDGE_CURVE('',#7808,#7816,#7818,.T.);
#7816 = VERTEX_POINT('',#7817);
#7817 = CARTESIAN_POINT('',(-1.05,-0.75,0.));
#7818 = CIRCLE('',#7819,0.25);
#7819 = AXIS2_PLACEMENT_3D('',#7820,#7821,#7822);
#7820 = CARTESIAN_POINT('',(-1.05,-0.75,0.25));
#7821 = DIRECTION('',(-9.95799250103E-17,1.,0.));
#7822 = DIRECTION('',(1.,9.95799250103E-17,-4.440892098501E-16));
#7823 = ORIENTED_EDGE('',*,*,#7824,.T.);
#7824 = EDGE_CURVE('',#7816,#7825,#7827,.T.);
#7825 = VERTEX_POINT('',#7826);
#7826 = CARTESIAN_POINT('',(-1.25,-0.75,0.));
#7827 = LINE('',#7828,#7829);
#7828 = CARTESIAN_POINT('',(-1.05,-0.75,0.));
#7829 = VECTOR('',#7830,1.);
#7830 = DIRECTION('',(-1.,-9.95799250103E-17,0.));
#7831 = ORIENTED_EDGE('',*,*,#7832,.T.);
#7832 = EDGE_CURVE('',#7825,#7833,#7835,.T.);
#7833 = VERTEX_POINT('',#7834);
#7834 = CARTESIAN_POINT('',(-1.25,-0.75,0.15));
#7835 = LINE('',#7836,#7837);
#7836 = CARTESIAN_POINT('',(-1.25,-0.75,0.));
#7837 = VECTOR('',#7838,1.);
#7838 = DIRECTION('',(0.,0.,1.));
#7839 = ORIENTED_EDGE('',*,*,#7840,.T.);
#7840 = EDGE_CURVE('',#7833,#7841,#7843,.T.);
#7841 = VERTEX_POINT('',#7842);
#7842 = CARTESIAN_POINT('',(-1.05,-0.75,0.15));
#7843 = LINE('',#7844,#7845);
#7844 = CARTESIAN_POINT('',(-1.25,-0.75,0.15));
#7845 = VECTOR('',#7846,1.);
#7846 = DIRECTION('',(1.,9.95799250103E-17,0.));
#7847 = ORIENTED_EDGE('',*,*,#7848,.T.);
#7848 = EDGE_CURVE('',#7841,#7849,#7851,.T.);
#7849 = VERTEX_POINT('',#7850);
#7850 = CARTESIAN_POINT('',(-0.95,-0.75,0.25));
#7851 = CIRCLE('',#7852,0.1);
#7852 = AXIS2_PLACEMENT_3D('',#7853,#7854,#7855);
#7853 = CARTESIAN_POINT('',(-1.05,-0.75,0.25));
#7854 = DIRECTION('',(9.95799250103E-17,-1.,-7.328953602717E-48));
#7855 = DIRECTION('',(2.22044604925E-15,2.211118510737E-31,-1.));
#7856 = ORIENTED_EDGE('',*,*,#7857,.T.);
#7857 = EDGE_CURVE('',#7849,#7858,#7860,.T.);
#7858 = VERTEX_POINT('',#7859);
#7859 = CARTESIAN_POINT('',(-0.95,-0.75,0.475));
#7860 = LINE('',#7861,#7862);
#7861 = CARTESIAN_POINT('',(-0.95,-0.75,0.25));
#7862 = VECTOR('',#7863,1.);
#7863 = DIRECTION('',(0.,0.,1.));
#7864 = ORIENTED_EDGE('',*,*,#7865,.T.);
#7865 = EDGE_CURVE('',#7858,#7212,#7866,.T.);
#7866 = CIRCLE('',#7867,0.25);
#7867 = AXIS2_PLACEMENT_3D('',#7868,#7869,#7870);
#7868 = CARTESIAN_POINT('',(-0.7,-0.75,0.475));
#7869 = DIRECTION('',(-9.95799250103E-17,1.,0.));
#7870 = DIRECTION('',(-1.,-9.95799250103E-17,0.));
#7871 = PLANE('',#7872);
#7872 = AXIS2_PLACEMENT_3D('',#7873,#7874,#7875);
#7873 = CARTESIAN_POINT('',(-0.923137815574,-0.75,0.325594341393));
#7874 = DIRECTION('',(-9.95799250103E-17,1.,0.));
#7875 = DIRECTION('',(0.,0.,1.));
#7876 = ADVANCED_FACE('',(#7877),#7888,.F.);
#7877 = FACE_BOUND('',#7878,.F.);
#7878 = EDGE_LOOP('',(#7879,#7880,#7881,#7887));
#7879 = ORIENTED_EDGE('',*,*,#7155,.T.);
#7880 = ORIENTED_EDGE('',*,*,#7807,.T.);
#7881 = ORIENTED_EDGE('',*,*,#7882,.F.);
#7882 = EDGE_CURVE('',#7634,#7808,#7883,.T.);
#7883 = LINE('',#7884,#7885);
#7884 = CARTESIAN_POINT('',(-0.8,-1.15,0.25));
#7885 = VECTOR('',#7886,1.);
#7886 = DIRECTION('',(-9.95799250103E-17,1.,0.));
#7887 = ORIENTED_EDGE('',*,*,#7633,.F.);
#7888 = PLANE('',#7889);
#7889 = AXIS2_PLACEMENT_3D('',#7890,#7891,#7892);
#7890 = CARTESIAN_POINT('',(-0.8,-1.15,0.475));
#7891 = DIRECTION('',(-1.,-9.95799250103E-17,0.));
#7892 = DIRECTION('',(-0.,0.,-1.));
#7893 = ADVANCED_FACE('',(#7894),#7963,.F.);
#7894 = FACE_BOUND('',#7895,.F.);
#7895 = EDGE_LOOP('',(#7896,#7897,#7898,#7906,#7915,#7923,#7931,#7939,
    #7948,#7956));
#7896 = ORIENTED_EDGE('',*,*,#7220,.F.);
#7897 = ORIENTED_EDGE('',*,*,#7196,.T.);
#7898 = ORIENTED_EDGE('',*,*,#7899,.T.);
#7899 = EDGE_CURVE('',#7189,#7900,#7902,.T.);
#7900 = VERTEX_POINT('',#7901);
#7901 = CARTESIAN_POINT('',(-0.8,0.75,0.25));
#7902 = LINE('',#7903,#7904);
#7903 = CARTESIAN_POINT('',(-0.8,0.75,0.475));
#7904 = VECTOR('',#7905,1.);
#7905 = DIRECTION('',(-0.,0.,-1.));
#7906 = ORIENTED_EDGE('',*,*,#7907,.T.);
#7907 = EDGE_CURVE('',#7900,#7908,#7910,.T.);
#7908 = VERTEX_POINT('',#7909);
#7909 = CARTESIAN_POINT('',(-1.05,0.75,0.));
#7910 = CIRCLE('',#7911,0.25);
#7911 = AXIS2_PLACEMENT_3D('',#7912,#7913,#7914);
#7912 = CARTESIAN_POINT('',(-1.05,0.75,0.25));
#7913 = DIRECTION('',(-9.95799250103E-17,1.,0.));
#7914 = DIRECTION('',(1.,9.95799250103E-17,-4.440892098501E-16));
#7915 = ORIENTED_EDGE('',*,*,#7916,.T.);
#7916 = EDGE_CURVE('',#7908,#7917,#7919,.T.);
#7917 = VERTEX_POINT('',#7918);
#7918 = CARTESIAN_POINT('',(-1.25,0.75,0.));
#7919 = LINE('',#7920,#7921);
#7920 = CARTESIAN_POINT('',(-1.05,0.75,0.));
#7921 = VECTOR('',#7922,1.);
#7922 = DIRECTION('',(-1.,-9.95799250103E-17,0.));
#7923 = ORIENTED_EDGE('',*,*,#7924,.T.);
#7924 = EDGE_CURVE('',#7917,#7925,#7927,.T.);
#7925 = VERTEX_POINT('',#7926);
#7926 = CARTESIAN_POINT('',(-1.25,0.75,0.15));
#7927 = LINE('',#7928,#7929);
#7928 = CARTESIAN_POINT('',(-1.25,0.75,0.));
#7929 = VECTOR('',#7930,1.);
#7930 = DIRECTION('',(0.,0.,1.));
#7931 = ORIENTED_EDGE('',*,*,#7932,.T.);
#7932 = EDGE_CURVE('',#7925,#7933,#7935,.T.);
#7933 = VERTEX_POINT('',#7934);
#7934 = CARTESIAN_POINT('',(-1.05,0.75,0.15));
#7935 = LINE('',#7936,#7937);
#7936 = CARTESIAN_POINT('',(-1.25,0.75,0.15));
#7937 = VECTOR('',#7938,1.);
#7938 = DIRECTION('',(1.,9.95799250103E-17,0.));
#7939 = ORIENTED_EDGE('',*,*,#7940,.T.);
#7940 = EDGE_CURVE('',#7933,#7941,#7943,.T.);
#7941 = VERTEX_POINT('',#7942);
#7942 = CARTESIAN_POINT('',(-0.95,0.75,0.25));
#7943 = CIRCLE('',#7944,0.1);
#7944 = AXIS2_PLACEMENT_3D('',#7945,#7946,#7947);
#7945 = CARTESIAN_POINT('',(-1.05,0.75,0.25));
#7946 = DIRECTION('',(9.95799250103E-17,-1.,-7.328953602717E-48));
#7947 = DIRECTION('',(2.22044604925E-15,2.211118510737E-31,-1.));
#7948 = ORIENTED_EDGE('',*,*,#7949,.T.);
#7949 = EDGE_CURVE('',#7941,#7950,#7952,.T.);
#7950 = VERTEX_POINT('',#7951);
#7951 = CARTESIAN_POINT('',(-0.95,0.75,0.475));
#7952 = LINE('',#7953,#7954);
#7953 = CARTESIAN_POINT('',(-0.95,0.75,0.25));
#7954 = VECTOR('',#7955,1.);
#7955 = DIRECTION('',(0.,0.,1.));
#7956 = ORIENTED_EDGE('',*,*,#7957,.T.);
#7957 = EDGE_CURVE('',#7950,#7221,#7958,.T.);
#7958 = CIRCLE('',#7959,0.25);
#7959 = AXIS2_PLACEMENT_3D('',#7960,#7961,#7962);
#7960 = CARTESIAN_POINT('',(-0.7,0.75,0.475));
#7961 = DIRECTION('',(-9.95799250103E-17,1.,0.));
#7962 = DIRECTION('',(-1.,-9.95799250103E-17,0.));
#7963 = PLANE('',#7964);
#7964 = AXIS2_PLACEMENT_3D('',#7965,#7966,#7967);
#7965 = CARTESIAN_POINT('',(-0.923137815574,0.75,0.325594341393));
#7966 = DIRECTION('',(-9.95799250103E-17,1.,0.));
#7967 = DIRECTION('',(0.,0.,1.));
#7968 = ADVANCED_FACE('',(#7969),#7980,.F.);
#7969 = FACE_BOUND('',#7970,.F.);
#7970 = EDGE_LOOP('',(#7971,#7972,#7973,#7979));
#7971 = ORIENTED_EDGE('',*,*,#7188,.T.);
#7972 = ORIENTED_EDGE('',*,*,#7708,.T.);
#7973 = ORIENTED_EDGE('',*,*,#7974,.F.);
#7974 = EDGE_CURVE('',#7900,#7709,#7975,.T.);
#7975 = LINE('',#7976,#7977);
#7976 = CARTESIAN_POINT('',(-0.8,0.75,0.25));
#7977 = VECTOR('',#7978,1.);
#7978 = DIRECTION('',(-9.95799250103E-17,1.,0.));
#7979 = ORIENTED_EDGE('',*,*,#7899,.F.);
#7980 = PLANE('',#7981);
#7981 = AXIS2_PLACEMENT_3D('',#7982,#7983,#7984);
#7982 = CARTESIAN_POINT('',(-0.8,0.75,0.475));
#7983 = DIRECTION('',(-1.,-9.95799250103E-17,0.));
#7984 = DIRECTION('',(-0.,0.,-1.));
#7985 = ADVANCED_FACE('',(#7986),#8011,.F.);
#7986 = FACE_BOUND('',#7987,.F.);
#7987 = EDGE_LOOP('',(#7988,#7996,#7997,#8005));
#7988 = ORIENTED_EDGE('',*,*,#7989,.F.);
#7989 = EDGE_CURVE('',#7212,#7990,#7992,.T.);
#7990 = VERTEX_POINT('',#7991);
#7991 = CARTESIAN_POINT('',(-0.675,-0.75,0.725));
#7992 = LINE('',#7993,#7994);
#7993 = CARTESIAN_POINT('',(-0.7,-0.75,0.725));
#7994 = VECTOR('',#7995,1.);
#7995 = DIRECTION('',(1.,9.95799250103E-17,0.));
#7996 = ORIENTED_EDGE('',*,*,#7228,.T.);
#7997 = ORIENTED_EDGE('',*,*,#7998,.T.);
#7998 = EDGE_CURVE('',#7221,#7999,#8001,.T.);
#7999 = VERTEX_POINT('',#8000);
#8000 = CARTESIAN_POINT('',(-0.675,0.75,0.725));
#8001 = LINE('',#8002,#8003);
#8002 = CARTESIAN_POINT('',(-0.7,0.75,0.725));
#8003 = VECTOR('',#8004,1.);
#8004 = DIRECTION('',(1.,9.95799250103E-17,0.));
#8005 = ORIENTED_EDGE('',*,*,#8006,.F.);
#8006 = EDGE_CURVE('',#7990,#7999,#8007,.T.);
#8007 = LINE('',#8008,#8009);
#8008 = CARTESIAN_POINT('',(-0.675,-1.3925,0.725));
#8009 = VECTOR('',#8010,1.);
#8010 = DIRECTION('',(-2.22044604925E-16,1.,0.));
#8011 = B_SPLINE_SURFACE_WITH_KNOTS('',1,1,(
    (#8012,#8013)
    ,(#8014,#8015
    )),.UNSPECIFIED.,.F.,.F.,.F.,(2,2),(2,2),(0.,2.81),(0.,1.),
  .PIECEWISE_BEZIER_KNOTS.);
#8012 = CARTESIAN_POINT('',(-0.7,-1.405,0.725));
#8013 = CARTESIAN_POINT('',(-0.675,-1.3925,0.725));
#8014 = CARTESIAN_POINT('',(-0.7,1.405,0.725));
#8015 = CARTESIAN_POINT('',(-0.675,1.3925,0.725));
#8016 = ADVANCED_FACE('',(#8017),#8034,.F.);
#8017 = FACE_BOUND('',#8018,.F.);
#8018 = EDGE_LOOP('',(#8019,#8020,#8027,#8033));
#8019 = ORIENTED_EDGE('',*,*,#7250,.T.);
#8020 = ORIENTED_EDGE('',*,*,#8021,.T.);
#8021 = EDGE_CURVE('',#7244,#8022,#8024,.T.);
#8022 = VERTEX_POINT('',#8023);
#8023 = CARTESIAN_POINT('',(0.608243103516,1.359121551758,1.2));
#8024 = B_SPLINE_CURVE_WITH_KNOTS('',1,(#8025,#8026),.UNSPECIFIED.,.F.,
  .F.,(2,2),(0.,1.),.PIECEWISE_BEZIER_KNOTS.);
#8025 = CARTESIAN_POINT('',(0.675,1.3925,0.725));
#8026 = CARTESIAN_POINT('',(0.608243103516,1.359121551758,1.2));
#8027 = ORIENTED_EDGE('',*,*,#8028,.F.);
#8028 = EDGE_CURVE('',#7267,#8022,#8029,.T.);
#8029 = LINE('',#8030,#8031);
#8030 = CARTESIAN_POINT('',(0.559121551758,1.408243103516,1.2));
#8031 = VECTOR('',#8032,1.);
#8032 = DIRECTION('',(0.707106781187,-0.707106781187,0.));
#8033 = ORIENTED_EDGE('',*,*,#7266,.F.);
#8034 = B_SPLINE_SURFACE_WITH_KNOTS('',1,1,(
    (#8035,#8036)
    ,(#8037,#8038
    )),.UNSPECIFIED.,.F.,.F.,.F.,(2,2),(2,2),(0.,0.116672618896),(0.,1.)
  ,.PIECEWISE_BEZIER_KNOTS.);
#8035 = CARTESIAN_POINT('',(0.5925,1.475,0.725));
#8036 = CARTESIAN_POINT('',(0.559121551758,1.408243103516,1.2));
#8037 = CARTESIAN_POINT('',(0.675,1.3925,0.725));
#8038 = CARTESIAN_POINT('',(0.608243103516,1.359121551758,1.2));
#8039 = ADVANCED_FACE('',(#8040),#8090,.T.);
#8040 = FACE_BOUND('',#8041,.F.);
#8041 = EDGE_LOOP('',(#8042,#8043,#8044,#8052,#8060,#8068,#8076,#8084));
#8042 = ORIENTED_EDGE('',*,*,#7273,.T.);
#8043 = ORIENTED_EDGE('',*,*,#8028,.T.);
#8044 = ORIENTED_EDGE('',*,*,#8045,.T.);
#8045 = EDGE_CURVE('',#8022,#8046,#8048,.T.);
#8046 = VERTEX_POINT('',#8047);
#8047 = CARTESIAN_POINT('',(0.608243103516,-1.359121551758,1.2));
#8048 = LINE('',#8049,#8050);
#8049 = CARTESIAN_POINT('',(0.608243103516,1.359121551758,1.2));
#8050 = VECTOR('',#8051,1.);
#8051 = DIRECTION('',(2.22044604925E-16,-1.,0.));
#8052 = ORIENTED_EDGE('',*,*,#8053,.T.);
#8053 = EDGE_CURVE('',#8046,#8054,#8056,.T.);
#8054 = VERTEX_POINT('',#8055);
#8055 = CARTESIAN_POINT('',(0.559121551758,-1.408243103516,1.2));
#8056 = LINE('',#8057,#8058);
#8057 = CARTESIAN_POINT('',(0.608243103516,-1.359121551758,1.2));
#8058 = VECTOR('',#8059,1.);
#8059 = DIRECTION('',(-0.707106781187,-0.707106781187,0.));
#8060 = ORIENTED_EDGE('',*,*,#8061,.T.);
#8061 = EDGE_CURVE('',#8054,#8062,#8064,.T.);
#8062 = VERTEX_POINT('',#8063);
#8063 = CARTESIAN_POINT('',(-0.559121551758,-1.408243103516,1.2));
#8064 = LINE('',#8065,#8066);
#8065 = CARTESIAN_POINT('',(0.559121551758,-1.408243103516,1.2));
#8066 = VECTOR('',#8067,1.);
#8067 = DIRECTION('',(-1.,-2.22044604925E-16,0.));
#8068 = ORIENTED_EDGE('',*,*,#8069,.T.);
#8069 = EDGE_CURVE('',#8062,#8070,#8072,.T.);
#8070 = VERTEX_POINT('',#8071);
#8071 = CARTESIAN_POINT('',(-0.608243103516,-1.359121551758,1.2));
#8072 = LINE('',#8073,#8074);
#8073 = CARTESIAN_POINT('',(-0.559121551758,-1.408243103516,1.2));
#8074 = VECTOR('',#8075,1.);
#8075 = DIRECTION('',(-0.707106781187,0.707106781187,0.));
#8076 = ORIENTED_EDGE('',*,*,#8077,.T.);
#8077 = EDGE_CURVE('',#8070,#8078,#8080,.T.);
#8078 = VERTEX_POINT('',#8079);
#8079 = CARTESIAN_POINT('',(-0.608243103516,1.359121551758,1.2));
#8080 = LINE('',#8081,#8082);
#8081 = CARTESIAN_POINT('',(-0.608243103516,-1.359121551758,1.2));
#8082 = VECTOR('',#8083,1.);
#8083 = DIRECTION('',(-2.22044604925E-16,1.,0.));
#8084 = ORIENTED_EDGE('',*,*,#8085,.T.);
#8085 = EDGE_CURVE('',#8078,#7274,#8086,.T.);
#8086 = LINE('',#8087,#8088);
#8087 = CARTESIAN_POINT('',(-0.608243103516,1.359121551758,1.2));
#8088 = VECTOR('',#8089,1.);
#8089 = DIRECTION('',(0.707106781187,0.707106781187,0.));
#8090 = PLANE('',#8091);
#8091 = AXIS2_PLACEMENT_3D('',#8092,#8093,#8094);
#8092 = CARTESIAN_POINT('',(-0.559121551758,1.408243103516,1.2));
#8093 = DIRECTION('',(0.,0.,1.));
#8094 = DIRECTION('',(0.369013679242,-0.929423963825,0.));
#8095 = ADVANCED_FACE('',(#8096),#8106,.F.);
#8096 = FACE_BOUND('',#8097,.F.);
#8097 = EDGE_LOOP('',(#8098,#8099,#8100,#8101));
#8098 = ORIENTED_EDGE('',*,*,#7296,.T.);
#8099 = ORIENTED_EDGE('',*,*,#7281,.T.);
#8100 = ORIENTED_EDGE('',*,*,#8085,.F.);
#8101 = ORIENTED_EDGE('',*,*,#8102,.F.);
#8102 = EDGE_CURVE('',#7297,#8078,#8103,.T.);
#8103 = B_SPLINE_CURVE_WITH_KNOTS('',1,(#8104,#8105),.UNSPECIFIED.,.F.,
  .F.,(2,2),(0.,1.),.PIECEWISE_BEZIER_KNOTS.);
#8104 = CARTESIAN_POINT('',(-0.675,1.3925,0.725));
#8105 = CARTESIAN_POINT('',(-0.608243103516,1.359121551758,1.2));
#8106 = B_SPLINE_SURFACE_WITH_KNOTS('',1,1,(
    (#8107,#8108)
    ,(#8109,#8110
    )),.UNSPECIFIED.,.F.,.F.,.F.,(2,2),(2,2),(0.,0.116672618896),(0.,1.)
  ,.PIECEWISE_BEZIER_KNOTS.);
#8107 = CARTESIAN_POINT('',(-0.675,1.3925,0.725));
#8108 = CARTESIAN_POINT('',(-0.608243103516,1.359121551758,1.2));
#8109 = CARTESIAN_POINT('',(-0.5925,1.475,0.725));
#8110 = CARTESIAN_POINT('',(-0.559121551758,1.408243103516,1.2));
#8111 = ADVANCED_FACE('',(#8112),#8129,.F.);
#8112 = FACE_BOUND('',#8113,.F.);
#8113 = EDGE_LOOP('',(#8114,#8115,#8121,#8122,#8127,#8128));
#8114 = ORIENTED_EDGE('',*,*,#7327,.T.);
#8115 = ORIENTED_EDGE('',*,*,#8116,.T.);
#8116 = EDGE_CURVE('',#7320,#7492,#8117,.T.);
#8117 = LINE('',#8118,#8119);
#8118 = CARTESIAN_POINT('',(0.675,1.3925,0.725));
#8119 = VECTOR('',#8120,1.);
#8120 = DIRECTION('',(2.22044604925E-16,-1.,0.));
#8121 = ORIENTED_EDGE('',*,*,#7507,.T.);
#8122 = ORIENTED_EDGE('',*,*,#8123,.T.);
#8123 = EDGE_CURVE('',#7501,#8046,#8124,.T.);
#8124 = B_SPLINE_CURVE_WITH_KNOTS('',1,(#8125,#8126),.UNSPECIFIED.,.F.,
  .F.,(2,2),(0.,1.),.PIECEWISE_BEZIER_KNOTS.);
#8125 = CARTESIAN_POINT('',(0.675,-1.3925,0.725));
#8126 = CARTESIAN_POINT('',(0.608243103516,-1.359121551758,1.2));
#8127 = ORIENTED_EDGE('',*,*,#8045,.F.);
#8128 = ORIENTED_EDGE('',*,*,#8021,.F.);
#8129 = B_SPLINE_SURFACE_WITH_KNOTS('',1,1,(
    (#8130,#8131)
    ,(#8132,#8133
    )),.UNSPECIFIED.,.F.,.F.,.F.,(2,2),(2,2),(0.,2.785),(0.,1.),
  .PIECEWISE_BEZIER_KNOTS.);
#8130 = CARTESIAN_POINT('',(0.675,1.3925,0.725));
#8131 = CARTESIAN_POINT('',(0.608243103516,1.359121551758,1.2));
#8132 = CARTESIAN_POINT('',(0.675,-1.3925,0.725));
#8133 = CARTESIAN_POINT('',(0.608243103516,-1.359121551758,1.2));
#8134 = ADVANCED_FACE('',(#8135),#8146,.F.);
#8135 = FACE_BOUND('',#8136,.F.);
#8136 = EDGE_LOOP('',(#8137,#8138,#8144,#8145));
#8137 = ORIENTED_EDGE('',*,*,#7319,.F.);
#8138 = ORIENTED_EDGE('',*,*,#8139,.T.);
#8139 = EDGE_CURVE('',#6944,#6966,#8140,.T.);
#8140 = LINE('',#8141,#8142);
#8141 = CARTESIAN_POINT('',(0.7,0.2,0.725));
#8142 = VECTOR('',#8143,1.);
#8143 = DIRECTION('',(2.22044604925E-16,-1.,0.));
#8144 = ORIENTED_EDGE('',*,*,#7491,.T.);
#8145 = ORIENTED_EDGE('',*,*,#8116,.F.);
#8146 = PLANE('',#8147);
#8147 = AXIS2_PLACEMENT_3D('',#8148,#8149,#8150);
#8148 = CARTESIAN_POINT('',(0.7,0.2,0.725));
#8149 = DIRECTION('',(0.,0.,-1.));
#8150 = DIRECTION('',(-1.,-2.22044604925E-16,-0.));
#8151 = ADVANCED_FACE('',(#8152),#8163,.T.);
#8152 = FACE_BOUND('',#8153,.T.);
#8153 = EDGE_LOOP('',(#8154,#8155,#8156,#8157));
#8154 = ORIENTED_EDGE('',*,*,#7401,.T.);
#8155 = ORIENTED_EDGE('',*,*,#8139,.T.);
#8156 = ORIENTED_EDGE('',*,*,#7476,.F.);
#8157 = ORIENTED_EDGE('',*,*,#8158,.F.);
#8158 = EDGE_CURVE('',#7394,#7469,#8159,.T.);
#8159 = LINE('',#8160,#8161);
#8160 = CARTESIAN_POINT('',(0.95,0.2,0.475));
#8161 = VECTOR('',#8162,1.);
#8162 = DIRECTION('',(2.22044604925E-16,-1.,0.));
#8163 = CYLINDRICAL_SURFACE('',#8164,0.25);
#8164 = AXIS2_PLACEMENT_3D('',#8165,#8166,#8167);
#8165 = CARTESIAN_POINT('',(0.7,0.2,0.475));
#8166 = DIRECTION('',(-2.22044604925E-16,1.,-0.));
#8167 = DIRECTION('',(1.,2.22044604925E-16,0.));
#8168 = ADVANCED_FACE('',(#8169),#8180,.F.);
#8169 = FACE_BOUND('',#8170,.F.);
#8170 = EDGE_LOOP('',(#8171,#8177,#8178,#8179));
#8171 = ORIENTED_EDGE('',*,*,#8172,.T.);
#8172 = EDGE_CURVE('',#7385,#7460,#8173,.T.);
#8173 = LINE('',#8174,#8175);
#8174 = CARTESIAN_POINT('',(0.95,0.2,0.25));
#8175 = VECTOR('',#8176,1.);
#8176 = DIRECTION('',(2.22044604925E-16,-1.,0.));
#8177 = ORIENTED_EDGE('',*,*,#7468,.T.);
#8178 = ORIENTED_EDGE('',*,*,#8158,.F.);
#8179 = ORIENTED_EDGE('',*,*,#7393,.F.);
#8180 = PLANE('',#8181);
#8181 = AXIS2_PLACEMENT_3D('',#8182,#8183,#8184);
#8182 = CARTESIAN_POINT('',(0.95,0.2,0.25));
#8183 = DIRECTION('',(-1.,-2.22044604925E-16,0.));
#8184 = DIRECTION('',(0.,0.,1.));
#8185 = ADVANCED_FACE('',(#8186),#8197,.F.);
#8186 = FACE_BOUND('',#8187,.F.);
#8187 = EDGE_LOOP('',(#8188,#8194,#8195,#8196));
#8188 = ORIENTED_EDGE('',*,*,#8189,.T.);
#8189 = EDGE_CURVE('',#7377,#7452,#8190,.T.);
#8190 = LINE('',#8191,#8192);
#8191 = CARTESIAN_POINT('',(1.05,0.2,0.15));
#8192 = VECTOR('',#8193,1.);
#8193 = DIRECTION('',(2.22044604925E-16,-1.,0.));
#8194 = ORIENTED_EDGE('',*,*,#7459,.T.);
#8195 = ORIENTED_EDGE('',*,*,#8172,.F.);
#8196 = ORIENTED_EDGE('',*,*,#7384,.F.);
#8197 = CYLINDRICAL_SURFACE('',#8198,0.1);
#8198 = AXIS2_PLACEMENT_3D('',#8199,#8200,#8201);
#8199 = CARTESIAN_POINT('',(1.05,0.2,0.25));
#8200 = DIRECTION('',(-2.22044604925E-16,1.,0.));
#8201 = DIRECTION('',(-2.22044604925E-15,-4.93038065763E-31,-1.));
#8202 = ADVANCED_FACE('',(#8203),#8214,.F.);
#8203 = FACE_BOUND('',#8204,.F.);
#8204 = EDGE_LOOP('',(#8205,#8211,#8212,#8213));
#8205 = ORIENTED_EDGE('',*,*,#8206,.T.);
#8206 = EDGE_CURVE('',#7369,#7444,#8207,.T.);
#8207 = LINE('',#8208,#8209);
#8208 = CARTESIAN_POINT('',(1.25,0.2,0.15));
#8209 = VECTOR('',#8210,1.);
#8210 = DIRECTION('',(2.22044604925E-16,-1.,0.));
#8211 = ORIENTED_EDGE('',*,*,#7451,.T.);
#8212 = ORIENTED_EDGE('',*,*,#8189,.F.);
#8213 = ORIENTED_EDGE('',*,*,#7376,.F.);
#8214 = PLANE('',#8215);
#8215 = AXIS2_PLACEMENT_3D('',#8216,#8217,#8218);
#8216 = CARTESIAN_POINT('',(1.25,0.2,0.15));
#8217 = DIRECTION('',(0.,0.,-1.));
#8218 = DIRECTION('',(-1.,-2.22044604925E-16,-0.));
#8219 = ADVANCED_FACE('',(#8220),#8231,.F.);
#8220 = FACE_BOUND('',#8221,.F.);
#8221 = EDGE_LOOP('',(#8222,#8228,#8229,#8230));
#8222 = ORIENTED_EDGE('',*,*,#8223,.T.);
#8223 = EDGE_CURVE('',#7361,#7436,#8224,.T.);
#8224 = LINE('',#8225,#8226);
#8225 = CARTESIAN_POINT('',(1.25,0.2,0.));
#8226 = VECTOR('',#8227,1.);
#8227 = DIRECTION('',(2.22044604925E-16,-1.,0.));
#8228 = ORIENTED_EDGE('',*,*,#7443,.T.);
#8229 = ORIENTED_EDGE('',*,*,#8206,.F.);
#8230 = ORIENTED_EDGE('',*,*,#7368,.F.);
#8231 = PLANE('',#8232);
#8232 = AXIS2_PLACEMENT_3D('',#8233,#8234,#8235);
#8233 = CARTESIAN_POINT('',(1.25,0.2,0.));
#8234 = DIRECTION('',(-1.,-2.22044604925E-16,0.));
#8235 = DIRECTION('',(0.,0.,1.));
#8236 = ADVANCED_FACE('',(#8237),#8248,.F.);
#8237 = FACE_BOUND('',#8238,.F.);
#8238 = EDGE_LOOP('',(#8239,#8245,#8246,#8247));
#8239 = ORIENTED_EDGE('',*,*,#8240,.T.);
#8240 = EDGE_CURVE('',#7352,#7427,#8241,.T.);
#8241 = LINE('',#8242,#8243);
#8242 = CARTESIAN_POINT('',(1.05,0.2,0.));
#8243 = VECTOR('',#8244,1.);
#8244 = DIRECTION('',(2.22044604925E-16,-1.,0.));
#8245 = ORIENTED_EDGE('',*,*,#7435,.T.);
#8246 = ORIENTED_EDGE('',*,*,#8223,.F.);
#8247 = ORIENTED_EDGE('',*,*,#7360,.F.);
#8248 = PLANE('',#8249);
#8249 = AXIS2_PLACEMENT_3D('',#8250,#8251,#8252);
#8250 = CARTESIAN_POINT('',(1.05,0.2,0.));
#8251 = DIRECTION('',(0.,0.,1.));
#8252 = DIRECTION('',(1.,2.22044604925E-16,-0.));
#8253 = ADVANCED_FACE('',(#8254),#8260,.T.);
#8254 = FACE_BOUND('',#8255,.T.);
#8255 = EDGE_LOOP('',(#8256,#8257,#8258,#8259));
#8256 = ORIENTED_EDGE('',*,*,#7351,.T.);
#8257 = ORIENTED_EDGE('',*,*,#8240,.T.);
#8258 = ORIENTED_EDGE('',*,*,#7426,.F.);
#8259 = ORIENTED_EDGE('',*,*,#7523,.F.);
#8260 = CYLINDRICAL_SURFACE('',#8261,0.25);
#8261 = AXIS2_PLACEMENT_3D('',#8262,#8263,#8264);
#8262 = CARTESIAN_POINT('',(1.05,0.2,0.25));
#8263 = DIRECTION('',(-2.22044604925E-16,1.,-0.));
#8264 = DIRECTION('',(-1.,-2.22044604925E-16,-4.440892098501E-16));
#8265 = ADVANCED_FACE('',(#8266),#8276,.F.);
#8266 = FACE_BOUND('',#8267,.F.);
#8267 = EDGE_LOOP('',(#8268,#8269,#8274,#8275));
#8268 = ORIENTED_EDGE('',*,*,#7546,.T.);
#8269 = ORIENTED_EDGE('',*,*,#8270,.T.);
#8270 = EDGE_CURVE('',#7540,#8054,#8271,.T.);
#8271 = B_SPLINE_CURVE_WITH_KNOTS('',1,(#8272,#8273),.UNSPECIFIED.,.F.,
  .F.,(2,2),(0.,1.),.PIECEWISE_BEZIER_KNOTS.);
#8272 = CARTESIAN_POINT('',(0.5925,-1.475,0.725));
#8273 = CARTESIAN_POINT('',(0.559121551758,-1.408243103516,1.2));
#8274 = ORIENTED_EDGE('',*,*,#8053,.F.);
#8275 = ORIENTED_EDGE('',*,*,#8123,.F.);
#8276 = B_SPLINE_SURFACE_WITH_KNOTS('',1,1,(
    (#8277,#8278)
    ,(#8279,#8280
    )),.UNSPECIFIED.,.F.,.F.,.F.,(2,2),(2,2),(0.,0.116672618896),(0.,1.)
  ,.PIECEWISE_BEZIER_KNOTS.);
#8277 = CARTESIAN_POINT('',(0.675,-1.3925,0.725));
#8278 = CARTESIAN_POINT('',(0.608243103516,-1.359121551758,1.2));
#8279 = CARTESIAN_POINT('',(0.5925,-1.475,0.725));
#8280 = CARTESIAN_POINT('',(0.559121551758,-1.408243103516,1.2));
#8281 = ADVANCED_FACE('',(#8282),#8292,.F.);
#8282 = FACE_BOUND('',#8283,.F.);
#8283 = EDGE_LOOP('',(#8284,#8285,#8290,#8291));
#8284 = ORIENTED_EDGE('',*,*,#7569,.T.);
#8285 = ORIENTED_EDGE('',*,*,#8286,.T.);
#8286 = EDGE_CURVE('',#7563,#8062,#8287,.T.);
#8287 = B_SPLINE_CURVE_WITH_KNOTS('',1,(#8288,#8289),.UNSPECIFIED.,.F.,
  .F.,(2,2),(0.,1.),.PIECEWISE_BEZIER_KNOTS.);
#8288 = CARTESIAN_POINT('',(-0.5925,-1.475,0.725));
#8289 = CARTESIAN_POINT('',(-0.559121551758,-1.408243103516,1.2));
#8290 = ORIENTED_EDGE('',*,*,#8061,.F.);
#8291 = ORIENTED_EDGE('',*,*,#8270,.F.);
#8292 = B_SPLINE_SURFACE_WITH_KNOTS('',1,1,(
    (#8293,#8294)
    ,(#8295,#8296
    )),.UNSPECIFIED.,.F.,.F.,.F.,(2,2),(2,2),(0.,1.185),(0.,1.),
  .PIECEWISE_BEZIER_KNOTS.);
#8293 = CARTESIAN_POINT('',(0.5925,-1.475,0.725));
#8294 = CARTESIAN_POINT('',(0.559121551758,-1.408243103516,1.2));
#8295 = CARTESIAN_POINT('',(-0.5925,-1.475,0.725));
#8296 = CARTESIAN_POINT('',(-0.559121551758,-1.408243103516,1.2));
#8297 = ADVANCED_FACE('',(#8298),#8308,.F.);
#8298 = FACE_BOUND('',#8299,.F.);
#8299 = EDGE_LOOP('',(#8300,#8301,#8306,#8307));
#8300 = ORIENTED_EDGE('',*,*,#7592,.T.);
#8301 = ORIENTED_EDGE('',*,*,#8302,.T.);
#8302 = EDGE_CURVE('',#7586,#8070,#8303,.T.);
#8303 = B_SPLINE_CURVE_WITH_KNOTS('',1,(#8304,#8305),.UNSPECIFIED.,.F.,
  .F.,(2,2),(0.,1.),.PIECEWISE_BEZIER_KNOTS.);
#8304 = CARTESIAN_POINT('',(-0.675,-1.3925,0.725));
#8305 = CARTESIAN_POINT('',(-0.608243103516,-1.359121551758,1.2));
#8306 = ORIENTED_EDGE('',*,*,#8069,.F.);
#8307 = ORIENTED_EDGE('',*,*,#8286,.F.);
#8308 = B_SPLINE_SURFACE_WITH_KNOTS('',1,1,(
    (#8309,#8310)
    ,(#8311,#8312
    )),.UNSPECIFIED.,.F.,.F.,.F.,(2,2),(2,2),(0.,0.116672618896),(0.,1.)
  ,.PIECEWISE_BEZIER_KNOTS.);
#8309 = CARTESIAN_POINT('',(-0.5925,-1.475,0.725));
#8310 = CARTESIAN_POINT('',(-0.559121551758,-1.408243103516,1.2));
#8311 = CARTESIAN_POINT('',(-0.675,-1.3925,0.725));
#8312 = CARTESIAN_POINT('',(-0.608243103516,-1.359121551758,1.2));
#8313 = ADVANCED_FACE('',(#8314),#8334,.F.);
#8314 = FACE_BOUND('',#8315,.F.);
#8315 = EDGE_LOOP('',(#8316,#8317,#8323,#8324,#8330,#8331,#8332,#8333));
#8316 = ORIENTED_EDGE('',*,*,#7617,.T.);
#8317 = ORIENTED_EDGE('',*,*,#8318,.T.);
#8318 = EDGE_CURVE('',#7610,#7990,#8319,.T.);
#8319 = LINE('',#8320,#8321);
#8320 = CARTESIAN_POINT('',(-0.675,-1.3925,0.725));
#8321 = VECTOR('',#8322,1.);
#8322 = DIRECTION('',(-2.22044604925E-16,1.,0.));
#8323 = ORIENTED_EDGE('',*,*,#8006,.T.);
#8324 = ORIENTED_EDGE('',*,*,#8325,.T.);
#8325 = EDGE_CURVE('',#7999,#7782,#8326,.T.);
#8326 = LINE('',#8327,#8328);
#8327 = CARTESIAN_POINT('',(-0.675,-1.3925,0.725));
#8328 = VECTOR('',#8329,1.);
#8329 = DIRECTION('',(-2.22044604925E-16,1.,0.));
#8330 = ORIENTED_EDGE('',*,*,#7791,.T.);
#8331 = ORIENTED_EDGE('',*,*,#8102,.T.);
#8332 = ORIENTED_EDGE('',*,*,#8077,.F.);
#8333 = ORIENTED_EDGE('',*,*,#8302,.F.);
#8334 = B_SPLINE_SURFACE_WITH_KNOTS('',1,1,(
    (#8335,#8336)
    ,(#8337,#8338
    )),.UNSPECIFIED.,.F.,.F.,.F.,(2,2),(2,2),(0.,2.785),(0.,1.),
  .PIECEWISE_BEZIER_KNOTS.);
#8335 = CARTESIAN_POINT('',(-0.675,-1.3925,0.725));
#8336 = CARTESIAN_POINT('',(-0.608243103516,-1.359121551758,1.2));
#8337 = CARTESIAN_POINT('',(-0.675,1.3925,0.725));
#8338 = CARTESIAN_POINT('',(-0.608243103516,1.359121551758,1.2));
#8339 = ADVANCED_FACE('',(#8340),#8351,.F.);
#8340 = FACE_BOUND('',#8341,.F.);
#8341 = EDGE_LOOP('',(#8342,#8343,#8349,#8350));
#8342 = ORIENTED_EDGE('',*,*,#7609,.F.);
#8343 = ORIENTED_EDGE('',*,*,#8344,.T.);
#8344 = EDGE_CURVE('',#7100,#7212,#8345,.T.);
#8345 = LINE('',#8346,#8347);
#8346 = CARTESIAN_POINT('',(-0.7,-1.15,0.725));
#8347 = VECTOR('',#8348,1.);
#8348 = DIRECTION('',(-9.95799250103E-17,1.,0.));
#8349 = ORIENTED_EDGE('',*,*,#7989,.T.);
#8350 = ORIENTED_EDGE('',*,*,#8318,.F.);
#8351 = PLANE('',#8352);
#8352 = AXIS2_PLACEMENT_3D('',#8353,#8354,#8355);
#8353 = CARTESIAN_POINT('',(-0.7,-1.15,0.725));
#8354 = DIRECTION('',(-0.,0.,-1.));
#8355 = DIRECTION('',(1.,9.95799250103E-17,0.));
#8356 = ADVANCED_FACE('',(#8357),#8368,.T.);
#8357 = FACE_BOUND('',#8358,.T.);
#8358 = EDGE_LOOP('',(#8359,#8360,#8361,#8362));
#8359 = ORIENTED_EDGE('',*,*,#7691,.T.);
#8360 = ORIENTED_EDGE('',*,*,#8344,.T.);
#8361 = ORIENTED_EDGE('',*,*,#7865,.F.);
#8362 = ORIENTED_EDGE('',*,*,#8363,.F.);
#8363 = EDGE_CURVE('',#7684,#7858,#8364,.T.);
#8364 = LINE('',#8365,#8366);
#8365 = CARTESIAN_POINT('',(-0.95,-1.15,0.475));
#8366 = VECTOR('',#8367,1.);
#8367 = DIRECTION('',(-9.95799250103E-17,1.,0.));
#8368 = CYLINDRICAL_SURFACE('',#8369,0.25);
#8369 = AXIS2_PLACEMENT_3D('',#8370,#8371,#8372);
#8370 = CARTESIAN_POINT('',(-0.7,-1.15,0.475));
#8371 = DIRECTION('',(9.95799250103E-17,-1.,-0.));
#8372 = DIRECTION('',(-1.,-9.95799250103E-17,0.));
#8373 = ADVANCED_FACE('',(#8374),#8385,.F.);
#8374 = FACE_BOUND('',#8375,.F.);
#8375 = EDGE_LOOP('',(#8376,#8382,#8383,#8384));
#8376 = ORIENTED_EDGE('',*,*,#8377,.T.);
#8377 = EDGE_CURVE('',#7675,#7849,#8378,.T.);
#8378 = LINE('',#8379,#8380);
#8379 = CARTESIAN_POINT('',(-0.95,-1.15,0.25));
#8380 = VECTOR('',#8381,1.);
#8381 = DIRECTION('',(-9.95799250103E-17,1.,0.));
#8382 = ORIENTED_EDGE('',*,*,#7857,.T.);
#8383 = ORIENTED_EDGE('',*,*,#8363,.F.);
#8384 = ORIENTED_EDGE('',*,*,#7683,.F.);
#8385 = PLANE('',#8386);
#8386 = AXIS2_PLACEMENT_3D('',#8387,#8388,#8389);
#8387 = CARTESIAN_POINT('',(-0.95,-1.15,0.25));
#8388 = DIRECTION('',(1.,9.95799250103E-17,0.));
#8389 = DIRECTION('',(0.,-0.,1.));
#8390 = ADVANCED_FACE('',(#8391),#8402,.F.);
#8391 = FACE_BOUND('',#8392,.F.);
#8392 = EDGE_LOOP('',(#8393,#8399,#8400,#8401));
#8393 = ORIENTED_EDGE('',*,*,#8394,.T.);
#8394 = EDGE_CURVE('',#7667,#7841,#8395,.T.);
#8395 = LINE('',#8396,#8397);
#8396 = CARTESIAN_POINT('',(-1.05,-1.15,0.15));
#8397 = VECTOR('',#8398,1.);
#8398 = DIRECTION('',(-9.95799250103E-17,1.,0.));
#8399 = ORIENTED_EDGE('',*,*,#7848,.T.);
#8400 = ORIENTED_EDGE('',*,*,#8377,.F.);
#8401 = ORIENTED_EDGE('',*,*,#7674,.F.);
#8402 = CYLINDRICAL_SURFACE('',#8403,0.1);
#8403 = AXIS2_PLACEMENT_3D('',#8404,#8405,#8406);
#8404 = CARTESIAN_POINT('',(-1.05,-1.15,0.25));
#8405 = DIRECTION('',(9.95799250103E-17,-1.,0.));
#8406 = DIRECTION('',(2.22044604925E-15,2.211118510737E-31,-1.));
#8407 = ADVANCED_FACE('',(#8408),#8419,.F.);
#8408 = FACE_BOUND('',#8409,.F.);
#8409 = EDGE_LOOP('',(#8410,#8416,#8417,#8418));
#8410 = ORIENTED_EDGE('',*,*,#8411,.T.);
#8411 = EDGE_CURVE('',#7659,#7833,#8412,.T.);
#8412 = LINE('',#8413,#8414);
#8413 = CARTESIAN_POINT('',(-1.25,-1.15,0.15));
#8414 = VECTOR('',#8415,1.);
#8415 = DIRECTION('',(-9.95799250103E-17,1.,0.));
#8416 = ORIENTED_EDGE('',*,*,#7840,.T.);
#8417 = ORIENTED_EDGE('',*,*,#8394,.F.);
#8418 = ORIENTED_EDGE('',*,*,#7666,.F.);
#8419 = PLANE('',#8420);
#8420 = AXIS2_PLACEMENT_3D('',#8421,#8422,#8423);
#8421 = CARTESIAN_POINT('',(-1.25,-1.15,0.15));
#8422 = DIRECTION('',(-0.,0.,-1.));
#8423 = DIRECTION('',(1.,9.95799250103E-17,0.));
#8424 = ADVANCED_FACE('',(#8425),#8436,.F.);
#8425 = FACE_BOUND('',#8426,.F.);
#8426 = EDGE_LOOP('',(#8427,#8433,#8434,#8435));
#8427 = ORIENTED_EDGE('',*,*,#8428,.T.);
#8428 = EDGE_CURVE('',#7651,#7825,#8429,.T.);
#8429 = LINE('',#8430,#8431);
#8430 = CARTESIAN_POINT('',(-1.25,-1.15,0.));
#8431 = VECTOR('',#8432,1.);
#8432 = DIRECTION('',(-9.95799250103E-17,1.,0.));
#8433 = ORIENTED_EDGE('',*,*,#7832,.T.);
#8434 = ORIENTED_EDGE('',*,*,#8411,.F.);
#8435 = ORIENTED_EDGE('',*,*,#7658,.F.);
#8436 = PLANE('',#8437);
#8437 = AXIS2_PLACEMENT_3D('',#8438,#8439,#8440);
#8438 = CARTESIAN_POINT('',(-1.25,-1.15,0.));
#8439 = DIRECTION('',(1.,9.95799250103E-17,0.));
#8440 = DIRECTION('',(0.,-0.,1.));
#8441 = ADVANCED_FACE('',(#8442),#8453,.F.);
#8442 = FACE_BOUND('',#8443,.F.);
#8443 = EDGE_LOOP('',(#8444,#8450,#8451,#8452));
#8444 = ORIENTED_EDGE('',*,*,#8445,.T.);
#8445 = EDGE_CURVE('',#7642,#7816,#8446,.T.);
#8446 = LINE('',#8447,#8448);
#8447 = CARTESIAN_POINT('',(-1.05,-1.15,0.));
#8448 = VECTOR('',#8449,1.);
#8449 = DIRECTION('',(-9.95799250103E-17,1.,0.));
#8450 = ORIENTED_EDGE('',*,*,#7824,.T.);
#8451 = ORIENTED_EDGE('',*,*,#8428,.F.);
#8452 = ORIENTED_EDGE('',*,*,#7650,.F.);
#8453 = PLANE('',#8454);
#8454 = AXIS2_PLACEMENT_3D('',#8455,#8456,#8457);
#8455 = CARTESIAN_POINT('',(-1.05,-1.15,0.));
#8456 = DIRECTION('',(0.,0.,1.));
#8457 = DIRECTION('',(-1.,-9.95799250103E-17,0.));
#8458 = ADVANCED_FACE('',(#8459),#8465,.T.);
#8459 = FACE_BOUND('',#8460,.T.);
#8460 = EDGE_LOOP('',(#8461,#8462,#8463,#8464));
#8461 = ORIENTED_EDGE('',*,*,#7641,.T.);
#8462 = ORIENTED_EDGE('',*,*,#8445,.T.);
#8463 = ORIENTED_EDGE('',*,*,#7815,.F.);
#8464 = ORIENTED_EDGE('',*,*,#7882,.F.);
#8465 = CYLINDRICAL_SURFACE('',#8466,0.25);
#8466 = AXIS2_PLACEMENT_3D('',#8467,#8468,#8469);
#8467 = CARTESIAN_POINT('',(-1.05,-1.15,0.25));
#8468 = DIRECTION('',(9.95799250103E-17,-1.,-0.));
#8469 = DIRECTION('',(1.,9.95799250103E-17,-4.440892098501E-16));
#8470 = ADVANCED_FACE('',(#8471),#8487,.T.);
#8471 = FACE_BOUND('',#8472,.T.);
#8472 = EDGE_LOOP('',(#8473,#8474,#8480,#8481));
#8473 = ORIENTED_EDGE('',*,*,#7957,.T.);
#8474 = ORIENTED_EDGE('',*,*,#8475,.T.);
#8475 = EDGE_CURVE('',#7221,#7122,#8476,.T.);
#8476 = LINE('',#8477,#8478);
#8477 = CARTESIAN_POINT('',(-0.7,0.75,0.725));
#8478 = VECTOR('',#8479,1.);
#8479 = DIRECTION('',(-9.95799250103E-17,1.,0.));
#8480 = ORIENTED_EDGE('',*,*,#7766,.F.);
#8481 = ORIENTED_EDGE('',*,*,#8482,.F.);
#8482 = EDGE_CURVE('',#7950,#7759,#8483,.T.);
#8483 = LINE('',#8484,#8485);
#8484 = CARTESIAN_POINT('',(-0.95,0.75,0.475));
#8485 = VECTOR('',#8486,1.);
#8486 = DIRECTION('',(-9.95799250103E-17,1.,0.));
#8487 = CYLINDRICAL_SURFACE('',#8488,0.25);
#8488 = AXIS2_PLACEMENT_3D('',#8489,#8490,#8491);
#8489 = CARTESIAN_POINT('',(-0.7,0.75,0.475));
#8490 = DIRECTION('',(9.95799250103E-17,-1.,-0.));
#8491 = DIRECTION('',(-1.,-9.95799250103E-17,0.));
#8492 = ADVANCED_FACE('',(#8493),#8504,.F.);
#8493 = FACE_BOUND('',#8494,.F.);
#8494 = EDGE_LOOP('',(#8495,#8501,#8502,#8503));
#8495 = ORIENTED_EDGE('',*,*,#8496,.T.);
#8496 = EDGE_CURVE('',#7941,#7750,#8497,.T.);
#8497 = LINE('',#8498,#8499);
#8498 = CARTESIAN_POINT('',(-0.95,0.75,0.25));
#8499 = VECTOR('',#8500,1.);
#8500 = DIRECTION('',(-9.95799250103E-17,1.,0.));
#8501 = ORIENTED_EDGE('',*,*,#7758,.T.);
#8502 = ORIENTED_EDGE('',*,*,#8482,.F.);
#8503 = ORIENTED_EDGE('',*,*,#7949,.F.);
#8504 = PLANE('',#8505);
#8505 = AXIS2_PLACEMENT_3D('',#8506,#8507,#8508);
#8506 = CARTESIAN_POINT('',(-0.95,0.75,0.25));
#8507 = DIRECTION('',(1.,9.95799250103E-17,0.));
#8508 = DIRECTION('',(0.,-0.,1.));
#8509 = ADVANCED_FACE('',(#8510),#8521,.F.);
#8510 = FACE_BOUND('',#8511,.F.);
#8511 = EDGE_LOOP('',(#8512,#8518,#8519,#8520));
#8512 = ORIENTED_EDGE('',*,*,#8513,.T.);
#8513 = EDGE_CURVE('',#7933,#7742,#8514,.T.);
#8514 = LINE('',#8515,#8516);
#8515 = CARTESIAN_POINT('',(-1.05,0.75,0.15));
#8516 = VECTOR('',#8517,1.);
#8517 = DIRECTION('',(-9.95799250103E-17,1.,0.));
#8518 = ORIENTED_EDGE('',*,*,#7749,.T.);
#8519 = ORIENTED_EDGE('',*,*,#8496,.F.);
#8520 = ORIENTED_EDGE('',*,*,#7940,.F.);
#8521 = CYLINDRICAL_SURFACE('',#8522,0.1);
#8522 = AXIS2_PLACEMENT_3D('',#8523,#8524,#8525);
#8523 = CARTESIAN_POINT('',(-1.05,0.75,0.25));
#8524 = DIRECTION('',(9.95799250103E-17,-1.,0.));
#8525 = DIRECTION('',(2.22044604925E-15,2.211118510737E-31,-1.));
#8526 = ADVANCED_FACE('',(#8527),#8538,.F.);
#8527 = FACE_BOUND('',#8528,.F.);
#8528 = EDGE_LOOP('',(#8529,#8535,#8536,#8537));
#8529 = ORIENTED_EDGE('',*,*,#8530,.T.);
#8530 = EDGE_CURVE('',#7925,#7734,#8531,.T.);
#8531 = LINE('',#8532,#8533);
#8532 = CARTESIAN_POINT('',(-1.25,0.75,0.15));
#8533 = VECTOR('',#8534,1.);
#8534 = DIRECTION('',(-9.95799250103E-17,1.,0.));
#8535 = ORIENTED_EDGE('',*,*,#7741,.T.);
#8536 = ORIENTED_EDGE('',*,*,#8513,.F.);
#8537 = ORIENTED_EDGE('',*,*,#7932,.F.);
#8538 = PLANE('',#8539);
#8539 = AXIS2_PLACEMENT_3D('',#8540,#8541,#8542);
#8540 = CARTESIAN_POINT('',(-1.25,0.75,0.15));
#8541 = DIRECTION('',(-0.,0.,-1.));
#8542 = DIRECTION('',(1.,9.95799250103E-17,0.));
#8543 = ADVANCED_FACE('',(#8544),#8555,.F.);
#8544 = FACE_BOUND('',#8545,.F.);
#8545 = EDGE_LOOP('',(#8546,#8552,#8553,#8554));
#8546 = ORIENTED_EDGE('',*,*,#8547,.T.);
#8547 = EDGE_CURVE('',#7917,#7726,#8548,.T.);
#8548 = LINE('',#8549,#8550);
#8549 = CARTESIAN_POINT('',(-1.25,0.75,0.));
#8550 = VECTOR('',#8551,1.);
#8551 = DIRECTION('',(-9.95799250103E-17,1.,0.));
#8552 = ORIENTED_EDGE('',*,*,#7733,.T.);
#8553 = ORIENTED_EDGE('',*,*,#8530,.F.);
#8554 = ORIENTED_EDGE('',*,*,#7924,.F.);
#8555 = PLANE('',#8556);
#8556 = AXIS2_PLACEMENT_3D('',#8557,#8558,#8559);
#8557 = CARTESIAN_POINT('',(-1.25,0.75,0.));
#8558 = DIRECTION('',(1.,9.95799250103E-17,0.));
#8559 = DIRECTION('',(0.,-0.,1.));
#8560 = ADVANCED_FACE('',(#8561),#8572,.F.);
#8561 = FACE_BOUND('',#8562,.F.);
#8562 = EDGE_LOOP('',(#8563,#8569,#8570,#8571));
#8563 = ORIENTED_EDGE('',*,*,#8564,.T.);
#8564 = EDGE_CURVE('',#7908,#7717,#8565,.T.);
#8565 = LINE('',#8566,#8567);
#8566 = CARTESIAN_POINT('',(-1.05,0.75,0.));
#8567 = VECTOR('',#8568,1.);
#8568 = DIRECTION('',(-9.95799250103E-17,1.,0.));
#8569 = ORIENTED_EDGE('',*,*,#7725,.T.);
#8570 = ORIENTED_EDGE('',*,*,#8547,.F.);
#8571 = ORIENTED_EDGE('',*,*,#7916,.F.);
#8572 = PLANE('',#8573);
#8573 = AXIS2_PLACEMENT_3D('',#8574,#8575,#8576);
#8574 = CARTESIAN_POINT('',(-1.05,0.75,0.));
#8575 = DIRECTION('',(0.,0.,1.));
#8576 = DIRECTION('',(-1.,-9.95799250103E-17,0.));
#8577 = ADVANCED_FACE('',(#8578),#8584,.T.);
#8578 = FACE_BOUND('',#8579,.T.);
#8579 = EDGE_LOOP('',(#8580,#8581,#8582,#8583));
#8580 = ORIENTED_EDGE('',*,*,#7907,.T.);
#8581 = ORIENTED_EDGE('',*,*,#8564,.T.);
#8582 = ORIENTED_EDGE('',*,*,#7716,.F.);
#8583 = ORIENTED_EDGE('',*,*,#7974,.F.);
#8584 = CYLINDRICAL_SURFACE('',#8585,0.25);
#8585 = AXIS2_PLACEMENT_3D('',#8586,#8587,#8588);
#8586 = CARTESIAN_POINT('',(-1.05,0.75,0.25));
#8587 = DIRECTION('',(9.95799250103E-17,-1.,-0.));
#8588 = DIRECTION('',(1.,9.95799250103E-17,-4.440892098501E-16));
#8589 = ADVANCED_FACE('',(#8590),#8596,.F.);
#8590 = FACE_BOUND('',#8591,.F.);
#8591 = EDGE_LOOP('',(#8592,#8593,#8594,#8595));
#8592 = ORIENTED_EDGE('',*,*,#7998,.F.);
#8593 = ORIENTED_EDGE('',*,*,#8475,.T.);
#8594 = ORIENTED_EDGE('',*,*,#7781,.T.);
#8595 = ORIENTED_EDGE('',*,*,#8325,.F.);
#8596 = PLANE('',#8597);
#8597 = AXIS2_PLACEMENT_3D('',#8598,#8599,#8600);
#8598 = CARTESIAN_POINT('',(-0.7,0.75,0.725));
#8599 = DIRECTION('',(-0.,0.,-1.));
#8600 = DIRECTION('',(1.,9.95799250103E-17,0.));
#8601 = ( GEOMETRIC_REPRESENTATION_CONTEXT(3) 
GLOBAL_UNCERTAINTY_ASSIGNED_CONTEXT((#8605)) 
GLOBAL_UNIT_ASSIGNED_CONTEXT((#8602,#8603,#8604)) REPRESENTATION_CONTEXT
('Context #1','3D Context with UNIT and UNCERTAINTY') );
#8602 = ( LENGTH_UNIT() NAMED_UNIT(*) SI_UNIT(.MILLI.,.METRE.) );
#8603 = ( NAMED_UNIT(*) PLANE_ANGLE_UNIT() SI_UNIT($,.RADIAN.) );
#8604 = ( NAMED_UNIT(*) SI_UNIT($,.STERADIAN.) SOLID_ANGLE_UNIT() );
#8605 = UNCERTAINTY_MEASURE_WITH_UNIT(LENGTH_MEASURE(2.E-06),#8602,
  'distance_accuracy_value','confusion accuracy');
#8606 = CONTEXT_DEPENDENT_SHAPE_REPRESENTATION(#8607,#8609);
#8607 = ( REPRESENTATION_RELATIONSHIP('','',#6526,#6503) 
REPRESENTATION_RELATIONSHIP_WITH_TRANSFORMATION(#8608) 
SHAPE_REPRESENTATION_RELATIONSHIP() );
#8608 = ITEM_DEFINED_TRANSFORMATION('','',#11,#6504);
#8609 = PRODUCT_DEFINITION_SHAPE('Placement','Placement of an item',
  #8610);
#8610 = NEXT_ASSEMBLY_USAGE_OCCURRENCE('13','=>[0:1:1:9]','',#6498,#6521
  ,$);
#8611 = PRODUCT_RELATED_PRODUCT_CATEGORY('part',$,(#6523));
#8612 = SHAPE_DEFINITION_REPRESENTATION(#8613,#8619);
#8613 = PRODUCT_DEFINITION_SHAPE('','',#8614);
#8614 = PRODUCT_DEFINITION('design','',#8615,#8618);
#8615 = PRODUCT_DEFINITION_FORMATION('','',#8616);
#8616 = PRODUCT('Potentiometer_Bourns_3314J_Vertical',
  'Potentiometer_Bourns_3314J_Vertical','',(#8617));
#8617 = PRODUCT_CONTEXT('',#2,'mechanical');
#8618 = PRODUCT_DEFINITION_CONTEXT('part definition',#2,'design');
#8619 = SHAPE_REPRESENTATION('',(#11,#8620),#8624);
#8620 = AXIS2_PLACEMENT_3D('',#8621,#8622,#8623);
#8621 = CARTESIAN_POINT('',(0.,0.,0.));
#8622 = DIRECTION('',(0.,0.,1.));
#8623 = DIRECTION('',(1.,0.,-0.));
#8624 = ( GEOMETRIC_REPRESENTATION_CONTEXT(3) 
GLOBAL_UNCERTAINTY_ASSIGNED_CONTEXT((#8628)) 
GLOBAL_UNIT_ASSIGNED_CONTEXT((#8625,#8626,#8627)) REPRESENTATION_CONTEXT
('Context #1','3D Context with UNIT and UNCERTAINTY') );
#8625 = ( LENGTH_UNIT() NAMED_UNIT(*) SI_UNIT(.MILLI.,.METRE.) );
#8626 = ( NAMED_UNIT(*) PLANE_ANGLE_UNIT() SI_UNIT($,.RADIAN.) );
#8627 = ( NAMED_UNIT(*) SI_UNIT($,.STERADIAN.) SOLID_ANGLE_UNIT() );
#8628 = UNCERTAINTY_MEASURE_WITH_UNIT(LENGTH_MEASURE(1.E-07),#8625,
  'distance_accuracy_value','confusion accuracy');
#8629 = CONTEXT_DEPENDENT_SHAPE_REPRESENTATION(#8630,#8632);
#8630 = ( REPRESENTATION_RELATIONSHIP('','',#8619,#10) 
REPRESENTATION_RELATIONSHIP_WITH_TRANSFORMATION(#8631) 
SHAPE_REPRESENTATION_RELATIONSHIP() );
#8631 = ITEM_DEFINED_TRANSFORMATION('','',#11,#55);
#8632 = PRODUCT_DEFINITION_SHAPE('Placement','Placement of an item',
  #8633);
#8633 = NEXT_ASSEMBLY_USAGE_OCCURRENCE('16','RV1','',#5,#8614,$);
#8634 = PRODUCT_RELATED_PRODUCT_CATEGORY('part',$,(#8616));
#8635 = SHAPE_DEFINITION_REPRESENTATION(#8636,#8642);
#8636 = PRODUCT_DEFINITION_SHAPE('','',#8637);
#8637 = PRODUCT_DEFINITION('design','',#8638,#8641);
#8638 = PRODUCT_DEFINITION_FORMATION('','',#8639);
#8639 = PRODUCT('Potentiometer_Bourns_3314J_Vertical',
  'Potentiometer_Bourns_3314J_Vertical','',(#8640));
#8640 = PRODUCT_CONTEXT('',#2,'mechanical');
#8641 = PRODUCT_DEFINITION_CONTEXT('part definition',#2,'design');
#8642 = ADVANCED_BREP_SHAPE_REPRESENTATION('',(#11,#8643),#12831);
#8643 = MANIFOLD_SOLID_BREP('',#8644);
#8644 = CLOSED_SHELL('',(#8645,#8685,#8718,#8751,#9022,#9039,#9064,#9095
    ,#9120,#9151,#9175,#9199,#9232,#9256,#9289,#9320,#9344,#9368,#9385,
    #9417,#9442,#9457,#9472,#9504,#9535,#9559,#9583,#9600,#9631,#9655,
    #9679,#9696,#9727,#9751,#9775,#9792,#9810,#9834,#9859,#9890,#9915,
    #9939,#9986,#10011,#10036,#10067,#10092,#10117,#10148,#10160,#10193,
    #10218,#10243,#10269,#10296,#10308,#10320,#10332,#10350,#10406,
    #10430,#10447,#10530,#10547,#10571,#10595,#10626,#10699,#10724,
    #10748,#10772,#10796,#10891,#10908,#10932,#10963,#10977,#10988,
    #11005,#11063,#11087,#11138,#11156,#11180,#11255,#11272,#11289,
    #11307,#11338,#11394,#11411,#11437,#11462,#11488,#11578,#11595,
    #11612,#11643,#11661,#11678,#11736,#11760,#11811,#11869,#11927,
    #11944,#11975,#12038,#12050,#12072,#12089,#12101,#12113,#12147,
    #12172,#12198,#12215,#12227,#12251,#12268,#12297,#12309,#12351,
    #12368,#12385,#12402,#12414,#12431,#12448,#12472,#12489,#12501,
    #12518,#12535,#12552,#12564,#12581,#12598,#12615,#12627,#12651,
    #12668,#12697,#12739,#12751,#12773,#12785,#12802,#12819));
#8645 = ADVANCED_FACE('',(#8646),#8680,.T.);
#8646 = FACE_BOUND('',#8647,.T.);
#8647 = EDGE_LOOP('',(#8648,#8658,#8666,#8674));
#8648 = ORIENTED_EDGE('',*,*,#8649,.T.);
#8649 = EDGE_CURVE('',#8650,#8652,#8654,.T.);
#8650 = VERTEX_POINT('',#8651);
#8651 = CARTESIAN_POINT('',(-2.2,-2.2,2.5));
#8652 = VERTEX_POINT('',#8653);
#8653 = CARTESIAN_POINT('',(-2.15,-2.2,2.5));
#8654 = LINE('',#8655,#8656);
#8655 = CARTESIAN_POINT('',(-2.25,-2.2,2.5));
#8656 = VECTOR('',#8657,1.);
#8657 = DIRECTION('',(1.,2.22044604925E-16,0.));
#8658 = ORIENTED_EDGE('',*,*,#8659,.F.);
#8659 = EDGE_CURVE('',#8660,#8652,#8662,.T.);
#8660 = VERTEX_POINT('',#8661);
#8661 = CARTESIAN_POINT('',(-2.15,-1.05,2.5));
#8662 = LINE('',#8663,#8664);
#8663 = CARTESIAN_POINT('',(-2.15,-1.05,2.5));
#8664 = VECTOR('',#8665,1.);
#8665 = DIRECTION('',(2.22044604925E-16,-1.,0.));
#8666 = ORIENTED_EDGE('',*,*,#8667,.F.);
#8667 = EDGE_CURVE('',#8668,#8660,#8670,.T.);
#8668 = VERTEX_POINT('',#8669);
#8669 = CARTESIAN_POINT('',(-2.2,-1.05,2.5));
#8670 = LINE('',#8671,#8672);
#8671 = CARTESIAN_POINT('',(-2.25,-1.05,2.5));
#8672 = VECTOR('',#8673,1.);
#8673 = DIRECTION('',(1.,2.22044604925E-16,0.));
#8674 = ORIENTED_EDGE('',*,*,#8675,.T.);
#8675 = EDGE_CURVE('',#8668,#8650,#8676,.T.);
#8676 = LINE('',#8677,#8678);
#8677 = CARTESIAN_POINT('',(-2.2,-1.05,2.5));
#8678 = VECTOR('',#8679,1.);
#8679 = DIRECTION('',(2.22044604925E-16,-1.,0.));
#8680 = PLANE('',#8681);
#8681 = AXIS2_PLACEMENT_3D('',#8682,#8683,#8684);
#8682 = CARTESIAN_POINT('',(-2.25,2.25,2.5));
#8683 = DIRECTION('',(0.,0.,1.));
#8684 = DIRECTION('',(2.22044604925E-16,-1.,0.));
#8685 = ADVANCED_FACE('',(#8686),#8713,.T.);
#8686 = FACE_BOUND('',#8687,.T.);
#8687 = EDGE_LOOP('',(#8688,#8689,#8698,#8706));
#8688 = ORIENTED_EDGE('',*,*,#8649,.F.);
#8689 = ORIENTED_EDGE('',*,*,#8690,.T.);
#8690 = EDGE_CURVE('',#8650,#8691,#8693,.T.);
#8691 = VERTEX_POINT('',#8692);
#8692 = CARTESIAN_POINT('',(-2.2,-2.25,2.45));
#8693 = CIRCLE('',#8694,5.E-02);
#8694 = AXIS2_PLACEMENT_3D('',#8695,#8696,#8697);
#8695 = CARTESIAN_POINT('',(-2.2,-2.2,2.45));
#8696 = DIRECTION('',(1.,2.22044604925E-16,-0.));
#8697 = DIRECTION('',(0.,0.,1.));
#8698 = ORIENTED_EDGE('',*,*,#8699,.T.);
#8699 = EDGE_CURVE('',#8691,#8700,#8702,.T.);
#8700 = VERTEX_POINT('',#8701);
#8701 = CARTESIAN_POINT('',(-2.15,-2.25,2.45));
#8702 = LINE('',#8703,#8704);
#8703 = CARTESIAN_POINT('',(-2.25,-2.25,2.45));
#8704 = VECTOR('',#8705,1.);
#8705 = DIRECTION('',(1.,2.22044604925E-16,0.));
#8706 = ORIENTED_EDGE('',*,*,#8707,.F.);
#8707 = EDGE_CURVE('',#8652,#8700,#8708,.T.);
#8708 = CIRCLE('',#8709,5.E-02);
#8709 = AXIS2_PLACEMENT_3D('',#8710,#8711,#8712);
#8710 = CARTESIAN_POINT('',(-2.15,-2.2,2.45));
#8711 = DIRECTION('',(1.,2.22044604925E-16,-0.));
#8712 = DIRECTION('',(0.,0.,1.));
#8713 = CYLINDRICAL_SURFACE('',#8714,5.E-02);
#8714 = AXIS2_PLACEMENT_3D('',#8715,#8716,#8717);
#8715 = CARTESIAN_POINT('',(-2.25,-2.2,2.45));
#8716 = DIRECTION('',(1.,2.22044604925E-16,0.));
#8717 = DIRECTION('',(0.,-0.,1.));
#8718 = ADVANCED_FACE('',(#8719),#8746,.T.);
#8719 = FACE_BOUND('',#8720,.T.);
#8720 = EDGE_LOOP('',(#8721,#8731,#8738,#8739));
#8721 = ORIENTED_EDGE('',*,*,#8722,.T.);
#8722 = EDGE_CURVE('',#8723,#8725,#8727,.T.);
#8723 = VERTEX_POINT('',#8724);
#8724 = CARTESIAN_POINT('',(-2.25,-1.05,2.45));
#8725 = VERTEX_POINT('',#8726);
#8726 = CARTESIAN_POINT('',(-2.25,-2.2,2.45));
#8727 = LINE('',#8728,#8729);
#8728 = CARTESIAN_POINT('',(-2.25,-1.05,2.45));
#8729 = VECTOR('',#8730,1.);
#8730 = DIRECTION('',(2.22044604925E-16,-1.,0.));
#8731 = ORIENTED_EDGE('',*,*,#8732,.T.);
#8732 = EDGE_CURVE('',#8725,#8650,#8733,.T.);
#8733 = CIRCLE('',#8734,5.E-02);
#8734 = AXIS2_PLACEMENT_3D('',#8735,#8736,#8737);
#8735 = CARTESIAN_POINT('',(-2.2,-2.2,2.45));
#8736 = DIRECTION('',(-2.22044604925E-16,1.,0.));
#8737 = DIRECTION('',(-1.,-2.22044604925E-16,0.));
#8738 = ORIENTED_EDGE('',*,*,#8675,.F.);
#8739 = ORIENTED_EDGE('',*,*,#8740,.F.);
#8740 = EDGE_CURVE('',#8723,#8668,#8741,.T.);
#8741 = CIRCLE('',#8742,5.E-02);
#8742 = AXIS2_PLACEMENT_3D('',#8743,#8744,#8745);
#8743 = CARTESIAN_POINT('',(-2.2,-1.05,2.45));
#8744 = DIRECTION('',(-2.22044604925E-16,1.,0.));
#8745 = DIRECTION('',(-1.,-2.22044604925E-16,0.));
#8746 = CYLINDRICAL_SURFACE('',#8747,5.E-02);
#8747 = AXIS2_PLACEMENT_3D('',#8748,#8749,#8750);
#8748 = CARTESIAN_POINT('',(-2.2,-1.05,2.45));
#8749 = DIRECTION('',(2.22044604925E-16,-1.,0.));
#8750 = DIRECTION('',(-1.,-2.22044604925E-16,0.));
#8751 = ADVANCED_FACE('',(#8752,#8834,#8868,#8915,#8949,#8983),#9017,.T.
  );
#8752 = FACE_BOUND('',#8753,.T.);
#8753 = EDGE_LOOP('',(#8754,#8755,#8756,#8764,#8772,#8780,#8788,#8796,
    #8804,#8812,#8820,#8828));
#8754 = ORIENTED_EDGE('',*,*,#8667,.T.);
#8755 = ORIENTED_EDGE('',*,*,#8659,.T.);
#8756 = ORIENTED_EDGE('',*,*,#8757,.T.);
#8757 = EDGE_CURVE('',#8652,#8758,#8760,.T.);
#8758 = VERTEX_POINT('',#8759);
#8759 = CARTESIAN_POINT('',(2.15,-2.2,2.5));
#8760 = LINE('',#8761,#8762);
#8761 = CARTESIAN_POINT('',(-2.15,-2.2,2.5));
#8762 = VECTOR('',#8763,1.);
#8763 = DIRECTION('',(1.,2.22044604925E-16,0.));
#8764 = ORIENTED_EDGE('',*,*,#8765,.F.);
#8765 = EDGE_CURVE('',#8766,#8758,#8768,.T.);
#8766 = VERTEX_POINT('',#8767);
#8767 = CARTESIAN_POINT('',(2.15,-1.05,2.5));
#8768 = LINE('',#8769,#8770);
#8769 = CARTESIAN_POINT('',(2.15,-1.05,2.5));
#8770 = VECTOR('',#8771,1.);
#8771 = DIRECTION('',(2.22044604925E-16,-1.,0.));
#8772 = ORIENTED_EDGE('',*,*,#8773,.T.);
#8773 = EDGE_CURVE('',#8766,#8774,#8776,.T.);
#8774 = VERTEX_POINT('',#8775);
#8775 = CARTESIAN_POINT('',(2.2,-1.05,2.5));
#8776 = LINE('',#8777,#8778);
#8777 = CARTESIAN_POINT('',(2.15,-1.05,2.5));
#8778 = VECTOR('',#8779,1.);
#8779 = DIRECTION('',(1.,2.22044604925E-16,0.));
#8780 = ORIENTED_EDGE('',*,*,#8781,.F.);
#8781 = EDGE_CURVE('',#8782,#8774,#8784,.T.);
#8782 = VERTEX_POINT('',#8783);
#8783 = CARTESIAN_POINT('',(2.2,1.05,2.5));
#8784 = LINE('',#8785,#8786);
#8785 = CARTESIAN_POINT('',(2.2,1.05,2.5));
#8786 = VECTOR('',#8787,1.);
#8787 = DIRECTION('',(2.22044604925E-16,-1.,0.));
#8788 = ORIENTED_EDGE('',*,*,#8789,.F.);
#8789 = EDGE_CURVE('',#8790,#8782,#8792,.T.);
#8790 = VERTEX_POINT('',#8791);
#8791 = CARTESIAN_POINT('',(2.15,1.05,2.5));
#8792 = LINE('',#8793,#8794);
#8793 = CARTESIAN_POINT('',(2.15,1.05,2.5));
#8794 = VECTOR('',#8795,1.);
#8795 = DIRECTION('',(1.,2.22044604925E-16,0.));
#8796 = ORIENTED_EDGE('',*,*,#8797,.F.);
#8797 = EDGE_CURVE('',#8798,#8790,#8800,.T.);
#8798 = VERTEX_POINT('',#8799);
#8799 = CARTESIAN_POINT('',(2.15,2.2,2.5));
#8800 = LINE('',#8801,#8802);
#8801 = CARTESIAN_POINT('',(2.15,2.25,2.5));
#8802 = VECTOR('',#8803,1.);
#8803 = DIRECTION('',(2.22044604925E-16,-1.,0.));
#8804 = ORIENTED_EDGE('',*,*,#8805,.F.);
#8805 = EDGE_CURVE('',#8806,#8798,#8808,.T.);
#8806 = VERTEX_POINT('',#8807);
#8807 = CARTESIAN_POINT('',(-2.15,2.2,2.5));
#8808 = LINE('',#8809,#8810);
#8809 = CARTESIAN_POINT('',(-2.15,2.2,2.5));
#8810 = VECTOR('',#8811,1.);
#8811 = DIRECTION('',(1.,2.22044604925E-16,0.));
#8812 = ORIENTED_EDGE('',*,*,#8813,.T.);
#8813 = EDGE_CURVE('',#8806,#8814,#8816,.T.);
#8814 = VERTEX_POINT('',#8815);
#8815 = CARTESIAN_POINT('',(-2.15,1.05,2.5));
#8816 = LINE('',#8817,#8818);
#8817 = CARTESIAN_POINT('',(-2.15,2.25,2.5));
#8818 = VECTOR('',#8819,1.);
#8819 = DIRECTION('',(2.22044604925E-16,-1.,0.));
#8820 = ORIENTED_EDGE('',*,*,#8821,.F.);
#8821 = EDGE_CURVE('',#8822,#8814,#8824,.T.);
#8822 = VERTEX_POINT('',#8823);
#8823 = CARTESIAN_POINT('',(-2.2,1.05,2.5));
#8824 = LINE('',#8825,#8826);
#8825 = CARTESIAN_POINT('',(-2.25,1.05,2.5));
#8826 = VECTOR('',#8827,1.);
#8827 = DIRECTION('',(1.,2.22044604925E-16,0.));
#8828 = ORIENTED_EDGE('',*,*,#8829,.T.);
#8829 = EDGE_CURVE('',#8822,#8668,#8830,.T.);
#8830 = LINE('',#8831,#8832);
#8831 = CARTESIAN_POINT('',(-2.2,1.05,2.5));
#8832 = VECTOR('',#8833,1.);
#8833 = DIRECTION('',(2.22044604925E-16,-1.,0.));
#8834 = FACE_BOUND('',#8835,.T.);
#8835 = EDGE_LOOP('',(#8836,#8846,#8854,#8862));
#8836 = ORIENTED_EDGE('',*,*,#8837,.F.);
#8837 = EDGE_CURVE('',#8838,#8840,#8842,.T.);
#8838 = VERTEX_POINT('',#8839);
#8839 = CARTESIAN_POINT('',(-1.25,0.25,2.5));
#8840 = VERTEX_POINT('',#8841);
#8841 = CARTESIAN_POINT('',(-1.259807621135,0.25,2.5));
#8842 = LINE('',#8843,#8844);
#8843 = CARTESIAN_POINT('',(-1.75,0.25,2.5));
#8844 = VECTOR('',#8845,1.);
#8845 = DIRECTION('',(-1.,-2.22044604925E-16,0.));
#8846 = ORIENTED_EDGE('',*,*,#8847,.T.);
#8847 = EDGE_CURVE('',#8838,#8848,#8850,.T.);
#8848 = VERTEX_POINT('',#8849);
#8849 = CARTESIAN_POINT('',(-1.25,-0.249662432703,2.5));
#8850 = LINE('',#8851,#8852);
#8851 = CARTESIAN_POINT('',(-1.25,1.,2.5));
#8852 = VECTOR('',#8853,1.);
#8853 = DIRECTION('',(2.22044604925E-16,-1.,0.));
#8854 = ORIENTED_EDGE('',*,*,#8855,.F.);
#8855 = EDGE_CURVE('',#8856,#8848,#8858,.T.);
#8856 = VERTEX_POINT('',#8857);
#8857 = CARTESIAN_POINT('',(-1.687624170605,3.E-03,2.5));
#8858 = LINE('',#8859,#8860);
#8859 = CARTESIAN_POINT('',(-2.041192791902,0.207132938683,2.5));
#8860 = VECTOR('',#8861,1.);
#8861 = DIRECTION('',(0.866025403784,-0.5,0.));
#8862 = ORIENTED_EDGE('',*,*,#8863,.F.);
#8863 = EDGE_CURVE('',#8840,#8856,#8864,.T.);
#8864 = LINE('',#8865,#8866);
#8865 = CARTESIAN_POINT('',(-1.06821325075,0.360617061317,2.5));
#8866 = VECTOR('',#8867,1.);
#8867 = DIRECTION('',(-0.866025403784,-0.5,0.));
#8868 = FACE_BOUND('',#8869,.T.);
#8869 = EDGE_LOOP('',(#8870,#8881,#8890,#8899,#8908));
#8870 = ORIENTED_EDGE('',*,*,#8871,.F.);
#8871 = EDGE_CURVE('',#8872,#8874,#8876,.T.);
#8872 = VERTEX_POINT('',#8873);
#8873 = CARTESIAN_POINT('',(2.6645352591E-16,-1.2,2.5));
#8874 = VERTEX_POINT('',#8875);
#8875 = CARTESIAN_POINT('',(0.15,-1.190588089979,2.5));
#8876 = CIRCLE('',#8877,1.2);
#8877 = AXIS2_PLACEMENT_3D('',#8878,#8879,#8880);
#8878 = CARTESIAN_POINT('',(0.,0.,2.5));
#8879 = DIRECTION('',(-0.,0.,1.));
#8880 = DIRECTION('',(2.22044604925E-16,-1.,0.));
#8881 = ORIENTED_EDGE('',*,*,#8882,.F.);
#8882 = EDGE_CURVE('',#8883,#8872,#8885,.T.);
#8883 = VERTEX_POINT('',#8884);
#8884 = CARTESIAN_POINT('',(-0.15,-1.190588089979,2.5));
#8885 = CIRCLE('',#8886,1.2);
#8886 = AXIS2_PLACEMENT_3D('',#8887,#8888,#8889);
#8887 = CARTESIAN_POINT('',(0.,0.,2.5));
#8888 = DIRECTION('',(-0.,0.,1.));
#8889 = DIRECTION('',(2.22044604925E-16,-1.,0.));
#8890 = ORIENTED_EDGE('',*,*,#8891,.F.);
#8891 = EDGE_CURVE('',#8892,#8883,#8894,.T.);
#8892 = VERTEX_POINT('',#8893);
#8893 = CARTESIAN_POINT('',(-0.15,1.190588089979,2.5));
#8894 = CIRCLE('',#8895,1.2);
#8895 = AXIS2_PLACEMENT_3D('',#8896,#8897,#8898);
#8896 = CARTESIAN_POINT('',(0.,0.,2.5));
#8897 = DIRECTION('',(-0.,0.,1.));
#8898 = DIRECTION('',(2.22044604925E-16,-1.,0.));
#8899 = ORIENTED_EDGE('',*,*,#8900,.F.);
#8900 = EDGE_CURVE('',#8901,#8892,#8903,.T.);
#8901 = VERTEX_POINT('',#8902);
#8902 = CARTESIAN_POINT('',(0.15,1.190588089979,2.5));
#8903 = CIRCLE('',#8904,1.2);
#8904 = AXIS2_PLACEMENT_3D('',#8905,#8906,#8907);
#8905 = CARTESIAN_POINT('',(0.,0.,2.5));
#8906 = DIRECTION('',(-0.,0.,1.));
#8907 = DIRECTION('',(2.22044604925E-16,-1.,0.));
#8908 = ORIENTED_EDGE('',*,*,#8909,.F.);
#8909 = EDGE_CURVE('',#8874,#8901,#8910,.T.);
#8910 = CIRCLE('',#8911,1.2);
#8911 = AXIS2_PLACEMENT_3D('',#8912,#8913,#8914);
#8912 = CARTESIAN_POINT('',(0.,0.,2.5));
#8913 = DIRECTION('',(-0.,0.,1.));
#8914 = DIRECTION('',(2.22044604925E-16,-1.,0.));
#8915 = FACE_BOUND('',#8916,.T.);
#8916 = EDGE_LOOP('',(#8917,#8927,#8935,#8943));
#8917 = ORIENTED_EDGE('',*,*,#8918,.F.);
#8918 = EDGE_CURVE('',#8919,#8921,#8923,.T.);
#8919 = VERTEX_POINT('',#8920);
#8920 = CARTESIAN_POINT('',(-0.994995622888,-0.796858651477,2.5));
#8921 = VERTEX_POINT('',#8922);
#8922 = CARTESIAN_POINT('',(-1.001299840234,-0.804371725148,2.5));
#8923 = LINE('',#8924,#8925);
#8924 = CARTESIAN_POINT('',(-0.504121905827,-0.211858135659,2.5));
#8925 = VECTOR('',#8926,1.);
#8926 = DIRECTION('',(-0.642787609687,-0.766044443119,0.));
#8927 = ORIENTED_EDGE('',*,*,#8928,.T.);
#8928 = EDGE_CURVE('',#8919,#8929,#8931,.T.);
#8929 = VERTEX_POINT('',#8930);
#8930 = CARTESIAN_POINT('',(-0.612231992881,-1.118035472244,2.5));
#8931 = LINE('',#8932,#8933);
#8932 = CARTESIAN_POINT('',(-1.921860417725,-1.912674397782E-02,2.5));
#8933 = VECTOR('',#8934,1.);
#8934 = DIRECTION('',(0.766044443119,-0.642787609687,0.));
#8935 = ORIENTED_EDGE('',*,*,#8936,.F.);
#8936 = EDGE_CURVE('',#8937,#8929,#8939,.T.);
#8937 = VERTEX_POINT('',#8938);
#8938 = CARTESIAN_POINT('',(-1.087082040002,-1.290866755136,2.5));
#8939 = LINE('',#8940,#8941);
#8940 = CARTESIAN_POINT('',(-0.658458950376,-1.134860708793,2.5));
#8941 = VECTOR('',#8942,1.);
#8942 = DIRECTION('',(0.939692620786,0.342020143326,0.));
#8943 = ORIENTED_EDGE('',*,*,#8944,.F.);
#8944 = EDGE_CURVE('',#8921,#8937,#8945,.T.);
#8945 = LINE('',#8946,#8947);
#8946 = CARTESIAN_POINT('',(-0.732914908298,0.717714860002,2.5));
#8947 = VECTOR('',#8948,1.);
#8948 = DIRECTION('',(-0.173648177667,-0.984807753012,0.));
#8949 = FACE_BOUND('',#8950,.T.);
#8950 = EDGE_LOOP('',(#8951,#8961,#8969,#8977));
#8951 = ORIENTED_EDGE('',*,*,#8952,.F.);
#8952 = EDGE_CURVE('',#8953,#8955,#8957,.T.);
#8953 = VERTEX_POINT('',#8954);
#8954 = CARTESIAN_POINT('',(-0.25,-1.25,2.5));
#8955 = VERTEX_POINT('',#8956);
#8956 = CARTESIAN_POINT('',(-0.25,-1.259807621135,2.5));
#8957 = LINE('',#8958,#8959);
#8958 = CARTESIAN_POINT('',(-0.25,0.5,2.5));
#8959 = VECTOR('',#8960,1.);
#8960 = DIRECTION('',(4.440892098501E-16,-1.,0.));
#8961 = ORIENTED_EDGE('',*,*,#8962,.T.);
#8962 = EDGE_CURVE('',#8953,#8963,#8965,.T.);
#8963 = VERTEX_POINT('',#8964);
#8964 = CARTESIAN_POINT('',(0.249662432703,-1.25,2.5));
#8965 = LINE('',#8966,#8967);
#8966 = CARTESIAN_POINT('',(-1.,-1.25,2.5));
#8967 = VECTOR('',#8968,1.);
#8968 = DIRECTION('',(1.,4.440892098501E-16,0.));
#8969 = ORIENTED_EDGE('',*,*,#8970,.F.);
#8970 = EDGE_CURVE('',#8971,#8963,#8973,.T.);
#8971 = VERTEX_POINT('',#8972);
#8972 = CARTESIAN_POINT('',(-2.999999999999E-03,-1.687624170605,2.5));
#8973 = LINE('',#8974,#8975);
#8974 = CARTESIAN_POINT('',(0.767145640575,-0.353692791902,2.5));
#8975 = VECTOR('',#8976,1.);
#8976 = DIRECTION('',(0.5,0.866025403784,0.));
#8977 = ORIENTED_EDGE('',*,*,#8978,.F.);
#8978 = EDGE_CURVE('',#8955,#8971,#8979,.T.);
#8979 = LINE('',#8980,#8981);
#8980 = CARTESIAN_POINT('',(-1.334895640575,0.61928674925,2.5));
#8981 = VECTOR('',#8982,1.);
#8982 = DIRECTION('',(0.5,-0.866025403784,0.));
#8983 = FACE_BOUND('',#8984,.T.);
#8984 = EDGE_LOOP('',(#8985,#8995,#9003,#9011));
#8985 = ORIENTED_EDGE('',*,*,#8986,.F.);
#8986 = EDGE_CURVE('',#8987,#8989,#8991,.T.);
#8987 = VERTEX_POINT('',#8988);
#8988 = CARTESIAN_POINT('',(1.25,-0.25,2.5));
#8989 = VERTEX_POINT('',#8990);
#8990 = CARTESIAN_POINT('',(1.259807621135,-0.25,2.5));
#8991 = LINE('',#8992,#8993);
#8992 = CARTESIAN_POINT('',(-0.5,-0.25,2.5));
#8993 = VECTOR('',#8994,1.);
#8994 = DIRECTION('',(1.,2.22044604925E-16,0.));
#8995 = ORIENTED_EDGE('',*,*,#8996,.T.);
#8996 = EDGE_CURVE('',#8987,#8997,#8999,.T.);
#8997 = VERTEX_POINT('',#8998);
#8998 = CARTESIAN_POINT('',(1.25,0.249662432703,2.5));
#8999 = LINE('',#9000,#9001);
#9000 = CARTESIAN_POINT('',(1.25,1.25,2.5));
#9001 = VECTOR('',#9002,1.);
#9002 = DIRECTION('',(-2.22044604925E-16,1.,0.));
#9003 = ORIENTED_EDGE('',*,*,#9004,.F.);
#9004 = EDGE_CURVE('',#9005,#8997,#9007,.T.);
#9005 = VERTEX_POINT('',#9006);
#9006 = CARTESIAN_POINT('',(1.687624170605,-3.E-03,2.5));
#9007 = LINE('',#9008,#9009);
#9008 = CARTESIAN_POINT('',(-0.620585787356,1.329645640575,2.5));
#9009 = VECTOR('',#9010,1.);
#9010 = DIRECTION('',(-0.866025403784,0.5,0.));
#9011 = ORIENTED_EDGE('',*,*,#9012,.F.);
#9012 = EDGE_CURVE('',#8989,#9005,#9013,.T.);
#9013 = LINE('',#9014,#9015);
#9014 = CARTESIAN_POINT('',(0.354991830007,-0.772395640575,2.5));
#9015 = VECTOR('',#9016,1.);
#9016 = DIRECTION('',(0.866025403784,0.5,0.));
#9017 = PLANE('',#9018);
#9018 = AXIS2_PLACEMENT_3D('',#9019,#9020,#9021);
#9019 = CARTESIAN_POINT('',(-2.25,2.25,2.5));
#9020 = DIRECTION('',(0.,0.,1.));
#9021 = DIRECTION('',(2.22044604925E-16,-1.,0.));
#9022 = ADVANCED_FACE('',(#9023),#9034,.T.);
#9023 = FACE_BOUND('',#9024,.T.);
#9024 = EDGE_LOOP('',(#9025,#9026,#9033));
#9025 = ORIENTED_EDGE('',*,*,#8732,.F.);
#9026 = ORIENTED_EDGE('',*,*,#9027,.T.);
#9027 = EDGE_CURVE('',#8725,#8691,#9028,.T.);
#9028 = CIRCLE('',#9029,5.E-02);
#9029 = AXIS2_PLACEMENT_3D('',#9030,#9031,#9032);
#9030 = CARTESIAN_POINT('',(-2.2,-2.2,2.45));
#9031 = DIRECTION('',(-1.33226762955E-32,6.E-17,1.));
#9032 = DIRECTION('',(2.22044604925E-16,-1.,6.E-17));
#9033 = ORIENTED_EDGE('',*,*,#8690,.F.);
#9034 = SPHERICAL_SURFACE('',#9035,5.E-02);
#9035 = AXIS2_PLACEMENT_3D('',#9036,#9037,#9038);
#9036 = CARTESIAN_POINT('',(-2.2,-2.2,2.45));
#9037 = DIRECTION('',(1.,2.22044604925E-16,0.));
#9038 = DIRECTION('',(0.,-0.,1.));
#9039 = ADVANCED_FACE('',(#9040),#9059,.T.);
#9040 = FACE_BOUND('',#9041,.T.);
#9041 = EDGE_LOOP('',(#9042,#9043,#9051,#9058));
#9042 = ORIENTED_EDGE('',*,*,#8707,.T.);
#9043 = ORIENTED_EDGE('',*,*,#9044,.T.);
#9044 = EDGE_CURVE('',#8700,#9045,#9047,.T.);
#9045 = VERTEX_POINT('',#9046);
#9046 = CARTESIAN_POINT('',(2.15,-2.25,2.45));
#9047 = LINE('',#9048,#9049);
#9048 = CARTESIAN_POINT('',(-2.15,-2.25,2.45));
#9049 = VECTOR('',#9050,1.);
#9050 = DIRECTION('',(1.,2.22044604925E-16,0.));
#9051 = ORIENTED_EDGE('',*,*,#9052,.F.);
#9052 = EDGE_CURVE('',#8758,#9045,#9053,.T.);
#9053 = CIRCLE('',#9054,5.E-02);
#9054 = AXIS2_PLACEMENT_3D('',#9055,#9056,#9057);
#9055 = CARTESIAN_POINT('',(2.15,-2.2,2.45));
#9056 = DIRECTION('',(1.,2.22044604925E-16,-0.));
#9057 = DIRECTION('',(0.,0.,1.));
#9058 = ORIENTED_EDGE('',*,*,#8757,.F.);
#9059 = CYLINDRICAL_SURFACE('',#9060,5.E-02);
#9060 = AXIS2_PLACEMENT_3D('',#9061,#9062,#9063);
#9061 = CARTESIAN_POINT('',(-2.15,-2.2,2.45));
#9062 = DIRECTION('',(1.,2.22044604925E-16,0.));
#9063 = DIRECTION('',(0.,-0.,1.));
#9064 = ADVANCED_FACE('',(#9065),#9090,.T.);
#9065 = FACE_BOUND('',#9066,.T.);
#9066 = EDGE_LOOP('',(#9067,#9068,#9076,#9084));
#9067 = ORIENTED_EDGE('',*,*,#8699,.F.);
#9068 = ORIENTED_EDGE('',*,*,#9069,.T.);
#9069 = EDGE_CURVE('',#8691,#9070,#9072,.T.);
#9070 = VERTEX_POINT('',#9071);
#9071 = CARTESIAN_POINT('',(-2.2,-2.25,2.4));
#9072 = LINE('',#9073,#9074);
#9073 = CARTESIAN_POINT('',(-2.2,-2.25,2.45));
#9074 = VECTOR('',#9075,1.);
#9075 = DIRECTION('',(-0.,0.,-1.));
#9076 = ORIENTED_EDGE('',*,*,#9077,.T.);
#9077 = EDGE_CURVE('',#9070,#9078,#9080,.T.);
#9078 = VERTEX_POINT('',#9079);
#9079 = CARTESIAN_POINT('',(-2.15,-2.25,2.4));
#9080 = LINE('',#9081,#9082);
#9081 = CARTESIAN_POINT('',(-2.25,-2.25,2.4));
#9082 = VECTOR('',#9083,1.);
#9083 = DIRECTION('',(1.,2.22044604925E-16,0.));
#9084 = ORIENTED_EDGE('',*,*,#9085,.T.);
#9085 = EDGE_CURVE('',#9078,#8700,#9086,.T.);
#9086 = LINE('',#9087,#9088);
#9087 = CARTESIAN_POINT('',(-2.15,-2.25,0.5));
#9088 = VECTOR('',#9089,1.);
#9089 = DIRECTION('',(0.,0.,1.));
#9090 = PLANE('',#9091);
#9091 = AXIS2_PLACEMENT_3D('',#9092,#9093,#9094);
#9092 = CARTESIAN_POINT('',(-2.25,-2.25,0.5));
#9093 = DIRECTION('',(2.22044604925E-16,-1.,0.));
#9094 = DIRECTION('',(0.,0.,1.));
#9095 = ADVANCED_FACE('',(#9096),#9115,.T.);
#9096 = FACE_BOUND('',#9097,.T.);
#9097 = EDGE_LOOP('',(#9098,#9106,#9107,#9108));
#9098 = ORIENTED_EDGE('',*,*,#9099,.T.);
#9099 = EDGE_CURVE('',#9100,#8723,#9102,.T.);
#9100 = VERTEX_POINT('',#9101);
#9101 = CARTESIAN_POINT('',(-2.25,1.05,2.45));
#9102 = LINE('',#9103,#9104);
#9103 = CARTESIAN_POINT('',(-2.25,1.05,2.45));
#9104 = VECTOR('',#9105,1.);
#9105 = DIRECTION('',(2.22044604925E-16,-1.,0.));
#9106 = ORIENTED_EDGE('',*,*,#8740,.T.);
#9107 = ORIENTED_EDGE('',*,*,#8829,.F.);
#9108 = ORIENTED_EDGE('',*,*,#9109,.F.);
#9109 = EDGE_CURVE('',#9100,#8822,#9110,.T.);
#9110 = CIRCLE('',#9111,5.E-02);
#9111 = AXIS2_PLACEMENT_3D('',#9112,#9113,#9114);
#9112 = CARTESIAN_POINT('',(-2.2,1.05,2.45));
#9113 = DIRECTION('',(-2.22044604925E-16,1.,0.));
#9114 = DIRECTION('',(-1.,-2.22044604925E-16,0.));
#9115 = CYLINDRICAL_SURFACE('',#9116,5.E-02);
#9116 = AXIS2_PLACEMENT_3D('',#9117,#9118,#9119);
#9117 = CARTESIAN_POINT('',(-2.2,1.05,2.45));
#9118 = DIRECTION('',(2.22044604925E-16,-1.,0.));
#9119 = DIRECTION('',(-1.,-2.22044604925E-16,0.));
#9120 = ADVANCED_FACE('',(#9121),#9146,.F.);
#9121 = FACE_BOUND('',#9122,.F.);
#9122 = EDGE_LOOP('',(#9123,#9133,#9139,#9140));
#9123 = ORIENTED_EDGE('',*,*,#9124,.F.);
#9124 = EDGE_CURVE('',#9125,#9127,#9129,.T.);
#9125 = VERTEX_POINT('',#9126);
#9126 = CARTESIAN_POINT('',(-2.25,-1.05,2.4));
#9127 = VERTEX_POINT('',#9128);
#9128 = CARTESIAN_POINT('',(-2.25,-2.2,2.4));
#9129 = LINE('',#9130,#9131);
#9130 = CARTESIAN_POINT('',(-2.25,2.25,2.4));
#9131 = VECTOR('',#9132,1.);
#9132 = DIRECTION('',(2.22044604925E-16,-1.,0.));
#9133 = ORIENTED_EDGE('',*,*,#9134,.T.);
#9134 = EDGE_CURVE('',#9125,#8723,#9135,.T.);
#9135 = LINE('',#9136,#9137);
#9136 = CARTESIAN_POINT('',(-2.25,-1.05,0.5));
#9137 = VECTOR('',#9138,1.);
#9138 = DIRECTION('',(0.,0.,1.));
#9139 = ORIENTED_EDGE('',*,*,#8722,.T.);
#9140 = ORIENTED_EDGE('',*,*,#9141,.T.);
#9141 = EDGE_CURVE('',#8725,#9127,#9142,.T.);
#9142 = LINE('',#9143,#9144);
#9143 = CARTESIAN_POINT('',(-2.25,-2.2,2.45));
#9144 = VECTOR('',#9145,1.);
#9145 = DIRECTION('',(-0.,0.,-1.));
#9146 = PLANE('',#9147);
#9147 = AXIS2_PLACEMENT_3D('',#9148,#9149,#9150);
#9148 = CARTESIAN_POINT('',(-2.25,2.25,2.4));
#9149 = DIRECTION('',(1.,2.22044604925E-16,0.));
#9150 = DIRECTION('',(0.,-0.,1.));
#9151 = ADVANCED_FACE('',(#9152),#9170,.T.);
#9152 = FACE_BOUND('',#9153,.T.);
#9153 = EDGE_LOOP('',(#9154,#9162,#9168,#9169));
#9154 = ORIENTED_EDGE('',*,*,#9155,.F.);
#9155 = EDGE_CURVE('',#9156,#8806,#9158,.T.);
#9156 = VERTEX_POINT('',#9157);
#9157 = CARTESIAN_POINT('',(-2.2,2.2,2.5));
#9158 = LINE('',#9159,#9160);
#9159 = CARTESIAN_POINT('',(-2.25,2.2,2.5));
#9160 = VECTOR('',#9161,1.);
#9161 = DIRECTION('',(1.,2.22044604925E-16,0.));
#9162 = ORIENTED_EDGE('',*,*,#9163,.T.);
#9163 = EDGE_CURVE('',#9156,#8822,#9164,.T.);
#9164 = LINE('',#9165,#9166);
#9165 = CARTESIAN_POINT('',(-2.2,2.2,2.5));
#9166 = VECTOR('',#9167,1.);
#9167 = DIRECTION('',(2.22044604925E-16,-1.,0.));
#9168 = ORIENTED_EDGE('',*,*,#8821,.T.);
#9169 = ORIENTED_EDGE('',*,*,#8813,.F.);
#9170 = PLANE('',#9171);
#9171 = AXIS2_PLACEMENT_3D('',#9172,#9173,#9174);
#9172 = CARTESIAN_POINT('',(-2.25,2.25,2.5));
#9173 = DIRECTION('',(0.,0.,1.));
#9174 = DIRECTION('',(2.22044604925E-16,-1.,0.));
#9175 = ADVANCED_FACE('',(#9176),#9194,.T.);
#9176 = FACE_BOUND('',#9177,.T.);
#9177 = EDGE_LOOP('',(#9178,#9186,#9187,#9188));
#9178 = ORIENTED_EDGE('',*,*,#9179,.F.);
#9179 = EDGE_CURVE('',#8774,#9180,#9182,.T.);
#9180 = VERTEX_POINT('',#9181);
#9181 = CARTESIAN_POINT('',(2.2,-2.2,2.5));
#9182 = LINE('',#9183,#9184);
#9183 = CARTESIAN_POINT('',(2.2,-1.05,2.5));
#9184 = VECTOR('',#9185,1.);
#9185 = DIRECTION('',(2.22044604925E-16,-1.,0.));
#9186 = ORIENTED_EDGE('',*,*,#8773,.F.);
#9187 = ORIENTED_EDGE('',*,*,#8765,.T.);
#9188 = ORIENTED_EDGE('',*,*,#9189,.T.);
#9189 = EDGE_CURVE('',#8758,#9180,#9190,.T.);
#9190 = LINE('',#9191,#9192);
#9191 = CARTESIAN_POINT('',(2.15,-2.2,2.5));
#9192 = VECTOR('',#9193,1.);
#9193 = DIRECTION('',(1.,2.22044604925E-16,0.));
#9194 = PLANE('',#9195);
#9195 = AXIS2_PLACEMENT_3D('',#9196,#9197,#9198);
#9196 = CARTESIAN_POINT('',(-2.25,2.25,2.5));
#9197 = DIRECTION('',(0.,0.,1.));
#9198 = DIRECTION('',(2.22044604925E-16,-1.,0.));
#9199 = ADVANCED_FACE('',(#9200),#9227,.T.);
#9200 = FACE_BOUND('',#9201,.T.);
#9201 = EDGE_LOOP('',(#9202,#9211,#9212,#9221));
#9202 = ORIENTED_EDGE('',*,*,#9203,.T.);
#9203 = EDGE_CURVE('',#9204,#8806,#9206,.T.);
#9204 = VERTEX_POINT('',#9205);
#9205 = CARTESIAN_POINT('',(-2.15,2.25,2.45));
#9206 = CIRCLE('',#9207,5.E-02);
#9207 = AXIS2_PLACEMENT_3D('',#9208,#9209,#9210);
#9208 = CARTESIAN_POINT('',(-2.15,2.2,2.45));
#9209 = DIRECTION('',(1.,2.22044604925E-16,-0.));
#9210 = DIRECTION('',(-2.22044604925E-16,1.,0.));
#9211 = ORIENTED_EDGE('',*,*,#8805,.T.);
#9212 = ORIENTED_EDGE('',*,*,#9213,.F.);
#9213 = EDGE_CURVE('',#9214,#8798,#9216,.T.);
#9214 = VERTEX_POINT('',#9215);
#9215 = CARTESIAN_POINT('',(2.15,2.25,2.45));
#9216 = CIRCLE('',#9217,5.E-02);
#9217 = AXIS2_PLACEMENT_3D('',#9218,#9219,#9220);
#9218 = CARTESIAN_POINT('',(2.15,2.2,2.45));
#9219 = DIRECTION('',(1.,2.22044604925E-16,-0.));
#9220 = DIRECTION('',(-2.22044604925E-16,1.,0.));
#9221 = ORIENTED_EDGE('',*,*,#9222,.F.);
#9222 = EDGE_CURVE('',#9204,#9214,#9223,.T.);
#9223 = LINE('',#9224,#9225);
#9224 = CARTESIAN_POINT('',(-2.15,2.25,2.45));
#9225 = VECTOR('',#9226,1.);
#9226 = DIRECTION('',(1.,2.22044604925E-16,0.));
#9227 = CYLINDRICAL_SURFACE('',#9228,5.E-02);
#9228 = AXIS2_PLACEMENT_3D('',#9229,#9230,#9231);
#9229 = CARTESIAN_POINT('',(-2.15,2.2,2.45));
#9230 = DIRECTION('',(1.,2.22044604925E-16,0.));
#9231 = DIRECTION('',(-2.22044604925E-16,1.,0.));
#9232 = ADVANCED_FACE('',(#9233),#9251,.T.);
#9233 = FACE_BOUND('',#9234,.T.);
#9234 = EDGE_LOOP('',(#9235,#9243,#9244,#9245));
#9235 = ORIENTED_EDGE('',*,*,#9236,.F.);
#9236 = EDGE_CURVE('',#8798,#9237,#9239,.T.);
#9237 = VERTEX_POINT('',#9238);
#9238 = CARTESIAN_POINT('',(2.2,2.2,2.5));
#9239 = LINE('',#9240,#9241);
#9240 = CARTESIAN_POINT('',(2.15,2.2,2.5));
#9241 = VECTOR('',#9242,1.);
#9242 = DIRECTION('',(1.,2.22044604925E-16,0.));
#9243 = ORIENTED_EDGE('',*,*,#8797,.T.);
#9244 = ORIENTED_EDGE('',*,*,#8789,.T.);
#9245 = ORIENTED_EDGE('',*,*,#9246,.F.);
#9246 = EDGE_CURVE('',#9237,#8782,#9247,.T.);
#9247 = LINE('',#9248,#9249);
#9248 = CARTESIAN_POINT('',(2.2,2.2,2.5));
#9249 = VECTOR('',#9250,1.);
#9250 = DIRECTION('',(2.22044604925E-16,-1.,0.));
#9251 = PLANE('',#9252);
#9252 = AXIS2_PLACEMENT_3D('',#9253,#9254,#9255);
#9253 = CARTESIAN_POINT('',(-2.25,2.25,2.5));
#9254 = DIRECTION('',(0.,0.,1.));
#9255 = DIRECTION('',(2.22044604925E-16,-1.,0.));
#9256 = ADVANCED_FACE('',(#9257),#9284,.T.);
#9257 = FACE_BOUND('',#9258,.T.);
#9258 = EDGE_LOOP('',(#9259,#9260,#9269,#9277));
#9259 = ORIENTED_EDGE('',*,*,#8781,.T.);
#9260 = ORIENTED_EDGE('',*,*,#9261,.T.);
#9261 = EDGE_CURVE('',#8774,#9262,#9264,.T.);
#9262 = VERTEX_POINT('',#9263);
#9263 = CARTESIAN_POINT('',(2.25,-1.05,2.45));
#9264 = CIRCLE('',#9265,5.E-02);
#9265 = AXIS2_PLACEMENT_3D('',#9266,#9267,#9268);
#9266 = CARTESIAN_POINT('',(2.2,-1.05,2.45));
#9267 = DIRECTION('',(-2.22044604925E-16,1.,0.));
#9268 = DIRECTION('',(0.,0.,1.));
#9269 = ORIENTED_EDGE('',*,*,#9270,.F.);
#9270 = EDGE_CURVE('',#9271,#9262,#9273,.T.);
#9271 = VERTEX_POINT('',#9272);
#9272 = CARTESIAN_POINT('',(2.25,1.05,2.45));
#9273 = LINE('',#9274,#9275);
#9274 = CARTESIAN_POINT('',(2.25,1.05,2.45));
#9275 = VECTOR('',#9276,1.);
#9276 = DIRECTION('',(2.22044604925E-16,-1.,0.));
#9277 = ORIENTED_EDGE('',*,*,#9278,.F.);
#9278 = EDGE_CURVE('',#8782,#9271,#9279,.T.);
#9279 = CIRCLE('',#9280,5.E-02);
#9280 = AXIS2_PLACEMENT_3D('',#9281,#9282,#9283);
#9281 = CARTESIAN_POINT('',(2.2,1.05,2.45));
#9282 = DIRECTION('',(-2.22044604925E-16,1.,0.));
#9283 = DIRECTION('',(0.,0.,1.));
#9284 = CYLINDRICAL_SURFACE('',#9285,5.E-02);
#9285 = AXIS2_PLACEMENT_3D('',#9286,#9287,#9288);
#9286 = CARTESIAN_POINT('',(2.2,1.05,2.45));
#9287 = DIRECTION('',(2.22044604925E-16,-1.,0.));
#9288 = DIRECTION('',(0.,0.,1.));
#9289 = ADVANCED_FACE('',(#9290),#9315,.T.);
#9290 = FACE_BOUND('',#9291,.T.);
#9291 = EDGE_LOOP('',(#9292,#9302,#9308,#9309));
#9292 = ORIENTED_EDGE('',*,*,#9293,.F.);
#9293 = EDGE_CURVE('',#9294,#9296,#9298,.T.);
#9294 = VERTEX_POINT('',#9295);
#9295 = CARTESIAN_POINT('',(-1.25,0.25,2.52));
#9296 = VERTEX_POINT('',#9297);
#9297 = CARTESIAN_POINT('',(-1.259807621135,0.25,2.52));
#9298 = LINE('',#9299,#9300);
#9299 = CARTESIAN_POINT('',(-1.25,0.25,2.52));
#9300 = VECTOR('',#9301,1.);
#9301 = DIRECTION('',(-1.,-2.22044604925E-16,0.));
#9302 = ORIENTED_EDGE('',*,*,#9303,.F.);
#9303 = EDGE_CURVE('',#8838,#9294,#9304,.T.);
#9304 = LINE('',#9305,#9306);
#9305 = CARTESIAN_POINT('',(-1.25,0.25,2.02));
#9306 = VECTOR('',#9307,1.);
#9307 = DIRECTION('',(0.,0.,1.));
#9308 = ORIENTED_EDGE('',*,*,#8837,.T.);
#9309 = ORIENTED_EDGE('',*,*,#9310,.T.);
#9310 = EDGE_CURVE('',#8840,#9296,#9311,.T.);
#9311 = LINE('',#9312,#9313);
#9312 = CARTESIAN_POINT('',(-1.259807621135,0.25,2.02));
#9313 = VECTOR('',#9314,1.);
#9314 = DIRECTION('',(0.,0.,1.));
#9315 = PLANE('',#9316);
#9316 = AXIS2_PLACEMENT_3D('',#9317,#9318,#9319);
#9317 = CARTESIAN_POINT('',(-1.25,0.25,2.02));
#9318 = DIRECTION('',(-2.22044604925E-16,1.,0.));
#9319 = DIRECTION('',(0.,0.,1.));
#9320 = ADVANCED_FACE('',(#9321),#9339,.F.);
#9321 = FACE_BOUND('',#9322,.F.);
#9322 = EDGE_LOOP('',(#9323,#9324,#9332,#9338));
#9323 = ORIENTED_EDGE('',*,*,#8847,.T.);
#9324 = ORIENTED_EDGE('',*,*,#9325,.T.);
#9325 = EDGE_CURVE('',#8848,#9326,#9328,.T.);
#9326 = VERTEX_POINT('',#9327);
#9327 = CARTESIAN_POINT('',(-1.25,-0.249662432703,2.52));
#9328 = LINE('',#9329,#9330);
#9329 = CARTESIAN_POINT('',(-1.25,-0.249662432703,2.02));
#9330 = VECTOR('',#9331,1.);
#9331 = DIRECTION('',(0.,0.,1.));
#9332 = ORIENTED_EDGE('',*,*,#9333,.T.);
#9333 = EDGE_CURVE('',#9326,#9294,#9334,.T.);
#9334 = LINE('',#9335,#9336);
#9335 = CARTESIAN_POINT('',(-1.25,-0.25,2.52));
#9336 = VECTOR('',#9337,1.);
#9337 = DIRECTION('',(-2.22044604925E-16,1.,0.));
#9338 = ORIENTED_EDGE('',*,*,#9303,.F.);
#9339 = PLANE('',#9340);
#9340 = AXIS2_PLACEMENT_3D('',#9341,#9342,#9343);
#9341 = CARTESIAN_POINT('',(-1.25,-0.25,2.02));
#9342 = DIRECTION('',(-1.,-2.22044604925E-16,0.));
#9343 = DIRECTION('',(0.,0.,1.));
#9344 = ADVANCED_FACE('',(#9345),#9363,.T.);
#9345 = FACE_BOUND('',#9346,.T.);
#9346 = EDGE_LOOP('',(#9347,#9355,#9356,#9357));
#9347 = ORIENTED_EDGE('',*,*,#9348,.F.);
#9348 = EDGE_CURVE('',#9296,#9349,#9351,.T.);
#9349 = VERTEX_POINT('',#9350);
#9350 = CARTESIAN_POINT('',(-1.687624170605,3.E-03,2.52));
#9351 = LINE('',#9352,#9353);
#9352 = CARTESIAN_POINT('',(-1.,0.4,2.52));
#9353 = VECTOR('',#9354,1.);
#9354 = DIRECTION('',(-0.866025403784,-0.5,0.));
#9355 = ORIENTED_EDGE('',*,*,#9310,.F.);
#9356 = ORIENTED_EDGE('',*,*,#8863,.T.);
#9357 = ORIENTED_EDGE('',*,*,#9358,.F.);
#9358 = EDGE_CURVE('',#9349,#8856,#9359,.T.);
#9359 = LINE('',#9360,#9361);
#9360 = CARTESIAN_POINT('',(-1.687624170605,3.E-03,2.02));
#9361 = VECTOR('',#9362,1.);
#9362 = DIRECTION('',(-0.,0.,-1.));
#9363 = PLANE('',#9364);
#9364 = AXIS2_PLACEMENT_3D('',#9365,#9366,#9367);
#9365 = CARTESIAN_POINT('',(-1.,0.4,2.02));
#9366 = DIRECTION('',(-0.5,0.866025403784,0.));
#9367 = DIRECTION('',(0.,0.,1.));
#9368 = ADVANCED_FACE('',(#9369),#9380,.T.);
#9369 = FACE_BOUND('',#9370,.T.);
#9370 = EDGE_LOOP('',(#9371,#9372,#9373,#9379));
#9371 = ORIENTED_EDGE('',*,*,#8855,.T.);
#9372 = ORIENTED_EDGE('',*,*,#9325,.T.);
#9373 = ORIENTED_EDGE('',*,*,#9374,.T.);
#9374 = EDGE_CURVE('',#9326,#9349,#9375,.T.);
#9375 = LINE('',#9376,#9377);
#9376 = CARTESIAN_POINT('',(-1.,-0.394,2.52));
#9377 = VECTOR('',#9378,1.);
#9378 = DIRECTION('',(-0.866025403784,0.5,0.));
#9379 = ORIENTED_EDGE('',*,*,#9358,.T.);
#9380 = PLANE('',#9381);
#9381 = AXIS2_PLACEMENT_3D('',#9382,#9383,#9384);
#9382 = CARTESIAN_POINT('',(-1.,-0.394,2.02));
#9383 = DIRECTION('',(-0.5,-0.866025403784,0.));
#9384 = DIRECTION('',(0.,0.,1.));
#9385 = ADVANCED_FACE('',(#9386),#9412,.F.);
#9386 = FACE_BOUND('',#9387,.F.);
#9387 = EDGE_LOOP('',(#9388,#9389,#9397,#9406));
#9388 = ORIENTED_EDGE('',*,*,#8871,.F.);
#9389 = ORIENTED_EDGE('',*,*,#9390,.F.);
#9390 = EDGE_CURVE('',#9391,#8872,#9393,.T.);
#9391 = VERTEX_POINT('',#9392);
#9392 = CARTESIAN_POINT('',(2.6645352591E-16,-1.2,2.4));
#9393 = LINE('',#9394,#9395);
#9394 = CARTESIAN_POINT('',(-2.354647408996E-17,-1.2,1.));
#9395 = VECTOR('',#9396,1.);
#9396 = DIRECTION('',(0.,0.,1.));
#9397 = ORIENTED_EDGE('',*,*,#9398,.T.);
#9398 = EDGE_CURVE('',#9391,#9399,#9401,.T.);
#9399 = VERTEX_POINT('',#9400);
#9400 = CARTESIAN_POINT('',(0.15,-1.190588089979,2.4));
#9401 = CIRCLE('',#9402,1.2);
#9402 = AXIS2_PLACEMENT_3D('',#9403,#9404,#9405);
#9403 = CARTESIAN_POINT('',(0.,0.,2.4));
#9404 = DIRECTION('',(-0.,0.,1.));
#9405 = DIRECTION('',(2.22044604925E-16,-1.,0.));
#9406 = ORIENTED_EDGE('',*,*,#9407,.T.);
#9407 = EDGE_CURVE('',#9399,#8874,#9408,.T.);
#9408 = LINE('',#9409,#9410);
#9409 = CARTESIAN_POINT('',(0.15,-1.190588089979,1.));
#9410 = VECTOR('',#9411,1.);
#9411 = DIRECTION('',(0.,0.,1.));
#9412 = CYLINDRICAL_SURFACE('',#9413,1.2);
#9413 = AXIS2_PLACEMENT_3D('',#9414,#9415,#9416);
#9414 = CARTESIAN_POINT('',(0.,0.,1.));
#9415 = DIRECTION('',(0.,0.,1.));
#9416 = DIRECTION('',(2.22044604925E-16,-1.,0.));
#9417 = ADVANCED_FACE('',(#9418),#9437,.F.);
#9418 = FACE_BOUND('',#9419,.F.);
#9419 = EDGE_LOOP('',(#9420,#9429,#9430,#9431));
#9420 = ORIENTED_EDGE('',*,*,#9421,.T.);
#9421 = EDGE_CURVE('',#9422,#9391,#9424,.T.);
#9422 = VERTEX_POINT('',#9423);
#9423 = CARTESIAN_POINT('',(-0.15,-1.190588089979,2.4));
#9424 = CIRCLE('',#9425,1.2);
#9425 = AXIS2_PLACEMENT_3D('',#9426,#9427,#9428);
#9426 = CARTESIAN_POINT('',(0.,0.,2.4));
#9427 = DIRECTION('',(-0.,0.,1.));
#9428 = DIRECTION('',(2.22044604925E-16,-1.,0.));
#9429 = ORIENTED_EDGE('',*,*,#9390,.T.);
#9430 = ORIENTED_EDGE('',*,*,#8882,.F.);
#9431 = ORIENTED_EDGE('',*,*,#9432,.F.);
#9432 = EDGE_CURVE('',#9422,#8883,#9433,.T.);
#9433 = LINE('',#9434,#9435);
#9434 = CARTESIAN_POINT('',(-0.15,-1.190588089979,1.));
#9435 = VECTOR('',#9436,1.);
#9436 = DIRECTION('',(0.,0.,1.));
#9437 = CYLINDRICAL_SURFACE('',#9438,1.2);
#9438 = AXIS2_PLACEMENT_3D('',#9439,#9440,#9441);
#9439 = CARTESIAN_POINT('',(0.,0.,1.));
#9440 = DIRECTION('',(0.,0.,1.));
#9441 = DIRECTION('',(2.22044604925E-16,-1.,0.));
#9442 = ADVANCED_FACE('',(#9443),#9452,.T.);
#9443 = FACE_BOUND('',#9444,.T.);
#9444 = EDGE_LOOP('',(#9445,#9451));
#9445 = ORIENTED_EDGE('',*,*,#9446,.F.);
#9446 = EDGE_CURVE('',#8874,#8901,#9447,.T.);
#9447 = LINE('',#9448,#9449);
#9448 = CARTESIAN_POINT('',(0.15,0.6,2.5));
#9449 = VECTOR('',#9450,1.);
#9450 = DIRECTION('',(-2.22044604925E-16,1.,0.));
#9451 = ORIENTED_EDGE('',*,*,#8909,.T.);
#9452 = PLANE('',#9453);
#9453 = AXIS2_PLACEMENT_3D('',#9454,#9455,#9456);
#9454 = CARTESIAN_POINT('',(0.,0.,2.5));
#9455 = DIRECTION('',(0.,0.,1.));
#9456 = DIRECTION('',(2.22044604925E-16,-1.,0.));
#9457 = ADVANCED_FACE('',(#9458),#9467,.T.);
#9458 = FACE_BOUND('',#9459,.T.);
#9459 = EDGE_LOOP('',(#9460,#9461));
#9460 = ORIENTED_EDGE('',*,*,#8891,.T.);
#9461 = ORIENTED_EDGE('',*,*,#9462,.T.);
#9462 = EDGE_CURVE('',#8883,#8892,#9463,.T.);
#9463 = LINE('',#9464,#9465);
#9464 = CARTESIAN_POINT('',(-0.15,0.6,2.5));
#9465 = VECTOR('',#9466,1.);
#9466 = DIRECTION('',(-2.22044604925E-16,1.,0.));
#9467 = PLANE('',#9468);
#9468 = AXIS2_PLACEMENT_3D('',#9469,#9470,#9471);
#9469 = CARTESIAN_POINT('',(0.,0.,2.5));
#9470 = DIRECTION('',(0.,0.,1.));
#9471 = DIRECTION('',(2.22044604925E-16,-1.,0.));
#9472 = ADVANCED_FACE('',(#9473),#9499,.F.);
#9473 = FACE_BOUND('',#9474,.F.);
#9474 = EDGE_LOOP('',(#9475,#9476,#9484,#9493));
#9475 = ORIENTED_EDGE('',*,*,#8900,.F.);
#9476 = ORIENTED_EDGE('',*,*,#9477,.F.);
#9477 = EDGE_CURVE('',#9478,#8901,#9480,.T.);
#9478 = VERTEX_POINT('',#9479);
#9479 = CARTESIAN_POINT('',(0.15,1.190588089979,2.4));
#9480 = LINE('',#9481,#9482);
#9481 = CARTESIAN_POINT('',(0.15,1.190588089979,1.));
#9482 = VECTOR('',#9483,1.);
#9483 = DIRECTION('',(0.,0.,1.));
#9484 = ORIENTED_EDGE('',*,*,#9485,.T.);
#9485 = EDGE_CURVE('',#9478,#9486,#9488,.T.);
#9486 = VERTEX_POINT('',#9487);
#9487 = CARTESIAN_POINT('',(-0.15,1.190588089979,2.4));
#9488 = CIRCLE('',#9489,1.2);
#9489 = AXIS2_PLACEMENT_3D('',#9490,#9491,#9492);
#9490 = CARTESIAN_POINT('',(0.,0.,2.4));
#9491 = DIRECTION('',(-0.,0.,1.));
#9492 = DIRECTION('',(2.22044604925E-16,-1.,0.));
#9493 = ORIENTED_EDGE('',*,*,#9494,.T.);
#9494 = EDGE_CURVE('',#9486,#8892,#9495,.T.);
#9495 = LINE('',#9496,#9497);
#9496 = CARTESIAN_POINT('',(-0.15,1.190588089979,1.));
#9497 = VECTOR('',#9498,1.);
#9498 = DIRECTION('',(0.,0.,1.));
#9499 = CYLINDRICAL_SURFACE('',#9500,1.2);
#9500 = AXIS2_PLACEMENT_3D('',#9501,#9502,#9503);
#9501 = CARTESIAN_POINT('',(0.,0.,1.));
#9502 = DIRECTION('',(0.,0.,1.));
#9503 = DIRECTION('',(2.22044604925E-16,-1.,0.));
#9504 = ADVANCED_FACE('',(#9505),#9530,.T.);
#9505 = FACE_BOUND('',#9506,.T.);
#9506 = EDGE_LOOP('',(#9507,#9517,#9523,#9524));
#9507 = ORIENTED_EDGE('',*,*,#9508,.F.);
#9508 = EDGE_CURVE('',#9509,#9511,#9513,.T.);
#9509 = VERTEX_POINT('',#9510);
#9510 = CARTESIAN_POINT('',(-0.994995622888,-0.796858651477,2.52));
#9511 = VERTEX_POINT('',#9512);
#9512 = CARTESIAN_POINT('',(-1.001299840234,-0.804371725148,2.52));
#9513 = LINE('',#9514,#9515);
#9514 = CARTESIAN_POINT('',(-0.994995622888,-0.796858651477,2.52));
#9515 = VECTOR('',#9516,1.);
#9516 = DIRECTION('',(-0.642787609687,-0.766044443119,0.));
#9517 = ORIENTED_EDGE('',*,*,#9518,.F.);
#9518 = EDGE_CURVE('',#8919,#9509,#9519,.T.);
#9519 = LINE('',#9520,#9521);
#9520 = CARTESIAN_POINT('',(-0.994995622888,-0.796858651477,2.02));
#9521 = VECTOR('',#9522,1.);
#9522 = DIRECTION('',(0.,0.,1.));
#9523 = ORIENTED_EDGE('',*,*,#8918,.T.);
#9524 = ORIENTED_EDGE('',*,*,#9525,.T.);
#9525 = EDGE_CURVE('',#8921,#9511,#9526,.T.);
#9526 = LINE('',#9527,#9528);
#9527 = CARTESIAN_POINT('',(-1.001299840234,-0.804371725148,2.02));
#9528 = VECTOR('',#9529,1.);
#9529 = DIRECTION('',(0.,0.,1.));
#9530 = PLANE('',#9531);
#9531 = AXIS2_PLACEMENT_3D('',#9532,#9533,#9534);
#9532 = CARTESIAN_POINT('',(-0.994995622888,-0.796858651477,2.02));
#9533 = DIRECTION('',(-0.766044443119,0.642787609687,0.));
#9534 = DIRECTION('',(0.,0.,1.));
#9535 = ADVANCED_FACE('',(#9536),#9554,.F.);
#9536 = FACE_BOUND('',#9537,.F.);
#9537 = EDGE_LOOP('',(#9538,#9539,#9547,#9553));
#9538 = ORIENTED_EDGE('',*,*,#8928,.T.);
#9539 = ORIENTED_EDGE('',*,*,#9540,.T.);
#9540 = EDGE_CURVE('',#8929,#9541,#9543,.T.);
#9541 = VERTEX_POINT('',#9542);
#9542 = CARTESIAN_POINT('',(-0.612231992881,-1.118035472244,2.52));
#9543 = LINE('',#9544,#9545);
#9544 = CARTESIAN_POINT('',(-0.612231992881,-1.118035472244,2.02));
#9545 = VECTOR('',#9546,1.);
#9546 = DIRECTION('',(0.,0.,1.));
#9547 = ORIENTED_EDGE('',*,*,#9548,.T.);
#9548 = EDGE_CURVE('',#9541,#9509,#9549,.T.);
#9549 = LINE('',#9550,#9551);
#9550 = CARTESIAN_POINT('',(-0.611973401328,-1.11825245632,2.52));
#9551 = VECTOR('',#9552,1.);
#9552 = DIRECTION('',(-0.766044443119,0.642787609687,0.));
#9553 = ORIENTED_EDGE('',*,*,#9518,.F.);
#9554 = PLANE('',#9555);
#9555 = AXIS2_PLACEMENT_3D('',#9556,#9557,#9558);
#9556 = CARTESIAN_POINT('',(-0.611973401328,-1.11825245632,2.02));
#9557 = DIRECTION('',(-0.642787609687,-0.766044443119,0.));
#9558 = DIRECTION('',(0.,0.,1.));
#9559 = ADVANCED_FACE('',(#9560),#9578,.T.);
#9560 = FACE_BOUND('',#9561,.T.);
#9561 = EDGE_LOOP('',(#9562,#9570,#9571,#9572));
#9562 = ORIENTED_EDGE('',*,*,#9563,.F.);
#9563 = EDGE_CURVE('',#9511,#9564,#9566,.T.);
#9564 = VERTEX_POINT('',#9565);
#9565 = CARTESIAN_POINT('',(-1.087082040002,-1.290866755136,2.52));
#9566 = LINE('',#9567,#9568);
#9567 = CARTESIAN_POINT('',(-0.949205386934,-0.508929399244,2.52));
#9568 = VECTOR('',#9569,1.);
#9569 = DIRECTION('',(-0.173648177667,-0.984807753012,0.));
#9570 = ORIENTED_EDGE('',*,*,#9525,.F.);
#9571 = ORIENTED_EDGE('',*,*,#8944,.T.);
#9572 = ORIENTED_EDGE('',*,*,#9573,.F.);
#9573 = EDGE_CURVE('',#9564,#8937,#9574,.T.);
#9574 = LINE('',#9575,#9576);
#9575 = CARTESIAN_POINT('',(-1.087082040002,-1.290866755136,2.02));
#9576 = VECTOR('',#9577,1.);
#9577 = DIRECTION('',(-0.,0.,-1.));
#9578 = PLANE('',#9579);
#9579 = AXIS2_PLACEMENT_3D('',#9580,#9581,#9582);
#9580 = CARTESIAN_POINT('',(-0.949205386934,-0.508929399244,2.02));
#9581 = DIRECTION('',(-0.984807753012,0.173648177667,0.));
#9582 = DIRECTION('',(0.,0.,1.));
#9583 = ADVANCED_FACE('',(#9584),#9595,.T.);
#9584 = FACE_BOUND('',#9585,.T.);
#9585 = EDGE_LOOP('',(#9586,#9587,#9588,#9594));
#9586 = ORIENTED_EDGE('',*,*,#8936,.T.);
#9587 = ORIENTED_EDGE('',*,*,#9540,.T.);
#9588 = ORIENTED_EDGE('',*,*,#9589,.T.);
#9589 = EDGE_CURVE('',#9541,#9564,#9590,.T.);
#9590 = LINE('',#9591,#9592);
#9591 = CARTESIAN_POINT('',(-0.340966099098,-1.019302761335,2.52));
#9592 = VECTOR('',#9593,1.);
#9593 = DIRECTION('',(-0.939692620786,-0.342020143326,0.));
#9594 = ORIENTED_EDGE('',*,*,#9573,.T.);
#9595 = PLANE('',#9596);
#9596 = AXIS2_PLACEMENT_3D('',#9597,#9598,#9599);
#9597 = CARTESIAN_POINT('',(-0.340966099098,-1.019302761335,2.02));
#9598 = DIRECTION('',(0.342020143326,-0.939692620786,0.));
#9599 = DIRECTION('',(0.,0.,1.));
#9600 = ADVANCED_FACE('',(#9601),#9626,.T.);
#9601 = FACE_BOUND('',#9602,.T.);
#9602 = EDGE_LOOP('',(#9603,#9613,#9619,#9620));
#9603 = ORIENTED_EDGE('',*,*,#9604,.F.);
#9604 = EDGE_CURVE('',#9605,#9607,#9609,.T.);
#9605 = VERTEX_POINT('',#9606);
#9606 = CARTESIAN_POINT('',(-0.25,-1.25,2.52));
#9607 = VERTEX_POINT('',#9608);
#9608 = CARTESIAN_POINT('',(-0.25,-1.259807621135,2.52));
#9609 = LINE('',#9610,#9611);
#9610 = CARTESIAN_POINT('',(-0.25,-1.25,2.52));
#9611 = VECTOR('',#9612,1.);
#9612 = DIRECTION('',(4.440892098501E-16,-1.,0.));
#9613 = ORIENTED_EDGE('',*,*,#9614,.F.);
#9614 = EDGE_CURVE('',#8953,#9605,#9615,.T.);
#9615 = LINE('',#9616,#9617);
#9616 = CARTESIAN_POINT('',(-0.25,-1.25,2.02));
#9617 = VECTOR('',#9618,1.);
#9618 = DIRECTION('',(0.,0.,1.));
#9619 = ORIENTED_EDGE('',*,*,#8952,.T.);
#9620 = ORIENTED_EDGE('',*,*,#9621,.T.);
#9621 = EDGE_CURVE('',#8955,#9607,#9622,.T.);
#9622 = LINE('',#9623,#9624);
#9623 = CARTESIAN_POINT('',(-0.25,-1.259807621135,2.02));
#9624 = VECTOR('',#9625,1.);
#9625 = DIRECTION('',(0.,0.,1.));
#9626 = PLANE('',#9627);
#9627 = AXIS2_PLACEMENT_3D('',#9628,#9629,#9630);
#9628 = CARTESIAN_POINT('',(-0.25,-1.25,2.02));
#9629 = DIRECTION('',(-1.,-4.440892098501E-16,0.));
#9630 = DIRECTION('',(0.,0.,1.));
#9631 = ADVANCED_FACE('',(#9632),#9650,.F.);
#9632 = FACE_BOUND('',#9633,.F.);
#9633 = EDGE_LOOP('',(#9634,#9635,#9643,#9649));
#9634 = ORIENTED_EDGE('',*,*,#8962,.T.);
#9635 = ORIENTED_EDGE('',*,*,#9636,.T.);
#9636 = EDGE_CURVE('',#8963,#9637,#9639,.T.);
#9637 = VERTEX_POINT('',#9638);
#9638 = CARTESIAN_POINT('',(0.249662432703,-1.25,2.52));
#9639 = LINE('',#9640,#9641);
#9640 = CARTESIAN_POINT('',(0.249662432703,-1.25,2.02));
#9641 = VECTOR('',#9642,1.);
#9642 = DIRECTION('',(0.,0.,1.));
#9643 = ORIENTED_EDGE('',*,*,#9644,.T.);
#9644 = EDGE_CURVE('',#9637,#9605,#9645,.T.);
#9645 = LINE('',#9646,#9647);
#9646 = CARTESIAN_POINT('',(0.25,-1.25,2.52));
#9647 = VECTOR('',#9648,1.);
#9648 = DIRECTION('',(-1.,-4.440892098501E-16,0.));
#9649 = ORIENTED_EDGE('',*,*,#9614,.F.);
#9650 = PLANE('',#9651);
#9651 = AXIS2_PLACEMENT_3D('',#9652,#9653,#9654);
#9652 = CARTESIAN_POINT('',(0.25,-1.25,2.02));
#9653 = DIRECTION('',(4.440892098501E-16,-1.,0.));
#9654 = DIRECTION('',(0.,0.,1.));
#9655 = ADVANCED_FACE('',(#9656),#9674,.T.);
#9656 = FACE_BOUND('',#9657,.T.);
#9657 = EDGE_LOOP('',(#9658,#9666,#9667,#9668));
#9658 = ORIENTED_EDGE('',*,*,#9659,.F.);
#9659 = EDGE_CURVE('',#9607,#9660,#9662,.T.);
#9660 = VERTEX_POINT('',#9661);
#9661 = CARTESIAN_POINT('',(-2.999999999999E-03,-1.687624170605,2.52));
#9662 = LINE('',#9663,#9664);
#9663 = CARTESIAN_POINT('',(-0.4,-1.,2.52));
#9664 = VECTOR('',#9665,1.);
#9665 = DIRECTION('',(0.5,-0.866025403784,0.));
#9666 = ORIENTED_EDGE('',*,*,#9621,.F.);
#9667 = ORIENTED_EDGE('',*,*,#8978,.T.);
#9668 = ORIENTED_EDGE('',*,*,#9669,.F.);
#9669 = EDGE_CURVE('',#9660,#8971,#9670,.T.);
#9670 = LINE('',#9671,#9672);
#9671 = CARTESIAN_POINT('',(-2.999999999999E-03,-1.687624170605,2.02));
#9672 = VECTOR('',#9673,1.);
#9673 = DIRECTION('',(0.,-0.,-1.));
#9674 = PLANE('',#9675);
#9675 = AXIS2_PLACEMENT_3D('',#9676,#9677,#9678);
#9676 = CARTESIAN_POINT('',(-0.4,-1.,2.02));
#9677 = DIRECTION('',(-0.866025403784,-0.5,0.));
#9678 = DIRECTION('',(0.,0.,1.));
#9679 = ADVANCED_FACE('',(#9680),#9691,.T.);
#9680 = FACE_BOUND('',#9681,.T.);
#9681 = EDGE_LOOP('',(#9682,#9683,#9684,#9690));
#9682 = ORIENTED_EDGE('',*,*,#8970,.T.);
#9683 = ORIENTED_EDGE('',*,*,#9636,.T.);
#9684 = ORIENTED_EDGE('',*,*,#9685,.T.);
#9685 = EDGE_CURVE('',#9637,#9660,#9686,.T.);
#9686 = LINE('',#9687,#9688);
#9687 = CARTESIAN_POINT('',(0.394,-1.,2.52));
#9688 = VECTOR('',#9689,1.);
#9689 = DIRECTION('',(-0.5,-0.866025403784,0.));
#9690 = ORIENTED_EDGE('',*,*,#9669,.T.);
#9691 = PLANE('',#9692);
#9692 = AXIS2_PLACEMENT_3D('',#9693,#9694,#9695);
#9693 = CARTESIAN_POINT('',(0.394,-1.,2.02));
#9694 = DIRECTION('',(0.866025403784,-0.5,0.));
#9695 = DIRECTION('',(0.,0.,1.));
#9696 = ADVANCED_FACE('',(#9697),#9722,.T.);
#9697 = FACE_BOUND('',#9698,.T.);
#9698 = EDGE_LOOP('',(#9699,#9709,#9715,#9716));
#9699 = ORIENTED_EDGE('',*,*,#9700,.F.);
#9700 = EDGE_CURVE('',#9701,#9703,#9705,.T.);
#9701 = VERTEX_POINT('',#9702);
#9702 = CARTESIAN_POINT('',(1.25,-0.25,2.52));
#9703 = VERTEX_POINT('',#9704);
#9704 = CARTESIAN_POINT('',(1.259807621135,-0.25,2.52));
#9705 = LINE('',#9706,#9707);
#9706 = CARTESIAN_POINT('',(1.25,-0.25,2.52));
#9707 = VECTOR('',#9708,1.);
#9708 = DIRECTION('',(1.,2.22044604925E-16,0.));
#9709 = ORIENTED_EDGE('',*,*,#9710,.F.);
#9710 = EDGE_CURVE('',#8987,#9701,#9711,.T.);
#9711 = LINE('',#9712,#9713);
#9712 = CARTESIAN_POINT('',(1.25,-0.25,2.02));
#9713 = VECTOR('',#9714,1.);
#9714 = DIRECTION('',(0.,0.,1.));
#9715 = ORIENTED_EDGE('',*,*,#8986,.T.);
#9716 = ORIENTED_EDGE('',*,*,#9717,.T.);
#9717 = EDGE_CURVE('',#8989,#9703,#9718,.T.);
#9718 = LINE('',#9719,#9720);
#9719 = CARTESIAN_POINT('',(1.259807621135,-0.25,2.02));
#9720 = VECTOR('',#9721,1.);
#9721 = DIRECTION('',(0.,0.,1.));
#9722 = PLANE('',#9723);
#9723 = AXIS2_PLACEMENT_3D('',#9724,#9725,#9726);
#9724 = CARTESIAN_POINT('',(1.25,-0.25,2.02));
#9725 = DIRECTION('',(2.22044604925E-16,-1.,0.));
#9726 = DIRECTION('',(0.,0.,1.));
#9727 = ADVANCED_FACE('',(#9728),#9746,.F.);
#9728 = FACE_BOUND('',#9729,.F.);
#9729 = EDGE_LOOP('',(#9730,#9731,#9739,#9745));
#9730 = ORIENTED_EDGE('',*,*,#8996,.T.);
#9731 = ORIENTED_EDGE('',*,*,#9732,.T.);
#9732 = EDGE_CURVE('',#8997,#9733,#9735,.T.);
#9733 = VERTEX_POINT('',#9734);
#9734 = CARTESIAN_POINT('',(1.25,0.249662432703,2.52));
#9735 = LINE('',#9736,#9737);
#9736 = CARTESIAN_POINT('',(1.25,0.249662432703,2.02));
#9737 = VECTOR('',#9738,1.);
#9738 = DIRECTION('',(0.,0.,1.));
#9739 = ORIENTED_EDGE('',*,*,#9740,.T.);
#9740 = EDGE_CURVE('',#9733,#9701,#9741,.T.);
#9741 = LINE('',#9742,#9743);
#9742 = CARTESIAN_POINT('',(1.25,0.25,2.52));
#9743 = VECTOR('',#9744,1.);
#9744 = DIRECTION('',(2.22044604925E-16,-1.,0.));
#9745 = ORIENTED_EDGE('',*,*,#9710,.F.);
#9746 = PLANE('',#9747);
#9747 = AXIS2_PLACEMENT_3D('',#9748,#9749,#9750);
#9748 = CARTESIAN_POINT('',(1.25,0.25,2.02));
#9749 = DIRECTION('',(1.,2.22044604925E-16,0.));
#9750 = DIRECTION('',(0.,-0.,1.));
#9751 = ADVANCED_FACE('',(#9752),#9770,.T.);
#9752 = FACE_BOUND('',#9753,.T.);
#9753 = EDGE_LOOP('',(#9754,#9762,#9763,#9764));
#9754 = ORIENTED_EDGE('',*,*,#9755,.F.);
#9755 = EDGE_CURVE('',#9703,#9756,#9758,.T.);
#9756 = VERTEX_POINT('',#9757);
#9757 = CARTESIAN_POINT('',(1.687624170605,-3.E-03,2.52));
#9758 = LINE('',#9759,#9760);
#9759 = CARTESIAN_POINT('',(1.,-0.4,2.52));
#9760 = VECTOR('',#9761,1.);
#9761 = DIRECTION('',(0.866025403784,0.5,0.));
#9762 = ORIENTED_EDGE('',*,*,#9717,.F.);
#9763 = ORIENTED_EDGE('',*,*,#9012,.T.);
#9764 = ORIENTED_EDGE('',*,*,#9765,.F.);
#9765 = EDGE_CURVE('',#9756,#9005,#9766,.T.);
#9766 = LINE('',#9767,#9768);
#9767 = CARTESIAN_POINT('',(1.687624170605,-3.E-03,2.02));
#9768 = VECTOR('',#9769,1.);
#9769 = DIRECTION('',(0.,0.,-1.));
#9770 = PLANE('',#9771);
#9771 = AXIS2_PLACEMENT_3D('',#9772,#9773,#9774);
#9772 = CARTESIAN_POINT('',(1.,-0.4,2.02));
#9773 = DIRECTION('',(0.5,-0.866025403784,0.));
#9774 = DIRECTION('',(0.,0.,1.));
#9775 = ADVANCED_FACE('',(#9776),#9787,.T.);
#9776 = FACE_BOUND('',#9777,.T.);
#9777 = EDGE_LOOP('',(#9778,#9779,#9780,#9786));
#9778 = ORIENTED_EDGE('',*,*,#9004,.T.);
#9779 = ORIENTED_EDGE('',*,*,#9732,.T.);
#9780 = ORIENTED_EDGE('',*,*,#9781,.T.);
#9781 = EDGE_CURVE('',#9733,#9756,#9782,.T.);
#9782 = LINE('',#9783,#9784);
#9783 = CARTESIAN_POINT('',(1.,0.394,2.52));
#9784 = VECTOR('',#9785,1.);
#9785 = DIRECTION('',(0.866025403784,-0.5,0.));
#9786 = ORIENTED_EDGE('',*,*,#9765,.T.);
#9787 = PLANE('',#9788);
#9788 = AXIS2_PLACEMENT_3D('',#9789,#9790,#9791);
#9789 = CARTESIAN_POINT('',(1.,0.394,2.02));
#9790 = DIRECTION('',(0.5,0.866025403784,0.));
#9791 = DIRECTION('',(0.,-0.,1.));
#9792 = ADVANCED_FACE('',(#9793),#9805,.T.);
#9793 = FACE_BOUND('',#9794,.T.);
#9794 = EDGE_LOOP('',(#9795,#9796,#9803,#9804));
#9795 = ORIENTED_EDGE('',*,*,#9141,.T.);
#9796 = ORIENTED_EDGE('',*,*,#9797,.T.);
#9797 = EDGE_CURVE('',#9127,#9070,#9798,.T.);
#9798 = CIRCLE('',#9799,5.E-02);
#9799 = AXIS2_PLACEMENT_3D('',#9800,#9801,#9802);
#9800 = CARTESIAN_POINT('',(-2.2,-2.2,2.4));
#9801 = DIRECTION('',(0.,0.,1.));
#9802 = DIRECTION('',(-1.,-2.22044604925E-16,0.));
#9803 = ORIENTED_EDGE('',*,*,#9069,.F.);
#9804 = ORIENTED_EDGE('',*,*,#9027,.F.);
#9805 = CYLINDRICAL_SURFACE('',#9806,5.E-02);
#9806 = AXIS2_PLACEMENT_3D('',#9807,#9808,#9809);
#9807 = CARTESIAN_POINT('',(-2.2,-2.2,2.45));
#9808 = DIRECTION('',(-0.,0.,-1.));
#9809 = DIRECTION('',(-1.,-2.22044604925E-16,0.));
#9810 = ADVANCED_FACE('',(#9811),#9829,.T.);
#9811 = FACE_BOUND('',#9812,.T.);
#9812 = EDGE_LOOP('',(#9813,#9814,#9822,#9828));
#9813 = ORIENTED_EDGE('',*,*,#9085,.F.);
#9814 = ORIENTED_EDGE('',*,*,#9815,.F.);
#9815 = EDGE_CURVE('',#9816,#9078,#9818,.T.);
#9816 = VERTEX_POINT('',#9817);
#9817 = CARTESIAN_POINT('',(2.15,-2.25,2.4));
#9818 = LINE('',#9819,#9820);
#9819 = CARTESIAN_POINT('',(2.25,-2.25,2.4));
#9820 = VECTOR('',#9821,1.);
#9821 = DIRECTION('',(-1.,-2.22044604925E-16,0.));
#9822 = ORIENTED_EDGE('',*,*,#9823,.T.);
#9823 = EDGE_CURVE('',#9816,#9045,#9824,.T.);
#9824 = LINE('',#9825,#9826);
#9825 = CARTESIAN_POINT('',(2.15,-2.25,0.5));
#9826 = VECTOR('',#9827,1.);
#9827 = DIRECTION('',(0.,0.,1.));
#9828 = ORIENTED_EDGE('',*,*,#9044,.F.);
#9829 = PLANE('',#9830);
#9830 = AXIS2_PLACEMENT_3D('',#9831,#9832,#9833);
#9831 = CARTESIAN_POINT('',(-2.25,-2.25,2.4));
#9832 = DIRECTION('',(2.22044604925E-16,-1.,0.));
#9833 = DIRECTION('',(0.,0.,1.));
#9834 = ADVANCED_FACE('',(#9835),#9854,.T.);
#9835 = FACE_BOUND('',#9836,.T.);
#9836 = EDGE_LOOP('',(#9837,#9838,#9846,#9853));
#9837 = ORIENTED_EDGE('',*,*,#9052,.T.);
#9838 = ORIENTED_EDGE('',*,*,#9839,.T.);
#9839 = EDGE_CURVE('',#9045,#9840,#9842,.T.);
#9840 = VERTEX_POINT('',#9841);
#9841 = CARTESIAN_POINT('',(2.2,-2.25,2.45));
#9842 = LINE('',#9843,#9844);
#9843 = CARTESIAN_POINT('',(2.15,-2.25,2.45));
#9844 = VECTOR('',#9845,1.);
#9845 = DIRECTION('',(1.,2.22044604925E-16,0.));
#9846 = ORIENTED_EDGE('',*,*,#9847,.F.);
#9847 = EDGE_CURVE('',#9180,#9840,#9848,.T.);
#9848 = CIRCLE('',#9849,5.E-02);
#9849 = AXIS2_PLACEMENT_3D('',#9850,#9851,#9852);
#9850 = CARTESIAN_POINT('',(2.2,-2.2,2.45));
#9851 = DIRECTION('',(1.,2.22044604925E-16,-0.));
#9852 = DIRECTION('',(0.,0.,1.));
#9853 = ORIENTED_EDGE('',*,*,#9189,.F.);
#9854 = CYLINDRICAL_SURFACE('',#9855,5.E-02);
#9855 = AXIS2_PLACEMENT_3D('',#9856,#9857,#9858);
#9856 = CARTESIAN_POINT('',(2.15,-2.2,2.45));
#9857 = DIRECTION('',(1.,2.22044604925E-16,0.));
#9858 = DIRECTION('',(0.,-0.,1.));
#9859 = ADVANCED_FACE('',(#9860),#9885,.T.);
#9860 = FACE_BOUND('',#9861,.T.);
#9861 = EDGE_LOOP('',(#9862,#9863,#9871,#9879));
#9862 = ORIENTED_EDGE('',*,*,#9077,.F.);
#9863 = ORIENTED_EDGE('',*,*,#9864,.T.);
#9864 = EDGE_CURVE('',#9070,#9865,#9867,.T.);
#9865 = VERTEX_POINT('',#9866);
#9866 = CARTESIAN_POINT('',(-2.2,-2.25,0.5));
#9867 = LINE('',#9868,#9869);
#9868 = CARTESIAN_POINT('',(-2.2,-2.25,2.4));
#9869 = VECTOR('',#9870,1.);
#9870 = DIRECTION('',(-0.,0.,-1.));
#9871 = ORIENTED_EDGE('',*,*,#9872,.T.);
#9872 = EDGE_CURVE('',#9865,#9873,#9875,.T.);
#9873 = VERTEX_POINT('',#9874);
#9874 = CARTESIAN_POINT('',(-2.15,-2.25,0.5));
#9875 = LINE('',#9876,#9877);
#9876 = CARTESIAN_POINT('',(-2.25,-2.25,0.5));
#9877 = VECTOR('',#9878,1.);
#9878 = DIRECTION('',(1.,2.22044604925E-16,0.));
#9879 = ORIENTED_EDGE('',*,*,#9880,.T.);
#9880 = EDGE_CURVE('',#9873,#9078,#9881,.T.);
#9881 = LINE('',#9882,#9883);
#9882 = CARTESIAN_POINT('',(-2.15,-2.25,0.5));
#9883 = VECTOR('',#9884,1.);
#9884 = DIRECTION('',(0.,0.,1.));
#9885 = PLANE('',#9886);
#9886 = AXIS2_PLACEMENT_3D('',#9887,#9888,#9889);
#9887 = CARTESIAN_POINT('',(-2.25,-2.25,0.5));
#9888 = DIRECTION('',(2.22044604925E-16,-1.,0.));
#9889 = DIRECTION('',(0.,0.,1.));
#9890 = ADVANCED_FACE('',(#9891),#9910,.T.);
#9891 = FACE_BOUND('',#9892,.T.);
#9892 = EDGE_LOOP('',(#9893,#9901,#9902,#9903));
#9893 = ORIENTED_EDGE('',*,*,#9894,.T.);
#9894 = EDGE_CURVE('',#9895,#9100,#9897,.T.);
#9895 = VERTEX_POINT('',#9896);
#9896 = CARTESIAN_POINT('',(-2.25,2.2,2.45));
#9897 = LINE('',#9898,#9899);
#9898 = CARTESIAN_POINT('',(-2.25,2.2,2.45));
#9899 = VECTOR('',#9900,1.);
#9900 = DIRECTION('',(2.22044604925E-16,-1.,0.));
#9901 = ORIENTED_EDGE('',*,*,#9109,.T.);
#9902 = ORIENTED_EDGE('',*,*,#9163,.F.);
#9903 = ORIENTED_EDGE('',*,*,#9904,.F.);
#9904 = EDGE_CURVE('',#9895,#9156,#9905,.T.);
#9905 = CIRCLE('',#9906,5.E-02);
#9906 = AXIS2_PLACEMENT_3D('',#9907,#9908,#9909);
#9907 = CARTESIAN_POINT('',(-2.2,2.2,2.45));
#9908 = DIRECTION('',(-2.22044604925E-16,1.,-6.E-17));
#9909 = DIRECTION('',(-1.33226762955E-32,6.E-17,1.));
#9910 = CYLINDRICAL_SURFACE('',#9911,5.E-02);
#9911 = AXIS2_PLACEMENT_3D('',#9912,#9913,#9914);
#9912 = CARTESIAN_POINT('',(-2.2,2.2,2.45));
#9913 = DIRECTION('',(2.22044604925E-16,-1.,0.));
#9914 = DIRECTION('',(-1.,-2.22044604925E-16,0.));
#9915 = ADVANCED_FACE('',(#9916),#9934,.F.);
#9916 = FACE_BOUND('',#9917,.F.);
#9917 = EDGE_LOOP('',(#9918,#9919,#9927,#9933));
#9918 = ORIENTED_EDGE('',*,*,#9134,.F.);
#9919 = ORIENTED_EDGE('',*,*,#9920,.T.);
#9920 = EDGE_CURVE('',#9125,#9921,#9923,.T.);
#9921 = VERTEX_POINT('',#9922);
#9922 = CARTESIAN_POINT('',(-2.25,1.05,2.4));
#9923 = LINE('',#9924,#9925);
#9924 = CARTESIAN_POINT('',(-2.25,-2.25,2.4));
#9925 = VECTOR('',#9926,1.);
#9926 = DIRECTION('',(-2.22044604925E-16,1.,0.));
#9927 = ORIENTED_EDGE('',*,*,#9928,.T.);
#9928 = EDGE_CURVE('',#9921,#9100,#9929,.T.);
#9929 = LINE('',#9930,#9931);
#9930 = CARTESIAN_POINT('',(-2.25,1.05,0.5));
#9931 = VECTOR('',#9932,1.);
#9932 = DIRECTION('',(0.,0.,1.));
#9933 = ORIENTED_EDGE('',*,*,#9099,.T.);
#9934 = PLANE('',#9935);
#9935 = AXIS2_PLACEMENT_3D('',#9936,#9937,#9938);
#9936 = CARTESIAN_POINT('',(-2.25,2.25,2.4));
#9937 = DIRECTION('',(1.,2.22044604925E-16,0.));
#9938 = DIRECTION('',(0.,-0.,1.));
#9939 = ADVANCED_FACE('',(#9940),#9981,.F.);
#9940 = FACE_BOUND('',#9941,.F.);
#9941 = EDGE_LOOP('',(#9942,#9943,#9951,#9959,#9967,#9975));
#9942 = ORIENTED_EDGE('',*,*,#9124,.T.);
#9943 = ORIENTED_EDGE('',*,*,#9944,.T.);
#9944 = EDGE_CURVE('',#9127,#9945,#9947,.T.);
#9945 = VERTEX_POINT('',#9946);
#9946 = CARTESIAN_POINT('',(-2.25,-2.2,0.5));
#9947 = LINE('',#9948,#9949);
#9948 = CARTESIAN_POINT('',(-2.25,-2.2,2.4));
#9949 = VECTOR('',#9950,1.);
#9950 = DIRECTION('',(-0.,0.,-1.));
#9951 = ORIENTED_EDGE('',*,*,#9952,.F.);
#9952 = EDGE_CURVE('',#9953,#9945,#9955,.T.);
#9953 = VERTEX_POINT('',#9954);
#9954 = CARTESIAN_POINT('',(-2.25,-2.1,0.5));
#9955 = LINE('',#9956,#9957);
#9956 = CARTESIAN_POINT('',(-2.25,-1.05,0.5));
#9957 = VECTOR('',#9958,1.);
#9958 = DIRECTION('',(2.22044604925E-16,-1.,0.));
#9959 = ORIENTED_EDGE('',*,*,#9960,.F.);
#9960 = EDGE_CURVE('',#9961,#9953,#9963,.T.);
#9961 = VERTEX_POINT('',#9962);
#9962 = CARTESIAN_POINT('',(-2.25,-1.05,0.5));
#9963 = LINE('',#9964,#9965);
#9964 = CARTESIAN_POINT('',(-2.25,-1.05,0.5));
#9965 = VECTOR('',#9966,1.);
#9966 = DIRECTION('',(2.22044604925E-16,-1.,0.));
#9967 = ORIENTED_EDGE('',*,*,#9968,.T.);
#9968 = EDGE_CURVE('',#9961,#9969,#9971,.T.);
#9969 = VERTEX_POINT('',#9970);
#9970 = CARTESIAN_POINT('',(-2.25,-1.05,0.6));
#9971 = LINE('',#9972,#9973);
#9972 = CARTESIAN_POINT('',(-2.25,-1.05,0.5));
#9973 = VECTOR('',#9974,1.);
#9974 = DIRECTION('',(0.,0.,1.));
#9975 = ORIENTED_EDGE('',*,*,#9976,.T.);
#9976 = EDGE_CURVE('',#9969,#9125,#9977,.T.);
#9977 = LINE('',#9978,#9979);
#9978 = CARTESIAN_POINT('',(-2.25,-1.05,0.5));
#9979 = VECTOR('',#9980,1.);
#9980 = DIRECTION('',(0.,0.,1.));
#9981 = PLANE('',#9982);
#9982 = AXIS2_PLACEMENT_3D('',#9983,#9984,#9985);
#9983 = CARTESIAN_POINT('',(-2.25,-1.05,0.5));
#9984 = DIRECTION('',(1.,2.22044604925E-16,0.));
#9985 = DIRECTION('',(0.,-0.,1.));
#9986 = ADVANCED_FACE('',(#9987),#10006,.T.);
#9987 = FACE_BOUND('',#9988,.T.);
#9988 = EDGE_LOOP('',(#9989,#9997,#10004,#10005));
#9989 = ORIENTED_EDGE('',*,*,#9990,.F.);
#9990 = EDGE_CURVE('',#9991,#9204,#9993,.T.);
#9991 = VERTEX_POINT('',#9992);
#9992 = CARTESIAN_POINT('',(-2.2,2.25,2.45));
#9993 = LINE('',#9994,#9995);
#9994 = CARTESIAN_POINT('',(-2.25,2.25,2.45));
#9995 = VECTOR('',#9996,1.);
#9996 = DIRECTION('',(1.,2.22044604925E-16,0.));
#9997 = ORIENTED_EDGE('',*,*,#9998,.T.);
#9998 = EDGE_CURVE('',#9991,#9156,#9999,.T.);
#9999 = CIRCLE('',#10000,5.E-02);
#10000 = AXIS2_PLACEMENT_3D('',#10001,#10002,#10003);
#10001 = CARTESIAN_POINT('',(-2.2,2.2,2.45));
#10002 = DIRECTION('',(1.,2.22044604925E-16,-0.));
#10003 = DIRECTION('',(-2.22044604925E-16,1.,0.));
#10004 = ORIENTED_EDGE('',*,*,#9155,.T.);
#10005 = ORIENTED_EDGE('',*,*,#9203,.F.);
#10006 = CYLINDRICAL_SURFACE('',#10007,5.E-02);
#10007 = AXIS2_PLACEMENT_3D('',#10008,#10009,#10010);
#10008 = CARTESIAN_POINT('',(-2.25,2.2,2.45));
#10009 = DIRECTION('',(1.,2.22044604925E-16,0.));
#10010 = DIRECTION('',(-2.22044604925E-16,1.,0.));
#10011 = ADVANCED_FACE('',(#10012),#10031,.T.);
#10012 = FACE_BOUND('',#10013,.T.);
#10013 = EDGE_LOOP('',(#10014,#10023,#10029,#10030));
#10014 = ORIENTED_EDGE('',*,*,#10015,.T.);
#10015 = EDGE_CURVE('',#9180,#10016,#10018,.T.);
#10016 = VERTEX_POINT('',#10017);
#10017 = CARTESIAN_POINT('',(2.25,-2.2,2.45));
#10018 = CIRCLE('',#10019,5.E-02);
#10019 = AXIS2_PLACEMENT_3D('',#10020,#10021,#10022);
#10020 = CARTESIAN_POINT('',(2.2,-2.2,2.45));
#10021 = DIRECTION('',(-2.22044604925E-16,1.,0.));
#10022 = DIRECTION('',(0.,0.,1.));
#10023 = ORIENTED_EDGE('',*,*,#10024,.F.);
#10024 = EDGE_CURVE('',#9262,#10016,#10025,.T.);
#10025 = LINE('',#10026,#10027);
#10026 = CARTESIAN_POINT('',(2.25,-1.05,2.45));
#10027 = VECTOR('',#10028,1.);
#10028 = DIRECTION('',(2.22044604925E-16,-1.,0.));
#10029 = ORIENTED_EDGE('',*,*,#9261,.F.);
#10030 = ORIENTED_EDGE('',*,*,#9179,.T.);
#10031 = CYLINDRICAL_SURFACE('',#10032,5.E-02);
#10032 = AXIS2_PLACEMENT_3D('',#10033,#10034,#10035);
#10033 = CARTESIAN_POINT('',(2.2,-1.05,2.45));
#10034 = DIRECTION('',(2.22044604925E-16,-1.,0.));
#10035 = DIRECTION('',(0.,0.,1.));
#10036 = ADVANCED_FACE('',(#10037),#10062,.F.);
#10037 = FACE_BOUND('',#10038,.F.);
#10038 = EDGE_LOOP('',(#10039,#10047,#10048,#10056));
#10039 = ORIENTED_EDGE('',*,*,#10040,.T.);
#10040 = EDGE_CURVE('',#10041,#9214,#10043,.T.);
#10041 = VERTEX_POINT('',#10042);
#10042 = CARTESIAN_POINT('',(2.15,2.25,2.4));
#10043 = LINE('',#10044,#10045);
#10044 = CARTESIAN_POINT('',(2.15,2.25,0.5));
#10045 = VECTOR('',#10046,1.);
#10046 = DIRECTION('',(0.,0.,1.));
#10047 = ORIENTED_EDGE('',*,*,#9222,.F.);
#10048 = ORIENTED_EDGE('',*,*,#10049,.F.);
#10049 = EDGE_CURVE('',#10050,#9204,#10052,.T.);
#10050 = VERTEX_POINT('',#10051);
#10051 = CARTESIAN_POINT('',(-2.15,2.25,2.4));
#10052 = LINE('',#10053,#10054);
#10053 = CARTESIAN_POINT('',(-2.15,2.25,0.5));
#10054 = VECTOR('',#10055,1.);
#10055 = DIRECTION('',(0.,0.,1.));
#10056 = ORIENTED_EDGE('',*,*,#10057,.T.);
#10057 = EDGE_CURVE('',#10050,#10041,#10058,.T.);
#10058 = LINE('',#10059,#10060);
#10059 = CARTESIAN_POINT('',(-2.25,2.25,2.4));
#10060 = VECTOR('',#10061,1.);
#10061 = DIRECTION('',(1.,2.22044604925E-16,0.));
#10062 = PLANE('',#10063);
#10063 = AXIS2_PLACEMENT_3D('',#10064,#10065,#10066);
#10064 = CARTESIAN_POINT('',(-2.25,2.25,2.4));
#10065 = DIRECTION('',(2.22044604925E-16,-1.,0.));
#10066 = DIRECTION('',(0.,0.,1.));
#10067 = ADVANCED_FACE('',(#10068),#10087,.T.);
#10068 = FACE_BOUND('',#10069,.T.);
#10069 = EDGE_LOOP('',(#10070,#10078,#10079,#10080));
#10070 = ORIENTED_EDGE('',*,*,#10071,.F.);
#10071 = EDGE_CURVE('',#9214,#10072,#10074,.T.);
#10072 = VERTEX_POINT('',#10073);
#10073 = CARTESIAN_POINT('',(2.2,2.25,2.45));
#10074 = LINE('',#10075,#10076);
#10075 = CARTESIAN_POINT('',(2.15,2.25,2.45));
#10076 = VECTOR('',#10077,1.);
#10077 = DIRECTION('',(1.,2.22044604925E-16,0.));
#10078 = ORIENTED_EDGE('',*,*,#9213,.T.);
#10079 = ORIENTED_EDGE('',*,*,#9236,.T.);
#10080 = ORIENTED_EDGE('',*,*,#10081,.F.);
#10081 = EDGE_CURVE('',#10072,#9237,#10082,.T.);
#10082 = CIRCLE('',#10083,5.E-02);
#10083 = AXIS2_PLACEMENT_3D('',#10084,#10085,#10086);
#10084 = CARTESIAN_POINT('',(2.2,2.2,2.45));
#10085 = DIRECTION('',(1.,2.22044604925E-16,-0.));
#10086 = DIRECTION('',(-2.22044604925E-16,1.,0.));
#10087 = CYLINDRICAL_SURFACE('',#10088,5.E-02);
#10088 = AXIS2_PLACEMENT_3D('',#10089,#10090,#10091);
#10089 = CARTESIAN_POINT('',(2.15,2.2,2.45));
#10090 = DIRECTION('',(1.,2.22044604925E-16,0.));
#10091 = DIRECTION('',(-2.22044604925E-16,1.,0.));
#10092 = ADVANCED_FACE('',(#10093),#10112,.T.);
#10093 = FACE_BOUND('',#10094,.T.);
#10094 = EDGE_LOOP('',(#10095,#10096,#10097,#10105));
#10095 = ORIENTED_EDGE('',*,*,#9246,.T.);
#10096 = ORIENTED_EDGE('',*,*,#9278,.T.);
#10097 = ORIENTED_EDGE('',*,*,#10098,.F.);
#10098 = EDGE_CURVE('',#10099,#9271,#10101,.T.);
#10099 = VERTEX_POINT('',#10100);
#10100 = CARTESIAN_POINT('',(2.25,2.2,2.45));
#10101 = LINE('',#10102,#10103);
#10102 = CARTESIAN_POINT('',(2.25,2.2,2.45));
#10103 = VECTOR('',#10104,1.);
#10104 = DIRECTION('',(2.22044604925E-16,-1.,0.));
#10105 = ORIENTED_EDGE('',*,*,#10106,.F.);
#10106 = EDGE_CURVE('',#9237,#10099,#10107,.T.);
#10107 = CIRCLE('',#10108,5.E-02);
#10108 = AXIS2_PLACEMENT_3D('',#10109,#10110,#10111);
#10109 = CARTESIAN_POINT('',(2.2,2.2,2.45));
#10110 = DIRECTION('',(-2.22044604925E-16,1.,-6.E-17));
#10111 = DIRECTION('',(-1.33226762955E-32,6.E-17,1.));
#10112 = CYLINDRICAL_SURFACE('',#10113,5.E-02);
#10113 = AXIS2_PLACEMENT_3D('',#10114,#10115,#10116);
#10114 = CARTESIAN_POINT('',(2.2,2.2,2.45));
#10115 = DIRECTION('',(2.22044604925E-16,-1.,0.));
#10116 = DIRECTION('',(0.,0.,1.));
#10117 = ADVANCED_FACE('',(#10118),#10143,.T.);
#10118 = FACE_BOUND('',#10119,.T.);
#10119 = EDGE_LOOP('',(#10120,#10128,#10136,#10142));
#10120 = ORIENTED_EDGE('',*,*,#10121,.F.);
#10121 = EDGE_CURVE('',#10122,#9262,#10124,.T.);
#10122 = VERTEX_POINT('',#10123);
#10123 = CARTESIAN_POINT('',(2.25,-1.05,2.4));
#10124 = LINE('',#10125,#10126);
#10125 = CARTESIAN_POINT('',(2.25,-1.05,0.5));
#10126 = VECTOR('',#10127,1.);
#10127 = DIRECTION('',(0.,0.,1.));
#10128 = ORIENTED_EDGE('',*,*,#10129,.F.);
#10129 = EDGE_CURVE('',#10130,#10122,#10132,.T.);
#10130 = VERTEX_POINT('',#10131);
#10131 = CARTESIAN_POINT('',(2.25,1.05,2.4));
#10132 = LINE('',#10133,#10134);
#10133 = CARTESIAN_POINT('',(2.25,2.25,2.4));
#10134 = VECTOR('',#10135,1.);
#10135 = DIRECTION('',(2.22044604925E-16,-1.,0.));
#10136 = ORIENTED_EDGE('',*,*,#10137,.T.);
#10137 = EDGE_CURVE('',#10130,#9271,#10138,.T.);
#10138 = LINE('',#10139,#10140);
#10139 = CARTESIAN_POINT('',(2.25,1.05,0.5));
#10140 = VECTOR('',#10141,1.);
#10141 = DIRECTION('',(0.,0.,1.));
#10142 = ORIENTED_EDGE('',*,*,#9270,.T.);
#10143 = PLANE('',#10144);
#10144 = AXIS2_PLACEMENT_3D('',#10145,#10146,#10147);
#10145 = CARTESIAN_POINT('',(2.25,2.25,2.4));
#10146 = DIRECTION('',(1.,2.22044604925E-16,0.));
#10147 = DIRECTION('',(0.,-0.,1.));
#10148 = ADVANCED_FACE('',(#10149),#10155,.T.);
#10149 = FACE_BOUND('',#10150,.T.);
#10150 = EDGE_LOOP('',(#10151,#10152,#10153,#10154));
#10151 = ORIENTED_EDGE('',*,*,#9348,.T.);
#10152 = ORIENTED_EDGE('',*,*,#9374,.F.);
#10153 = ORIENTED_EDGE('',*,*,#9333,.T.);
#10154 = ORIENTED_EDGE('',*,*,#9293,.T.);
#10155 = PLANE('',#10156);
#10156 = AXIS2_PLACEMENT_3D('',#10157,#10158,#10159);
#10157 = CARTESIAN_POINT('',(-1.25,-0.25,2.52));
#10158 = DIRECTION('',(0.,0.,1.));
#10159 = DIRECTION('',(-2.22044604925E-16,1.,0.));
#10160 = ADVANCED_FACE('',(#10161),#10188,.F.);
#10161 = FACE_BOUND('',#10162,.F.);
#10162 = EDGE_LOOP('',(#10163,#10173,#10179,#10180,#10181,#10182));
#10163 = ORIENTED_EDGE('',*,*,#10164,.F.);
#10164 = EDGE_CURVE('',#10165,#10167,#10169,.T.);
#10165 = VERTEX_POINT('',#10166);
#10166 = CARTESIAN_POINT('',(0.15,1.190588089979,2.3));
#10167 = VERTEX_POINT('',#10168);
#10168 = CARTESIAN_POINT('',(0.15,-1.190588089979,2.3));
#10169 = LINE('',#10170,#10171);
#10170 = CARTESIAN_POINT('',(0.15,1.2,2.3));
#10171 = VECTOR('',#10172,1.);
#10172 = DIRECTION('',(2.22044604925E-16,-1.,0.));
#10173 = ORIENTED_EDGE('',*,*,#10174,.T.);
#10174 = EDGE_CURVE('',#10165,#9478,#10175,.T.);
#10175 = LINE('',#10176,#10177);
#10176 = CARTESIAN_POINT('',(0.15,1.190588089979,1.));
#10177 = VECTOR('',#10178,1.);
#10178 = DIRECTION('',(0.,0.,1.));
#10179 = ORIENTED_EDGE('',*,*,#9477,.T.);
#10180 = ORIENTED_EDGE('',*,*,#9446,.F.);
#10181 = ORIENTED_EDGE('',*,*,#9407,.F.);
#10182 = ORIENTED_EDGE('',*,*,#10183,.F.);
#10183 = EDGE_CURVE('',#10167,#9399,#10184,.T.);
#10184 = LINE('',#10185,#10186);
#10185 = CARTESIAN_POINT('',(0.15,-1.190588089979,1.));
#10186 = VECTOR('',#10187,1.);
#10187 = DIRECTION('',(0.,0.,1.));
#10188 = PLANE('',#10189);
#10189 = AXIS2_PLACEMENT_3D('',#10190,#10191,#10192);
#10190 = CARTESIAN_POINT('',(0.15,1.2,2.3));
#10191 = DIRECTION('',(1.,2.22044604925E-16,0.));
#10192 = DIRECTION('',(0.,-0.,1.));
#10193 = ADVANCED_FACE('',(#10194),#10213,.F.);
#10194 = FACE_BOUND('',#10195,.F.);
#10195 = EDGE_LOOP('',(#10196,#10197,#10205,#10212));
#10196 = ORIENTED_EDGE('',*,*,#9398,.F.);
#10197 = ORIENTED_EDGE('',*,*,#10198,.F.);
#10198 = EDGE_CURVE('',#10199,#9391,#10201,.T.);
#10199 = VERTEX_POINT('',#10200);
#10200 = CARTESIAN_POINT('',(2.6645352591E-16,-1.2,2.3));
#10201 = LINE('',#10202,#10203);
#10202 = CARTESIAN_POINT('',(-2.354647408996E-17,-1.2,1.));
#10203 = VECTOR('',#10204,1.);
#10204 = DIRECTION('',(0.,0.,1.));
#10205 = ORIENTED_EDGE('',*,*,#10206,.T.);
#10206 = EDGE_CURVE('',#10199,#10167,#10207,.T.);
#10207 = CIRCLE('',#10208,1.2);
#10208 = AXIS2_PLACEMENT_3D('',#10209,#10210,#10211);
#10209 = CARTESIAN_POINT('',(0.,0.,2.3));
#10210 = DIRECTION('',(-0.,0.,1.));
#10211 = DIRECTION('',(2.22044604925E-16,-1.,0.));
#10212 = ORIENTED_EDGE('',*,*,#10183,.T.);
#10213 = CYLINDRICAL_SURFACE('',#10214,1.2);
#10214 = AXIS2_PLACEMENT_3D('',#10215,#10216,#10217);
#10215 = CARTESIAN_POINT('',(0.,0.,1.));
#10216 = DIRECTION('',(0.,0.,1.));
#10217 = DIRECTION('',(2.22044604925E-16,-1.,0.));
#10218 = ADVANCED_FACE('',(#10219),#10238,.F.);
#10219 = FACE_BOUND('',#10220,.F.);
#10220 = EDGE_LOOP('',(#10221,#10230,#10231,#10232));
#10221 = ORIENTED_EDGE('',*,*,#10222,.T.);
#10222 = EDGE_CURVE('',#10223,#10199,#10225,.T.);
#10223 = VERTEX_POINT('',#10224);
#10224 = CARTESIAN_POINT('',(-0.15,-1.190588089979,2.3));
#10225 = CIRCLE('',#10226,1.2);
#10226 = AXIS2_PLACEMENT_3D('',#10227,#10228,#10229);
#10227 = CARTESIAN_POINT('',(0.,0.,2.3));
#10228 = DIRECTION('',(-0.,0.,1.));
#10229 = DIRECTION('',(2.22044604925E-16,-1.,0.));
#10230 = ORIENTED_EDGE('',*,*,#10198,.T.);
#10231 = ORIENTED_EDGE('',*,*,#9421,.F.);
#10232 = ORIENTED_EDGE('',*,*,#10233,.F.);
#10233 = EDGE_CURVE('',#10223,#9422,#10234,.T.);
#10234 = LINE('',#10235,#10236);
#10235 = CARTESIAN_POINT('',(-0.15,-1.190588089979,1.));
#10236 = VECTOR('',#10237,1.);
#10237 = DIRECTION('',(0.,0.,1.));
#10238 = CYLINDRICAL_SURFACE('',#10239,1.2);
#10239 = AXIS2_PLACEMENT_3D('',#10240,#10241,#10242);
#10240 = CARTESIAN_POINT('',(0.,0.,1.));
#10241 = DIRECTION('',(0.,0.,1.));
#10242 = DIRECTION('',(2.22044604925E-16,-1.,0.));
#10243 = ADVANCED_FACE('',(#10244),#10264,.T.);
#10244 = FACE_BOUND('',#10245,.T.);
#10245 = EDGE_LOOP('',(#10246,#10254,#10260,#10261,#10262,#10263));
#10246 = ORIENTED_EDGE('',*,*,#10247,.F.);
#10247 = EDGE_CURVE('',#10248,#10223,#10250,.T.);
#10248 = VERTEX_POINT('',#10249);
#10249 = CARTESIAN_POINT('',(-0.15,1.190588089979,2.3));
#10250 = LINE('',#10251,#10252);
#10251 = CARTESIAN_POINT('',(-0.15,1.2,2.3));
#10252 = VECTOR('',#10253,1.);
#10253 = DIRECTION('',(2.22044604925E-16,-1.,0.));
#10254 = ORIENTED_EDGE('',*,*,#10255,.T.);
#10255 = EDGE_CURVE('',#10248,#9486,#10256,.T.);
#10256 = LINE('',#10257,#10258);
#10257 = CARTESIAN_POINT('',(-0.15,1.190588089979,1.));
#10258 = VECTOR('',#10259,1.);
#10259 = DIRECTION('',(0.,0.,1.));
#10260 = ORIENTED_EDGE('',*,*,#9494,.T.);
#10261 = ORIENTED_EDGE('',*,*,#9462,.F.);
#10262 = ORIENTED_EDGE('',*,*,#9432,.F.);
#10263 = ORIENTED_EDGE('',*,*,#10233,.F.);
#10264 = PLANE('',#10265);
#10265 = AXIS2_PLACEMENT_3D('',#10266,#10267,#10268);
#10266 = CARTESIAN_POINT('',(-0.15,1.2,2.3));
#10267 = DIRECTION('',(1.,2.22044604925E-16,0.));
#10268 = DIRECTION('',(0.,-0.,1.));
#10269 = ADVANCED_FACE('',(#10270),#10291,.F.);
#10270 = FACE_BOUND('',#10271,.F.);
#10271 = EDGE_LOOP('',(#10272,#10273,#10274,#10283,#10290));
#10272 = ORIENTED_EDGE('',*,*,#9485,.F.);
#10273 = ORIENTED_EDGE('',*,*,#10174,.F.);
#10274 = ORIENTED_EDGE('',*,*,#10275,.T.);
#10275 = EDGE_CURVE('',#10165,#10276,#10278,.T.);
#10276 = VERTEX_POINT('',#10277);
#10277 = CARTESIAN_POINT('',(-2.6645352591E-16,1.2,2.3));
#10278 = CIRCLE('',#10279,1.2);
#10279 = AXIS2_PLACEMENT_3D('',#10280,#10281,#10282);
#10280 = CARTESIAN_POINT('',(0.,0.,2.3));
#10281 = DIRECTION('',(-0.,0.,1.));
#10282 = DIRECTION('',(2.22044604925E-16,-1.,0.));
#10283 = ORIENTED_EDGE('',*,*,#10284,.T.);
#10284 = EDGE_CURVE('',#10276,#10248,#10285,.T.);
#10285 = CIRCLE('',#10286,1.2);
#10286 = AXIS2_PLACEMENT_3D('',#10287,#10288,#10289);
#10287 = CARTESIAN_POINT('',(0.,0.,2.3));
#10288 = DIRECTION('',(-0.,0.,1.));
#10289 = DIRECTION('',(2.22044604925E-16,-1.,0.));
#10290 = ORIENTED_EDGE('',*,*,#10255,.T.);
#10291 = CYLINDRICAL_SURFACE('',#10292,1.2);
#10292 = AXIS2_PLACEMENT_3D('',#10293,#10294,#10295);
#10293 = CARTESIAN_POINT('',(0.,0.,1.));
#10294 = DIRECTION('',(0.,0.,1.));
#10295 = DIRECTION('',(2.22044604925E-16,-1.,0.));
#10296 = ADVANCED_FACE('',(#10297),#10303,.T.);
#10297 = FACE_BOUND('',#10298,.T.);
#10298 = EDGE_LOOP('',(#10299,#10300,#10301,#10302));
#10299 = ORIENTED_EDGE('',*,*,#9563,.T.);
#10300 = ORIENTED_EDGE('',*,*,#9589,.F.);
#10301 = ORIENTED_EDGE('',*,*,#9548,.T.);
#10302 = ORIENTED_EDGE('',*,*,#9508,.T.);
#10303 = PLANE('',#10304);
#10304 = AXIS2_PLACEMENT_3D('',#10305,#10306,#10307);
#10305 = CARTESIAN_POINT('',(-0.611973401328,-1.11825245632,2.52));
#10306 = DIRECTION('',(0.,0.,1.));
#10307 = DIRECTION('',(-0.766044443119,0.642787609687,0.));
#10308 = ADVANCED_FACE('',(#10309),#10315,.T.);
#10309 = FACE_BOUND('',#10310,.T.);
#10310 = EDGE_LOOP('',(#10311,#10312,#10313,#10314));
#10311 = ORIENTED_EDGE('',*,*,#9659,.T.);
#10312 = ORIENTED_EDGE('',*,*,#9685,.F.);
#10313 = ORIENTED_EDGE('',*,*,#9644,.T.);
#10314 = ORIENTED_EDGE('',*,*,#9604,.T.);
#10315 = PLANE('',#10316);
#10316 = AXIS2_PLACEMENT_3D('',#10317,#10318,#10319);
#10317 = CARTESIAN_POINT('',(0.25,-1.25,2.52));
#10318 = DIRECTION('',(0.,0.,1.));
#10319 = DIRECTION('',(-1.,-4.440892098501E-16,0.));
#10320 = ADVANCED_FACE('',(#10321),#10327,.T.);
#10321 = FACE_BOUND('',#10322,.T.);
#10322 = EDGE_LOOP('',(#10323,#10324,#10325,#10326));
#10323 = ORIENTED_EDGE('',*,*,#9755,.T.);
#10324 = ORIENTED_EDGE('',*,*,#9781,.F.);
#10325 = ORIENTED_EDGE('',*,*,#9740,.T.);
#10326 = ORIENTED_EDGE('',*,*,#9700,.T.);
#10327 = PLANE('',#10328);
#10328 = AXIS2_PLACEMENT_3D('',#10329,#10330,#10331);
#10329 = CARTESIAN_POINT('',(1.25,0.25,2.52));
#10330 = DIRECTION('',(0.,0.,1.));
#10331 = DIRECTION('',(2.22044604925E-16,-1.,0.));
#10332 = ADVANCED_FACE('',(#10333),#10345,.T.);
#10333 = FACE_BOUND('',#10334,.T.);
#10334 = EDGE_LOOP('',(#10335,#10336,#10343,#10344));
#10335 = ORIENTED_EDGE('',*,*,#9944,.T.);
#10336 = ORIENTED_EDGE('',*,*,#10337,.T.);
#10337 = EDGE_CURVE('',#9945,#9865,#10338,.T.);
#10338 = CIRCLE('',#10339,5.E-02);
#10339 = AXIS2_PLACEMENT_3D('',#10340,#10341,#10342);
#10340 = CARTESIAN_POINT('',(-2.2,-2.2,0.5));
#10341 = DIRECTION('',(0.,-0.,1.));
#10342 = DIRECTION('',(1.,2.22044604925E-16,0.));
#10343 = ORIENTED_EDGE('',*,*,#9864,.F.);
#10344 = ORIENTED_EDGE('',*,*,#9797,.F.);
#10345 = CYLINDRICAL_SURFACE('',#10346,5.E-02);
#10346 = AXIS2_PLACEMENT_3D('',#10347,#10348,#10349);
#10347 = CARTESIAN_POINT('',(-2.2,-2.2,2.4));
#10348 = DIRECTION('',(-0.,0.,-1.));
#10349 = DIRECTION('',(-1.,-2.22044604925E-16,0.));
#10350 = ADVANCED_FACE('',(#10351),#10401,.T.);
#10351 = FACE_BOUND('',#10352,.T.);
#10352 = EDGE_LOOP('',(#10353,#10363,#10369,#10370,#10371,#10379,#10387,
    #10395));
#10353 = ORIENTED_EDGE('',*,*,#10354,.F.);
#10354 = EDGE_CURVE('',#10355,#10357,#10359,.T.);
#10355 = VERTEX_POINT('',#10356);
#10356 = CARTESIAN_POINT('',(2.15,-2.25,0.5));
#10357 = VERTEX_POINT('',#10358);
#10358 = CARTESIAN_POINT('',(0.25,-2.25,0.5));
#10359 = LINE('',#10360,#10361);
#10360 = CARTESIAN_POINT('',(2.25,-2.25,0.5));
#10361 = VECTOR('',#10362,1.);
#10362 = DIRECTION('',(-1.,-2.22044604925E-16,0.));
#10363 = ORIENTED_EDGE('',*,*,#10364,.T.);
#10364 = EDGE_CURVE('',#10355,#9816,#10365,.T.);
#10365 = LINE('',#10366,#10367);
#10366 = CARTESIAN_POINT('',(2.15,-2.25,0.5));
#10367 = VECTOR('',#10368,1.);
#10368 = DIRECTION('',(0.,0.,1.));
#10369 = ORIENTED_EDGE('',*,*,#9815,.T.);
#10370 = ORIENTED_EDGE('',*,*,#9880,.F.);
#10371 = ORIENTED_EDGE('',*,*,#10372,.F.);
#10372 = EDGE_CURVE('',#10373,#9873,#10375,.T.);
#10373 = VERTEX_POINT('',#10374);
#10374 = CARTESIAN_POINT('',(-0.25,-2.25,0.5));
#10375 = LINE('',#10376,#10377);
#10376 = CARTESIAN_POINT('',(2.25,-2.25,0.5));
#10377 = VECTOR('',#10378,1.);
#10378 = DIRECTION('',(-1.,-2.22044604925E-16,0.));
#10379 = ORIENTED_EDGE('',*,*,#10380,.T.);
#10380 = EDGE_CURVE('',#10373,#10381,#10383,.T.);
#10381 = VERTEX_POINT('',#10382);
#10382 = CARTESIAN_POINT('',(-0.25,-2.25,1.));
#10383 = LINE('',#10384,#10385);
#10384 = CARTESIAN_POINT('',(-0.25,-2.25,0.));
#10385 = VECTOR('',#10386,1.);
#10386 = DIRECTION('',(0.,0.,1.));
#10387 = ORIENTED_EDGE('',*,*,#10388,.F.);
#10388 = EDGE_CURVE('',#10389,#10381,#10391,.T.);
#10389 = VERTEX_POINT('',#10390);
#10390 = CARTESIAN_POINT('',(0.25,-2.25,1.));
#10391 = LINE('',#10392,#10393);
#10392 = CARTESIAN_POINT('',(1.,-2.25,1.));
#10393 = VECTOR('',#10394,1.);
#10394 = DIRECTION('',(-1.,-2.22044604925E-16,0.));
#10395 = ORIENTED_EDGE('',*,*,#10396,.F.);
#10396 = EDGE_CURVE('',#10357,#10389,#10397,.T.);
#10397 = LINE('',#10398,#10399);
#10398 = CARTESIAN_POINT('',(0.25,-2.25,0.));
#10399 = VECTOR('',#10400,1.);
#10400 = DIRECTION('',(0.,0.,1.));
#10401 = PLANE('',#10402);
#10402 = AXIS2_PLACEMENT_3D('',#10403,#10404,#10405);
#10403 = CARTESIAN_POINT('',(2.25,-2.25,0.));
#10404 = DIRECTION('',(2.22044604925E-16,-1.,0.));
#10405 = DIRECTION('',(-1.,-2.22044604925E-16,0.));
#10406 = ADVANCED_FACE('',(#10407),#10425,.T.);
#10407 = FACE_BOUND('',#10408,.T.);
#10408 = EDGE_LOOP('',(#10409,#10410,#10418,#10424));
#10409 = ORIENTED_EDGE('',*,*,#9823,.F.);
#10410 = ORIENTED_EDGE('',*,*,#10411,.T.);
#10411 = EDGE_CURVE('',#9816,#10412,#10414,.T.);
#10412 = VERTEX_POINT('',#10413);
#10413 = CARTESIAN_POINT('',(2.2,-2.25,2.4));
#10414 = LINE('',#10415,#10416);
#10415 = CARTESIAN_POINT('',(-2.25,-2.25,2.4));
#10416 = VECTOR('',#10417,1.);
#10417 = DIRECTION('',(1.,2.22044604925E-16,0.));
#10418 = ORIENTED_EDGE('',*,*,#10419,.F.);
#10419 = EDGE_CURVE('',#9840,#10412,#10420,.T.);
#10420 = LINE('',#10421,#10422);
#10421 = CARTESIAN_POINT('',(2.2,-2.25,2.45));
#10422 = VECTOR('',#10423,1.);
#10423 = DIRECTION('',(-0.,0.,-1.));
#10424 = ORIENTED_EDGE('',*,*,#9839,.F.);
#10425 = PLANE('',#10426);
#10426 = AXIS2_PLACEMENT_3D('',#10427,#10428,#10429);
#10427 = CARTESIAN_POINT('',(-2.25,-2.25,2.4));
#10428 = DIRECTION('',(2.22044604925E-16,-1.,0.));
#10429 = DIRECTION('',(0.,0.,1.));
#10430 = ADVANCED_FACE('',(#10431),#10442,.T.);
#10431 = FACE_BOUND('',#10432,.T.);
#10432 = EDGE_LOOP('',(#10433,#10440,#10441));
#10433 = ORIENTED_EDGE('',*,*,#10434,.F.);
#10434 = EDGE_CURVE('',#10016,#9840,#10435,.T.);
#10435 = CIRCLE('',#10436,5.E-02);
#10436 = AXIS2_PLACEMENT_3D('',#10437,#10438,#10439);
#10437 = CARTESIAN_POINT('',(2.2,-2.2,2.45));
#10438 = DIRECTION('',(6.E-17,1.33226762955E-32,-1.));
#10439 = DIRECTION('',(1.,2.22044604925E-16,6.E-17));
#10440 = ORIENTED_EDGE('',*,*,#10015,.F.);
#10441 = ORIENTED_EDGE('',*,*,#9847,.T.);
#10442 = SPHERICAL_SURFACE('',#10443,5.E-02);
#10443 = AXIS2_PLACEMENT_3D('',#10444,#10445,#10446);
#10444 = CARTESIAN_POINT('',(2.2,-2.2,2.45));
#10445 = DIRECTION('',(2.22044604925E-16,-1.,0.));
#10446 = DIRECTION('',(0.,0.,1.));
#10447 = ADVANCED_FACE('',(#10448),#10525,.T.);
#10448 = FACE_BOUND('',#10449,.T.);
#10449 = EDGE_LOOP('',(#10450,#10458,#10459,#10468,#10476,#10483,#10484,
    #10485,#10493,#10502,#10510,#10519));
#10450 = ORIENTED_EDGE('',*,*,#10451,.F.);
#10451 = EDGE_CURVE('',#10355,#10452,#10454,.T.);
#10452 = VERTEX_POINT('',#10453);
#10453 = CARTESIAN_POINT('',(2.2,-2.25,0.5));
#10454 = LINE('',#10455,#10456);
#10455 = CARTESIAN_POINT('',(2.15,-2.25,0.5));
#10456 = VECTOR('',#10457,1.);
#10457 = DIRECTION('',(1.,2.22044604925E-16,0.));
#10458 = ORIENTED_EDGE('',*,*,#10354,.T.);
#10459 = ORIENTED_EDGE('',*,*,#10460,.F.);
#10460 = EDGE_CURVE('',#10461,#10357,#10463,.T.);
#10461 = VERTEX_POINT('',#10462);
#10462 = CARTESIAN_POINT('',(0.25,-1.8,2.50628144669E-03));
#10463 = CIRCLE('',#10464,0.5);
#10464 = AXIS2_PLACEMENT_3D('',#10465,#10466,#10467);
#10465 = CARTESIAN_POINT('',(0.25,-1.75,0.5));
#10466 = DIRECTION('',(-1.,-2.22044604925E-16,0.));
#10467 = DIRECTION('',(2.22044604925E-16,-1.,0.));
#10468 = ORIENTED_EDGE('',*,*,#10469,.T.);
#10469 = EDGE_CURVE('',#10461,#10470,#10472,.T.);
#10470 = VERTEX_POINT('',#10471);
#10471 = CARTESIAN_POINT('',(-0.25,-1.8,2.50628144669E-03));
#10472 = LINE('',#10473,#10474);
#10473 = CARTESIAN_POINT('',(2.25,-1.8,2.50628144669E-03));
#10474 = VECTOR('',#10475,1.);
#10475 = DIRECTION('',(-1.,-2.22044604925E-16,0.));
#10476 = ORIENTED_EDGE('',*,*,#10477,.T.);
#10477 = EDGE_CURVE('',#10470,#10373,#10478,.T.);
#10478 = CIRCLE('',#10479,0.5);
#10479 = AXIS2_PLACEMENT_3D('',#10480,#10481,#10482);
#10480 = CARTESIAN_POINT('',(-0.25,-1.75,0.5));
#10481 = DIRECTION('',(-1.,-2.22044604925E-16,0.));
#10482 = DIRECTION('',(2.22044604925E-16,-1.,0.));
#10483 = ORIENTED_EDGE('',*,*,#10372,.T.);
#10484 = ORIENTED_EDGE('',*,*,#9872,.F.);
#10485 = ORIENTED_EDGE('',*,*,#10486,.F.);
#10486 = EDGE_CURVE('',#10487,#9865,#10489,.T.);
#10487 = VERTEX_POINT('',#10488);
#10488 = CARTESIAN_POINT('',(-2.25,-2.25,0.5));
#10489 = LINE('',#10490,#10491);
#10490 = CARTESIAN_POINT('',(-2.25,-2.25,0.5));
#10491 = VECTOR('',#10492,1.);
#10492 = DIRECTION('',(1.,2.22044604925E-16,0.));
#10493 = ORIENTED_EDGE('',*,*,#10494,.T.);
#10494 = EDGE_CURVE('',#10487,#10495,#10497,.T.);
#10495 = VERTEX_POINT('',#10496);
#10496 = CARTESIAN_POINT('',(-2.25,-1.75,0.));
#10497 = CIRCLE('',#10498,0.5);
#10498 = AXIS2_PLACEMENT_3D('',#10499,#10500,#10501);
#10499 = CARTESIAN_POINT('',(-2.25,-1.75,0.5));
#10500 = DIRECTION('',(1.,2.22044604925E-16,0.));
#10501 = DIRECTION('',(0.,0.,-1.));
#10502 = ORIENTED_EDGE('',*,*,#10503,.F.);
#10503 = EDGE_CURVE('',#10504,#10495,#10506,.T.);
#10504 = VERTEX_POINT('',#10505);
#10505 = CARTESIAN_POINT('',(2.25,-1.75,0.));
#10506 = LINE('',#10507,#10508);
#10507 = CARTESIAN_POINT('',(2.25,-1.75,-1.1E-16));
#10508 = VECTOR('',#10509,1.);
#10509 = DIRECTION('',(-1.,-2.22044604925E-16,0.));
#10510 = ORIENTED_EDGE('',*,*,#10511,.F.);
#10511 = EDGE_CURVE('',#10512,#10504,#10514,.T.);
#10512 = VERTEX_POINT('',#10513);
#10513 = CARTESIAN_POINT('',(2.25,-2.25,0.5));
#10514 = CIRCLE('',#10515,0.5);
#10515 = AXIS2_PLACEMENT_3D('',#10516,#10517,#10518);
#10516 = CARTESIAN_POINT('',(2.25,-1.75,0.5));
#10517 = DIRECTION('',(1.,2.22044604925E-16,0.));
#10518 = DIRECTION('',(0.,0.,-1.));
#10519 = ORIENTED_EDGE('',*,*,#10520,.F.);
#10520 = EDGE_CURVE('',#10452,#10512,#10521,.T.);
#10521 = LINE('',#10522,#10523);
#10522 = CARTESIAN_POINT('',(2.15,-2.25,0.5));
#10523 = VECTOR('',#10524,1.);
#10524 = DIRECTION('',(1.,2.22044604925E-16,0.));
#10525 = CYLINDRICAL_SURFACE('',#10526,0.5);
#10526 = AXIS2_PLACEMENT_3D('',#10527,#10528,#10529);
#10527 = CARTESIAN_POINT('',(2.25,-1.75,0.5));
#10528 = DIRECTION('',(-1.,-2.22044604925E-16,0.));
#10529 = DIRECTION('',(2.22044604925E-16,-1.,0.));
#10530 = ADVANCED_FACE('',(#10531),#10542,.T.);
#10531 = FACE_BOUND('',#10532,.T.);
#10532 = EDGE_LOOP('',(#10533,#10540,#10541));
#10533 = ORIENTED_EDGE('',*,*,#10534,.F.);
#10534 = EDGE_CURVE('',#9895,#9991,#10535,.T.);
#10535 = CIRCLE('',#10536,5.E-02);
#10536 = AXIS2_PLACEMENT_3D('',#10537,#10538,#10539);
#10537 = CARTESIAN_POINT('',(-2.2,2.2,2.45));
#10538 = DIRECTION('',(-0.,0.,-1.));
#10539 = DIRECTION('',(-1.,-2.22044604925E-16,0.));
#10540 = ORIENTED_EDGE('',*,*,#9904,.T.);
#10541 = ORIENTED_EDGE('',*,*,#9998,.F.);
#10542 = SPHERICAL_SURFACE('',#10543,5.E-02);
#10543 = AXIS2_PLACEMENT_3D('',#10544,#10545,#10546);
#10544 = CARTESIAN_POINT('',(-2.2,2.2,2.45));
#10545 = DIRECTION('',(1.,2.22044604925E-16,0.));
#10546 = DIRECTION('',(-2.22044604925E-16,1.,0.));
#10547 = ADVANCED_FACE('',(#10548),#10566,.F.);
#10548 = FACE_BOUND('',#10549,.F.);
#10549 = EDGE_LOOP('',(#10550,#10551,#10559,#10565));
#10550 = ORIENTED_EDGE('',*,*,#9928,.F.);
#10551 = ORIENTED_EDGE('',*,*,#10552,.F.);
#10552 = EDGE_CURVE('',#10553,#9921,#10555,.T.);
#10553 = VERTEX_POINT('',#10554);
#10554 = CARTESIAN_POINT('',(-2.25,2.2,2.4));
#10555 = LINE('',#10556,#10557);
#10556 = CARTESIAN_POINT('',(-2.25,2.25,2.4));
#10557 = VECTOR('',#10558,1.);
#10558 = DIRECTION('',(2.22044604925E-16,-1.,0.));
#10559 = ORIENTED_EDGE('',*,*,#10560,.T.);
#10560 = EDGE_CURVE('',#10553,#9895,#10561,.T.);
#10561 = LINE('',#10562,#10563);
#10562 = CARTESIAN_POINT('',(-2.25,2.2,2.4));
#10563 = VECTOR('',#10564,1.);
#10564 = DIRECTION('',(0.,0.,1.));
#10565 = ORIENTED_EDGE('',*,*,#9894,.T.);
#10566 = PLANE('',#10567);
#10567 = AXIS2_PLACEMENT_3D('',#10568,#10569,#10570);
#10568 = CARTESIAN_POINT('',(-2.25,2.25,2.4));
#10569 = DIRECTION('',(1.,2.22044604925E-16,0.));
#10570 = DIRECTION('',(0.,-0.,1.));
#10571 = ADVANCED_FACE('',(#10572),#10590,.T.);
#10572 = FACE_BOUND('',#10573,.T.);
#10573 = EDGE_LOOP('',(#10574,#10582,#10583,#10584));
#10574 = ORIENTED_EDGE('',*,*,#10575,.F.);
#10575 = EDGE_CURVE('',#9969,#10576,#10578,.T.);
#10576 = VERTEX_POINT('',#10577);
#10577 = CARTESIAN_POINT('',(-2.25,1.05,0.6));
#10578 = LINE('',#10579,#10580);
#10579 = CARTESIAN_POINT('',(-2.25,-0.125,0.6));
#10580 = VECTOR('',#10581,1.);
#10581 = DIRECTION('',(-2.22044604925E-16,1.,0.));
#10582 = ORIENTED_EDGE('',*,*,#9976,.T.);
#10583 = ORIENTED_EDGE('',*,*,#9920,.T.);
#10584 = ORIENTED_EDGE('',*,*,#10585,.F.);
#10585 = EDGE_CURVE('',#10576,#9921,#10586,.T.);
#10586 = LINE('',#10587,#10588);
#10587 = CARTESIAN_POINT('',(-2.25,1.05,0.5));
#10588 = VECTOR('',#10589,1.);
#10589 = DIRECTION('',(0.,0.,1.));
#10590 = PLANE('',#10591);
#10591 = AXIS2_PLACEMENT_3D('',#10592,#10593,#10594);
#10592 = CARTESIAN_POINT('',(-2.25,-2.25,0.));
#10593 = DIRECTION('',(-1.,-2.22044604925E-16,0.));
#10594 = DIRECTION('',(-2.22044604925E-16,1.,0.));
#10595 = ADVANCED_FACE('',(#10596),#10621,.F.);
#10596 = FACE_BOUND('',#10597,.F.);
#10597 = EDGE_LOOP('',(#10598,#10599,#10607,#10615));
#10598 = ORIENTED_EDGE('',*,*,#9968,.F.);
#10599 = ORIENTED_EDGE('',*,*,#10600,.T.);
#10600 = EDGE_CURVE('',#9961,#10601,#10603,.T.);
#10601 = VERTEX_POINT('',#10602);
#10602 = CARTESIAN_POINT('',(-2.15,-1.05,0.5));
#10603 = LINE('',#10604,#10605);
#10604 = CARTESIAN_POINT('',(-2.25,-1.05,0.5));
#10605 = VECTOR('',#10606,1.);
#10606 = DIRECTION('',(1.,2.22044604925E-16,0.));
#10607 = ORIENTED_EDGE('',*,*,#10608,.T.);
#10608 = EDGE_CURVE('',#10601,#10609,#10611,.T.);
#10609 = VERTEX_POINT('',#10610);
#10610 = CARTESIAN_POINT('',(-2.15,-1.05,0.6));
#10611 = LINE('',#10612,#10613);
#10612 = CARTESIAN_POINT('',(-2.15,-1.05,0.5));
#10613 = VECTOR('',#10614,1.);
#10614 = DIRECTION('',(0.,0.,1.));
#10615 = ORIENTED_EDGE('',*,*,#10616,.T.);
#10616 = EDGE_CURVE('',#10609,#9969,#10617,.T.);
#10617 = LINE('',#10618,#10619);
#10618 = CARTESIAN_POINT('',(-2.375,-1.05,0.6));
#10619 = VECTOR('',#10620,1.);
#10620 = DIRECTION('',(-1.,-2.22044604925E-16,0.));
#10621 = PLANE('',#10622);
#10622 = AXIS2_PLACEMENT_3D('',#10623,#10624,#10625);
#10623 = CARTESIAN_POINT('',(-2.25,-1.05,0.5));
#10624 = DIRECTION('',(2.22044604925E-16,-1.,0.));
#10625 = DIRECTION('',(0.,0.,1.));
#10626 = ADVANCED_FACE('',(#10627),#10694,.T.);
#10627 = FACE_BOUND('',#10628,.T.);
#10628 = EDGE_LOOP('',(#10629,#10630,#10639,#10647,#10656,#10664,#10672,
    #10681,#10687,#10688));
#10629 = ORIENTED_EDGE('',*,*,#9952,.F.);
#10630 = ORIENTED_EDGE('',*,*,#10631,.T.);
#10631 = EDGE_CURVE('',#9953,#10632,#10634,.T.);
#10632 = VERTEX_POINT('',#10633);
#10633 = CARTESIAN_POINT('',(-2.25,-1.9,0.3));
#10634 = CIRCLE('',#10635,0.2);
#10635 = AXIS2_PLACEMENT_3D('',#10636,#10637,#10638);
#10636 = CARTESIAN_POINT('',(-2.25,-1.9,0.5));
#10637 = DIRECTION('',(1.,2.22044604925E-16,0.));
#10638 = DIRECTION('',(2.22044604925E-16,-1.,0.));
#10639 = ORIENTED_EDGE('',*,*,#10640,.T.);
#10640 = EDGE_CURVE('',#10632,#10641,#10643,.T.);
#10641 = VERTEX_POINT('',#10642);
#10642 = CARTESIAN_POINT('',(-2.25,1.9,0.3));
#10643 = LINE('',#10644,#10645);
#10644 = CARTESIAN_POINT('',(-2.25,-1.9,0.3));
#10645 = VECTOR('',#10646,1.);
#10646 = DIRECTION('',(-2.22044604925E-16,1.,0.));
#10647 = ORIENTED_EDGE('',*,*,#10648,.T.);
#10648 = EDGE_CURVE('',#10641,#10649,#10651,.T.);
#10649 = VERTEX_POINT('',#10650);
#10650 = CARTESIAN_POINT('',(-2.25,2.1,0.5));
#10651 = CIRCLE('',#10652,0.2);
#10652 = AXIS2_PLACEMENT_3D('',#10653,#10654,#10655);
#10653 = CARTESIAN_POINT('',(-2.25,1.9,0.5));
#10654 = DIRECTION('',(1.,2.22044604925E-16,0.));
#10655 = DIRECTION('',(4.929390229335E-31,-2.22E-15,-1.));
#10656 = ORIENTED_EDGE('',*,*,#10657,.F.);
#10657 = EDGE_CURVE('',#10658,#10649,#10660,.T.);
#10658 = VERTEX_POINT('',#10659);
#10659 = CARTESIAN_POINT('',(-2.25,2.2,0.5));
#10660 = LINE('',#10661,#10662);
#10661 = CARTESIAN_POINT('',(-2.25,2.25,0.5));
#10662 = VECTOR('',#10663,1.);
#10663 = DIRECTION('',(2.22044604925E-16,-1.,0.));
#10664 = ORIENTED_EDGE('',*,*,#10665,.F.);
#10665 = EDGE_CURVE('',#10666,#10658,#10668,.T.);
#10666 = VERTEX_POINT('',#10667);
#10667 = CARTESIAN_POINT('',(-2.25,2.25,0.5));
#10668 = LINE('',#10669,#10670);
#10669 = CARTESIAN_POINT('',(-2.25,2.25,0.5));
#10670 = VECTOR('',#10671,1.);
#10671 = DIRECTION('',(2.22044604925E-16,-1.,0.));
#10672 = ORIENTED_EDGE('',*,*,#10673,.T.);
#10673 = EDGE_CURVE('',#10666,#10674,#10676,.T.);
#10674 = VERTEX_POINT('',#10675);
#10675 = CARTESIAN_POINT('',(-2.25,1.75,0.));
#10676 = CIRCLE('',#10677,0.5);
#10677 = AXIS2_PLACEMENT_3D('',#10678,#10679,#10680);
#10678 = CARTESIAN_POINT('',(-2.25,1.75,0.5));
#10679 = DIRECTION('',(-1.,-2.22044604925E-16,0.));
#10680 = DIRECTION('',(0.,0.,1.));
#10681 = ORIENTED_EDGE('',*,*,#10682,.F.);
#10682 = EDGE_CURVE('',#10495,#10674,#10683,.T.);
#10683 = LINE('',#10684,#10685);
#10684 = CARTESIAN_POINT('',(-2.25,-2.25,0.));
#10685 = VECTOR('',#10686,1.);
#10686 = DIRECTION('',(-2.22044604925E-16,1.,0.));
#10687 = ORIENTED_EDGE('',*,*,#10494,.F.);
#10688 = ORIENTED_EDGE('',*,*,#10689,.F.);
#10689 = EDGE_CURVE('',#9945,#10487,#10690,.T.);
#10690 = LINE('',#10691,#10692);
#10691 = CARTESIAN_POINT('',(-2.25,-1.05,0.5));
#10692 = VECTOR('',#10693,1.);
#10693 = DIRECTION('',(2.22044604925E-16,-1.,0.));
#10694 = PLANE('',#10695);
#10695 = AXIS2_PLACEMENT_3D('',#10696,#10697,#10698);
#10696 = CARTESIAN_POINT('',(-2.25,-2.25,0.));
#10697 = DIRECTION('',(-1.,-2.22044604925E-16,0.));
#10698 = DIRECTION('',(-2.22044604925E-16,1.,0.));
#10699 = ADVANCED_FACE('',(#10700),#10719,.F.);
#10700 = FACE_BOUND('',#10701,.F.);
#10701 = EDGE_LOOP('',(#10702,#10711,#10717,#10718));
#10702 = ORIENTED_EDGE('',*,*,#10703,.T.);
#10703 = EDGE_CURVE('',#9953,#10704,#10706,.T.);
#10704 = VERTEX_POINT('',#10705);
#10705 = CARTESIAN_POINT('',(-2.15,-2.,0.5));
#10706 = CIRCLE('',#10707,0.1);
#10707 = AXIS2_PLACEMENT_3D('',#10708,#10709,#10710);
#10708 = CARTESIAN_POINT('',(-2.15,-2.1,0.5));
#10709 = DIRECTION('',(-0.,0.,-1.));
#10710 = DIRECTION('',(-1.,-2.22044604925E-16,0.));
#10711 = ORIENTED_EDGE('',*,*,#10712,.F.);
#10712 = EDGE_CURVE('',#10601,#10704,#10713,.T.);
#10713 = LINE('',#10714,#10715);
#10714 = CARTESIAN_POINT('',(-2.15,-1.05,0.5));
#10715 = VECTOR('',#10716,1.);
#10716 = DIRECTION('',(2.22044604925E-16,-1.,0.));
#10717 = ORIENTED_EDGE('',*,*,#10600,.F.);
#10718 = ORIENTED_EDGE('',*,*,#9960,.T.);
#10719 = PLANE('',#10720);
#10720 = AXIS2_PLACEMENT_3D('',#10721,#10722,#10723);
#10721 = CARTESIAN_POINT('',(-2.25,-1.05,0.5));
#10722 = DIRECTION('',(0.,0.,1.));
#10723 = DIRECTION('',(2.22044604925E-16,-1.,0.));
#10724 = ADVANCED_FACE('',(#10725),#10743,.F.);
#10725 = FACE_BOUND('',#10726,.F.);
#10726 = EDGE_LOOP('',(#10727,#10728,#10736,#10742));
#10727 = ORIENTED_EDGE('',*,*,#9990,.F.);
#10728 = ORIENTED_EDGE('',*,*,#10729,.F.);
#10729 = EDGE_CURVE('',#10730,#9991,#10732,.T.);
#10730 = VERTEX_POINT('',#10731);
#10731 = CARTESIAN_POINT('',(-2.2,2.25,2.4));
#10732 = LINE('',#10733,#10734);
#10733 = CARTESIAN_POINT('',(-2.2,2.25,2.4));
#10734 = VECTOR('',#10735,1.);
#10735 = DIRECTION('',(0.,0.,1.));
#10736 = ORIENTED_EDGE('',*,*,#10737,.T.);
#10737 = EDGE_CURVE('',#10730,#10050,#10738,.T.);
#10738 = LINE('',#10739,#10740);
#10739 = CARTESIAN_POINT('',(-2.25,2.25,2.4));
#10740 = VECTOR('',#10741,1.);
#10741 = DIRECTION('',(1.,2.22044604925E-16,0.));
#10742 = ORIENTED_EDGE('',*,*,#10049,.T.);
#10743 = PLANE('',#10744);
#10744 = AXIS2_PLACEMENT_3D('',#10745,#10746,#10747);
#10745 = CARTESIAN_POINT('',(-2.25,2.25,2.4));
#10746 = DIRECTION('',(2.22044604925E-16,-1.,0.));
#10747 = DIRECTION('',(0.,0.,1.));
#10748 = ADVANCED_FACE('',(#10749),#10767,.T.);
#10749 = FACE_BOUND('',#10750,.T.);
#10750 = EDGE_LOOP('',(#10751,#10752,#10760,#10766));
#10751 = ORIENTED_EDGE('',*,*,#10024,.T.);
#10752 = ORIENTED_EDGE('',*,*,#10753,.T.);
#10753 = EDGE_CURVE('',#10016,#10754,#10756,.T.);
#10754 = VERTEX_POINT('',#10755);
#10755 = CARTESIAN_POINT('',(2.25,-2.2,2.4));
#10756 = LINE('',#10757,#10758);
#10757 = CARTESIAN_POINT('',(2.25,-2.2,2.45));
#10758 = VECTOR('',#10759,1.);
#10759 = DIRECTION('',(-0.,0.,-1.));
#10760 = ORIENTED_EDGE('',*,*,#10761,.F.);
#10761 = EDGE_CURVE('',#10122,#10754,#10762,.T.);
#10762 = LINE('',#10763,#10764);
#10763 = CARTESIAN_POINT('',(2.25,2.25,2.4));
#10764 = VECTOR('',#10765,1.);
#10765 = DIRECTION('',(2.22044604925E-16,-1.,0.));
#10766 = ORIENTED_EDGE('',*,*,#10121,.T.);
#10767 = PLANE('',#10768);
#10768 = AXIS2_PLACEMENT_3D('',#10769,#10770,#10771);
#10769 = CARTESIAN_POINT('',(2.25,2.25,2.4));
#10770 = DIRECTION('',(1.,2.22044604925E-16,0.));
#10771 = DIRECTION('',(0.,-0.,1.));
#10772 = ADVANCED_FACE('',(#10773),#10791,.F.);
#10773 = FACE_BOUND('',#10774,.F.);
#10774 = EDGE_LOOP('',(#10775,#10776,#10777,#10785));
#10775 = ORIENTED_EDGE('',*,*,#10071,.F.);
#10776 = ORIENTED_EDGE('',*,*,#10040,.F.);
#10777 = ORIENTED_EDGE('',*,*,#10778,.T.);
#10778 = EDGE_CURVE('',#10041,#10779,#10781,.T.);
#10779 = VERTEX_POINT('',#10780);
#10780 = CARTESIAN_POINT('',(2.2,2.25,2.4));
#10781 = LINE('',#10782,#10783);
#10782 = CARTESIAN_POINT('',(-2.25,2.25,2.4));
#10783 = VECTOR('',#10784,1.);
#10784 = DIRECTION('',(1.,2.22044604925E-16,0.));
#10785 = ORIENTED_EDGE('',*,*,#10786,.T.);
#10786 = EDGE_CURVE('',#10779,#10072,#10787,.T.);
#10787 = LINE('',#10788,#10789);
#10788 = CARTESIAN_POINT('',(2.2,2.25,2.4));
#10789 = VECTOR('',#10790,1.);
#10790 = DIRECTION('',(0.,0.,1.));
#10791 = PLANE('',#10792);
#10792 = AXIS2_PLACEMENT_3D('',#10793,#10794,#10795);
#10793 = CARTESIAN_POINT('',(2.15,2.25,0.5));
#10794 = DIRECTION('',(2.22044604925E-16,-1.,0.));
#10795 = DIRECTION('',(0.,0.,1.));
#10796 = ADVANCED_FACE('',(#10797),#10886,.T.);
#10797 = FACE_BOUND('',#10798,.T.);
#10798 = EDGE_LOOP('',(#10799,#10809,#10815,#10816,#10824,#10832,#10840,
    #10848,#10856,#10864,#10872,#10880));
#10799 = ORIENTED_EDGE('',*,*,#10800,.F.);
#10800 = EDGE_CURVE('',#10801,#10803,#10805,.T.);
#10801 = VERTEX_POINT('',#10802);
#10802 = CARTESIAN_POINT('',(-2.15,2.25,0.5));
#10803 = VERTEX_POINT('',#10804);
#10804 = CARTESIAN_POINT('',(-1.42,2.25,0.5));
#10805 = LINE('',#10806,#10807);
#10806 = CARTESIAN_POINT('',(-2.25,2.25,0.5));
#10807 = VECTOR('',#10808,1.);
#10808 = DIRECTION('',(1.,2.22044604925E-16,0.));
#10809 = ORIENTED_EDGE('',*,*,#10810,.T.);
#10810 = EDGE_CURVE('',#10801,#10050,#10811,.T.);
#10811 = LINE('',#10812,#10813);
#10812 = CARTESIAN_POINT('',(-2.15,2.25,0.5));
#10813 = VECTOR('',#10814,1.);
#10814 = DIRECTION('',(0.,0.,1.));
#10815 = ORIENTED_EDGE('',*,*,#10057,.T.);
#10816 = ORIENTED_EDGE('',*,*,#10817,.F.);
#10817 = EDGE_CURVE('',#10818,#10041,#10820,.T.);
#10818 = VERTEX_POINT('',#10819);
#10819 = CARTESIAN_POINT('',(2.15,2.25,0.5));
#10820 = LINE('',#10821,#10822);
#10821 = CARTESIAN_POINT('',(2.15,2.25,0.5));
#10822 = VECTOR('',#10823,1.);
#10823 = DIRECTION('',(0.,0.,1.));
#10824 = ORIENTED_EDGE('',*,*,#10825,.F.);
#10825 = EDGE_CURVE('',#10826,#10818,#10828,.T.);
#10826 = VERTEX_POINT('',#10827);
#10827 = CARTESIAN_POINT('',(1.425,2.25,0.5));
#10828 = LINE('',#10829,#10830);
#10829 = CARTESIAN_POINT('',(-2.25,2.25,0.5));
#10830 = VECTOR('',#10831,1.);
#10831 = DIRECTION('',(1.,2.22044604925E-16,0.));
#10832 = ORIENTED_EDGE('',*,*,#10833,.T.);
#10833 = EDGE_CURVE('',#10826,#10834,#10836,.T.);
#10834 = VERTEX_POINT('',#10835);
#10835 = CARTESIAN_POINT('',(1.425,2.25,1.));
#10836 = LINE('',#10837,#10838);
#10837 = CARTESIAN_POINT('',(1.425,2.25,0.));
#10838 = VECTOR('',#10839,1.);
#10839 = DIRECTION('',(0.,0.,1.));
#10840 = ORIENTED_EDGE('',*,*,#10841,.T.);
#10841 = EDGE_CURVE('',#10834,#10842,#10844,.T.);
#10842 = VERTEX_POINT('',#10843);
#10843 = CARTESIAN_POINT('',(0.925,2.25,1.));
#10844 = LINE('',#10845,#10846);
#10845 = CARTESIAN_POINT('',(-0.6625,2.25,1.));
#10846 = VECTOR('',#10847,1.);
#10847 = DIRECTION('',(-1.,-2.22044604925E-16,0.));
#10848 = ORIENTED_EDGE('',*,*,#10849,.F.);
#10849 = EDGE_CURVE('',#10850,#10842,#10852,.T.);
#10850 = VERTEX_POINT('',#10851);
#10851 = CARTESIAN_POINT('',(0.925,2.25,0.5));
#10852 = LINE('',#10853,#10854);
#10853 = CARTESIAN_POINT('',(0.925,2.25,0.));
#10854 = VECTOR('',#10855,1.);
#10855 = DIRECTION('',(0.,0.,1.));
#10856 = ORIENTED_EDGE('',*,*,#10857,.F.);
#10857 = EDGE_CURVE('',#10858,#10850,#10860,.T.);
#10858 = VERTEX_POINT('',#10859);
#10859 = CARTESIAN_POINT('',(-0.92,2.25,0.5));
#10860 = LINE('',#10861,#10862);
#10861 = CARTESIAN_POINT('',(-2.25,2.25,0.5));
#10862 = VECTOR('',#10863,1.);
#10863 = DIRECTION('',(1.,2.22044604925E-16,0.));
#10864 = ORIENTED_EDGE('',*,*,#10865,.F.);
#10865 = EDGE_CURVE('',#10866,#10858,#10868,.T.);
#10866 = VERTEX_POINT('',#10867);
#10867 = CARTESIAN_POINT('',(-0.92,2.25,1.));
#10868 = LINE('',#10869,#10870);
#10869 = CARTESIAN_POINT('',(-0.92,2.25,0.));
#10870 = VECTOR('',#10871,1.);
#10871 = DIRECTION('',(0.,0.,-1.));
#10872 = ORIENTED_EDGE('',*,*,#10873,.F.);
#10873 = EDGE_CURVE('',#10874,#10866,#10876,.T.);
#10874 = VERTEX_POINT('',#10875);
#10875 = CARTESIAN_POINT('',(-1.42,2.25,1.));
#10876 = LINE('',#10877,#10878);
#10877 = CARTESIAN_POINT('',(-1.835,2.25,1.));
#10878 = VECTOR('',#10879,1.);
#10879 = DIRECTION('',(1.,2.22044604925E-16,0.));
#10880 = ORIENTED_EDGE('',*,*,#10881,.T.);
#10881 = EDGE_CURVE('',#10874,#10803,#10882,.T.);
#10882 = LINE('',#10883,#10884);
#10883 = CARTESIAN_POINT('',(-1.42,2.25,0.));
#10884 = VECTOR('',#10885,1.);
#10885 = DIRECTION('',(0.,0.,-1.));
#10886 = PLANE('',#10887);
#10887 = AXIS2_PLACEMENT_3D('',#10888,#10889,#10890);
#10888 = CARTESIAN_POINT('',(-2.25,2.25,0.));
#10889 = DIRECTION('',(-2.22044604925E-16,1.,0.));
#10890 = DIRECTION('',(1.,2.22044604925E-16,0.));
#10891 = ADVANCED_FACE('',(#10892),#10903,.T.);
#10892 = FACE_BOUND('',#10893,.T.);
#10893 = EDGE_LOOP('',(#10894,#10901,#10902));
#10894 = ORIENTED_EDGE('',*,*,#10895,.F.);
#10895 = EDGE_CURVE('',#10072,#10099,#10896,.T.);
#10896 = CIRCLE('',#10897,5.E-02);
#10897 = AXIS2_PLACEMENT_3D('',#10898,#10899,#10900);
#10898 = CARTESIAN_POINT('',(2.2,2.2,2.45));
#10899 = DIRECTION('',(0.,0.,-1.));
#10900 = DIRECTION('',(-2.22044604925E-16,1.,0.));
#10901 = ORIENTED_EDGE('',*,*,#10081,.T.);
#10902 = ORIENTED_EDGE('',*,*,#10106,.T.);
#10903 = SPHERICAL_SURFACE('',#10904,5.E-02);
#10904 = AXIS2_PLACEMENT_3D('',#10905,#10906,#10907);
#10905 = CARTESIAN_POINT('',(2.2,2.2,2.45));
#10906 = DIRECTION('',(1.,2.22044604925E-16,0.));
#10907 = DIRECTION('',(-2.22044604925E-16,1.,0.));
#10908 = ADVANCED_FACE('',(#10909),#10927,.T.);
#10909 = FACE_BOUND('',#10910,.T.);
#10910 = EDGE_LOOP('',(#10911,#10912,#10920,#10926));
#10911 = ORIENTED_EDGE('',*,*,#10137,.F.);
#10912 = ORIENTED_EDGE('',*,*,#10913,.F.);
#10913 = EDGE_CURVE('',#10914,#10130,#10916,.T.);
#10914 = VERTEX_POINT('',#10915);
#10915 = CARTESIAN_POINT('',(2.25,2.2,2.4));
#10916 = LINE('',#10917,#10918);
#10917 = CARTESIAN_POINT('',(2.25,2.25,2.4));
#10918 = VECTOR('',#10919,1.);
#10919 = DIRECTION('',(2.22044604925E-16,-1.,0.));
#10920 = ORIENTED_EDGE('',*,*,#10921,.T.);
#10921 = EDGE_CURVE('',#10914,#10099,#10922,.T.);
#10922 = LINE('',#10923,#10924);
#10923 = CARTESIAN_POINT('',(2.25,2.2,2.4));
#10924 = VECTOR('',#10925,1.);
#10925 = DIRECTION('',(0.,0.,1.));
#10926 = ORIENTED_EDGE('',*,*,#10098,.T.);
#10927 = PLANE('',#10928);
#10928 = AXIS2_PLACEMENT_3D('',#10929,#10930,#10931);
#10929 = CARTESIAN_POINT('',(2.25,2.25,2.4));
#10930 = DIRECTION('',(1.,2.22044604925E-16,0.));
#10931 = DIRECTION('',(0.,-0.,1.));
#10932 = ADVANCED_FACE('',(#10933),#10958,.T.);
#10933 = FACE_BOUND('',#10934,.T.);
#10934 = EDGE_LOOP('',(#10935,#10945,#10951,#10952));
#10935 = ORIENTED_EDGE('',*,*,#10936,.F.);
#10936 = EDGE_CURVE('',#10937,#10939,#10941,.T.);
#10937 = VERTEX_POINT('',#10938);
#10938 = CARTESIAN_POINT('',(2.25,1.05,0.6));
#10939 = VERTEX_POINT('',#10940);
#10940 = CARTESIAN_POINT('',(2.25,-1.05,0.6));
#10941 = LINE('',#10942,#10943);
#10942 = CARTESIAN_POINT('',(2.25,2.125,0.6));
#10943 = VECTOR('',#10944,1.);
#10944 = DIRECTION('',(2.22044604925E-16,-1.,0.));
#10945 = ORIENTED_EDGE('',*,*,#10946,.T.);
#10946 = EDGE_CURVE('',#10937,#10130,#10947,.T.);
#10947 = LINE('',#10948,#10949);
#10948 = CARTESIAN_POINT('',(2.25,1.05,0.5));
#10949 = VECTOR('',#10950,1.);
#10950 = DIRECTION('',(0.,0.,1.));
#10951 = ORIENTED_EDGE('',*,*,#10129,.T.);
#10952 = ORIENTED_EDGE('',*,*,#10953,.F.);
#10953 = EDGE_CURVE('',#10939,#10122,#10954,.T.);
#10954 = LINE('',#10955,#10956);
#10955 = CARTESIAN_POINT('',(2.25,-1.05,0.5));
#10956 = VECTOR('',#10957,1.);
#10957 = DIRECTION('',(0.,0.,1.));
#10958 = PLANE('',#10959);
#10959 = AXIS2_PLACEMENT_3D('',#10960,#10961,#10962);
#10960 = CARTESIAN_POINT('',(2.25,2.25,0.));
#10961 = DIRECTION('',(1.,2.22044604925E-16,0.));
#10962 = DIRECTION('',(2.22044604925E-16,-1.,0.));
#10963 = ADVANCED_FACE('',(#10964),#10972,.T.);
#10964 = FACE_BOUND('',#10965,.T.);
#10965 = EDGE_LOOP('',(#10966,#10967,#10968,#10969,#10970,#10971));
#10966 = ORIENTED_EDGE('',*,*,#10275,.T.);
#10967 = ORIENTED_EDGE('',*,*,#10284,.T.);
#10968 = ORIENTED_EDGE('',*,*,#10247,.T.);
#10969 = ORIENTED_EDGE('',*,*,#10222,.T.);
#10970 = ORIENTED_EDGE('',*,*,#10206,.T.);
#10971 = ORIENTED_EDGE('',*,*,#10164,.F.);
#10972 = PLANE('',#10973);
#10973 = AXIS2_PLACEMENT_3D('',#10974,#10975,#10976);
#10974 = CARTESIAN_POINT('',(-0.15,1.2,2.3));
#10975 = DIRECTION('',(0.,0.,1.));
#10976 = DIRECTION('',(2.22044604925E-16,-1.,0.));
#10977 = ADVANCED_FACE('',(#10978),#10983,.T.);
#10978 = FACE_BOUND('',#10979,.T.);
#10979 = EDGE_LOOP('',(#10980,#10981,#10982));
#10980 = ORIENTED_EDGE('',*,*,#10337,.F.);
#10981 = ORIENTED_EDGE('',*,*,#10689,.T.);
#10982 = ORIENTED_EDGE('',*,*,#10486,.T.);
#10983 = PLANE('',#10984);
#10984 = AXIS2_PLACEMENT_3D('',#10985,#10986,#10987);
#10985 = CARTESIAN_POINT('',(-2.25,-1.05,0.5));
#10986 = DIRECTION('',(0.,0.,1.));
#10987 = DIRECTION('',(2.22044604925E-16,-1.,0.));
#10988 = ADVANCED_FACE('',(#10989),#11000,.T.);
#10989 = FACE_BOUND('',#10990,.T.);
#10990 = EDGE_LOOP('',(#10991,#10992,#10993,#10994));
#10991 = ORIENTED_EDGE('',*,*,#10411,.F.);
#10992 = ORIENTED_EDGE('',*,*,#10364,.F.);
#10993 = ORIENTED_EDGE('',*,*,#10451,.T.);
#10994 = ORIENTED_EDGE('',*,*,#10995,.F.);
#10995 = EDGE_CURVE('',#10412,#10452,#10996,.T.);
#10996 = LINE('',#10997,#10998);
#10997 = CARTESIAN_POINT('',(2.2,-2.25,2.4));
#10998 = VECTOR('',#10999,1.);
#10999 = DIRECTION('',(-0.,0.,-1.));
#11000 = PLANE('',#11001);
#11001 = AXIS2_PLACEMENT_3D('',#11002,#11003,#11004);
#11002 = CARTESIAN_POINT('',(2.15,-2.25,0.5));
#11003 = DIRECTION('',(2.22044604925E-16,-1.,0.));
#11004 = DIRECTION('',(0.,0.,1.));
#11005 = ADVANCED_FACE('',(#11006),#11058,.T.);
#11006 = FACE_BOUND('',#11007,.T.);
#11007 = EDGE_LOOP('',(#11008,#11019,#11027,#11033,#11034,#11035,#11043,
    #11052));
#11008 = ORIENTED_EDGE('',*,*,#11009,.T.);
#11009 = EDGE_CURVE('',#11010,#11012,#11014,.T.);
#11010 = VERTEX_POINT('',#11011);
#11011 = CARTESIAN_POINT('',(0.25,-2.5,0.2));
#11012 = VERTEX_POINT('',#11013);
#11013 = CARTESIAN_POINT('',(0.25,-2.3,0.));
#11014 = CIRCLE('',#11015,0.2);
#11015 = AXIS2_PLACEMENT_3D('',#11016,#11017,#11018);
#11016 = CARTESIAN_POINT('',(0.25,-2.3,0.2));
#11017 = DIRECTION('',(1.,2.22044604925E-16,-0.));
#11018 = DIRECTION('',(0.,0.,1.));
#11019 = ORIENTED_EDGE('',*,*,#11020,.F.);
#11020 = EDGE_CURVE('',#11021,#11012,#11023,.T.);
#11021 = VERTEX_POINT('',#11022);
#11022 = CARTESIAN_POINT('',(0.25,-1.8,0.));
#11023 = LINE('',#11024,#11025);
#11024 = CARTESIAN_POINT('',(0.25,-1.8,0.));
#11025 = VECTOR('',#11026,1.);
#11026 = DIRECTION('',(2.22044604925E-16,-1.,0.));
#11027 = ORIENTED_EDGE('',*,*,#11028,.T.);
#11028 = EDGE_CURVE('',#11021,#10461,#11029,.T.);
#11029 = LINE('',#11030,#11031);
#11030 = CARTESIAN_POINT('',(0.25,-1.8,0.));
#11031 = VECTOR('',#11032,1.);
#11032 = DIRECTION('',(0.,0.,1.));
#11033 = ORIENTED_EDGE('',*,*,#10460,.T.);
#11034 = ORIENTED_EDGE('',*,*,#10396,.T.);
#11035 = ORIENTED_EDGE('',*,*,#11036,.T.);
#11036 = EDGE_CURVE('',#10389,#11037,#11039,.T.);
#11037 = VERTEX_POINT('',#11038);
#11038 = CARTESIAN_POINT('',(0.25,-2.3,1.));
#11039 = LINE('',#11040,#11041);
#11040 = CARTESIAN_POINT('',(0.25,-1.8,1.));
#11041 = VECTOR('',#11042,1.);
#11042 = DIRECTION('',(2.22044604925E-16,-1.,0.));
#11043 = ORIENTED_EDGE('',*,*,#11044,.F.);
#11044 = EDGE_CURVE('',#11045,#11037,#11047,.T.);
#11045 = VERTEX_POINT('',#11046);
#11046 = CARTESIAN_POINT('',(0.25,-2.5,0.8));
#11047 = CIRCLE('',#11048,0.2);
#11048 = AXIS2_PLACEMENT_3D('',#11049,#11050,#11051);
#11049 = CARTESIAN_POINT('',(0.25,-2.3,0.8));
#11050 = DIRECTION('',(-1.,-2.22044604925E-16,0.));
#11051 = DIRECTION('',(0.,0.,1.));
#11052 = ORIENTED_EDGE('',*,*,#11053,.F.);
#11053 = EDGE_CURVE('',#11010,#11045,#11054,.T.);
#11054 = LINE('',#11055,#11056);
#11055 = CARTESIAN_POINT('',(0.25,-2.5,0.));
#11056 = VECTOR('',#11057,1.);
#11057 = DIRECTION('',(0.,0.,1.));
#11058 = PLANE('',#11059);
#11059 = AXIS2_PLACEMENT_3D('',#11060,#11061,#11062);
#11060 = CARTESIAN_POINT('',(0.25,-1.8,0.));
#11061 = DIRECTION('',(1.,2.22044604925E-16,0.));
#11062 = DIRECTION('',(0.,-0.,1.));
#11063 = ADVANCED_FACE('',(#11064),#11082,.T.);
#11064 = FACE_BOUND('',#11065,.T.);
#11065 = EDGE_LOOP('',(#11066,#11067,#11068,#11076));
#11066 = ORIENTED_EDGE('',*,*,#11036,.F.);
#11067 = ORIENTED_EDGE('',*,*,#10388,.T.);
#11068 = ORIENTED_EDGE('',*,*,#11069,.T.);
#11069 = EDGE_CURVE('',#10381,#11070,#11072,.T.);
#11070 = VERTEX_POINT('',#11071);
#11071 = CARTESIAN_POINT('',(-0.25,-2.3,1.));
#11072 = LINE('',#11073,#11074);
#11073 = CARTESIAN_POINT('',(-0.25,-1.8,1.));
#11074 = VECTOR('',#11075,1.);
#11075 = DIRECTION('',(2.22044604925E-16,-1.,0.));
#11076 = ORIENTED_EDGE('',*,*,#11077,.T.);
#11077 = EDGE_CURVE('',#11070,#11037,#11078,.T.);
#11078 = LINE('',#11079,#11080);
#11079 = CARTESIAN_POINT('',(-0.25,-2.3,1.));
#11080 = VECTOR('',#11081,1.);
#11081 = DIRECTION('',(1.,2.22044604925E-16,0.));
#11082 = PLANE('',#11083);
#11083 = AXIS2_PLACEMENT_3D('',#11084,#11085,#11086);
#11084 = CARTESIAN_POINT('',(-0.25,-1.8,1.));
#11085 = DIRECTION('',(0.,0.,1.));
#11086 = DIRECTION('',(2.22044604925E-16,-1.,0.));
#11087 = ADVANCED_FACE('',(#11088),#11133,.F.);
#11088 = FACE_BOUND('',#11089,.F.);
#11089 = EDGE_LOOP('',(#11090,#11101,#11109,#11115,#11116,#11117,#11118,
    #11127));
#11090 = ORIENTED_EDGE('',*,*,#11091,.T.);
#11091 = EDGE_CURVE('',#11092,#11094,#11096,.T.);
#11092 = VERTEX_POINT('',#11093);
#11093 = CARTESIAN_POINT('',(-0.25,-2.5,0.2));
#11094 = VERTEX_POINT('',#11095);
#11095 = CARTESIAN_POINT('',(-0.25,-2.3,0.));
#11096 = CIRCLE('',#11097,0.2);
#11097 = AXIS2_PLACEMENT_3D('',#11098,#11099,#11100);
#11098 = CARTESIAN_POINT('',(-0.25,-2.3,0.2));
#11099 = DIRECTION('',(1.,2.22044604925E-16,-0.));
#11100 = DIRECTION('',(0.,0.,1.));
#11101 = ORIENTED_EDGE('',*,*,#11102,.F.);
#11102 = EDGE_CURVE('',#11103,#11094,#11105,.T.);
#11103 = VERTEX_POINT('',#11104);
#11104 = CARTESIAN_POINT('',(-0.25,-1.8,0.));
#11105 = LINE('',#11106,#11107);
#11106 = CARTESIAN_POINT('',(-0.25,-1.8,0.));
#11107 = VECTOR('',#11108,1.);
#11108 = DIRECTION('',(2.22044604925E-16,-1.,0.));
#11109 = ORIENTED_EDGE('',*,*,#11110,.T.);
#11110 = EDGE_CURVE('',#11103,#10470,#11111,.T.);
#11111 = LINE('',#11112,#11113);
#11112 = CARTESIAN_POINT('',(-0.25,-1.8,0.));
#11113 = VECTOR('',#11114,1.);
#11114 = DIRECTION('',(0.,0.,1.));
#11115 = ORIENTED_EDGE('',*,*,#10477,.T.);
#11116 = ORIENTED_EDGE('',*,*,#10380,.T.);
#11117 = ORIENTED_EDGE('',*,*,#11069,.T.);
#11118 = ORIENTED_EDGE('',*,*,#11119,.F.);
#11119 = EDGE_CURVE('',#11120,#11070,#11122,.T.);
#11120 = VERTEX_POINT('',#11121);
#11121 = CARTESIAN_POINT('',(-0.25,-2.5,0.8));
#11122 = CIRCLE('',#11123,0.2);
#11123 = AXIS2_PLACEMENT_3D('',#11124,#11125,#11126);
#11124 = CARTESIAN_POINT('',(-0.25,-2.3,0.8));
#11125 = DIRECTION('',(-1.,-2.22044604925E-16,0.));
#11126 = DIRECTION('',(0.,0.,1.));
#11127 = ORIENTED_EDGE('',*,*,#11128,.F.);
#11128 = EDGE_CURVE('',#11092,#11120,#11129,.T.);
#11129 = LINE('',#11130,#11131);
#11130 = CARTESIAN_POINT('',(-0.25,-2.5,0.));
#11131 = VECTOR('',#11132,1.);
#11132 = DIRECTION('',(0.,0.,1.));
#11133 = PLANE('',#11134);
#11134 = AXIS2_PLACEMENT_3D('',#11135,#11136,#11137);
#11135 = CARTESIAN_POINT('',(-0.25,-1.8,0.));
#11136 = DIRECTION('',(1.,2.22044604925E-16,0.));
#11137 = DIRECTION('',(0.,-0.,1.));
#11138 = ADVANCED_FACE('',(#11139),#11151,.T.);
#11139 = FACE_BOUND('',#11140,.T.);
#11140 = EDGE_LOOP('',(#11141,#11142,#11143,#11150));
#11141 = ORIENTED_EDGE('',*,*,#10434,.T.);
#11142 = ORIENTED_EDGE('',*,*,#10419,.T.);
#11143 = ORIENTED_EDGE('',*,*,#11144,.F.);
#11144 = EDGE_CURVE('',#10754,#10412,#11145,.T.);
#11145 = CIRCLE('',#11146,5.E-02);
#11146 = AXIS2_PLACEMENT_3D('',#11147,#11148,#11149);
#11147 = CARTESIAN_POINT('',(2.2,-2.2,2.4));
#11148 = DIRECTION('',(0.,0.,-1.));
#11149 = DIRECTION('',(1.,2.22044604925E-16,0.));
#11150 = ORIENTED_EDGE('',*,*,#10753,.F.);
#11151 = CYLINDRICAL_SURFACE('',#11152,5.E-02);
#11152 = AXIS2_PLACEMENT_3D('',#11153,#11154,#11155);
#11153 = CARTESIAN_POINT('',(2.2,-2.2,2.45));
#11154 = DIRECTION('',(-0.,0.,-1.));
#11155 = DIRECTION('',(1.,2.22044604925E-16,0.));
#11156 = ADVANCED_FACE('',(#11157),#11175,.T.);
#11157 = FACE_BOUND('',#11158,.T.);
#11158 = EDGE_LOOP('',(#11159,#11167,#11174));
#11159 = ORIENTED_EDGE('',*,*,#11160,.F.);
#11160 = EDGE_CURVE('',#11161,#10512,#11163,.T.);
#11161 = VERTEX_POINT('',#11162);
#11162 = CARTESIAN_POINT('',(2.25,-2.2,0.5));
#11163 = LINE('',#11164,#11165);
#11164 = CARTESIAN_POINT('',(2.25,-1.05,0.5));
#11165 = VECTOR('',#11166,1.);
#11166 = DIRECTION('',(2.22044604925E-16,-1.,0.));
#11167 = ORIENTED_EDGE('',*,*,#11168,.T.);
#11168 = EDGE_CURVE('',#11161,#10452,#11169,.T.);
#11169 = CIRCLE('',#11170,5.E-02);
#11170 = AXIS2_PLACEMENT_3D('',#11171,#11172,#11173);
#11171 = CARTESIAN_POINT('',(2.2,-2.2,0.5));
#11172 = DIRECTION('',(0.,0.,-1.));
#11173 = DIRECTION('',(1.,2.22044604925E-16,0.));
#11174 = ORIENTED_EDGE('',*,*,#10520,.T.);
#11175 = PLANE('',#11176);
#11176 = AXIS2_PLACEMENT_3D('',#11177,#11178,#11179);
#11177 = CARTESIAN_POINT('',(2.15,-1.05,0.5));
#11178 = DIRECTION('',(0.,0.,1.));
#11179 = DIRECTION('',(2.22044604925E-16,-1.,0.));
#11180 = ADVANCED_FACE('',(#11181),#11250,.T.);
#11181 = FACE_BOUND('',#11182,.T.);
#11182 = EDGE_LOOP('',(#11183,#11191,#11192,#11193,#11201,#11210,#11218,
    #11226,#11235,#11243));
#11183 = ORIENTED_EDGE('',*,*,#11184,.T.);
#11184 = EDGE_CURVE('',#11185,#11161,#11187,.T.);
#11185 = VERTEX_POINT('',#11186);
#11186 = CARTESIAN_POINT('',(2.25,-2.1,0.5));
#11187 = LINE('',#11188,#11189);
#11188 = CARTESIAN_POINT('',(2.25,-1.05,0.5));
#11189 = VECTOR('',#11190,1.);
#11190 = DIRECTION('',(2.22044604925E-16,-1.,0.));
#11191 = ORIENTED_EDGE('',*,*,#11160,.T.);
#11192 = ORIENTED_EDGE('',*,*,#10511,.T.);
#11193 = ORIENTED_EDGE('',*,*,#11194,.F.);
#11194 = EDGE_CURVE('',#11195,#10504,#11197,.T.);
#11195 = VERTEX_POINT('',#11196);
#11196 = CARTESIAN_POINT('',(2.25,1.75,0.));
#11197 = LINE('',#11198,#11199);
#11198 = CARTESIAN_POINT('',(2.25,2.25,0.));
#11199 = VECTOR('',#11200,1.);
#11200 = DIRECTION('',(2.22044604925E-16,-1.,0.));
#11201 = ORIENTED_EDGE('',*,*,#11202,.F.);
#11202 = EDGE_CURVE('',#11203,#11195,#11205,.T.);
#11203 = VERTEX_POINT('',#11204);
#11204 = CARTESIAN_POINT('',(2.25,2.25,0.5));
#11205 = CIRCLE('',#11206,0.5);
#11206 = AXIS2_PLACEMENT_3D('',#11207,#11208,#11209);
#11207 = CARTESIAN_POINT('',(2.25,1.75,0.5));
#11208 = DIRECTION('',(-1.,-2.22044604925E-16,0.));
#11209 = DIRECTION('',(0.,0.,1.));
#11210 = ORIENTED_EDGE('',*,*,#11211,.T.);
#11211 = EDGE_CURVE('',#11203,#11212,#11214,.T.);
#11212 = VERTEX_POINT('',#11213);
#11213 = CARTESIAN_POINT('',(2.25,2.2,0.5));
#11214 = LINE('',#11215,#11216);
#11215 = CARTESIAN_POINT('',(2.25,2.25,0.5));
#11216 = VECTOR('',#11217,1.);
#11217 = DIRECTION('',(2.22044604925E-16,-1.,0.));
#11218 = ORIENTED_EDGE('',*,*,#11219,.T.);
#11219 = EDGE_CURVE('',#11212,#11220,#11222,.T.);
#11220 = VERTEX_POINT('',#11221);
#11221 = CARTESIAN_POINT('',(2.25,2.1,0.5));
#11222 = LINE('',#11223,#11224);
#11223 = CARTESIAN_POINT('',(2.25,2.25,0.5));
#11224 = VECTOR('',#11225,1.);
#11225 = DIRECTION('',(2.22044604925E-16,-1.,0.));
#11226 = ORIENTED_EDGE('',*,*,#11227,.T.);
#11227 = EDGE_CURVE('',#11220,#11228,#11230,.T.);
#11228 = VERTEX_POINT('',#11229);
#11229 = CARTESIAN_POINT('',(2.25,1.9,0.3));
#11230 = CIRCLE('',#11231,0.2);
#11231 = AXIS2_PLACEMENT_3D('',#11232,#11233,#11234);
#11232 = CARTESIAN_POINT('',(2.25,1.9,0.5));
#11233 = DIRECTION('',(-1.,-2.22044604925E-16,-0.));
#11234 = DIRECTION('',(-2.22044604925E-16,1.,0.));
#11235 = ORIENTED_EDGE('',*,*,#11236,.T.);
#11236 = EDGE_CURVE('',#11228,#11237,#11239,.T.);
#11237 = VERTEX_POINT('',#11238);
#11238 = CARTESIAN_POINT('',(2.25,-1.9,0.3));
#11239 = LINE('',#11240,#11241);
#11240 = CARTESIAN_POINT('',(2.25,1.9,0.3));
#11241 = VECTOR('',#11242,1.);
#11242 = DIRECTION('',(2.22044604925E-16,-1.,0.));
#11243 = ORIENTED_EDGE('',*,*,#11244,.T.);
#11244 = EDGE_CURVE('',#11237,#11185,#11245,.T.);
#11245 = CIRCLE('',#11246,0.2);
#11246 = AXIS2_PLACEMENT_3D('',#11247,#11248,#11249);
#11247 = CARTESIAN_POINT('',(2.25,-1.9,0.5));
#11248 = DIRECTION('',(-1.,-2.22044604925E-16,0.));
#11249 = DIRECTION('',(-4.929390229335E-31,2.22E-15,-1.));
#11250 = PLANE('',#11251);
#11251 = AXIS2_PLACEMENT_3D('',#11252,#11253,#11254);
#11252 = CARTESIAN_POINT('',(2.25,2.25,0.));
#11253 = DIRECTION('',(1.,2.22044604925E-16,0.));
#11254 = DIRECTION('',(2.22044604925E-16,-1.,0.));
#11255 = ADVANCED_FACE('',(#11256),#11267,.T.);
#11256 = FACE_BOUND('',#11257,.T.);
#11257 = EDGE_LOOP('',(#11258,#11259,#11260,#11261));
#11258 = ORIENTED_EDGE('',*,*,#11194,.T.);
#11259 = ORIENTED_EDGE('',*,*,#10503,.T.);
#11260 = ORIENTED_EDGE('',*,*,#10682,.T.);
#11261 = ORIENTED_EDGE('',*,*,#11262,.T.);
#11262 = EDGE_CURVE('',#10674,#11195,#11263,.T.);
#11263 = LINE('',#11264,#11265);
#11264 = CARTESIAN_POINT('',(-2.25,1.75,-1.1E-16));
#11265 = VECTOR('',#11266,1.);
#11266 = DIRECTION('',(1.,2.22044604925E-16,0.));
#11267 = PLANE('',#11268);
#11268 = AXIS2_PLACEMENT_3D('',#11269,#11270,#11271);
#11269 = CARTESIAN_POINT('',(3.9E-16,8.659739592076E-32,0.));
#11270 = DIRECTION('',(-0.,0.,-1.));
#11271 = DIRECTION('',(-2.22044604925E-16,1.,0.));
#11272 = ADVANCED_FACE('',(#11273),#11284,.F.);
#11273 = FACE_BOUND('',#11274,.F.);
#11274 = EDGE_LOOP('',(#11275,#11276,#11282,#11283));
#11275 = ORIENTED_EDGE('',*,*,#11110,.F.);
#11276 = ORIENTED_EDGE('',*,*,#11277,.T.);
#11277 = EDGE_CURVE('',#11103,#11021,#11278,.T.);
#11278 = LINE('',#11279,#11280);
#11279 = CARTESIAN_POINT('',(-0.25,-1.8,0.));
#11280 = VECTOR('',#11281,1.);
#11281 = DIRECTION('',(1.,2.22044604925E-16,0.));
#11282 = ORIENTED_EDGE('',*,*,#11028,.T.);
#11283 = ORIENTED_EDGE('',*,*,#10469,.T.);
#11284 = PLANE('',#11285);
#11285 = AXIS2_PLACEMENT_3D('',#11286,#11287,#11288);
#11286 = CARTESIAN_POINT('',(-0.25,-1.8,0.));
#11287 = DIRECTION('',(2.22044604925E-16,-1.,0.));
#11288 = DIRECTION('',(0.,0.,1.));
#11289 = ADVANCED_FACE('',(#11290),#11302,.T.);
#11290 = FACE_BOUND('',#11291,.T.);
#11291 = EDGE_LOOP('',(#11292,#11293,#11294,#11295));
#11292 = ORIENTED_EDGE('',*,*,#10560,.T.);
#11293 = ORIENTED_EDGE('',*,*,#10534,.T.);
#11294 = ORIENTED_EDGE('',*,*,#10729,.F.);
#11295 = ORIENTED_EDGE('',*,*,#11296,.F.);
#11296 = EDGE_CURVE('',#10553,#10730,#11297,.T.);
#11297 = CIRCLE('',#11298,5.E-02);
#11298 = AXIS2_PLACEMENT_3D('',#11299,#11300,#11301);
#11299 = CARTESIAN_POINT('',(-2.2,2.2,2.4));
#11300 = DIRECTION('',(-0.,0.,-1.));
#11301 = DIRECTION('',(-1.,-2.22044604925E-16,0.));
#11302 = CYLINDRICAL_SURFACE('',#11303,5.E-02);
#11303 = AXIS2_PLACEMENT_3D('',#11304,#11305,#11306);
#11304 = CARTESIAN_POINT('',(-2.2,2.2,2.4));
#11305 = DIRECTION('',(0.,0.,1.));
#11306 = DIRECTION('',(-1.,-2.22044604925E-16,0.));
#11307 = ADVANCED_FACE('',(#11308),#11333,.F.);
#11308 = FACE_BOUND('',#11309,.F.);
#11309 = EDGE_LOOP('',(#11310,#11311,#11312,#11320,#11326,#11327));
#11310 = ORIENTED_EDGE('',*,*,#10552,.T.);
#11311 = ORIENTED_EDGE('',*,*,#10585,.F.);
#11312 = ORIENTED_EDGE('',*,*,#11313,.F.);
#11313 = EDGE_CURVE('',#11314,#10576,#11316,.T.);
#11314 = VERTEX_POINT('',#11315);
#11315 = CARTESIAN_POINT('',(-2.25,1.05,0.5));
#11316 = LINE('',#11317,#11318);
#11317 = CARTESIAN_POINT('',(-2.25,1.05,0.5));
#11318 = VECTOR('',#11319,1.);
#11319 = DIRECTION('',(0.,0.,1.));
#11320 = ORIENTED_EDGE('',*,*,#11321,.F.);
#11321 = EDGE_CURVE('',#10649,#11314,#11322,.T.);
#11322 = LINE('',#11323,#11324);
#11323 = CARTESIAN_POINT('',(-2.25,2.25,0.5));
#11324 = VECTOR('',#11325,1.);
#11325 = DIRECTION('',(2.22044604925E-16,-1.,0.));
#11326 = ORIENTED_EDGE('',*,*,#10657,.F.);
#11327 = ORIENTED_EDGE('',*,*,#11328,.T.);
#11328 = EDGE_CURVE('',#10658,#10553,#11329,.T.);
#11329 = LINE('',#11330,#11331);
#11330 = CARTESIAN_POINT('',(-2.25,2.2,0.5));
#11331 = VECTOR('',#11332,1.);
#11332 = DIRECTION('',(0.,0.,1.));
#11333 = PLANE('',#11334);
#11334 = AXIS2_PLACEMENT_3D('',#11335,#11336,#11337);
#11335 = CARTESIAN_POINT('',(-2.25,2.25,0.5));
#11336 = DIRECTION('',(1.,2.22044604925E-16,0.));
#11337 = DIRECTION('',(0.,-0.,1.));
#11338 = ADVANCED_FACE('',(#11339),#11389,.F.);
#11339 = FACE_BOUND('',#11340,.F.);
#11340 = EDGE_LOOP('',(#11341,#11351,#11359,#11365,#11366,#11367,#11375,
    #11383));
#11341 = ORIENTED_EDGE('',*,*,#11342,.F.);
#11342 = EDGE_CURVE('',#11343,#11345,#11347,.T.);
#11343 = VERTEX_POINT('',#11344);
#11344 = CARTESIAN_POINT('',(-2.15,2.,0.6));
#11345 = VERTEX_POINT('',#11346);
#11346 = CARTESIAN_POINT('',(-2.,2.,0.6));
#11347 = LINE('',#11348,#11349);
#11348 = CARTESIAN_POINT('',(-2.5,2.,0.6));
#11349 = VECTOR('',#11350,1.);
#11350 = DIRECTION('',(1.,2.22044604925E-16,0.));
#11351 = ORIENTED_EDGE('',*,*,#11352,.T.);
#11352 = EDGE_CURVE('',#11343,#11353,#11355,.T.);
#11353 = VERTEX_POINT('',#11354);
#11354 = CARTESIAN_POINT('',(-2.15,1.05,0.6));
#11355 = LINE('',#11356,#11357);
#11356 = CARTESIAN_POINT('',(-2.15,2.125,0.6));
#11357 = VECTOR('',#11358,1.);
#11358 = DIRECTION('',(2.22044604925E-16,-1.,0.));
#11359 = ORIENTED_EDGE('',*,*,#11360,.T.);
#11360 = EDGE_CURVE('',#11353,#10576,#11361,.T.);
#11361 = LINE('',#11362,#11363);
#11362 = CARTESIAN_POINT('',(-2.375,1.05,0.6));
#11363 = VECTOR('',#11364,1.);
#11364 = DIRECTION('',(-1.,-2.22044604925E-16,0.));
#11365 = ORIENTED_EDGE('',*,*,#10575,.F.);
#11366 = ORIENTED_EDGE('',*,*,#10616,.F.);
#11367 = ORIENTED_EDGE('',*,*,#11368,.T.);
#11368 = EDGE_CURVE('',#10609,#11369,#11371,.T.);
#11369 = VERTEX_POINT('',#11370);
#11370 = CARTESIAN_POINT('',(-2.15,-2.,0.6));
#11371 = LINE('',#11372,#11373);
#11372 = CARTESIAN_POINT('',(-2.15,0.475,0.6));
#11373 = VECTOR('',#11374,1.);
#11374 = DIRECTION('',(2.22044604925E-16,-1.,0.));
#11375 = ORIENTED_EDGE('',*,*,#11376,.T.);
#11376 = EDGE_CURVE('',#11369,#11377,#11379,.T.);
#11377 = VERTEX_POINT('',#11378);
#11378 = CARTESIAN_POINT('',(-2.,-2.,0.6));
#11379 = LINE('',#11380,#11381);
#11380 = CARTESIAN_POINT('',(-2.5,-2.,0.6));
#11381 = VECTOR('',#11382,1.);
#11382 = DIRECTION('',(1.,2.22044604925E-16,0.));
#11383 = ORIENTED_EDGE('',*,*,#11384,.F.);
#11384 = EDGE_CURVE('',#11345,#11377,#11385,.T.);
#11385 = LINE('',#11386,#11387);
#11386 = CARTESIAN_POINT('',(-2.,2.,0.6));
#11387 = VECTOR('',#11388,1.);
#11388 = DIRECTION('',(2.22044604925E-16,-1.,0.));
#11389 = PLANE('',#11390);
#11390 = AXIS2_PLACEMENT_3D('',#11391,#11392,#11393);
#11391 = CARTESIAN_POINT('',(-2.5,2.,0.6));
#11392 = DIRECTION('',(0.,0.,1.));
#11393 = DIRECTION('',(2.22044604925E-16,-1.,0.));
#11394 = ADVANCED_FACE('',(#11395),#11406,.T.);
#11395 = FACE_BOUND('',#11396,.T.);
#11396 = EDGE_LOOP('',(#11397,#11403,#11404,#11405));
#11397 = ORIENTED_EDGE('',*,*,#11398,.T.);
#11398 = EDGE_CURVE('',#11369,#10704,#11399,.T.);
#11399 = LINE('',#11400,#11401);
#11400 = CARTESIAN_POINT('',(-2.15,-2.,0.45));
#11401 = VECTOR('',#11402,1.);
#11402 = DIRECTION('',(0.,0.,-1.));
#11403 = ORIENTED_EDGE('',*,*,#10712,.F.);
#11404 = ORIENTED_EDGE('',*,*,#10608,.T.);
#11405 = ORIENTED_EDGE('',*,*,#11368,.T.);
#11406 = PLANE('',#11407);
#11407 = AXIS2_PLACEMENT_3D('',#11408,#11409,#11410);
#11408 = CARTESIAN_POINT('',(-2.15,-1.05,0.5));
#11409 = DIRECTION('',(1.,2.22044604925E-16,0.));
#11410 = DIRECTION('',(0.,-0.,1.));
#11411 = ADVANCED_FACE('',(#11412),#11432,.T.);
#11412 = FACE_BOUND('',#11413,.T.);
#11413 = EDGE_LOOP('',(#11414,#11423,#11430,#11431));
#11414 = ORIENTED_EDGE('',*,*,#11415,.T.);
#11415 = EDGE_CURVE('',#10704,#11416,#11418,.T.);
#11416 = VERTEX_POINT('',#11417);
#11417 = CARTESIAN_POINT('',(-2.15,-1.9,0.4));
#11418 = CIRCLE('',#11419,0.1);
#11419 = AXIS2_PLACEMENT_3D('',#11420,#11421,#11422);
#11420 = CARTESIAN_POINT('',(-2.15,-1.9,0.5));
#11421 = DIRECTION('',(1.,2.22044604925E-16,0.));
#11422 = DIRECTION('',(2.22044604925E-16,-1.,0.));
#11423 = ORIENTED_EDGE('',*,*,#11424,.F.);
#11424 = EDGE_CURVE('',#10632,#11416,#11425,.T.);
#11425 = CIRCLE('',#11426,0.1);
#11426 = AXIS2_PLACEMENT_3D('',#11427,#11428,#11429);
#11427 = CARTESIAN_POINT('',(-2.15,-1.9,0.3));
#11428 = DIRECTION('',(-2.22044604925E-16,1.,-6.E-17));
#11429 = DIRECTION('',(1.33226762955E-32,-6.E-17,-1.));
#11430 = ORIENTED_EDGE('',*,*,#10631,.F.);
#11431 = ORIENTED_EDGE('',*,*,#10703,.T.);
#11432 = TOROIDAL_SURFACE('',#11433,0.2,0.1);
#11433 = AXIS2_PLACEMENT_3D('',#11434,#11435,#11436);
#11434 = CARTESIAN_POINT('',(-2.15,-1.9,0.5));
#11435 = DIRECTION('',(-1.,-2.22044604925E-16,0.));
#11436 = DIRECTION('',(2.22044604925E-16,-1.,0.));
#11437 = ADVANCED_FACE('',(#11438),#11457,.T.);
#11438 = FACE_BOUND('',#11439,.T.);
#11439 = EDGE_LOOP('',(#11440,#11441,#11449,#11456));
#11440 = ORIENTED_EDGE('',*,*,#11424,.T.);
#11441 = ORIENTED_EDGE('',*,*,#11442,.T.);
#11442 = EDGE_CURVE('',#11416,#11443,#11445,.T.);
#11443 = VERTEX_POINT('',#11444);
#11444 = CARTESIAN_POINT('',(-2.15,1.9,0.4));
#11445 = LINE('',#11446,#11447);
#11446 = CARTESIAN_POINT('',(-2.15,-1.9,0.4));
#11447 = VECTOR('',#11448,1.);
#11448 = DIRECTION('',(-2.22044604925E-16,1.,0.));
#11449 = ORIENTED_EDGE('',*,*,#11450,.F.);
#11450 = EDGE_CURVE('',#10641,#11443,#11451,.T.);
#11451 = CIRCLE('',#11452,0.1);
#11452 = AXIS2_PLACEMENT_3D('',#11453,#11454,#11455);
#11453 = CARTESIAN_POINT('',(-2.15,1.9,0.3));
#11454 = DIRECTION('',(-2.22044604925E-16,1.,0.));
#11455 = DIRECTION('',(-1.,-2.22044604925E-16,0.));
#11456 = ORIENTED_EDGE('',*,*,#10640,.F.);
#11457 = CYLINDRICAL_SURFACE('',#11458,0.1);
#11458 = AXIS2_PLACEMENT_3D('',#11459,#11460,#11461);
#11459 = CARTESIAN_POINT('',(-2.15,-1.9,0.3));
#11460 = DIRECTION('',(-2.22044604925E-16,1.,0.));
#11461 = DIRECTION('',(-1.,-2.22044604925E-16,0.));
#11462 = ADVANCED_FACE('',(#11463),#11483,.T.);
#11463 = FACE_BOUND('',#11464,.T.);
#11464 = EDGE_LOOP('',(#11465,#11474,#11481,#11482));
#11465 = ORIENTED_EDGE('',*,*,#11466,.T.);
#11466 = EDGE_CURVE('',#11443,#11467,#11469,.T.);
#11467 = VERTEX_POINT('',#11468);
#11468 = CARTESIAN_POINT('',(-2.15,2.,0.5));
#11469 = CIRCLE('',#11470,0.1);
#11470 = AXIS2_PLACEMENT_3D('',#11471,#11472,#11473);
#11471 = CARTESIAN_POINT('',(-2.15,1.9,0.5));
#11472 = DIRECTION('',(1.,2.22044604925E-16,0.));
#11473 = DIRECTION('',(4.929390229335E-31,-2.22E-15,-1.));
#11474 = ORIENTED_EDGE('',*,*,#11475,.F.);
#11475 = EDGE_CURVE('',#10649,#11467,#11476,.T.);
#11476 = CIRCLE('',#11477,0.1);
#11477 = AXIS2_PLACEMENT_3D('',#11478,#11479,#11480);
#11478 = CARTESIAN_POINT('',(-2.15,2.1,0.5));
#11479 = DIRECTION('',(0.,0.,1.));
#11480 = DIRECTION('',(-1.,-2.22044604925E-16,0.));
#11481 = ORIENTED_EDGE('',*,*,#10648,.F.);
#11482 = ORIENTED_EDGE('',*,*,#11450,.T.);
#11483 = TOROIDAL_SURFACE('',#11484,0.2,0.1);
#11484 = AXIS2_PLACEMENT_3D('',#11485,#11486,#11487);
#11485 = CARTESIAN_POINT('',(-2.15,1.9,0.5));
#11486 = DIRECTION('',(-1.,-2.22044604925E-16,0.));
#11487 = DIRECTION('',(4.929390229335E-31,-2.22E-15,-1.));
#11488 = ADVANCED_FACE('',(#11489),#11573,.T.);
#11489 = FACE_BOUND('',#11490,.T.);
#11490 = EDGE_LOOP('',(#11491,#11499,#11500,#11509,#11517,#11524,#11525,
    #11534,#11542,#11549,#11550,#11558,#11564,#11565,#11566,#11567));
#11491 = ORIENTED_EDGE('',*,*,#11492,.T.);
#11492 = EDGE_CURVE('',#11493,#10801,#11495,.T.);
#11493 = VERTEX_POINT('',#11494);
#11494 = CARTESIAN_POINT('',(-2.2,2.25,0.5));
#11495 = LINE('',#11496,#11497);
#11496 = CARTESIAN_POINT('',(-2.25,2.25,0.5));
#11497 = VECTOR('',#11498,1.);
#11498 = DIRECTION('',(1.,2.22044604925E-16,0.));
#11499 = ORIENTED_EDGE('',*,*,#10800,.T.);
#11500 = ORIENTED_EDGE('',*,*,#11501,.F.);
#11501 = EDGE_CURVE('',#11502,#10803,#11504,.T.);
#11502 = VERTEX_POINT('',#11503);
#11503 = CARTESIAN_POINT('',(-1.42,1.8,2.50628144669E-03));
#11504 = CIRCLE('',#11505,0.5);
#11505 = AXIS2_PLACEMENT_3D('',#11506,#11507,#11508);
#11506 = CARTESIAN_POINT('',(-1.42,1.75,0.5));
#11507 = DIRECTION('',(1.,2.22044604925E-16,-0.));
#11508 = DIRECTION('',(-2.22044604925E-16,1.,0.));
#11509 = ORIENTED_EDGE('',*,*,#11510,.T.);
#11510 = EDGE_CURVE('',#11502,#11511,#11513,.T.);
#11511 = VERTEX_POINT('',#11512);
#11512 = CARTESIAN_POINT('',(-0.92,1.8,2.50628144669E-03));
#11513 = LINE('',#11514,#11515);
#11514 = CARTESIAN_POINT('',(-2.25,1.8,2.50628144669E-03));
#11515 = VECTOR('',#11516,1.);
#11516 = DIRECTION('',(1.,2.22044604925E-16,0.));
#11517 = ORIENTED_EDGE('',*,*,#11518,.T.);
#11518 = EDGE_CURVE('',#11511,#10858,#11519,.T.);
#11519 = CIRCLE('',#11520,0.5);
#11520 = AXIS2_PLACEMENT_3D('',#11521,#11522,#11523);
#11521 = CARTESIAN_POINT('',(-0.92,1.75,0.5));
#11522 = DIRECTION('',(1.,2.22044604925E-16,-0.));
#11523 = DIRECTION('',(-2.22044604925E-16,1.,0.));
#11524 = ORIENTED_EDGE('',*,*,#10857,.T.);
#11525 = ORIENTED_EDGE('',*,*,#11526,.F.);
#11526 = EDGE_CURVE('',#11527,#10850,#11529,.T.);
#11527 = VERTEX_POINT('',#11528);
#11528 = CARTESIAN_POINT('',(0.925,1.8,2.50628144669E-03));
#11529 = CIRCLE('',#11530,0.5);
#11530 = AXIS2_PLACEMENT_3D('',#11531,#11532,#11533);
#11531 = CARTESIAN_POINT('',(0.925,1.75,0.5));
#11532 = DIRECTION('',(1.,2.22044604925E-16,-0.));
#11533 = DIRECTION('',(-2.22044604925E-16,1.,0.));
#11534 = ORIENTED_EDGE('',*,*,#11535,.T.);
#11535 = EDGE_CURVE('',#11527,#11536,#11538,.T.);
#11536 = VERTEX_POINT('',#11537);
#11537 = CARTESIAN_POINT('',(1.425,1.8,2.50628144669E-03));
#11538 = LINE('',#11539,#11540);
#11539 = CARTESIAN_POINT('',(-2.25,1.8,2.50628144669E-03));
#11540 = VECTOR('',#11541,1.);
#11541 = DIRECTION('',(1.,2.22044604925E-16,0.));
#11542 = ORIENTED_EDGE('',*,*,#11543,.T.);
#11543 = EDGE_CURVE('',#11536,#10826,#11544,.T.);
#11544 = CIRCLE('',#11545,0.5);
#11545 = AXIS2_PLACEMENT_3D('',#11546,#11547,#11548);
#11546 = CARTESIAN_POINT('',(1.425,1.75,0.5));
#11547 = DIRECTION('',(1.,2.22044604925E-16,-0.));
#11548 = DIRECTION('',(-2.22044604925E-16,1.,0.));
#11549 = ORIENTED_EDGE('',*,*,#10825,.T.);
#11550 = ORIENTED_EDGE('',*,*,#11551,.T.);
#11551 = EDGE_CURVE('',#10818,#11552,#11554,.T.);
#11552 = VERTEX_POINT('',#11553);
#11553 = CARTESIAN_POINT('',(2.2,2.25,0.5));
#11554 = LINE('',#11555,#11556);
#11555 = CARTESIAN_POINT('',(2.15,2.25,0.5));
#11556 = VECTOR('',#11557,1.);
#11557 = DIRECTION('',(1.,2.22044604925E-16,0.));
#11558 = ORIENTED_EDGE('',*,*,#11559,.T.);
#11559 = EDGE_CURVE('',#11552,#11203,#11560,.T.);
#11560 = LINE('',#11561,#11562);
#11561 = CARTESIAN_POINT('',(2.15,2.25,0.5));
#11562 = VECTOR('',#11563,1.);
#11563 = DIRECTION('',(1.,2.22044604925E-16,0.));
#11564 = ORIENTED_EDGE('',*,*,#11202,.T.);
#11565 = ORIENTED_EDGE('',*,*,#11262,.F.);
#11566 = ORIENTED_EDGE('',*,*,#10673,.F.);
#11567 = ORIENTED_EDGE('',*,*,#11568,.T.);
#11568 = EDGE_CURVE('',#10666,#11493,#11569,.T.);
#11569 = LINE('',#11570,#11571);
#11570 = CARTESIAN_POINT('',(-2.25,2.25,0.5));
#11571 = VECTOR('',#11572,1.);
#11572 = DIRECTION('',(1.,2.22044604925E-16,0.));
#11573 = CYLINDRICAL_SURFACE('',#11574,0.5);
#11574 = AXIS2_PLACEMENT_3D('',#11575,#11576,#11577);
#11575 = CARTESIAN_POINT('',(-2.25,1.75,0.5));
#11576 = DIRECTION('',(1.,2.22044604925E-16,0.));
#11577 = DIRECTION('',(-2.22044604925E-16,1.,0.));
#11578 = ADVANCED_FACE('',(#11579),#11590,.T.);
#11579 = FACE_BOUND('',#11580,.T.);
#11580 = EDGE_LOOP('',(#11581,#11582,#11583));
#11581 = ORIENTED_EDGE('',*,*,#11568,.F.);
#11582 = ORIENTED_EDGE('',*,*,#10665,.T.);
#11583 = ORIENTED_EDGE('',*,*,#11584,.T.);
#11584 = EDGE_CURVE('',#10658,#11493,#11585,.T.);
#11585 = CIRCLE('',#11586,5.E-02);
#11586 = AXIS2_PLACEMENT_3D('',#11587,#11588,#11589);
#11587 = CARTESIAN_POINT('',(-2.2,2.2,0.5));
#11588 = DIRECTION('',(-0.,0.,-1.));
#11589 = DIRECTION('',(-1.,-2.22044604925E-16,0.));
#11590 = PLANE('',#11591);
#11591 = AXIS2_PLACEMENT_3D('',#11592,#11593,#11594);
#11592 = CARTESIAN_POINT('',(-2.25,2.25,0.5));
#11593 = DIRECTION('',(0.,0.,1.));
#11594 = DIRECTION('',(2.22044604925E-16,-1.,0.));
#11595 = ADVANCED_FACE('',(#11596),#11607,.F.);
#11596 = FACE_BOUND('',#11597,.F.);
#11597 = EDGE_LOOP('',(#11598,#11599,#11605,#11606));
#11598 = ORIENTED_EDGE('',*,*,#10737,.F.);
#11599 = ORIENTED_EDGE('',*,*,#11600,.F.);
#11600 = EDGE_CURVE('',#11493,#10730,#11601,.T.);
#11601 = LINE('',#11602,#11603);
#11602 = CARTESIAN_POINT('',(-2.2,2.25,0.5));
#11603 = VECTOR('',#11604,1.);
#11604 = DIRECTION('',(0.,0.,1.));
#11605 = ORIENTED_EDGE('',*,*,#11492,.T.);
#11606 = ORIENTED_EDGE('',*,*,#10810,.T.);
#11607 = PLANE('',#11608);
#11608 = AXIS2_PLACEMENT_3D('',#11609,#11610,#11611);
#11609 = CARTESIAN_POINT('',(-2.25,2.25,0.5));
#11610 = DIRECTION('',(2.22044604925E-16,-1.,0.));
#11611 = DIRECTION('',(0.,0.,1.));
#11612 = ADVANCED_FACE('',(#11613),#11638,.T.);
#11613 = FACE_BOUND('',#11614,.T.);
#11614 = EDGE_LOOP('',(#11615,#11616,#11622,#11623,#11631,#11637));
#11615 = ORIENTED_EDGE('',*,*,#10761,.T.);
#11616 = ORIENTED_EDGE('',*,*,#11617,.T.);
#11617 = EDGE_CURVE('',#10754,#11161,#11618,.T.);
#11618 = LINE('',#11619,#11620);
#11619 = CARTESIAN_POINT('',(2.25,-2.2,2.4));
#11620 = VECTOR('',#11621,1.);
#11621 = DIRECTION('',(-0.,0.,-1.));
#11622 = ORIENTED_EDGE('',*,*,#11184,.F.);
#11623 = ORIENTED_EDGE('',*,*,#11624,.F.);
#11624 = EDGE_CURVE('',#11625,#11185,#11627,.T.);
#11625 = VERTEX_POINT('',#11626);
#11626 = CARTESIAN_POINT('',(2.25,-1.05,0.5));
#11627 = LINE('',#11628,#11629);
#11628 = CARTESIAN_POINT('',(2.25,-1.05,0.5));
#11629 = VECTOR('',#11630,1.);
#11630 = DIRECTION('',(2.22044604925E-16,-1.,0.));
#11631 = ORIENTED_EDGE('',*,*,#11632,.T.);
#11632 = EDGE_CURVE('',#11625,#10939,#11633,.T.);
#11633 = LINE('',#11634,#11635);
#11634 = CARTESIAN_POINT('',(2.25,-1.05,0.5));
#11635 = VECTOR('',#11636,1.);
#11636 = DIRECTION('',(0.,0.,1.));
#11637 = ORIENTED_EDGE('',*,*,#10953,.T.);
#11638 = PLANE('',#11639);
#11639 = AXIS2_PLACEMENT_3D('',#11640,#11641,#11642);
#11640 = CARTESIAN_POINT('',(2.25,-1.05,0.5));
#11641 = DIRECTION('',(1.,2.22044604925E-16,0.));
#11642 = DIRECTION('',(0.,-0.,1.));
#11643 = ADVANCED_FACE('',(#11644),#11656,.T.);
#11644 = FACE_BOUND('',#11645,.T.);
#11645 = EDGE_LOOP('',(#11646,#11647,#11648,#11649));
#11646 = ORIENTED_EDGE('',*,*,#10786,.T.);
#11647 = ORIENTED_EDGE('',*,*,#10895,.T.);
#11648 = ORIENTED_EDGE('',*,*,#10921,.F.);
#11649 = ORIENTED_EDGE('',*,*,#11650,.F.);
#11650 = EDGE_CURVE('',#10779,#10914,#11651,.T.);
#11651 = CIRCLE('',#11652,5.E-02);
#11652 = AXIS2_PLACEMENT_3D('',#11653,#11654,#11655);
#11653 = CARTESIAN_POINT('',(2.2,2.2,2.4));
#11654 = DIRECTION('',(0.,0.,-1.));
#11655 = DIRECTION('',(-2.22044604925E-16,1.,0.));
#11656 = CYLINDRICAL_SURFACE('',#11657,5.E-02);
#11657 = AXIS2_PLACEMENT_3D('',#11658,#11659,#11660);
#11658 = CARTESIAN_POINT('',(2.2,2.2,2.4));
#11659 = DIRECTION('',(0.,0.,1.));
#11660 = DIRECTION('',(-2.22044604925E-16,1.,0.));
#11661 = ADVANCED_FACE('',(#11662),#11673,.F.);
#11662 = FACE_BOUND('',#11663,.F.);
#11663 = EDGE_LOOP('',(#11664,#11665,#11666,#11667));
#11664 = ORIENTED_EDGE('',*,*,#10778,.F.);
#11665 = ORIENTED_EDGE('',*,*,#10817,.F.);
#11666 = ORIENTED_EDGE('',*,*,#11551,.T.);
#11667 = ORIENTED_EDGE('',*,*,#11668,.T.);
#11668 = EDGE_CURVE('',#11552,#10779,#11669,.T.);
#11669 = LINE('',#11670,#11671);
#11670 = CARTESIAN_POINT('',(2.2,2.25,0.5));
#11671 = VECTOR('',#11672,1.);
#11672 = DIRECTION('',(0.,0.,1.));
#11673 = PLANE('',#11674);
#11674 = AXIS2_PLACEMENT_3D('',#11675,#11676,#11677);
#11675 = CARTESIAN_POINT('',(2.15,2.25,0.5));
#11676 = DIRECTION('',(2.22044604925E-16,-1.,0.));
#11677 = DIRECTION('',(0.,0.,1.));
#11678 = ADVANCED_FACE('',(#11679),#11731,.F.);
#11679 = FACE_BOUND('',#11680,.F.);
#11680 = EDGE_LOOP('',(#11681,#11691,#11700,#11708,#11717,#11723,#11724,
    #11725));
#11681 = ORIENTED_EDGE('',*,*,#11682,.F.);
#11682 = EDGE_CURVE('',#11683,#11685,#11687,.T.);
#11683 = VERTEX_POINT('',#11684);
#11684 = CARTESIAN_POINT('',(-1.42,2.3,0.));
#11685 = VERTEX_POINT('',#11686);
#11686 = CARTESIAN_POINT('',(-1.42,1.8,0.));
#11687 = LINE('',#11688,#11689);
#11688 = CARTESIAN_POINT('',(-1.42,2.5,0.));
#11689 = VECTOR('',#11690,1.);
#11690 = DIRECTION('',(2.22044604925E-16,-1.,0.));
#11691 = ORIENTED_EDGE('',*,*,#11692,.F.);
#11692 = EDGE_CURVE('',#11693,#11683,#11695,.T.);
#11693 = VERTEX_POINT('',#11694);
#11694 = CARTESIAN_POINT('',(-1.42,2.5,0.2));
#11695 = CIRCLE('',#11696,0.2);
#11696 = AXIS2_PLACEMENT_3D('',#11697,#11698,#11699);
#11697 = CARTESIAN_POINT('',(-1.42,2.3,0.2));
#11698 = DIRECTION('',(-1.,-2.22044604925E-16,0.));
#11699 = DIRECTION('',(0.,0.,1.));
#11700 = ORIENTED_EDGE('',*,*,#11701,.T.);
#11701 = EDGE_CURVE('',#11693,#11702,#11704,.T.);
#11702 = VERTEX_POINT('',#11703);
#11703 = CARTESIAN_POINT('',(-1.42,2.5,0.8));
#11704 = LINE('',#11705,#11706);
#11705 = CARTESIAN_POINT('',(-1.42,2.5,0.));
#11706 = VECTOR('',#11707,1.);
#11707 = DIRECTION('',(0.,0.,1.));
#11708 = ORIENTED_EDGE('',*,*,#11709,.T.);
#11709 = EDGE_CURVE('',#11702,#11710,#11712,.T.);
#11710 = VERTEX_POINT('',#11711);
#11711 = CARTESIAN_POINT('',(-1.42,2.3,1.));
#11712 = CIRCLE('',#11713,0.2);
#11713 = AXIS2_PLACEMENT_3D('',#11714,#11715,#11716);
#11714 = CARTESIAN_POINT('',(-1.42,2.3,0.8));
#11715 = DIRECTION('',(1.,2.22044604925E-16,-0.));
#11716 = DIRECTION('',(0.,0.,1.));
#11717 = ORIENTED_EDGE('',*,*,#11718,.T.);
#11718 = EDGE_CURVE('',#11710,#10874,#11719,.T.);
#11719 = LINE('',#11720,#11721);
#11720 = CARTESIAN_POINT('',(-1.42,2.5,1.));
#11721 = VECTOR('',#11722,1.);
#11722 = DIRECTION('',(2.22044604925E-16,-1.,0.));
#11723 = ORIENTED_EDGE('',*,*,#10881,.T.);
#11724 = ORIENTED_EDGE('',*,*,#11501,.F.);
#11725 = ORIENTED_EDGE('',*,*,#11726,.F.);
#11726 = EDGE_CURVE('',#11685,#11502,#11727,.T.);
#11727 = LINE('',#11728,#11729);
#11728 = CARTESIAN_POINT('',(-1.42,1.8,0.));
#11729 = VECTOR('',#11730,1.);
#11730 = DIRECTION('',(0.,0.,1.));
#11731 = PLANE('',#11732);
#11732 = AXIS2_PLACEMENT_3D('',#11733,#11734,#11735);
#11733 = CARTESIAN_POINT('',(-1.42,2.5,0.));
#11734 = DIRECTION('',(1.,2.22044604925E-16,0.));
#11735 = DIRECTION('',(0.,-0.,1.));
#11736 = ADVANCED_FACE('',(#11737),#11755,.T.);
#11737 = FACE_BOUND('',#11738,.T.);
#11738 = EDGE_LOOP('',(#11739,#11747,#11753,#11754));
#11739 = ORIENTED_EDGE('',*,*,#11740,.F.);
#11740 = EDGE_CURVE('',#11741,#10866,#11743,.T.);
#11741 = VERTEX_POINT('',#11742);
#11742 = CARTESIAN_POINT('',(-0.92,2.3,1.));
#11743 = LINE('',#11744,#11745);
#11744 = CARTESIAN_POINT('',(-0.92,2.5,1.));
#11745 = VECTOR('',#11746,1.);
#11746 = DIRECTION('',(2.22044604925E-16,-1.,0.));
#11747 = ORIENTED_EDGE('',*,*,#11748,.F.);
#11748 = EDGE_CURVE('',#11710,#11741,#11749,.T.);
#11749 = LINE('',#11750,#11751);
#11750 = CARTESIAN_POINT('',(-1.42,2.3,1.));
#11751 = VECTOR('',#11752,1.);
#11752 = DIRECTION('',(1.,2.22044604925E-16,0.));
#11753 = ORIENTED_EDGE('',*,*,#11718,.T.);
#11754 = ORIENTED_EDGE('',*,*,#10873,.T.);
#11755 = PLANE('',#11756);
#11756 = AXIS2_PLACEMENT_3D('',#11757,#11758,#11759);
#11757 = CARTESIAN_POINT('',(-1.42,2.5,1.));
#11758 = DIRECTION('',(0.,0.,1.));
#11759 = DIRECTION('',(2.22044604925E-16,-1.,0.));
#11760 = ADVANCED_FACE('',(#11761),#11806,.T.);
#11761 = FACE_BOUND('',#11762,.T.);
#11762 = EDGE_LOOP('',(#11763,#11773,#11782,#11790,#11797,#11798,#11799,
    #11800));
#11763 = ORIENTED_EDGE('',*,*,#11764,.F.);
#11764 = EDGE_CURVE('',#11765,#11767,#11769,.T.);
#11765 = VERTEX_POINT('',#11766);
#11766 = CARTESIAN_POINT('',(-0.92,2.3,0.));
#11767 = VERTEX_POINT('',#11768);
#11768 = CARTESIAN_POINT('',(-0.92,1.8,0.));
#11769 = LINE('',#11770,#11771);
#11770 = CARTESIAN_POINT('',(-0.92,2.5,0.));
#11771 = VECTOR('',#11772,1.);
#11772 = DIRECTION('',(2.22044604925E-16,-1.,0.));
#11773 = ORIENTED_EDGE('',*,*,#11774,.F.);
#11774 = EDGE_CURVE('',#11775,#11765,#11777,.T.);
#11775 = VERTEX_POINT('',#11776);
#11776 = CARTESIAN_POINT('',(-0.92,2.5,0.2));
#11777 = CIRCLE('',#11778,0.2);
#11778 = AXIS2_PLACEMENT_3D('',#11779,#11780,#11781);
#11779 = CARTESIAN_POINT('',(-0.92,2.3,0.2));
#11780 = DIRECTION('',(-1.,-2.22044604925E-16,0.));
#11781 = DIRECTION('',(0.,0.,1.));
#11782 = ORIENTED_EDGE('',*,*,#11783,.T.);
#11783 = EDGE_CURVE('',#11775,#11784,#11786,.T.);
#11784 = VERTEX_POINT('',#11785);
#11785 = CARTESIAN_POINT('',(-0.92,2.5,0.8));
#11786 = LINE('',#11787,#11788);
#11787 = CARTESIAN_POINT('',(-0.92,2.5,0.));
#11788 = VECTOR('',#11789,1.);
#11789 = DIRECTION('',(0.,0.,1.));
#11790 = ORIENTED_EDGE('',*,*,#11791,.T.);
#11791 = EDGE_CURVE('',#11784,#11741,#11792,.T.);
#11792 = CIRCLE('',#11793,0.2);
#11793 = AXIS2_PLACEMENT_3D('',#11794,#11795,#11796);
#11794 = CARTESIAN_POINT('',(-0.92,2.3,0.8));
#11795 = DIRECTION('',(1.,2.22044604925E-16,-0.));
#11796 = DIRECTION('',(0.,0.,1.));
#11797 = ORIENTED_EDGE('',*,*,#11740,.T.);
#11798 = ORIENTED_EDGE('',*,*,#10865,.T.);
#11799 = ORIENTED_EDGE('',*,*,#11518,.F.);
#11800 = ORIENTED_EDGE('',*,*,#11801,.F.);
#11801 = EDGE_CURVE('',#11767,#11511,#11802,.T.);
#11802 = LINE('',#11803,#11804);
#11803 = CARTESIAN_POINT('',(-0.92,1.8,0.));
#11804 = VECTOR('',#11805,1.);
#11805 = DIRECTION('',(0.,0.,1.));
#11806 = PLANE('',#11807);
#11807 = AXIS2_PLACEMENT_3D('',#11808,#11809,#11810);
#11808 = CARTESIAN_POINT('',(-0.92,2.5,0.));
#11809 = DIRECTION('',(1.,2.22044604925E-16,0.));
#11810 = DIRECTION('',(0.,-0.,1.));
#11811 = ADVANCED_FACE('',(#11812),#11864,.T.);
#11812 = FACE_BOUND('',#11813,.T.);
#11813 = EDGE_LOOP('',(#11814,#11824,#11833,#11841,#11850,#11856,#11857,
    #11858));
#11814 = ORIENTED_EDGE('',*,*,#11815,.F.);
#11815 = EDGE_CURVE('',#11816,#11818,#11820,.T.);
#11816 = VERTEX_POINT('',#11817);
#11817 = CARTESIAN_POINT('',(1.425,2.3,0.));
#11818 = VERTEX_POINT('',#11819);
#11819 = CARTESIAN_POINT('',(1.425,1.8,0.));
#11820 = LINE('',#11821,#11822);
#11821 = CARTESIAN_POINT('',(1.425,2.5,0.));
#11822 = VECTOR('',#11823,1.);
#11823 = DIRECTION('',(2.22044604925E-16,-1.,0.));
#11824 = ORIENTED_EDGE('',*,*,#11825,.F.);
#11825 = EDGE_CURVE('',#11826,#11816,#11828,.T.);
#11826 = VERTEX_POINT('',#11827);
#11827 = CARTESIAN_POINT('',(1.425,2.5,0.2));
#11828 = CIRCLE('',#11829,0.2);
#11829 = AXIS2_PLACEMENT_3D('',#11830,#11831,#11832);
#11830 = CARTESIAN_POINT('',(1.425,2.3,0.2));
#11831 = DIRECTION('',(-1.,-2.22044604925E-16,0.));
#11832 = DIRECTION('',(0.,0.,1.));
#11833 = ORIENTED_EDGE('',*,*,#11834,.T.);
#11834 = EDGE_CURVE('',#11826,#11835,#11837,.T.);
#11835 = VERTEX_POINT('',#11836);
#11836 = CARTESIAN_POINT('',(1.425,2.5,0.8));
#11837 = LINE('',#11838,#11839);
#11838 = CARTESIAN_POINT('',(1.425,2.5,0.));
#11839 = VECTOR('',#11840,1.);
#11840 = DIRECTION('',(0.,0.,1.));
#11841 = ORIENTED_EDGE('',*,*,#11842,.T.);
#11842 = EDGE_CURVE('',#11835,#11843,#11845,.T.);
#11843 = VERTEX_POINT('',#11844);
#11844 = CARTESIAN_POINT('',(1.425,2.3,1.));
#11845 = CIRCLE('',#11846,0.2);
#11846 = AXIS2_PLACEMENT_3D('',#11847,#11848,#11849);
#11847 = CARTESIAN_POINT('',(1.425,2.3,0.8));
#11848 = DIRECTION('',(1.,2.22044604925E-16,-0.));
#11849 = DIRECTION('',(0.,0.,1.));
#11850 = ORIENTED_EDGE('',*,*,#11851,.T.);
#11851 = EDGE_CURVE('',#11843,#10834,#11852,.T.);
#11852 = LINE('',#11853,#11854);
#11853 = CARTESIAN_POINT('',(1.425,2.5,1.));
#11854 = VECTOR('',#11855,1.);
#11855 = DIRECTION('',(2.22044604925E-16,-1.,0.));
#11856 = ORIENTED_EDGE('',*,*,#10833,.F.);
#11857 = ORIENTED_EDGE('',*,*,#11543,.F.);
#11858 = ORIENTED_EDGE('',*,*,#11859,.F.);
#11859 = EDGE_CURVE('',#11818,#11536,#11860,.T.);
#11860 = LINE('',#11861,#11862);
#11861 = CARTESIAN_POINT('',(1.425,1.8,0.));
#11862 = VECTOR('',#11863,1.);
#11863 = DIRECTION('',(0.,0.,1.));
#11864 = PLANE('',#11865);
#11865 = AXIS2_PLACEMENT_3D('',#11866,#11867,#11868);
#11866 = CARTESIAN_POINT('',(1.425,2.5,0.));
#11867 = DIRECTION('',(1.,2.22044604925E-16,0.));
#11868 = DIRECTION('',(0.,-0.,1.));
#11869 = ADVANCED_FACE('',(#11870),#11922,.F.);
#11870 = FACE_BOUND('',#11871,.F.);
#11871 = EDGE_LOOP('',(#11872,#11882,#11891,#11899,#11908,#11914,#11915,
    #11916));
#11872 = ORIENTED_EDGE('',*,*,#11873,.F.);
#11873 = EDGE_CURVE('',#11874,#11876,#11878,.T.);
#11874 = VERTEX_POINT('',#11875);
#11875 = CARTESIAN_POINT('',(0.925,2.3,0.));
#11876 = VERTEX_POINT('',#11877);
#11877 = CARTESIAN_POINT('',(0.925,1.8,0.));
#11878 = LINE('',#11879,#11880);
#11879 = CARTESIAN_POINT('',(0.925,2.5,0.));
#11880 = VECTOR('',#11881,1.);
#11881 = DIRECTION('',(2.22044604925E-16,-1.,0.));
#11882 = ORIENTED_EDGE('',*,*,#11883,.F.);
#11883 = EDGE_CURVE('',#11884,#11874,#11886,.T.);
#11884 = VERTEX_POINT('',#11885);
#11885 = CARTESIAN_POINT('',(0.925,2.5,0.2));
#11886 = CIRCLE('',#11887,0.2);
#11887 = AXIS2_PLACEMENT_3D('',#11888,#11889,#11890);
#11888 = CARTESIAN_POINT('',(0.925,2.3,0.2));
#11889 = DIRECTION('',(-1.,-2.22044604925E-16,0.));
#11890 = DIRECTION('',(0.,0.,1.));
#11891 = ORIENTED_EDGE('',*,*,#11892,.T.);
#11892 = EDGE_CURVE('',#11884,#11893,#11895,.T.);
#11893 = VERTEX_POINT('',#11894);
#11894 = CARTESIAN_POINT('',(0.925,2.5,0.8));
#11895 = LINE('',#11896,#11897);
#11896 = CARTESIAN_POINT('',(0.925,2.5,0.));
#11897 = VECTOR('',#11898,1.);
#11898 = DIRECTION('',(0.,0.,1.));
#11899 = ORIENTED_EDGE('',*,*,#11900,.T.);
#11900 = EDGE_CURVE('',#11893,#11901,#11903,.T.);
#11901 = VERTEX_POINT('',#11902);
#11902 = CARTESIAN_POINT('',(0.925,2.3,1.));
#11903 = CIRCLE('',#11904,0.2);
#11904 = AXIS2_PLACEMENT_3D('',#11905,#11906,#11907);
#11905 = CARTESIAN_POINT('',(0.925,2.3,0.8));
#11906 = DIRECTION('',(1.,2.22044604925E-16,-0.));
#11907 = DIRECTION('',(0.,0.,1.));
#11908 = ORIENTED_EDGE('',*,*,#11909,.T.);
#11909 = EDGE_CURVE('',#11901,#10842,#11910,.T.);
#11910 = LINE('',#11911,#11912);
#11911 = CARTESIAN_POINT('',(0.925,2.5,1.));
#11912 = VECTOR('',#11913,1.);
#11913 = DIRECTION('',(2.22044604925E-16,-1.,0.));
#11914 = ORIENTED_EDGE('',*,*,#10849,.F.);
#11915 = ORIENTED_EDGE('',*,*,#11526,.F.);
#11916 = ORIENTED_EDGE('',*,*,#11917,.F.);
#11917 = EDGE_CURVE('',#11876,#11527,#11918,.T.);
#11918 = LINE('',#11919,#11920);
#11919 = CARTESIAN_POINT('',(0.925,1.8,0.));
#11920 = VECTOR('',#11921,1.);
#11921 = DIRECTION('',(0.,0.,1.));
#11922 = PLANE('',#11923);
#11923 = AXIS2_PLACEMENT_3D('',#11924,#11925,#11926);
#11924 = CARTESIAN_POINT('',(0.925,2.5,0.));
#11925 = DIRECTION('',(1.,2.22044604925E-16,0.));
#11926 = DIRECTION('',(0.,-0.,1.));
#11927 = ADVANCED_FACE('',(#11928),#11939,.T.);
#11928 = FACE_BOUND('',#11929,.T.);
#11929 = EDGE_LOOP('',(#11930,#11931,#11937,#11938));
#11930 = ORIENTED_EDGE('',*,*,#11851,.F.);
#11931 = ORIENTED_EDGE('',*,*,#11932,.F.);
#11932 = EDGE_CURVE('',#11901,#11843,#11933,.T.);
#11933 = LINE('',#11934,#11935);
#11934 = CARTESIAN_POINT('',(0.925,2.3,1.));
#11935 = VECTOR('',#11936,1.);
#11936 = DIRECTION('',(1.,2.22044604925E-16,0.));
#11937 = ORIENTED_EDGE('',*,*,#11909,.T.);
#11938 = ORIENTED_EDGE('',*,*,#10841,.F.);
#11939 = PLANE('',#11940);
#11940 = AXIS2_PLACEMENT_3D('',#11941,#11942,#11943);
#11941 = CARTESIAN_POINT('',(0.925,2.5,1.));
#11942 = DIRECTION('',(0.,0.,1.));
#11943 = DIRECTION('',(2.22044604925E-16,-1.,0.));
#11944 = ADVANCED_FACE('',(#11945),#11970,.T.);
#11945 = FACE_BOUND('',#11946,.T.);
#11946 = EDGE_LOOP('',(#11947,#11948,#11949,#11957,#11963,#11964));
#11947 = ORIENTED_EDGE('',*,*,#10913,.T.);
#11948 = ORIENTED_EDGE('',*,*,#10946,.F.);
#11949 = ORIENTED_EDGE('',*,*,#11950,.F.);
#11950 = EDGE_CURVE('',#11951,#10937,#11953,.T.);
#11951 = VERTEX_POINT('',#11952);
#11952 = CARTESIAN_POINT('',(2.25,1.05,0.5));
#11953 = LINE('',#11954,#11955);
#11954 = CARTESIAN_POINT('',(2.25,1.05,0.5));
#11955 = VECTOR('',#11956,1.);
#11956 = DIRECTION('',(0.,0.,1.));
#11957 = ORIENTED_EDGE('',*,*,#11958,.F.);
#11958 = EDGE_CURVE('',#11220,#11951,#11959,.T.);
#11959 = LINE('',#11960,#11961);
#11960 = CARTESIAN_POINT('',(2.25,2.25,0.5));
#11961 = VECTOR('',#11962,1.);
#11962 = DIRECTION('',(2.22044604925E-16,-1.,0.));
#11963 = ORIENTED_EDGE('',*,*,#11219,.F.);
#11964 = ORIENTED_EDGE('',*,*,#11965,.T.);
#11965 = EDGE_CURVE('',#11212,#10914,#11966,.T.);
#11966 = LINE('',#11967,#11968);
#11967 = CARTESIAN_POINT('',(2.25,2.2,0.5));
#11968 = VECTOR('',#11969,1.);
#11969 = DIRECTION('',(0.,0.,1.));
#11970 = PLANE('',#11971);
#11971 = AXIS2_PLACEMENT_3D('',#11972,#11973,#11974);
#11972 = CARTESIAN_POINT('',(2.25,2.25,0.5));
#11973 = DIRECTION('',(1.,2.22044604925E-16,0.));
#11974 = DIRECTION('',(0.,-0.,1.));
#11975 = ADVANCED_FACE('',(#11976),#12033,.F.);
#11976 = FACE_BOUND('',#11977,.F.);
#11977 = EDGE_LOOP('',(#11978,#11988,#11996,#12004,#12012,#12018,#12019,
    #12027));
#11978 = ORIENTED_EDGE('',*,*,#11979,.F.);
#11979 = EDGE_CURVE('',#11980,#11982,#11984,.T.);
#11980 = VERTEX_POINT('',#11981);
#11981 = CARTESIAN_POINT('',(2.,2.,0.6));
#11982 = VERTEX_POINT('',#11983);
#11983 = CARTESIAN_POINT('',(2.15,2.,0.6));
#11984 = LINE('',#11985,#11986);
#11985 = CARTESIAN_POINT('',(2.,2.,0.6));
#11986 = VECTOR('',#11987,1.);
#11987 = DIRECTION('',(1.,2.22044604925E-16,0.));
#11988 = ORIENTED_EDGE('',*,*,#11989,.T.);
#11989 = EDGE_CURVE('',#11980,#11990,#11992,.T.);
#11990 = VERTEX_POINT('',#11991);
#11991 = CARTESIAN_POINT('',(2.,-2.,0.6));
#11992 = LINE('',#11993,#11994);
#11993 = CARTESIAN_POINT('',(2.,2.,0.6));
#11994 = VECTOR('',#11995,1.);
#11995 = DIRECTION('',(2.22044604925E-16,-1.,0.));
#11996 = ORIENTED_EDGE('',*,*,#11997,.T.);
#11997 = EDGE_CURVE('',#11990,#11998,#12000,.T.);
#11998 = VERTEX_POINT('',#11999);
#11999 = CARTESIAN_POINT('',(2.15,-2.,0.6));
#12000 = LINE('',#12001,#12002);
#12001 = CARTESIAN_POINT('',(2.,-2.,0.6));
#12002 = VECTOR('',#12003,1.);
#12003 = DIRECTION('',(1.,2.22044604925E-16,0.));
#12004 = ORIENTED_EDGE('',*,*,#12005,.F.);
#12005 = EDGE_CURVE('',#12006,#11998,#12008,.T.);
#12006 = VERTEX_POINT('',#12007);
#12007 = CARTESIAN_POINT('',(2.15,-1.05,0.6));
#12008 = LINE('',#12009,#12010);
#12009 = CARTESIAN_POINT('',(2.15,0.475,0.6));
#12010 = VECTOR('',#12011,1.);
#12011 = DIRECTION('',(2.22044604925E-16,-1.,0.));
#12012 = ORIENTED_EDGE('',*,*,#12013,.F.);
#12013 = EDGE_CURVE('',#10939,#12006,#12014,.T.);
#12014 = LINE('',#12015,#12016);
#12015 = CARTESIAN_POINT('',(2.075,-1.05,0.6));
#12016 = VECTOR('',#12017,1.);
#12017 = DIRECTION('',(-1.,-2.22044604925E-16,0.));
#12018 = ORIENTED_EDGE('',*,*,#10936,.F.);
#12019 = ORIENTED_EDGE('',*,*,#12020,.T.);
#12020 = EDGE_CURVE('',#10937,#12021,#12023,.T.);
#12021 = VERTEX_POINT('',#12022);
#12022 = CARTESIAN_POINT('',(2.15,1.05,0.6));
#12023 = LINE('',#12024,#12025);
#12024 = CARTESIAN_POINT('',(2.075,1.05,0.6));
#12025 = VECTOR('',#12026,1.);
#12026 = DIRECTION('',(-1.,-2.22044604925E-16,0.));
#12027 = ORIENTED_EDGE('',*,*,#12028,.F.);
#12028 = EDGE_CURVE('',#11982,#12021,#12029,.T.);
#12029 = LINE('',#12030,#12031);
#12030 = CARTESIAN_POINT('',(2.15,2.125,0.6));
#12031 = VECTOR('',#12032,1.);
#12032 = DIRECTION('',(2.22044604925E-16,-1.,0.));
#12033 = PLANE('',#12034);
#12034 = AXIS2_PLACEMENT_3D('',#12035,#12036,#12037);
#12035 = CARTESIAN_POINT('',(2.,2.,0.6));
#12036 = DIRECTION('',(0.,0.,1.));
#12037 = DIRECTION('',(2.22044604925E-16,-1.,0.));
#12038 = ADVANCED_FACE('',(#12039),#12045,.T.);
#12039 = FACE_BOUND('',#12040,.T.);
#12040 = EDGE_LOOP('',(#12041,#12042,#12043,#12044));
#12041 = ORIENTED_EDGE('',*,*,#11144,.T.);
#12042 = ORIENTED_EDGE('',*,*,#10995,.T.);
#12043 = ORIENTED_EDGE('',*,*,#11168,.F.);
#12044 = ORIENTED_EDGE('',*,*,#11617,.F.);
#12045 = CYLINDRICAL_SURFACE('',#12046,5.E-02);
#12046 = AXIS2_PLACEMENT_3D('',#12047,#12048,#12049);
#12047 = CARTESIAN_POINT('',(2.2,-2.2,2.4));
#12048 = DIRECTION('',(-0.,0.,-1.));
#12049 = DIRECTION('',(1.,2.22044604925E-16,0.));
#12050 = ADVANCED_FACE('',(#12051),#12067,.T.);
#12051 = FACE_BOUND('',#12052,.T.);
#12052 = EDGE_LOOP('',(#12053,#12054,#12060,#12061));
#12053 = ORIENTED_EDGE('',*,*,#11091,.T.);
#12054 = ORIENTED_EDGE('',*,*,#12055,.T.);
#12055 = EDGE_CURVE('',#11094,#11012,#12056,.T.);
#12056 = LINE('',#12057,#12058);
#12057 = CARTESIAN_POINT('',(-0.25,-2.3,-3.E-17));
#12058 = VECTOR('',#12059,1.);
#12059 = DIRECTION('',(1.,2.22044604925E-16,0.));
#12060 = ORIENTED_EDGE('',*,*,#11009,.F.);
#12061 = ORIENTED_EDGE('',*,*,#12062,.F.);
#12062 = EDGE_CURVE('',#11092,#11010,#12063,.T.);
#12063 = LINE('',#12064,#12065);
#12064 = CARTESIAN_POINT('',(-0.25,-2.5,0.2));
#12065 = VECTOR('',#12066,1.);
#12066 = DIRECTION('',(1.,2.22044604925E-16,0.));
#12067 = CYLINDRICAL_SURFACE('',#12068,0.2);
#12068 = AXIS2_PLACEMENT_3D('',#12069,#12070,#12071);
#12069 = CARTESIAN_POINT('',(-0.25,-2.3,0.2));
#12070 = DIRECTION('',(1.,2.22044604925E-16,0.));
#12071 = DIRECTION('',(2.22044604925E-16,-1.,0.));
#12072 = ADVANCED_FACE('',(#12073),#12084,.T.);
#12073 = FACE_BOUND('',#12074,.T.);
#12074 = EDGE_LOOP('',(#12075,#12076,#12077,#12078));
#12075 = ORIENTED_EDGE('',*,*,#11128,.F.);
#12076 = ORIENTED_EDGE('',*,*,#12062,.T.);
#12077 = ORIENTED_EDGE('',*,*,#11053,.T.);
#12078 = ORIENTED_EDGE('',*,*,#12079,.F.);
#12079 = EDGE_CURVE('',#11120,#11045,#12080,.T.);
#12080 = LINE('',#12081,#12082);
#12081 = CARTESIAN_POINT('',(-0.25,-2.5,0.8));
#12082 = VECTOR('',#12083,1.);
#12083 = DIRECTION('',(1.,2.22044604925E-16,0.));
#12084 = PLANE('',#12085);
#12085 = AXIS2_PLACEMENT_3D('',#12086,#12087,#12088);
#12086 = CARTESIAN_POINT('',(-0.25,-2.5,0.));
#12087 = DIRECTION('',(2.22044604925E-16,-1.,0.));
#12088 = DIRECTION('',(0.,0.,1.));
#12089 = ADVANCED_FACE('',(#12090),#12096,.F.);
#12090 = FACE_BOUND('',#12091,.F.);
#12091 = EDGE_LOOP('',(#12092,#12093,#12094,#12095));
#12092 = ORIENTED_EDGE('',*,*,#11020,.F.);
#12093 = ORIENTED_EDGE('',*,*,#11277,.F.);
#12094 = ORIENTED_EDGE('',*,*,#11102,.T.);
#12095 = ORIENTED_EDGE('',*,*,#12055,.T.);
#12096 = PLANE('',#12097);
#12097 = AXIS2_PLACEMENT_3D('',#12098,#12099,#12100);
#12098 = CARTESIAN_POINT('',(-0.25,-1.8,0.));
#12099 = DIRECTION('',(0.,0.,1.));
#12100 = DIRECTION('',(2.22044604925E-16,-1.,0.));
#12101 = ADVANCED_FACE('',(#12102),#12108,.T.);
#12102 = FACE_BOUND('',#12103,.T.);
#12103 = EDGE_LOOP('',(#12104,#12105,#12106,#12107));
#12104 = ORIENTED_EDGE('',*,*,#12079,.T.);
#12105 = ORIENTED_EDGE('',*,*,#11044,.T.);
#12106 = ORIENTED_EDGE('',*,*,#11077,.F.);
#12107 = ORIENTED_EDGE('',*,*,#11119,.F.);
#12108 = CYLINDRICAL_SURFACE('',#12109,0.2);
#12109 = AXIS2_PLACEMENT_3D('',#12110,#12111,#12112);
#12110 = CARTESIAN_POINT('',(-0.25,-2.3,0.8));
#12111 = DIRECTION('',(1.,2.22044604925E-16,0.));
#12112 = DIRECTION('',(2.22044604925E-16,-1.,0.));
#12113 = ADVANCED_FACE('',(#12114),#12142,.T.);
#12114 = FACE_BOUND('',#12115,.T.);
#12115 = EDGE_LOOP('',(#12116,#12127,#12134,#12135));
#12116 = ORIENTED_EDGE('',*,*,#12117,.T.);
#12117 = EDGE_CURVE('',#12118,#12120,#12122,.T.);
#12118 = VERTEX_POINT('',#12119);
#12119 = CARTESIAN_POINT('',(2.15,-1.9,0.4));
#12120 = VERTEX_POINT('',#12121);
#12121 = CARTESIAN_POINT('',(2.15,-2.,0.5));
#12122 = CIRCLE('',#12123,0.1);
#12123 = AXIS2_PLACEMENT_3D('',#12124,#12125,#12126);
#12124 = CARTESIAN_POINT('',(2.15,-1.9,0.5));
#12125 = DIRECTION('',(-1.,-2.22044604925E-16,0.));
#12126 = DIRECTION('',(-4.929390229335E-31,2.22E-15,-1.));
#12127 = ORIENTED_EDGE('',*,*,#12128,.F.);
#12128 = EDGE_CURVE('',#11185,#12120,#12129,.T.);
#12129 = CIRCLE('',#12130,0.1);
#12130 = AXIS2_PLACEMENT_3D('',#12131,#12132,#12133);
#12131 = CARTESIAN_POINT('',(2.15,-2.1,0.5));
#12132 = DIRECTION('',(0.,0.,1.));
#12133 = DIRECTION('',(-1.,-2.22044604925E-16,0.));
#12134 = ORIENTED_EDGE('',*,*,#11244,.F.);
#12135 = ORIENTED_EDGE('',*,*,#12136,.T.);
#12136 = EDGE_CURVE('',#11237,#12118,#12137,.T.);
#12137 = CIRCLE('',#12138,0.1);
#12138 = AXIS2_PLACEMENT_3D('',#12139,#12140,#12141);
#12139 = CARTESIAN_POINT('',(2.15,-1.9,0.3));
#12140 = DIRECTION('',(2.22044604925E-16,-1.,0.));
#12141 = DIRECTION('',(1.,2.22044604925E-16,0.));
#12142 = TOROIDAL_SURFACE('',#12143,0.2,0.1);
#12143 = AXIS2_PLACEMENT_3D('',#12144,#12145,#12146);
#12144 = CARTESIAN_POINT('',(2.15,-1.9,0.5));
#12145 = DIRECTION('',(1.,2.22044604925E-16,0.));
#12146 = DIRECTION('',(-4.929390229335E-31,2.22E-15,-1.));
#12147 = ADVANCED_FACE('',(#12148),#12167,.T.);
#12148 = FACE_BOUND('',#12149,.T.);
#12149 = EDGE_LOOP('',(#12150,#12159,#12165,#12166));
#12150 = ORIENTED_EDGE('',*,*,#12151,.T.);
#12151 = EDGE_CURVE('',#11228,#12152,#12154,.T.);
#12152 = VERTEX_POINT('',#12153);
#12153 = CARTESIAN_POINT('',(2.15,1.9,0.4));
#12154 = CIRCLE('',#12155,0.1);
#12155 = AXIS2_PLACEMENT_3D('',#12156,#12157,#12158);
#12156 = CARTESIAN_POINT('',(2.15,1.9,0.3));
#12157 = DIRECTION('',(2.22044604925E-16,-1.,-6.E-17));
#12158 = DIRECTION('',(-1.33226762955E-32,6.E-17,-1.));
#12159 = ORIENTED_EDGE('',*,*,#12160,.T.);
#12160 = EDGE_CURVE('',#12152,#12118,#12161,.T.);
#12161 = LINE('',#12162,#12163);
#12162 = CARTESIAN_POINT('',(2.15,1.9,0.4));
#12163 = VECTOR('',#12164,1.);
#12164 = DIRECTION('',(2.22044604925E-16,-1.,0.));
#12165 = ORIENTED_EDGE('',*,*,#12136,.F.);
#12166 = ORIENTED_EDGE('',*,*,#11236,.F.);
#12167 = CYLINDRICAL_SURFACE('',#12168,0.1);
#12168 = AXIS2_PLACEMENT_3D('',#12169,#12170,#12171);
#12169 = CARTESIAN_POINT('',(2.15,1.9,0.3));
#12170 = DIRECTION('',(2.22044604925E-16,-1.,0.));
#12171 = DIRECTION('',(1.,2.22044604925E-16,0.));
#12172 = ADVANCED_FACE('',(#12173),#12193,.T.);
#12173 = FACE_BOUND('',#12174,.T.);
#12174 = EDGE_LOOP('',(#12175,#12184,#12185,#12186));
#12175 = ORIENTED_EDGE('',*,*,#12176,.T.);
#12176 = EDGE_CURVE('',#12177,#12152,#12179,.T.);
#12177 = VERTEX_POINT('',#12178);
#12178 = CARTESIAN_POINT('',(2.15,2.,0.5));
#12179 = CIRCLE('',#12180,0.1);
#12180 = AXIS2_PLACEMENT_3D('',#12181,#12182,#12183);
#12181 = CARTESIAN_POINT('',(2.15,1.9,0.5));
#12182 = DIRECTION('',(-1.,-2.22044604925E-16,-0.));
#12183 = DIRECTION('',(-2.22044604925E-16,1.,0.));
#12184 = ORIENTED_EDGE('',*,*,#12151,.F.);
#12185 = ORIENTED_EDGE('',*,*,#11227,.F.);
#12186 = ORIENTED_EDGE('',*,*,#12187,.T.);
#12187 = EDGE_CURVE('',#11220,#12177,#12188,.T.);
#12188 = CIRCLE('',#12189,0.1);
#12189 = AXIS2_PLACEMENT_3D('',#12190,#12191,#12192);
#12190 = CARTESIAN_POINT('',(2.15,2.1,0.5));
#12191 = DIRECTION('',(-0.,0.,-1.));
#12192 = DIRECTION('',(-1.,-2.22044604925E-16,0.));
#12193 = TOROIDAL_SURFACE('',#12194,0.2,0.1);
#12194 = AXIS2_PLACEMENT_3D('',#12195,#12196,#12197);
#12195 = CARTESIAN_POINT('',(2.15,1.9,0.5));
#12196 = DIRECTION('',(1.,2.22044604925E-16,0.));
#12197 = DIRECTION('',(-2.22044604925E-16,1.,0.));
#12198 = ADVANCED_FACE('',(#12199),#12210,.T.);
#12199 = FACE_BOUND('',#12200,.T.);
#12200 = EDGE_LOOP('',(#12201,#12202,#12203));
#12201 = ORIENTED_EDGE('',*,*,#11211,.F.);
#12202 = ORIENTED_EDGE('',*,*,#11559,.F.);
#12203 = ORIENTED_EDGE('',*,*,#12204,.T.);
#12204 = EDGE_CURVE('',#11552,#11212,#12205,.T.);
#12205 = CIRCLE('',#12206,5.E-02);
#12206 = AXIS2_PLACEMENT_3D('',#12207,#12208,#12209);
#12207 = CARTESIAN_POINT('',(2.2,2.2,0.5));
#12208 = DIRECTION('',(-0.,0.,-1.));
#12209 = DIRECTION('',(-1.,-2.22044604925E-16,0.));
#12210 = PLANE('',#12211);
#12211 = AXIS2_PLACEMENT_3D('',#12212,#12213,#12214);
#12212 = CARTESIAN_POINT('',(2.15,2.25,0.5));
#12213 = DIRECTION('',(0.,0.,1.));
#12214 = DIRECTION('',(2.22044604925E-16,-1.,0.));
#12215 = ADVANCED_FACE('',(#12216),#12222,.T.);
#12216 = FACE_BOUND('',#12217,.T.);
#12217 = EDGE_LOOP('',(#12218,#12219,#12220,#12221));
#12218 = ORIENTED_EDGE('',*,*,#11328,.T.);
#12219 = ORIENTED_EDGE('',*,*,#11296,.T.);
#12220 = ORIENTED_EDGE('',*,*,#11600,.F.);
#12221 = ORIENTED_EDGE('',*,*,#11584,.F.);
#12222 = CYLINDRICAL_SURFACE('',#12223,5.E-02);
#12223 = AXIS2_PLACEMENT_3D('',#12224,#12225,#12226);
#12224 = CARTESIAN_POINT('',(-2.2,2.2,0.5));
#12225 = DIRECTION('',(0.,0.,1.));
#12226 = DIRECTION('',(-1.,-2.22044604925E-16,0.));
#12227 = ADVANCED_FACE('',(#12228),#12246,.T.);
#12228 = FACE_BOUND('',#12229,.T.);
#12229 = EDGE_LOOP('',(#12230,#12231,#12239,#12245));
#12230 = ORIENTED_EDGE('',*,*,#11313,.F.);
#12231 = ORIENTED_EDGE('',*,*,#12232,.T.);
#12232 = EDGE_CURVE('',#11314,#12233,#12235,.T.);
#12233 = VERTEX_POINT('',#12234);
#12234 = CARTESIAN_POINT('',(-2.15,1.05,0.5));
#12235 = LINE('',#12236,#12237);
#12236 = CARTESIAN_POINT('',(-2.25,1.05,0.5));
#12237 = VECTOR('',#12238,1.);
#12238 = DIRECTION('',(1.,2.22044604925E-16,0.));
#12239 = ORIENTED_EDGE('',*,*,#12240,.T.);
#12240 = EDGE_CURVE('',#12233,#11353,#12241,.T.);
#12241 = LINE('',#12242,#12243);
#12242 = CARTESIAN_POINT('',(-2.15,1.05,0.5));
#12243 = VECTOR('',#12244,1.);
#12244 = DIRECTION('',(0.,0.,1.));
#12245 = ORIENTED_EDGE('',*,*,#11360,.T.);
#12246 = PLANE('',#12247);
#12247 = AXIS2_PLACEMENT_3D('',#12248,#12249,#12250);
#12248 = CARTESIAN_POINT('',(-2.25,1.05,0.5));
#12249 = DIRECTION('',(2.22044604925E-16,-1.,0.));
#12250 = DIRECTION('',(0.,0.,1.));
#12251 = ADVANCED_FACE('',(#12252),#12263,.F.);
#12252 = FACE_BOUND('',#12253,.F.);
#12253 = EDGE_LOOP('',(#12254,#12260,#12261,#12262));
#12254 = ORIENTED_EDGE('',*,*,#12255,.F.);
#12255 = EDGE_CURVE('',#11467,#12233,#12256,.T.);
#12256 = LINE('',#12257,#12258);
#12257 = CARTESIAN_POINT('',(-2.15,2.25,0.5));
#12258 = VECTOR('',#12259,1.);
#12259 = DIRECTION('',(2.22044604925E-16,-1.,0.));
#12260 = ORIENTED_EDGE('',*,*,#11475,.F.);
#12261 = ORIENTED_EDGE('',*,*,#11321,.T.);
#12262 = ORIENTED_EDGE('',*,*,#12232,.T.);
#12263 = PLANE('',#12264);
#12264 = AXIS2_PLACEMENT_3D('',#12265,#12266,#12267);
#12265 = CARTESIAN_POINT('',(-2.25,2.25,0.5));
#12266 = DIRECTION('',(0.,0.,1.));
#12267 = DIRECTION('',(2.22044604925E-16,-1.,0.));
#12268 = ADVANCED_FACE('',(#12269),#12292,.T.);
#12269 = FACE_BOUND('',#12270,.T.);
#12270 = EDGE_LOOP('',(#12271,#12279,#12280,#12286));
#12271 = ORIENTED_EDGE('',*,*,#12272,.T.);
#12272 = EDGE_CURVE('',#12273,#11345,#12275,.T.);
#12273 = VERTEX_POINT('',#12274);
#12274 = CARTESIAN_POINT('',(-2.,2.,0.5));
#12275 = LINE('',#12276,#12277);
#12276 = CARTESIAN_POINT('',(-2.,2.,0.4));
#12277 = VECTOR('',#12278,1.);
#12278 = DIRECTION('',(0.,0.,1.));
#12279 = ORIENTED_EDGE('',*,*,#11342,.F.);
#12280 = ORIENTED_EDGE('',*,*,#12281,.T.);
#12281 = EDGE_CURVE('',#11343,#11467,#12282,.T.);
#12282 = LINE('',#12283,#12284);
#12283 = CARTESIAN_POINT('',(-2.15,2.,0.45));
#12284 = VECTOR('',#12285,1.);
#12285 = DIRECTION('',(0.,0.,-1.));
#12286 = ORIENTED_EDGE('',*,*,#12287,.T.);
#12287 = EDGE_CURVE('',#11467,#12273,#12288,.T.);
#12288 = LINE('',#12289,#12290);
#12289 = CARTESIAN_POINT('',(-2.25,2.,0.5));
#12290 = VECTOR('',#12291,1.);
#12291 = DIRECTION('',(1.,2.22044604925E-16,0.));
#12292 = PLANE('',#12293);
#12293 = AXIS2_PLACEMENT_3D('',#12294,#12295,#12296);
#12294 = CARTESIAN_POINT('',(-2.5,2.,0.4));
#12295 = DIRECTION('',(2.22044604925E-16,-1.,0.));
#12296 = DIRECTION('',(0.,0.,1.));
#12297 = ADVANCED_FACE('',(#12298),#12304,.T.);
#12298 = FACE_BOUND('',#12299,.T.);
#12299 = EDGE_LOOP('',(#12300,#12301,#12302,#12303));
#12300 = ORIENTED_EDGE('',*,*,#12240,.F.);
#12301 = ORIENTED_EDGE('',*,*,#12255,.F.);
#12302 = ORIENTED_EDGE('',*,*,#12281,.F.);
#12303 = ORIENTED_EDGE('',*,*,#11352,.T.);
#12304 = PLANE('',#12305);
#12305 = AXIS2_PLACEMENT_3D('',#12306,#12307,#12308);
#12306 = CARTESIAN_POINT('',(-2.15,2.25,0.5));
#12307 = DIRECTION('',(1.,2.22044604925E-16,0.));
#12308 = DIRECTION('',(0.,-0.,1.));
#12309 = ADVANCED_FACE('',(#12310),#12346,.F.);
#12310 = FACE_BOUND('',#12311,.F.);
#12311 = EDGE_LOOP('',(#12312,#12322,#12329,#12330,#12331,#12339));
#12312 = ORIENTED_EDGE('',*,*,#12313,.F.);
#12313 = EDGE_CURVE('',#12314,#12316,#12318,.T.);
#12314 = VERTEX_POINT('',#12315);
#12315 = CARTESIAN_POINT('',(-2.,1.9,0.4));
#12316 = VERTEX_POINT('',#12317);
#12317 = CARTESIAN_POINT('',(-2.,-1.9,0.4));
#12318 = LINE('',#12319,#12320);
#12319 = CARTESIAN_POINT('',(-2.,2.,0.4));
#12320 = VECTOR('',#12321,1.);
#12321 = DIRECTION('',(2.22044604925E-16,-1.,0.));
#12322 = ORIENTED_EDGE('',*,*,#12323,.F.);
#12323 = EDGE_CURVE('',#12273,#12314,#12324,.T.);
#12324 = CIRCLE('',#12325,0.1);
#12325 = AXIS2_PLACEMENT_3D('',#12326,#12327,#12328);
#12326 = CARTESIAN_POINT('',(-2.,1.9,0.5));
#12327 = DIRECTION('',(-1.,-2.22044604925E-16,0.));
#12328 = DIRECTION('',(0.,0.,1.));
#12329 = ORIENTED_EDGE('',*,*,#12272,.T.);
#12330 = ORIENTED_EDGE('',*,*,#11384,.T.);
#12331 = ORIENTED_EDGE('',*,*,#12332,.F.);
#12332 = EDGE_CURVE('',#12333,#11377,#12335,.T.);
#12333 = VERTEX_POINT('',#12334);
#12334 = CARTESIAN_POINT('',(-2.,-2.,0.5));
#12335 = LINE('',#12336,#12337);
#12336 = CARTESIAN_POINT('',(-2.,-2.,0.4));
#12337 = VECTOR('',#12338,1.);
#12338 = DIRECTION('',(0.,0.,1.));
#12339 = ORIENTED_EDGE('',*,*,#12340,.F.);
#12340 = EDGE_CURVE('',#12316,#12333,#12341,.T.);
#12341 = CIRCLE('',#12342,0.1);
#12342 = AXIS2_PLACEMENT_3D('',#12343,#12344,#12345);
#12343 = CARTESIAN_POINT('',(-2.,-1.9,0.5));
#12344 = DIRECTION('',(-1.,-2.22044604925E-16,0.));
#12345 = DIRECTION('',(0.,0.,1.));
#12346 = PLANE('',#12347);
#12347 = AXIS2_PLACEMENT_3D('',#12348,#12349,#12350);
#12348 = CARTESIAN_POINT('',(-2.,2.,0.4));
#12349 = DIRECTION('',(1.,2.22044604925E-16,0.));
#12350 = DIRECTION('',(0.,-0.,1.));
#12351 = ADVANCED_FACE('',(#12352),#12363,.F.);
#12352 = FACE_BOUND('',#12353,.F.);
#12353 = EDGE_LOOP('',(#12354,#12355,#12356,#12357));
#12354 = ORIENTED_EDGE('',*,*,#12332,.T.);
#12355 = ORIENTED_EDGE('',*,*,#11376,.F.);
#12356 = ORIENTED_EDGE('',*,*,#11398,.T.);
#12357 = ORIENTED_EDGE('',*,*,#12358,.T.);
#12358 = EDGE_CURVE('',#10704,#12333,#12359,.T.);
#12359 = LINE('',#12360,#12361);
#12360 = CARTESIAN_POINT('',(-2.25,-2.,0.5));
#12361 = VECTOR('',#12362,1.);
#12362 = DIRECTION('',(1.,2.22044604925E-16,0.));
#12363 = PLANE('',#12364);
#12364 = AXIS2_PLACEMENT_3D('',#12365,#12366,#12367);
#12365 = CARTESIAN_POINT('',(-2.5,-2.,0.4));
#12366 = DIRECTION('',(2.22044604925E-16,-1.,0.));
#12367 = DIRECTION('',(0.,0.,1.));
#12368 = ADVANCED_FACE('',(#12369),#12380,.F.);
#12369 = FACE_BOUND('',#12370,.F.);
#12370 = EDGE_LOOP('',(#12371,#12372,#12373,#12374));
#12371 = ORIENTED_EDGE('',*,*,#12340,.T.);
#12372 = ORIENTED_EDGE('',*,*,#12358,.F.);
#12373 = ORIENTED_EDGE('',*,*,#11415,.T.);
#12374 = ORIENTED_EDGE('',*,*,#12375,.T.);
#12375 = EDGE_CURVE('',#11416,#12316,#12376,.T.);
#12376 = LINE('',#12377,#12378);
#12377 = CARTESIAN_POINT('',(-2.25,-1.9,0.4));
#12378 = VECTOR('',#12379,1.);
#12379 = DIRECTION('',(1.,2.22044604925E-16,0.));
#12380 = CYLINDRICAL_SURFACE('',#12381,0.1);
#12381 = AXIS2_PLACEMENT_3D('',#12382,#12383,#12384);
#12382 = CARTESIAN_POINT('',(-2.25,-1.9,0.5));
#12383 = DIRECTION('',(1.,2.22044604925E-16,0.));
#12384 = DIRECTION('',(0.,0.,-1.));
#12385 = ADVANCED_FACE('',(#12386),#12397,.T.);
#12386 = FACE_BOUND('',#12387,.T.);
#12387 = EDGE_LOOP('',(#12388,#12389,#12390,#12396));
#12388 = ORIENTED_EDGE('',*,*,#12375,.T.);
#12389 = ORIENTED_EDGE('',*,*,#12313,.F.);
#12390 = ORIENTED_EDGE('',*,*,#12391,.F.);
#12391 = EDGE_CURVE('',#11443,#12314,#12392,.T.);
#12392 = LINE('',#12393,#12394);
#12393 = CARTESIAN_POINT('',(-2.25,1.9,0.4));
#12394 = VECTOR('',#12395,1.);
#12395 = DIRECTION('',(1.,2.22044604925E-16,0.));
#12396 = ORIENTED_EDGE('',*,*,#11442,.F.);
#12397 = PLANE('',#12398);
#12398 = AXIS2_PLACEMENT_3D('',#12399,#12400,#12401);
#12399 = CARTESIAN_POINT('',(-2.5,2.,0.4));
#12400 = DIRECTION('',(0.,0.,1.));
#12401 = DIRECTION('',(2.22044604925E-16,-1.,0.));
#12402 = ADVANCED_FACE('',(#12403),#12409,.F.);
#12403 = FACE_BOUND('',#12404,.F.);
#12404 = EDGE_LOOP('',(#12405,#12406,#12407,#12408));
#12405 = ORIENTED_EDGE('',*,*,#11466,.T.);
#12406 = ORIENTED_EDGE('',*,*,#12287,.T.);
#12407 = ORIENTED_EDGE('',*,*,#12323,.T.);
#12408 = ORIENTED_EDGE('',*,*,#12391,.F.);
#12409 = CYLINDRICAL_SURFACE('',#12410,0.1);
#12410 = AXIS2_PLACEMENT_3D('',#12411,#12412,#12413);
#12411 = CARTESIAN_POINT('',(-2.25,1.9,0.5));
#12412 = DIRECTION('',(1.,2.22044604925E-16,0.));
#12413 = DIRECTION('',(-2.22044604925E-16,1.,0.));
#12414 = ADVANCED_FACE('',(#12415),#12426,.T.);
#12415 = FACE_BOUND('',#12416,.T.);
#12416 = EDGE_LOOP('',(#12417,#12418,#12424,#12425));
#12417 = ORIENTED_EDGE('',*,*,#11726,.F.);
#12418 = ORIENTED_EDGE('',*,*,#12419,.T.);
#12419 = EDGE_CURVE('',#11685,#11767,#12420,.T.);
#12420 = LINE('',#12421,#12422);
#12421 = CARTESIAN_POINT('',(-1.42,1.8,0.));
#12422 = VECTOR('',#12423,1.);
#12423 = DIRECTION('',(1.,2.22044604925E-16,0.));
#12424 = ORIENTED_EDGE('',*,*,#11801,.T.);
#12425 = ORIENTED_EDGE('',*,*,#11510,.F.);
#12426 = PLANE('',#12427);
#12427 = AXIS2_PLACEMENT_3D('',#12428,#12429,#12430);
#12428 = CARTESIAN_POINT('',(-1.42,1.8,0.));
#12429 = DIRECTION('',(2.22044604925E-16,-1.,0.));
#12430 = DIRECTION('',(0.,0.,1.));
#12431 = ADVANCED_FACE('',(#12432),#12443,.T.);
#12432 = FACE_BOUND('',#12433,.T.);
#12433 = EDGE_LOOP('',(#12434,#12435,#12441,#12442));
#12434 = ORIENTED_EDGE('',*,*,#11917,.F.);
#12435 = ORIENTED_EDGE('',*,*,#12436,.T.);
#12436 = EDGE_CURVE('',#11876,#11818,#12437,.T.);
#12437 = LINE('',#12438,#12439);
#12438 = CARTESIAN_POINT('',(0.925,1.8,0.));
#12439 = VECTOR('',#12440,1.);
#12440 = DIRECTION('',(1.,2.22044604925E-16,0.));
#12441 = ORIENTED_EDGE('',*,*,#11859,.T.);
#12442 = ORIENTED_EDGE('',*,*,#11535,.F.);
#12443 = PLANE('',#12444);
#12444 = AXIS2_PLACEMENT_3D('',#12445,#12446,#12447);
#12445 = CARTESIAN_POINT('',(0.925,1.8,0.));
#12446 = DIRECTION('',(2.22044604925E-16,-1.,0.));
#12447 = DIRECTION('',(0.,0.,1.));
#12448 = ADVANCED_FACE('',(#12449),#12467,.F.);
#12449 = FACE_BOUND('',#12450,.F.);
#12450 = EDGE_LOOP('',(#12451,#12459,#12465,#12466));
#12451 = ORIENTED_EDGE('',*,*,#12452,.F.);
#12452 = EDGE_CURVE('',#12453,#12006,#12455,.T.);
#12453 = VERTEX_POINT('',#12454);
#12454 = CARTESIAN_POINT('',(2.15,-1.05,0.5));
#12455 = LINE('',#12456,#12457);
#12456 = CARTESIAN_POINT('',(2.15,-1.05,0.5));
#12457 = VECTOR('',#12458,1.);
#12458 = DIRECTION('',(0.,0.,1.));
#12459 = ORIENTED_EDGE('',*,*,#12460,.T.);
#12460 = EDGE_CURVE('',#12453,#11625,#12461,.T.);
#12461 = LINE('',#12462,#12463);
#12462 = CARTESIAN_POINT('',(2.15,-1.05,0.5));
#12463 = VECTOR('',#12464,1.);
#12464 = DIRECTION('',(1.,2.22044604925E-16,0.));
#12465 = ORIENTED_EDGE('',*,*,#11632,.T.);
#12466 = ORIENTED_EDGE('',*,*,#12013,.T.);
#12467 = PLANE('',#12468);
#12468 = AXIS2_PLACEMENT_3D('',#12469,#12470,#12471);
#12469 = CARTESIAN_POINT('',(2.15,-1.05,0.5));
#12470 = DIRECTION('',(2.22044604925E-16,-1.,0.));
#12471 = DIRECTION('',(0.,0.,1.));
#12472 = ADVANCED_FACE('',(#12473),#12484,.F.);
#12473 = FACE_BOUND('',#12474,.F.);
#12474 = EDGE_LOOP('',(#12475,#12476,#12477,#12483));
#12475 = ORIENTED_EDGE('',*,*,#11624,.F.);
#12476 = ORIENTED_EDGE('',*,*,#12460,.F.);
#12477 = ORIENTED_EDGE('',*,*,#12478,.T.);
#12478 = EDGE_CURVE('',#12453,#12120,#12479,.T.);
#12479 = LINE('',#12480,#12481);
#12480 = CARTESIAN_POINT('',(2.15,-1.05,0.5));
#12481 = VECTOR('',#12482,1.);
#12482 = DIRECTION('',(2.22044604925E-16,-1.,0.));
#12483 = ORIENTED_EDGE('',*,*,#12128,.F.);
#12484 = PLANE('',#12485);
#12485 = AXIS2_PLACEMENT_3D('',#12486,#12487,#12488);
#12486 = CARTESIAN_POINT('',(2.15,-1.05,0.5));
#12487 = DIRECTION('',(0.,0.,1.));
#12488 = DIRECTION('',(2.22044604925E-16,-1.,0.));
#12489 = ADVANCED_FACE('',(#12490),#12496,.T.);
#12490 = FACE_BOUND('',#12491,.T.);
#12491 = EDGE_LOOP('',(#12492,#12493,#12494,#12495));
#12492 = ORIENTED_EDGE('',*,*,#11668,.T.);
#12493 = ORIENTED_EDGE('',*,*,#11650,.T.);
#12494 = ORIENTED_EDGE('',*,*,#11965,.F.);
#12495 = ORIENTED_EDGE('',*,*,#12204,.F.);
#12496 = CYLINDRICAL_SURFACE('',#12497,5.E-02);
#12497 = AXIS2_PLACEMENT_3D('',#12498,#12499,#12500);
#12498 = CARTESIAN_POINT('',(2.2,2.2,0.5));
#12499 = DIRECTION('',(0.,0.,1.));
#12500 = DIRECTION('',(-2.22044604925E-16,1.,0.));
#12501 = ADVANCED_FACE('',(#12502),#12513,.F.);
#12502 = FACE_BOUND('',#12503,.F.);
#12503 = EDGE_LOOP('',(#12504,#12505,#12511,#12512));
#12504 = ORIENTED_EDGE('',*,*,#11764,.F.);
#12505 = ORIENTED_EDGE('',*,*,#12506,.F.);
#12506 = EDGE_CURVE('',#11683,#11765,#12507,.T.);
#12507 = LINE('',#12508,#12509);
#12508 = CARTESIAN_POINT('',(-1.42,2.3,-3.E-17));
#12509 = VECTOR('',#12510,1.);
#12510 = DIRECTION('',(1.,2.22044604925E-16,0.));
#12511 = ORIENTED_EDGE('',*,*,#11682,.T.);
#12512 = ORIENTED_EDGE('',*,*,#12419,.T.);
#12513 = PLANE('',#12514);
#12514 = AXIS2_PLACEMENT_3D('',#12515,#12516,#12517);
#12515 = CARTESIAN_POINT('',(-1.42,2.5,0.));
#12516 = DIRECTION('',(0.,0.,1.));
#12517 = DIRECTION('',(2.22044604925E-16,-1.,0.));
#12518 = ADVANCED_FACE('',(#12519),#12530,.T.);
#12519 = FACE_BOUND('',#12520,.T.);
#12520 = EDGE_LOOP('',(#12521,#12527,#12528,#12529));
#12521 = ORIENTED_EDGE('',*,*,#12522,.T.);
#12522 = EDGE_CURVE('',#11693,#11775,#12523,.T.);
#12523 = LINE('',#12524,#12525);
#12524 = CARTESIAN_POINT('',(-1.42,2.5,0.2));
#12525 = VECTOR('',#12526,1.);
#12526 = DIRECTION('',(1.,2.22044604925E-16,0.));
#12527 = ORIENTED_EDGE('',*,*,#11774,.T.);
#12528 = ORIENTED_EDGE('',*,*,#12506,.F.);
#12529 = ORIENTED_EDGE('',*,*,#11692,.F.);
#12530 = CYLINDRICAL_SURFACE('',#12531,0.2);
#12531 = AXIS2_PLACEMENT_3D('',#12532,#12533,#12534);
#12532 = CARTESIAN_POINT('',(-1.42,2.3,0.2));
#12533 = DIRECTION('',(1.,2.22044604925E-16,0.));
#12534 = DIRECTION('',(-2.22044604925E-16,1.,0.));
#12535 = ADVANCED_FACE('',(#12536),#12547,.F.);
#12536 = FACE_BOUND('',#12537,.F.);
#12537 = EDGE_LOOP('',(#12538,#12539,#12540,#12541));
#12538 = ORIENTED_EDGE('',*,*,#11701,.F.);
#12539 = ORIENTED_EDGE('',*,*,#12522,.T.);
#12540 = ORIENTED_EDGE('',*,*,#11783,.T.);
#12541 = ORIENTED_EDGE('',*,*,#12542,.F.);
#12542 = EDGE_CURVE('',#11702,#11784,#12543,.T.);
#12543 = LINE('',#12544,#12545);
#12544 = CARTESIAN_POINT('',(-1.42,2.5,0.8));
#12545 = VECTOR('',#12546,1.);
#12546 = DIRECTION('',(1.,2.22044604925E-16,0.));
#12547 = PLANE('',#12548);
#12548 = AXIS2_PLACEMENT_3D('',#12549,#12550,#12551);
#12549 = CARTESIAN_POINT('',(-1.42,2.5,0.));
#12550 = DIRECTION('',(2.22044604925E-16,-1.,0.));
#12551 = DIRECTION('',(0.,0.,1.));
#12552 = ADVANCED_FACE('',(#12553),#12559,.T.);
#12553 = FACE_BOUND('',#12554,.T.);
#12554 = EDGE_LOOP('',(#12555,#12556,#12557,#12558));
#12555 = ORIENTED_EDGE('',*,*,#11709,.T.);
#12556 = ORIENTED_EDGE('',*,*,#11748,.T.);
#12557 = ORIENTED_EDGE('',*,*,#11791,.F.);
#12558 = ORIENTED_EDGE('',*,*,#12542,.F.);
#12559 = CYLINDRICAL_SURFACE('',#12560,0.2);
#12560 = AXIS2_PLACEMENT_3D('',#12561,#12562,#12563);
#12561 = CARTESIAN_POINT('',(-1.42,2.3,0.8));
#12562 = DIRECTION('',(1.,2.22044604925E-16,0.));
#12563 = DIRECTION('',(-2.22044604925E-16,1.,0.));
#12564 = ADVANCED_FACE('',(#12565),#12576,.F.);
#12565 = FACE_BOUND('',#12566,.F.);
#12566 = EDGE_LOOP('',(#12567,#12568,#12574,#12575));
#12567 = ORIENTED_EDGE('',*,*,#11815,.F.);
#12568 = ORIENTED_EDGE('',*,*,#12569,.F.);
#12569 = EDGE_CURVE('',#11874,#11816,#12570,.T.);
#12570 = LINE('',#12571,#12572);
#12571 = CARTESIAN_POINT('',(0.925,2.3,-3.E-17));
#12572 = VECTOR('',#12573,1.);
#12573 = DIRECTION('',(1.,2.22044604925E-16,0.));
#12574 = ORIENTED_EDGE('',*,*,#11873,.T.);
#12575 = ORIENTED_EDGE('',*,*,#12436,.T.);
#12576 = PLANE('',#12577);
#12577 = AXIS2_PLACEMENT_3D('',#12578,#12579,#12580);
#12578 = CARTESIAN_POINT('',(0.925,2.5,0.));
#12579 = DIRECTION('',(0.,0.,1.));
#12580 = DIRECTION('',(2.22044604925E-16,-1.,0.));
#12581 = ADVANCED_FACE('',(#12582),#12593,.T.);
#12582 = FACE_BOUND('',#12583,.T.);
#12583 = EDGE_LOOP('',(#12584,#12590,#12591,#12592));
#12584 = ORIENTED_EDGE('',*,*,#12585,.T.);
#12585 = EDGE_CURVE('',#11884,#11826,#12586,.T.);
#12586 = LINE('',#12587,#12588);
#12587 = CARTESIAN_POINT('',(0.925,2.5,0.2));
#12588 = VECTOR('',#12589,1.);
#12589 = DIRECTION('',(1.,2.22044604925E-16,0.));
#12590 = ORIENTED_EDGE('',*,*,#11825,.T.);
#12591 = ORIENTED_EDGE('',*,*,#12569,.F.);
#12592 = ORIENTED_EDGE('',*,*,#11883,.F.);
#12593 = CYLINDRICAL_SURFACE('',#12594,0.2);
#12594 = AXIS2_PLACEMENT_3D('',#12595,#12596,#12597);
#12595 = CARTESIAN_POINT('',(0.925,2.3,0.2));
#12596 = DIRECTION('',(1.,2.22044604925E-16,0.));
#12597 = DIRECTION('',(-2.22044604925E-16,1.,0.));
#12598 = ADVANCED_FACE('',(#12599),#12610,.F.);
#12599 = FACE_BOUND('',#12600,.F.);
#12600 = EDGE_LOOP('',(#12601,#12602,#12603,#12604));
#12601 = ORIENTED_EDGE('',*,*,#11892,.F.);
#12602 = ORIENTED_EDGE('',*,*,#12585,.T.);
#12603 = ORIENTED_EDGE('',*,*,#11834,.T.);
#12604 = ORIENTED_EDGE('',*,*,#12605,.F.);
#12605 = EDGE_CURVE('',#11893,#11835,#12606,.T.);
#12606 = LINE('',#12607,#12608);
#12607 = CARTESIAN_POINT('',(0.925,2.5,0.8));
#12608 = VECTOR('',#12609,1.);
#12609 = DIRECTION('',(1.,2.22044604925E-16,0.));
#12610 = PLANE('',#12611);
#12611 = AXIS2_PLACEMENT_3D('',#12612,#12613,#12614);
#12612 = CARTESIAN_POINT('',(0.925,2.5,0.));
#12613 = DIRECTION('',(2.22044604925E-16,-1.,0.));
#12614 = DIRECTION('',(0.,0.,1.));
#12615 = ADVANCED_FACE('',(#12616),#12622,.T.);
#12616 = FACE_BOUND('',#12617,.T.);
#12617 = EDGE_LOOP('',(#12618,#12619,#12620,#12621));
#12618 = ORIENTED_EDGE('',*,*,#11900,.T.);
#12619 = ORIENTED_EDGE('',*,*,#11932,.T.);
#12620 = ORIENTED_EDGE('',*,*,#11842,.F.);
#12621 = ORIENTED_EDGE('',*,*,#12605,.F.);
#12622 = CYLINDRICAL_SURFACE('',#12623,0.2);
#12623 = AXIS2_PLACEMENT_3D('',#12624,#12625,#12626);
#12624 = CARTESIAN_POINT('',(0.925,2.3,0.8));
#12625 = DIRECTION('',(1.,2.22044604925E-16,0.));
#12626 = DIRECTION('',(-2.22044604925E-16,1.,0.));
#12627 = ADVANCED_FACE('',(#12628),#12646,.T.);
#12628 = FACE_BOUND('',#12629,.T.);
#12629 = EDGE_LOOP('',(#12630,#12638,#12644,#12645));
#12630 = ORIENTED_EDGE('',*,*,#12631,.F.);
#12631 = EDGE_CURVE('',#12632,#12021,#12634,.T.);
#12632 = VERTEX_POINT('',#12633);
#12633 = CARTESIAN_POINT('',(2.15,1.05,0.5));
#12634 = LINE('',#12635,#12636);
#12635 = CARTESIAN_POINT('',(2.15,1.05,0.5));
#12636 = VECTOR('',#12637,1.);
#12637 = DIRECTION('',(0.,0.,1.));
#12638 = ORIENTED_EDGE('',*,*,#12639,.T.);
#12639 = EDGE_CURVE('',#12632,#11951,#12640,.T.);
#12640 = LINE('',#12641,#12642);
#12641 = CARTESIAN_POINT('',(2.15,1.05,0.5));
#12642 = VECTOR('',#12643,1.);
#12643 = DIRECTION('',(1.,2.22044604925E-16,0.));
#12644 = ORIENTED_EDGE('',*,*,#11950,.T.);
#12645 = ORIENTED_EDGE('',*,*,#12020,.T.);
#12646 = PLANE('',#12647);
#12647 = AXIS2_PLACEMENT_3D('',#12648,#12649,#12650);
#12648 = CARTESIAN_POINT('',(2.15,1.05,0.5));
#12649 = DIRECTION('',(2.22044604925E-16,-1.,0.));
#12650 = DIRECTION('',(0.,0.,1.));
#12651 = ADVANCED_FACE('',(#12652),#12663,.F.);
#12652 = FACE_BOUND('',#12653,.F.);
#12653 = EDGE_LOOP('',(#12654,#12655,#12661,#12662));
#12654 = ORIENTED_EDGE('',*,*,#12187,.T.);
#12655 = ORIENTED_EDGE('',*,*,#12656,.T.);
#12656 = EDGE_CURVE('',#12177,#12632,#12657,.T.);
#12657 = LINE('',#12658,#12659);
#12658 = CARTESIAN_POINT('',(2.15,2.25,0.5));
#12659 = VECTOR('',#12660,1.);
#12660 = DIRECTION('',(2.22044604925E-16,-1.,0.));
#12661 = ORIENTED_EDGE('',*,*,#12639,.T.);
#12662 = ORIENTED_EDGE('',*,*,#11958,.F.);
#12663 = PLANE('',#12664);
#12664 = AXIS2_PLACEMENT_3D('',#12665,#12666,#12667);
#12665 = CARTESIAN_POINT('',(2.15,2.25,0.5));
#12666 = DIRECTION('',(0.,0.,1.));
#12667 = DIRECTION('',(2.22044604925E-16,-1.,0.));
#12668 = ADVANCED_FACE('',(#12669),#12692,.T.);
#12669 = FACE_BOUND('',#12670,.T.);
#12670 = EDGE_LOOP('',(#12671,#12679,#12685,#12691));
#12671 = ORIENTED_EDGE('',*,*,#12672,.F.);
#12672 = EDGE_CURVE('',#12673,#11980,#12675,.T.);
#12673 = VERTEX_POINT('',#12674);
#12674 = CARTESIAN_POINT('',(2.,2.,0.5));
#12675 = LINE('',#12676,#12677);
#12676 = CARTESIAN_POINT('',(2.,2.,0.4));
#12677 = VECTOR('',#12678,1.);
#12678 = DIRECTION('',(0.,0.,1.));
#12679 = ORIENTED_EDGE('',*,*,#12680,.T.);
#12680 = EDGE_CURVE('',#12673,#12177,#12681,.T.);
#12681 = LINE('',#12682,#12683);
#12682 = CARTESIAN_POINT('',(2.,2.,0.5));
#12683 = VECTOR('',#12684,1.);
#12684 = DIRECTION('',(1.,2.22044604925E-16,0.));
#12685 = ORIENTED_EDGE('',*,*,#12686,.F.);
#12686 = EDGE_CURVE('',#11982,#12177,#12687,.T.);
#12687 = LINE('',#12688,#12689);
#12688 = CARTESIAN_POINT('',(2.15,2.,0.45));
#12689 = VECTOR('',#12690,1.);
#12690 = DIRECTION('',(0.,0.,-1.));
#12691 = ORIENTED_EDGE('',*,*,#11979,.F.);
#12692 = PLANE('',#12693);
#12693 = AXIS2_PLACEMENT_3D('',#12694,#12695,#12696);
#12694 = CARTESIAN_POINT('',(2.,2.,0.4));
#12695 = DIRECTION('',(2.22044604925E-16,-1.,0.));
#12696 = DIRECTION('',(0.,0.,1.));
#12697 = ADVANCED_FACE('',(#12698),#12734,.T.);
#12698 = FACE_BOUND('',#12699,.T.);
#12699 = EDGE_LOOP('',(#12700,#12710,#12717,#12718,#12719,#12727));
#12700 = ORIENTED_EDGE('',*,*,#12701,.F.);
#12701 = EDGE_CURVE('',#12702,#12704,#12706,.T.);
#12702 = VERTEX_POINT('',#12703);
#12703 = CARTESIAN_POINT('',(2.,1.9,0.4));
#12704 = VERTEX_POINT('',#12705);
#12705 = CARTESIAN_POINT('',(2.,-1.9,0.4));
#12706 = LINE('',#12707,#12708);
#12707 = CARTESIAN_POINT('',(2.,2.,0.4));
#12708 = VECTOR('',#12709,1.);
#12709 = DIRECTION('',(2.22044604925E-16,-1.,0.));
#12710 = ORIENTED_EDGE('',*,*,#12711,.T.);
#12711 = EDGE_CURVE('',#12702,#12673,#12712,.T.);
#12712 = CIRCLE('',#12713,0.1);
#12713 = AXIS2_PLACEMENT_3D('',#12714,#12715,#12716);
#12714 = CARTESIAN_POINT('',(2.,1.9,0.5));
#12715 = DIRECTION('',(1.,2.22044604925E-16,-0.));
#12716 = DIRECTION('',(0.,0.,1.));
#12717 = ORIENTED_EDGE('',*,*,#12672,.T.);
#12718 = ORIENTED_EDGE('',*,*,#11989,.T.);
#12719 = ORIENTED_EDGE('',*,*,#12720,.F.);
#12720 = EDGE_CURVE('',#12721,#11990,#12723,.T.);
#12721 = VERTEX_POINT('',#12722);
#12722 = CARTESIAN_POINT('',(2.,-2.,0.5));
#12723 = LINE('',#12724,#12725);
#12724 = CARTESIAN_POINT('',(2.,-2.,0.4));
#12725 = VECTOR('',#12726,1.);
#12726 = DIRECTION('',(0.,0.,1.));
#12727 = ORIENTED_EDGE('',*,*,#12728,.F.);
#12728 = EDGE_CURVE('',#12704,#12721,#12729,.T.);
#12729 = CIRCLE('',#12730,0.1);
#12730 = AXIS2_PLACEMENT_3D('',#12731,#12732,#12733);
#12731 = CARTESIAN_POINT('',(2.,-1.9,0.5));
#12732 = DIRECTION('',(-1.,-2.22044604925E-16,0.));
#12733 = DIRECTION('',(0.,0.,1.));
#12734 = PLANE('',#12735);
#12735 = AXIS2_PLACEMENT_3D('',#12736,#12737,#12738);
#12736 = CARTESIAN_POINT('',(2.,2.,0.4));
#12737 = DIRECTION('',(1.,2.22044604925E-16,0.));
#12738 = DIRECTION('',(0.,-0.,1.));
#12739 = ADVANCED_FACE('',(#12740),#12746,.F.);
#12740 = FACE_BOUND('',#12741,.F.);
#12741 = EDGE_LOOP('',(#12742,#12743,#12744,#12745));
#12742 = ORIENTED_EDGE('',*,*,#12631,.F.);
#12743 = ORIENTED_EDGE('',*,*,#12656,.F.);
#12744 = ORIENTED_EDGE('',*,*,#12686,.F.);
#12745 = ORIENTED_EDGE('',*,*,#12028,.T.);
#12746 = PLANE('',#12747);
#12747 = AXIS2_PLACEMENT_3D('',#12748,#12749,#12750);
#12748 = CARTESIAN_POINT('',(2.15,2.25,0.5));
#12749 = DIRECTION('',(1.,2.22044604925E-16,0.));
#12750 = DIRECTION('',(0.,-0.,1.));
#12751 = ADVANCED_FACE('',(#12752),#12768,.F.);
#12752 = FACE_BOUND('',#12753,.F.);
#12753 = EDGE_LOOP('',(#12754,#12755,#12761,#12767));
#12754 = ORIENTED_EDGE('',*,*,#12720,.F.);
#12755 = ORIENTED_EDGE('',*,*,#12756,.T.);
#12756 = EDGE_CURVE('',#12721,#12120,#12757,.T.);
#12757 = LINE('',#12758,#12759);
#12758 = CARTESIAN_POINT('',(2.,-2.,0.5));
#12759 = VECTOR('',#12760,1.);
#12760 = DIRECTION('',(1.,2.22044604925E-16,0.));
#12761 = ORIENTED_EDGE('',*,*,#12762,.F.);
#12762 = EDGE_CURVE('',#11998,#12120,#12763,.T.);
#12763 = LINE('',#12764,#12765);
#12764 = CARTESIAN_POINT('',(2.15,-2.,0.45));
#12765 = VECTOR('',#12766,1.);
#12766 = DIRECTION('',(0.,0.,-1.));
#12767 = ORIENTED_EDGE('',*,*,#11997,.F.);
#12768 = PLANE('',#12769);
#12769 = AXIS2_PLACEMENT_3D('',#12770,#12771,#12772);
#12770 = CARTESIAN_POINT('',(2.,-2.,0.4));
#12771 = DIRECTION('',(2.22044604925E-16,-1.,0.));
#12772 = DIRECTION('',(0.,0.,1.));
#12773 = ADVANCED_FACE('',(#12774),#12780,.F.);
#12774 = FACE_BOUND('',#12775,.F.);
#12775 = EDGE_LOOP('',(#12776,#12777,#12778,#12779));
#12776 = ORIENTED_EDGE('',*,*,#12762,.T.);
#12777 = ORIENTED_EDGE('',*,*,#12478,.F.);
#12778 = ORIENTED_EDGE('',*,*,#12452,.T.);
#12779 = ORIENTED_EDGE('',*,*,#12005,.T.);
#12780 = PLANE('',#12781);
#12781 = AXIS2_PLACEMENT_3D('',#12782,#12783,#12784);
#12782 = CARTESIAN_POINT('',(2.15,-1.05,0.5));
#12783 = DIRECTION('',(1.,2.22044604925E-16,0.));
#12784 = DIRECTION('',(0.,-0.,1.));
#12785 = ADVANCED_FACE('',(#12786),#12797,.F.);
#12786 = FACE_BOUND('',#12787,.F.);
#12787 = EDGE_LOOP('',(#12788,#12789,#12790,#12791));
#12788 = ORIENTED_EDGE('',*,*,#12117,.T.);
#12789 = ORIENTED_EDGE('',*,*,#12756,.F.);
#12790 = ORIENTED_EDGE('',*,*,#12728,.F.);
#12791 = ORIENTED_EDGE('',*,*,#12792,.T.);
#12792 = EDGE_CURVE('',#12704,#12118,#12793,.T.);
#12793 = LINE('',#12794,#12795);
#12794 = CARTESIAN_POINT('',(2.,-1.9,0.4));
#12795 = VECTOR('',#12796,1.);
#12796 = DIRECTION('',(1.,2.22044604925E-16,0.));
#12797 = CYLINDRICAL_SURFACE('',#12798,0.1);
#12798 = AXIS2_PLACEMENT_3D('',#12799,#12800,#12801);
#12799 = CARTESIAN_POINT('',(2.,-1.9,0.5));
#12800 = DIRECTION('',(1.,2.22044604925E-16,0.));
#12801 = DIRECTION('',(0.,0.,-1.));
#12802 = ADVANCED_FACE('',(#12803),#12814,.T.);
#12803 = FACE_BOUND('',#12804,.T.);
#12804 = EDGE_LOOP('',(#12805,#12806,#12807,#12813));
#12805 = ORIENTED_EDGE('',*,*,#12792,.T.);
#12806 = ORIENTED_EDGE('',*,*,#12160,.F.);
#12807 = ORIENTED_EDGE('',*,*,#12808,.F.);
#12808 = EDGE_CURVE('',#12702,#12152,#12809,.T.);
#12809 = LINE('',#12810,#12811);
#12810 = CARTESIAN_POINT('',(2.,1.9,0.4));
#12811 = VECTOR('',#12812,1.);
#12812 = DIRECTION('',(1.,2.22044604925E-16,0.));
#12813 = ORIENTED_EDGE('',*,*,#12701,.T.);
#12814 = PLANE('',#12815);
#12815 = AXIS2_PLACEMENT_3D('',#12816,#12817,#12818);
#12816 = CARTESIAN_POINT('',(2.,2.,0.4));
#12817 = DIRECTION('',(0.,0.,1.));
#12818 = DIRECTION('',(2.22044604925E-16,-1.,0.));
#12819 = ADVANCED_FACE('',(#12820),#12826,.F.);
#12820 = FACE_BOUND('',#12821,.F.);
#12821 = EDGE_LOOP('',(#12822,#12823,#12824,#12825));
#12822 = ORIENTED_EDGE('',*,*,#12808,.F.);
#12823 = ORIENTED_EDGE('',*,*,#12711,.T.);
#12824 = ORIENTED_EDGE('',*,*,#12680,.T.);
#12825 = ORIENTED_EDGE('',*,*,#12176,.T.);
#12826 = CYLINDRICAL_SURFACE('',#12827,0.1);
#12827 = AXIS2_PLACEMENT_3D('',#12828,#12829,#12830);
#12828 = CARTESIAN_POINT('',(2.,1.9,0.5));
#12829 = DIRECTION('',(1.,2.22044604925E-16,0.));
#12830 = DIRECTION('',(0.,0.,-1.));
#12831 = ( GEOMETRIC_REPRESENTATION_CONTEXT(3) 
GLOBAL_UNCERTAINTY_ASSIGNED_CONTEXT((#12835)) 
GLOBAL_UNIT_ASSIGNED_CONTEXT((#12832,#12833,#12834)) 
REPRESENTATION_CONTEXT('Context #1',
  '3D Context with UNIT and UNCERTAINTY') );
#12832 = ( LENGTH_UNIT() NAMED_UNIT(*) SI_UNIT(.MILLI.,.METRE.) );
#12833 = ( NAMED_UNIT(*) PLANE_ANGLE_UNIT() SI_UNIT($,.RADIAN.) );
#12834 = ( NAMED_UNIT(*) SI_UNIT($,.STERADIAN.) SOLID_ANGLE_UNIT() );
#12835 = UNCERTAINTY_MEASURE_WITH_UNIT(LENGTH_MEASURE(1.E-07),#12832,
  'distance_accuracy_value','confusion accuracy');
#12836 = CONTEXT_DEPENDENT_SHAPE_REPRESENTATION(#12837,#12839);
#12837 = ( REPRESENTATION_RELATIONSHIP('','',#8642,#8619) 
REPRESENTATION_RELATIONSHIP_WITH_TRANSFORMATION(#12838) 
SHAPE_REPRESENTATION_RELATIONSHIP() );
#12838 = ITEM_DEFINED_TRANSFORMATION('','',#11,#8620);
#12839 = PRODUCT_DEFINITION_SHAPE('Placement','Placement of an item',
  #12840);
#12840 = NEXT_ASSEMBLY_USAGE_OCCURRENCE('15','=>[0:1:1:11]','',#8614,
  #8637,$);
#12841 = PRODUCT_RELATED_PRODUCT_CATEGORY('part',$,(#8639));
#12842 = CONTEXT_DEPENDENT_SHAPE_REPRESENTATION(#12843,#12845);
#12843 = ( REPRESENTATION_RELATIONSHIP('','',#943,#10) 
REPRESENTATION_RELATIONSHIP_WITH_TRANSFORMATION(#12844) 
SHAPE_REPRESENTATION_RELATIONSHIP() );
#12844 = ITEM_DEFINED_TRANSFORMATION('','',#11,#59);
#12845 = PRODUCT_DEFINITION_SHAPE('Placement','Placement of an item',
  #12846);
#12846 = NEXT_ASSEMBLY_USAGE_OCCURRENCE('17','C2','',#5,#938,$);
#12847 = SHAPE_DEFINITION_REPRESENTATION(#12848,#12854);
#12848 = PRODUCT_DEFINITION_SHAPE('','',#12849);
#12849 = PRODUCT_DEFINITION('design','',#12850,#12853);
#12850 = PRODUCT_DEFINITION_FORMATION('','',#12851);
#12851 = PRODUCT('SOT-89-3','SOT-89-3','',(#12852));
#12852 = PRODUCT_CONTEXT('',#2,'mechanical');
#12853 = PRODUCT_DEFINITION_CONTEXT('part definition',#2,'design');
#12854 = SHAPE_REPRESENTATION('',(#11,#12855),#12859);
#12855 = AXIS2_PLACEMENT_3D('',#12856,#12857,#12858);
#12856 = CARTESIAN_POINT('',(0.,0.,0.));
#12857 = DIRECTION('',(0.,0.,1.));
#12858 = DIRECTION('',(1.,0.,-0.));
#12859 = ( GEOMETRIC_REPRESENTATION_CONTEXT(3) 
GLOBAL_UNCERTAINTY_ASSIGNED_CONTEXT((#12863)) 
GLOBAL_UNIT_ASSIGNED_CONTEXT((#12860,#12861,#12862)) 
REPRESENTATION_CONTEXT('Context #1',
  '3D Context with UNIT and UNCERTAINTY') );
#12860 = ( LENGTH_UNIT() NAMED_UNIT(*) SI_UNIT(.MILLI.,.METRE.) );
#12861 = ( NAMED_UNIT(*) PLANE_ANGLE_UNIT() SI_UNIT($,.RADIAN.) );
#12862 = ( NAMED_UNIT(*) SI_UNIT($,.STERADIAN.) SOLID_ANGLE_UNIT() );
#12863 = UNCERTAINTY_MEASURE_WITH_UNIT(LENGTH_MEASURE(1.E-07),#12860,
  'distance_accuracy_value','confusion accuracy');
#12864 = CONTEXT_DEPENDENT_SHAPE_REPRESENTATION(#12865,#12867);
#12865 = ( REPRESENTATION_RELATIONSHIP('','',#12854,#10) 
REPRESENTATION_RELATIONSHIP_WITH_TRANSFORMATION(#12866) 
SHAPE_REPRESENTATION_RELATIONSHIP() );
#12866 = ITEM_DEFINED_TRANSFORMATION('','',#11,#63);
#12867 = PRODUCT_DEFINITION_SHAPE('Placement','Placement of an item',
  #12868);
#12868 = NEXT_ASSEMBLY_USAGE_OCCURRENCE('19','U3','',#5,#12849,$);
#12869 = PRODUCT_RELATED_PRODUCT_CATEGORY('part',$,(#12851));
#12870 = SHAPE_DEFINITION_REPRESENTATION(#12871,#12877);
#12871 = PRODUCT_DEFINITION_SHAPE('','',#12872);
#12872 = PRODUCT_DEFINITION('design','',#12873,#12876);
#12873 = PRODUCT_DEFINITION_FORMATION('','',#12874);
#12874 = PRODUCT('CQ assembly','CQ assembly','',(#12875));
#12875 = PRODUCT_CONTEXT('',#2,'mechanical');
#12876 = PRODUCT_DEFINITION_CONTEXT('part definition',#2,'design');
#12877 = SHAPE_REPRESENTATION('',(#11,#12878,#13169,#13517,#13667,#13817
    ),#13967);
#12878 = MANIFOLD_SOLID_BREP('',#12879);
#12879 = CLOSED_SHELL('',(#12880,#12920,#12951,#12982,#13006,#13030,
    #13047,#13071,#13106,#13123,#13135,#13160));
#12880 = ADVANCED_FACE('',(#12881),#12915,.F.);
#12881 = FACE_BOUND('',#12882,.F.);
#12882 = EDGE_LOOP('',(#12883,#12893,#12901,#12909));
#12883 = ORIENTED_EDGE('',*,*,#12884,.T.);
#12884 = EDGE_CURVE('',#12885,#12887,#12889,.T.);
#12885 = VERTEX_POINT('',#12886);
#12886 = CARTESIAN_POINT('',(-1.25,-2.25,2.E-02));
#12887 = VERTEX_POINT('',#12888);
#12888 = CARTESIAN_POINT('',(-1.25,-2.25,0.42));
#12889 = LINE('',#12890,#12891);
#12890 = CARTESIAN_POINT('',(-1.25,-2.25,2.E-02));
#12891 = VECTOR('',#12892,1.);
#12892 = DIRECTION('',(0.,0.,1.));
#12893 = ORIENTED_EDGE('',*,*,#12894,.T.);
#12894 = EDGE_CURVE('',#12887,#12895,#12897,.T.);
#12895 = VERTEX_POINT('',#12896);
#12896 = CARTESIAN_POINT('',(1.25,-2.25,0.42));
#12897 = LINE('',#12898,#12899);
#12898 = CARTESIAN_POINT('',(-1.25,-2.25,0.42));
#12899 = VECTOR('',#12900,1.);
#12900 = DIRECTION('',(1.,0.,0.));
#12901 = ORIENTED_EDGE('',*,*,#12902,.F.);
#12902 = EDGE_CURVE('',#12903,#12895,#12905,.T.);
#12903 = VERTEX_POINT('',#12904);
#12904 = CARTESIAN_POINT('',(1.25,-2.25,2.E-02));
#12905 = LINE('',#12906,#12907);
#12906 = CARTESIAN_POINT('',(1.25,-2.25,2.E-02));
#12907 = VECTOR('',#12908,1.);
#12908 = DIRECTION('',(0.,0.,1.));
#12909 = ORIENTED_EDGE('',*,*,#12910,.F.);
#12910 = EDGE_CURVE('',#12885,#12903,#12911,.T.);
#12911 = LINE('',#12912,#12913);
#12912 = CARTESIAN_POINT('',(-1.25,-2.25,2.E-02));
#12913 = VECTOR('',#12914,1.);
#12914 = DIRECTION('',(1.,0.,0.));
#12915 = PLANE('',#12916);
#12916 = AXIS2_PLACEMENT_3D('',#12917,#12918,#12919);
#12917 = CARTESIAN_POINT('',(-1.25,-2.25,2.E-02));
#12918 = DIRECTION('',(0.,1.,0.));
#12919 = DIRECTION('',(1.,0.,0.));
#12920 = ADVANCED_FACE('',(#12921),#12946,.F.);
#12921 = FACE_BOUND('',#12922,.F.);
#12922 = EDGE_LOOP('',(#12923,#12933,#12939,#12940));
#12923 = ORIENTED_EDGE('',*,*,#12924,.T.);
#12924 = EDGE_CURVE('',#12925,#12927,#12929,.T.);
#12925 = VERTEX_POINT('',#12926);
#12926 = CARTESIAN_POINT('',(-1.25,2.25,2.E-02));
#12927 = VERTEX_POINT('',#12928);
#12928 = CARTESIAN_POINT('',(-1.25,2.25,0.42));
#12929 = LINE('',#12930,#12931);
#12930 = CARTESIAN_POINT('',(-1.25,2.25,2.E-02));
#12931 = VECTOR('',#12932,1.);
#12932 = DIRECTION('',(0.,0.,1.));
#12933 = ORIENTED_EDGE('',*,*,#12934,.T.);
#12934 = EDGE_CURVE('',#12927,#12887,#12935,.T.);
#12935 = LINE('',#12936,#12937);
#12936 = CARTESIAN_POINT('',(-1.25,2.25,0.42));
#12937 = VECTOR('',#12938,1.);
#12938 = DIRECTION('',(0.,-1.,0.));
#12939 = ORIENTED_EDGE('',*,*,#12884,.F.);
#12940 = ORIENTED_EDGE('',*,*,#12941,.F.);
#12941 = EDGE_CURVE('',#12925,#12885,#12942,.T.);
#12942 = LINE('',#12943,#12944);
#12943 = CARTESIAN_POINT('',(-1.25,2.25,2.E-02));
#12944 = VECTOR('',#12945,1.);
#12945 = DIRECTION('',(0.,-1.,0.));
#12946 = PLANE('',#12947);
#12947 = AXIS2_PLACEMENT_3D('',#12948,#12949,#12950);
#12948 = CARTESIAN_POINT('',(-1.25,2.25,2.E-02));
#12949 = DIRECTION('',(1.,0.,0.));
#12950 = DIRECTION('',(0.,-1.,0.));
#12951 = ADVANCED_FACE('',(#12952),#12977,.F.);
#12952 = FACE_BOUND('',#12953,.T.);
#12953 = EDGE_LOOP('',(#12954,#12962,#12963,#12971));
#12954 = ORIENTED_EDGE('',*,*,#12955,.F.);
#12955 = EDGE_CURVE('',#12887,#12956,#12958,.T.);
#12956 = VERTEX_POINT('',#12957);
#12957 = CARTESIAN_POINT('',(-1.15,-2.15,1.52));
#12958 = LINE('',#12959,#12960);
#12959 = CARTESIAN_POINT('',(-1.182113821138,-2.182113821138,
    1.16674796748));
#12960 = VECTOR('',#12961,1.);
#12961 = DIRECTION('',(9.016696346676E-02,9.016696346676E-02,
    0.991836598134));
#12962 = ORIENTED_EDGE('',*,*,#12894,.T.);
#12963 = ORIENTED_EDGE('',*,*,#12964,.T.);
#12964 = EDGE_CURVE('',#12895,#12965,#12967,.T.);
#12965 = VERTEX_POINT('',#12966);
#12966 = CARTESIAN_POINT('',(1.15,-2.15,1.52));
#12967 = LINE('',#12968,#12969);
#12968 = CARTESIAN_POINT('',(1.190243902439,-2.190243902439,
    1.077317073171));
#12969 = VECTOR('',#12970,1.);
#12970 = DIRECTION('',(-9.016696346676E-02,9.016696346676E-02,
    0.991836598134));
#12971 = ORIENTED_EDGE('',*,*,#12972,.F.);
#12972 = EDGE_CURVE('',#12956,#12965,#12973,.T.);
#12973 = LINE('',#12974,#12975);
#12974 = CARTESIAN_POINT('',(-1.25,-2.15,1.52));
#12975 = VECTOR('',#12976,1.);
#12976 = DIRECTION('',(1.,0.,0.));
#12977 = PLANE('',#12978);
#12978 = AXIS2_PLACEMENT_3D('',#12979,#12980,#12981);
#12979 = CARTESIAN_POINT('',(-1.25,-2.2,0.97));
#12980 = DIRECTION('',(-1.745273210035E-18,0.995893206468,
    -9.053574604249E-02));
#12981 = DIRECTION('',(-1.,-1.738105733304E-18,1.580096121185E-19));
#12982 = ADVANCED_FACE('',(#12983),#13001,.F.);
#12983 = FACE_BOUND('',#12984,.F.);
#12984 = EDGE_LOOP('',(#12985,#12986,#12994,#13000));
#12985 = ORIENTED_EDGE('',*,*,#12910,.T.);
#12986 = ORIENTED_EDGE('',*,*,#12987,.T.);
#12987 = EDGE_CURVE('',#12903,#12988,#12990,.T.);
#12988 = VERTEX_POINT('',#12989);
#12989 = CARTESIAN_POINT('',(1.25,2.25,2.E-02));
#12990 = LINE('',#12991,#12992);
#12991 = CARTESIAN_POINT('',(1.25,-2.25,2.E-02));
#12992 = VECTOR('',#12993,1.);
#12993 = DIRECTION('',(0.,1.,0.));
#12994 = ORIENTED_EDGE('',*,*,#12995,.T.);
#12995 = EDGE_CURVE('',#12988,#12925,#12996,.T.);
#12996 = LINE('',#12997,#12998);
#12997 = CARTESIAN_POINT('',(1.25,2.25,2.E-02));
#12998 = VECTOR('',#12999,1.);
#12999 = DIRECTION('',(-1.,0.,0.));
#13000 = ORIENTED_EDGE('',*,*,#12941,.T.);
#13001 = PLANE('',#13002);
#13002 = AXIS2_PLACEMENT_3D('',#13003,#13004,#13005);
#13003 = CARTESIAN_POINT('',(0.,0.,2.E-02));
#13004 = DIRECTION('',(0.,0.,1.));
#13005 = DIRECTION('',(1.,0.,0.));
#13006 = ADVANCED_FACE('',(#13007),#13025,.F.);
#13007 = FACE_BOUND('',#13008,.F.);
#13008 = EDGE_LOOP('',(#13009,#13010,#13018,#13024));
#13009 = ORIENTED_EDGE('',*,*,#12902,.T.);
#13010 = ORIENTED_EDGE('',*,*,#13011,.T.);
#13011 = EDGE_CURVE('',#12895,#13012,#13014,.T.);
#13012 = VERTEX_POINT('',#13013);
#13013 = CARTESIAN_POINT('',(1.25,2.25,0.42));
#13014 = LINE('',#13015,#13016);
#13015 = CARTESIAN_POINT('',(1.25,-2.25,0.42));
#13016 = VECTOR('',#13017,1.);
#13017 = DIRECTION('',(0.,1.,0.));
#13018 = ORIENTED_EDGE('',*,*,#13019,.F.);
#13019 = EDGE_CURVE('',#12988,#13012,#13020,.T.);
#13020 = LINE('',#13021,#13022);
#13021 = CARTESIAN_POINT('',(1.25,2.25,2.E-02));
#13022 = VECTOR('',#13023,1.);
#13023 = DIRECTION('',(0.,0.,1.));
#13024 = ORIENTED_EDGE('',*,*,#12987,.F.);
#13025 = PLANE('',#13026);
#13026 = AXIS2_PLACEMENT_3D('',#13027,#13028,#13029);
#13027 = CARTESIAN_POINT('',(1.25,-2.25,2.E-02));
#13028 = DIRECTION('',(-1.,0.,0.));
#13029 = DIRECTION('',(0.,1.,0.));
#13030 = ADVANCED_FACE('',(#13031),#13042,.F.);
#13031 = FACE_BOUND('',#13032,.F.);
#13032 = EDGE_LOOP('',(#13033,#13034,#13040,#13041));
#13033 = ORIENTED_EDGE('',*,*,#13019,.T.);
#13034 = ORIENTED_EDGE('',*,*,#13035,.T.);
#13035 = EDGE_CURVE('',#13012,#12927,#13036,.T.);
#13036 = LINE('',#13037,#13038);
#13037 = CARTESIAN_POINT('',(1.25,2.25,0.42));
#13038 = VECTOR('',#13039,1.);
#13039 = DIRECTION('',(-1.,0.,0.));
#13040 = ORIENTED_EDGE('',*,*,#12924,.F.);
#13041 = ORIENTED_EDGE('',*,*,#12995,.F.);
#13042 = PLANE('',#13043);
#13043 = AXIS2_PLACEMENT_3D('',#13044,#13045,#13046);
#13044 = CARTESIAN_POINT('',(1.25,2.25,2.E-02));
#13045 = DIRECTION('',(0.,-1.,0.));
#13046 = DIRECTION('',(-1.,0.,0.));
#13047 = ADVANCED_FACE('',(#13048),#13066,.F.);
#13048 = FACE_BOUND('',#13049,.T.);
#13049 = EDGE_LOOP('',(#13050,#13058,#13059,#13060));
#13050 = ORIENTED_EDGE('',*,*,#13051,.F.);
#13051 = EDGE_CURVE('',#12927,#13052,#13054,.T.);
#13052 = VERTEX_POINT('',#13053);
#13053 = CARTESIAN_POINT('',(-1.15,2.15,1.52));
#13054 = LINE('',#13055,#13056);
#13055 = CARTESIAN_POINT('',(-1.190243902439,2.190243902439,
    1.077317073171));
#13056 = VECTOR('',#13057,1.);
#13057 = DIRECTION('',(9.016696346676E-02,-9.016696346676E-02,
    0.991836598134));
#13058 = ORIENTED_EDGE('',*,*,#12934,.T.);
#13059 = ORIENTED_EDGE('',*,*,#12955,.T.);
#13060 = ORIENTED_EDGE('',*,*,#13061,.F.);
#13061 = EDGE_CURVE('',#13052,#12956,#13062,.T.);
#13062 = LINE('',#13063,#13064);
#13063 = CARTESIAN_POINT('',(-1.15,2.25,1.52));
#13064 = VECTOR('',#13065,1.);
#13065 = DIRECTION('',(0.,-1.,0.));
#13066 = PLANE('',#13067);
#13067 = AXIS2_PLACEMENT_3D('',#13068,#13069,#13070);
#13068 = CARTESIAN_POINT('',(-1.2,2.25,0.97));
#13069 = DIRECTION('',(0.995893206468,1.745273210035E-18,
    -9.053574604249E-02));
#13070 = DIRECTION('',(-1.738105733304E-18,1.,1.580096121185E-19));
#13071 = ADVANCED_FACE('',(#13072,#13090),#13101,.T.);
#13072 = FACE_BOUND('',#13073,.T.);
#13073 = EDGE_LOOP('',(#13074,#13075,#13083,#13089));
#13074 = ORIENTED_EDGE('',*,*,#12972,.T.);
#13075 = ORIENTED_EDGE('',*,*,#13076,.T.);
#13076 = EDGE_CURVE('',#12965,#13077,#13079,.T.);
#13077 = VERTEX_POINT('',#13078);
#13078 = CARTESIAN_POINT('',(1.15,2.15,1.52));
#13079 = LINE('',#13080,#13081);
#13080 = CARTESIAN_POINT('',(1.15,-2.25,1.52));
#13081 = VECTOR('',#13082,1.);
#13082 = DIRECTION('',(0.,1.,0.));
#13083 = ORIENTED_EDGE('',*,*,#13084,.T.);
#13084 = EDGE_CURVE('',#13077,#13052,#13085,.T.);
#13085 = LINE('',#13086,#13087);
#13086 = CARTESIAN_POINT('',(1.25,2.15,1.52));
#13087 = VECTOR('',#13088,1.);
#13088 = DIRECTION('',(-1.,0.,0.));
#13089 = ORIENTED_EDGE('',*,*,#13061,.T.);
#13090 = FACE_BOUND('',#13091,.T.);
#13091 = EDGE_LOOP('',(#13092));
#13092 = ORIENTED_EDGE('',*,*,#13093,.T.);
#13093 = EDGE_CURVE('',#13094,#13094,#13096,.T.);
#13094 = VERTEX_POINT('',#13095);
#13095 = CARTESIAN_POINT('',(-0.35,-1.573295482264E-17,1.52));
#13096 = CIRCLE('',#13097,0.35);
#13097 = AXIS2_PLACEMENT_3D('',#13098,#13099,#13100);
#13098 = CARTESIAN_POINT('',(-1.908195823574E-17,6.999232111767E-17,1.52
    ));
#13099 = DIRECTION('',(0.,0.,-1.));
#13100 = DIRECTION('',(-1.,0.,0.));
#13101 = PLANE('',#13102);
#13102 = AXIS2_PLACEMENT_3D('',#13103,#13104,#13105);
#13103 = CARTESIAN_POINT('',(0.,0.,1.52));
#13104 = DIRECTION('',(0.,0.,1.));
#13105 = DIRECTION('',(1.,0.,0.));
#13106 = ADVANCED_FACE('',(#13107),#13118,.F.);
#13107 = FACE_BOUND('',#13108,.T.);
#13108 = EDGE_LOOP('',(#13109,#13110,#13111,#13117));
#13109 = ORIENTED_EDGE('',*,*,#12964,.F.);
#13110 = ORIENTED_EDGE('',*,*,#13011,.T.);
#13111 = ORIENTED_EDGE('',*,*,#13112,.T.);
#13112 = EDGE_CURVE('',#13012,#13077,#13113,.T.);
#13113 = LINE('',#13114,#13115);
#13114 = CARTESIAN_POINT('',(1.182113821138,2.182113821138,1.16674796748
    ));
#13115 = VECTOR('',#13116,1.);
#13116 = DIRECTION('',(-9.016696346676E-02,-9.016696346676E-02,
    0.991836598134));
#13117 = ORIENTED_EDGE('',*,*,#13076,.F.);
#13118 = PLANE('',#13119);
#13119 = AXIS2_PLACEMENT_3D('',#13120,#13121,#13122);
#13120 = CARTESIAN_POINT('',(1.2,-2.25,0.97));
#13121 = DIRECTION('',(-0.995893206468,-1.745273210035E-18,
    -9.053574604249E-02));
#13122 = DIRECTION('',(1.738105733304E-18,-1.,1.580096121185E-19));
#13123 = ADVANCED_FACE('',(#13124),#13130,.F.);
#13124 = FACE_BOUND('',#13125,.T.);
#13125 = EDGE_LOOP('',(#13126,#13127,#13128,#13129));
#13126 = ORIENTED_EDGE('',*,*,#13112,.F.);
#13127 = ORIENTED_EDGE('',*,*,#13035,.T.);
#13128 = ORIENTED_EDGE('',*,*,#13051,.T.);
#13129 = ORIENTED_EDGE('',*,*,#13084,.F.);
#13130 = PLANE('',#13131);
#13131 = AXIS2_PLACEMENT_3D('',#13132,#13133,#13134);
#13132 = CARTESIAN_POINT('',(1.25,2.2,0.97));
#13133 = DIRECTION('',(1.745273210035E-18,-0.995893206468,
    -9.053574604249E-02));
#13134 = DIRECTION('',(1.,1.738105733304E-18,1.580096121185E-19));
#13135 = ADVANCED_FACE('',(#13136),#13155,.F.);
#13136 = FACE_BOUND('',#13137,.F.);
#13137 = EDGE_LOOP('',(#13138,#13147,#13153,#13154));
#13138 = ORIENTED_EDGE('',*,*,#13139,.F.);
#13139 = EDGE_CURVE('',#13140,#13140,#13142,.T.);
#13140 = VERTEX_POINT('',#13141);
#13141 = CARTESIAN_POINT('',(-0.35,-1.573295482264E-17,1.42));
#13142 = CIRCLE('',#13143,0.35);
#13143 = AXIS2_PLACEMENT_3D('',#13144,#13145,#13146);
#13144 = CARTESIAN_POINT('',(-1.908195823574E-17,6.999232111767E-17,1.42
    ));
#13145 = DIRECTION('',(0.,0.,-1.));
#13146 = DIRECTION('',(-1.,0.,0.));
#13147 = ORIENTED_EDGE('',*,*,#13148,.F.);
#13148 = EDGE_CURVE('',#13094,#13140,#13149,.T.);
#13149 = LINE('',#13150,#13151);
#13150 = CARTESIAN_POINT('',(-0.35,-1.573295482264E-17,1.52));
#13151 = VECTOR('',#13152,1.);
#13152 = DIRECTION('',(0.,0.,-1.));
#13153 = ORIENTED_EDGE('',*,*,#13093,.T.);
#13154 = ORIENTED_EDGE('',*,*,#13148,.T.);
#13155 = CYLINDRICAL_SURFACE('',#13156,0.35);
#13156 = AXIS2_PLACEMENT_3D('',#13157,#13158,#13159);
#13157 = CARTESIAN_POINT('',(-1.908195823574E-17,6.999232111767E-17,1.52
    ));
#13158 = DIRECTION('',(0.,0.,-1.));
#13159 = DIRECTION('',(-1.,0.,0.));
#13160 = ADVANCED_FACE('',(#13161),#13164,.F.);
#13161 = FACE_BOUND('',#13162,.F.);
#13162 = EDGE_LOOP('',(#13163));
#13163 = ORIENTED_EDGE('',*,*,#13139,.T.);
#13164 = PLANE('',#13165);
#13165 = AXIS2_PLACEMENT_3D('',#13166,#13167,#13168);
#13166 = CARTESIAN_POINT('',(-1.908195823574E-17,6.999232111767E-17,1.42
    ));
#13167 = DIRECTION('',(0.,0.,-1.));
#13168 = DIRECTION('',(-1.,0.,0.));
#13169 = MANIFOLD_SOLID_BREP('',#13170);
#13170 = CLOSED_SHELL('',(#13171,#13211,#13242,#13273,#13304,#13335,
    #13366,#13397,#13428,#13459,#13481,#13499));
#13171 = ADVANCED_FACE('',(#13172),#13206,.T.);
#13172 = FACE_BOUND('',#13173,.T.);
#13173 = EDGE_LOOP('',(#13174,#13184,#13192,#13200));
#13174 = ORIENTED_EDGE('',*,*,#13175,.F.);
#13175 = EDGE_CURVE('',#13176,#13178,#13180,.T.);
#13176 = VERTEX_POINT('',#13177);
#13177 = CARTESIAN_POINT('',(1.75,-0.56,0.));
#13178 = VERTEX_POINT('',#13179);
#13179 = CARTESIAN_POINT('',(1.75,-0.56,0.4));
#13180 = LINE('',#13181,#13182);
#13181 = CARTESIAN_POINT('',(1.75,-0.56,0.));
#13182 = VECTOR('',#13183,1.);
#13183 = DIRECTION('',(0.,0.,1.));
#13184 = ORIENTED_EDGE('',*,*,#13185,.T.);
#13185 = EDGE_CURVE('',#13176,#13186,#13188,.T.);
#13186 = VERTEX_POINT('',#13187);
#13187 = CARTESIAN_POINT('',(1.75,0.56,0.));
#13188 = LINE('',#13189,#13190);
#13189 = CARTESIAN_POINT('',(1.75,-0.56,0.));
#13190 = VECTOR('',#13191,1.);
#13191 = DIRECTION('',(0.,1.,0.));
#13192 = ORIENTED_EDGE('',*,*,#13193,.T.);
#13193 = EDGE_CURVE('',#13186,#13194,#13196,.T.);
#13194 = VERTEX_POINT('',#13195);
#13195 = CARTESIAN_POINT('',(1.75,0.56,0.4));
#13196 = LINE('',#13197,#13198);
#13197 = CARTESIAN_POINT('',(1.75,0.56,0.));
#13198 = VECTOR('',#13199,1.);
#13199 = DIRECTION('',(0.,0.,1.));
#13200 = ORIENTED_EDGE('',*,*,#13201,.T.);
#13201 = EDGE_CURVE('',#13194,#13178,#13202,.T.);
#13202 = LINE('',#13203,#13204);
#13203 = CARTESIAN_POINT('',(1.75,0.56,0.4));
#13204 = VECTOR('',#13205,1.);
#13205 = DIRECTION('',(0.,-1.,0.));
#13206 = PLANE('',#13207);
#13207 = AXIS2_PLACEMENT_3D('',#13208,#13209,#13210);
#13208 = CARTESIAN_POINT('',(1.75,0.,0.));
#13209 = DIRECTION('',(1.,0.,0.));
#13210 = DIRECTION('',(0.,-1.,0.));
#13211 = ADVANCED_FACE('',(#13212),#13237,.T.);
#13212 = FACE_BOUND('',#13213,.T.);
#13213 = EDGE_LOOP('',(#13214,#13215,#13223,#13231));
#13214 = ORIENTED_EDGE('',*,*,#13175,.T.);
#13215 = ORIENTED_EDGE('',*,*,#13216,.T.);
#13216 = EDGE_CURVE('',#13178,#13217,#13219,.T.);
#13217 = VERTEX_POINT('',#13218);
#13218 = CARTESIAN_POINT('',(1.6,-0.8,0.4));
#13219 = LINE('',#13220,#13221);
#13220 = CARTESIAN_POINT('',(1.75,-0.56,0.4));
#13221 = VECTOR('',#13222,1.);
#13222 = DIRECTION('',(-0.529998940003,-0.847998304005,0.));
#13223 = ORIENTED_EDGE('',*,*,#13224,.F.);
#13224 = EDGE_CURVE('',#13225,#13217,#13227,.T.);
#13225 = VERTEX_POINT('',#13226);
#13226 = CARTESIAN_POINT('',(1.6,-0.8,0.));
#13227 = LINE('',#13228,#13229);
#13228 = CARTESIAN_POINT('',(1.6,-0.8,0.));
#13229 = VECTOR('',#13230,1.);
#13230 = DIRECTION('',(0.,0.,1.));
#13231 = ORIENTED_EDGE('',*,*,#13232,.F.);
#13232 = EDGE_CURVE('',#13176,#13225,#13233,.T.);
#13233 = LINE('',#13234,#13235);
#13234 = CARTESIAN_POINT('',(1.75,-0.56,0.));
#13235 = VECTOR('',#13236,1.);
#13236 = DIRECTION('',(-0.529998940003,-0.847998304005,0.));
#13237 = PLANE('',#13238);
#13238 = AXIS2_PLACEMENT_3D('',#13239,#13240,#13241);
#13239 = CARTESIAN_POINT('',(1.75,-0.56,0.));
#13240 = DIRECTION('',(0.847998304005,-0.529998940003,0.));
#13241 = DIRECTION('',(-0.529998940003,-0.847998304005,0.));
#13242 = ADVANCED_FACE('',(#13243),#13268,.T.);
#13243 = FACE_BOUND('',#13244,.T.);
#13244 = EDGE_LOOP('',(#13245,#13246,#13254,#13262));
#13245 = ORIENTED_EDGE('',*,*,#13224,.T.);
#13246 = ORIENTED_EDGE('',*,*,#13247,.T.);
#13247 = EDGE_CURVE('',#13217,#13248,#13250,.T.);
#13248 = VERTEX_POINT('',#13249);
#13249 = CARTESIAN_POINT('',(1.25,-0.8,0.4));
#13250 = LINE('',#13251,#13252);
#13251 = CARTESIAN_POINT('',(1.6,-0.8,0.4));
#13252 = VECTOR('',#13253,1.);
#13253 = DIRECTION('',(-1.,0.,0.));
#13254 = ORIENTED_EDGE('',*,*,#13255,.F.);
#13255 = EDGE_CURVE('',#13256,#13248,#13258,.T.);
#13256 = VERTEX_POINT('',#13257);
#13257 = CARTESIAN_POINT('',(1.25,-0.8,0.));
#13258 = LINE('',#13259,#13260);
#13259 = CARTESIAN_POINT('',(1.25,-0.8,0.));
#13260 = VECTOR('',#13261,1.);
#13261 = DIRECTION('',(0.,0.,1.));
#13262 = ORIENTED_EDGE('',*,*,#13263,.F.);
#13263 = EDGE_CURVE('',#13225,#13256,#13264,.T.);
#13264 = LINE('',#13265,#13266);
#13265 = CARTESIAN_POINT('',(1.6,-0.8,0.));
#13266 = VECTOR('',#13267,1.);
#13267 = DIRECTION('',(-1.,0.,0.));
#13268 = PLANE('',#13269);
#13269 = AXIS2_PLACEMENT_3D('',#13270,#13271,#13272);
#13270 = CARTESIAN_POINT('',(1.6,-0.8,0.));
#13271 = DIRECTION('',(0.,-1.,0.));
#13272 = DIRECTION('',(-1.,0.,0.));
#13273 = ADVANCED_FACE('',(#13274),#13299,.T.);
#13274 = FACE_BOUND('',#13275,.T.);
#13275 = EDGE_LOOP('',(#13276,#13277,#13285,#13293));
#13276 = ORIENTED_EDGE('',*,*,#13255,.T.);
#13277 = ORIENTED_EDGE('',*,*,#13278,.T.);
#13278 = EDGE_CURVE('',#13248,#13279,#13281,.T.);
#13279 = VERTEX_POINT('',#13280);
#13280 = CARTESIAN_POINT('',(1.25,-0.64,0.4));
#13281 = LINE('',#13282,#13283);
#13282 = CARTESIAN_POINT('',(1.25,-0.8,0.4));
#13283 = VECTOR('',#13284,1.);
#13284 = DIRECTION('',(0.,1.,0.));
#13285 = ORIENTED_EDGE('',*,*,#13286,.F.);
#13286 = EDGE_CURVE('',#13287,#13279,#13289,.T.);
#13287 = VERTEX_POINT('',#13288);
#13288 = CARTESIAN_POINT('',(1.25,-0.64,0.));
#13289 = LINE('',#13290,#13291);
#13290 = CARTESIAN_POINT('',(1.25,-0.64,0.));
#13291 = VECTOR('',#13292,1.);
#13292 = DIRECTION('',(0.,0.,1.));
#13293 = ORIENTED_EDGE('',*,*,#13294,.F.);
#13294 = EDGE_CURVE('',#13256,#13287,#13295,.T.);
#13295 = LINE('',#13296,#13297);
#13296 = CARTESIAN_POINT('',(1.25,-0.8,0.));
#13297 = VECTOR('',#13298,1.);
#13298 = DIRECTION('',(0.,1.,0.));
#13299 = PLANE('',#13300);
#13300 = AXIS2_PLACEMENT_3D('',#13301,#13302,#13303);
#13301 = CARTESIAN_POINT('',(1.25,-0.8,0.));
#13302 = DIRECTION('',(-1.,0.,0.));
#13303 = DIRECTION('',(0.,1.,0.));
#13304 = ADVANCED_FACE('',(#13305),#13330,.T.);
#13305 = FACE_BOUND('',#13306,.T.);
#13306 = EDGE_LOOP('',(#13307,#13308,#13316,#13324));
#13307 = ORIENTED_EDGE('',*,*,#13286,.T.);
#13308 = ORIENTED_EDGE('',*,*,#13309,.T.);
#13309 = EDGE_CURVE('',#13279,#13310,#13312,.T.);
#13310 = VERTEX_POINT('',#13311);
#13311 = CARTESIAN_POINT('',(-0.75,-0.64,0.4));
#13312 = LINE('',#13313,#13314);
#13313 = CARTESIAN_POINT('',(1.25,-0.64,0.4));
#13314 = VECTOR('',#13315,1.);
#13315 = DIRECTION('',(-1.,0.,0.));
#13316 = ORIENTED_EDGE('',*,*,#13317,.F.);
#13317 = EDGE_CURVE('',#13318,#13310,#13320,.T.);
#13318 = VERTEX_POINT('',#13319);
#13319 = CARTESIAN_POINT('',(-0.75,-0.64,0.));
#13320 = LINE('',#13321,#13322);
#13321 = CARTESIAN_POINT('',(-0.75,-0.64,0.));
#13322 = VECTOR('',#13323,1.);
#13323 = DIRECTION('',(0.,0.,1.));
#13324 = ORIENTED_EDGE('',*,*,#13325,.F.);
#13325 = EDGE_CURVE('',#13287,#13318,#13326,.T.);
#13326 = LINE('',#13327,#13328);
#13327 = CARTESIAN_POINT('',(1.25,-0.64,0.));
#13328 = VECTOR('',#13329,1.);
#13329 = DIRECTION('',(-1.,0.,0.));
#13330 = PLANE('',#13331);
#13331 = AXIS2_PLACEMENT_3D('',#13332,#13333,#13334);
#13332 = CARTESIAN_POINT('',(1.25,-0.64,0.));
#13333 = DIRECTION('',(0.,-1.,0.));
#13334 = DIRECTION('',(-1.,0.,0.));
#13335 = ADVANCED_FACE('',(#13336),#13361,.T.);
#13336 = FACE_BOUND('',#13337,.T.);
#13337 = EDGE_LOOP('',(#13338,#13339,#13347,#13355));
#13338 = ORIENTED_EDGE('',*,*,#13317,.T.);
#13339 = ORIENTED_EDGE('',*,*,#13340,.T.);
#13340 = EDGE_CURVE('',#13310,#13341,#13343,.T.);
#13341 = VERTEX_POINT('',#13342);
#13342 = CARTESIAN_POINT('',(-0.75,0.64,0.4));
#13343 = LINE('',#13344,#13345);
#13344 = CARTESIAN_POINT('',(-0.75,-0.64,0.4));
#13345 = VECTOR('',#13346,1.);
#13346 = DIRECTION('',(0.,1.,0.));
#13347 = ORIENTED_EDGE('',*,*,#13348,.F.);
#13348 = EDGE_CURVE('',#13349,#13341,#13351,.T.);
#13349 = VERTEX_POINT('',#13350);
#13350 = CARTESIAN_POINT('',(-0.75,0.64,0.));
#13351 = LINE('',#13352,#13353);
#13352 = CARTESIAN_POINT('',(-0.75,0.64,0.));
#13353 = VECTOR('',#13354,1.);
#13354 = DIRECTION('',(0.,0.,1.));
#13355 = ORIENTED_EDGE('',*,*,#13356,.F.);
#13356 = EDGE_CURVE('',#13318,#13349,#13357,.T.);
#13357 = LINE('',#13358,#13359);
#13358 = CARTESIAN_POINT('',(-0.75,-0.64,0.));
#13359 = VECTOR('',#13360,1.);
#13360 = DIRECTION('',(0.,1.,0.));
#13361 = PLANE('',#13362);
#13362 = AXIS2_PLACEMENT_3D('',#13363,#13364,#13365);
#13363 = CARTESIAN_POINT('',(-0.75,-0.64,0.));
#13364 = DIRECTION('',(-1.,0.,0.));
#13365 = DIRECTION('',(0.,1.,0.));
#13366 = ADVANCED_FACE('',(#13367),#13392,.T.);
#13367 = FACE_BOUND('',#13368,.T.);
#13368 = EDGE_LOOP('',(#13369,#13370,#13378,#13386));
#13369 = ORIENTED_EDGE('',*,*,#13348,.T.);
#13370 = ORIENTED_EDGE('',*,*,#13371,.T.);
#13371 = EDGE_CURVE('',#13341,#13372,#13374,.T.);
#13372 = VERTEX_POINT('',#13373);
#13373 = CARTESIAN_POINT('',(1.25,0.64,0.4));
#13374 = LINE('',#13375,#13376);
#13375 = CARTESIAN_POINT('',(-0.75,0.64,0.4));
#13376 = VECTOR('',#13377,1.);
#13377 = DIRECTION('',(1.,0.,0.));
#13378 = ORIENTED_EDGE('',*,*,#13379,.F.);
#13379 = EDGE_CURVE('',#13380,#13372,#13382,.T.);
#13380 = VERTEX_POINT('',#13381);
#13381 = CARTESIAN_POINT('',(1.25,0.64,0.));
#13382 = LINE('',#13383,#13384);
#13383 = CARTESIAN_POINT('',(1.25,0.64,0.));
#13384 = VECTOR('',#13385,1.);
#13385 = DIRECTION('',(0.,0.,1.));
#13386 = ORIENTED_EDGE('',*,*,#13387,.F.);
#13387 = EDGE_CURVE('',#13349,#13380,#13388,.T.);
#13388 = LINE('',#13389,#13390);
#13389 = CARTESIAN_POINT('',(-0.75,0.64,0.));
#13390 = VECTOR('',#13391,1.);
#13391 = DIRECTION('',(1.,0.,0.));
#13392 = PLANE('',#13393);
#13393 = AXIS2_PLACEMENT_3D('',#13394,#13395,#13396);
#13394 = CARTESIAN_POINT('',(-0.75,0.64,0.));
#13395 = DIRECTION('',(0.,1.,0.));
#13396 = DIRECTION('',(1.,0.,0.));
#13397 = ADVANCED_FACE('',(#13398),#13423,.T.);
#13398 = FACE_BOUND('',#13399,.T.);
#13399 = EDGE_LOOP('',(#13400,#13401,#13409,#13417));
#13400 = ORIENTED_EDGE('',*,*,#13379,.T.);
#13401 = ORIENTED_EDGE('',*,*,#13402,.T.);
#13402 = EDGE_CURVE('',#13372,#13403,#13405,.T.);
#13403 = VERTEX_POINT('',#13404);
#13404 = CARTESIAN_POINT('',(1.25,0.8,0.4));
#13405 = LINE('',#13406,#13407);
#13406 = CARTESIAN_POINT('',(1.25,0.64,0.4));
#13407 = VECTOR('',#13408,1.);
#13408 = DIRECTION('',(0.,1.,0.));
#13409 = ORIENTED_EDGE('',*,*,#13410,.F.);
#13410 = EDGE_CURVE('',#13411,#13403,#13413,.T.);
#13411 = VERTEX_POINT('',#13412);
#13412 = CARTESIAN_POINT('',(1.25,0.8,0.));
#13413 = LINE('',#13414,#13415);
#13414 = CARTESIAN_POINT('',(1.25,0.8,0.));
#13415 = VECTOR('',#13416,1.);
#13416 = DIRECTION('',(0.,0.,1.));
#13417 = ORIENTED_EDGE('',*,*,#13418,.F.);
#13418 = EDGE_CURVE('',#13380,#13411,#13419,.T.);
#13419 = LINE('',#13420,#13421);
#13420 = CARTESIAN_POINT('',(1.25,0.64,0.));
#13421 = VECTOR('',#13422,1.);
#13422 = DIRECTION('',(0.,1.,0.));
#13423 = PLANE('',#13424);
#13424 = AXIS2_PLACEMENT_3D('',#13425,#13426,#13427);
#13425 = CARTESIAN_POINT('',(1.25,0.64,0.));
#13426 = DIRECTION('',(-1.,0.,0.));
#13427 = DIRECTION('',(0.,1.,0.));
#13428 = ADVANCED_FACE('',(#13429),#13454,.T.);
#13429 = FACE_BOUND('',#13430,.T.);
#13430 = EDGE_LOOP('',(#13431,#13432,#13440,#13448));
#13431 = ORIENTED_EDGE('',*,*,#13410,.T.);
#13432 = ORIENTED_EDGE('',*,*,#13433,.T.);
#13433 = EDGE_CURVE('',#13403,#13434,#13436,.T.);
#13434 = VERTEX_POINT('',#13435);
#13435 = CARTESIAN_POINT('',(1.6,0.8,0.4));
#13436 = LINE('',#13437,#13438);
#13437 = CARTESIAN_POINT('',(1.25,0.8,0.4));
#13438 = VECTOR('',#13439,1.);
#13439 = DIRECTION('',(1.,0.,0.));
#13440 = ORIENTED_EDGE('',*,*,#13441,.F.);
#13441 = EDGE_CURVE('',#13442,#13434,#13444,.T.);
#13442 = VERTEX_POINT('',#13443);
#13443 = CARTESIAN_POINT('',(1.6,0.8,0.));
#13444 = LINE('',#13445,#13446);
#13445 = CARTESIAN_POINT('',(1.6,0.8,0.));
#13446 = VECTOR('',#13447,1.);
#13447 = DIRECTION('',(0.,0.,1.));
#13448 = ORIENTED_EDGE('',*,*,#13449,.F.);
#13449 = EDGE_CURVE('',#13411,#13442,#13450,.T.);
#13450 = LINE('',#13451,#13452);
#13451 = CARTESIAN_POINT('',(1.25,0.8,0.));
#13452 = VECTOR('',#13453,1.);
#13453 = DIRECTION('',(1.,0.,0.));
#13454 = PLANE('',#13455);
#13455 = AXIS2_PLACEMENT_3D('',#13456,#13457,#13458);
#13456 = CARTESIAN_POINT('',(1.25,0.8,0.));
#13457 = DIRECTION('',(0.,1.,0.));
#13458 = DIRECTION('',(1.,0.,0.));
#13459 = ADVANCED_FACE('',(#13460),#13476,.T.);
#13460 = FACE_BOUND('',#13461,.T.);
#13461 = EDGE_LOOP('',(#13462,#13463,#13469,#13470));
#13462 = ORIENTED_EDGE('',*,*,#13441,.T.);
#13463 = ORIENTED_EDGE('',*,*,#13464,.T.);
#13464 = EDGE_CURVE('',#13434,#13194,#13465,.T.);
#13465 = LINE('',#13466,#13467);
#13466 = CARTESIAN_POINT('',(1.6,0.8,0.4));
#13467 = VECTOR('',#13468,1.);
#13468 = DIRECTION('',(0.529998940003,-0.847998304005,0.));
#13469 = ORIENTED_EDGE('',*,*,#13193,.F.);
#13470 = ORIENTED_EDGE('',*,*,#13471,.F.);
#13471 = EDGE_CURVE('',#13442,#13186,#13472,.T.);
#13472 = LINE('',#13473,#13474);
#13473 = CARTESIAN_POINT('',(1.6,0.8,0.));
#13474 = VECTOR('',#13475,1.);
#13475 = DIRECTION('',(0.529998940003,-0.847998304005,0.));
#13476 = PLANE('',#13477);
#13477 = AXIS2_PLACEMENT_3D('',#13478,#13479,#13480);
#13478 = CARTESIAN_POINT('',(1.6,0.8,0.));
#13479 = DIRECTION('',(0.847998304005,0.529998940003,0.));
#13480 = DIRECTION('',(0.529998940003,-0.847998304005,0.));
#13481 = ADVANCED_FACE('',(#13482),#13494,.T.);
#13482 = FACE_BOUND('',#13483,.T.);
#13483 = EDGE_LOOP('',(#13484,#13485,#13486,#13487,#13488,#13489,#13490,
    #13491,#13492,#13493));
#13484 = ORIENTED_EDGE('',*,*,#13185,.F.);
#13485 = ORIENTED_EDGE('',*,*,#13232,.T.);
#13486 = ORIENTED_EDGE('',*,*,#13263,.T.);
#13487 = ORIENTED_EDGE('',*,*,#13294,.T.);
#13488 = ORIENTED_EDGE('',*,*,#13325,.T.);
#13489 = ORIENTED_EDGE('',*,*,#13356,.T.);
#13490 = ORIENTED_EDGE('',*,*,#13387,.T.);
#13491 = ORIENTED_EDGE('',*,*,#13418,.T.);
#13492 = ORIENTED_EDGE('',*,*,#13449,.T.);
#13493 = ORIENTED_EDGE('',*,*,#13471,.T.);
#13494 = PLANE('',#13495);
#13495 = AXIS2_PLACEMENT_3D('',#13496,#13497,#13498);
#13496 = CARTESIAN_POINT('',(0.544151509358,1.042653663775E-17,0.));
#13497 = DIRECTION('',(-0.,-0.,-1.));
#13498 = DIRECTION('',(-1.,0.,0.));
#13499 = ADVANCED_FACE('',(#13500),#13512,.F.);
#13500 = FACE_BOUND('',#13501,.F.);
#13501 = EDGE_LOOP('',(#13502,#13503,#13504,#13505,#13506,#13507,#13508,
    #13509,#13510,#13511));
#13502 = ORIENTED_EDGE('',*,*,#13216,.T.);
#13503 = ORIENTED_EDGE('',*,*,#13247,.T.);
#13504 = ORIENTED_EDGE('',*,*,#13278,.T.);
#13505 = ORIENTED_EDGE('',*,*,#13309,.T.);
#13506 = ORIENTED_EDGE('',*,*,#13340,.T.);
#13507 = ORIENTED_EDGE('',*,*,#13371,.T.);
#13508 = ORIENTED_EDGE('',*,*,#13402,.T.);
#13509 = ORIENTED_EDGE('',*,*,#13433,.T.);
#13510 = ORIENTED_EDGE('',*,*,#13464,.T.);
#13511 = ORIENTED_EDGE('',*,*,#13201,.T.);
#13512 = PLANE('',#13513);
#13513 = AXIS2_PLACEMENT_3D('',#13514,#13515,#13516);
#13514 = CARTESIAN_POINT('',(0.544151509358,1.042653663775E-17,0.4));
#13515 = DIRECTION('',(-0.,-0.,-1.));
#13516 = DIRECTION('',(-1.,0.,0.));
#13517 = MANIFOLD_SOLID_BREP('',#13518);
#13518 = CLOSED_SHELL('',(#13519,#13559,#13590,#13621,#13643,#13655));
#13519 = ADVANCED_FACE('',(#13520),#13554,.T.);
#13520 = FACE_BOUND('',#13521,.T.);
#13521 = EDGE_LOOP('',(#13522,#13532,#13540,#13548));
#13522 = ORIENTED_EDGE('',*,*,#13523,.T.);
#13523 = EDGE_CURVE('',#13524,#13526,#13528,.T.);
#13524 = VERTEX_POINT('',#13525);
#13525 = CARTESIAN_POINT('',(-2.25,-1.3,0.4));
#13526 = VERTEX_POINT('',#13527);
#13527 = CARTESIAN_POINT('',(-2.25,-1.7,0.4));
#13528 = LINE('',#13529,#13530);
#13529 = CARTESIAN_POINT('',(-2.25,-1.3,0.4));
#13530 = VECTOR('',#13531,1.);
#13531 = DIRECTION('',(0.,-1.,0.));
#13532 = ORIENTED_EDGE('',*,*,#13533,.T.);
#13533 = EDGE_CURVE('',#13526,#13534,#13536,.T.);
#13534 = VERTEX_POINT('',#13535);
#13535 = CARTESIAN_POINT('',(-0.75,-1.7,0.4));
#13536 = LINE('',#13537,#13538);
#13537 = CARTESIAN_POINT('',(-2.25,-1.7,0.4));
#13538 = VECTOR('',#13539,1.);
#13539 = DIRECTION('',(1.,0.,0.));
#13540 = ORIENTED_EDGE('',*,*,#13541,.F.);
#13541 = EDGE_CURVE('',#13542,#13534,#13544,.T.);
#13542 = VERTEX_POINT('',#13543);
#13543 = CARTESIAN_POINT('',(-0.75,-1.3,0.4));
#13544 = LINE('',#13545,#13546);
#13545 = CARTESIAN_POINT('',(-0.75,-1.3,0.4));
#13546 = VECTOR('',#13547,1.);
#13547 = DIRECTION('',(0.,-1.,0.));
#13548 = ORIENTED_EDGE('',*,*,#13549,.F.);
#13549 = EDGE_CURVE('',#13524,#13542,#13550,.T.);
#13550 = LINE('',#13551,#13552);
#13551 = CARTESIAN_POINT('',(-2.25,-1.3,0.4));
#13552 = VECTOR('',#13553,1.);
#13553 = DIRECTION('',(1.,0.,0.));
#13554 = PLANE('',#13555);
#13555 = AXIS2_PLACEMENT_3D('',#13556,#13557,#13558);
#13556 = CARTESIAN_POINT('',(-2.25,-1.3,0.4));
#13557 = DIRECTION('',(0.,0.,1.));
#13558 = DIRECTION('',(1.,0.,0.));
#13559 = ADVANCED_FACE('',(#13560),#13585,.T.);
#13560 = FACE_BOUND('',#13561,.T.);
#13561 = EDGE_LOOP('',(#13562,#13563,#13571,#13579));
#13562 = ORIENTED_EDGE('',*,*,#13541,.T.);
#13563 = ORIENTED_EDGE('',*,*,#13564,.T.);
#13564 = EDGE_CURVE('',#13534,#13565,#13567,.T.);
#13565 = VERTEX_POINT('',#13566);
#13566 = CARTESIAN_POINT('',(-0.75,-1.7,0.));
#13567 = LINE('',#13568,#13569);
#13568 = CARTESIAN_POINT('',(-0.75,-1.7,0.4));
#13569 = VECTOR('',#13570,1.);
#13570 = DIRECTION('',(-2.775557561563E-16,0.,-1.));
#13571 = ORIENTED_EDGE('',*,*,#13572,.F.);
#13572 = EDGE_CURVE('',#13573,#13565,#13575,.T.);
#13573 = VERTEX_POINT('',#13574);
#13574 = CARTESIAN_POINT('',(-0.75,-1.3,0.));
#13575 = LINE('',#13576,#13577);
#13576 = CARTESIAN_POINT('',(-0.75,-1.3,0.));
#13577 = VECTOR('',#13578,1.);
#13578 = DIRECTION('',(0.,-1.,0.));
#13579 = ORIENTED_EDGE('',*,*,#13580,.F.);
#13580 = EDGE_CURVE('',#13542,#13573,#13581,.T.);
#13581 = LINE('',#13582,#13583);
#13582 = CARTESIAN_POINT('',(-0.75,-1.3,0.4));
#13583 = VECTOR('',#13584,1.);
#13584 = DIRECTION('',(-2.775557561563E-16,0.,-1.));
#13585 = PLANE('',#13586);
#13586 = AXIS2_PLACEMENT_3D('',#13587,#13588,#13589);
#13587 = CARTESIAN_POINT('',(-0.75,-1.3,0.4));
#13588 = DIRECTION('',(1.,0.,-2.775557561563E-16));
#13589 = DIRECTION('',(-2.775557561563E-16,0.,-1.));
#13590 = ADVANCED_FACE('',(#13591),#13616,.T.);
#13591 = FACE_BOUND('',#13592,.T.);
#13592 = EDGE_LOOP('',(#13593,#13594,#13602,#13610));
#13593 = ORIENTED_EDGE('',*,*,#13572,.T.);
#13594 = ORIENTED_EDGE('',*,*,#13595,.T.);
#13595 = EDGE_CURVE('',#13565,#13596,#13598,.T.);
#13596 = VERTEX_POINT('',#13597);
#13597 = CARTESIAN_POINT('',(-2.25,-1.7,1.836970198721E-16));
#13598 = LINE('',#13599,#13600);
#13599 = CARTESIAN_POINT('',(-0.75,-1.7,0.));
#13600 = VECTOR('',#13601,1.);
#13601 = DIRECTION('',(-1.,0.,1.224646799147E-16));
#13602 = ORIENTED_EDGE('',*,*,#13603,.F.);
#13603 = EDGE_CURVE('',#13604,#13596,#13606,.T.);
#13604 = VERTEX_POINT('',#13605);
#13605 = CARTESIAN_POINT('',(-2.25,-1.3,1.836970198721E-16));
#13606 = LINE('',#13607,#13608);
#13607 = CARTESIAN_POINT('',(-2.25,-1.3,1.836970198721E-16));
#13608 = VECTOR('',#13609,1.);
#13609 = DIRECTION('',(0.,-1.,0.));
#13610 = ORIENTED_EDGE('',*,*,#13611,.F.);
#13611 = EDGE_CURVE('',#13573,#13604,#13612,.T.);
#13612 = LINE('',#13613,#13614);
#13613 = CARTESIAN_POINT('',(-0.75,-1.3,0.));
#13614 = VECTOR('',#13615,1.);
#13615 = DIRECTION('',(-1.,0.,1.224646799147E-16));
#13616 = PLANE('',#13617);
#13617 = AXIS2_PLACEMENT_3D('',#13618,#13619,#13620);
#13618 = CARTESIAN_POINT('',(-0.75,-1.3,0.));
#13619 = DIRECTION('',(-1.224646799147E-16,-0.,-1.));
#13620 = DIRECTION('',(-1.,0.,1.224646799147E-16));
#13621 = ADVANCED_FACE('',(#13622),#13638,.T.);
#13622 = FACE_BOUND('',#13623,.T.);
#13623 = EDGE_LOOP('',(#13624,#13625,#13631,#13632));
#13624 = ORIENTED_EDGE('',*,*,#13603,.T.);
#13625 = ORIENTED_EDGE('',*,*,#13626,.T.);
#13626 = EDGE_CURVE('',#13596,#13526,#13627,.T.);
#13627 = LINE('',#13628,#13629);
#13628 = CARTESIAN_POINT('',(-2.25,-1.7,1.836970198721E-16));
#13629 = VECTOR('',#13630,1.);
#13630 = DIRECTION('',(0.,0.,1.));
#13631 = ORIENTED_EDGE('',*,*,#13523,.F.);
#13632 = ORIENTED_EDGE('',*,*,#13633,.F.);
#13633 = EDGE_CURVE('',#13604,#13524,#13634,.T.);
#13634 = LINE('',#13635,#13636);
#13635 = CARTESIAN_POINT('',(-2.25,-1.3,1.836970198721E-16));
#13636 = VECTOR('',#13637,1.);
#13637 = DIRECTION('',(0.,0.,1.));
#13638 = PLANE('',#13639);
#13639 = AXIS2_PLACEMENT_3D('',#13640,#13641,#13642);
#13640 = CARTESIAN_POINT('',(-2.25,-1.3,1.836970198721E-16));
#13641 = DIRECTION('',(-1.,0.,0.));
#13642 = DIRECTION('',(0.,0.,1.));
#13643 = ADVANCED_FACE('',(#13644),#13650,.T.);
#13644 = FACE_BOUND('',#13645,.T.);
#13645 = EDGE_LOOP('',(#13646,#13647,#13648,#13649));
#13646 = ORIENTED_EDGE('',*,*,#13549,.T.);
#13647 = ORIENTED_EDGE('',*,*,#13580,.T.);
#13648 = ORIENTED_EDGE('',*,*,#13611,.T.);
#13649 = ORIENTED_EDGE('',*,*,#13633,.T.);
#13650 = PLANE('',#13651);
#13651 = AXIS2_PLACEMENT_3D('',#13652,#13653,#13654);
#13652 = CARTESIAN_POINT('',(-1.5,-1.3,0.2));
#13653 = DIRECTION('',(0.,1.,0.));
#13654 = DIRECTION('',(0.,0.,1.));
#13655 = ADVANCED_FACE('',(#13656),#13662,.F.);
#13656 = FACE_BOUND('',#13657,.F.);
#13657 = EDGE_LOOP('',(#13658,#13659,#13660,#13661));
#13658 = ORIENTED_EDGE('',*,*,#13533,.T.);
#13659 = ORIENTED_EDGE('',*,*,#13564,.T.);
#13660 = ORIENTED_EDGE('',*,*,#13595,.T.);
#13661 = ORIENTED_EDGE('',*,*,#13626,.T.);
#13662 = PLANE('',#13663);
#13663 = AXIS2_PLACEMENT_3D('',#13664,#13665,#13666);
#13664 = CARTESIAN_POINT('',(-1.5,-1.7,0.2));
#13665 = DIRECTION('',(0.,1.,0.));
#13666 = DIRECTION('',(0.,0.,1.));
#13667 = MANIFOLD_SOLID_BREP('',#13668);
#13668 = CLOSED_SHELL('',(#13669,#13709,#13740,#13771,#13793,#13805));
#13669 = ADVANCED_FACE('',(#13670),#13704,.T.);
#13670 = FACE_BOUND('',#13671,.T.);
#13671 = EDGE_LOOP('',(#13672,#13682,#13690,#13698));
#13672 = ORIENTED_EDGE('',*,*,#13673,.T.);
#13673 = EDGE_CURVE('',#13674,#13676,#13678,.T.);
#13674 = VERTEX_POINT('',#13675);
#13675 = CARTESIAN_POINT('',(-2.25,0.2,0.4));
#13676 = VERTEX_POINT('',#13677);
#13677 = CARTESIAN_POINT('',(-2.25,-0.2,0.4));
#13678 = LINE('',#13679,#13680);
#13679 = CARTESIAN_POINT('',(-2.25,0.2,0.4));
#13680 = VECTOR('',#13681,1.);
#13681 = DIRECTION('',(0.,-1.,0.));
#13682 = ORIENTED_EDGE('',*,*,#13683,.T.);
#13683 = EDGE_CURVE('',#13676,#13684,#13686,.T.);
#13684 = VERTEX_POINT('',#13685);
#13685 = CARTESIAN_POINT('',(-0.75,-0.2,0.4));
#13686 = LINE('',#13687,#13688);
#13687 = CARTESIAN_POINT('',(-2.25,-0.2,0.4));
#13688 = VECTOR('',#13689,1.);
#13689 = DIRECTION('',(1.,0.,0.));
#13690 = ORIENTED_EDGE('',*,*,#13691,.F.);
#13691 = EDGE_CURVE('',#13692,#13684,#13694,.T.);
#13692 = VERTEX_POINT('',#13693);
#13693 = CARTESIAN_POINT('',(-0.75,0.2,0.4));
#13694 = LINE('',#13695,#13696);
#13695 = CARTESIAN_POINT('',(-0.75,0.2,0.4));
#13696 = VECTOR('',#13697,1.);
#13697 = DIRECTION('',(0.,-1.,0.));
#13698 = ORIENTED_EDGE('',*,*,#13699,.F.);
#13699 = EDGE_CURVE('',#13674,#13692,#13700,.T.);
#13700 = LINE('',#13701,#13702);
#13701 = CARTESIAN_POINT('',(-2.25,0.2,0.4));
#13702 = VECTOR('',#13703,1.);
#13703 = DIRECTION('',(1.,0.,0.));
#13704 = PLANE('',#13705);
#13705 = AXIS2_PLACEMENT_3D('',#13706,#13707,#13708);
#13706 = CARTESIAN_POINT('',(-2.25,0.2,0.4));
#13707 = DIRECTION('',(0.,0.,1.));
#13708 = DIRECTION('',(1.,0.,0.));
#13709 = ADVANCED_FACE('',(#13710),#13735,.T.);
#13710 = FACE_BOUND('',#13711,.T.);
#13711 = EDGE_LOOP('',(#13712,#13713,#13721,#13729));
#13712 = ORIENTED_EDGE('',*,*,#13691,.T.);
#13713 = ORIENTED_EDGE('',*,*,#13714,.T.);
#13714 = EDGE_CURVE('',#13684,#13715,#13717,.T.);
#13715 = VERTEX_POINT('',#13716);
#13716 = CARTESIAN_POINT('',(-0.75,-0.2,0.));
#13717 = LINE('',#13718,#13719);
#13718 = CARTESIAN_POINT('',(-0.75,-0.2,0.4));
#13719 = VECTOR('',#13720,1.);
#13720 = DIRECTION('',(-2.775557561563E-16,0.,-1.));
#13721 = ORIENTED_EDGE('',*,*,#13722,.F.);
#13722 = EDGE_CURVE('',#13723,#13715,#13725,.T.);
#13723 = VERTEX_POINT('',#13724);
#13724 = CARTESIAN_POINT('',(-0.75,0.2,0.));
#13725 = LINE('',#13726,#13727);
#13726 = CARTESIAN_POINT('',(-0.75,0.2,0.));
#13727 = VECTOR('',#13728,1.);
#13728 = DIRECTION('',(0.,-1.,0.));
#13729 = ORIENTED_EDGE('',*,*,#13730,.F.);
#13730 = EDGE_CURVE('',#13692,#13723,#13731,.T.);
#13731 = LINE('',#13732,#13733);
#13732 = CARTESIAN_POINT('',(-0.75,0.2,0.4));
#13733 = VECTOR('',#13734,1.);
#13734 = DIRECTION('',(-2.775557561563E-16,0.,-1.));
#13735 = PLANE('',#13736);
#13736 = AXIS2_PLACEMENT_3D('',#13737,#13738,#13739);
#13737 = CARTESIAN_POINT('',(-0.75,0.2,0.4));
#13738 = DIRECTION('',(1.,0.,-2.775557561563E-16));
#13739 = DIRECTION('',(-2.775557561563E-16,0.,-1.));
#13740 = ADVANCED_FACE('',(#13741),#13766,.T.);
#13741 = FACE_BOUND('',#13742,.T.);
#13742 = EDGE_LOOP('',(#13743,#13744,#13752,#13760));
#13743 = ORIENTED_EDGE('',*,*,#13722,.T.);
#13744 = ORIENTED_EDGE('',*,*,#13745,.T.);
#13745 = EDGE_CURVE('',#13715,#13746,#13748,.T.);
#13746 = VERTEX_POINT('',#13747);
#13747 = CARTESIAN_POINT('',(-2.25,-0.2,1.836970198721E-16));
#13748 = LINE('',#13749,#13750);
#13749 = CARTESIAN_POINT('',(-0.75,-0.2,0.));
#13750 = VECTOR('',#13751,1.);
#13751 = DIRECTION('',(-1.,0.,1.224646799147E-16));
#13752 = ORIENTED_EDGE('',*,*,#13753,.F.);
#13753 = EDGE_CURVE('',#13754,#13746,#13756,.T.);
#13754 = VERTEX_POINT('',#13755);
#13755 = CARTESIAN_POINT('',(-2.25,0.2,1.836970198721E-16));
#13756 = LINE('',#13757,#13758);
#13757 = CARTESIAN_POINT('',(-2.25,0.2,1.836970198721E-16));
#13758 = VECTOR('',#13759,1.);
#13759 = DIRECTION('',(0.,-1.,0.));
#13760 = ORIENTED_EDGE('',*,*,#13761,.F.);
#13761 = EDGE_CURVE('',#13723,#13754,#13762,.T.);
#13762 = LINE('',#13763,#13764);
#13763 = CARTESIAN_POINT('',(-0.75,0.2,0.));
#13764 = VECTOR('',#13765,1.);
#13765 = DIRECTION('',(-1.,0.,1.224646799147E-16));
#13766 = PLANE('',#13767);
#13767 = AXIS2_PLACEMENT_3D('',#13768,#13769,#13770);
#13768 = CARTESIAN_POINT('',(-0.75,0.2,0.));
#13769 = DIRECTION('',(-1.224646799147E-16,-0.,-1.));
#13770 = DIRECTION('',(-1.,0.,1.224646799147E-16));
#13771 = ADVANCED_FACE('',(#13772),#13788,.T.);
#13772 = FACE_BOUND('',#13773,.T.);
#13773 = EDGE_LOOP('',(#13774,#13775,#13781,#13782));
#13774 = ORIENTED_EDGE('',*,*,#13753,.T.);
#13775 = ORIENTED_EDGE('',*,*,#13776,.T.);
#13776 = EDGE_CURVE('',#13746,#13676,#13777,.T.);
#13777 = LINE('',#13778,#13779);
#13778 = CARTESIAN_POINT('',(-2.25,-0.2,1.836970198721E-16));
#13779 = VECTOR('',#13780,1.);
#13780 = DIRECTION('',(0.,0.,1.));
#13781 = ORIENTED_EDGE('',*,*,#13673,.F.);
#13782 = ORIENTED_EDGE('',*,*,#13783,.F.);
#13783 = EDGE_CURVE('',#13754,#13674,#13784,.T.);
#13784 = LINE('',#13785,#13786);
#13785 = CARTESIAN_POINT('',(-2.25,0.2,1.836970198721E-16));
#13786 = VECTOR('',#13787,1.);
#13787 = DIRECTION('',(0.,0.,1.));
#13788 = PLANE('',#13789);
#13789 = AXIS2_PLACEMENT_3D('',#13790,#13791,#13792);
#13790 = CARTESIAN_POINT('',(-2.25,0.2,1.836970198721E-16));
#13791 = DIRECTION('',(-1.,0.,0.));
#13792 = DIRECTION('',(0.,0.,1.));
#13793 = ADVANCED_FACE('',(#13794),#13800,.T.);
#13794 = FACE_BOUND('',#13795,.T.);
#13795 = EDGE_LOOP('',(#13796,#13797,#13798,#13799));
#13796 = ORIENTED_EDGE('',*,*,#13699,.T.);
#13797 = ORIENTED_EDGE('',*,*,#13730,.T.);
#13798 = ORIENTED_EDGE('',*,*,#13761,.T.);
#13799 = ORIENTED_EDGE('',*,*,#13783,.T.);
#13800 = PLANE('',#13801);
#13801 = AXIS2_PLACEMENT_3D('',#13802,#13803,#13804);
#13802 = CARTESIAN_POINT('',(-1.5,0.2,0.2));
#13803 = DIRECTION('',(0.,1.,0.));
#13804 = DIRECTION('',(0.,0.,1.));
#13805 = ADVANCED_FACE('',(#13806),#13812,.F.);
#13806 = FACE_BOUND('',#13807,.F.);
#13807 = EDGE_LOOP('',(#13808,#13809,#13810,#13811));
#13808 = ORIENTED_EDGE('',*,*,#13683,.T.);
#13809 = ORIENTED_EDGE('',*,*,#13714,.T.);
#13810 = ORIENTED_EDGE('',*,*,#13745,.T.);
#13811 = ORIENTED_EDGE('',*,*,#13776,.T.);
#13812 = PLANE('',#13813);
#13813 = AXIS2_PLACEMENT_3D('',#13814,#13815,#13816);
#13814 = CARTESIAN_POINT('',(-1.5,-0.2,0.2));
#13815 = DIRECTION('',(0.,1.,0.));
#13816 = DIRECTION('',(0.,0.,1.));
#13817 = MANIFOLD_SOLID_BREP('',#13818);
#13818 = CLOSED_SHELL('',(#13819,#13859,#13890,#13921,#13938,#13955));
#13819 = ADVANCED_FACE('',(#13820),#13854,.T.);
#13820 = FACE_BOUND('',#13821,.T.);
#13821 = EDGE_LOOP('',(#13822,#13832,#13840,#13848));
#13822 = ORIENTED_EDGE('',*,*,#13823,.T.);
#13823 = EDGE_CURVE('',#13824,#13826,#13828,.T.);
#13824 = VERTEX_POINT('',#13825);
#13825 = CARTESIAN_POINT('',(-2.25,1.7,0.4));
#13826 = VERTEX_POINT('',#13827);
#13827 = CARTESIAN_POINT('',(-2.25,1.3,0.4));
#13828 = LINE('',#13829,#13830);
#13829 = CARTESIAN_POINT('',(-2.25,1.7,0.4));
#13830 = VECTOR('',#13831,1.);
#13831 = DIRECTION('',(0.,-1.,0.));
#13832 = ORIENTED_EDGE('',*,*,#13833,.T.);
#13833 = EDGE_CURVE('',#13826,#13834,#13836,.T.);
#13834 = VERTEX_POINT('',#13835);
#13835 = CARTESIAN_POINT('',(-0.75,1.3,0.4));
#13836 = LINE('',#13837,#13838);
#13837 = CARTESIAN_POINT('',(-2.25,1.3,0.4));
#13838 = VECTOR('',#13839,1.);
#13839 = DIRECTION('',(1.,0.,0.));
#13840 = ORIENTED_EDGE('',*,*,#13841,.F.);
#13841 = EDGE_CURVE('',#13842,#13834,#13844,.T.);
#13842 = VERTEX_POINT('',#13843);
#13843 = CARTESIAN_POINT('',(-0.75,1.7,0.4));
#13844 = LINE('',#13845,#13846);
#13845 = CARTESIAN_POINT('',(-0.75,1.7,0.4));
#13846 = VECTOR('',#13847,1.);
#13847 = DIRECTION('',(0.,-1.,0.));
#13848 = ORIENTED_EDGE('',*,*,#13849,.F.);
#13849 = EDGE_CURVE('',#13824,#13842,#13850,.T.);
#13850 = LINE('',#13851,#13852);
#13851 = CARTESIAN_POINT('',(-2.25,1.7,0.4));
#13852 = VECTOR('',#13853,1.);
#13853 = DIRECTION('',(1.,0.,0.));
#13854 = PLANE('',#13855);
#13855 = AXIS2_PLACEMENT_3D('',#13856,#13857,#13858);
#13856 = CARTESIAN_POINT('',(-2.25,1.7,0.4));
#13857 = DIRECTION('',(0.,0.,1.));
#13858 = DIRECTION('',(1.,0.,0.));
#13859 = ADVANCED_FACE('',(#13860),#13885,.T.);
#13860 = FACE_BOUND('',#13861,.T.);
#13861 = EDGE_LOOP('',(#13862,#13872,#13878,#13879));
#13862 = ORIENTED_EDGE('',*,*,#13863,.T.);
#13863 = EDGE_CURVE('',#13864,#13866,#13868,.T.);
#13864 = VERTEX_POINT('',#13865);
#13865 = CARTESIAN_POINT('',(-2.25,1.7,1.836970198721E-16));
#13866 = VERTEX_POINT('',#13867);
#13867 = CARTESIAN_POINT('',(-2.25,1.3,1.836970198721E-16));
#13868 = LINE('',#13869,#13870);
#13869 = CARTESIAN_POINT('',(-2.25,1.7,1.836970198721E-16));
#13870 = VECTOR('',#13871,1.);
#13871 = DIRECTION('',(0.,-1.,0.));
#13872 = ORIENTED_EDGE('',*,*,#13873,.T.);
#13873 = EDGE_CURVE('',#13866,#13826,#13874,.T.);
#13874 = LINE('',#13875,#13876);
#13875 = CARTESIAN_POINT('',(-2.25,1.3,1.836970198721E-16));
#13876 = VECTOR('',#13877,1.);
#13877 = DIRECTION('',(0.,0.,1.));
#13878 = ORIENTED_EDGE('',*,*,#13823,.F.);
#13879 = ORIENTED_EDGE('',*,*,#13880,.F.);
#13880 = EDGE_CURVE('',#13864,#13824,#13881,.T.);
#13881 = LINE('',#13882,#13883);
#13882 = CARTESIAN_POINT('',(-2.25,1.7,1.836970198721E-16));
#13883 = VECTOR('',#13884,1.);
#13884 = DIRECTION('',(0.,0.,1.));
#13885 = PLANE('',#13886);
#13886 = AXIS2_PLACEMENT_3D('',#13887,#13888,#13889);
#13887 = CARTESIAN_POINT('',(-2.25,1.7,1.836970198721E-16));
#13888 = DIRECTION('',(-1.,0.,0.));
#13889 = DIRECTION('',(0.,0.,1.));
#13890 = ADVANCED_FACE('',(#13891),#13916,.T.);
#13891 = FACE_BOUND('',#13892,.T.);
#13892 = EDGE_LOOP('',(#13893,#13894,#13902,#13910));
#13893 = ORIENTED_EDGE('',*,*,#13841,.T.);
#13894 = ORIENTED_EDGE('',*,*,#13895,.T.);
#13895 = EDGE_CURVE('',#13834,#13896,#13898,.T.);
#13896 = VERTEX_POINT('',#13897);
#13897 = CARTESIAN_POINT('',(-0.75,1.3,0.));
#13898 = LINE('',#13899,#13900);
#13899 = CARTESIAN_POINT('',(-0.75,1.3,0.4));
#13900 = VECTOR('',#13901,1.);
#13901 = DIRECTION('',(-2.775557561563E-16,0.,-1.));
#13902 = ORIENTED_EDGE('',*,*,#13903,.F.);
#13903 = EDGE_CURVE('',#13904,#13896,#13906,.T.);
#13904 = VERTEX_POINT('',#13905);
#13905 = CARTESIAN_POINT('',(-0.75,1.7,0.));
#13906 = LINE('',#13907,#13908);
#13907 = CARTESIAN_POINT('',(-0.75,1.7,0.));
#13908 = VECTOR('',#13909,1.);
#13909 = DIRECTION('',(0.,-1.,0.));
#13910 = ORIENTED_EDGE('',*,*,#13911,.F.);
#13911 = EDGE_CURVE('',#13842,#13904,#13912,.T.);
#13912 = LINE('',#13913,#13914);
#13913 = CARTESIAN_POINT('',(-0.75,1.7,0.4));
#13914 = VECTOR('',#13915,1.);
#13915 = DIRECTION('',(-2.775557561563E-16,0.,-1.));
#13916 = PLANE('',#13917);
#13917 = AXIS2_PLACEMENT_3D('',#13918,#13919,#13920);
#13918 = CARTESIAN_POINT('',(-0.75,1.7,0.4));
#13919 = DIRECTION('',(1.,0.,-2.775557561563E-16));
#13920 = DIRECTION('',(-2.775557561563E-16,0.,-1.));
#13921 = ADVANCED_FACE('',(#13922),#13933,.T.);
#13922 = FACE_BOUND('',#13923,.T.);
#13923 = EDGE_LOOP('',(#13924,#13925,#13926,#13932));
#13924 = ORIENTED_EDGE('',*,*,#13849,.T.);
#13925 = ORIENTED_EDGE('',*,*,#13911,.T.);
#13926 = ORIENTED_EDGE('',*,*,#13927,.T.);
#13927 = EDGE_CURVE('',#13904,#13864,#13928,.T.);
#13928 = LINE('',#13929,#13930);
#13929 = CARTESIAN_POINT('',(-0.75,1.7,0.));
#13930 = VECTOR('',#13931,1.);
#13931 = DIRECTION('',(-1.,0.,1.224646799147E-16));
#13932 = ORIENTED_EDGE('',*,*,#13880,.T.);
#13933 = PLANE('',#13934);
#13934 = AXIS2_PLACEMENT_3D('',#13935,#13936,#13937);
#13935 = CARTESIAN_POINT('',(-1.5,1.7,0.2));
#13936 = DIRECTION('',(0.,1.,0.));
#13937 = DIRECTION('',(0.,0.,1.));
#13938 = ADVANCED_FACE('',(#13939),#13950,.F.);
#13939 = FACE_BOUND('',#13940,.F.);
#13940 = EDGE_LOOP('',(#13941,#13942,#13943,#13949));
#13941 = ORIENTED_EDGE('',*,*,#13833,.T.);
#13942 = ORIENTED_EDGE('',*,*,#13895,.T.);
#13943 = ORIENTED_EDGE('',*,*,#13944,.T.);
#13944 = EDGE_CURVE('',#13896,#13866,#13945,.T.);
#13945 = LINE('',#13946,#13947);
#13946 = CARTESIAN_POINT('',(-0.75,1.3,0.));
#13947 = VECTOR('',#13948,1.);
#13948 = DIRECTION('',(-1.,0.,1.224646799147E-16));
#13949 = ORIENTED_EDGE('',*,*,#13873,.T.);
#13950 = PLANE('',#13951);
#13951 = AXIS2_PLACEMENT_3D('',#13952,#13953,#13954);
#13952 = CARTESIAN_POINT('',(-1.5,1.3,0.2));
#13953 = DIRECTION('',(0.,1.,0.));
#13954 = DIRECTION('',(0.,0.,1.));
#13955 = ADVANCED_FACE('',(#13956),#13962,.T.);
#13956 = FACE_BOUND('',#13957,.T.);
#13957 = EDGE_LOOP('',(#13958,#13959,#13960,#13961));
#13958 = ORIENTED_EDGE('',*,*,#13903,.T.);
#13959 = ORIENTED_EDGE('',*,*,#13944,.T.);
#13960 = ORIENTED_EDGE('',*,*,#13863,.F.);
#13961 = ORIENTED_EDGE('',*,*,#13927,.F.);
#13962 = PLANE('',#13963);
#13963 = AXIS2_PLACEMENT_3D('',#13964,#13965,#13966);
#13964 = CARTESIAN_POINT('',(-0.75,1.7,0.));
#13965 = DIRECTION('',(-1.224646799147E-16,-0.,-1.));
#13966 = DIRECTION('',(-1.,0.,1.224646799147E-16));
#13967 = ( GEOMETRIC_REPRESENTATION_CONTEXT(3) 
GLOBAL_UNCERTAINTY_ASSIGNED_CONTEXT((#13971)) 
GLOBAL_UNIT_ASSIGNED_CONTEXT((#13968,#13969,#13970)) 
REPRESENTATION_CONTEXT('Context #1',
  '3D Context with UNIT and UNCERTAINTY') );
#13968 = ( LENGTH_UNIT() NAMED_UNIT(*) SI_UNIT(.MILLI.,.METRE.) );
#13969 = ( NAMED_UNIT(*) PLANE_ANGLE_UNIT() SI_UNIT($,.RADIAN.) );
#13970 = ( NAMED_UNIT(*) SI_UNIT($,.STERADIAN.) SOLID_ANGLE_UNIT() );
#13971 = UNCERTAINTY_MEASURE_WITH_UNIT(LENGTH_MEASURE(1.E-07),#13968,
  'distance_accuracy_value','confusion accuracy');
#13972 = CONTEXT_DEPENDENT_SHAPE_REPRESENTATION(#13973,#13975);
#13973 = ( REPRESENTATION_RELATIONSHIP('','',#12877,#12854) 
REPRESENTATION_RELATIONSHIP_WITH_TRANSFORMATION(#13974) 
SHAPE_REPRESENTATION_RELATIONSHIP() );
#13974 = ITEM_DEFINED_TRANSFORMATION('','',#11,#12855);
#13975 = PRODUCT_DEFINITION_SHAPE('Placement','Placement of an item',
  #13976);
#13976 = NEXT_ASSEMBLY_USAGE_OCCURRENCE('18','=>[0:1:1:13]','',#12849,
  #12872,$);
#13977 = PRODUCT_RELATED_PRODUCT_CATEGORY('part',$,(#12874));
#13978 = CONTEXT_DEPENDENT_SHAPE_REPRESENTATION(#13979,#13981);
#13979 = ( REPRESENTATION_RELATIONSHIP('','',#943,#10) 
REPRESENTATION_RELATIONSHIP_WITH_TRANSFORMATION(#13980) 
SHAPE_REPRESENTATION_RELATIONSHIP() );
#13980 = ITEM_DEFINED_TRANSFORMATION('','',#11,#67);
#13981 = PRODUCT_DEFINITION_SHAPE('Placement','Placement of an item',
  #13982);
#13982 = NEXT_ASSEMBLY_USAGE_OCCURRENCE('20','C1','',#5,#938,$);
#13983 = SHAPE_DEFINITION_REPRESENTATION(#13984,#13990);
#13984 = PRODUCT_DEFINITION_SHAPE('','',#13985);
#13985 = PRODUCT_DEFINITION('design','',#13986,#13989);
#13986 = PRODUCT_DEFINITION_FORMATION('','',#13987);
#13987 = PRODUCT('PinHeader_1x04_P2.54mm_Vertical',
  'PinHeader_1x04_P2.54mm_Vertical','',(#13988));
#13988 = PRODUCT_CONTEXT('',#2,'mechanical');
#13989 = PRODUCT_DEFINITION_CONTEXT('part definition',#2,'design');
#13990 = SHAPE_REPRESENTATION('',(#11,#13991),#13995);
#13991 = AXIS2_PLACEMENT_3D('',#13992,#13993,#13994);
#13992 = CARTESIAN_POINT('',(0.,0.,0.));
#13993 = DIRECTION('',(0.,0.,1.));
#13994 = DIRECTION('',(1.,0.,-0.));
#13995 = ( GEOMETRIC_REPRESENTATION_CONTEXT(3) 
GLOBAL_UNCERTAINTY_ASSIGNED_CONTEXT((#13999)) 
GLOBAL_UNIT_ASSIGNED_CONTEXT((#13996,#13997,#13998)) 
REPRESENTATION_CONTEXT('Context #1',
  '3D Context with UNIT and UNCERTAINTY') );
#13996 = ( LENGTH_UNIT() NAMED_UNIT(*) SI_UNIT(.MILLI.,.METRE.) );
#13997 = ( NAMED_UNIT(*) PLANE_ANGLE_UNIT() SI_UNIT($,.RADIAN.) );
#13998 = ( NAMED_UNIT(*) SI_UNIT($,.STERADIAN.) SOLID_ANGLE_UNIT() );
#13999 = UNCERTAINTY_MEASURE_WITH_UNIT(LENGTH_MEASURE(1.E-07),#13996,
  'distance_accuracy_value','confusion accuracy');
#14000 = CONTEXT_DEPENDENT_SHAPE_REPRESENTATION(#14001,#14003);
#14001 = ( REPRESENTATION_RELATIONSHIP('','',#13990,#10) 
REPRESENTATION_RELATIONSHIP_WITH_TRANSFORMATION(#14002) 
SHAPE_REPRESENTATION_RELATIONSHIP() );
#14002 = ITEM_DEFINED_TRANSFORMATION('','',#11,#71);
#14003 = PRODUCT_DEFINITION_SHAPE('Placement','Placement of an item',
  #14004);
#14004 = NEXT_ASSEMBLY_USAGE_OCCURRENCE('22','J1','',#5,#13985,$);
#14005 = PRODUCT_RELATED_PRODUCT_CATEGORY('part',$,(#13987));
#14006 = SHAPE_DEFINITION_REPRESENTATION(#14007,#14013);
#14007 = PRODUCT_DEFINITION_SHAPE('','',#14008);
#14008 = PRODUCT_DEFINITION('design','',#14009,#14012);
#14009 = PRODUCT_DEFINITION_FORMATION('','',#14010);
#14010 = PRODUCT('PinHeader_1x04_P254mm_Vertical',
  'PinHeader_1x04_P254mm_Vertical','',(#14011));
#14011 = PRODUCT_CONTEXT('',#2,'mechanical');
#14012 = PRODUCT_DEFINITION_CONTEXT('part definition',#2,'design');
#14013 = ADVANCED_BREP_SHAPE_REPRESENTATION('',(#11,#14014),#16794);
#14014 = MANIFOLD_SOLID_BREP('',#14015);
#14015 = CLOSED_SHELL('',(#14016,#14056,#14087,#14118,#14447,#14776,
    #14793,#14810,#14827,#14844,#14861,#14878,#14895,#14912,#14929,
    #14946,#14963,#14980,#14997,#15014,#15031,#15048,#15065,#15082,
    #15099,#15116,#15133,#15150,#15162,#15193,#15217,#15241,#15258,
    #15289,#15313,#15337,#15354,#15385,#15409,#15433,#15450,#15481,
    #15505,#15529,#15546,#15577,#15601,#15625,#15642,#15673,#15697,
    #15721,#15738,#15769,#15793,#15817,#15834,#15865,#15889,#15913,
    #15930,#15961,#15985,#16009,#16026,#16057,#16081,#16105,#16122,
    #16153,#16177,#16201,#16218,#16249,#16273,#16297,#16314,#16345,
    #16369,#16393,#16410,#16441,#16465,#16489,#16506,#16537,#16561,
    #16585,#16602,#16633,#16657,#16681,#16698,#16710,#16722,#16734,
    #16746,#16758,#16770,#16782));
#14016 = ADVANCED_FACE('',(#14017),#14051,.F.);
#14017 = FACE_BOUND('',#14018,.F.);
#14018 = EDGE_LOOP('',(#14019,#14029,#14037,#14045));
#14019 = ORIENTED_EDGE('',*,*,#14020,.T.);
#14020 = EDGE_CURVE('',#14021,#14023,#14025,.T.);
#14021 = VERTEX_POINT('',#14022);
#14022 = CARTESIAN_POINT('',(-1.016,1.27,0.));
#14023 = VERTEX_POINT('',#14024);
#14024 = CARTESIAN_POINT('',(-1.016,1.27,2.54));
#14025 = LINE('',#14026,#14027);
#14026 = CARTESIAN_POINT('',(-1.016,1.27,0.));
#14027 = VECTOR('',#14028,1.);
#14028 = DIRECTION('',(0.,0.,1.));
#14029 = ORIENTED_EDGE('',*,*,#14030,.T.);
#14030 = EDGE_CURVE('',#14023,#14031,#14033,.T.);
#14031 = VERTEX_POINT('',#14032);
#14032 = CARTESIAN_POINT('',(-1.27,1.016,2.54));
#14033 = LINE('',#14034,#14035);
#14034 = CARTESIAN_POINT('',(-1.016,1.27,2.54));
#14035 = VECTOR('',#14036,1.);
#14036 = DIRECTION('',(-0.707106781187,-0.707106781187,0.));
#14037 = ORIENTED_EDGE('',*,*,#14038,.F.);
#14038 = EDGE_CURVE('',#14039,#14031,#14041,.T.);
#14039 = VERTEX_POINT('',#14040);
#14040 = CARTESIAN_POINT('',(-1.27,1.016,0.));
#14041 = LINE('',#14042,#14043);
#14042 = CARTESIAN_POINT('',(-1.27,1.016,0.));
#14043 = VECTOR('',#14044,1.);
#14044 = DIRECTION('',(0.,0.,1.));
#14045 = ORIENTED_EDGE('',*,*,#14046,.F.);
#14046 = EDGE_CURVE('',#14021,#14039,#14047,.T.);
#14047 = LINE('',#14048,#14049);
#14048 = CARTESIAN_POINT('',(-1.016,1.27,0.));
#14049 = VECTOR('',#14050,1.);
#14050 = DIRECTION('',(-0.707106781187,-0.707106781187,0.));
#14051 = PLANE('',#14052);
#14052 = AXIS2_PLACEMENT_3D('',#14053,#14054,#14055);
#14053 = CARTESIAN_POINT('',(-1.016,1.27,0.));
#14054 = DIRECTION('',(0.707106781187,-0.707106781187,0.));
#14055 = DIRECTION('',(-0.707106781187,-0.707106781187,0.));
#14056 = ADVANCED_FACE('',(#14057),#14082,.F.);
#14057 = FACE_BOUND('',#14058,.F.);
#14058 = EDGE_LOOP('',(#14059,#14069,#14075,#14076));
#14059 = ORIENTED_EDGE('',*,*,#14060,.T.);
#14060 = EDGE_CURVE('',#14061,#14063,#14065,.T.);
#14061 = VERTEX_POINT('',#14062);
#14062 = CARTESIAN_POINT('',(1.016,1.27,0.));
#14063 = VERTEX_POINT('',#14064);
#14064 = CARTESIAN_POINT('',(1.016,1.27,2.54));
#14065 = LINE('',#14066,#14067);
#14066 = CARTESIAN_POINT('',(1.016,1.27,0.));
#14067 = VECTOR('',#14068,1.);
#14068 = DIRECTION('',(0.,0.,1.));
#14069 = ORIENTED_EDGE('',*,*,#14070,.T.);
#14070 = EDGE_CURVE('',#14063,#14023,#14071,.T.);
#14071 = LINE('',#14072,#14073);
#14072 = CARTESIAN_POINT('',(1.016,1.27,2.54));
#14073 = VECTOR('',#14074,1.);
#14074 = DIRECTION('',(-1.,0.,0.));
#14075 = ORIENTED_EDGE('',*,*,#14020,.F.);
#14076 = ORIENTED_EDGE('',*,*,#14077,.F.);
#14077 = EDGE_CURVE('',#14061,#14021,#14078,.T.);
#14078 = LINE('',#14079,#14080);
#14079 = CARTESIAN_POINT('',(1.016,1.27,0.));
#14080 = VECTOR('',#14081,1.);
#14081 = DIRECTION('',(-1.,0.,0.));
#14082 = PLANE('',#14083);
#14083 = AXIS2_PLACEMENT_3D('',#14084,#14085,#14086);
#14084 = CARTESIAN_POINT('',(1.016,1.27,0.));
#14085 = DIRECTION('',(0.,-1.,0.));
#14086 = DIRECTION('',(-1.,0.,0.));
#14087 = ADVANCED_FACE('',(#14088),#14113,.F.);
#14088 = FACE_BOUND('',#14089,.F.);
#14089 = EDGE_LOOP('',(#14090,#14091,#14099,#14107));
#14090 = ORIENTED_EDGE('',*,*,#14038,.T.);
#14091 = ORIENTED_EDGE('',*,*,#14092,.T.);
#14092 = EDGE_CURVE('',#14031,#14093,#14095,.T.);
#14093 = VERTEX_POINT('',#14094);
#14094 = CARTESIAN_POINT('',(-1.27,-1.016,2.54));
#14095 = LINE('',#14096,#14097);
#14096 = CARTESIAN_POINT('',(-1.27,1.016,2.54));
#14097 = VECTOR('',#14098,1.);
#14098 = DIRECTION('',(0.,-1.,0.));
#14099 = ORIENTED_EDGE('',*,*,#14100,.F.);
#14100 = EDGE_CURVE('',#14101,#14093,#14103,.T.);
#14101 = VERTEX_POINT('',#14102);
#14102 = CARTESIAN_POINT('',(-1.27,-1.016,0.));
#14103 = LINE('',#14104,#14105);
#14104 = CARTESIAN_POINT('',(-1.27,-1.016,0.));
#14105 = VECTOR('',#14106,1.);
#14106 = DIRECTION('',(0.,0.,1.));
#14107 = ORIENTED_EDGE('',*,*,#14108,.F.);
#14108 = EDGE_CURVE('',#14039,#14101,#14109,.T.);
#14109 = LINE('',#14110,#14111);
#14110 = CARTESIAN_POINT('',(-1.27,1.016,0.));
#14111 = VECTOR('',#14112,1.);
#14112 = DIRECTION('',(0.,-1.,0.));
#14113 = PLANE('',#14114);
#14114 = AXIS2_PLACEMENT_3D('',#14115,#14116,#14117);
#14115 = CARTESIAN_POINT('',(-1.27,1.016,0.));
#14116 = DIRECTION('',(1.,0.,0.));
#14117 = DIRECTION('',(0.,-1.,0.));
#14118 = ADVANCED_FACE('',(#14119,#14306,#14340,#14374,#14408),#14442,
  .F.);
#14119 = FACE_BOUND('',#14120,.F.);
#14120 = EDGE_LOOP('',(#14121,#14122,#14123,#14131,#14139,#14147,#14155,
    #14163,#14171,#14179,#14187,#14195,#14203,#14211,#14219,#14227,
    #14235,#14243,#14251,#14259,#14267,#14275,#14283,#14291,#14299,
    #14305));
#14121 = ORIENTED_EDGE('',*,*,#14046,.T.);
#14122 = ORIENTED_EDGE('',*,*,#14108,.T.);
#14123 = ORIENTED_EDGE('',*,*,#14124,.T.);
#14124 = EDGE_CURVE('',#14101,#14125,#14127,.T.);
#14125 = VERTEX_POINT('',#14126);
#14126 = CARTESIAN_POINT('',(-1.016,-1.27,0.));
#14127 = LINE('',#14128,#14129);
#14128 = CARTESIAN_POINT('',(-1.27,-1.016,0.));
#14129 = VECTOR('',#14130,1.);
#14130 = DIRECTION('',(0.707106781187,-0.707106781187,0.));
#14131 = ORIENTED_EDGE('',*,*,#14132,.T.);
#14132 = EDGE_CURVE('',#14125,#14133,#14135,.T.);
#14133 = VERTEX_POINT('',#14134);
#14134 = CARTESIAN_POINT('',(-1.27,-1.524,0.));
#14135 = LINE('',#14136,#14137);
#14136 = CARTESIAN_POINT('',(-1.016,-1.27,0.));
#14137 = VECTOR('',#14138,1.);
#14138 = DIRECTION('',(-0.707106781187,-0.707106781187,0.));
#14139 = ORIENTED_EDGE('',*,*,#14140,.T.);
#14140 = EDGE_CURVE('',#14133,#14141,#14143,.T.);
#14141 = VERTEX_POINT('',#14142);
#14142 = CARTESIAN_POINT('',(-1.27,-3.556,0.));
#14143 = LINE('',#14144,#14145);
#14144 = CARTESIAN_POINT('',(-1.27,-1.524,0.));
#14145 = VECTOR('',#14146,1.);
#14146 = DIRECTION('',(0.,-1.,0.));
#14147 = ORIENTED_EDGE('',*,*,#14148,.T.);
#14148 = EDGE_CURVE('',#14141,#14149,#14151,.T.);
#14149 = VERTEX_POINT('',#14150);
#14150 = CARTESIAN_POINT('',(-1.016,-3.81,0.));
#14151 = LINE('',#14152,#14153);
#14152 = CARTESIAN_POINT('',(-1.27,-3.556,0.));
#14153 = VECTOR('',#14154,1.);
#14154 = DIRECTION('',(0.707106781187,-0.707106781187,0.));
#14155 = ORIENTED_EDGE('',*,*,#14156,.T.);
#14156 = EDGE_CURVE('',#14149,#14157,#14159,.T.);
#14157 = VERTEX_POINT('',#14158);
#14158 = CARTESIAN_POINT('',(-1.27,-4.064,0.));
#14159 = LINE('',#14160,#14161);
#14160 = CARTESIAN_POINT('',(-1.016,-3.81,0.));
#14161 = VECTOR('',#14162,1.);
#14162 = DIRECTION('',(-0.707106781187,-0.707106781187,0.));
#14163 = ORIENTED_EDGE('',*,*,#14164,.T.);
#14164 = EDGE_CURVE('',#14157,#14165,#14167,.T.);
#14165 = VERTEX_POINT('',#14166);
#14166 = CARTESIAN_POINT('',(-1.27,-6.096,0.));
#14167 = LINE('',#14168,#14169);
#14168 = CARTESIAN_POINT('',(-1.27,-4.064,0.));
#14169 = VECTOR('',#14170,1.);
#14170 = DIRECTION('',(0.,-1.,0.));
#14171 = ORIENTED_EDGE('',*,*,#14172,.T.);
#14172 = EDGE_CURVE('',#14165,#14173,#14175,.T.);
#14173 = VERTEX_POINT('',#14174);
#14174 = CARTESIAN_POINT('',(-1.016,-6.35,0.));
#14175 = LINE('',#14176,#14177);
#14176 = CARTESIAN_POINT('',(-1.27,-6.096,0.));
#14177 = VECTOR('',#14178,1.);
#14178 = DIRECTION('',(0.707106781187,-0.707106781187,0.));
#14179 = ORIENTED_EDGE('',*,*,#14180,.T.);
#14180 = EDGE_CURVE('',#14173,#14181,#14183,.T.);
#14181 = VERTEX_POINT('',#14182);
#14182 = CARTESIAN_POINT('',(-1.27,-6.604,0.));
#14183 = LINE('',#14184,#14185);
#14184 = CARTESIAN_POINT('',(-1.016,-6.35,0.));
#14185 = VECTOR('',#14186,1.);
#14186 = DIRECTION('',(-0.707106781187,-0.707106781187,0.));
#14187 = ORIENTED_EDGE('',*,*,#14188,.T.);
#14188 = EDGE_CURVE('',#14181,#14189,#14191,.T.);
#14189 = VERTEX_POINT('',#14190);
#14190 = CARTESIAN_POINT('',(-1.27,-8.636,0.));
#14191 = LINE('',#14192,#14193);
#14192 = CARTESIAN_POINT('',(-1.27,-6.604,0.));
#14193 = VECTOR('',#14194,1.);
#14194 = DIRECTION('',(0.,-1.,0.));
#14195 = ORIENTED_EDGE('',*,*,#14196,.T.);
#14196 = EDGE_CURVE('',#14189,#14197,#14199,.T.);
#14197 = VERTEX_POINT('',#14198);
#14198 = CARTESIAN_POINT('',(-1.016,-8.89,0.));
#14199 = LINE('',#14200,#14201);
#14200 = CARTESIAN_POINT('',(-1.27,-8.636,0.));
#14201 = VECTOR('',#14202,1.);
#14202 = DIRECTION('',(0.707106781187,-0.707106781187,0.));
#14203 = ORIENTED_EDGE('',*,*,#14204,.T.);
#14204 = EDGE_CURVE('',#14197,#14205,#14207,.T.);
#14205 = VERTEX_POINT('',#14206);
#14206 = CARTESIAN_POINT('',(1.016,-8.89,0.));
#14207 = LINE('',#14208,#14209);
#14208 = CARTESIAN_POINT('',(-1.016,-8.89,0.));
#14209 = VECTOR('',#14210,1.);
#14210 = DIRECTION('',(1.,0.,0.));
#14211 = ORIENTED_EDGE('',*,*,#14212,.T.);
#14212 = EDGE_CURVE('',#14205,#14213,#14215,.T.);
#14213 = VERTEX_POINT('',#14214);
#14214 = CARTESIAN_POINT('',(1.27,-8.636,0.));
#14215 = LINE('',#14216,#14217);
#14216 = CARTESIAN_POINT('',(1.016,-8.89,0.));
#14217 = VECTOR('',#14218,1.);
#14218 = DIRECTION('',(0.707106781187,0.707106781187,0.));
#14219 = ORIENTED_EDGE('',*,*,#14220,.T.);
#14220 = EDGE_CURVE('',#14213,#14221,#14223,.T.);
#14221 = VERTEX_POINT('',#14222);
#14222 = CARTESIAN_POINT('',(1.27,-6.604,0.));
#14223 = LINE('',#14224,#14225);
#14224 = CARTESIAN_POINT('',(1.27,-8.636,0.));
#14225 = VECTOR('',#14226,1.);
#14226 = DIRECTION('',(0.,1.,0.));
#14227 = ORIENTED_EDGE('',*,*,#14228,.T.);
#14228 = EDGE_CURVE('',#14221,#14229,#14231,.T.);
#14229 = VERTEX_POINT('',#14230);
#14230 = CARTESIAN_POINT('',(1.016,-6.35,0.));
#14231 = LINE('',#14232,#14233);
#14232 = CARTESIAN_POINT('',(1.27,-6.604,0.));
#14233 = VECTOR('',#14234,1.);
#14234 = DIRECTION('',(-0.707106781187,0.707106781187,0.));
#14235 = ORIENTED_EDGE('',*,*,#14236,.T.);
#14236 = EDGE_CURVE('',#14229,#14237,#14239,.T.);
#14237 = VERTEX_POINT('',#14238);
#14238 = CARTESIAN_POINT('',(1.27,-6.096,0.));
#14239 = LINE('',#14240,#14241);
#14240 = CARTESIAN_POINT('',(1.016,-6.35,0.));
#14241 = VECTOR('',#14242,1.);
#14242 = DIRECTION('',(0.707106781187,0.707106781187,0.));
#14243 = ORIENTED_EDGE('',*,*,#14244,.T.);
#14244 = EDGE_CURVE('',#14237,#14245,#14247,.T.);
#14245 = VERTEX_POINT('',#14246);
#14246 = CARTESIAN_POINT('',(1.27,-4.064,0.));
#14247 = LINE('',#14248,#14249);
#14248 = CARTESIAN_POINT('',(1.27,-6.096,0.));
#14249 = VECTOR('',#14250,1.);
#14250 = DIRECTION('',(0.,1.,0.));
#14251 = ORIENTED_EDGE('',*,*,#14252,.T.);
#14252 = EDGE_CURVE('',#14245,#14253,#14255,.T.);
#14253 = VERTEX_POINT('',#14254);
#14254 = CARTESIAN_POINT('',(1.016,-3.81,0.));
#14255 = LINE('',#14256,#14257);
#14256 = CARTESIAN_POINT('',(1.27,-4.064,0.));
#14257 = VECTOR('',#14258,1.);
#14258 = DIRECTION('',(-0.707106781187,0.707106781187,0.));
#14259 = ORIENTED_EDGE('',*,*,#14260,.T.);
#14260 = EDGE_CURVE('',#14253,#14261,#14263,.T.);
#14261 = VERTEX_POINT('',#14262);
#14262 = CARTESIAN_POINT('',(1.27,-3.556,0.));
#14263 = LINE('',#14264,#14265);
#14264 = CARTESIAN_POINT('',(1.016,-3.81,0.));
#14265 = VECTOR('',#14266,1.);
#14266 = DIRECTION('',(0.707106781187,0.707106781187,0.));
#14267 = ORIENTED_EDGE('',*,*,#14268,.T.);
#14268 = EDGE_CURVE('',#14261,#14269,#14271,.T.);
#14269 = VERTEX_POINT('',#14270);
#14270 = CARTESIAN_POINT('',(1.27,-1.524,0.));
#14271 = LINE('',#14272,#14273);
#14272 = CARTESIAN_POINT('',(1.27,-3.556,0.));
#14273 = VECTOR('',#14274,1.);
#14274 = DIRECTION('',(0.,1.,0.));
#14275 = ORIENTED_EDGE('',*,*,#14276,.T.);
#14276 = EDGE_CURVE('',#14269,#14277,#14279,.T.);
#14277 = VERTEX_POINT('',#14278);
#14278 = CARTESIAN_POINT('',(1.016,-1.27,0.));
#14279 = LINE('',#14280,#14281);
#14280 = CARTESIAN_POINT('',(1.27,-1.524,0.));
#14281 = VECTOR('',#14282,1.);
#14282 = DIRECTION('',(-0.707106781187,0.707106781187,0.));
#14283 = ORIENTED_EDGE('',*,*,#14284,.T.);
#14284 = EDGE_CURVE('',#14277,#14285,#14287,.T.);
#14285 = VERTEX_POINT('',#14286);
#14286 = CARTESIAN_POINT('',(1.27,-1.016,0.));
#14287 = LINE('',#14288,#14289);
#14288 = CARTESIAN_POINT('',(1.016,-1.27,0.));
#14289 = VECTOR('',#14290,1.);
#14290 = DIRECTION('',(0.707106781187,0.707106781187,0.));
#14291 = ORIENTED_EDGE('',*,*,#14292,.T.);
#14292 = EDGE_CURVE('',#14285,#14293,#14295,.T.);
#14293 = VERTEX_POINT('',#14294);
#14294 = CARTESIAN_POINT('',(1.27,1.016,0.));
#14295 = LINE('',#14296,#14297);
#14296 = CARTESIAN_POINT('',(1.27,-1.016,0.));
#14297 = VECTOR('',#14298,1.);
#14298 = DIRECTION('',(0.,1.,0.));
#14299 = ORIENTED_EDGE('',*,*,#14300,.T.);
#14300 = EDGE_CURVE('',#14293,#14061,#14301,.T.);
#14301 = LINE('',#14302,#14303);
#14302 = CARTESIAN_POINT('',(1.27,1.016,0.));
#14303 = VECTOR('',#14304,1.);
#14304 = DIRECTION('',(-0.707106781187,0.707106781187,0.));
#14305 = ORIENTED_EDGE('',*,*,#14077,.T.);
#14306 = FACE_BOUND('',#14307,.F.);
#14307 = EDGE_LOOP('',(#14308,#14318,#14326,#14334));
#14308 = ORIENTED_EDGE('',*,*,#14309,.F.);
#14309 = EDGE_CURVE('',#14310,#14312,#14314,.T.);
#14310 = VERTEX_POINT('',#14311);
#14311 = CARTESIAN_POINT('',(0.32,-4.76,0.));
#14312 = VERTEX_POINT('',#14313);
#14313 = CARTESIAN_POINT('',(-0.32,-4.76,0.));
#14314 = LINE('',#14315,#14316);
#14315 = CARTESIAN_POINT('',(-0.16,-4.76,0.));
#14316 = VECTOR('',#14317,1.);
#14317 = DIRECTION('',(-1.,0.,0.));
#14318 = ORIENTED_EDGE('',*,*,#14319,.F.);
#14319 = EDGE_CURVE('',#14320,#14310,#14322,.T.);
#14320 = VERTEX_POINT('',#14321);
#14321 = CARTESIAN_POINT('',(0.32,-5.4,0.));
#14322 = LINE('',#14323,#14324);
#14323 = CARTESIAN_POINT('',(0.32,-4.605,0.));
#14324 = VECTOR('',#14325,1.);
#14325 = DIRECTION('',(0.,1.,0.));
#14326 = ORIENTED_EDGE('',*,*,#14327,.T.);
#14327 = EDGE_CURVE('',#14320,#14328,#14330,.T.);
#14328 = VERTEX_POINT('',#14329);
#14329 = CARTESIAN_POINT('',(-0.32,-5.4,0.));
#14330 = LINE('',#14331,#14332);
#14331 = CARTESIAN_POINT('',(-0.16,-5.4,0.));
#14332 = VECTOR('',#14333,1.);
#14333 = DIRECTION('',(-1.,0.,0.));
#14334 = ORIENTED_EDGE('',*,*,#14335,.T.);
#14335 = EDGE_CURVE('',#14328,#14312,#14336,.T.);
#14336 = LINE('',#14337,#14338);
#14337 = CARTESIAN_POINT('',(-0.32,-4.605,0.));
#14338 = VECTOR('',#14339,1.);
#14339 = DIRECTION('',(0.,1.,0.));
#14340 = FACE_BOUND('',#14341,.F.);
#14341 = EDGE_LOOP('',(#14342,#14352,#14360,#14368));
#14342 = ORIENTED_EDGE('',*,*,#14343,.F.);
#14343 = EDGE_CURVE('',#14344,#14346,#14348,.T.);
#14344 = VERTEX_POINT('',#14345);
#14345 = CARTESIAN_POINT('',(0.32,-7.94,0.));
#14346 = VERTEX_POINT('',#14347);
#14347 = CARTESIAN_POINT('',(0.32,-7.3,0.));
#14348 = LINE('',#14349,#14350);
#14349 = CARTESIAN_POINT('',(0.32,-5.875,0.));
#14350 = VECTOR('',#14351,1.);
#14351 = DIRECTION('',(0.,1.,0.));
#14352 = ORIENTED_EDGE('',*,*,#14353,.T.);
#14353 = EDGE_CURVE('',#14344,#14354,#14356,.T.);
#14354 = VERTEX_POINT('',#14355);
#14355 = CARTESIAN_POINT('',(-0.32,-7.94,0.));
#14356 = LINE('',#14357,#14358);
#14357 = CARTESIAN_POINT('',(-0.16,-7.94,0.));
#14358 = VECTOR('',#14359,1.);
#14359 = DIRECTION('',(-1.,0.,0.));
#14360 = ORIENTED_EDGE('',*,*,#14361,.T.);
#14361 = EDGE_CURVE('',#14354,#14362,#14364,.T.);
#14362 = VERTEX_POINT('',#14363);
#14363 = CARTESIAN_POINT('',(-0.32,-7.3,0.));
#14364 = LINE('',#14365,#14366);
#14365 = CARTESIAN_POINT('',(-0.32,-5.875,0.));
#14366 = VECTOR('',#14367,1.);
#14367 = DIRECTION('',(0.,1.,0.));
#14368 = ORIENTED_EDGE('',*,*,#14369,.F.);
#14369 = EDGE_CURVE('',#14346,#14362,#14370,.T.);
#14370 = LINE('',#14371,#14372);
#14371 = CARTESIAN_POINT('',(-0.16,-7.3,0.));
#14372 = VECTOR('',#14373,1.);
#14373 = DIRECTION('',(-1.,0.,0.));
#14374 = FACE_BOUND('',#14375,.F.);
#14375 = EDGE_LOOP('',(#14376,#14386,#14394,#14402));
#14376 = ORIENTED_EDGE('',*,*,#14377,.F.);
#14377 = EDGE_CURVE('',#14378,#14380,#14382,.T.);
#14378 = VERTEX_POINT('',#14379);
#14379 = CARTESIAN_POINT('',(0.32,-0.32,0.));
#14380 = VERTEX_POINT('',#14381);
#14381 = CARTESIAN_POINT('',(0.32,0.32,0.));
#14382 = LINE('',#14383,#14384);
#14383 = CARTESIAN_POINT('',(0.32,-2.065,0.));
#14384 = VECTOR('',#14385,1.);
#14385 = DIRECTION('',(0.,1.,0.));
#14386 = ORIENTED_EDGE('',*,*,#14387,.T.);
#14387 = EDGE_CURVE('',#14378,#14388,#14390,.T.);
#14388 = VERTEX_POINT('',#14389);
#14389 = CARTESIAN_POINT('',(-0.32,-0.32,0.));
#14390 = LINE('',#14391,#14392);
#14391 = CARTESIAN_POINT('',(-0.16,-0.32,0.));
#14392 = VECTOR('',#14393,1.);
#14393 = DIRECTION('',(-1.,0.,0.));
#14394 = ORIENTED_EDGE('',*,*,#14395,.T.);
#14395 = EDGE_CURVE('',#14388,#14396,#14398,.T.);
#14396 = VERTEX_POINT('',#14397);
#14397 = CARTESIAN_POINT('',(-0.32,0.32,0.));
#14398 = LINE('',#14399,#14400);
#14399 = CARTESIAN_POINT('',(-0.32,-2.065,0.));
#14400 = VECTOR('',#14401,1.);
#14401 = DIRECTION('',(0.,1.,0.));
#14402 = ORIENTED_EDGE('',*,*,#14403,.F.);
#14403 = EDGE_CURVE('',#14380,#14396,#14404,.T.);
#14404 = LINE('',#14405,#14406);
#14405 = CARTESIAN_POINT('',(-0.16,0.32,0.));
#14406 = VECTOR('',#14407,1.);
#14407 = DIRECTION('',(-1.,0.,0.));
#14408 = FACE_BOUND('',#14409,.F.);
#14409 = EDGE_LOOP('',(#14410,#14420,#14428,#14436));
#14410 = ORIENTED_EDGE('',*,*,#14411,.F.);
#14411 = EDGE_CURVE('',#14412,#14414,#14416,.T.);
#14412 = VERTEX_POINT('',#14413);
#14413 = CARTESIAN_POINT('',(0.32,-2.22,0.));
#14414 = VERTEX_POINT('',#14415);
#14415 = CARTESIAN_POINT('',(-0.32,-2.22,0.));
#14416 = LINE('',#14417,#14418);
#14417 = CARTESIAN_POINT('',(-0.16,-2.22,0.));
#14418 = VECTOR('',#14419,1.);
#14419 = DIRECTION('',(-1.,0.,0.));
#14420 = ORIENTED_EDGE('',*,*,#14421,.F.);
#14421 = EDGE_CURVE('',#14422,#14412,#14424,.T.);
#14422 = VERTEX_POINT('',#14423);
#14423 = CARTESIAN_POINT('',(0.32,-2.86,0.));
#14424 = LINE('',#14425,#14426);
#14425 = CARTESIAN_POINT('',(0.32,-3.335,0.));
#14426 = VECTOR('',#14427,1.);
#14427 = DIRECTION('',(0.,1.,0.));
#14428 = ORIENTED_EDGE('',*,*,#14429,.T.);
#14429 = EDGE_CURVE('',#14422,#14430,#14432,.T.);
#14430 = VERTEX_POINT('',#14431);
#14431 = CARTESIAN_POINT('',(-0.32,-2.86,0.));
#14432 = LINE('',#14433,#14434);
#14433 = CARTESIAN_POINT('',(-0.16,-2.86,0.));
#14434 = VECTOR('',#14435,1.);
#14435 = DIRECTION('',(-1.,0.,0.));
#14436 = ORIENTED_EDGE('',*,*,#14437,.T.);
#14437 = EDGE_CURVE('',#14430,#14414,#14438,.T.);
#14438 = LINE('',#14439,#14440);
#14439 = CARTESIAN_POINT('',(-0.32,-3.335,0.));
#14440 = VECTOR('',#14441,1.);
#14441 = DIRECTION('',(0.,1.,0.));
#14442 = PLANE('',#14443);
#14443 = AXIS2_PLACEMENT_3D('',#14444,#14445,#14446);
#14444 = CARTESIAN_POINT('',(4.259053689278E-17,-3.81,0.));
#14445 = DIRECTION('',(0.,0.,1.));
#14446 = DIRECTION('',(1.,0.,-0.));
#14447 = ADVANCED_FACE('',(#14448,#14635,#14669,#14703,#14737),#14771,
  .T.);
#14448 = FACE_BOUND('',#14449,.T.);
#14449 = EDGE_LOOP('',(#14450,#14451,#14452,#14460,#14468,#14476,#14484,
    #14492,#14500,#14508,#14516,#14524,#14532,#14540,#14548,#14556,
    #14564,#14572,#14580,#14588,#14596,#14604,#14612,#14620,#14628,
    #14634));
#14450 = ORIENTED_EDGE('',*,*,#14030,.T.);
#14451 = ORIENTED_EDGE('',*,*,#14092,.T.);
#14452 = ORIENTED_EDGE('',*,*,#14453,.T.);
#14453 = EDGE_CURVE('',#14093,#14454,#14456,.T.);
#14454 = VERTEX_POINT('',#14455);
#14455 = CARTESIAN_POINT('',(-1.016,-1.27,2.54));
#14456 = LINE('',#14457,#14458);
#14457 = CARTESIAN_POINT('',(-1.27,-1.016,2.54));
#14458 = VECTOR('',#14459,1.);
#14459 = DIRECTION('',(0.707106781187,-0.707106781187,0.));
#14460 = ORIENTED_EDGE('',*,*,#14461,.T.);
#14461 = EDGE_CURVE('',#14454,#14462,#14464,.T.);
#14462 = VERTEX_POINT('',#14463);
#14463 = CARTESIAN_POINT('',(-1.27,-1.524,2.54));
#14464 = LINE('',#14465,#14466);
#14465 = CARTESIAN_POINT('',(-1.016,-1.27,2.54));
#14466 = VECTOR('',#14467,1.);
#14467 = DIRECTION('',(-0.707106781187,-0.707106781187,0.));
#14468 = ORIENTED_EDGE('',*,*,#14469,.T.);
#14469 = EDGE_CURVE('',#14462,#14470,#14472,.T.);
#14470 = VERTEX_POINT('',#14471);
#14471 = CARTESIAN_POINT('',(-1.27,-3.556,2.54));
#14472 = LINE('',#14473,#14474);
#14473 = CARTESIAN_POINT('',(-1.27,-1.524,2.54));
#14474 = VECTOR('',#14475,1.);
#14475 = DIRECTION('',(0.,-1.,0.));
#14476 = ORIENTED_EDGE('',*,*,#14477,.T.);
#14477 = EDGE_CURVE('',#14470,#14478,#14480,.T.);
#14478 = VERTEX_POINT('',#14479);
#14479 = CARTESIAN_POINT('',(-1.016,-3.81,2.54));
#14480 = LINE('',#14481,#14482);
#14481 = CARTESIAN_POINT('',(-1.27,-3.556,2.54));
#14482 = VECTOR('',#14483,1.);
#14483 = DIRECTION('',(0.707106781187,-0.707106781187,0.));
#14484 = ORIENTED_EDGE('',*,*,#14485,.T.);
#14485 = EDGE_CURVE('',#14478,#14486,#14488,.T.);
#14486 = VERTEX_POINT('',#14487);
#14487 = CARTESIAN_POINT('',(-1.27,-4.064,2.54));
#14488 = LINE('',#14489,#14490);
#14489 = CARTESIAN_POINT('',(-1.016,-3.81,2.54));
#14490 = VECTOR('',#14491,1.);
#14491 = DIRECTION('',(-0.707106781187,-0.707106781187,0.));
#14492 = ORIENTED_EDGE('',*,*,#14493,.T.);
#14493 = EDGE_CURVE('',#14486,#14494,#14496,.T.);
#14494 = VERTEX_POINT('',#14495);
#14495 = CARTESIAN_POINT('',(-1.27,-6.096,2.54));
#14496 = LINE('',#14497,#14498);
#14497 = CARTESIAN_POINT('',(-1.27,-4.064,2.54));
#14498 = VECTOR('',#14499,1.);
#14499 = DIRECTION('',(0.,-1.,0.));
#14500 = ORIENTED_EDGE('',*,*,#14501,.T.);
#14501 = EDGE_CURVE('',#14494,#14502,#14504,.T.);
#14502 = VERTEX_POINT('',#14503);
#14503 = CARTESIAN_POINT('',(-1.016,-6.35,2.54));
#14504 = LINE('',#14505,#14506);
#14505 = CARTESIAN_POINT('',(-1.27,-6.096,2.54));
#14506 = VECTOR('',#14507,1.);
#14507 = DIRECTION('',(0.707106781187,-0.707106781187,0.));
#14508 = ORIENTED_EDGE('',*,*,#14509,.T.);
#14509 = EDGE_CURVE('',#14502,#14510,#14512,.T.);
#14510 = VERTEX_POINT('',#14511);
#14511 = CARTESIAN_POINT('',(-1.27,-6.604,2.54));
#14512 = LINE('',#14513,#14514);
#14513 = CARTESIAN_POINT('',(-1.016,-6.35,2.54));
#14514 = VECTOR('',#14515,1.);
#14515 = DIRECTION('',(-0.707106781187,-0.707106781187,0.));
#14516 = ORIENTED_EDGE('',*,*,#14517,.T.);
#14517 = EDGE_CURVE('',#14510,#14518,#14520,.T.);
#14518 = VERTEX_POINT('',#14519);
#14519 = CARTESIAN_POINT('',(-1.27,-8.636,2.54));
#14520 = LINE('',#14521,#14522);
#14521 = CARTESIAN_POINT('',(-1.27,-6.604,2.54));
#14522 = VECTOR('',#14523,1.);
#14523 = DIRECTION('',(0.,-1.,0.));
#14524 = ORIENTED_EDGE('',*,*,#14525,.T.);
#14525 = EDGE_CURVE('',#14518,#14526,#14528,.T.);
#14526 = VERTEX_POINT('',#14527);
#14527 = CARTESIAN_POINT('',(-1.016,-8.89,2.54));
#14528 = LINE('',#14529,#14530);
#14529 = CARTESIAN_POINT('',(-1.27,-8.636,2.54));
#14530 = VECTOR('',#14531,1.);
#14531 = DIRECTION('',(0.707106781187,-0.707106781187,0.));
#14532 = ORIENTED_EDGE('',*,*,#14533,.T.);
#14533 = EDGE_CURVE('',#14526,#14534,#14536,.T.);
#14534 = VERTEX_POINT('',#14535);
#14535 = CARTESIAN_POINT('',(1.016,-8.89,2.54));
#14536 = LINE('',#14537,#14538);
#14537 = CARTESIAN_POINT('',(-1.016,-8.89,2.54));
#14538 = VECTOR('',#14539,1.);
#14539 = DIRECTION('',(1.,0.,0.));
#14540 = ORIENTED_EDGE('',*,*,#14541,.T.);
#14541 = EDGE_CURVE('',#14534,#14542,#14544,.T.);
#14542 = VERTEX_POINT('',#14543);
#14543 = CARTESIAN_POINT('',(1.27,-8.636,2.54));
#14544 = LINE('',#14545,#14546);
#14545 = CARTESIAN_POINT('',(1.016,-8.89,2.54));
#14546 = VECTOR('',#14547,1.);
#14547 = DIRECTION('',(0.707106781187,0.707106781187,0.));
#14548 = ORIENTED_EDGE('',*,*,#14549,.T.);
#14549 = EDGE_CURVE('',#14542,#14550,#14552,.T.);
#14550 = VERTEX_POINT('',#14551);
#14551 = CARTESIAN_POINT('',(1.27,-6.604,2.54));
#14552 = LINE('',#14553,#14554);
#14553 = CARTESIAN_POINT('',(1.27,-8.636,2.54));
#14554 = VECTOR('',#14555,1.);
#14555 = DIRECTION('',(0.,1.,0.));
#14556 = ORIENTED_EDGE('',*,*,#14557,.T.);
#14557 = EDGE_CURVE('',#14550,#14558,#14560,.T.);
#14558 = VERTEX_POINT('',#14559);
#14559 = CARTESIAN_POINT('',(1.016,-6.35,2.54));
#14560 = LINE('',#14561,#14562);
#14561 = CARTESIAN_POINT('',(1.27,-6.604,2.54));
#14562 = VECTOR('',#14563,1.);
#14563 = DIRECTION('',(-0.707106781187,0.707106781187,0.));
#14564 = ORIENTED_EDGE('',*,*,#14565,.T.);
#14565 = EDGE_CURVE('',#14558,#14566,#14568,.T.);
#14566 = VERTEX_POINT('',#14567);
#14567 = CARTESIAN_POINT('',(1.27,-6.096,2.54));
#14568 = LINE('',#14569,#14570);
#14569 = CARTESIAN_POINT('',(1.016,-6.35,2.54));
#14570 = VECTOR('',#14571,1.);
#14571 = DIRECTION('',(0.707106781187,0.707106781187,0.));
#14572 = ORIENTED_EDGE('',*,*,#14573,.T.);
#14573 = EDGE_CURVE('',#14566,#14574,#14576,.T.);
#14574 = VERTEX_POINT('',#14575);
#14575 = CARTESIAN_POINT('',(1.27,-4.064,2.54));
#14576 = LINE('',#14577,#14578);
#14577 = CARTESIAN_POINT('',(1.27,-6.096,2.54));
#14578 = VECTOR('',#14579,1.);
#14579 = DIRECTION('',(0.,1.,0.));
#14580 = ORIENTED_EDGE('',*,*,#14581,.T.);
#14581 = EDGE_CURVE('',#14574,#14582,#14584,.T.);
#14582 = VERTEX_POINT('',#14583);
#14583 = CARTESIAN_POINT('',(1.016,-3.81,2.54));
#14584 = LINE('',#14585,#14586);
#14585 = CARTESIAN_POINT('',(1.27,-4.064,2.54));
#14586 = VECTOR('',#14587,1.);
#14587 = DIRECTION('',(-0.707106781187,0.707106781187,0.));
#14588 = ORIENTED_EDGE('',*,*,#14589,.T.);
#14589 = EDGE_CURVE('',#14582,#14590,#14592,.T.);
#14590 = VERTEX_POINT('',#14591);
#14591 = CARTESIAN_POINT('',(1.27,-3.556,2.54));
#14592 = LINE('',#14593,#14594);
#14593 = CARTESIAN_POINT('',(1.016,-3.81,2.54));
#14594 = VECTOR('',#14595,1.);
#14595 = DIRECTION('',(0.707106781187,0.707106781187,0.));
#14596 = ORIENTED_EDGE('',*,*,#14597,.T.);
#14597 = EDGE_CURVE('',#14590,#14598,#14600,.T.);
#14598 = VERTEX_POINT('',#14599);
#14599 = CARTESIAN_POINT('',(1.27,-1.524,2.54));
#14600 = LINE('',#14601,#14602);
#14601 = CARTESIAN_POINT('',(1.27,-3.556,2.54));
#14602 = VECTOR('',#14603,1.);
#14603 = DIRECTION('',(0.,1.,0.));
#14604 = ORIENTED_EDGE('',*,*,#14605,.T.);
#14605 = EDGE_CURVE('',#14598,#14606,#14608,.T.);
#14606 = VERTEX_POINT('',#14607);
#14607 = CARTESIAN_POINT('',(1.016,-1.27,2.54));
#14608 = LINE('',#14609,#14610);
#14609 = CARTESIAN_POINT('',(1.27,-1.524,2.54));
#14610 = VECTOR('',#14611,1.);
#14611 = DIRECTION('',(-0.707106781187,0.707106781187,0.));
#14612 = ORIENTED_EDGE('',*,*,#14613,.T.);
#14613 = EDGE_CURVE('',#14606,#14614,#14616,.T.);
#14614 = VERTEX_POINT('',#14615);
#14615 = CARTESIAN_POINT('',(1.27,-1.016,2.54));
#14616 = LINE('',#14617,#14618);
#14617 = CARTESIAN_POINT('',(1.016,-1.27,2.54));
#14618 = VECTOR('',#14619,1.);
#14619 = DIRECTION('',(0.707106781187,0.707106781187,0.));
#14620 = ORIENTED_EDGE('',*,*,#14621,.T.);
#14621 = EDGE_CURVE('',#14614,#14622,#14624,.T.);
#14622 = VERTEX_POINT('',#14623);
#14623 = CARTESIAN_POINT('',(1.27,1.016,2.54));
#14624 = LINE('',#14625,#14626);
#14625 = CARTESIAN_POINT('',(1.27,-1.016,2.54));
#14626 = VECTOR('',#14627,1.);
#14627 = DIRECTION('',(0.,1.,0.));
#14628 = ORIENTED_EDGE('',*,*,#14629,.T.);
#14629 = EDGE_CURVE('',#14622,#14063,#14630,.T.);
#14630 = LINE('',#14631,#14632);
#14631 = CARTESIAN_POINT('',(1.27,1.016,2.54));
#14632 = VECTOR('',#14633,1.);
#14633 = DIRECTION('',(-0.707106781187,0.707106781187,0.));
#14634 = ORIENTED_EDGE('',*,*,#14070,.T.);
#14635 = FACE_BOUND('',#14636,.T.);
#14636 = EDGE_LOOP('',(#14637,#14647,#14655,#14663));
#14637 = ORIENTED_EDGE('',*,*,#14638,.F.);
#14638 = EDGE_CURVE('',#14639,#14641,#14643,.T.);
#14639 = VERTEX_POINT('',#14640);
#14640 = CARTESIAN_POINT('',(0.32,-4.76,2.54));
#14641 = VERTEX_POINT('',#14642);
#14642 = CARTESIAN_POINT('',(-0.32,-4.76,2.54));
#14643 = LINE('',#14644,#14645);
#14644 = CARTESIAN_POINT('',(-0.16,-4.76,2.54));
#14645 = VECTOR('',#14646,1.);
#14646 = DIRECTION('',(-1.,0.,0.));
#14647 = ORIENTED_EDGE('',*,*,#14648,.F.);
#14648 = EDGE_CURVE('',#14649,#14639,#14651,.T.);
#14649 = VERTEX_POINT('',#14650);
#14650 = CARTESIAN_POINT('',(0.32,-5.4,2.54));
#14651 = LINE('',#14652,#14653);
#14652 = CARTESIAN_POINT('',(0.32,-4.605,2.54));
#14653 = VECTOR('',#14654,1.);
#14654 = DIRECTION('',(0.,1.,0.));
#14655 = ORIENTED_EDGE('',*,*,#14656,.T.);
#14656 = EDGE_CURVE('',#14649,#14657,#14659,.T.);
#14657 = VERTEX_POINT('',#14658);
#14658 = CARTESIAN_POINT('',(-0.32,-5.4,2.54));
#14659 = LINE('',#14660,#14661);
#14660 = CARTESIAN_POINT('',(-0.16,-5.4,2.54));
#14661 = VECTOR('',#14662,1.);
#14662 = DIRECTION('',(-1.,0.,0.));
#14663 = ORIENTED_EDGE('',*,*,#14664,.T.);
#14664 = EDGE_CURVE('',#14657,#14641,#14665,.T.);
#14665 = LINE('',#14666,#14667);
#14666 = CARTESIAN_POINT('',(-0.32,-4.605,2.54));
#14667 = VECTOR('',#14668,1.);
#14668 = DIRECTION('',(0.,1.,0.));
#14669 = FACE_BOUND('',#14670,.T.);
#14670 = EDGE_LOOP('',(#14671,#14681,#14689,#14697));
#14671 = ORIENTED_EDGE('',*,*,#14672,.F.);
#14672 = EDGE_CURVE('',#14673,#14675,#14677,.T.);
#14673 = VERTEX_POINT('',#14674);
#14674 = CARTESIAN_POINT('',(0.32,-7.94,2.54));
#14675 = VERTEX_POINT('',#14676);
#14676 = CARTESIAN_POINT('',(0.32,-7.3,2.54));
#14677 = LINE('',#14678,#14679);
#14678 = CARTESIAN_POINT('',(0.32,-5.875,2.54));
#14679 = VECTOR('',#14680,1.);
#14680 = DIRECTION('',(0.,1.,0.));
#14681 = ORIENTED_EDGE('',*,*,#14682,.T.);
#14682 = EDGE_CURVE('',#14673,#14683,#14685,.T.);
#14683 = VERTEX_POINT('',#14684);
#14684 = CARTESIAN_POINT('',(-0.32,-7.94,2.54));
#14685 = LINE('',#14686,#14687);
#14686 = CARTESIAN_POINT('',(-0.16,-7.94,2.54));
#14687 = VECTOR('',#14688,1.);
#14688 = DIRECTION('',(-1.,0.,0.));
#14689 = ORIENTED_EDGE('',*,*,#14690,.T.);
#14690 = EDGE_CURVE('',#14683,#14691,#14693,.T.);
#14691 = VERTEX_POINT('',#14692);
#14692 = CARTESIAN_POINT('',(-0.32,-7.3,2.54));
#14693 = LINE('',#14694,#14695);
#14694 = CARTESIAN_POINT('',(-0.32,-5.875,2.54));
#14695 = VECTOR('',#14696,1.);
#14696 = DIRECTION('',(0.,1.,0.));
#14697 = ORIENTED_EDGE('',*,*,#14698,.F.);
#14698 = EDGE_CURVE('',#14675,#14691,#14699,.T.);
#14699 = LINE('',#14700,#14701);
#14700 = CARTESIAN_POINT('',(-0.16,-7.3,2.54));
#14701 = VECTOR('',#14702,1.);
#14702 = DIRECTION('',(-1.,0.,0.));
#14703 = FACE_BOUND('',#14704,.T.);
#14704 = EDGE_LOOP('',(#14705,#14715,#14723,#14731));
#14705 = ORIENTED_EDGE('',*,*,#14706,.F.);
#14706 = EDGE_CURVE('',#14707,#14709,#14711,.T.);
#14707 = VERTEX_POINT('',#14708);
#14708 = CARTESIAN_POINT('',(0.32,-0.32,2.54));
#14709 = VERTEX_POINT('',#14710);
#14710 = CARTESIAN_POINT('',(0.32,0.32,2.54));
#14711 = LINE('',#14712,#14713);
#14712 = CARTESIAN_POINT('',(0.32,-2.065,2.54));
#14713 = VECTOR('',#14714,1.);
#14714 = DIRECTION('',(0.,1.,0.));
#14715 = ORIENTED_EDGE('',*,*,#14716,.T.);
#14716 = EDGE_CURVE('',#14707,#14717,#14719,.T.);
#14717 = VERTEX_POINT('',#14718);
#14718 = CARTESIAN_POINT('',(-0.32,-0.32,2.54));
#14719 = LINE('',#14720,#14721);
#14720 = CARTESIAN_POINT('',(-0.16,-0.32,2.54));
#14721 = VECTOR('',#14722,1.);
#14722 = DIRECTION('',(-1.,0.,0.));
#14723 = ORIENTED_EDGE('',*,*,#14724,.T.);
#14724 = EDGE_CURVE('',#14717,#14725,#14727,.T.);
#14725 = VERTEX_POINT('',#14726);
#14726 = CARTESIAN_POINT('',(-0.32,0.32,2.54));
#14727 = LINE('',#14728,#14729);
#14728 = CARTESIAN_POINT('',(-0.32,-2.065,2.54));
#14729 = VECTOR('',#14730,1.);
#14730 = DIRECTION('',(0.,1.,0.));
#14731 = ORIENTED_EDGE('',*,*,#14732,.F.);
#14732 = EDGE_CURVE('',#14709,#14725,#14733,.T.);
#14733 = LINE('',#14734,#14735);
#14734 = CARTESIAN_POINT('',(-0.16,0.32,2.54));
#14735 = VECTOR('',#14736,1.);
#14736 = DIRECTION('',(-1.,0.,0.));
#14737 = FACE_BOUND('',#14738,.T.);
#14738 = EDGE_LOOP('',(#14739,#14749,#14757,#14765));
#14739 = ORIENTED_EDGE('',*,*,#14740,.F.);
#14740 = EDGE_CURVE('',#14741,#14743,#14745,.T.);
#14741 = VERTEX_POINT('',#14742);
#14742 = CARTESIAN_POINT('',(0.32,-2.22,2.54));
#14743 = VERTEX_POINT('',#14744);
#14744 = CARTESIAN_POINT('',(-0.32,-2.22,2.54));
#14745 = LINE('',#14746,#14747);
#14746 = CARTESIAN_POINT('',(-0.16,-2.22,2.54));
#14747 = VECTOR('',#14748,1.);
#14748 = DIRECTION('',(-1.,0.,0.));
#14749 = ORIENTED_EDGE('',*,*,#14750,.F.);
#14750 = EDGE_CURVE('',#14751,#14741,#14753,.T.);
#14751 = VERTEX_POINT('',#14752);
#14752 = CARTESIAN_POINT('',(0.32,-2.86,2.54));
#14753 = LINE('',#14754,#14755);
#14754 = CARTESIAN_POINT('',(0.32,-3.335,2.54));
#14755 = VECTOR('',#14756,1.);
#14756 = DIRECTION('',(0.,1.,0.));
#14757 = ORIENTED_EDGE('',*,*,#14758,.T.);
#14758 = EDGE_CURVE('',#14751,#14759,#14761,.T.);
#14759 = VERTEX_POINT('',#14760);
#14760 = CARTESIAN_POINT('',(-0.32,-2.86,2.54));
#14761 = LINE('',#14762,#14763);
#14762 = CARTESIAN_POINT('',(-0.16,-2.86,2.54));
#14763 = VECTOR('',#14764,1.);
#14764 = DIRECTION('',(-1.,0.,0.));
#14765 = ORIENTED_EDGE('',*,*,#14766,.T.);
#14766 = EDGE_CURVE('',#14759,#14743,#14767,.T.);
#14767 = LINE('',#14768,#14769);
#14768 = CARTESIAN_POINT('',(-0.32,-3.335,2.54));
#14769 = VECTOR('',#14770,1.);
#14770 = DIRECTION('',(0.,1.,0.));
#14771 = PLANE('',#14772);
#14772 = AXIS2_PLACEMENT_3D('',#14773,#14774,#14775);
#14773 = CARTESIAN_POINT('',(4.259053689278E-17,-3.81,2.54));
#14774 = DIRECTION('',(0.,0.,1.));
#14775 = DIRECTION('',(1.,0.,-0.));
#14776 = ADVANCED_FACE('',(#14777),#14788,.F.);
#14777 = FACE_BOUND('',#14778,.F.);
#14778 = EDGE_LOOP('',(#14779,#14785,#14786,#14787));
#14779 = ORIENTED_EDGE('',*,*,#14780,.T.);
#14780 = EDGE_CURVE('',#14293,#14622,#14781,.T.);
#14781 = LINE('',#14782,#14783);
#14782 = CARTESIAN_POINT('',(1.27,1.016,0.));
#14783 = VECTOR('',#14784,1.);
#14784 = DIRECTION('',(0.,0.,1.));
#14785 = ORIENTED_EDGE('',*,*,#14629,.T.);
#14786 = ORIENTED_EDGE('',*,*,#14060,.F.);
#14787 = ORIENTED_EDGE('',*,*,#14300,.F.);
#14788 = PLANE('',#14789);
#14789 = AXIS2_PLACEMENT_3D('',#14790,#14791,#14792);
#14790 = CARTESIAN_POINT('',(1.27,1.016,0.));
#14791 = DIRECTION('',(-0.707106781187,-0.707106781187,0.));
#14792 = DIRECTION('',(-0.707106781187,0.707106781187,0.));
#14793 = ADVANCED_FACE('',(#14794),#14805,.F.);
#14794 = FACE_BOUND('',#14795,.F.);
#14795 = EDGE_LOOP('',(#14796,#14797,#14798,#14804));
#14796 = ORIENTED_EDGE('',*,*,#14100,.T.);
#14797 = ORIENTED_EDGE('',*,*,#14453,.T.);
#14798 = ORIENTED_EDGE('',*,*,#14799,.F.);
#14799 = EDGE_CURVE('',#14125,#14454,#14800,.T.);
#14800 = LINE('',#14801,#14802);
#14801 = CARTESIAN_POINT('',(-1.016,-1.27,0.));
#14802 = VECTOR('',#14803,1.);
#14803 = DIRECTION('',(0.,0.,1.));
#14804 = ORIENTED_EDGE('',*,*,#14124,.F.);
#14805 = PLANE('',#14806);
#14806 = AXIS2_PLACEMENT_3D('',#14807,#14808,#14809);
#14807 = CARTESIAN_POINT('',(-1.27,-1.016,0.));
#14808 = DIRECTION('',(0.707106781187,0.707106781187,0.));
#14809 = DIRECTION('',(0.707106781187,-0.707106781187,0.));
#14810 = ADVANCED_FACE('',(#14811),#14822,.F.);
#14811 = FACE_BOUND('',#14812,.F.);
#14812 = EDGE_LOOP('',(#14813,#14819,#14820,#14821));
#14813 = ORIENTED_EDGE('',*,*,#14814,.T.);
#14814 = EDGE_CURVE('',#14285,#14614,#14815,.T.);
#14815 = LINE('',#14816,#14817);
#14816 = CARTESIAN_POINT('',(1.27,-1.016,0.));
#14817 = VECTOR('',#14818,1.);
#14818 = DIRECTION('',(0.,0.,1.));
#14819 = ORIENTED_EDGE('',*,*,#14621,.T.);
#14820 = ORIENTED_EDGE('',*,*,#14780,.F.);
#14821 = ORIENTED_EDGE('',*,*,#14292,.F.);
#14822 = PLANE('',#14823);
#14823 = AXIS2_PLACEMENT_3D('',#14824,#14825,#14826);
#14824 = CARTESIAN_POINT('',(1.27,-1.016,0.));
#14825 = DIRECTION('',(-1.,0.,0.));
#14826 = DIRECTION('',(0.,1.,0.));
#14827 = ADVANCED_FACE('',(#14828),#14839,.F.);
#14828 = FACE_BOUND('',#14829,.F.);
#14829 = EDGE_LOOP('',(#14830,#14831,#14832,#14838));
#14830 = ORIENTED_EDGE('',*,*,#14799,.T.);
#14831 = ORIENTED_EDGE('',*,*,#14461,.T.);
#14832 = ORIENTED_EDGE('',*,*,#14833,.F.);
#14833 = EDGE_CURVE('',#14133,#14462,#14834,.T.);
#14834 = LINE('',#14835,#14836);
#14835 = CARTESIAN_POINT('',(-1.27,-1.524,0.));
#14836 = VECTOR('',#14837,1.);
#14837 = DIRECTION('',(0.,0.,1.));
#14838 = ORIENTED_EDGE('',*,*,#14132,.F.);
#14839 = PLANE('',#14840);
#14840 = AXIS2_PLACEMENT_3D('',#14841,#14842,#14843);
#14841 = CARTESIAN_POINT('',(-1.016,-1.27,0.));
#14842 = DIRECTION('',(0.707106781187,-0.707106781187,0.));
#14843 = DIRECTION('',(-0.707106781187,-0.707106781187,0.));
#14844 = ADVANCED_FACE('',(#14845),#14856,.F.);
#14845 = FACE_BOUND('',#14846,.F.);
#14846 = EDGE_LOOP('',(#14847,#14853,#14854,#14855));
#14847 = ORIENTED_EDGE('',*,*,#14848,.T.);
#14848 = EDGE_CURVE('',#14277,#14606,#14849,.T.);
#14849 = LINE('',#14850,#14851);
#14850 = CARTESIAN_POINT('',(1.016,-1.27,0.));
#14851 = VECTOR('',#14852,1.);
#14852 = DIRECTION('',(0.,0.,1.));
#14853 = ORIENTED_EDGE('',*,*,#14613,.T.);
#14854 = ORIENTED_EDGE('',*,*,#14814,.F.);
#14855 = ORIENTED_EDGE('',*,*,#14284,.F.);
#14856 = PLANE('',#14857);
#14857 = AXIS2_PLACEMENT_3D('',#14858,#14859,#14860);
#14858 = CARTESIAN_POINT('',(1.016,-1.27,0.));
#14859 = DIRECTION('',(-0.707106781187,0.707106781187,0.));
#14860 = DIRECTION('',(0.707106781187,0.707106781187,0.));
#14861 = ADVANCED_FACE('',(#14862),#14873,.F.);
#14862 = FACE_BOUND('',#14863,.F.);
#14863 = EDGE_LOOP('',(#14864,#14865,#14866,#14872));
#14864 = ORIENTED_EDGE('',*,*,#14833,.T.);
#14865 = ORIENTED_EDGE('',*,*,#14469,.T.);
#14866 = ORIENTED_EDGE('',*,*,#14867,.F.);
#14867 = EDGE_CURVE('',#14141,#14470,#14868,.T.);
#14868 = LINE('',#14869,#14870);
#14869 = CARTESIAN_POINT('',(-1.27,-3.556,0.));
#14870 = VECTOR('',#14871,1.);
#14871 = DIRECTION('',(0.,0.,1.));
#14872 = ORIENTED_EDGE('',*,*,#14140,.F.);
#14873 = PLANE('',#14874);
#14874 = AXIS2_PLACEMENT_3D('',#14875,#14876,#14877);
#14875 = CARTESIAN_POINT('',(-1.27,-1.524,0.));
#14876 = DIRECTION('',(1.,0.,0.));
#14877 = DIRECTION('',(0.,-1.,0.));
#14878 = ADVANCED_FACE('',(#14879),#14890,.F.);
#14879 = FACE_BOUND('',#14880,.F.);
#14880 = EDGE_LOOP('',(#14881,#14887,#14888,#14889));
#14881 = ORIENTED_EDGE('',*,*,#14882,.T.);
#14882 = EDGE_CURVE('',#14269,#14598,#14883,.T.);
#14883 = LINE('',#14884,#14885);
#14884 = CARTESIAN_POINT('',(1.27,-1.524,0.));
#14885 = VECTOR('',#14886,1.);
#14886 = DIRECTION('',(0.,0.,1.));
#14887 = ORIENTED_EDGE('',*,*,#14605,.T.);
#14888 = ORIENTED_EDGE('',*,*,#14848,.F.);
#14889 = ORIENTED_EDGE('',*,*,#14276,.F.);
#14890 = PLANE('',#14891);
#14891 = AXIS2_PLACEMENT_3D('',#14892,#14893,#14894);
#14892 = CARTESIAN_POINT('',(1.27,-1.524,0.));
#14893 = DIRECTION('',(-0.707106781187,-0.707106781187,0.));
#14894 = DIRECTION('',(-0.707106781187,0.707106781187,0.));
#14895 = ADVANCED_FACE('',(#14896),#14907,.F.);
#14896 = FACE_BOUND('',#14897,.F.);
#14897 = EDGE_LOOP('',(#14898,#14899,#14900,#14906));
#14898 = ORIENTED_EDGE('',*,*,#14867,.T.);
#14899 = ORIENTED_EDGE('',*,*,#14477,.T.);
#14900 = ORIENTED_EDGE('',*,*,#14901,.F.);
#14901 = EDGE_CURVE('',#14149,#14478,#14902,.T.);
#14902 = LINE('',#14903,#14904);
#14903 = CARTESIAN_POINT('',(-1.016,-3.81,0.));
#14904 = VECTOR('',#14905,1.);
#14905 = DIRECTION('',(0.,0.,1.));
#14906 = ORIENTED_EDGE('',*,*,#14148,.F.);
#14907 = PLANE('',#14908);
#14908 = AXIS2_PLACEMENT_3D('',#14909,#14910,#14911);
#14909 = CARTESIAN_POINT('',(-1.27,-3.556,0.));
#14910 = DIRECTION('',(0.707106781187,0.707106781187,0.));
#14911 = DIRECTION('',(0.707106781187,-0.707106781187,0.));
#14912 = ADVANCED_FACE('',(#14913),#14924,.F.);
#14913 = FACE_BOUND('',#14914,.F.);
#14914 = EDGE_LOOP('',(#14915,#14921,#14922,#14923));
#14915 = ORIENTED_EDGE('',*,*,#14916,.T.);
#14916 = EDGE_CURVE('',#14261,#14590,#14917,.T.);
#14917 = LINE('',#14918,#14919);
#14918 = CARTESIAN_POINT('',(1.27,-3.556,0.));
#14919 = VECTOR('',#14920,1.);
#14920 = DIRECTION('',(0.,0.,1.));
#14921 = ORIENTED_EDGE('',*,*,#14597,.T.);
#14922 = ORIENTED_EDGE('',*,*,#14882,.F.);
#14923 = ORIENTED_EDGE('',*,*,#14268,.F.);
#14924 = PLANE('',#14925);
#14925 = AXIS2_PLACEMENT_3D('',#14926,#14927,#14928);
#14926 = CARTESIAN_POINT('',(1.27,-3.556,0.));
#14927 = DIRECTION('',(-1.,0.,0.));
#14928 = DIRECTION('',(0.,1.,0.));
#14929 = ADVANCED_FACE('',(#14930),#14941,.F.);
#14930 = FACE_BOUND('',#14931,.F.);
#14931 = EDGE_LOOP('',(#14932,#14933,#14934,#14940));
#14932 = ORIENTED_EDGE('',*,*,#14901,.T.);
#14933 = ORIENTED_EDGE('',*,*,#14485,.T.);
#14934 = ORIENTED_EDGE('',*,*,#14935,.F.);
#14935 = EDGE_CURVE('',#14157,#14486,#14936,.T.);
#14936 = LINE('',#14937,#14938);
#14937 = CARTESIAN_POINT('',(-1.27,-4.064,0.));
#14938 = VECTOR('',#14939,1.);
#14939 = DIRECTION('',(0.,0.,1.));
#14940 = ORIENTED_EDGE('',*,*,#14156,.F.);
#14941 = PLANE('',#14942);
#14942 = AXIS2_PLACEMENT_3D('',#14943,#14944,#14945);
#14943 = CARTESIAN_POINT('',(-1.016,-3.81,0.));
#14944 = DIRECTION('',(0.707106781187,-0.707106781187,0.));
#14945 = DIRECTION('',(-0.707106781187,-0.707106781187,0.));
#14946 = ADVANCED_FACE('',(#14947),#14958,.F.);
#14947 = FACE_BOUND('',#14948,.F.);
#14948 = EDGE_LOOP('',(#14949,#14955,#14956,#14957));
#14949 = ORIENTED_EDGE('',*,*,#14950,.T.);
#14950 = EDGE_CURVE('',#14253,#14582,#14951,.T.);
#14951 = LINE('',#14952,#14953);
#14952 = CARTESIAN_POINT('',(1.016,-3.81,0.));
#14953 = VECTOR('',#14954,1.);
#14954 = DIRECTION('',(0.,0.,1.));
#14955 = ORIENTED_EDGE('',*,*,#14589,.T.);
#14956 = ORIENTED_EDGE('',*,*,#14916,.F.);
#14957 = ORIENTED_EDGE('',*,*,#14260,.F.);
#14958 = PLANE('',#14959);
#14959 = AXIS2_PLACEMENT_3D('',#14960,#14961,#14962);
#14960 = CARTESIAN_POINT('',(1.016,-3.81,0.));
#14961 = DIRECTION('',(-0.707106781187,0.707106781187,0.));
#14962 = DIRECTION('',(0.707106781187,0.707106781187,0.));
#14963 = ADVANCED_FACE('',(#14964),#14975,.F.);
#14964 = FACE_BOUND('',#14965,.F.);
#14965 = EDGE_LOOP('',(#14966,#14967,#14968,#14974));
#14966 = ORIENTED_EDGE('',*,*,#14935,.T.);
#14967 = ORIENTED_EDGE('',*,*,#14493,.T.);
#14968 = ORIENTED_EDGE('',*,*,#14969,.F.);
#14969 = EDGE_CURVE('',#14165,#14494,#14970,.T.);
#14970 = LINE('',#14971,#14972);
#14971 = CARTESIAN_POINT('',(-1.27,-6.096,0.));
#14972 = VECTOR('',#14973,1.);
#14973 = DIRECTION('',(0.,0.,1.));
#14974 = ORIENTED_EDGE('',*,*,#14164,.F.);
#14975 = PLANE('',#14976);
#14976 = AXIS2_PLACEMENT_3D('',#14977,#14978,#14979);
#14977 = CARTESIAN_POINT('',(-1.27,-4.064,0.));
#14978 = DIRECTION('',(1.,0.,0.));
#14979 = DIRECTION('',(0.,-1.,0.));
#14980 = ADVANCED_FACE('',(#14981),#14992,.F.);
#14981 = FACE_BOUND('',#14982,.F.);
#14982 = EDGE_LOOP('',(#14983,#14989,#14990,#14991));
#14983 = ORIENTED_EDGE('',*,*,#14984,.T.);
#14984 = EDGE_CURVE('',#14245,#14574,#14985,.T.);
#14985 = LINE('',#14986,#14987);
#14986 = CARTESIAN_POINT('',(1.27,-4.064,0.));
#14987 = VECTOR('',#14988,1.);
#14988 = DIRECTION('',(0.,0.,1.));
#14989 = ORIENTED_EDGE('',*,*,#14581,.T.);
#14990 = ORIENTED_EDGE('',*,*,#14950,.F.);
#14991 = ORIENTED_EDGE('',*,*,#14252,.F.);
#14992 = PLANE('',#14993);
#14993 = AXIS2_PLACEMENT_3D('',#14994,#14995,#14996);
#14994 = CARTESIAN_POINT('',(1.27,-4.064,0.));
#14995 = DIRECTION('',(-0.707106781187,-0.707106781187,0.));
#14996 = DIRECTION('',(-0.707106781187,0.707106781187,0.));
#14997 = ADVANCED_FACE('',(#14998),#15009,.F.);
#14998 = FACE_BOUND('',#14999,.F.);
#14999 = EDGE_LOOP('',(#15000,#15001,#15002,#15008));
#15000 = ORIENTED_EDGE('',*,*,#14969,.T.);
#15001 = ORIENTED_EDGE('',*,*,#14501,.T.);
#15002 = ORIENTED_EDGE('',*,*,#15003,.F.);
#15003 = EDGE_CURVE('',#14173,#14502,#15004,.T.);
#15004 = LINE('',#15005,#15006);
#15005 = CARTESIAN_POINT('',(-1.016,-6.35,0.));
#15006 = VECTOR('',#15007,1.);
#15007 = DIRECTION('',(0.,0.,1.));
#15008 = ORIENTED_EDGE('',*,*,#14172,.F.);
#15009 = PLANE('',#15010);
#15010 = AXIS2_PLACEMENT_3D('',#15011,#15012,#15013);
#15011 = CARTESIAN_POINT('',(-1.27,-6.096,0.));
#15012 = DIRECTION('',(0.707106781187,0.707106781187,0.));
#15013 = DIRECTION('',(0.707106781187,-0.707106781187,0.));
#15014 = ADVANCED_FACE('',(#15015),#15026,.F.);
#15015 = FACE_BOUND('',#15016,.F.);
#15016 = EDGE_LOOP('',(#15017,#15023,#15024,#15025));
#15017 = ORIENTED_EDGE('',*,*,#15018,.T.);
#15018 = EDGE_CURVE('',#14237,#14566,#15019,.T.);
#15019 = LINE('',#15020,#15021);
#15020 = CARTESIAN_POINT('',(1.27,-6.096,0.));
#15021 = VECTOR('',#15022,1.);
#15022 = DIRECTION('',(0.,0.,1.));
#15023 = ORIENTED_EDGE('',*,*,#14573,.T.);
#15024 = ORIENTED_EDGE('',*,*,#14984,.F.);
#15025 = ORIENTED_EDGE('',*,*,#14244,.F.);
#15026 = PLANE('',#15027);
#15027 = AXIS2_PLACEMENT_3D('',#15028,#15029,#15030);
#15028 = CARTESIAN_POINT('',(1.27,-6.096,0.));
#15029 = DIRECTION('',(-1.,0.,0.));
#15030 = DIRECTION('',(0.,1.,0.));
#15031 = ADVANCED_FACE('',(#15032),#15043,.F.);
#15032 = FACE_BOUND('',#15033,.F.);
#15033 = EDGE_LOOP('',(#15034,#15035,#15036,#15042));
#15034 = ORIENTED_EDGE('',*,*,#15003,.T.);
#15035 = ORIENTED_EDGE('',*,*,#14509,.T.);
#15036 = ORIENTED_EDGE('',*,*,#15037,.F.);
#15037 = EDGE_CURVE('',#14181,#14510,#15038,.T.);
#15038 = LINE('',#15039,#15040);
#15039 = CARTESIAN_POINT('',(-1.27,-6.604,0.));
#15040 = VECTOR('',#15041,1.);
#15041 = DIRECTION('',(0.,0.,1.));
#15042 = ORIENTED_EDGE('',*,*,#14180,.F.);
#15043 = PLANE('',#15044);
#15044 = AXIS2_PLACEMENT_3D('',#15045,#15046,#15047);
#15045 = CARTESIAN_POINT('',(-1.016,-6.35,0.));
#15046 = DIRECTION('',(0.707106781187,-0.707106781187,0.));
#15047 = DIRECTION('',(-0.707106781187,-0.707106781187,0.));
#15048 = ADVANCED_FACE('',(#15049),#15060,.F.);
#15049 = FACE_BOUND('',#15050,.F.);
#15050 = EDGE_LOOP('',(#15051,#15057,#15058,#15059));
#15051 = ORIENTED_EDGE('',*,*,#15052,.T.);
#15052 = EDGE_CURVE('',#14229,#14558,#15053,.T.);
#15053 = LINE('',#15054,#15055);
#15054 = CARTESIAN_POINT('',(1.016,-6.35,0.));
#15055 = VECTOR('',#15056,1.);
#15056 = DIRECTION('',(0.,0.,1.));
#15057 = ORIENTED_EDGE('',*,*,#14565,.T.);
#15058 = ORIENTED_EDGE('',*,*,#15018,.F.);
#15059 = ORIENTED_EDGE('',*,*,#14236,.F.);
#15060 = PLANE('',#15061);
#15061 = AXIS2_PLACEMENT_3D('',#15062,#15063,#15064);
#15062 = CARTESIAN_POINT('',(1.016,-6.35,0.));
#15063 = DIRECTION('',(-0.707106781187,0.707106781187,0.));
#15064 = DIRECTION('',(0.707106781187,0.707106781187,0.));
#15065 = ADVANCED_FACE('',(#15066),#15077,.F.);
#15066 = FACE_BOUND('',#15067,.F.);
#15067 = EDGE_LOOP('',(#15068,#15069,#15070,#15076));
#15068 = ORIENTED_EDGE('',*,*,#15037,.T.);
#15069 = ORIENTED_EDGE('',*,*,#14517,.T.);
#15070 = ORIENTED_EDGE('',*,*,#15071,.F.);
#15071 = EDGE_CURVE('',#14189,#14518,#15072,.T.);
#15072 = LINE('',#15073,#15074);
#15073 = CARTESIAN_POINT('',(-1.27,-8.636,0.));
#15074 = VECTOR('',#15075,1.);
#15075 = DIRECTION('',(0.,0.,1.));
#15076 = ORIENTED_EDGE('',*,*,#14188,.F.);
#15077 = PLANE('',#15078);
#15078 = AXIS2_PLACEMENT_3D('',#15079,#15080,#15081);
#15079 = CARTESIAN_POINT('',(-1.27,-6.604,0.));
#15080 = DIRECTION('',(1.,0.,0.));
#15081 = DIRECTION('',(0.,-1.,0.));
#15082 = ADVANCED_FACE('',(#15083),#15094,.F.);
#15083 = FACE_BOUND('',#15084,.F.);
#15084 = EDGE_LOOP('',(#15085,#15091,#15092,#15093));
#15085 = ORIENTED_EDGE('',*,*,#15086,.T.);
#15086 = EDGE_CURVE('',#14221,#14550,#15087,.T.);
#15087 = LINE('',#15088,#15089);
#15088 = CARTESIAN_POINT('',(1.27,-6.604,0.));
#15089 = VECTOR('',#15090,1.);
#15090 = DIRECTION('',(0.,0.,1.));
#15091 = ORIENTED_EDGE('',*,*,#14557,.T.);
#15092 = ORIENTED_EDGE('',*,*,#15052,.F.);
#15093 = ORIENTED_EDGE('',*,*,#14228,.F.);
#15094 = PLANE('',#15095);
#15095 = AXIS2_PLACEMENT_3D('',#15096,#15097,#15098);
#15096 = CARTESIAN_POINT('',(1.27,-6.604,0.));
#15097 = DIRECTION('',(-0.707106781187,-0.707106781187,0.));
#15098 = DIRECTION('',(-0.707106781187,0.707106781187,0.));
#15099 = ADVANCED_FACE('',(#15100),#15111,.F.);
#15100 = FACE_BOUND('',#15101,.F.);
#15101 = EDGE_LOOP('',(#15102,#15103,#15104,#15110));
#15102 = ORIENTED_EDGE('',*,*,#15071,.T.);
#15103 = ORIENTED_EDGE('',*,*,#14525,.T.);
#15104 = ORIENTED_EDGE('',*,*,#15105,.F.);
#15105 = EDGE_CURVE('',#14197,#14526,#15106,.T.);
#15106 = LINE('',#15107,#15108);
#15107 = CARTESIAN_POINT('',(-1.016,-8.89,0.));
#15108 = VECTOR('',#15109,1.);
#15109 = DIRECTION('',(0.,0.,1.));
#15110 = ORIENTED_EDGE('',*,*,#14196,.F.);
#15111 = PLANE('',#15112);
#15112 = AXIS2_PLACEMENT_3D('',#15113,#15114,#15115);
#15113 = CARTESIAN_POINT('',(-1.27,-8.636,0.));
#15114 = DIRECTION('',(0.707106781187,0.707106781187,0.));
#15115 = DIRECTION('',(0.707106781187,-0.707106781187,0.));
#15116 = ADVANCED_FACE('',(#15117),#15128,.F.);
#15117 = FACE_BOUND('',#15118,.F.);
#15118 = EDGE_LOOP('',(#15119,#15125,#15126,#15127));
#15119 = ORIENTED_EDGE('',*,*,#15120,.T.);
#15120 = EDGE_CURVE('',#14213,#14542,#15121,.T.);
#15121 = LINE('',#15122,#15123);
#15122 = CARTESIAN_POINT('',(1.27,-8.636,0.));
#15123 = VECTOR('',#15124,1.);
#15124 = DIRECTION('',(0.,0.,1.));
#15125 = ORIENTED_EDGE('',*,*,#14549,.T.);
#15126 = ORIENTED_EDGE('',*,*,#15086,.F.);
#15127 = ORIENTED_EDGE('',*,*,#14220,.F.);
#15128 = PLANE('',#15129);
#15129 = AXIS2_PLACEMENT_3D('',#15130,#15131,#15132);
#15130 = CARTESIAN_POINT('',(1.27,-8.636,0.));
#15131 = DIRECTION('',(-1.,0.,0.));
#15132 = DIRECTION('',(0.,1.,0.));
#15133 = ADVANCED_FACE('',(#15134),#15145,.F.);
#15134 = FACE_BOUND('',#15135,.F.);
#15135 = EDGE_LOOP('',(#15136,#15137,#15138,#15144));
#15136 = ORIENTED_EDGE('',*,*,#15105,.T.);
#15137 = ORIENTED_EDGE('',*,*,#14533,.T.);
#15138 = ORIENTED_EDGE('',*,*,#15139,.F.);
#15139 = EDGE_CURVE('',#14205,#14534,#15140,.T.);
#15140 = LINE('',#15141,#15142);
#15141 = CARTESIAN_POINT('',(1.016,-8.89,0.));
#15142 = VECTOR('',#15143,1.);
#15143 = DIRECTION('',(0.,0.,1.));
#15144 = ORIENTED_EDGE('',*,*,#14204,.F.);
#15145 = PLANE('',#15146);
#15146 = AXIS2_PLACEMENT_3D('',#15147,#15148,#15149);
#15147 = CARTESIAN_POINT('',(-1.016,-8.89,0.));
#15148 = DIRECTION('',(0.,1.,0.));
#15149 = DIRECTION('',(1.,0.,0.));
#15150 = ADVANCED_FACE('',(#15151),#15157,.F.);
#15151 = FACE_BOUND('',#15152,.F.);
#15152 = EDGE_LOOP('',(#15153,#15154,#15155,#15156));
#15153 = ORIENTED_EDGE('',*,*,#15139,.T.);
#15154 = ORIENTED_EDGE('',*,*,#14541,.T.);
#15155 = ORIENTED_EDGE('',*,*,#15120,.F.);
#15156 = ORIENTED_EDGE('',*,*,#14212,.F.);
#15157 = PLANE('',#15158);
#15158 = AXIS2_PLACEMENT_3D('',#15159,#15160,#15161);
#15159 = CARTESIAN_POINT('',(1.016,-8.89,0.));
#15160 = DIRECTION('',(-0.707106781187,0.707106781187,0.));
#15161 = DIRECTION('',(0.707106781187,0.707106781187,0.));
#15162 = ADVANCED_FACE('',(#15163),#15188,.T.);
#15163 = FACE_BOUND('',#15164,.T.);
#15164 = EDGE_LOOP('',(#15165,#15173,#15181,#15187));
#15165 = ORIENTED_EDGE('',*,*,#15166,.F.);
#15166 = EDGE_CURVE('',#15167,#14310,#15169,.T.);
#15167 = VERTEX_POINT('',#15168);
#15168 = CARTESIAN_POINT('',(0.32,-4.76,-2.84));
#15169 = LINE('',#15170,#15171);
#15170 = CARTESIAN_POINT('',(0.32,-4.76,-3.));
#15171 = VECTOR('',#15172,1.);
#15172 = DIRECTION('',(0.,0.,1.));
#15173 = ORIENTED_EDGE('',*,*,#15174,.F.);
#15174 = EDGE_CURVE('',#15175,#15167,#15177,.T.);
#15175 = VERTEX_POINT('',#15176);
#15176 = CARTESIAN_POINT('',(-0.32,-4.76,-2.84));
#15177 = LINE('',#15178,#15179);
#15178 = CARTESIAN_POINT('',(-0.32,-4.76,-2.84));
#15179 = VECTOR('',#15180,1.);
#15180 = DIRECTION('',(1.,0.,0.));
#15181 = ORIENTED_EDGE('',*,*,#15182,.T.);
#15182 = EDGE_CURVE('',#15175,#14312,#15183,.T.);
#15183 = LINE('',#15184,#15185);
#15184 = CARTESIAN_POINT('',(-0.32,-4.76,-3.));
#15185 = VECTOR('',#15186,1.);
#15186 = DIRECTION('',(0.,0.,1.));
#15187 = ORIENTED_EDGE('',*,*,#14309,.F.);
#15188 = PLANE('',#15189);
#15189 = AXIS2_PLACEMENT_3D('',#15190,#15191,#15192);
#15190 = CARTESIAN_POINT('',(-0.32,-4.76,-3.));
#15191 = DIRECTION('',(0.,1.,0.));
#15192 = DIRECTION('',(0.,-0.,1.));
#15193 = ADVANCED_FACE('',(#15194),#15212,.F.);
#15194 = FACE_BOUND('',#15195,.F.);
#15195 = EDGE_LOOP('',(#15196,#15204,#15210,#15211));
#15196 = ORIENTED_EDGE('',*,*,#15197,.F.);
#15197 = EDGE_CURVE('',#15198,#14328,#15200,.T.);
#15198 = VERTEX_POINT('',#15199);
#15199 = CARTESIAN_POINT('',(-0.32,-5.4,-2.84));
#15200 = LINE('',#15201,#15202);
#15201 = CARTESIAN_POINT('',(-0.32,-5.4,-3.));
#15202 = VECTOR('',#15203,1.);
#15203 = DIRECTION('',(0.,0.,1.));
#15204 = ORIENTED_EDGE('',*,*,#15205,.T.);
#15205 = EDGE_CURVE('',#15198,#15175,#15206,.T.);
#15206 = LINE('',#15207,#15208);
#15207 = CARTESIAN_POINT('',(-0.32,-5.4,-2.84));
#15208 = VECTOR('',#15209,1.);
#15209 = DIRECTION('',(0.,1.,0.));
#15210 = ORIENTED_EDGE('',*,*,#15182,.T.);
#15211 = ORIENTED_EDGE('',*,*,#14335,.F.);
#15212 = PLANE('',#15213);
#15213 = AXIS2_PLACEMENT_3D('',#15214,#15215,#15216);
#15214 = CARTESIAN_POINT('',(-0.32,-5.4,-3.));
#15215 = DIRECTION('',(1.,0.,0.));
#15216 = DIRECTION('',(0.,0.,1.));
#15217 = ADVANCED_FACE('',(#15218),#15236,.F.);
#15218 = FACE_BOUND('',#15219,.F.);
#15219 = EDGE_LOOP('',(#15220,#15228,#15234,#15235));
#15220 = ORIENTED_EDGE('',*,*,#15221,.F.);
#15221 = EDGE_CURVE('',#15222,#14320,#15224,.T.);
#15222 = VERTEX_POINT('',#15223);
#15223 = CARTESIAN_POINT('',(0.32,-5.4,-2.84));
#15224 = LINE('',#15225,#15226);
#15225 = CARTESIAN_POINT('',(0.32,-5.4,-3.));
#15226 = VECTOR('',#15227,1.);
#15227 = DIRECTION('',(0.,0.,1.));
#15228 = ORIENTED_EDGE('',*,*,#15229,.F.);
#15229 = EDGE_CURVE('',#15198,#15222,#15230,.T.);
#15230 = LINE('',#15231,#15232);
#15231 = CARTESIAN_POINT('',(-0.32,-5.4,-2.84));
#15232 = VECTOR('',#15233,1.);
#15233 = DIRECTION('',(1.,0.,0.));
#15234 = ORIENTED_EDGE('',*,*,#15197,.T.);
#15235 = ORIENTED_EDGE('',*,*,#14327,.F.);
#15236 = PLANE('',#15237);
#15237 = AXIS2_PLACEMENT_3D('',#15238,#15239,#15240);
#15238 = CARTESIAN_POINT('',(-0.32,-5.4,-3.));
#15239 = DIRECTION('',(0.,1.,0.));
#15240 = DIRECTION('',(0.,-0.,1.));
#15241 = ADVANCED_FACE('',(#15242),#15253,.T.);
#15242 = FACE_BOUND('',#15243,.T.);
#15243 = EDGE_LOOP('',(#15244,#15245,#15251,#15252));
#15244 = ORIENTED_EDGE('',*,*,#15221,.F.);
#15245 = ORIENTED_EDGE('',*,*,#15246,.T.);
#15246 = EDGE_CURVE('',#15222,#15167,#15247,.T.);
#15247 = LINE('',#15248,#15249);
#15248 = CARTESIAN_POINT('',(0.32,-5.4,-2.84));
#15249 = VECTOR('',#15250,1.);
#15250 = DIRECTION('',(0.,1.,0.));
#15251 = ORIENTED_EDGE('',*,*,#15166,.T.);
#15252 = ORIENTED_EDGE('',*,*,#14319,.F.);
#15253 = PLANE('',#15254);
#15254 = AXIS2_PLACEMENT_3D('',#15255,#15256,#15257);
#15255 = CARTESIAN_POINT('',(0.32,-5.4,-3.));
#15256 = DIRECTION('',(1.,0.,0.));
#15257 = DIRECTION('',(0.,0.,1.));
#15258 = ADVANCED_FACE('',(#15259),#15284,.T.);
#15259 = FACE_BOUND('',#15260,.T.);
#15260 = EDGE_LOOP('',(#15261,#15269,#15277,#15283));
#15261 = ORIENTED_EDGE('',*,*,#15262,.F.);
#15262 = EDGE_CURVE('',#15263,#14344,#15265,.T.);
#15263 = VERTEX_POINT('',#15264);
#15264 = CARTESIAN_POINT('',(0.32,-7.94,-2.84));
#15265 = LINE('',#15266,#15267);
#15266 = CARTESIAN_POINT('',(0.32,-7.94,-3.));
#15267 = VECTOR('',#15268,1.);
#15268 = DIRECTION('',(0.,0.,1.));
#15269 = ORIENTED_EDGE('',*,*,#15270,.T.);
#15270 = EDGE_CURVE('',#15263,#15271,#15273,.T.);
#15271 = VERTEX_POINT('',#15272);
#15272 = CARTESIAN_POINT('',(0.32,-7.3,-2.84));
#15273 = LINE('',#15274,#15275);
#15274 = CARTESIAN_POINT('',(0.32,-7.94,-2.84));
#15275 = VECTOR('',#15276,1.);
#15276 = DIRECTION('',(0.,1.,0.));
#15277 = ORIENTED_EDGE('',*,*,#15278,.T.);
#15278 = EDGE_CURVE('',#15271,#14346,#15279,.T.);
#15279 = LINE('',#15280,#15281);
#15280 = CARTESIAN_POINT('',(0.32,-7.3,-3.));
#15281 = VECTOR('',#15282,1.);
#15282 = DIRECTION('',(0.,0.,1.));
#15283 = ORIENTED_EDGE('',*,*,#14343,.F.);
#15284 = PLANE('',#15285);
#15285 = AXIS2_PLACEMENT_3D('',#15286,#15287,#15288);
#15286 = CARTESIAN_POINT('',(0.32,-7.94,-3.));
#15287 = DIRECTION('',(1.,0.,0.));
#15288 = DIRECTION('',(0.,0.,1.));
#15289 = ADVANCED_FACE('',(#15290),#15308,.T.);
#15290 = FACE_BOUND('',#15291,.T.);
#15291 = EDGE_LOOP('',(#15292,#15293,#15301,#15307));
#15292 = ORIENTED_EDGE('',*,*,#15278,.F.);
#15293 = ORIENTED_EDGE('',*,*,#15294,.F.);
#15294 = EDGE_CURVE('',#15295,#15271,#15297,.T.);
#15295 = VERTEX_POINT('',#15296);
#15296 = CARTESIAN_POINT('',(-0.32,-7.3,-2.84));
#15297 = LINE('',#15298,#15299);
#15298 = CARTESIAN_POINT('',(-0.32,-7.3,-2.84));
#15299 = VECTOR('',#15300,1.);
#15300 = DIRECTION('',(1.,0.,0.));
#15301 = ORIENTED_EDGE('',*,*,#15302,.T.);
#15302 = EDGE_CURVE('',#15295,#14362,#15303,.T.);
#15303 = LINE('',#15304,#15305);
#15304 = CARTESIAN_POINT('',(-0.32,-7.3,-3.));
#15305 = VECTOR('',#15306,1.);
#15306 = DIRECTION('',(0.,0.,1.));
#15307 = ORIENTED_EDGE('',*,*,#14369,.F.);
#15308 = PLANE('',#15309);
#15309 = AXIS2_PLACEMENT_3D('',#15310,#15311,#15312);
#15310 = CARTESIAN_POINT('',(-0.32,-7.3,-3.));
#15311 = DIRECTION('',(0.,1.,0.));
#15312 = DIRECTION('',(0.,-0.,1.));
#15313 = ADVANCED_FACE('',(#15314),#15332,.F.);
#15314 = FACE_BOUND('',#15315,.F.);
#15315 = EDGE_LOOP('',(#15316,#15324,#15330,#15331));
#15316 = ORIENTED_EDGE('',*,*,#15317,.F.);
#15317 = EDGE_CURVE('',#15318,#14354,#15320,.T.);
#15318 = VERTEX_POINT('',#15319);
#15319 = CARTESIAN_POINT('',(-0.32,-7.94,-2.84));
#15320 = LINE('',#15321,#15322);
#15321 = CARTESIAN_POINT('',(-0.32,-7.94,-3.));
#15322 = VECTOR('',#15323,1.);
#15323 = DIRECTION('',(0.,0.,1.));
#15324 = ORIENTED_EDGE('',*,*,#15325,.T.);
#15325 = EDGE_CURVE('',#15318,#15295,#15326,.T.);
#15326 = LINE('',#15327,#15328);
#15327 = CARTESIAN_POINT('',(-0.32,-7.94,-2.84));
#15328 = VECTOR('',#15329,1.);
#15329 = DIRECTION('',(0.,1.,0.));
#15330 = ORIENTED_EDGE('',*,*,#15302,.T.);
#15331 = ORIENTED_EDGE('',*,*,#14361,.F.);
#15332 = PLANE('',#15333);
#15333 = AXIS2_PLACEMENT_3D('',#15334,#15335,#15336);
#15334 = CARTESIAN_POINT('',(-0.32,-7.94,-3.));
#15335 = DIRECTION('',(1.,0.,0.));
#15336 = DIRECTION('',(0.,0.,1.));
#15337 = ADVANCED_FACE('',(#15338),#15349,.F.);
#15338 = FACE_BOUND('',#15339,.F.);
#15339 = EDGE_LOOP('',(#15340,#15341,#15347,#15348));
#15340 = ORIENTED_EDGE('',*,*,#15262,.F.);
#15341 = ORIENTED_EDGE('',*,*,#15342,.F.);
#15342 = EDGE_CURVE('',#15318,#15263,#15343,.T.);
#15343 = LINE('',#15344,#15345);
#15344 = CARTESIAN_POINT('',(-0.32,-7.94,-2.84));
#15345 = VECTOR('',#15346,1.);
#15346 = DIRECTION('',(1.,0.,0.));
#15347 = ORIENTED_EDGE('',*,*,#15317,.T.);
#15348 = ORIENTED_EDGE('',*,*,#14353,.F.);
#15349 = PLANE('',#15350);
#15350 = AXIS2_PLACEMENT_3D('',#15351,#15352,#15353);
#15351 = CARTESIAN_POINT('',(-0.32,-7.94,-3.));
#15352 = DIRECTION('',(0.,1.,0.));
#15353 = DIRECTION('',(0.,-0.,1.));
#15354 = ADVANCED_FACE('',(#15355),#15380,.T.);
#15355 = FACE_BOUND('',#15356,.T.);
#15356 = EDGE_LOOP('',(#15357,#15365,#15373,#15379));
#15357 = ORIENTED_EDGE('',*,*,#15358,.F.);
#15358 = EDGE_CURVE('',#15359,#14378,#15361,.T.);
#15359 = VERTEX_POINT('',#15360);
#15360 = CARTESIAN_POINT('',(0.32,-0.32,-2.84));
#15361 = LINE('',#15362,#15363);
#15362 = CARTESIAN_POINT('',(0.32,-0.32,-3.));
#15363 = VECTOR('',#15364,1.);
#15364 = DIRECTION('',(0.,0.,1.));
#15365 = ORIENTED_EDGE('',*,*,#15366,.T.);
#15366 = EDGE_CURVE('',#15359,#15367,#15369,.T.);
#15367 = VERTEX_POINT('',#15368);
#15368 = CARTESIAN_POINT('',(0.32,0.32,-2.84));
#15369 = LINE('',#15370,#15371);
#15370 = CARTESIAN_POINT('',(0.32,-0.32,-2.84));
#15371 = VECTOR('',#15372,1.);
#15372 = DIRECTION('',(0.,1.,0.));
#15373 = ORIENTED_EDGE('',*,*,#15374,.T.);
#15374 = EDGE_CURVE('',#15367,#14380,#15375,.T.);
#15375 = LINE('',#15376,#15377);
#15376 = CARTESIAN_POINT('',(0.32,0.32,-3.));
#15377 = VECTOR('',#15378,1.);
#15378 = DIRECTION('',(0.,0.,1.));
#15379 = ORIENTED_EDGE('',*,*,#14377,.F.);
#15380 = PLANE('',#15381);
#15381 = AXIS2_PLACEMENT_3D('',#15382,#15383,#15384);
#15382 = CARTESIAN_POINT('',(0.32,-0.32,-3.));
#15383 = DIRECTION('',(1.,0.,0.));
#15384 = DIRECTION('',(0.,0.,1.));
#15385 = ADVANCED_FACE('',(#15386),#15404,.T.);
#15386 = FACE_BOUND('',#15387,.T.);
#15387 = EDGE_LOOP('',(#15388,#15389,#15397,#15403));
#15388 = ORIENTED_EDGE('',*,*,#15374,.F.);
#15389 = ORIENTED_EDGE('',*,*,#15390,.F.);
#15390 = EDGE_CURVE('',#15391,#15367,#15393,.T.);
#15391 = VERTEX_POINT('',#15392);
#15392 = CARTESIAN_POINT('',(-0.32,0.32,-2.84));
#15393 = LINE('',#15394,#15395);
#15394 = CARTESIAN_POINT('',(-0.32,0.32,-2.84));
#15395 = VECTOR('',#15396,1.);
#15396 = DIRECTION('',(1.,0.,0.));
#15397 = ORIENTED_EDGE('',*,*,#15398,.T.);
#15398 = EDGE_CURVE('',#15391,#14396,#15399,.T.);
#15399 = LINE('',#15400,#15401);
#15400 = CARTESIAN_POINT('',(-0.32,0.32,-3.));
#15401 = VECTOR('',#15402,1.);
#15402 = DIRECTION('',(0.,0.,1.));
#15403 = ORIENTED_EDGE('',*,*,#14403,.F.);
#15404 = PLANE('',#15405);
#15405 = AXIS2_PLACEMENT_3D('',#15406,#15407,#15408);
#15406 = CARTESIAN_POINT('',(-0.32,0.32,-3.));
#15407 = DIRECTION('',(0.,1.,0.));
#15408 = DIRECTION('',(0.,-0.,1.));
#15409 = ADVANCED_FACE('',(#15410),#15428,.F.);
#15410 = FACE_BOUND('',#15411,.F.);
#15411 = EDGE_LOOP('',(#15412,#15420,#15426,#15427));
#15412 = ORIENTED_EDGE('',*,*,#15413,.F.);
#15413 = EDGE_CURVE('',#15414,#14388,#15416,.T.);
#15414 = VERTEX_POINT('',#15415);
#15415 = CARTESIAN_POINT('',(-0.32,-0.32,-2.84));
#15416 = LINE('',#15417,#15418);
#15417 = CARTESIAN_POINT('',(-0.32,-0.32,-3.));
#15418 = VECTOR('',#15419,1.);
#15419 = DIRECTION('',(0.,0.,1.));
#15420 = ORIENTED_EDGE('',*,*,#15421,.T.);
#15421 = EDGE_CURVE('',#15414,#15391,#15422,.T.);
#15422 = LINE('',#15423,#15424);
#15423 = CARTESIAN_POINT('',(-0.32,-0.32,-2.84));
#15424 = VECTOR('',#15425,1.);
#15425 = DIRECTION('',(0.,1.,0.));
#15426 = ORIENTED_EDGE('',*,*,#15398,.T.);
#15427 = ORIENTED_EDGE('',*,*,#14395,.F.);
#15428 = PLANE('',#15429);
#15429 = AXIS2_PLACEMENT_3D('',#15430,#15431,#15432);
#15430 = CARTESIAN_POINT('',(-0.32,-0.32,-3.));
#15431 = DIRECTION('',(1.,0.,0.));
#15432 = DIRECTION('',(0.,0.,1.));
#15433 = ADVANCED_FACE('',(#15434),#15445,.F.);
#15434 = FACE_BOUND('',#15435,.F.);
#15435 = EDGE_LOOP('',(#15436,#15437,#15443,#15444));
#15436 = ORIENTED_EDGE('',*,*,#15358,.F.);
#15437 = ORIENTED_EDGE('',*,*,#15438,.F.);
#15438 = EDGE_CURVE('',#15414,#15359,#15439,.T.);
#15439 = LINE('',#15440,#15441);
#15440 = CARTESIAN_POINT('',(-0.32,-0.32,-2.84));
#15441 = VECTOR('',#15442,1.);
#15442 = DIRECTION('',(1.,0.,0.));
#15443 = ORIENTED_EDGE('',*,*,#15413,.T.);
#15444 = ORIENTED_EDGE('',*,*,#14387,.F.);
#15445 = PLANE('',#15446);
#15446 = AXIS2_PLACEMENT_3D('',#15447,#15448,#15449);
#15447 = CARTESIAN_POINT('',(-0.32,-0.32,-3.));
#15448 = DIRECTION('',(0.,1.,0.));
#15449 = DIRECTION('',(0.,-0.,1.));
#15450 = ADVANCED_FACE('',(#15451),#15476,.T.);
#15451 = FACE_BOUND('',#15452,.T.);
#15452 = EDGE_LOOP('',(#15453,#15461,#15469,#15475));
#15453 = ORIENTED_EDGE('',*,*,#15454,.F.);
#15454 = EDGE_CURVE('',#15455,#14412,#15457,.T.);
#15455 = VERTEX_POINT('',#15456);
#15456 = CARTESIAN_POINT('',(0.32,-2.22,-2.84));
#15457 = LINE('',#15458,#15459);
#15458 = CARTESIAN_POINT('',(0.32,-2.22,-3.));
#15459 = VECTOR('',#15460,1.);
#15460 = DIRECTION('',(0.,0.,1.));
#15461 = ORIENTED_EDGE('',*,*,#15462,.F.);
#15462 = EDGE_CURVE('',#15463,#15455,#15465,.T.);
#15463 = VERTEX_POINT('',#15464);
#15464 = CARTESIAN_POINT('',(-0.32,-2.22,-2.84));
#15465 = LINE('',#15466,#15467);
#15466 = CARTESIAN_POINT('',(-0.32,-2.22,-2.84));
#15467 = VECTOR('',#15468,1.);
#15468 = DIRECTION('',(1.,0.,0.));
#15469 = ORIENTED_EDGE('',*,*,#15470,.T.);
#15470 = EDGE_CURVE('',#15463,#14414,#15471,.T.);
#15471 = LINE('',#15472,#15473);
#15472 = CARTESIAN_POINT('',(-0.32,-2.22,-3.));
#15473 = VECTOR('',#15474,1.);
#15474 = DIRECTION('',(0.,0.,1.));
#15475 = ORIENTED_EDGE('',*,*,#14411,.F.);
#15476 = PLANE('',#15477);
#15477 = AXIS2_PLACEMENT_3D('',#15478,#15479,#15480);
#15478 = CARTESIAN_POINT('',(-0.32,-2.22,-3.));
#15479 = DIRECTION('',(0.,1.,0.));
#15480 = DIRECTION('',(0.,-0.,1.));
#15481 = ADVANCED_FACE('',(#15482),#15500,.F.);
#15482 = FACE_BOUND('',#15483,.F.);
#15483 = EDGE_LOOP('',(#15484,#15492,#15498,#15499));
#15484 = ORIENTED_EDGE('',*,*,#15485,.F.);
#15485 = EDGE_CURVE('',#15486,#14430,#15488,.T.);
#15486 = VERTEX_POINT('',#15487);
#15487 = CARTESIAN_POINT('',(-0.32,-2.86,-2.84));
#15488 = LINE('',#15489,#15490);
#15489 = CARTESIAN_POINT('',(-0.32,-2.86,-3.));
#15490 = VECTOR('',#15491,1.);
#15491 = DIRECTION('',(0.,0.,1.));
#15492 = ORIENTED_EDGE('',*,*,#15493,.T.);
#15493 = EDGE_CURVE('',#15486,#15463,#15494,.T.);
#15494 = LINE('',#15495,#15496);
#15495 = CARTESIAN_POINT('',(-0.32,-2.86,-2.84));
#15496 = VECTOR('',#15497,1.);
#15497 = DIRECTION('',(0.,1.,0.));
#15498 = ORIENTED_EDGE('',*,*,#15470,.T.);
#15499 = ORIENTED_EDGE('',*,*,#14437,.F.);
#15500 = PLANE('',#15501);
#15501 = AXIS2_PLACEMENT_3D('',#15502,#15503,#15504);
#15502 = CARTESIAN_POINT('',(-0.32,-2.86,-3.));
#15503 = DIRECTION('',(1.,0.,0.));
#15504 = DIRECTION('',(0.,0.,1.));
#15505 = ADVANCED_FACE('',(#15506),#15524,.F.);
#15506 = FACE_BOUND('',#15507,.F.);
#15507 = EDGE_LOOP('',(#15508,#15516,#15522,#15523));
#15508 = ORIENTED_EDGE('',*,*,#15509,.F.);
#15509 = EDGE_CURVE('',#15510,#14422,#15512,.T.);
#15510 = VERTEX_POINT('',#15511);
#15511 = CARTESIAN_POINT('',(0.32,-2.86,-2.84));
#15512 = LINE('',#15513,#15514);
#15513 = CARTESIAN_POINT('',(0.32,-2.86,-3.));
#15514 = VECTOR('',#15515,1.);
#15515 = DIRECTION('',(0.,0.,1.));
#15516 = ORIENTED_EDGE('',*,*,#15517,.F.);
#15517 = EDGE_CURVE('',#15486,#15510,#15518,.T.);
#15518 = LINE('',#15519,#15520);
#15519 = CARTESIAN_POINT('',(-0.32,-2.86,-2.84));
#15520 = VECTOR('',#15521,1.);
#15521 = DIRECTION('',(1.,0.,0.));
#15522 = ORIENTED_EDGE('',*,*,#15485,.T.);
#15523 = ORIENTED_EDGE('',*,*,#14429,.F.);
#15524 = PLANE('',#15525);
#15525 = AXIS2_PLACEMENT_3D('',#15526,#15527,#15528);
#15526 = CARTESIAN_POINT('',(-0.32,-2.86,-3.));
#15527 = DIRECTION('',(0.,1.,0.));
#15528 = DIRECTION('',(0.,-0.,1.));
#15529 = ADVANCED_FACE('',(#15530),#15541,.T.);
#15530 = FACE_BOUND('',#15531,.T.);
#15531 = EDGE_LOOP('',(#15532,#15533,#15539,#15540));
#15532 = ORIENTED_EDGE('',*,*,#15509,.F.);
#15533 = ORIENTED_EDGE('',*,*,#15534,.T.);
#15534 = EDGE_CURVE('',#15510,#15455,#15535,.T.);
#15535 = LINE('',#15536,#15537);
#15536 = CARTESIAN_POINT('',(0.32,-2.86,-2.84));
#15537 = VECTOR('',#15538,1.);
#15538 = DIRECTION('',(0.,1.,0.));
#15539 = ORIENTED_EDGE('',*,*,#15454,.T.);
#15540 = ORIENTED_EDGE('',*,*,#14421,.F.);
#15541 = PLANE('',#15542);
#15542 = AXIS2_PLACEMENT_3D('',#15543,#15544,#15545);
#15543 = CARTESIAN_POINT('',(0.32,-2.86,-3.));
#15544 = DIRECTION('',(1.,0.,0.));
#15545 = DIRECTION('',(0.,0.,1.));
#15546 = ADVANCED_FACE('',(#15547),#15572,.T.);
#15547 = FACE_BOUND('',#15548,.T.);
#15548 = EDGE_LOOP('',(#15549,#15557,#15558,#15566));
#15549 = ORIENTED_EDGE('',*,*,#15550,.F.);
#15550 = EDGE_CURVE('',#14639,#15551,#15553,.T.);
#15551 = VERTEX_POINT('',#15552);
#15552 = CARTESIAN_POINT('',(0.32,-4.76,8.38));
#15553 = LINE('',#15554,#15555);
#15554 = CARTESIAN_POINT('',(0.32,-4.76,-3.));
#15555 = VECTOR('',#15556,1.);
#15556 = DIRECTION('',(0.,0.,1.));
#15557 = ORIENTED_EDGE('',*,*,#14638,.T.);
#15558 = ORIENTED_EDGE('',*,*,#15559,.T.);
#15559 = EDGE_CURVE('',#14641,#15560,#15562,.T.);
#15560 = VERTEX_POINT('',#15561);
#15561 = CARTESIAN_POINT('',(-0.32,-4.76,8.38));
#15562 = LINE('',#15563,#15564);
#15563 = CARTESIAN_POINT('',(-0.32,-4.76,-3.));
#15564 = VECTOR('',#15565,1.);
#15565 = DIRECTION('',(0.,0.,1.));
#15566 = ORIENTED_EDGE('',*,*,#15567,.T.);
#15567 = EDGE_CURVE('',#15560,#15551,#15568,.T.);
#15568 = LINE('',#15569,#15570);
#15569 = CARTESIAN_POINT('',(-0.32,-4.76,8.38));
#15570 = VECTOR('',#15571,1.);
#15571 = DIRECTION('',(1.,0.,0.));
#15572 = PLANE('',#15573);
#15573 = AXIS2_PLACEMENT_3D('',#15574,#15575,#15576);
#15574 = CARTESIAN_POINT('',(-0.32,-4.76,-3.));
#15575 = DIRECTION('',(0.,1.,0.));
#15576 = DIRECTION('',(0.,-0.,1.));
#15577 = ADVANCED_FACE('',(#15578),#15596,.F.);
#15578 = FACE_BOUND('',#15579,.F.);
#15579 = EDGE_LOOP('',(#15580,#15588,#15589,#15590));
#15580 = ORIENTED_EDGE('',*,*,#15581,.F.);
#15581 = EDGE_CURVE('',#14657,#15582,#15584,.T.);
#15582 = VERTEX_POINT('',#15583);
#15583 = CARTESIAN_POINT('',(-0.32,-5.4,8.38));
#15584 = LINE('',#15585,#15586);
#15585 = CARTESIAN_POINT('',(-0.32,-5.4,-3.));
#15586 = VECTOR('',#15587,1.);
#15587 = DIRECTION('',(0.,0.,1.));
#15588 = ORIENTED_EDGE('',*,*,#14664,.T.);
#15589 = ORIENTED_EDGE('',*,*,#15559,.T.);
#15590 = ORIENTED_EDGE('',*,*,#15591,.F.);
#15591 = EDGE_CURVE('',#15582,#15560,#15592,.T.);
#15592 = LINE('',#15593,#15594);
#15593 = CARTESIAN_POINT('',(-0.32,-5.4,8.38));
#15594 = VECTOR('',#15595,1.);
#15595 = DIRECTION('',(0.,1.,0.));
#15596 = PLANE('',#15597);
#15597 = AXIS2_PLACEMENT_3D('',#15598,#15599,#15600);
#15598 = CARTESIAN_POINT('',(-0.32,-5.4,-3.));
#15599 = DIRECTION('',(1.,0.,0.));
#15600 = DIRECTION('',(0.,0.,1.));
#15601 = ADVANCED_FACE('',(#15602),#15620,.F.);
#15602 = FACE_BOUND('',#15603,.F.);
#15603 = EDGE_LOOP('',(#15604,#15612,#15613,#15614));
#15604 = ORIENTED_EDGE('',*,*,#15605,.F.);
#15605 = EDGE_CURVE('',#14649,#15606,#15608,.T.);
#15606 = VERTEX_POINT('',#15607);
#15607 = CARTESIAN_POINT('',(0.32,-5.4,8.38));
#15608 = LINE('',#15609,#15610);
#15609 = CARTESIAN_POINT('',(0.32,-5.4,-3.));
#15610 = VECTOR('',#15611,1.);
#15611 = DIRECTION('',(0.,0.,1.));
#15612 = ORIENTED_EDGE('',*,*,#14656,.T.);
#15613 = ORIENTED_EDGE('',*,*,#15581,.T.);
#15614 = ORIENTED_EDGE('',*,*,#15615,.T.);
#15615 = EDGE_CURVE('',#15582,#15606,#15616,.T.);
#15616 = LINE('',#15617,#15618);
#15617 = CARTESIAN_POINT('',(-0.32,-5.4,8.38));
#15618 = VECTOR('',#15619,1.);
#15619 = DIRECTION('',(1.,0.,0.));
#15620 = PLANE('',#15621);
#15621 = AXIS2_PLACEMENT_3D('',#15622,#15623,#15624);
#15622 = CARTESIAN_POINT('',(-0.32,-5.4,-3.));
#15623 = DIRECTION('',(0.,1.,0.));
#15624 = DIRECTION('',(0.,-0.,1.));
#15625 = ADVANCED_FACE('',(#15626),#15637,.T.);
#15626 = FACE_BOUND('',#15627,.T.);
#15627 = EDGE_LOOP('',(#15628,#15629,#15630,#15631));
#15628 = ORIENTED_EDGE('',*,*,#15605,.F.);
#15629 = ORIENTED_EDGE('',*,*,#14648,.T.);
#15630 = ORIENTED_EDGE('',*,*,#15550,.T.);
#15631 = ORIENTED_EDGE('',*,*,#15632,.F.);
#15632 = EDGE_CURVE('',#15606,#15551,#15633,.T.);
#15633 = LINE('',#15634,#15635);
#15634 = CARTESIAN_POINT('',(0.32,-5.4,8.38));
#15635 = VECTOR('',#15636,1.);
#15636 = DIRECTION('',(0.,1.,0.));
#15637 = PLANE('',#15638);
#15638 = AXIS2_PLACEMENT_3D('',#15639,#15640,#15641);
#15639 = CARTESIAN_POINT('',(0.32,-5.4,-3.));
#15640 = DIRECTION('',(1.,0.,0.));
#15641 = DIRECTION('',(0.,0.,1.));
#15642 = ADVANCED_FACE('',(#15643),#15668,.T.);
#15643 = FACE_BOUND('',#15644,.T.);
#15644 = EDGE_LOOP('',(#15645,#15653,#15654,#15662));
#15645 = ORIENTED_EDGE('',*,*,#15646,.F.);
#15646 = EDGE_CURVE('',#14673,#15647,#15649,.T.);
#15647 = VERTEX_POINT('',#15648);
#15648 = CARTESIAN_POINT('',(0.32,-7.94,8.38));
#15649 = LINE('',#15650,#15651);
#15650 = CARTESIAN_POINT('',(0.32,-7.94,-3.));
#15651 = VECTOR('',#15652,1.);
#15652 = DIRECTION('',(0.,0.,1.));
#15653 = ORIENTED_EDGE('',*,*,#14672,.T.);
#15654 = ORIENTED_EDGE('',*,*,#15655,.T.);
#15655 = EDGE_CURVE('',#14675,#15656,#15658,.T.);
#15656 = VERTEX_POINT('',#15657);
#15657 = CARTESIAN_POINT('',(0.32,-7.3,8.38));
#15658 = LINE('',#15659,#15660);
#15659 = CARTESIAN_POINT('',(0.32,-7.3,-3.));
#15660 = VECTOR('',#15661,1.);
#15661 = DIRECTION('',(0.,0.,1.));
#15662 = ORIENTED_EDGE('',*,*,#15663,.F.);
#15663 = EDGE_CURVE('',#15647,#15656,#15664,.T.);
#15664 = LINE('',#15665,#15666);
#15665 = CARTESIAN_POINT('',(0.32,-7.94,8.38));
#15666 = VECTOR('',#15667,1.);
#15667 = DIRECTION('',(0.,1.,0.));
#15668 = PLANE('',#15669);
#15669 = AXIS2_PLACEMENT_3D('',#15670,#15671,#15672);
#15670 = CARTESIAN_POINT('',(0.32,-7.94,-3.));
#15671 = DIRECTION('',(1.,0.,0.));
#15672 = DIRECTION('',(0.,0.,1.));
#15673 = ADVANCED_FACE('',(#15674),#15692,.T.);
#15674 = FACE_BOUND('',#15675,.T.);
#15675 = EDGE_LOOP('',(#15676,#15677,#15678,#15686));
#15676 = ORIENTED_EDGE('',*,*,#15655,.F.);
#15677 = ORIENTED_EDGE('',*,*,#14698,.T.);
#15678 = ORIENTED_EDGE('',*,*,#15679,.T.);
#15679 = EDGE_CURVE('',#14691,#15680,#15682,.T.);
#15680 = VERTEX_POINT('',#15681);
#15681 = CARTESIAN_POINT('',(-0.32,-7.3,8.38));
#15682 = LINE('',#15683,#15684);
#15683 = CARTESIAN_POINT('',(-0.32,-7.3,-3.));
#15684 = VECTOR('',#15685,1.);
#15685 = DIRECTION('',(0.,0.,1.));
#15686 = ORIENTED_EDGE('',*,*,#15687,.T.);
#15687 = EDGE_CURVE('',#15680,#15656,#15688,.T.);
#15688 = LINE('',#15689,#15690);
#15689 = CARTESIAN_POINT('',(-0.32,-7.3,8.38));
#15690 = VECTOR('',#15691,1.);
#15691 = DIRECTION('',(1.,0.,0.));
#15692 = PLANE('',#15693);
#15693 = AXIS2_PLACEMENT_3D('',#15694,#15695,#15696);
#15694 = CARTESIAN_POINT('',(-0.32,-7.3,-3.));
#15695 = DIRECTION('',(0.,1.,0.));
#15696 = DIRECTION('',(0.,-0.,1.));
#15697 = ADVANCED_FACE('',(#15698),#15716,.F.);
#15698 = FACE_BOUND('',#15699,.F.);
#15699 = EDGE_LOOP('',(#15700,#15708,#15709,#15710));
#15700 = ORIENTED_EDGE('',*,*,#15701,.F.);
#15701 = EDGE_CURVE('',#14683,#15702,#15704,.T.);
#15702 = VERTEX_POINT('',#15703);
#15703 = CARTESIAN_POINT('',(-0.32,-7.94,8.38));
#15704 = LINE('',#15705,#15706);
#15705 = CARTESIAN_POINT('',(-0.32,-7.94,-3.));
#15706 = VECTOR('',#15707,1.);
#15707 = DIRECTION('',(0.,0.,1.));
#15708 = ORIENTED_EDGE('',*,*,#14690,.T.);
#15709 = ORIENTED_EDGE('',*,*,#15679,.T.);
#15710 = ORIENTED_EDGE('',*,*,#15711,.F.);
#15711 = EDGE_CURVE('',#15702,#15680,#15712,.T.);
#15712 = LINE('',#15713,#15714);
#15713 = CARTESIAN_POINT('',(-0.32,-7.94,8.38));
#15714 = VECTOR('',#15715,1.);
#15715 = DIRECTION('',(0.,1.,0.));
#15716 = PLANE('',#15717);
#15717 = AXIS2_PLACEMENT_3D('',#15718,#15719,#15720);
#15718 = CARTESIAN_POINT('',(-0.32,-7.94,-3.));
#15719 = DIRECTION('',(1.,0.,0.));
#15720 = DIRECTION('',(0.,0.,1.));
#15721 = ADVANCED_FACE('',(#15722),#15733,.F.);
#15722 = FACE_BOUND('',#15723,.F.);
#15723 = EDGE_LOOP('',(#15724,#15725,#15726,#15727));
#15724 = ORIENTED_EDGE('',*,*,#15646,.F.);
#15725 = ORIENTED_EDGE('',*,*,#14682,.T.);
#15726 = ORIENTED_EDGE('',*,*,#15701,.T.);
#15727 = ORIENTED_EDGE('',*,*,#15728,.T.);
#15728 = EDGE_CURVE('',#15702,#15647,#15729,.T.);
#15729 = LINE('',#15730,#15731);
#15730 = CARTESIAN_POINT('',(-0.32,-7.94,8.38));
#15731 = VECTOR('',#15732,1.);
#15732 = DIRECTION('',(1.,0.,0.));
#15733 = PLANE('',#15734);
#15734 = AXIS2_PLACEMENT_3D('',#15735,#15736,#15737);
#15735 = CARTESIAN_POINT('',(-0.32,-7.94,-3.));
#15736 = DIRECTION('',(0.,1.,0.));
#15737 = DIRECTION('',(0.,-0.,1.));
#15738 = ADVANCED_FACE('',(#15739),#15764,.T.);
#15739 = FACE_BOUND('',#15740,.T.);
#15740 = EDGE_LOOP('',(#15741,#15749,#15750,#15758));
#15741 = ORIENTED_EDGE('',*,*,#15742,.F.);
#15742 = EDGE_CURVE('',#14707,#15743,#15745,.T.);
#15743 = VERTEX_POINT('',#15744);
#15744 = CARTESIAN_POINT('',(0.32,-0.32,8.38));
#15745 = LINE('',#15746,#15747);
#15746 = CARTESIAN_POINT('',(0.32,-0.32,-3.));
#15747 = VECTOR('',#15748,1.);
#15748 = DIRECTION('',(0.,0.,1.));
#15749 = ORIENTED_EDGE('',*,*,#14706,.T.);
#15750 = ORIENTED_EDGE('',*,*,#15751,.T.);
#15751 = EDGE_CURVE('',#14709,#15752,#15754,.T.);
#15752 = VERTEX_POINT('',#15753);
#15753 = CARTESIAN_POINT('',(0.32,0.32,8.38));
#15754 = LINE('',#15755,#15756);
#15755 = CARTESIAN_POINT('',(0.32,0.32,-3.));
#15756 = VECTOR('',#15757,1.);
#15757 = DIRECTION('',(0.,0.,1.));
#15758 = ORIENTED_EDGE('',*,*,#15759,.F.);
#15759 = EDGE_CURVE('',#15743,#15752,#15760,.T.);
#15760 = LINE('',#15761,#15762);
#15761 = CARTESIAN_POINT('',(0.32,-0.32,8.38));
#15762 = VECTOR('',#15763,1.);
#15763 = DIRECTION('',(0.,1.,0.));
#15764 = PLANE('',#15765);
#15765 = AXIS2_PLACEMENT_3D('',#15766,#15767,#15768);
#15766 = CARTESIAN_POINT('',(0.32,-0.32,-3.));
#15767 = DIRECTION('',(1.,0.,0.));
#15768 = DIRECTION('',(0.,0.,1.));
#15769 = ADVANCED_FACE('',(#15770),#15788,.T.);
#15770 = FACE_BOUND('',#15771,.T.);
#15771 = EDGE_LOOP('',(#15772,#15773,#15774,#15782));
#15772 = ORIENTED_EDGE('',*,*,#15751,.F.);
#15773 = ORIENTED_EDGE('',*,*,#14732,.T.);
#15774 = ORIENTED_EDGE('',*,*,#15775,.T.);
#15775 = EDGE_CURVE('',#14725,#15776,#15778,.T.);
#15776 = VERTEX_POINT('',#15777);
#15777 = CARTESIAN_POINT('',(-0.32,0.32,8.38));
#15778 = LINE('',#15779,#15780);
#15779 = CARTESIAN_POINT('',(-0.32,0.32,-3.));
#15780 = VECTOR('',#15781,1.);
#15781 = DIRECTION('',(0.,0.,1.));
#15782 = ORIENTED_EDGE('',*,*,#15783,.T.);
#15783 = EDGE_CURVE('',#15776,#15752,#15784,.T.);
#15784 = LINE('',#15785,#15786);
#15785 = CARTESIAN_POINT('',(-0.32,0.32,8.38));
#15786 = VECTOR('',#15787,1.);
#15787 = DIRECTION('',(1.,0.,0.));
#15788 = PLANE('',#15789);
#15789 = AXIS2_PLACEMENT_3D('',#15790,#15791,#15792);
#15790 = CARTESIAN_POINT('',(-0.32,0.32,-3.));
#15791 = DIRECTION('',(0.,1.,0.));
#15792 = DIRECTION('',(0.,-0.,1.));
#15793 = ADVANCED_FACE('',(#15794),#15812,.F.);
#15794 = FACE_BOUND('',#15795,.F.);
#15795 = EDGE_LOOP('',(#15796,#15804,#15805,#15806));
#15796 = ORIENTED_EDGE('',*,*,#15797,.F.);
#15797 = EDGE_CURVE('',#14717,#15798,#15800,.T.);
#15798 = VERTEX_POINT('',#15799);
#15799 = CARTESIAN_POINT('',(-0.32,-0.32,8.38));
#15800 = LINE('',#15801,#15802);
#15801 = CARTESIAN_POINT('',(-0.32,-0.32,-3.));
#15802 = VECTOR('',#15803,1.);
#15803 = DIRECTION('',(0.,0.,1.));
#15804 = ORIENTED_EDGE('',*,*,#14724,.T.);
#15805 = ORIENTED_EDGE('',*,*,#15775,.T.);
#15806 = ORIENTED_EDGE('',*,*,#15807,.F.);
#15807 = EDGE_CURVE('',#15798,#15776,#15808,.T.);
#15808 = LINE('',#15809,#15810);
#15809 = CARTESIAN_POINT('',(-0.32,-0.32,8.38));
#15810 = VECTOR('',#15811,1.);
#15811 = DIRECTION('',(0.,1.,0.));
#15812 = PLANE('',#15813);
#15813 = AXIS2_PLACEMENT_3D('',#15814,#15815,#15816);
#15814 = CARTESIAN_POINT('',(-0.32,-0.32,-3.));
#15815 = DIRECTION('',(1.,0.,0.));
#15816 = DIRECTION('',(0.,0.,1.));
#15817 = ADVANCED_FACE('',(#15818),#15829,.F.);
#15818 = FACE_BOUND('',#15819,.F.);
#15819 = EDGE_LOOP('',(#15820,#15821,#15822,#15823));
#15820 = ORIENTED_EDGE('',*,*,#15742,.F.);
#15821 = ORIENTED_EDGE('',*,*,#14716,.T.);
#15822 = ORIENTED_EDGE('',*,*,#15797,.T.);
#15823 = ORIENTED_EDGE('',*,*,#15824,.T.);
#15824 = EDGE_CURVE('',#15798,#15743,#15825,.T.);
#15825 = LINE('',#15826,#15827);
#15826 = CARTESIAN_POINT('',(-0.32,-0.32,8.38));
#15827 = VECTOR('',#15828,1.);
#15828 = DIRECTION('',(1.,0.,0.));
#15829 = PLANE('',#15830);
#15830 = AXIS2_PLACEMENT_3D('',#15831,#15832,#15833);
#15831 = CARTESIAN_POINT('',(-0.32,-0.32,-3.));
#15832 = DIRECTION('',(0.,1.,0.));
#15833 = DIRECTION('',(0.,-0.,1.));
#15834 = ADVANCED_FACE('',(#15835),#15860,.T.);
#15835 = FACE_BOUND('',#15836,.T.);
#15836 = EDGE_LOOP('',(#15837,#15845,#15846,#15854));
#15837 = ORIENTED_EDGE('',*,*,#15838,.F.);
#15838 = EDGE_CURVE('',#14741,#15839,#15841,.T.);
#15839 = VERTEX_POINT('',#15840);
#15840 = CARTESIAN_POINT('',(0.32,-2.22,8.38));
#15841 = LINE('',#15842,#15843);
#15842 = CARTESIAN_POINT('',(0.32,-2.22,-3.));
#15843 = VECTOR('',#15844,1.);
#15844 = DIRECTION('',(0.,0.,1.));
#15845 = ORIENTED_EDGE('',*,*,#14740,.T.);
#15846 = ORIENTED_EDGE('',*,*,#15847,.T.);
#15847 = EDGE_CURVE('',#14743,#15848,#15850,.T.);
#15848 = VERTEX_POINT('',#15849);
#15849 = CARTESIAN_POINT('',(-0.32,-2.22,8.38));
#15850 = LINE('',#15851,#15852);
#15851 = CARTESIAN_POINT('',(-0.32,-2.22,-3.));
#15852 = VECTOR('',#15853,1.);
#15853 = DIRECTION('',(0.,0.,1.));
#15854 = ORIENTED_EDGE('',*,*,#15855,.T.);
#15855 = EDGE_CURVE('',#15848,#15839,#15856,.T.);
#15856 = LINE('',#15857,#15858);
#15857 = CARTESIAN_POINT('',(-0.32,-2.22,8.38));
#15858 = VECTOR('',#15859,1.);
#15859 = DIRECTION('',(1.,0.,0.));
#15860 = PLANE('',#15861);
#15861 = AXIS2_PLACEMENT_3D('',#15862,#15863,#15864);
#15862 = CARTESIAN_POINT('',(-0.32,-2.22,-3.));
#15863 = DIRECTION('',(0.,1.,0.));
#15864 = DIRECTION('',(0.,-0.,1.));
#15865 = ADVANCED_FACE('',(#15866),#15884,.F.);
#15866 = FACE_BOUND('',#15867,.F.);
#15867 = EDGE_LOOP('',(#15868,#15876,#15877,#15878));
#15868 = ORIENTED_EDGE('',*,*,#15869,.F.);
#15869 = EDGE_CURVE('',#14759,#15870,#15872,.T.);
#15870 = VERTEX_POINT('',#15871);
#15871 = CARTESIAN_POINT('',(-0.32,-2.86,8.38));
#15872 = LINE('',#15873,#15874);
#15873 = CARTESIAN_POINT('',(-0.32,-2.86,-3.));
#15874 = VECTOR('',#15875,1.);
#15875 = DIRECTION('',(0.,0.,1.));
#15876 = ORIENTED_EDGE('',*,*,#14766,.T.);
#15877 = ORIENTED_EDGE('',*,*,#15847,.T.);
#15878 = ORIENTED_EDGE('',*,*,#15879,.F.);
#15879 = EDGE_CURVE('',#15870,#15848,#15880,.T.);
#15880 = LINE('',#15881,#15882);
#15881 = CARTESIAN_POINT('',(-0.32,-2.86,8.38));
#15882 = VECTOR('',#15883,1.);
#15883 = DIRECTION('',(0.,1.,0.));
#15884 = PLANE('',#15885);
#15885 = AXIS2_PLACEMENT_3D('',#15886,#15887,#15888);
#15886 = CARTESIAN_POINT('',(-0.32,-2.86,-3.));
#15887 = DIRECTION('',(1.,0.,0.));
#15888 = DIRECTION('',(0.,0.,1.));
#15889 = ADVANCED_FACE('',(#15890),#15908,.F.);
#15890 = FACE_BOUND('',#15891,.F.);
#15891 = EDGE_LOOP('',(#15892,#15900,#15901,#15902));
#15892 = ORIENTED_EDGE('',*,*,#15893,.F.);
#15893 = EDGE_CURVE('',#14751,#15894,#15896,.T.);
#15894 = VERTEX_POINT('',#15895);
#15895 = CARTESIAN_POINT('',(0.32,-2.86,8.38));
#15896 = LINE('',#15897,#15898);
#15897 = CARTESIAN_POINT('',(0.32,-2.86,-3.));
#15898 = VECTOR('',#15899,1.);
#15899 = DIRECTION('',(0.,0.,1.));
#15900 = ORIENTED_EDGE('',*,*,#14758,.T.);
#15901 = ORIENTED_EDGE('',*,*,#15869,.T.);
#15902 = ORIENTED_EDGE('',*,*,#15903,.T.);
#15903 = EDGE_CURVE('',#15870,#15894,#15904,.T.);
#15904 = LINE('',#15905,#15906);
#15905 = CARTESIAN_POINT('',(-0.32,-2.86,8.38));
#15906 = VECTOR('',#15907,1.);
#15907 = DIRECTION('',(1.,0.,0.));
#15908 = PLANE('',#15909);
#15909 = AXIS2_PLACEMENT_3D('',#15910,#15911,#15912);
#15910 = CARTESIAN_POINT('',(-0.32,-2.86,-3.));
#15911 = DIRECTION('',(0.,1.,0.));
#15912 = DIRECTION('',(0.,-0.,1.));
#15913 = ADVANCED_FACE('',(#15914),#15925,.T.);
#15914 = FACE_BOUND('',#15915,.T.);
#15915 = EDGE_LOOP('',(#15916,#15917,#15918,#15919));
#15916 = ORIENTED_EDGE('',*,*,#15893,.F.);
#15917 = ORIENTED_EDGE('',*,*,#14750,.T.);
#15918 = ORIENTED_EDGE('',*,*,#15838,.T.);
#15919 = ORIENTED_EDGE('',*,*,#15920,.F.);
#15920 = EDGE_CURVE('',#15894,#15839,#15921,.T.);
#15921 = LINE('',#15922,#15923);
#15922 = CARTESIAN_POINT('',(0.32,-2.86,8.38));
#15923 = VECTOR('',#15924,1.);
#15924 = DIRECTION('',(0.,1.,0.));
#15925 = PLANE('',#15926);
#15926 = AXIS2_PLACEMENT_3D('',#15927,#15928,#15929);
#15927 = CARTESIAN_POINT('',(0.32,-2.86,-3.));
#15928 = DIRECTION('',(1.,0.,0.));
#15929 = DIRECTION('',(0.,0.,1.));
#15930 = ADVANCED_FACE('',(#15931),#15956,.F.);
#15931 = FACE_BOUND('',#15932,.T.);
#15932 = EDGE_LOOP('',(#15933,#15941,#15942,#15950));
#15933 = ORIENTED_EDGE('',*,*,#15934,.F.);
#15934 = EDGE_CURVE('',#15175,#15935,#15937,.T.);
#15935 = VERTEX_POINT('',#15936);
#15936 = CARTESIAN_POINT('',(-0.16,-4.92,-3.));
#15937 = LINE('',#15938,#15939);
#15938 = CARTESIAN_POINT('',(-0.16,-4.92,-3.));
#15939 = VECTOR('',#15940,1.);
#15940 = DIRECTION('',(0.57735026919,-0.57735026919,-0.57735026919));
#15941 = ORIENTED_EDGE('',*,*,#15174,.T.);
#15942 = ORIENTED_EDGE('',*,*,#15943,.T.);
#15943 = EDGE_CURVE('',#15167,#15944,#15946,.T.);
#15944 = VERTEX_POINT('',#15945);
#15945 = CARTESIAN_POINT('',(0.16,-4.92,-3.));
#15946 = LINE('',#15947,#15948);
#15947 = CARTESIAN_POINT('',(5.333333333333E-02,-5.026666666667,
    -3.106666666667));
#15948 = VECTOR('',#15949,1.);
#15949 = DIRECTION('',(-0.57735026919,-0.57735026919,-0.57735026919));
#15950 = ORIENTED_EDGE('',*,*,#15951,.F.);
#15951 = EDGE_CURVE('',#15935,#15944,#15952,.T.);
#15952 = LINE('',#15953,#15954);
#15953 = CARTESIAN_POINT('',(-0.32,-4.92,-3.));
#15954 = VECTOR('',#15955,1.);
#15955 = DIRECTION('',(1.,0.,0.));
#15956 = PLANE('',#15957);
#15957 = AXIS2_PLACEMENT_3D('',#15958,#15959,#15960);
#15958 = CARTESIAN_POINT('',(-0.32,-4.84,-2.92));
#15959 = DIRECTION('',(-1.735167508357E-18,-0.707106781187,
    0.707106781187));
#15960 = DIRECTION('',(-1.,1.226948711654E-18,-1.226948711654E-18));
#15961 = ADVANCED_FACE('',(#15962),#15980,.T.);
#15962 = FACE_BOUND('',#15963,.T.);
#15963 = EDGE_LOOP('',(#15964,#15972,#15973,#15974));
#15964 = ORIENTED_EDGE('',*,*,#15965,.F.);
#15965 = EDGE_CURVE('',#15198,#15966,#15968,.T.);
#15966 = VERTEX_POINT('',#15967);
#15967 = CARTESIAN_POINT('',(-0.16,-5.24,-3.));
#15968 = LINE('',#15969,#15970);
#15969 = CARTESIAN_POINT('',(-0.266666666667,-5.346666666667,
    -2.893333333333));
#15970 = VECTOR('',#15971,1.);
#15971 = DIRECTION('',(0.57735026919,0.57735026919,-0.57735026919));
#15972 = ORIENTED_EDGE('',*,*,#15205,.T.);
#15973 = ORIENTED_EDGE('',*,*,#15934,.T.);
#15974 = ORIENTED_EDGE('',*,*,#15975,.F.);
#15975 = EDGE_CURVE('',#15966,#15935,#15976,.T.);
#15976 = LINE('',#15977,#15978);
#15977 = CARTESIAN_POINT('',(-0.16,-5.4,-3.));
#15978 = VECTOR('',#15979,1.);
#15979 = DIRECTION('',(0.,1.,0.));
#15980 = PLANE('',#15981);
#15981 = AXIS2_PLACEMENT_3D('',#15982,#15983,#15984);
#15982 = CARTESIAN_POINT('',(-0.24,-5.4,-2.92));
#15983 = DIRECTION('',(-0.707106781187,-1.735167508357E-18,
    -0.707106781187));
#15984 = DIRECTION('',(-1.226948711654E-18,1.,-1.226948711654E-18));
#15985 = ADVANCED_FACE('',(#15986),#16004,.T.);
#15986 = FACE_BOUND('',#15987,.F.);
#15987 = EDGE_LOOP('',(#15988,#15989,#15990,#15998));
#15988 = ORIENTED_EDGE('',*,*,#15965,.F.);
#15989 = ORIENTED_EDGE('',*,*,#15229,.T.);
#15990 = ORIENTED_EDGE('',*,*,#15991,.T.);
#15991 = EDGE_CURVE('',#15222,#15992,#15994,.T.);
#15992 = VERTEX_POINT('',#15993);
#15993 = CARTESIAN_POINT('',(0.16,-5.24,-3.));
#15994 = LINE('',#15995,#15996);
#15995 = CARTESIAN_POINT('',(0.16,-5.24,-3.));
#15996 = VECTOR('',#15997,1.);
#15997 = DIRECTION('',(-0.57735026919,0.57735026919,-0.57735026919));
#15998 = ORIENTED_EDGE('',*,*,#15999,.F.);
#15999 = EDGE_CURVE('',#15966,#15992,#16000,.T.);
#16000 = LINE('',#16001,#16002);
#16001 = CARTESIAN_POINT('',(-0.32,-5.24,-3.));
#16002 = VECTOR('',#16003,1.);
#16003 = DIRECTION('',(1.,0.,0.));
#16004 = PLANE('',#16005);
#16005 = AXIS2_PLACEMENT_3D('',#16006,#16007,#16008);
#16006 = CARTESIAN_POINT('',(-0.32,-5.32,-2.92));
#16007 = DIRECTION('',(1.735167508357E-18,-0.707106781187,
    -0.707106781187));
#16008 = DIRECTION('',(-1.,-1.226948711654E-18,-1.226948711654E-18));
#16009 = ADVANCED_FACE('',(#16010),#16021,.F.);
#16010 = FACE_BOUND('',#16011,.F.);
#16011 = EDGE_LOOP('',(#16012,#16013,#16014,#16015));
#16012 = ORIENTED_EDGE('',*,*,#15991,.F.);
#16013 = ORIENTED_EDGE('',*,*,#15246,.T.);
#16014 = ORIENTED_EDGE('',*,*,#15943,.T.);
#16015 = ORIENTED_EDGE('',*,*,#16016,.F.);
#16016 = EDGE_CURVE('',#15992,#15944,#16017,.T.);
#16017 = LINE('',#16018,#16019);
#16018 = CARTESIAN_POINT('',(0.16,-5.4,-3.));
#16019 = VECTOR('',#16020,1.);
#16020 = DIRECTION('',(0.,1.,0.));
#16021 = PLANE('',#16022);
#16022 = AXIS2_PLACEMENT_3D('',#16023,#16024,#16025);
#16023 = CARTESIAN_POINT('',(0.24,-5.4,-2.92));
#16024 = DIRECTION('',(-0.707106781187,1.735167508357E-18,0.707106781187
    ));
#16025 = DIRECTION('',(1.226948711654E-18,1.,-1.226948711654E-18));
#16026 = ADVANCED_FACE('',(#16027),#16052,.F.);
#16027 = FACE_BOUND('',#16028,.F.);
#16028 = EDGE_LOOP('',(#16029,#16037,#16038,#16046));
#16029 = ORIENTED_EDGE('',*,*,#16030,.F.);
#16030 = EDGE_CURVE('',#15263,#16031,#16033,.T.);
#16031 = VERTEX_POINT('',#16032);
#16032 = CARTESIAN_POINT('',(0.16,-7.78,-3.));
#16033 = LINE('',#16034,#16035);
#16034 = CARTESIAN_POINT('',(0.16,-7.78,-3.));
#16035 = VECTOR('',#16036,1.);
#16036 = DIRECTION('',(-0.57735026919,0.57735026919,-0.57735026919));
#16037 = ORIENTED_EDGE('',*,*,#15270,.T.);
#16038 = ORIENTED_EDGE('',*,*,#16039,.T.);
#16039 = EDGE_CURVE('',#15271,#16040,#16042,.T.);
#16040 = VERTEX_POINT('',#16041);
#16041 = CARTESIAN_POINT('',(0.16,-7.46,-3.));
#16042 = LINE('',#16043,#16044);
#16043 = CARTESIAN_POINT('',(5.333333333333E-02,-7.566666666667,
    -3.106666666667));
#16044 = VECTOR('',#16045,1.);
#16045 = DIRECTION('',(-0.57735026919,-0.57735026919,-0.57735026919));
#16046 = ORIENTED_EDGE('',*,*,#16047,.F.);
#16047 = EDGE_CURVE('',#16031,#16040,#16048,.T.);
#16048 = LINE('',#16049,#16050);
#16049 = CARTESIAN_POINT('',(0.16,-7.94,-3.));
#16050 = VECTOR('',#16051,1.);
#16051 = DIRECTION('',(0.,1.,0.));
#16052 = PLANE('',#16053);
#16053 = AXIS2_PLACEMENT_3D('',#16054,#16055,#16056);
#16054 = CARTESIAN_POINT('',(0.24,-7.94,-2.92));
#16055 = DIRECTION('',(-0.707106781187,1.735167508357E-18,0.707106781187
    ));
#16056 = DIRECTION('',(1.226948711654E-18,1.,-1.226948711654E-18));
#16057 = ADVANCED_FACE('',(#16058),#16076,.F.);
#16058 = FACE_BOUND('',#16059,.T.);
#16059 = EDGE_LOOP('',(#16060,#16068,#16069,#16070));
#16060 = ORIENTED_EDGE('',*,*,#16061,.F.);
#16061 = EDGE_CURVE('',#15295,#16062,#16064,.T.);
#16062 = VERTEX_POINT('',#16063);
#16063 = CARTESIAN_POINT('',(-0.16,-7.46,-3.));
#16064 = LINE('',#16065,#16066);
#16065 = CARTESIAN_POINT('',(-0.16,-7.46,-3.));
#16066 = VECTOR('',#16067,1.);
#16067 = DIRECTION('',(0.57735026919,-0.57735026919,-0.57735026919));
#16068 = ORIENTED_EDGE('',*,*,#15294,.T.);
#16069 = ORIENTED_EDGE('',*,*,#16039,.T.);
#16070 = ORIENTED_EDGE('',*,*,#16071,.F.);
#16071 = EDGE_CURVE('',#16062,#16040,#16072,.T.);
#16072 = LINE('',#16073,#16074);
#16073 = CARTESIAN_POINT('',(-0.32,-7.46,-3.));
#16074 = VECTOR('',#16075,1.);
#16075 = DIRECTION('',(1.,0.,0.));
#16076 = PLANE('',#16077);
#16077 = AXIS2_PLACEMENT_3D('',#16078,#16079,#16080);
#16078 = CARTESIAN_POINT('',(-0.32,-7.38,-2.92));
#16079 = DIRECTION('',(-1.735167508357E-18,-0.707106781187,
    0.707106781187));
#16080 = DIRECTION('',(-1.,1.226948711654E-18,-1.226948711654E-18));
#16081 = ADVANCED_FACE('',(#16082),#16100,.T.);
#16082 = FACE_BOUND('',#16083,.T.);
#16083 = EDGE_LOOP('',(#16084,#16092,#16093,#16094));
#16084 = ORIENTED_EDGE('',*,*,#16085,.F.);
#16085 = EDGE_CURVE('',#15318,#16086,#16088,.T.);
#16086 = VERTEX_POINT('',#16087);
#16087 = CARTESIAN_POINT('',(-0.16,-7.78,-3.));
#16088 = LINE('',#16089,#16090);
#16089 = CARTESIAN_POINT('',(-0.266666666667,-7.886666666667,
    -2.893333333333));
#16090 = VECTOR('',#16091,1.);
#16091 = DIRECTION('',(0.57735026919,0.57735026919,-0.57735026919));
#16092 = ORIENTED_EDGE('',*,*,#15325,.T.);
#16093 = ORIENTED_EDGE('',*,*,#16061,.T.);
#16094 = ORIENTED_EDGE('',*,*,#16095,.F.);
#16095 = EDGE_CURVE('',#16086,#16062,#16096,.T.);
#16096 = LINE('',#16097,#16098);
#16097 = CARTESIAN_POINT('',(-0.16,-7.94,-3.));
#16098 = VECTOR('',#16099,1.);
#16099 = DIRECTION('',(0.,1.,0.));
#16100 = PLANE('',#16101);
#16101 = AXIS2_PLACEMENT_3D('',#16102,#16103,#16104);
#16102 = CARTESIAN_POINT('',(-0.24,-7.94,-2.92));
#16103 = DIRECTION('',(-0.707106781187,-1.735167508357E-18,
    -0.707106781187));
#16104 = DIRECTION('',(-1.226948711654E-18,1.,-1.226948711654E-18));
#16105 = ADVANCED_FACE('',(#16106),#16117,.T.);
#16106 = FACE_BOUND('',#16107,.F.);
#16107 = EDGE_LOOP('',(#16108,#16109,#16110,#16111));
#16108 = ORIENTED_EDGE('',*,*,#16085,.F.);
#16109 = ORIENTED_EDGE('',*,*,#15342,.T.);
#16110 = ORIENTED_EDGE('',*,*,#16030,.T.);
#16111 = ORIENTED_EDGE('',*,*,#16112,.F.);
#16112 = EDGE_CURVE('',#16086,#16031,#16113,.T.);
#16113 = LINE('',#16114,#16115);
#16114 = CARTESIAN_POINT('',(-0.32,-7.78,-3.));
#16115 = VECTOR('',#16116,1.);
#16116 = DIRECTION('',(1.,0.,0.));
#16117 = PLANE('',#16118);
#16118 = AXIS2_PLACEMENT_3D('',#16119,#16120,#16121);
#16119 = CARTESIAN_POINT('',(-0.32,-7.86,-2.92));
#16120 = DIRECTION('',(1.735167508357E-18,-0.707106781187,
    -0.707106781187));
#16121 = DIRECTION('',(-1.,-1.226948711654E-18,-1.226948711654E-18));
#16122 = ADVANCED_FACE('',(#16123),#16148,.F.);
#16123 = FACE_BOUND('',#16124,.F.);
#16124 = EDGE_LOOP('',(#16125,#16133,#16134,#16142));
#16125 = ORIENTED_EDGE('',*,*,#16126,.F.);
#16126 = EDGE_CURVE('',#15359,#16127,#16129,.T.);
#16127 = VERTEX_POINT('',#16128);
#16128 = CARTESIAN_POINT('',(0.16,-0.16,-3.));
#16129 = LINE('',#16130,#16131);
#16130 = CARTESIAN_POINT('',(0.16,-0.16,-3.));
#16131 = VECTOR('',#16132,1.);
#16132 = DIRECTION('',(-0.57735026919,0.57735026919,-0.57735026919));
#16133 = ORIENTED_EDGE('',*,*,#15366,.T.);
#16134 = ORIENTED_EDGE('',*,*,#16135,.T.);
#16135 = EDGE_CURVE('',#15367,#16136,#16138,.T.);
#16136 = VERTEX_POINT('',#16137);
#16137 = CARTESIAN_POINT('',(0.16,0.16,-3.));
#16138 = LINE('',#16139,#16140);
#16139 = CARTESIAN_POINT('',(5.333333333333E-02,5.333333333333E-02,
    -3.106666666667));
#16140 = VECTOR('',#16141,1.);
#16141 = DIRECTION('',(-0.57735026919,-0.57735026919,-0.57735026919));
#16142 = ORIENTED_EDGE('',*,*,#16143,.F.);
#16143 = EDGE_CURVE('',#16127,#16136,#16144,.T.);
#16144 = LINE('',#16145,#16146);
#16145 = CARTESIAN_POINT('',(0.16,-0.32,-3.));
#16146 = VECTOR('',#16147,1.);
#16147 = DIRECTION('',(0.,1.,0.));
#16148 = PLANE('',#16149);
#16149 = AXIS2_PLACEMENT_3D('',#16150,#16151,#16152);
#16150 = CARTESIAN_POINT('',(0.24,-0.32,-2.92));
#16151 = DIRECTION('',(-0.707106781187,1.735167508357E-18,0.707106781187
    ));
#16152 = DIRECTION('',(1.226948711654E-18,1.,-1.226948711654E-18));
#16153 = ADVANCED_FACE('',(#16154),#16172,.F.);
#16154 = FACE_BOUND('',#16155,.T.);
#16155 = EDGE_LOOP('',(#16156,#16164,#16165,#16166));
#16156 = ORIENTED_EDGE('',*,*,#16157,.F.);
#16157 = EDGE_CURVE('',#15391,#16158,#16160,.T.);
#16158 = VERTEX_POINT('',#16159);
#16159 = CARTESIAN_POINT('',(-0.16,0.16,-3.));
#16160 = LINE('',#16161,#16162);
#16161 = CARTESIAN_POINT('',(-0.16,0.16,-3.));
#16162 = VECTOR('',#16163,1.);
#16163 = DIRECTION('',(0.57735026919,-0.57735026919,-0.57735026919));
#16164 = ORIENTED_EDGE('',*,*,#15390,.T.);
#16165 = ORIENTED_EDGE('',*,*,#16135,.T.);
#16166 = ORIENTED_EDGE('',*,*,#16167,.F.);
#16167 = EDGE_CURVE('',#16158,#16136,#16168,.T.);
#16168 = LINE('',#16169,#16170);
#16169 = CARTESIAN_POINT('',(-0.32,0.16,-3.));
#16170 = VECTOR('',#16171,1.);
#16171 = DIRECTION('',(1.,0.,0.));
#16172 = PLANE('',#16173);
#16173 = AXIS2_PLACEMENT_3D('',#16174,#16175,#16176);
#16174 = CARTESIAN_POINT('',(-0.32,0.24,-2.92));
#16175 = DIRECTION('',(-1.735167508357E-18,-0.707106781187,
    0.707106781187));
#16176 = DIRECTION('',(-1.,1.226948711654E-18,-1.226948711654E-18));
#16177 = ADVANCED_FACE('',(#16178),#16196,.T.);
#16178 = FACE_BOUND('',#16179,.T.);
#16179 = EDGE_LOOP('',(#16180,#16188,#16189,#16190));
#16180 = ORIENTED_EDGE('',*,*,#16181,.F.);
#16181 = EDGE_CURVE('',#15414,#16182,#16184,.T.);
#16182 = VERTEX_POINT('',#16183);
#16183 = CARTESIAN_POINT('',(-0.16,-0.16,-3.));
#16184 = LINE('',#16185,#16186);
#16185 = CARTESIAN_POINT('',(-0.266666666667,-0.266666666667,
    -2.893333333333));
#16186 = VECTOR('',#16187,1.);
#16187 = DIRECTION('',(0.57735026919,0.57735026919,-0.57735026919));
#16188 = ORIENTED_EDGE('',*,*,#15421,.T.);
#16189 = ORIENTED_EDGE('',*,*,#16157,.T.);
#16190 = ORIENTED_EDGE('',*,*,#16191,.F.);
#16191 = EDGE_CURVE('',#16182,#16158,#16192,.T.);
#16192 = LINE('',#16193,#16194);
#16193 = CARTESIAN_POINT('',(-0.16,-0.32,-3.));
#16194 = VECTOR('',#16195,1.);
#16195 = DIRECTION('',(0.,1.,0.));
#16196 = PLANE('',#16197);
#16197 = AXIS2_PLACEMENT_3D('',#16198,#16199,#16200);
#16198 = CARTESIAN_POINT('',(-0.24,-0.32,-2.92));
#16199 = DIRECTION('',(-0.707106781187,-1.735167508357E-18,
    -0.707106781187));
#16200 = DIRECTION('',(-1.226948711654E-18,1.,-1.226948711654E-18));
#16201 = ADVANCED_FACE('',(#16202),#16213,.T.);
#16202 = FACE_BOUND('',#16203,.F.);
#16203 = EDGE_LOOP('',(#16204,#16205,#16206,#16207));
#16204 = ORIENTED_EDGE('',*,*,#16181,.F.);
#16205 = ORIENTED_EDGE('',*,*,#15438,.T.);
#16206 = ORIENTED_EDGE('',*,*,#16126,.T.);
#16207 = ORIENTED_EDGE('',*,*,#16208,.F.);
#16208 = EDGE_CURVE('',#16182,#16127,#16209,.T.);
#16209 = LINE('',#16210,#16211);
#16210 = CARTESIAN_POINT('',(-0.32,-0.16,-3.));
#16211 = VECTOR('',#16212,1.);
#16212 = DIRECTION('',(1.,0.,0.));
#16213 = PLANE('',#16214);
#16214 = AXIS2_PLACEMENT_3D('',#16215,#16216,#16217);
#16215 = CARTESIAN_POINT('',(-0.32,-0.24,-2.92));
#16216 = DIRECTION('',(1.735167508357E-18,-0.707106781187,
    -0.707106781187));
#16217 = DIRECTION('',(-1.,-1.226948711654E-18,-1.226948711654E-18));
#16218 = ADVANCED_FACE('',(#16219),#16244,.F.);
#16219 = FACE_BOUND('',#16220,.T.);
#16220 = EDGE_LOOP('',(#16221,#16229,#16230,#16238));
#16221 = ORIENTED_EDGE('',*,*,#16222,.F.);
#16222 = EDGE_CURVE('',#15463,#16223,#16225,.T.);
#16223 = VERTEX_POINT('',#16224);
#16224 = CARTESIAN_POINT('',(-0.16,-2.38,-3.));
#16225 = LINE('',#16226,#16227);
#16226 = CARTESIAN_POINT('',(-0.16,-2.38,-3.));
#16227 = VECTOR('',#16228,1.);
#16228 = DIRECTION('',(0.57735026919,-0.57735026919,-0.57735026919));
#16229 = ORIENTED_EDGE('',*,*,#15462,.T.);
#16230 = ORIENTED_EDGE('',*,*,#16231,.T.);
#16231 = EDGE_CURVE('',#15455,#16232,#16234,.T.);
#16232 = VERTEX_POINT('',#16233);
#16233 = CARTESIAN_POINT('',(0.16,-2.38,-3.));
#16234 = LINE('',#16235,#16236);
#16235 = CARTESIAN_POINT('',(5.333333333333E-02,-2.486666666667,
    -3.106666666667));
#16236 = VECTOR('',#16237,1.);
#16237 = DIRECTION('',(-0.57735026919,-0.57735026919,-0.57735026919));
#16238 = ORIENTED_EDGE('',*,*,#16239,.F.);
#16239 = EDGE_CURVE('',#16223,#16232,#16240,.T.);
#16240 = LINE('',#16241,#16242);
#16241 = CARTESIAN_POINT('',(-0.32,-2.38,-3.));
#16242 = VECTOR('',#16243,1.);
#16243 = DIRECTION('',(1.,0.,0.));
#16244 = PLANE('',#16245);
#16245 = AXIS2_PLACEMENT_3D('',#16246,#16247,#16248);
#16246 = CARTESIAN_POINT('',(-0.32,-2.3,-2.92));
#16247 = DIRECTION('',(-1.735167508357E-18,-0.707106781187,
    0.707106781187));
#16248 = DIRECTION('',(-1.,1.226948711654E-18,-1.226948711654E-18));
#16249 = ADVANCED_FACE('',(#16250),#16268,.T.);
#16250 = FACE_BOUND('',#16251,.T.);
#16251 = EDGE_LOOP('',(#16252,#16260,#16261,#16262));
#16252 = ORIENTED_EDGE('',*,*,#16253,.F.);
#16253 = EDGE_CURVE('',#15486,#16254,#16256,.T.);
#16254 = VERTEX_POINT('',#16255);
#16255 = CARTESIAN_POINT('',(-0.16,-2.7,-3.));
#16256 = LINE('',#16257,#16258);
#16257 = CARTESIAN_POINT('',(-0.266666666667,-2.806666666667,
    -2.893333333333));
#16258 = VECTOR('',#16259,1.);
#16259 = DIRECTION('',(0.57735026919,0.57735026919,-0.57735026919));
#16260 = ORIENTED_EDGE('',*,*,#15493,.T.);
#16261 = ORIENTED_EDGE('',*,*,#16222,.T.);
#16262 = ORIENTED_EDGE('',*,*,#16263,.F.);
#16263 = EDGE_CURVE('',#16254,#16223,#16264,.T.);
#16264 = LINE('',#16265,#16266);
#16265 = CARTESIAN_POINT('',(-0.16,-2.86,-3.));
#16266 = VECTOR('',#16267,1.);
#16267 = DIRECTION('',(0.,1.,0.));
#16268 = PLANE('',#16269);
#16269 = AXIS2_PLACEMENT_3D('',#16270,#16271,#16272);
#16270 = CARTESIAN_POINT('',(-0.24,-2.86,-2.92));
#16271 = DIRECTION('',(-0.707106781187,-1.735167508357E-18,
    -0.707106781187));
#16272 = DIRECTION('',(-1.226948711654E-18,1.,-1.226948711654E-18));
#16273 = ADVANCED_FACE('',(#16274),#16292,.T.);
#16274 = FACE_BOUND('',#16275,.F.);
#16275 = EDGE_LOOP('',(#16276,#16277,#16278,#16286));
#16276 = ORIENTED_EDGE('',*,*,#16253,.F.);
#16277 = ORIENTED_EDGE('',*,*,#15517,.T.);
#16278 = ORIENTED_EDGE('',*,*,#16279,.T.);
#16279 = EDGE_CURVE('',#15510,#16280,#16282,.T.);
#16280 = VERTEX_POINT('',#16281);
#16281 = CARTESIAN_POINT('',(0.16,-2.7,-3.));
#16282 = LINE('',#16283,#16284);
#16283 = CARTESIAN_POINT('',(0.16,-2.7,-3.));
#16284 = VECTOR('',#16285,1.);
#16285 = DIRECTION('',(-0.57735026919,0.57735026919,-0.57735026919));
#16286 = ORIENTED_EDGE('',*,*,#16287,.F.);
#16287 = EDGE_CURVE('',#16254,#16280,#16288,.T.);
#16288 = LINE('',#16289,#16290);
#16289 = CARTESIAN_POINT('',(-0.32,-2.7,-3.));
#16290 = VECTOR('',#16291,1.);
#16291 = DIRECTION('',(1.,0.,0.));
#16292 = PLANE('',#16293);
#16293 = AXIS2_PLACEMENT_3D('',#16294,#16295,#16296);
#16294 = CARTESIAN_POINT('',(-0.32,-2.78,-2.92));
#16295 = DIRECTION('',(1.735167508357E-18,-0.707106781187,
    -0.707106781187));
#16296 = DIRECTION('',(-1.,-1.226948711654E-18,-1.226948711654E-18));
#16297 = ADVANCED_FACE('',(#16298),#16309,.F.);
#16298 = FACE_BOUND('',#16299,.F.);
#16299 = EDGE_LOOP('',(#16300,#16301,#16302,#16303));
#16300 = ORIENTED_EDGE('',*,*,#16279,.F.);
#16301 = ORIENTED_EDGE('',*,*,#15534,.T.);
#16302 = ORIENTED_EDGE('',*,*,#16231,.T.);
#16303 = ORIENTED_EDGE('',*,*,#16304,.F.);
#16304 = EDGE_CURVE('',#16280,#16232,#16305,.T.);
#16305 = LINE('',#16306,#16307);
#16306 = CARTESIAN_POINT('',(0.16,-2.86,-3.));
#16307 = VECTOR('',#16308,1.);
#16308 = DIRECTION('',(0.,1.,0.));
#16309 = PLANE('',#16310);
#16310 = AXIS2_PLACEMENT_3D('',#16311,#16312,#16313);
#16311 = CARTESIAN_POINT('',(0.24,-2.86,-2.92));
#16312 = DIRECTION('',(-0.707106781187,1.735167508357E-18,0.707106781187
    ));
#16313 = DIRECTION('',(1.226948711654E-18,1.,-1.226948711654E-18));
#16314 = ADVANCED_FACE('',(#16315),#16340,.T.);
#16315 = FACE_BOUND('',#16316,.F.);
#16316 = EDGE_LOOP('',(#16317,#16325,#16326,#16334));
#16317 = ORIENTED_EDGE('',*,*,#16318,.F.);
#16318 = EDGE_CURVE('',#15560,#16319,#16321,.T.);
#16319 = VERTEX_POINT('',#16320);
#16320 = CARTESIAN_POINT('',(-0.16,-4.92,8.54));
#16321 = LINE('',#16322,#16323);
#16322 = CARTESIAN_POINT('',(-0.16,-4.92,8.54));
#16323 = VECTOR('',#16324,1.);
#16324 = DIRECTION('',(0.57735026919,-0.57735026919,0.57735026919));
#16325 = ORIENTED_EDGE('',*,*,#15567,.T.);
#16326 = ORIENTED_EDGE('',*,*,#16327,.T.);
#16327 = EDGE_CURVE('',#15551,#16328,#16330,.T.);
#16328 = VERTEX_POINT('',#16329);
#16329 = CARTESIAN_POINT('',(0.16,-4.92,8.54));
#16330 = LINE('',#16331,#16332);
#16331 = CARTESIAN_POINT('',(5.333333333333E-02,-5.026666666667,
    8.646666666667));
#16332 = VECTOR('',#16333,1.);
#16333 = DIRECTION('',(-0.57735026919,-0.57735026919,0.57735026919));
#16334 = ORIENTED_EDGE('',*,*,#16335,.F.);
#16335 = EDGE_CURVE('',#16319,#16328,#16336,.T.);
#16336 = LINE('',#16337,#16338);
#16337 = CARTESIAN_POINT('',(-0.32,-4.92,8.54));
#16338 = VECTOR('',#16339,1.);
#16339 = DIRECTION('',(1.,0.,0.));
#16340 = PLANE('',#16341);
#16341 = AXIS2_PLACEMENT_3D('',#16342,#16343,#16344);
#16342 = CARTESIAN_POINT('',(-0.32,-4.84,8.46));
#16343 = DIRECTION('',(1.735167508357E-18,0.707106781187,0.707106781187)
  );
#16344 = DIRECTION('',(-1.,1.226948711654E-18,1.226948711654E-18));
#16345 = ADVANCED_FACE('',(#16346),#16364,.F.);
#16346 = FACE_BOUND('',#16347,.F.);
#16347 = EDGE_LOOP('',(#16348,#16356,#16357,#16358));
#16348 = ORIENTED_EDGE('',*,*,#16349,.F.);
#16349 = EDGE_CURVE('',#15582,#16350,#16352,.T.);
#16350 = VERTEX_POINT('',#16351);
#16351 = CARTESIAN_POINT('',(-0.16,-5.24,8.54));
#16352 = LINE('',#16353,#16354);
#16353 = CARTESIAN_POINT('',(-0.266666666667,-5.346666666667,
    8.433333333333));
#16354 = VECTOR('',#16355,1.);
#16355 = DIRECTION('',(0.57735026919,0.57735026919,0.57735026919));
#16356 = ORIENTED_EDGE('',*,*,#15591,.T.);
#16357 = ORIENTED_EDGE('',*,*,#16318,.T.);
#16358 = ORIENTED_EDGE('',*,*,#16359,.F.);
#16359 = EDGE_CURVE('',#16350,#16319,#16360,.T.);
#16360 = LINE('',#16361,#16362);
#16361 = CARTESIAN_POINT('',(-0.16,-5.4,8.54));
#16362 = VECTOR('',#16363,1.);
#16363 = DIRECTION('',(0.,1.,0.));
#16364 = PLANE('',#16365);
#16365 = AXIS2_PLACEMENT_3D('',#16366,#16367,#16368);
#16366 = CARTESIAN_POINT('',(-0.24,-5.4,8.46));
#16367 = DIRECTION('',(0.707106781187,1.735167508357E-18,-0.707106781187
    ));
#16368 = DIRECTION('',(-1.226948711654E-18,1.,1.226948711654E-18));
#16369 = ADVANCED_FACE('',(#16370),#16388,.F.);
#16370 = FACE_BOUND('',#16371,.T.);
#16371 = EDGE_LOOP('',(#16372,#16373,#16374,#16382));
#16372 = ORIENTED_EDGE('',*,*,#16349,.F.);
#16373 = ORIENTED_EDGE('',*,*,#15615,.T.);
#16374 = ORIENTED_EDGE('',*,*,#16375,.T.);
#16375 = EDGE_CURVE('',#15606,#16376,#16378,.T.);
#16376 = VERTEX_POINT('',#16377);
#16377 = CARTESIAN_POINT('',(0.16,-5.24,8.54));
#16378 = LINE('',#16379,#16380);
#16379 = CARTESIAN_POINT('',(0.16,-5.24,8.54));
#16380 = VECTOR('',#16381,1.);
#16381 = DIRECTION('',(-0.57735026919,0.57735026919,0.57735026919));
#16382 = ORIENTED_EDGE('',*,*,#16383,.F.);
#16383 = EDGE_CURVE('',#16350,#16376,#16384,.T.);
#16384 = LINE('',#16385,#16386);
#16385 = CARTESIAN_POINT('',(-0.32,-5.24,8.54));
#16386 = VECTOR('',#16387,1.);
#16387 = DIRECTION('',(1.,0.,0.));
#16388 = PLANE('',#16389);
#16389 = AXIS2_PLACEMENT_3D('',#16390,#16391,#16392);
#16390 = CARTESIAN_POINT('',(-0.32,-5.32,8.46));
#16391 = DIRECTION('',(-1.735167508357E-18,0.707106781187,
    -0.707106781187));
#16392 = DIRECTION('',(-1.,-1.226948711654E-18,1.226948711654E-18));
#16393 = ADVANCED_FACE('',(#16394),#16405,.T.);
#16394 = FACE_BOUND('',#16395,.T.);
#16395 = EDGE_LOOP('',(#16396,#16397,#16398,#16399));
#16396 = ORIENTED_EDGE('',*,*,#16375,.F.);
#16397 = ORIENTED_EDGE('',*,*,#15632,.T.);
#16398 = ORIENTED_EDGE('',*,*,#16327,.T.);
#16399 = ORIENTED_EDGE('',*,*,#16400,.F.);
#16400 = EDGE_CURVE('',#16376,#16328,#16401,.T.);
#16401 = LINE('',#16402,#16403);
#16402 = CARTESIAN_POINT('',(0.16,-5.4,8.54));
#16403 = VECTOR('',#16404,1.);
#16404 = DIRECTION('',(0.,1.,0.));
#16405 = PLANE('',#16406);
#16406 = AXIS2_PLACEMENT_3D('',#16407,#16408,#16409);
#16407 = CARTESIAN_POINT('',(0.24,-5.4,8.46));
#16408 = DIRECTION('',(0.707106781187,-1.735167508357E-18,0.707106781187
    ));
#16409 = DIRECTION('',(1.226948711654E-18,1.,1.226948711654E-18));
#16410 = ADVANCED_FACE('',(#16411),#16436,.T.);
#16411 = FACE_BOUND('',#16412,.T.);
#16412 = EDGE_LOOP('',(#16413,#16421,#16422,#16430));
#16413 = ORIENTED_EDGE('',*,*,#16414,.F.);
#16414 = EDGE_CURVE('',#15647,#16415,#16417,.T.);
#16415 = VERTEX_POINT('',#16416);
#16416 = CARTESIAN_POINT('',(0.16,-7.78,8.54));
#16417 = LINE('',#16418,#16419);
#16418 = CARTESIAN_POINT('',(0.16,-7.78,8.54));
#16419 = VECTOR('',#16420,1.);
#16420 = DIRECTION('',(-0.57735026919,0.57735026919,0.57735026919));
#16421 = ORIENTED_EDGE('',*,*,#15663,.T.);
#16422 = ORIENTED_EDGE('',*,*,#16423,.T.);
#16423 = EDGE_CURVE('',#15656,#16424,#16426,.T.);
#16424 = VERTEX_POINT('',#16425);
#16425 = CARTESIAN_POINT('',(0.16,-7.46,8.54));
#16426 = LINE('',#16427,#16428);
#16427 = CARTESIAN_POINT('',(5.333333333333E-02,-7.566666666667,
    8.646666666667));
#16428 = VECTOR('',#16429,1.);
#16429 = DIRECTION('',(-0.57735026919,-0.57735026919,0.57735026919));
#16430 = ORIENTED_EDGE('',*,*,#16431,.F.);
#16431 = EDGE_CURVE('',#16415,#16424,#16432,.T.);
#16432 = LINE('',#16433,#16434);
#16433 = CARTESIAN_POINT('',(0.16,-7.94,8.54));
#16434 = VECTOR('',#16435,1.);
#16435 = DIRECTION('',(0.,1.,0.));
#16436 = PLANE('',#16437);
#16437 = AXIS2_PLACEMENT_3D('',#16438,#16439,#16440);
#16438 = CARTESIAN_POINT('',(0.24,-7.94,8.46));
#16439 = DIRECTION('',(0.707106781187,-1.735167508357E-18,0.707106781187
    ));
#16440 = DIRECTION('',(1.226948711654E-18,1.,1.226948711654E-18));
#16441 = ADVANCED_FACE('',(#16442),#16460,.T.);
#16442 = FACE_BOUND('',#16443,.F.);
#16443 = EDGE_LOOP('',(#16444,#16452,#16453,#16454));
#16444 = ORIENTED_EDGE('',*,*,#16445,.F.);
#16445 = EDGE_CURVE('',#15680,#16446,#16448,.T.);
#16446 = VERTEX_POINT('',#16447);
#16447 = CARTESIAN_POINT('',(-0.16,-7.46,8.54));
#16448 = LINE('',#16449,#16450);
#16449 = CARTESIAN_POINT('',(-0.16,-7.46,8.54));
#16450 = VECTOR('',#16451,1.);
#16451 = DIRECTION('',(0.57735026919,-0.57735026919,0.57735026919));
#16452 = ORIENTED_EDGE('',*,*,#15687,.T.);
#16453 = ORIENTED_EDGE('',*,*,#16423,.T.);
#16454 = ORIENTED_EDGE('',*,*,#16455,.F.);
#16455 = EDGE_CURVE('',#16446,#16424,#16456,.T.);
#16456 = LINE('',#16457,#16458);
#16457 = CARTESIAN_POINT('',(-0.32,-7.46,8.54));
#16458 = VECTOR('',#16459,1.);
#16459 = DIRECTION('',(1.,0.,0.));
#16460 = PLANE('',#16461);
#16461 = AXIS2_PLACEMENT_3D('',#16462,#16463,#16464);
#16462 = CARTESIAN_POINT('',(-0.32,-7.38,8.46));
#16463 = DIRECTION('',(1.735167508357E-18,0.707106781187,0.707106781187)
  );
#16464 = DIRECTION('',(-1.,1.226948711654E-18,1.226948711654E-18));
#16465 = ADVANCED_FACE('',(#16466),#16484,.F.);
#16466 = FACE_BOUND('',#16467,.F.);
#16467 = EDGE_LOOP('',(#16468,#16476,#16477,#16478));
#16468 = ORIENTED_EDGE('',*,*,#16469,.F.);
#16469 = EDGE_CURVE('',#15702,#16470,#16472,.T.);
#16470 = VERTEX_POINT('',#16471);
#16471 = CARTESIAN_POINT('',(-0.16,-7.78,8.54));
#16472 = LINE('',#16473,#16474);
#16473 = CARTESIAN_POINT('',(-0.266666666667,-7.886666666667,
    8.433333333333));
#16474 = VECTOR('',#16475,1.);
#16475 = DIRECTION('',(0.57735026919,0.57735026919,0.57735026919));
#16476 = ORIENTED_EDGE('',*,*,#15711,.T.);
#16477 = ORIENTED_EDGE('',*,*,#16445,.T.);
#16478 = ORIENTED_EDGE('',*,*,#16479,.F.);
#16479 = EDGE_CURVE('',#16470,#16446,#16480,.T.);
#16480 = LINE('',#16481,#16482);
#16481 = CARTESIAN_POINT('',(-0.16,-7.94,8.54));
#16482 = VECTOR('',#16483,1.);
#16483 = DIRECTION('',(0.,1.,0.));
#16484 = PLANE('',#16485);
#16485 = AXIS2_PLACEMENT_3D('',#16486,#16487,#16488);
#16486 = CARTESIAN_POINT('',(-0.24,-7.94,8.46));
#16487 = DIRECTION('',(0.707106781187,1.735167508357E-18,-0.707106781187
    ));
#16488 = DIRECTION('',(-1.226948711654E-18,1.,1.226948711654E-18));
#16489 = ADVANCED_FACE('',(#16490),#16501,.F.);
#16490 = FACE_BOUND('',#16491,.T.);
#16491 = EDGE_LOOP('',(#16492,#16493,#16494,#16495));
#16492 = ORIENTED_EDGE('',*,*,#16469,.F.);
#16493 = ORIENTED_EDGE('',*,*,#15728,.T.);
#16494 = ORIENTED_EDGE('',*,*,#16414,.T.);
#16495 = ORIENTED_EDGE('',*,*,#16496,.F.);
#16496 = EDGE_CURVE('',#16470,#16415,#16497,.T.);
#16497 = LINE('',#16498,#16499);
#16498 = CARTESIAN_POINT('',(-0.32,-7.78,8.54));
#16499 = VECTOR('',#16500,1.);
#16500 = DIRECTION('',(1.,0.,0.));
#16501 = PLANE('',#16502);
#16502 = AXIS2_PLACEMENT_3D('',#16503,#16504,#16505);
#16503 = CARTESIAN_POINT('',(-0.32,-7.86,8.46));
#16504 = DIRECTION('',(-1.735167508357E-18,0.707106781187,
    -0.707106781187));
#16505 = DIRECTION('',(-1.,-1.226948711654E-18,1.226948711654E-18));
#16506 = ADVANCED_FACE('',(#16507),#16532,.T.);
#16507 = FACE_BOUND('',#16508,.T.);
#16508 = EDGE_LOOP('',(#16509,#16517,#16518,#16526));
#16509 = ORIENTED_EDGE('',*,*,#16510,.F.);
#16510 = EDGE_CURVE('',#15743,#16511,#16513,.T.);
#16511 = VERTEX_POINT('',#16512);
#16512 = CARTESIAN_POINT('',(0.16,-0.16,8.54));
#16513 = LINE('',#16514,#16515);
#16514 = CARTESIAN_POINT('',(0.16,-0.16,8.54));
#16515 = VECTOR('',#16516,1.);
#16516 = DIRECTION('',(-0.57735026919,0.57735026919,0.57735026919));
#16517 = ORIENTED_EDGE('',*,*,#15759,.T.);
#16518 = ORIENTED_EDGE('',*,*,#16519,.T.);
#16519 = EDGE_CURVE('',#15752,#16520,#16522,.T.);
#16520 = VERTEX_POINT('',#16521);
#16521 = CARTESIAN_POINT('',(0.16,0.16,8.54));
#16522 = LINE('',#16523,#16524);
#16523 = CARTESIAN_POINT('',(5.333333333333E-02,5.333333333333E-02,
    8.646666666667));
#16524 = VECTOR('',#16525,1.);
#16525 = DIRECTION('',(-0.57735026919,-0.57735026919,0.57735026919));
#16526 = ORIENTED_EDGE('',*,*,#16527,.F.);
#16527 = EDGE_CURVE('',#16511,#16520,#16528,.T.);
#16528 = LINE('',#16529,#16530);
#16529 = CARTESIAN_POINT('',(0.16,-0.32,8.54));
#16530 = VECTOR('',#16531,1.);
#16531 = DIRECTION('',(0.,1.,0.));
#16532 = PLANE('',#16533);
#16533 = AXIS2_PLACEMENT_3D('',#16534,#16535,#16536);
#16534 = CARTESIAN_POINT('',(0.24,-0.32,8.46));
#16535 = DIRECTION('',(0.707106781187,-1.735167508357E-18,0.707106781187
    ));
#16536 = DIRECTION('',(1.226948711654E-18,1.,1.226948711654E-18));
#16537 = ADVANCED_FACE('',(#16538),#16556,.T.);
#16538 = FACE_BOUND('',#16539,.F.);
#16539 = EDGE_LOOP('',(#16540,#16548,#16549,#16550));
#16540 = ORIENTED_EDGE('',*,*,#16541,.F.);
#16541 = EDGE_CURVE('',#15776,#16542,#16544,.T.);
#16542 = VERTEX_POINT('',#16543);
#16543 = CARTESIAN_POINT('',(-0.16,0.16,8.54));
#16544 = LINE('',#16545,#16546);
#16545 = CARTESIAN_POINT('',(-0.16,0.16,8.54));
#16546 = VECTOR('',#16547,1.);
#16547 = DIRECTION('',(0.57735026919,-0.57735026919,0.57735026919));
#16548 = ORIENTED_EDGE('',*,*,#15783,.T.);
#16549 = ORIENTED_EDGE('',*,*,#16519,.T.);
#16550 = ORIENTED_EDGE('',*,*,#16551,.F.);
#16551 = EDGE_CURVE('',#16542,#16520,#16552,.T.);
#16552 = LINE('',#16553,#16554);
#16553 = CARTESIAN_POINT('',(-0.32,0.16,8.54));
#16554 = VECTOR('',#16555,1.);
#16555 = DIRECTION('',(1.,0.,0.));
#16556 = PLANE('',#16557);
#16557 = AXIS2_PLACEMENT_3D('',#16558,#16559,#16560);
#16558 = CARTESIAN_POINT('',(-0.32,0.24,8.46));
#16559 = DIRECTION('',(1.735167508357E-18,0.707106781187,0.707106781187)
  );
#16560 = DIRECTION('',(-1.,1.226948711654E-18,1.226948711654E-18));
#16561 = ADVANCED_FACE('',(#16562),#16580,.F.);
#16562 = FACE_BOUND('',#16563,.F.);
#16563 = EDGE_LOOP('',(#16564,#16572,#16573,#16574));
#16564 = ORIENTED_EDGE('',*,*,#16565,.F.);
#16565 = EDGE_CURVE('',#15798,#16566,#16568,.T.);
#16566 = VERTEX_POINT('',#16567);
#16567 = CARTESIAN_POINT('',(-0.16,-0.16,8.54));
#16568 = LINE('',#16569,#16570);
#16569 = CARTESIAN_POINT('',(-0.266666666667,-0.266666666667,
    8.433333333333));
#16570 = VECTOR('',#16571,1.);
#16571 = DIRECTION('',(0.57735026919,0.57735026919,0.57735026919));
#16572 = ORIENTED_EDGE('',*,*,#15807,.T.);
#16573 = ORIENTED_EDGE('',*,*,#16541,.T.);
#16574 = ORIENTED_EDGE('',*,*,#16575,.F.);
#16575 = EDGE_CURVE('',#16566,#16542,#16576,.T.);
#16576 = LINE('',#16577,#16578);
#16577 = CARTESIAN_POINT('',(-0.16,-0.32,8.54));
#16578 = VECTOR('',#16579,1.);
#16579 = DIRECTION('',(0.,1.,0.));
#16580 = PLANE('',#16581);
#16581 = AXIS2_PLACEMENT_3D('',#16582,#16583,#16584);
#16582 = CARTESIAN_POINT('',(-0.24,-0.32,8.46));
#16583 = DIRECTION('',(0.707106781187,1.735167508357E-18,-0.707106781187
    ));
#16584 = DIRECTION('',(-1.226948711654E-18,1.,1.226948711654E-18));
#16585 = ADVANCED_FACE('',(#16586),#16597,.F.);
#16586 = FACE_BOUND('',#16587,.T.);
#16587 = EDGE_LOOP('',(#16588,#16589,#16590,#16591));
#16588 = ORIENTED_EDGE('',*,*,#16565,.F.);
#16589 = ORIENTED_EDGE('',*,*,#15824,.T.);
#16590 = ORIENTED_EDGE('',*,*,#16510,.T.);
#16591 = ORIENTED_EDGE('',*,*,#16592,.F.);
#16592 = EDGE_CURVE('',#16566,#16511,#16593,.T.);
#16593 = LINE('',#16594,#16595);
#16594 = CARTESIAN_POINT('',(-0.32,-0.16,8.54));
#16595 = VECTOR('',#16596,1.);
#16596 = DIRECTION('',(1.,0.,0.));
#16597 = PLANE('',#16598);
#16598 = AXIS2_PLACEMENT_3D('',#16599,#16600,#16601);
#16599 = CARTESIAN_POINT('',(-0.32,-0.24,8.46));
#16600 = DIRECTION('',(-1.735167508357E-18,0.707106781187,
    -0.707106781187));
#16601 = DIRECTION('',(-1.,-1.226948711654E-18,1.226948711654E-18));
#16602 = ADVANCED_FACE('',(#16603),#16628,.T.);
#16603 = FACE_BOUND('',#16604,.F.);
#16604 = EDGE_LOOP('',(#16605,#16613,#16614,#16622));
#16605 = ORIENTED_EDGE('',*,*,#16606,.F.);
#16606 = EDGE_CURVE('',#15848,#16607,#16609,.T.);
#16607 = VERTEX_POINT('',#16608);
#16608 = CARTESIAN_POINT('',(-0.16,-2.38,8.54));
#16609 = LINE('',#16610,#16611);
#16610 = CARTESIAN_POINT('',(-0.16,-2.38,8.54));
#16611 = VECTOR('',#16612,1.);
#16612 = DIRECTION('',(0.57735026919,-0.57735026919,0.57735026919));
#16613 = ORIENTED_EDGE('',*,*,#15855,.T.);
#16614 = ORIENTED_EDGE('',*,*,#16615,.T.);
#16615 = EDGE_CURVE('',#15839,#16616,#16618,.T.);
#16616 = VERTEX_POINT('',#16617);
#16617 = CARTESIAN_POINT('',(0.16,-2.38,8.54));
#16618 = LINE('',#16619,#16620);
#16619 = CARTESIAN_POINT('',(5.333333333333E-02,-2.486666666667,
    8.646666666667));
#16620 = VECTOR('',#16621,1.);
#16621 = DIRECTION('',(-0.57735026919,-0.57735026919,0.57735026919));
#16622 = ORIENTED_EDGE('',*,*,#16623,.F.);
#16623 = EDGE_CURVE('',#16607,#16616,#16624,.T.);
#16624 = LINE('',#16625,#16626);
#16625 = CARTESIAN_POINT('',(-0.32,-2.38,8.54));
#16626 = VECTOR('',#16627,1.);
#16627 = DIRECTION('',(1.,0.,0.));
#16628 = PLANE('',#16629);
#16629 = AXIS2_PLACEMENT_3D('',#16630,#16631,#16632);
#16630 = CARTESIAN_POINT('',(-0.32,-2.3,8.46));
#16631 = DIRECTION('',(1.735167508357E-18,0.707106781187,0.707106781187)
  );
#16632 = DIRECTION('',(-1.,1.226948711654E-18,1.226948711654E-18));
#16633 = ADVANCED_FACE('',(#16634),#16652,.F.);
#16634 = FACE_BOUND('',#16635,.F.);
#16635 = EDGE_LOOP('',(#16636,#16644,#16645,#16646));
#16636 = ORIENTED_EDGE('',*,*,#16637,.F.);
#16637 = EDGE_CURVE('',#15870,#16638,#16640,.T.);
#16638 = VERTEX_POINT('',#16639);
#16639 = CARTESIAN_POINT('',(-0.16,-2.7,8.54));
#16640 = LINE('',#16641,#16642);
#16641 = CARTESIAN_POINT('',(-0.266666666667,-2.806666666667,
    8.433333333333));
#16642 = VECTOR('',#16643,1.);
#16643 = DIRECTION('',(0.57735026919,0.57735026919,0.57735026919));
#16644 = ORIENTED_EDGE('',*,*,#15879,.T.);
#16645 = ORIENTED_EDGE('',*,*,#16606,.T.);
#16646 = ORIENTED_EDGE('',*,*,#16647,.F.);
#16647 = EDGE_CURVE('',#16638,#16607,#16648,.T.);
#16648 = LINE('',#16649,#16650);
#16649 = CARTESIAN_POINT('',(-0.16,-2.86,8.54));
#16650 = VECTOR('',#16651,1.);
#16651 = DIRECTION('',(0.,1.,0.));
#16652 = PLANE('',#16653);
#16653 = AXIS2_PLACEMENT_3D('',#16654,#16655,#16656);
#16654 = CARTESIAN_POINT('',(-0.24,-2.86,8.46));
#16655 = DIRECTION('',(0.707106781187,1.735167508357E-18,-0.707106781187
    ));
#16656 = DIRECTION('',(-1.226948711654E-18,1.,1.226948711654E-18));
#16657 = ADVANCED_FACE('',(#16658),#16676,.F.);
#16658 = FACE_BOUND('',#16659,.T.);
#16659 = EDGE_LOOP('',(#16660,#16661,#16662,#16670));
#16660 = ORIENTED_EDGE('',*,*,#16637,.F.);
#16661 = ORIENTED_EDGE('',*,*,#15903,.T.);
#16662 = ORIENTED_EDGE('',*,*,#16663,.T.);
#16663 = EDGE_CURVE('',#15894,#16664,#16666,.T.);
#16664 = VERTEX_POINT('',#16665);
#16665 = CARTESIAN_POINT('',(0.16,-2.7,8.54));
#16666 = LINE('',#16667,#16668);
#16667 = CARTESIAN_POINT('',(0.16,-2.7,8.54));
#16668 = VECTOR('',#16669,1.);
#16669 = DIRECTION('',(-0.57735026919,0.57735026919,0.57735026919));
#16670 = ORIENTED_EDGE('',*,*,#16671,.F.);
#16671 = EDGE_CURVE('',#16638,#16664,#16672,.T.);
#16672 = LINE('',#16673,#16674);
#16673 = CARTESIAN_POINT('',(-0.32,-2.7,8.54));
#16674 = VECTOR('',#16675,1.);
#16675 = DIRECTION('',(1.,0.,0.));
#16676 = PLANE('',#16677);
#16677 = AXIS2_PLACEMENT_3D('',#16678,#16679,#16680);
#16678 = CARTESIAN_POINT('',(-0.32,-2.78,8.46));
#16679 = DIRECTION('',(-1.735167508357E-18,0.707106781187,
    -0.707106781187));
#16680 = DIRECTION('',(-1.,-1.226948711654E-18,1.226948711654E-18));
#16681 = ADVANCED_FACE('',(#16682),#16693,.T.);
#16682 = FACE_BOUND('',#16683,.T.);
#16683 = EDGE_LOOP('',(#16684,#16685,#16686,#16687));
#16684 = ORIENTED_EDGE('',*,*,#16663,.F.);
#16685 = ORIENTED_EDGE('',*,*,#15920,.T.);
#16686 = ORIENTED_EDGE('',*,*,#16615,.T.);
#16687 = ORIENTED_EDGE('',*,*,#16688,.F.);
#16688 = EDGE_CURVE('',#16664,#16616,#16689,.T.);
#16689 = LINE('',#16690,#16691);
#16690 = CARTESIAN_POINT('',(0.16,-2.86,8.54));
#16691 = VECTOR('',#16692,1.);
#16692 = DIRECTION('',(0.,1.,0.));
#16693 = PLANE('',#16694);
#16694 = AXIS2_PLACEMENT_3D('',#16695,#16696,#16697);
#16695 = CARTESIAN_POINT('',(0.24,-2.86,8.46));
#16696 = DIRECTION('',(0.707106781187,-1.735167508357E-18,0.707106781187
    ));
#16697 = DIRECTION('',(1.226948711654E-18,1.,1.226948711654E-18));
#16698 = ADVANCED_FACE('',(#16699),#16705,.F.);
#16699 = FACE_BOUND('',#16700,.F.);
#16700 = EDGE_LOOP('',(#16701,#16702,#16703,#16704));
#16701 = ORIENTED_EDGE('',*,*,#16016,.T.);
#16702 = ORIENTED_EDGE('',*,*,#15951,.F.);
#16703 = ORIENTED_EDGE('',*,*,#15975,.F.);
#16704 = ORIENTED_EDGE('',*,*,#15999,.T.);
#16705 = PLANE('',#16706);
#16706 = AXIS2_PLACEMENT_3D('',#16707,#16708,#16709);
#16707 = CARTESIAN_POINT('',(-0.32,-5.4,-3.));
#16708 = DIRECTION('',(0.,0.,1.));
#16709 = DIRECTION('',(1.,0.,-0.));
#16710 = ADVANCED_FACE('',(#16711),#16717,.F.);
#16711 = FACE_BOUND('',#16712,.F.);
#16712 = EDGE_LOOP('',(#16713,#16714,#16715,#16716));
#16713 = ORIENTED_EDGE('',*,*,#16047,.T.);
#16714 = ORIENTED_EDGE('',*,*,#16071,.F.);
#16715 = ORIENTED_EDGE('',*,*,#16095,.F.);
#16716 = ORIENTED_EDGE('',*,*,#16112,.T.);
#16717 = PLANE('',#16718);
#16718 = AXIS2_PLACEMENT_3D('',#16719,#16720,#16721);
#16719 = CARTESIAN_POINT('',(-0.32,-7.94,-3.));
#16720 = DIRECTION('',(0.,0.,1.));
#16721 = DIRECTION('',(1.,0.,-0.));
#16722 = ADVANCED_FACE('',(#16723),#16729,.F.);
#16723 = FACE_BOUND('',#16724,.F.);
#16724 = EDGE_LOOP('',(#16725,#16726,#16727,#16728));
#16725 = ORIENTED_EDGE('',*,*,#16143,.T.);
#16726 = ORIENTED_EDGE('',*,*,#16167,.F.);
#16727 = ORIENTED_EDGE('',*,*,#16191,.F.);
#16728 = ORIENTED_EDGE('',*,*,#16208,.T.);
#16729 = PLANE('',#16730);
#16730 = AXIS2_PLACEMENT_3D('',#16731,#16732,#16733);
#16731 = CARTESIAN_POINT('',(-0.32,-0.32,-3.));
#16732 = DIRECTION('',(0.,0.,1.));
#16733 = DIRECTION('',(1.,0.,-0.));
#16734 = ADVANCED_FACE('',(#16735),#16741,.F.);
#16735 = FACE_BOUND('',#16736,.F.);
#16736 = EDGE_LOOP('',(#16737,#16738,#16739,#16740));
#16737 = ORIENTED_EDGE('',*,*,#16304,.T.);
#16738 = ORIENTED_EDGE('',*,*,#16239,.F.);
#16739 = ORIENTED_EDGE('',*,*,#16263,.F.);
#16740 = ORIENTED_EDGE('',*,*,#16287,.T.);
#16741 = PLANE('',#16742);
#16742 = AXIS2_PLACEMENT_3D('',#16743,#16744,#16745);
#16743 = CARTESIAN_POINT('',(-0.32,-2.86,-3.));
#16744 = DIRECTION('',(0.,0.,1.));
#16745 = DIRECTION('',(1.,0.,-0.));
#16746 = ADVANCED_FACE('',(#16747),#16753,.T.);
#16747 = FACE_BOUND('',#16748,.T.);
#16748 = EDGE_LOOP('',(#16749,#16750,#16751,#16752));
#16749 = ORIENTED_EDGE('',*,*,#16400,.T.);
#16750 = ORIENTED_EDGE('',*,*,#16335,.F.);
#16751 = ORIENTED_EDGE('',*,*,#16359,.F.);
#16752 = ORIENTED_EDGE('',*,*,#16383,.T.);
#16753 = PLANE('',#16754);
#16754 = AXIS2_PLACEMENT_3D('',#16755,#16756,#16757);
#16755 = CARTESIAN_POINT('',(-0.32,-5.4,8.54));
#16756 = DIRECTION('',(0.,0.,1.));
#16757 = DIRECTION('',(1.,0.,-0.));
#16758 = ADVANCED_FACE('',(#16759),#16765,.T.);
#16759 = FACE_BOUND('',#16760,.T.);
#16760 = EDGE_LOOP('',(#16761,#16762,#16763,#16764));
#16761 = ORIENTED_EDGE('',*,*,#16431,.T.);
#16762 = ORIENTED_EDGE('',*,*,#16455,.F.);
#16763 = ORIENTED_EDGE('',*,*,#16479,.F.);
#16764 = ORIENTED_EDGE('',*,*,#16496,.T.);
#16765 = PLANE('',#16766);
#16766 = AXIS2_PLACEMENT_3D('',#16767,#16768,#16769);
#16767 = CARTESIAN_POINT('',(-0.32,-7.94,8.54));
#16768 = DIRECTION('',(0.,0.,1.));
#16769 = DIRECTION('',(1.,0.,-0.));
#16770 = ADVANCED_FACE('',(#16771),#16777,.T.);
#16771 = FACE_BOUND('',#16772,.T.);
#16772 = EDGE_LOOP('',(#16773,#16774,#16775,#16776));
#16773 = ORIENTED_EDGE('',*,*,#16527,.T.);
#16774 = ORIENTED_EDGE('',*,*,#16551,.F.);
#16775 = ORIENTED_EDGE('',*,*,#16575,.F.);
#16776 = ORIENTED_EDGE('',*,*,#16592,.T.);
#16777 = PLANE('',#16778);
#16778 = AXIS2_PLACEMENT_3D('',#16779,#16780,#16781);
#16779 = CARTESIAN_POINT('',(-0.32,-0.32,8.54));
#16780 = DIRECTION('',(0.,0.,1.));
#16781 = DIRECTION('',(1.,0.,-0.));
#16782 = ADVANCED_FACE('',(#16783),#16789,.T.);
#16783 = FACE_BOUND('',#16784,.T.);
#16784 = EDGE_LOOP('',(#16785,#16786,#16787,#16788));
#16785 = ORIENTED_EDGE('',*,*,#16688,.T.);
#16786 = ORIENTED_EDGE('',*,*,#16623,.F.);
#16787 = ORIENTED_EDGE('',*,*,#16647,.F.);
#16788 = ORIENTED_EDGE('',*,*,#16671,.T.);
#16789 = PLANE('',#16790);
#16790 = AXIS2_PLACEMENT_3D('',#16791,#16792,#16793);
#16791 = CARTESIAN_POINT('',(-0.32,-2.86,8.54));
#16792 = DIRECTION('',(0.,0.,1.));
#16793 = DIRECTION('',(1.,0.,-0.));
#16794 = ( GEOMETRIC_REPRESENTATION_CONTEXT(3) 
GLOBAL_UNCERTAINTY_ASSIGNED_CONTEXT((#16798)) 
GLOBAL_UNIT_ASSIGNED_CONTEXT((#16795,#16796,#16797)) 
REPRESENTATION_CONTEXT('Context #1',
  '3D Context with UNIT and UNCERTAINTY') );
#16795 = ( LENGTH_UNIT() NAMED_UNIT(*) SI_UNIT(.MILLI.,.METRE.) );
#16796 = ( NAMED_UNIT(*) PLANE_ANGLE_UNIT() SI_UNIT($,.RADIAN.) );
#16797 = ( NAMED_UNIT(*) SI_UNIT($,.STERADIAN.) SOLID_ANGLE_UNIT() );
#16798 = UNCERTAINTY_MEASURE_WITH_UNIT(LENGTH_MEASURE(1.E-07),#16795,
  'distance_accuracy_value','confusion accuracy');
#16799 = CONTEXT_DEPENDENT_SHAPE_REPRESENTATION(#16800,#16802);
#16800 = ( REPRESENTATION_RELATIONSHIP('','',#14013,#13990) 
REPRESENTATION_RELATIONSHIP_WITH_TRANSFORMATION(#16801) 
SHAPE_REPRESENTATION_RELATIONSHIP() );
#16801 = ITEM_DEFINED_TRANSFORMATION('','',#11,#13991);
#16802 = PRODUCT_DEFINITION_SHAPE('Placement','Placement of an item',
  #16803);
#16803 = NEXT_ASSEMBLY_USAGE_OCCURRENCE('21','=>[0:1:1:15]','',#13985,
  #14008,$);
#16804 = PRODUCT_RELATED_PRODUCT_CATEGORY('part',$,(#14010));
#16805 = CONTEXT_DEPENDENT_SHAPE_REPRESENTATION(#16806,#16808);
#16806 = ( REPRESENTATION_RELATIONSHIP('','',#13990,#10) 
REPRESENTATION_RELATIONSHIP_WITH_TRANSFORMATION(#16807) 
SHAPE_REPRESENTATION_RELATIONSHIP() );
#16807 = ITEM_DEFINED_TRANSFORMATION('','',#11,#75);
#16808 = PRODUCT_DEFINITION_SHAPE('Placement','Placement of an item',
  #16809);
#16809 = NEXT_ASSEMBLY_USAGE_OCCURRENCE('23','J2','',#5,#13985,$);
#16810 = SHAPE_DEFINITION_REPRESENTATION(#16811,#16817);
#16811 = PRODUCT_DEFINITION_SHAPE('','',#16812);
#16812 = PRODUCT_DEFINITION('design','',#16813,#16816);
#16813 = PRODUCT_DEFINITION_FORMATION('','',#16814);
#16814 = PRODUCT('ES_004 - PCB_BRAKE_LIGHT_PCB',
  'ES_004 - PCB_BRAKE_LIGHT_PCB','',(#16815));
#16815 = PRODUCT_CONTEXT('',#2,'mechanical');
#16816 = PRODUCT_DEFINITION_CONTEXT('part definition',#2,'design');
#16817 = ADVANCED_BREP_SHAPE_REPRESENTATION('',(#11,#16818),#17420);
#16818 = MANIFOLD_SOLID_BREP('',#16819);
#16819 = CLOSED_SHELL('',(#16820,#16862,#16893,#16924,#17064,#17204,
    #17221,#17238,#17255,#17272,#17284,#17301,#17318,#17335,#17352,
    #17369,#17386,#17403));
#16820 = ADVANCED_FACE('',(#16821),#16857,.T.);
#16821 = FACE_BOUND('',#16822,.T.);
#16822 = EDGE_LOOP('',(#16823,#16833,#16842,#16850));
#16823 = ORIENTED_EDGE('',*,*,#16824,.T.);
#16824 = EDGE_CURVE('',#16825,#16827,#16829,.T.);
#16825 = VERTEX_POINT('',#16826);
#16826 = CARTESIAN_POINT('',(80.01,-71.374,0.));
#16827 = VERTEX_POINT('',#16828);
#16828 = CARTESIAN_POINT('',(80.01,-71.374,1.6));
#16829 = LINE('',#16830,#16831);
#16830 = CARTESIAN_POINT('',(80.01,-71.374,0.));
#16831 = VECTOR('',#16832,1.);
#16832 = DIRECTION('',(0.,0.,1.));
#16833 = ORIENTED_EDGE('',*,*,#16834,.T.);
#16834 = EDGE_CURVE('',#16827,#16835,#16837,.T.);
#16835 = VERTEX_POINT('',#16836);
#16836 = CARTESIAN_POINT('',(82.55,-73.914,1.6));
#16837 = CIRCLE('',#16838,2.540000765514);
#16838 = AXIS2_PLACEMENT_3D('',#16839,#16840,#16841);
#16839 = CARTESIAN_POINT('',(80.009999234486,-73.91400076551,1.6));
#16840 = DIRECTION('',(0.,0.,-1.));
#16841 = DIRECTION('',(3.013834474164E-07,1.,0.));
#16842 = ORIENTED_EDGE('',*,*,#16843,.F.);
#16843 = EDGE_CURVE('',#16844,#16835,#16846,.T.);
#16844 = VERTEX_POINT('',#16845);
#16845 = CARTESIAN_POINT('',(82.55,-73.914,0.));
#16846 = LINE('',#16847,#16848);
#16847 = CARTESIAN_POINT('',(82.55,-73.914,0.));
#16848 = VECTOR('',#16849,1.);
#16849 = DIRECTION('',(0.,0.,1.));
#16850 = ORIENTED_EDGE('',*,*,#16851,.F.);
#16851 = EDGE_CURVE('',#16825,#16844,#16852,.T.);
#16852 = CIRCLE('',#16853,2.540000765514);
#16853 = AXIS2_PLACEMENT_3D('',#16854,#16855,#16856);
#16854 = CARTESIAN_POINT('',(80.009999234486,-73.91400076551,0.));
#16855 = DIRECTION('',(0.,0.,-1.));
#16856 = DIRECTION('',(3.013834474164E-07,1.,0.));
#16857 = CYLINDRICAL_SURFACE('',#16858,2.540000765514);
#16858 = AXIS2_PLACEMENT_3D('',#16859,#16860,#16861);
#16859 = CARTESIAN_POINT('',(80.009999234486,-73.91400076551,0.));
#16860 = DIRECTION('',(0.,0.,-1.));
#16861 = DIRECTION('',(3.013834474164E-07,1.,0.));
#16862 = ADVANCED_FACE('',(#16863),#16888,.T.);
#16863 = FACE_BOUND('',#16864,.T.);
#16864 = EDGE_LOOP('',(#16865,#16875,#16881,#16882));
#16865 = ORIENTED_EDGE('',*,*,#16866,.T.);
#16866 = EDGE_CURVE('',#16867,#16869,#16871,.T.);
#16867 = VERTEX_POINT('',#16868);
#16868 = CARTESIAN_POINT('',(66.04,-71.374,0.));
#16869 = VERTEX_POINT('',#16870);
#16870 = CARTESIAN_POINT('',(66.04,-71.374,1.6));
#16871 = LINE('',#16872,#16873);
#16872 = CARTESIAN_POINT('',(66.04,-71.374,0.));
#16873 = VECTOR('',#16874,1.);
#16874 = DIRECTION('',(0.,0.,1.));
#16875 = ORIENTED_EDGE('',*,*,#16876,.T.);
#16876 = EDGE_CURVE('',#16869,#16827,#16877,.T.);
#16877 = LINE('',#16878,#16879);
#16878 = CARTESIAN_POINT('',(66.04,-71.374,1.6));
#16879 = VECTOR('',#16880,1.);
#16880 = DIRECTION('',(1.,0.,0.));
#16881 = ORIENTED_EDGE('',*,*,#16824,.F.);
#16882 = ORIENTED_EDGE('',*,*,#16883,.F.);
#16883 = EDGE_CURVE('',#16867,#16825,#16884,.T.);
#16884 = LINE('',#16885,#16886);
#16885 = CARTESIAN_POINT('',(66.04,-71.374,0.));
#16886 = VECTOR('',#16887,1.);
#16887 = DIRECTION('',(1.,0.,0.));
#16888 = PLANE('',#16889);
#16889 = AXIS2_PLACEMENT_3D('',#16890,#16891,#16892);
#16890 = CARTESIAN_POINT('',(66.04,-71.374,0.));
#16891 = DIRECTION('',(0.,1.,0.));
#16892 = DIRECTION('',(1.,0.,0.));
#16893 = ADVANCED_FACE('',(#16894),#16919,.T.);
#16894 = FACE_BOUND('',#16895,.T.);
#16895 = EDGE_LOOP('',(#16896,#16897,#16905,#16913));
#16896 = ORIENTED_EDGE('',*,*,#16843,.T.);
#16897 = ORIENTED_EDGE('',*,*,#16898,.T.);
#16898 = EDGE_CURVE('',#16835,#16899,#16901,.T.);
#16899 = VERTEX_POINT('',#16900);
#16900 = CARTESIAN_POINT('',(82.55,-103.886,1.6));
#16901 = LINE('',#16902,#16903);
#16902 = CARTESIAN_POINT('',(82.55,-73.914,1.6));
#16903 = VECTOR('',#16904,1.);
#16904 = DIRECTION('',(0.,-1.,0.));
#16905 = ORIENTED_EDGE('',*,*,#16906,.F.);
#16906 = EDGE_CURVE('',#16907,#16899,#16909,.T.);
#16907 = VERTEX_POINT('',#16908);
#16908 = CARTESIAN_POINT('',(82.55,-103.886,0.));
#16909 = LINE('',#16910,#16911);
#16910 = CARTESIAN_POINT('',(82.55,-103.886,0.));
#16911 = VECTOR('',#16912,1.);
#16912 = DIRECTION('',(0.,0.,1.));
#16913 = ORIENTED_EDGE('',*,*,#16914,.F.);
#16914 = EDGE_CURVE('',#16844,#16907,#16915,.T.);
#16915 = LINE('',#16916,#16917);
#16916 = CARTESIAN_POINT('',(82.55,-73.914,0.));
#16917 = VECTOR('',#16918,1.);
#16918 = DIRECTION('',(0.,-1.,0.));
#16919 = PLANE('',#16920);
#16920 = AXIS2_PLACEMENT_3D('',#16921,#16922,#16923);
#16921 = CARTESIAN_POINT('',(82.55,-73.914,0.));
#16922 = DIRECTION('',(1.,0.,-0.));
#16923 = DIRECTION('',(0.,-1.,0.));
#16924 = ADVANCED_FACE('',(#16925,#16971,#16982,#16993,#17004,#17015,
    #17026,#17037,#17048),#17059,.T.);
#16925 = FACE_BOUND('',#16926,.T.);
#16926 = EDGE_LOOP('',(#16927,#16928,#16929,#16938,#16946,#16955,#16963,
    #16970));
#16927 = ORIENTED_EDGE('',*,*,#16851,.T.);
#16928 = ORIENTED_EDGE('',*,*,#16914,.T.);
#16929 = ORIENTED_EDGE('',*,*,#16930,.T.);
#16930 = EDGE_CURVE('',#16907,#16931,#16933,.T.);
#16931 = VERTEX_POINT('',#16932);
#16932 = CARTESIAN_POINT('',(80.01,-106.426,0.));
#16933 = CIRCLE('',#16934,2.540000765514);
#16934 = AXIS2_PLACEMENT_3D('',#16935,#16936,#16937);
#16935 = CARTESIAN_POINT('',(80.009999234486,-103.8859992344,0.));
#16936 = DIRECTION('',(0.,0.,-1.));
#16937 = DIRECTION('',(1.,-3.013834418216E-07,0.));
#16938 = ORIENTED_EDGE('',*,*,#16939,.T.);
#16939 = EDGE_CURVE('',#16931,#16940,#16942,.T.);
#16940 = VERTEX_POINT('',#16941);
#16941 = CARTESIAN_POINT('',(66.04,-106.426,0.));
#16942 = LINE('',#16943,#16944);
#16943 = CARTESIAN_POINT('',(80.01,-106.426,0.));
#16944 = VECTOR('',#16945,1.);
#16945 = DIRECTION('',(-1.,0.,0.));
#16946 = ORIENTED_EDGE('',*,*,#16947,.T.);
#16947 = EDGE_CURVE('',#16940,#16948,#16950,.T.);
#16948 = VERTEX_POINT('',#16949);
#16949 = CARTESIAN_POINT('',(63.5,-103.886,0.));
#16950 = CIRCLE('',#16951,2.540000765514);
#16951 = AXIS2_PLACEMENT_3D('',#16952,#16953,#16954);
#16952 = CARTESIAN_POINT('',(66.040000765514,-103.8859992344,0.));
#16953 = DIRECTION('',(0.,0.,-1.));
#16954 = DIRECTION('',(-3.013834418216E-07,-1.,-0.));
#16955 = ORIENTED_EDGE('',*,*,#16956,.T.);
#16956 = EDGE_CURVE('',#16948,#16957,#16959,.T.);
#16957 = VERTEX_POINT('',#16958);
#16958 = CARTESIAN_POINT('',(63.5,-73.914,0.));
#16959 = LINE('',#16960,#16961);
#16960 = CARTESIAN_POINT('',(63.5,-103.886,0.));
#16961 = VECTOR('',#16962,1.);
#16962 = DIRECTION('',(0.,1.,0.));
#16963 = ORIENTED_EDGE('',*,*,#16964,.T.);
#16964 = EDGE_CURVE('',#16957,#16867,#16965,.T.);
#16965 = CIRCLE('',#16966,2.540000765514);
#16966 = AXIS2_PLACEMENT_3D('',#16967,#16968,#16969);
#16967 = CARTESIAN_POINT('',(66.040000765514,-73.91400076551,0.));
#16968 = DIRECTION('',(0.,0.,-1.));
#16969 = DIRECTION('',(-1.,3.013834418216E-07,0.));
#16970 = ORIENTED_EDGE('',*,*,#16883,.T.);
#16971 = FACE_BOUND('',#16972,.T.);
#16972 = EDGE_LOOP('',(#16973));
#16973 = ORIENTED_EDGE('',*,*,#16974,.F.);
#16974 = EDGE_CURVE('',#16975,#16975,#16977,.T.);
#16975 = VERTEX_POINT('',#16976);
#16976 = CARTESIAN_POINT('',(77.025,-103.45,0.));
#16977 = CIRCLE('',#16978,0.5);
#16978 = AXIS2_PLACEMENT_3D('',#16979,#16980,#16981);
#16979 = CARTESIAN_POINT('',(77.025,-102.95,0.));
#16980 = DIRECTION('',(-0.,0.,-1.));
#16981 = DIRECTION('',(-0.,-1.,0.));
#16982 = FACE_BOUND('',#16983,.T.);
#16983 = EDGE_LOOP('',(#16984));
#16984 = ORIENTED_EDGE('',*,*,#16985,.F.);
#16985 = EDGE_CURVE('',#16986,#16986,#16988,.T.);
#16986 = VERTEX_POINT('',#16987);
#16987 = CARTESIAN_POINT('',(74.485,-103.45,0.));
#16988 = CIRCLE('',#16989,0.5);
#16989 = AXIS2_PLACEMENT_3D('',#16990,#16991,#16992);
#16990 = CARTESIAN_POINT('',(74.485,-102.95,0.));
#16991 = DIRECTION('',(-0.,0.,-1.));
#16992 = DIRECTION('',(-0.,-1.,0.));
#16993 = FACE_BOUND('',#16994,.T.);
#16994 = EDGE_LOOP('',(#16995));
#16995 = ORIENTED_EDGE('',*,*,#16996,.F.);
#16996 = EDGE_CURVE('',#16997,#16997,#16999,.T.);
#16997 = VERTEX_POINT('',#16998);
#16998 = CARTESIAN_POINT('',(71.945,-103.45,0.));
#16999 = CIRCLE('',#17000,0.5);
#17000 = AXIS2_PLACEMENT_3D('',#17001,#17002,#17003);
#17001 = CARTESIAN_POINT('',(71.945,-102.95,0.));
#17002 = DIRECTION('',(-0.,0.,-1.));
#17003 = DIRECTION('',(-0.,-1.,0.));
#17004 = FACE_BOUND('',#17005,.T.);
#17005 = EDGE_LOOP('',(#17006));
#17006 = ORIENTED_EDGE('',*,*,#17007,.F.);
#17007 = EDGE_CURVE('',#17008,#17008,#17010,.T.);
#17008 = VERTEX_POINT('',#17009);
#17009 = CARTESIAN_POINT('',(69.405,-103.45,0.));
#17010 = CIRCLE('',#17011,0.5);
#17011 = AXIS2_PLACEMENT_3D('',#17012,#17013,#17014);
#17012 = CARTESIAN_POINT('',(69.405,-102.95,0.));
#17013 = DIRECTION('',(-0.,0.,-1.));
#17014 = DIRECTION('',(-0.,-1.,0.));
#17015 = FACE_BOUND('',#17016,.T.);
#17016 = EDGE_LOOP('',(#17017));
#17017 = ORIENTED_EDGE('',*,*,#17018,.F.);
#17018 = EDGE_CURVE('',#17019,#17019,#17021,.T.);
#17019 = VERTEX_POINT('',#17020);
#17020 = CARTESIAN_POINT('',(77.025,-75.025,0.));
#17021 = CIRCLE('',#17022,0.5);
#17022 = AXIS2_PLACEMENT_3D('',#17023,#17024,#17025);
#17023 = CARTESIAN_POINT('',(77.025,-74.525,0.));
#17024 = DIRECTION('',(-0.,0.,-1.));
#17025 = DIRECTION('',(-0.,-1.,0.));
#17026 = FACE_BOUND('',#17027,.T.);
#17027 = EDGE_LOOP('',(#17028));
#17028 = ORIENTED_EDGE('',*,*,#17029,.F.);
#17029 = EDGE_CURVE('',#17030,#17030,#17032,.T.);
#17030 = VERTEX_POINT('',#17031);
#17031 = CARTESIAN_POINT('',(74.485,-75.025,0.));
#17032 = CIRCLE('',#17033,0.5);
#17033 = AXIS2_PLACEMENT_3D('',#17034,#17035,#17036);
#17034 = CARTESIAN_POINT('',(74.485,-74.525,0.));
#17035 = DIRECTION('',(-0.,0.,-1.));
#17036 = DIRECTION('',(-0.,-1.,0.));
#17037 = FACE_BOUND('',#17038,.T.);
#17038 = EDGE_LOOP('',(#17039));
#17039 = ORIENTED_EDGE('',*,*,#17040,.F.);
#17040 = EDGE_CURVE('',#17041,#17041,#17043,.T.);
#17041 = VERTEX_POINT('',#17042);
#17042 = CARTESIAN_POINT('',(71.945,-75.025,0.));
#17043 = CIRCLE('',#17044,0.5);
#17044 = AXIS2_PLACEMENT_3D('',#17045,#17046,#17047);
#17045 = CARTESIAN_POINT('',(71.945,-74.525,0.));
#17046 = DIRECTION('',(-0.,0.,-1.));
#17047 = DIRECTION('',(-0.,-1.,0.));
#17048 = FACE_BOUND('',#17049,.T.);
#17049 = EDGE_LOOP('',(#17050));
#17050 = ORIENTED_EDGE('',*,*,#17051,.F.);
#17051 = EDGE_CURVE('',#17052,#17052,#17054,.T.);
#17052 = VERTEX_POINT('',#17053);
#17053 = CARTESIAN_POINT('',(69.405,-75.025,0.));
#17054 = CIRCLE('',#17055,0.5);
#17055 = AXIS2_PLACEMENT_3D('',#17056,#17057,#17058);
#17056 = CARTESIAN_POINT('',(69.405,-74.525,0.));
#17057 = DIRECTION('',(-0.,0.,-1.));
#17058 = DIRECTION('',(-0.,-1.,0.));
#17059 = PLANE('',#17060);
#17060 = AXIS2_PLACEMENT_3D('',#17061,#17062,#17063);
#17061 = CARTESIAN_POINT('',(73.025,-88.9,0.));
#17062 = DIRECTION('',(-0.,-0.,-1.));
#17063 = DIRECTION('',(-1.,0.,0.));
#17064 = ADVANCED_FACE('',(#17065,#17111,#17122,#17133,#17144,#17155,
    #17166,#17177,#17188),#17199,.F.);
#17065 = FACE_BOUND('',#17066,.F.);
#17066 = EDGE_LOOP('',(#17067,#17068,#17069,#17078,#17086,#17095,#17103,
    #17110));
#17067 = ORIENTED_EDGE('',*,*,#16834,.T.);
#17068 = ORIENTED_EDGE('',*,*,#16898,.T.);
#17069 = ORIENTED_EDGE('',*,*,#17070,.T.);
#17070 = EDGE_CURVE('',#16899,#17071,#17073,.T.);
#17071 = VERTEX_POINT('',#17072);
#17072 = CARTESIAN_POINT('',(80.01,-106.426,1.6));
#17073 = CIRCLE('',#17074,2.540000765514);
#17074 = AXIS2_PLACEMENT_3D('',#17075,#17076,#17077);
#17075 = CARTESIAN_POINT('',(80.009999234486,-103.8859992344,1.6));
#17076 = DIRECTION('',(0.,0.,-1.));
#17077 = DIRECTION('',(1.,-3.013834418216E-07,0.));
#17078 = ORIENTED_EDGE('',*,*,#17079,.T.);
#17079 = EDGE_CURVE('',#17071,#17080,#17082,.T.);
#17080 = VERTEX_POINT('',#17081);
#17081 = CARTESIAN_POINT('',(66.04,-106.426,1.6));
#17082 = LINE('',#17083,#17084);
#17083 = CARTESIAN_POINT('',(80.01,-106.426,1.6));
#17084 = VECTOR('',#17085,1.);
#17085 = DIRECTION('',(-1.,0.,0.));
#17086 = ORIENTED_EDGE('',*,*,#17087,.T.);
#17087 = EDGE_CURVE('',#17080,#17088,#17090,.T.);
#17088 = VERTEX_POINT('',#17089);
#17089 = CARTESIAN_POINT('',(63.5,-103.886,1.6));
#17090 = CIRCLE('',#17091,2.540000765514);
#17091 = AXIS2_PLACEMENT_3D('',#17092,#17093,#17094);
#17092 = CARTESIAN_POINT('',(66.040000765514,-103.8859992344,1.6));
#17093 = DIRECTION('',(0.,0.,-1.));
#17094 = DIRECTION('',(-3.013834418216E-07,-1.,-0.));
#17095 = ORIENTED_EDGE('',*,*,#17096,.T.);
#17096 = EDGE_CURVE('',#17088,#17097,#17099,.T.);
#17097 = VERTEX_POINT('',#17098);
#17098 = CARTESIAN_POINT('',(63.5,-73.914,1.6));
#17099 = LINE('',#17100,#17101);
#17100 = CARTESIAN_POINT('',(63.5,-103.886,1.6));
#17101 = VECTOR('',#17102,1.);
#17102 = DIRECTION('',(0.,1.,0.));
#17103 = ORIENTED_EDGE('',*,*,#17104,.T.);
#17104 = EDGE_CURVE('',#17097,#16869,#17105,.T.);
#17105 = CIRCLE('',#17106,2.540000765514);
#17106 = AXIS2_PLACEMENT_3D('',#17107,#17108,#17109);
#17107 = CARTESIAN_POINT('',(66.040000765514,-73.91400076551,1.6));
#17108 = DIRECTION('',(0.,0.,-1.));
#17109 = DIRECTION('',(-1.,3.013834418216E-07,0.));
#17110 = ORIENTED_EDGE('',*,*,#16876,.T.);
#17111 = FACE_BOUND('',#17112,.F.);
#17112 = EDGE_LOOP('',(#17113));
#17113 = ORIENTED_EDGE('',*,*,#17114,.F.);
#17114 = EDGE_CURVE('',#17115,#17115,#17117,.T.);
#17115 = VERTEX_POINT('',#17116);
#17116 = CARTESIAN_POINT('',(77.025,-103.45,1.6));
#17117 = CIRCLE('',#17118,0.5);
#17118 = AXIS2_PLACEMENT_3D('',#17119,#17120,#17121);
#17119 = CARTESIAN_POINT('',(77.025,-102.95,1.6));
#17120 = DIRECTION('',(-0.,0.,-1.));
#17121 = DIRECTION('',(-0.,-1.,0.));
#17122 = FACE_BOUND('',#17123,.F.);
#17123 = EDGE_LOOP('',(#17124));
#17124 = ORIENTED_EDGE('',*,*,#17125,.F.);
#17125 = EDGE_CURVE('',#17126,#17126,#17128,.T.);
#17126 = VERTEX_POINT('',#17127);
#17127 = CARTESIAN_POINT('',(74.485,-103.45,1.6));
#17128 = CIRCLE('',#17129,0.5);
#17129 = AXIS2_PLACEMENT_3D('',#17130,#17131,#17132);
#17130 = CARTESIAN_POINT('',(74.485,-102.95,1.6));
#17131 = DIRECTION('',(-0.,0.,-1.));
#17132 = DIRECTION('',(-0.,-1.,0.));
#17133 = FACE_BOUND('',#17134,.F.);
#17134 = EDGE_LOOP('',(#17135));
#17135 = ORIENTED_EDGE('',*,*,#17136,.F.);
#17136 = EDGE_CURVE('',#17137,#17137,#17139,.T.);
#17137 = VERTEX_POINT('',#17138);
#17138 = CARTESIAN_POINT('',(71.945,-103.45,1.6));
#17139 = CIRCLE('',#17140,0.5);
#17140 = AXIS2_PLACEMENT_3D('',#17141,#17142,#17143);
#17141 = CARTESIAN_POINT('',(71.945,-102.95,1.6));
#17142 = DIRECTION('',(-0.,0.,-1.));
#17143 = DIRECTION('',(-0.,-1.,0.));
#17144 = FACE_BOUND('',#17145,.F.);
#17145 = EDGE_LOOP('',(#17146));
#17146 = ORIENTED_EDGE('',*,*,#17147,.F.);
#17147 = EDGE_CURVE('',#17148,#17148,#17150,.T.);
#17148 = VERTEX_POINT('',#17149);
#17149 = CARTESIAN_POINT('',(69.405,-103.45,1.6));
#17150 = CIRCLE('',#17151,0.5);
#17151 = AXIS2_PLACEMENT_3D('',#17152,#17153,#17154);
#17152 = CARTESIAN_POINT('',(69.405,-102.95,1.6));
#17153 = DIRECTION('',(-0.,0.,-1.));
#17154 = DIRECTION('',(-0.,-1.,0.));
#17155 = FACE_BOUND('',#17156,.F.);
#17156 = EDGE_LOOP('',(#17157));
#17157 = ORIENTED_EDGE('',*,*,#17158,.F.);
#17158 = EDGE_CURVE('',#17159,#17159,#17161,.T.);
#17159 = VERTEX_POINT('',#17160);
#17160 = CARTESIAN_POINT('',(77.025,-75.025,1.6));
#17161 = CIRCLE('',#17162,0.5);
#17162 = AXIS2_PLACEMENT_3D('',#17163,#17164,#17165);
#17163 = CARTESIAN_POINT('',(77.025,-74.525,1.6));
#17164 = DIRECTION('',(-0.,0.,-1.));
#17165 = DIRECTION('',(-0.,-1.,0.));
#17166 = FACE_BOUND('',#17167,.F.);
#17167 = EDGE_LOOP('',(#17168));
#17168 = ORIENTED_EDGE('',*,*,#17169,.F.);
#17169 = EDGE_CURVE('',#17170,#17170,#17172,.T.);
#17170 = VERTEX_POINT('',#17171);
#17171 = CARTESIAN_POINT('',(74.485,-75.025,1.6));
#17172 = CIRCLE('',#17173,0.5);
#17173 = AXIS2_PLACEMENT_3D('',#17174,#17175,#17176);
#17174 = CARTESIAN_POINT('',(74.485,-74.525,1.6));
#17175 = DIRECTION('',(-0.,0.,-1.));
#17176 = DIRECTION('',(-0.,-1.,0.));
#17177 = FACE_BOUND('',#17178,.F.);
#17178 = EDGE_LOOP('',(#17179));
#17179 = ORIENTED_EDGE('',*,*,#17180,.F.);
#17180 = EDGE_CURVE('',#17181,#17181,#17183,.T.);
#17181 = VERTEX_POINT('',#17182);
#17182 = CARTESIAN_POINT('',(71.945,-75.025,1.6));
#17183 = CIRCLE('',#17184,0.5);
#17184 = AXIS2_PLACEMENT_3D('',#17185,#17186,#17187);
#17185 = CARTESIAN_POINT('',(71.945,-74.525,1.6));
#17186 = DIRECTION('',(-0.,0.,-1.));
#17187 = DIRECTION('',(-0.,-1.,0.));
#17188 = FACE_BOUND('',#17189,.F.);
#17189 = EDGE_LOOP('',(#17190));
#17190 = ORIENTED_EDGE('',*,*,#17191,.F.);
#17191 = EDGE_CURVE('',#17192,#17192,#17194,.T.);
#17192 = VERTEX_POINT('',#17193);
#17193 = CARTESIAN_POINT('',(69.405,-75.025,1.6));
#17194 = CIRCLE('',#17195,0.5);
#17195 = AXIS2_PLACEMENT_3D('',#17196,#17197,#17198);
#17196 = CARTESIAN_POINT('',(69.405,-74.525,1.6));
#17197 = DIRECTION('',(-0.,0.,-1.));
#17198 = DIRECTION('',(-0.,-1.,0.));
#17199 = PLANE('',#17200);
#17200 = AXIS2_PLACEMENT_3D('',#17201,#17202,#17203);
#17201 = CARTESIAN_POINT('',(73.025,-88.9,1.6));
#17202 = DIRECTION('',(-0.,-0.,-1.));
#17203 = DIRECTION('',(-1.,0.,0.));
#17204 = ADVANCED_FACE('',(#17205),#17216,.T.);
#17205 = FACE_BOUND('',#17206,.T.);
#17206 = EDGE_LOOP('',(#17207,#17213,#17214,#17215));
#17207 = ORIENTED_EDGE('',*,*,#17208,.T.);
#17208 = EDGE_CURVE('',#16957,#17097,#17209,.T.);
#17209 = LINE('',#17210,#17211);
#17210 = CARTESIAN_POINT('',(63.5,-73.914,0.));
#17211 = VECTOR('',#17212,1.);
#17212 = DIRECTION('',(0.,0.,1.));
#17213 = ORIENTED_EDGE('',*,*,#17104,.T.);
#17214 = ORIENTED_EDGE('',*,*,#16866,.F.);
#17215 = ORIENTED_EDGE('',*,*,#16964,.F.);
#17216 = CYLINDRICAL_SURFACE('',#17217,2.540000765514);
#17217 = AXIS2_PLACEMENT_3D('',#17218,#17219,#17220);
#17218 = CARTESIAN_POINT('',(66.040000765514,-73.91400076551,0.));
#17219 = DIRECTION('',(0.,0.,-1.));
#17220 = DIRECTION('',(-1.,3.013834418216E-07,0.));
#17221 = ADVANCED_FACE('',(#17222),#17233,.T.);
#17222 = FACE_BOUND('',#17223,.T.);
#17223 = EDGE_LOOP('',(#17224,#17225,#17226,#17232));
#17224 = ORIENTED_EDGE('',*,*,#16906,.T.);
#17225 = ORIENTED_EDGE('',*,*,#17070,.T.);
#17226 = ORIENTED_EDGE('',*,*,#17227,.F.);
#17227 = EDGE_CURVE('',#16931,#17071,#17228,.T.);
#17228 = LINE('',#17229,#17230);
#17229 = CARTESIAN_POINT('',(80.01,-106.426,0.));
#17230 = VECTOR('',#17231,1.);
#17231 = DIRECTION('',(0.,0.,1.));
#17232 = ORIENTED_EDGE('',*,*,#16930,.F.);
#17233 = CYLINDRICAL_SURFACE('',#17234,2.540000765514);
#17234 = AXIS2_PLACEMENT_3D('',#17235,#17236,#17237);
#17235 = CARTESIAN_POINT('',(80.009999234486,-103.8859992344,0.));
#17236 = DIRECTION('',(0.,0.,-1.));
#17237 = DIRECTION('',(1.,-3.013834418216E-07,0.));
#17238 = ADVANCED_FACE('',(#17239),#17250,.T.);
#17239 = FACE_BOUND('',#17240,.T.);
#17240 = EDGE_LOOP('',(#17241,#17247,#17248,#17249));
#17241 = ORIENTED_EDGE('',*,*,#17242,.T.);
#17242 = EDGE_CURVE('',#16948,#17088,#17243,.T.);
#17243 = LINE('',#17244,#17245);
#17244 = CARTESIAN_POINT('',(63.5,-103.886,0.));
#17245 = VECTOR('',#17246,1.);
#17246 = DIRECTION('',(0.,0.,1.));
#17247 = ORIENTED_EDGE('',*,*,#17096,.T.);
#17248 = ORIENTED_EDGE('',*,*,#17208,.F.);
#17249 = ORIENTED_EDGE('',*,*,#16956,.F.);
#17250 = PLANE('',#17251);
#17251 = AXIS2_PLACEMENT_3D('',#17252,#17253,#17254);
#17252 = CARTESIAN_POINT('',(63.5,-103.886,0.));
#17253 = DIRECTION('',(-1.,0.,0.));
#17254 = DIRECTION('',(0.,1.,0.));
#17255 = ADVANCED_FACE('',(#17256),#17267,.T.);
#17256 = FACE_BOUND('',#17257,.T.);
#17257 = EDGE_LOOP('',(#17258,#17259,#17260,#17266));
#17258 = ORIENTED_EDGE('',*,*,#17227,.T.);
#17259 = ORIENTED_EDGE('',*,*,#17079,.T.);
#17260 = ORIENTED_EDGE('',*,*,#17261,.F.);
#17261 = EDGE_CURVE('',#16940,#17080,#17262,.T.);
#17262 = LINE('',#17263,#17264);
#17263 = CARTESIAN_POINT('',(66.04,-106.426,0.));
#17264 = VECTOR('',#17265,1.);
#17265 = DIRECTION('',(0.,0.,1.));
#17266 = ORIENTED_EDGE('',*,*,#16939,.F.);
#17267 = PLANE('',#17268);
#17268 = AXIS2_PLACEMENT_3D('',#17269,#17270,#17271);
#17269 = CARTESIAN_POINT('',(80.01,-106.426,0.));
#17270 = DIRECTION('',(0.,-1.,0.));
#17271 = DIRECTION('',(-1.,0.,0.));
#17272 = ADVANCED_FACE('',(#17273),#17279,.T.);
#17273 = FACE_BOUND('',#17274,.T.);
#17274 = EDGE_LOOP('',(#17275,#17276,#17277,#17278));
#17275 = ORIENTED_EDGE('',*,*,#17261,.T.);
#17276 = ORIENTED_EDGE('',*,*,#17087,.T.);
#17277 = ORIENTED_EDGE('',*,*,#17242,.F.);
#17278 = ORIENTED_EDGE('',*,*,#16947,.F.);
#17279 = CYLINDRICAL_SURFACE('',#17280,2.540000765514);
#17280 = AXIS2_PLACEMENT_3D('',#17281,#17282,#17283);
#17281 = CARTESIAN_POINT('',(66.040000765514,-103.8859992344,0.));
#17282 = DIRECTION('',(0.,0.,-1.));
#17283 = DIRECTION('',(-3.013834418216E-07,-1.,-0.));
#17284 = ADVANCED_FACE('',(#17285),#17296,.F.);
#17285 = FACE_BOUND('',#17286,.T.);
#17286 = EDGE_LOOP('',(#17287,#17288,#17294,#17295));
#17287 = ORIENTED_EDGE('',*,*,#16974,.T.);
#17288 = ORIENTED_EDGE('',*,*,#17289,.T.);
#17289 = EDGE_CURVE('',#16975,#17115,#17290,.T.);
#17290 = LINE('',#17291,#17292);
#17291 = CARTESIAN_POINT('',(77.025,-103.45,-4.5E-02));
#17292 = VECTOR('',#17293,1.);
#17293 = DIRECTION('',(0.,0.,1.));
#17294 = ORIENTED_EDGE('',*,*,#17114,.F.);
#17295 = ORIENTED_EDGE('',*,*,#17289,.F.);
#17296 = CYLINDRICAL_SURFACE('',#17297,0.5);
#17297 = AXIS2_PLACEMENT_3D('',#17298,#17299,#17300);
#17298 = CARTESIAN_POINT('',(77.025,-102.95,-4.5E-02));
#17299 = DIRECTION('',(-0.,-0.,-1.));
#17300 = DIRECTION('',(-0.,-1.,0.));
#17301 = ADVANCED_FACE('',(#17302),#17313,.F.);
#17302 = FACE_BOUND('',#17303,.T.);
#17303 = EDGE_LOOP('',(#17304,#17305,#17311,#17312));
#17304 = ORIENTED_EDGE('',*,*,#16985,.T.);
#17305 = ORIENTED_EDGE('',*,*,#17306,.T.);
#17306 = EDGE_CURVE('',#16986,#17126,#17307,.T.);
#17307 = LINE('',#17308,#17309);
#17308 = CARTESIAN_POINT('',(74.485,-103.45,-4.5E-02));
#17309 = VECTOR('',#17310,1.);
#17310 = DIRECTION('',(0.,0.,1.));
#17311 = ORIENTED_EDGE('',*,*,#17125,.F.);
#17312 = ORIENTED_EDGE('',*,*,#17306,.F.);
#17313 = CYLINDRICAL_SURFACE('',#17314,0.5);
#17314 = AXIS2_PLACEMENT_3D('',#17315,#17316,#17317);
#17315 = CARTESIAN_POINT('',(74.485,-102.95,-4.5E-02));
#17316 = DIRECTION('',(-0.,-0.,-1.));
#17317 = DIRECTION('',(-0.,-1.,0.));
#17318 = ADVANCED_FACE('',(#17319),#17330,.F.);
#17319 = FACE_BOUND('',#17320,.T.);
#17320 = EDGE_LOOP('',(#17321,#17322,#17328,#17329));
#17321 = ORIENTED_EDGE('',*,*,#16996,.T.);
#17322 = ORIENTED_EDGE('',*,*,#17323,.T.);
#17323 = EDGE_CURVE('',#16997,#17137,#17324,.T.);
#17324 = LINE('',#17325,#17326);
#17325 = CARTESIAN_POINT('',(71.945,-103.45,-4.5E-02));
#17326 = VECTOR('',#17327,1.);
#17327 = DIRECTION('',(0.,0.,1.));
#17328 = ORIENTED_EDGE('',*,*,#17136,.F.);
#17329 = ORIENTED_EDGE('',*,*,#17323,.F.);
#17330 = CYLINDRICAL_SURFACE('',#17331,0.5);
#17331 = AXIS2_PLACEMENT_3D('',#17332,#17333,#17334);
#17332 = CARTESIAN_POINT('',(71.945,-102.95,-4.5E-02));
#17333 = DIRECTION('',(-0.,-0.,-1.));
#17334 = DIRECTION('',(-0.,-1.,0.));
#17335 = ADVANCED_FACE('',(#17336),#17347,.F.);
#17336 = FACE_BOUND('',#17337,.T.);
#17337 = EDGE_LOOP('',(#17338,#17339,#17345,#17346));
#17338 = ORIENTED_EDGE('',*,*,#17007,.T.);
#17339 = ORIENTED_EDGE('',*,*,#17340,.T.);
#17340 = EDGE_CURVE('',#17008,#17148,#17341,.T.);
#17341 = LINE('',#17342,#17343);
#17342 = CARTESIAN_POINT('',(69.405,-103.45,-4.5E-02));
#17343 = VECTOR('',#17344,1.);
#17344 = DIRECTION('',(0.,0.,1.));
#17345 = ORIENTED_EDGE('',*,*,#17147,.F.);
#17346 = ORIENTED_EDGE('',*,*,#17340,.F.);
#17347 = CYLINDRICAL_SURFACE('',#17348,0.5);
#17348 = AXIS2_PLACEMENT_3D('',#17349,#17350,#17351);
#17349 = CARTESIAN_POINT('',(69.405,-102.95,-4.5E-02));
#17350 = DIRECTION('',(-0.,-0.,-1.));
#17351 = DIRECTION('',(-0.,-1.,0.));
#17352 = ADVANCED_FACE('',(#17353),#17364,.F.);
#17353 = FACE_BOUND('',#17354,.T.);
#17354 = EDGE_LOOP('',(#17355,#17356,#17362,#17363));
#17355 = ORIENTED_EDGE('',*,*,#17018,.T.);
#17356 = ORIENTED_EDGE('',*,*,#17357,.T.);
#17357 = EDGE_CURVE('',#17019,#17159,#17358,.T.);
#17358 = LINE('',#17359,#17360);
#17359 = CARTESIAN_POINT('',(77.025,-75.025,-4.5E-02));
#17360 = VECTOR('',#17361,1.);
#17361 = DIRECTION('',(0.,0.,1.));
#17362 = ORIENTED_EDGE('',*,*,#17158,.F.);
#17363 = ORIENTED_EDGE('',*,*,#17357,.F.);
#17364 = CYLINDRICAL_SURFACE('',#17365,0.5);
#17365 = AXIS2_PLACEMENT_3D('',#17366,#17367,#17368);
#17366 = CARTESIAN_POINT('',(77.025,-74.525,-4.5E-02));
#17367 = DIRECTION('',(-0.,-0.,-1.));
#17368 = DIRECTION('',(-0.,-1.,0.));
#17369 = ADVANCED_FACE('',(#17370),#17381,.F.);
#17370 = FACE_BOUND('',#17371,.T.);
#17371 = EDGE_LOOP('',(#17372,#17373,#17379,#17380));
#17372 = ORIENTED_EDGE('',*,*,#17029,.T.);
#17373 = ORIENTED_EDGE('',*,*,#17374,.T.);
#17374 = EDGE_CURVE('',#17030,#17170,#17375,.T.);
#17375 = LINE('',#17376,#17377);
#17376 = CARTESIAN_POINT('',(74.485,-75.025,-4.5E-02));
#17377 = VECTOR('',#17378,1.);
#17378 = DIRECTION('',(0.,0.,1.));
#17379 = ORIENTED_EDGE('',*,*,#17169,.F.);
#17380 = ORIENTED_EDGE('',*,*,#17374,.F.);
#17381 = CYLINDRICAL_SURFACE('',#17382,0.5);
#17382 = AXIS2_PLACEMENT_3D('',#17383,#17384,#17385);
#17383 = CARTESIAN_POINT('',(74.485,-74.525,-4.5E-02));
#17384 = DIRECTION('',(-0.,-0.,-1.));
#17385 = DIRECTION('',(-0.,-1.,0.));
#17386 = ADVANCED_FACE('',(#17387),#17398,.F.);
#17387 = FACE_BOUND('',#17388,.T.);
#17388 = EDGE_LOOP('',(#17389,#17390,#17396,#17397));
#17389 = ORIENTED_EDGE('',*,*,#17040,.T.);
#17390 = ORIENTED_EDGE('',*,*,#17391,.T.);
#17391 = EDGE_CURVE('',#17041,#17181,#17392,.T.);
#17392 = LINE('',#17393,#17394);
#17393 = CARTESIAN_POINT('',(71.945,-75.025,-4.5E-02));
#17394 = VECTOR('',#17395,1.);
#17395 = DIRECTION('',(0.,0.,1.));
#17396 = ORIENTED_EDGE('',*,*,#17180,.F.);
#17397 = ORIENTED_EDGE('',*,*,#17391,.F.);
#17398 = CYLINDRICAL_SURFACE('',#17399,0.5);
#17399 = AXIS2_PLACEMENT_3D('',#17400,#17401,#17402);
#17400 = CARTESIAN_POINT('',(71.945,-74.525,-4.5E-02));
#17401 = DIRECTION('',(-0.,-0.,-1.));
#17402 = DIRECTION('',(-0.,-1.,0.));
#17403 = ADVANCED_FACE('',(#17404),#17415,.F.);
#17404 = FACE_BOUND('',#17405,.T.);
#17405 = EDGE_LOOP('',(#17406,#17407,#17413,#17414));
#17406 = ORIENTED_EDGE('',*,*,#17051,.T.);
#17407 = ORIENTED_EDGE('',*,*,#17408,.T.);
#17408 = EDGE_CURVE('',#17052,#17192,#17409,.T.);
#17409 = LINE('',#17410,#17411);
#17410 = CARTESIAN_POINT('',(69.405,-75.025,-4.5E-02));
#17411 = VECTOR('',#17412,1.);
#17412 = DIRECTION('',(0.,0.,1.));
#17413 = ORIENTED_EDGE('',*,*,#17191,.F.);
#17414 = ORIENTED_EDGE('',*,*,#17408,.F.);
#17415 = CYLINDRICAL_SURFACE('',#17416,0.5);
#17416 = AXIS2_PLACEMENT_3D('',#17417,#17418,#17419);
#17417 = CARTESIAN_POINT('',(69.405,-74.525,-4.5E-02));
#17418 = DIRECTION('',(-0.,-0.,-1.));
#17419 = DIRECTION('',(-0.,-1.,0.));
#17420 = ( GEOMETRIC_REPRESENTATION_CONTEXT(3) 
GLOBAL_UNCERTAINTY_ASSIGNED_CONTEXT((#17424)) 
GLOBAL_UNIT_ASSIGNED_CONTEXT((#17421,#17422,#17423)) 
REPRESENTATION_CONTEXT('Context #1',
  '3D Context with UNIT and UNCERTAINTY') );
#17421 = ( LENGTH_UNIT() NAMED_UNIT(*) SI_UNIT(.MILLI.,.METRE.) );
#17422 = ( NAMED_UNIT(*) PLANE_ANGLE_UNIT() SI_UNIT($,.RADIAN.) );
#17423 = ( NAMED_UNIT(*) SI_UNIT($,.STERADIAN.) SOLID_ANGLE_UNIT() );
#17424 = UNCERTAINTY_MEASURE_WITH_UNIT(LENGTH_MEASURE(1.E-07),#17421,
  'distance_accuracy_value','confusion accuracy');
#17425 = CONTEXT_DEPENDENT_SHAPE_REPRESENTATION(#17426,#17428);
#17426 = ( REPRESENTATION_RELATIONSHIP('','',#16817,#10) 
REPRESENTATION_RELATIONSHIP_WITH_TRANSFORMATION(#17427) 
SHAPE_REPRESENTATION_RELATIONSHIP() );
#17427 = ITEM_DEFINED_TRANSFORMATION('','',#11,#79);
#17428 = PRODUCT_DEFINITION_SHAPE('Placement','Placement of an item',
  #17429);
#17429 = NEXT_ASSEMBLY_USAGE_OCCURRENCE('24','=>[0:1:1:16]','',#5,#16812
  ,$);
#17430 = PRODUCT_RELATED_PRODUCT_CATEGORY('part',$,(#16814));
#17431 = MECHANICAL_DESIGN_GEOMETRIC_PRESENTATION_REPRESENTATION('',(
    #17432,#17440,#17447,#17454,#17461,#17468,#17475,#17482,#17489,
    #17496,#17503,#17510,#17517,#17524,#17531,#17538,#17545,#17552,
    #17559,#17566,#17573,#17580,#17587,#17594,#17601,#17608,#17615,
    #17622,#17629,#17637,#17644,#17651,#17658,#17665,#17672,#17679,
    #17686,#17693,#17700,#17707,#17714,#17721,#17728,#17735,#17742,
    #17749,#17756,#17763,#17770,#17777,#17784,#17791,#17798,#17805,
    #17812,#17819,#17826,#17833,#17840,#17847,#17854,#17861,#17868,
    #17875,#17882,#17889,#17896,#17903,#17910,#17917,#17924,#17931,
    #17938,#17945,#17952,#17959,#17966,#17973,#17980,#17987,#17994,
    #18001,#18008,#18015,#18022,#18029,#18036,#18043,#18050,#18057,
    #18064,#18071,#18078,#18085,#18092,#18099,#18106,#18113,#18120,
    #18127),#16794);
#17432 = STYLED_ITEM('color',(#17433),#14016);
#17433 = PRESENTATION_STYLE_ASSIGNMENT((#17434));
#17434 = SURFACE_STYLE_USAGE(.BOTH.,#17435);
#17435 = SURFACE_SIDE_STYLE('',(#17436));
#17436 = SURFACE_STYLE_FILL_AREA(#17437);
#17437 = FILL_AREA_STYLE('',(#17438));
#17438 = FILL_AREA_STYLE_COLOUR('',#17439);
#17439 = COLOUR_RGB('',0.147999998088,0.145000001626,0.145000001626);
#17440 = STYLED_ITEM('color',(#17441),#14056);
#17441 = PRESENTATION_STYLE_ASSIGNMENT((#17442));
#17442 = SURFACE_STYLE_USAGE(.BOTH.,#17443);
#17443 = SURFACE_SIDE_STYLE('',(#17444));
#17444 = SURFACE_STYLE_FILL_AREA(#17445);
#17445 = FILL_AREA_STYLE('',(#17446));
#17446 = FILL_AREA_STYLE_COLOUR('',#17439);
#17447 = STYLED_ITEM('color',(#17448),#14087);
#17448 = PRESENTATION_STYLE_ASSIGNMENT((#17449));
#17449 = SURFACE_STYLE_USAGE(.BOTH.,#17450);
#17450 = SURFACE_SIDE_STYLE('',(#17451));
#17451 = SURFACE_STYLE_FILL_AREA(#17452);
#17452 = FILL_AREA_STYLE('',(#17453));
#17453 = FILL_AREA_STYLE_COLOUR('',#17439);
#17454 = STYLED_ITEM('color',(#17455),#14118);
#17455 = PRESENTATION_STYLE_ASSIGNMENT((#17456));
#17456 = SURFACE_STYLE_USAGE(.BOTH.,#17457);
#17457 = SURFACE_SIDE_STYLE('',(#17458));
#17458 = SURFACE_STYLE_FILL_AREA(#17459);
#17459 = FILL_AREA_STYLE('',(#17460));
#17460 = FILL_AREA_STYLE_COLOUR('',#17439);
#17461 = STYLED_ITEM('color',(#17462),#14447);
#17462 = PRESENTATION_STYLE_ASSIGNMENT((#17463));
#17463 = SURFACE_STYLE_USAGE(.BOTH.,#17464);
#17464 = SURFACE_SIDE_STYLE('',(#17465));
#17465 = SURFACE_STYLE_FILL_AREA(#17466);
#17466 = FILL_AREA_STYLE('',(#17467));
#17467 = FILL_AREA_STYLE_COLOUR('',#17439);
#17468 = STYLED_ITEM('color',(#17469),#14776);
#17469 = PRESENTATION_STYLE_ASSIGNMENT((#17470));
#17470 = SURFACE_STYLE_USAGE(.BOTH.,#17471);
#17471 = SURFACE_SIDE_STYLE('',(#17472));
#17472 = SURFACE_STYLE_FILL_AREA(#17473);
#17473 = FILL_AREA_STYLE('',(#17474));
#17474 = FILL_AREA_STYLE_COLOUR('',#17439);
#17475 = STYLED_ITEM('color',(#17476),#14793);
#17476 = PRESENTATION_STYLE_ASSIGNMENT((#17477));
#17477 = SURFACE_STYLE_USAGE(.BOTH.,#17478);
#17478 = SURFACE_SIDE_STYLE('',(#17479));
#17479 = SURFACE_STYLE_FILL_AREA(#17480);
#17480 = FILL_AREA_STYLE('',(#17481));
#17481 = FILL_AREA_STYLE_COLOUR('',#17439);
#17482 = STYLED_ITEM('color',(#17483),#14810);
#17483 = PRESENTATION_STYLE_ASSIGNMENT((#17484));
#17484 = SURFACE_STYLE_USAGE(.BOTH.,#17485);
#17485 = SURFACE_SIDE_STYLE('',(#17486));
#17486 = SURFACE_STYLE_FILL_AREA(#17487);
#17487 = FILL_AREA_STYLE('',(#17488));
#17488 = FILL_AREA_STYLE_COLOUR('',#17439);
#17489 = STYLED_ITEM('color',(#17490),#14827);
#17490 = PRESENTATION_STYLE_ASSIGNMENT((#17491));
#17491 = SURFACE_STYLE_USAGE(.BOTH.,#17492);
#17492 = SURFACE_SIDE_STYLE('',(#17493));
#17493 = SURFACE_STYLE_FILL_AREA(#17494);
#17494 = FILL_AREA_STYLE('',(#17495));
#17495 = FILL_AREA_STYLE_COLOUR('',#17439);
#17496 = STYLED_ITEM('color',(#17497),#14844);
#17497 = PRESENTATION_STYLE_ASSIGNMENT((#17498));
#17498 = SURFACE_STYLE_USAGE(.BOTH.,#17499);
#17499 = SURFACE_SIDE_STYLE('',(#17500));
#17500 = SURFACE_STYLE_FILL_AREA(#17501);
#17501 = FILL_AREA_STYLE('',(#17502));
#17502 = FILL_AREA_STYLE_COLOUR('',#17439);
#17503 = STYLED_ITEM('color',(#17504),#14861);
#17504 = PRESENTATION_STYLE_ASSIGNMENT((#17505));
#17505 = SURFACE_STYLE_USAGE(.BOTH.,#17506);
#17506 = SURFACE_SIDE_STYLE('',(#17507));
#17507 = SURFACE_STYLE_FILL_AREA(#17508);
#17508 = FILL_AREA_STYLE('',(#17509));
#17509 = FILL_AREA_STYLE_COLOUR('',#17439);
#17510 = STYLED_ITEM('color',(#17511),#14878);
#17511 = PRESENTATION_STYLE_ASSIGNMENT((#17512));
#17512 = SURFACE_STYLE_USAGE(.BOTH.,#17513);
#17513 = SURFACE_SIDE_STYLE('',(#17514));
#17514 = SURFACE_STYLE_FILL_AREA(#17515);
#17515 = FILL_AREA_STYLE('',(#17516));
#17516 = FILL_AREA_STYLE_COLOUR('',#17439);
#17517 = STYLED_ITEM('color',(#17518),#14895);
#17518 = PRESENTATION_STYLE_ASSIGNMENT((#17519));
#17519 = SURFACE_STYLE_USAGE(.BOTH.,#17520);
#17520 = SURFACE_SIDE_STYLE('',(#17521));
#17521 = SURFACE_STYLE_FILL_AREA(#17522);
#17522 = FILL_AREA_STYLE('',(#17523));
#17523 = FILL_AREA_STYLE_COLOUR('',#17439);
#17524 = STYLED_ITEM('color',(#17525),#14912);
#17525 = PRESENTATION_STYLE_ASSIGNMENT((#17526));
#17526 = SURFACE_STYLE_USAGE(.BOTH.,#17527);
#17527 = SURFACE_SIDE_STYLE('',(#17528));
#17528 = SURFACE_STYLE_FILL_AREA(#17529);
#17529 = FILL_AREA_STYLE('',(#17530));
#17530 = FILL_AREA_STYLE_COLOUR('',#17439);
#17531 = STYLED_ITEM('color',(#17532),#14929);
#17532 = PRESENTATION_STYLE_ASSIGNMENT((#17533));
#17533 = SURFACE_STYLE_USAGE(.BOTH.,#17534);
#17534 = SURFACE_SIDE_STYLE('',(#17535));
#17535 = SURFACE_STYLE_FILL_AREA(#17536);
#17536 = FILL_AREA_STYLE('',(#17537));
#17537 = FILL_AREA_STYLE_COLOUR('',#17439);
#17538 = STYLED_ITEM('color',(#17539),#14946);
#17539 = PRESENTATION_STYLE_ASSIGNMENT((#17540));
#17540 = SURFACE_STYLE_USAGE(.BOTH.,#17541);
#17541 = SURFACE_SIDE_STYLE('',(#17542));
#17542 = SURFACE_STYLE_FILL_AREA(#17543);
#17543 = FILL_AREA_STYLE('',(#17544));
#17544 = FILL_AREA_STYLE_COLOUR('',#17439);
#17545 = STYLED_ITEM('color',(#17546),#14963);
#17546 = PRESENTATION_STYLE_ASSIGNMENT((#17547));
#17547 = SURFACE_STYLE_USAGE(.BOTH.,#17548);
#17548 = SURFACE_SIDE_STYLE('',(#17549));
#17549 = SURFACE_STYLE_FILL_AREA(#17550);
#17550 = FILL_AREA_STYLE('',(#17551));
#17551 = FILL_AREA_STYLE_COLOUR('',#17439);
#17552 = STYLED_ITEM('color',(#17553),#14980);
#17553 = PRESENTATION_STYLE_ASSIGNMENT((#17554));
#17554 = SURFACE_STYLE_USAGE(.BOTH.,#17555);
#17555 = SURFACE_SIDE_STYLE('',(#17556));
#17556 = SURFACE_STYLE_FILL_AREA(#17557);
#17557 = FILL_AREA_STYLE('',(#17558));
#17558 = FILL_AREA_STYLE_COLOUR('',#17439);
#17559 = STYLED_ITEM('color',(#17560),#14997);
#17560 = PRESENTATION_STYLE_ASSIGNMENT((#17561));
#17561 = SURFACE_STYLE_USAGE(.BOTH.,#17562);
#17562 = SURFACE_SIDE_STYLE('',(#17563));
#17563 = SURFACE_STYLE_FILL_AREA(#17564);
#17564 = FILL_AREA_STYLE('',(#17565));
#17565 = FILL_AREA_STYLE_COLOUR('',#17439);
#17566 = STYLED_ITEM('color',(#17567),#15014);
#17567 = PRESENTATION_STYLE_ASSIGNMENT((#17568));
#17568 = SURFACE_STYLE_USAGE(.BOTH.,#17569);
#17569 = SURFACE_SIDE_STYLE('',(#17570));
#17570 = SURFACE_STYLE_FILL_AREA(#17571);
#17571 = FILL_AREA_STYLE('',(#17572));
#17572 = FILL_AREA_STYLE_COLOUR('',#17439);
#17573 = STYLED_ITEM('color',(#17574),#15031);
#17574 = PRESENTATION_STYLE_ASSIGNMENT((#17575));
#17575 = SURFACE_STYLE_USAGE(.BOTH.,#17576);
#17576 = SURFACE_SIDE_STYLE('',(#17577));
#17577 = SURFACE_STYLE_FILL_AREA(#17578);
#17578 = FILL_AREA_STYLE('',(#17579));
#17579 = FILL_AREA_STYLE_COLOUR('',#17439);
#17580 = STYLED_ITEM('color',(#17581),#15048);
#17581 = PRESENTATION_STYLE_ASSIGNMENT((#17582));
#17582 = SURFACE_STYLE_USAGE(.BOTH.,#17583);
#17583 = SURFACE_SIDE_STYLE('',(#17584));
#17584 = SURFACE_STYLE_FILL_AREA(#17585);
#17585 = FILL_AREA_STYLE('',(#17586));
#17586 = FILL_AREA_STYLE_COLOUR('',#17439);
#17587 = STYLED_ITEM('color',(#17588),#15065);
#17588 = PRESENTATION_STYLE_ASSIGNMENT((#17589));
#17589 = SURFACE_STYLE_USAGE(.BOTH.,#17590);
#17590 = SURFACE_SIDE_STYLE('',(#17591));
#17591 = SURFACE_STYLE_FILL_AREA(#17592);
#17592 = FILL_AREA_STYLE('',(#17593));
#17593 = FILL_AREA_STYLE_COLOUR('',#17439);
#17594 = STYLED_ITEM('color',(#17595),#15082);
#17595 = PRESENTATION_STYLE_ASSIGNMENT((#17596));
#17596 = SURFACE_STYLE_USAGE(.BOTH.,#17597);
#17597 = SURFACE_SIDE_STYLE('',(#17598));
#17598 = SURFACE_STYLE_FILL_AREA(#17599);
#17599 = FILL_AREA_STYLE('',(#17600));
#17600 = FILL_AREA_STYLE_COLOUR('',#17439);
#17601 = STYLED_ITEM('color',(#17602),#15099);
#17602 = PRESENTATION_STYLE_ASSIGNMENT((#17603));
#17603 = SURFACE_STYLE_USAGE(.BOTH.,#17604);
#17604 = SURFACE_SIDE_STYLE('',(#17605));
#17605 = SURFACE_STYLE_FILL_AREA(#17606);
#17606 = FILL_AREA_STYLE('',(#17607));
#17607 = FILL_AREA_STYLE_COLOUR('',#17439);
#17608 = STYLED_ITEM('color',(#17609),#15116);
#17609 = PRESENTATION_STYLE_ASSIGNMENT((#17610));
#17610 = SURFACE_STYLE_USAGE(.BOTH.,#17611);
#17611 = SURFACE_SIDE_STYLE('',(#17612));
#17612 = SURFACE_STYLE_FILL_AREA(#17613);
#17613 = FILL_AREA_STYLE('',(#17614));
#17614 = FILL_AREA_STYLE_COLOUR('',#17439);
#17615 = STYLED_ITEM('color',(#17616),#15133);
#17616 = PRESENTATION_STYLE_ASSIGNMENT((#17617));
#17617 = SURFACE_STYLE_USAGE(.BOTH.,#17618);
#17618 = SURFACE_SIDE_STYLE('',(#17619));
#17619 = SURFACE_STYLE_FILL_AREA(#17620);
#17620 = FILL_AREA_STYLE('',(#17621));
#17621 = FILL_AREA_STYLE_COLOUR('',#17439);
#17622 = STYLED_ITEM('color',(#17623),#15150);
#17623 = PRESENTATION_STYLE_ASSIGNMENT((#17624));
#17624 = SURFACE_STYLE_USAGE(.BOTH.,#17625);
#17625 = SURFACE_SIDE_STYLE('',(#17626));
#17626 = SURFACE_STYLE_FILL_AREA(#17627);
#17627 = FILL_AREA_STYLE('',(#17628));
#17628 = FILL_AREA_STYLE_COLOUR('',#17439);
#17629 = STYLED_ITEM('color',(#17630),#15162);
#17630 = PRESENTATION_STYLE_ASSIGNMENT((#17631));
#17631 = SURFACE_STYLE_USAGE(.BOTH.,#17632);
#17632 = SURFACE_SIDE_STYLE('',(#17633));
#17633 = SURFACE_STYLE_FILL_AREA(#17634);
#17634 = FILL_AREA_STYLE('',(#17635));
#17635 = FILL_AREA_STYLE_COLOUR('',#17636);
#17636 = COLOUR_RGB('',0.859000020776,0.737999965183,0.495999988746);
#17637 = STYLED_ITEM('color',(#17638),#15193);
#17638 = PRESENTATION_STYLE_ASSIGNMENT((#17639));
#17639 = SURFACE_STYLE_USAGE(.BOTH.,#17640);
#17640 = SURFACE_SIDE_STYLE('',(#17641));
#17641 = SURFACE_STYLE_FILL_AREA(#17642);
#17642 = FILL_AREA_STYLE('',(#17643));
#17643 = FILL_AREA_STYLE_COLOUR('',#17636);
#17644 = STYLED_ITEM('color',(#17645),#15217);
#17645 = PRESENTATION_STYLE_ASSIGNMENT((#17646));
#17646 = SURFACE_STYLE_USAGE(.BOTH.,#17647);
#17647 = SURFACE_SIDE_STYLE('',(#17648));
#17648 = SURFACE_STYLE_FILL_AREA(#17649);
#17649 = FILL_AREA_STYLE('',(#17650));
#17650 = FILL_AREA_STYLE_COLOUR('',#17636);
#17651 = STYLED_ITEM('color',(#17652),#15241);
#17652 = PRESENTATION_STYLE_ASSIGNMENT((#17653));
#17653 = SURFACE_STYLE_USAGE(.BOTH.,#17654);
#17654 = SURFACE_SIDE_STYLE('',(#17655));
#17655 = SURFACE_STYLE_FILL_AREA(#17656);
#17656 = FILL_AREA_STYLE('',(#17657));
#17657 = FILL_AREA_STYLE_COLOUR('',#17636);
#17658 = STYLED_ITEM('color',(#17659),#15258);
#17659 = PRESENTATION_STYLE_ASSIGNMENT((#17660));
#17660 = SURFACE_STYLE_USAGE(.BOTH.,#17661);
#17661 = SURFACE_SIDE_STYLE('',(#17662));
#17662 = SURFACE_STYLE_FILL_AREA(#17663);
#17663 = FILL_AREA_STYLE('',(#17664));
#17664 = FILL_AREA_STYLE_COLOUR('',#17636);
#17665 = STYLED_ITEM('color',(#17666),#15289);
#17666 = PRESENTATION_STYLE_ASSIGNMENT((#17667));
#17667 = SURFACE_STYLE_USAGE(.BOTH.,#17668);
#17668 = SURFACE_SIDE_STYLE('',(#17669));
#17669 = SURFACE_STYLE_FILL_AREA(#17670);
#17670 = FILL_AREA_STYLE('',(#17671));
#17671 = FILL_AREA_STYLE_COLOUR('',#17636);
#17672 = STYLED_ITEM('color',(#17673),#15313);
#17673 = PRESENTATION_STYLE_ASSIGNMENT((#17674));
#17674 = SURFACE_STYLE_USAGE(.BOTH.,#17675);
#17675 = SURFACE_SIDE_STYLE('',(#17676));
#17676 = SURFACE_STYLE_FILL_AREA(#17677);
#17677 = FILL_AREA_STYLE('',(#17678));
#17678 = FILL_AREA_STYLE_COLOUR('',#17636);
#17679 = STYLED_ITEM('color',(#17680),#15337);
#17680 = PRESENTATION_STYLE_ASSIGNMENT((#17681));
#17681 = SURFACE_STYLE_USAGE(.BOTH.,#17682);
#17682 = SURFACE_SIDE_STYLE('',(#17683));
#17683 = SURFACE_STYLE_FILL_AREA(#17684);
#17684 = FILL_AREA_STYLE('',(#17685));
#17685 = FILL_AREA_STYLE_COLOUR('',#17636);
#17686 = STYLED_ITEM('color',(#17687),#15354);
#17687 = PRESENTATION_STYLE_ASSIGNMENT((#17688));
#17688 = SURFACE_STYLE_USAGE(.BOTH.,#17689);
#17689 = SURFACE_SIDE_STYLE('',(#17690));
#17690 = SURFACE_STYLE_FILL_AREA(#17691);
#17691 = FILL_AREA_STYLE('',(#17692));
#17692 = FILL_AREA_STYLE_COLOUR('',#17636);
#17693 = STYLED_ITEM('color',(#17694),#15385);
#17694 = PRESENTATION_STYLE_ASSIGNMENT((#17695));
#17695 = SURFACE_STYLE_USAGE(.BOTH.,#17696);
#17696 = SURFACE_SIDE_STYLE('',(#17697));
#17697 = SURFACE_STYLE_FILL_AREA(#17698);
#17698 = FILL_AREA_STYLE('',(#17699));
#17699 = FILL_AREA_STYLE_COLOUR('',#17636);
#17700 = STYLED_ITEM('color',(#17701),#15409);
#17701 = PRESENTATION_STYLE_ASSIGNMENT((#17702));
#17702 = SURFACE_STYLE_USAGE(.BOTH.,#17703);
#17703 = SURFACE_SIDE_STYLE('',(#17704));
#17704 = SURFACE_STYLE_FILL_AREA(#17705);
#17705 = FILL_AREA_STYLE('',(#17706));
#17706 = FILL_AREA_STYLE_COLOUR('',#17636);
#17707 = STYLED_ITEM('color',(#17708),#15433);
#17708 = PRESENTATION_STYLE_ASSIGNMENT((#17709));
#17709 = SURFACE_STYLE_USAGE(.BOTH.,#17710);
#17710 = SURFACE_SIDE_STYLE('',(#17711));
#17711 = SURFACE_STYLE_FILL_AREA(#17712);
#17712 = FILL_AREA_STYLE('',(#17713));
#17713 = FILL_AREA_STYLE_COLOUR('',#17636);
#17714 = STYLED_ITEM('color',(#17715),#15450);
#17715 = PRESENTATION_STYLE_ASSIGNMENT((#17716));
#17716 = SURFACE_STYLE_USAGE(.BOTH.,#17717);
#17717 = SURFACE_SIDE_STYLE('',(#17718));
#17718 = SURFACE_STYLE_FILL_AREA(#17719);
#17719 = FILL_AREA_STYLE('',(#17720));
#17720 = FILL_AREA_STYLE_COLOUR('',#17636);
#17721 = STYLED_ITEM('color',(#17722),#15481);
#17722 = PRESENTATION_STYLE_ASSIGNMENT((#17723));
#17723 = SURFACE_STYLE_USAGE(.BOTH.,#17724);
#17724 = SURFACE_SIDE_STYLE('',(#17725));
#17725 = SURFACE_STYLE_FILL_AREA(#17726);
#17726 = FILL_AREA_STYLE('',(#17727));
#17727 = FILL_AREA_STYLE_COLOUR('',#17636);
#17728 = STYLED_ITEM('color',(#17729),#15505);
#17729 = PRESENTATION_STYLE_ASSIGNMENT((#17730));
#17730 = SURFACE_STYLE_USAGE(.BOTH.,#17731);
#17731 = SURFACE_SIDE_STYLE('',(#17732));
#17732 = SURFACE_STYLE_FILL_AREA(#17733);
#17733 = FILL_AREA_STYLE('',(#17734));
#17734 = FILL_AREA_STYLE_COLOUR('',#17636);
#17735 = STYLED_ITEM('color',(#17736),#15529);
#17736 = PRESENTATION_STYLE_ASSIGNMENT((#17737));
#17737 = SURFACE_STYLE_USAGE(.BOTH.,#17738);
#17738 = SURFACE_SIDE_STYLE('',(#17739));
#17739 = SURFACE_STYLE_FILL_AREA(#17740);
#17740 = FILL_AREA_STYLE('',(#17741));
#17741 = FILL_AREA_STYLE_COLOUR('',#17636);
#17742 = STYLED_ITEM('color',(#17743),#15546);
#17743 = PRESENTATION_STYLE_ASSIGNMENT((#17744));
#17744 = SURFACE_STYLE_USAGE(.BOTH.,#17745);
#17745 = SURFACE_SIDE_STYLE('',(#17746));
#17746 = SURFACE_STYLE_FILL_AREA(#17747);
#17747 = FILL_AREA_STYLE('',(#17748));
#17748 = FILL_AREA_STYLE_COLOUR('',#17636);
#17749 = STYLED_ITEM('color',(#17750),#15577);
#17750 = PRESENTATION_STYLE_ASSIGNMENT((#17751));
#17751 = SURFACE_STYLE_USAGE(.BOTH.,#17752);
#17752 = SURFACE_SIDE_STYLE('',(#17753));
#17753 = SURFACE_STYLE_FILL_AREA(#17754);
#17754 = FILL_AREA_STYLE('',(#17755));
#17755 = FILL_AREA_STYLE_COLOUR('',#17636);
#17756 = STYLED_ITEM('color',(#17757),#15601);
#17757 = PRESENTATION_STYLE_ASSIGNMENT((#17758));
#17758 = SURFACE_STYLE_USAGE(.BOTH.,#17759);
#17759 = SURFACE_SIDE_STYLE('',(#17760));
#17760 = SURFACE_STYLE_FILL_AREA(#17761);
#17761 = FILL_AREA_STYLE('',(#17762));
#17762 = FILL_AREA_STYLE_COLOUR('',#17636);
#17763 = STYLED_ITEM('color',(#17764),#15625);
#17764 = PRESENTATION_STYLE_ASSIGNMENT((#17765));
#17765 = SURFACE_STYLE_USAGE(.BOTH.,#17766);
#17766 = SURFACE_SIDE_STYLE('',(#17767));
#17767 = SURFACE_STYLE_FILL_AREA(#17768);
#17768 = FILL_AREA_STYLE('',(#17769));
#17769 = FILL_AREA_STYLE_COLOUR('',#17636);
#17770 = STYLED_ITEM('color',(#17771),#15642);
#17771 = PRESENTATION_STYLE_ASSIGNMENT((#17772));
#17772 = SURFACE_STYLE_USAGE(.BOTH.,#17773);
#17773 = SURFACE_SIDE_STYLE('',(#17774));
#17774 = SURFACE_STYLE_FILL_AREA(#17775);
#17775 = FILL_AREA_STYLE('',(#17776));
#17776 = FILL_AREA_STYLE_COLOUR('',#17636);
#17777 = STYLED_ITEM('color',(#17778),#15673);
#17778 = PRESENTATION_STYLE_ASSIGNMENT((#17779));
#17779 = SURFACE_STYLE_USAGE(.BOTH.,#17780);
#17780 = SURFACE_SIDE_STYLE('',(#17781));
#17781 = SURFACE_STYLE_FILL_AREA(#17782);
#17782 = FILL_AREA_STYLE('',(#17783));
#17783 = FILL_AREA_STYLE_COLOUR('',#17636);
#17784 = STYLED_ITEM('color',(#17785),#15697);
#17785 = PRESENTATION_STYLE_ASSIGNMENT((#17786));
#17786 = SURFACE_STYLE_USAGE(.BOTH.,#17787);
#17787 = SURFACE_SIDE_STYLE('',(#17788));
#17788 = SURFACE_STYLE_FILL_AREA(#17789);
#17789 = FILL_AREA_STYLE('',(#17790));
#17790 = FILL_AREA_STYLE_COLOUR('',#17636);
#17791 = STYLED_ITEM('color',(#17792),#15721);
#17792 = PRESENTATION_STYLE_ASSIGNMENT((#17793));
#17793 = SURFACE_STYLE_USAGE(.BOTH.,#17794);
#17794 = SURFACE_SIDE_STYLE('',(#17795));
#17795 = SURFACE_STYLE_FILL_AREA(#17796);
#17796 = FILL_AREA_STYLE('',(#17797));
#17797 = FILL_AREA_STYLE_COLOUR('',#17636);
#17798 = STYLED_ITEM('color',(#17799),#15738);
#17799 = PRESENTATION_STYLE_ASSIGNMENT((#17800));
#17800 = SURFACE_STYLE_USAGE(.BOTH.,#17801);
#17801 = SURFACE_SIDE_STYLE('',(#17802));
#17802 = SURFACE_STYLE_FILL_AREA(#17803);
#17803 = FILL_AREA_STYLE('',(#17804));
#17804 = FILL_AREA_STYLE_COLOUR('',#17636);
#17805 = STYLED_ITEM('color',(#17806),#15769);
#17806 = PRESENTATION_STYLE_ASSIGNMENT((#17807));
#17807 = SURFACE_STYLE_USAGE(.BOTH.,#17808);
#17808 = SURFACE_SIDE_STYLE('',(#17809));
#17809 = SURFACE_STYLE_FILL_AREA(#17810);
#17810 = FILL_AREA_STYLE('',(#17811));
#17811 = FILL_AREA_STYLE_COLOUR('',#17636);
#17812 = STYLED_ITEM('color',(#17813),#15793);
#17813 = PRESENTATION_STYLE_ASSIGNMENT((#17814));
#17814 = SURFACE_STYLE_USAGE(.BOTH.,#17815);
#17815 = SURFACE_SIDE_STYLE('',(#17816));
#17816 = SURFACE_STYLE_FILL_AREA(#17817);
#17817 = FILL_AREA_STYLE('',(#17818));
#17818 = FILL_AREA_STYLE_COLOUR('',#17636);
#17819 = STYLED_ITEM('color',(#17820),#15817);
#17820 = PRESENTATION_STYLE_ASSIGNMENT((#17821));
#17821 = SURFACE_STYLE_USAGE(.BOTH.,#17822);
#17822 = SURFACE_SIDE_STYLE('',(#17823));
#17823 = SURFACE_STYLE_FILL_AREA(#17824);
#17824 = FILL_AREA_STYLE('',(#17825));
#17825 = FILL_AREA_STYLE_COLOUR('',#17636);
#17826 = STYLED_ITEM('color',(#17827),#15834);
#17827 = PRESENTATION_STYLE_ASSIGNMENT((#17828));
#17828 = SURFACE_STYLE_USAGE(.BOTH.,#17829);
#17829 = SURFACE_SIDE_STYLE('',(#17830));
#17830 = SURFACE_STYLE_FILL_AREA(#17831);
#17831 = FILL_AREA_STYLE('',(#17832));
#17832 = FILL_AREA_STYLE_COLOUR('',#17636);
#17833 = STYLED_ITEM('color',(#17834),#15865);
#17834 = PRESENTATION_STYLE_ASSIGNMENT((#17835));
#17835 = SURFACE_STYLE_USAGE(.BOTH.,#17836);
#17836 = SURFACE_SIDE_STYLE('',(#17837));
#17837 = SURFACE_STYLE_FILL_AREA(#17838);
#17838 = FILL_AREA_STYLE('',(#17839));
#17839 = FILL_AREA_STYLE_COLOUR('',#17636);
#17840 = STYLED_ITEM('color',(#17841),#15889);
#17841 = PRESENTATION_STYLE_ASSIGNMENT((#17842));
#17842 = SURFACE_STYLE_USAGE(.BOTH.,#17843);
#17843 = SURFACE_SIDE_STYLE('',(#17844));
#17844 = SURFACE_STYLE_FILL_AREA(#17845);
#17845 = FILL_AREA_STYLE('',(#17846));
#17846 = FILL_AREA_STYLE_COLOUR('',#17636);
#17847 = STYLED_ITEM('color',(#17848),#15913);
#17848 = PRESENTATION_STYLE_ASSIGNMENT((#17849));
#17849 = SURFACE_STYLE_USAGE(.BOTH.,#17850);
#17850 = SURFACE_SIDE_STYLE('',(#17851));
#17851 = SURFACE_STYLE_FILL_AREA(#17852);
#17852 = FILL_AREA_STYLE('',(#17853));
#17853 = FILL_AREA_STYLE_COLOUR('',#17636);
#17854 = STYLED_ITEM('color',(#17855),#15930);
#17855 = PRESENTATION_STYLE_ASSIGNMENT((#17856));
#17856 = SURFACE_STYLE_USAGE(.BOTH.,#17857);
#17857 = SURFACE_SIDE_STYLE('',(#17858));
#17858 = SURFACE_STYLE_FILL_AREA(#17859);
#17859 = FILL_AREA_STYLE('',(#17860));
#17860 = FILL_AREA_STYLE_COLOUR('',#17636);
#17861 = STYLED_ITEM('color',(#17862),#15961);
#17862 = PRESENTATION_STYLE_ASSIGNMENT((#17863));
#17863 = SURFACE_STYLE_USAGE(.BOTH.,#17864);
#17864 = SURFACE_SIDE_STYLE('',(#17865));
#17865 = SURFACE_STYLE_FILL_AREA(#17866);
#17866 = FILL_AREA_STYLE('',(#17867));
#17867 = FILL_AREA_STYLE_COLOUR('',#17636);
#17868 = STYLED_ITEM('color',(#17869),#15985);
#17869 = PRESENTATION_STYLE_ASSIGNMENT((#17870));
#17870 = SURFACE_STYLE_USAGE(.BOTH.,#17871);
#17871 = SURFACE_SIDE_STYLE('',(#17872));
#17872 = SURFACE_STYLE_FILL_AREA(#17873);
#17873 = FILL_AREA_STYLE('',(#17874));
#17874 = FILL_AREA_STYLE_COLOUR('',#17636);
#17875 = STYLED_ITEM('color',(#17876),#16009);
#17876 = PRESENTATION_STYLE_ASSIGNMENT((#17877));
#17877 = SURFACE_STYLE_USAGE(.BOTH.,#17878);
#17878 = SURFACE_SIDE_STYLE('',(#17879));
#17879 = SURFACE_STYLE_FILL_AREA(#17880);
#17880 = FILL_AREA_STYLE('',(#17881));
#17881 = FILL_AREA_STYLE_COLOUR('',#17636);
#17882 = STYLED_ITEM('color',(#17883),#16026);
#17883 = PRESENTATION_STYLE_ASSIGNMENT((#17884));
#17884 = SURFACE_STYLE_USAGE(.BOTH.,#17885);
#17885 = SURFACE_SIDE_STYLE('',(#17886));
#17886 = SURFACE_STYLE_FILL_AREA(#17887);
#17887 = FILL_AREA_STYLE('',(#17888));
#17888 = FILL_AREA_STYLE_COLOUR('',#17636);
#17889 = STYLED_ITEM('color',(#17890),#16057);
#17890 = PRESENTATION_STYLE_ASSIGNMENT((#17891));
#17891 = SURFACE_STYLE_USAGE(.BOTH.,#17892);
#17892 = SURFACE_SIDE_STYLE('',(#17893));
#17893 = SURFACE_STYLE_FILL_AREA(#17894);
#17894 = FILL_AREA_STYLE('',(#17895));
#17895 = FILL_AREA_STYLE_COLOUR('',#17636);
#17896 = STYLED_ITEM('color',(#17897),#16081);
#17897 = PRESENTATION_STYLE_ASSIGNMENT((#17898));
#17898 = SURFACE_STYLE_USAGE(.BOTH.,#17899);
#17899 = SURFACE_SIDE_STYLE('',(#17900));
#17900 = SURFACE_STYLE_FILL_AREA(#17901);
#17901 = FILL_AREA_STYLE('',(#17902));
#17902 = FILL_AREA_STYLE_COLOUR('',#17636);
#17903 = STYLED_ITEM('color',(#17904),#16105);
#17904 = PRESENTATION_STYLE_ASSIGNMENT((#17905));
#17905 = SURFACE_STYLE_USAGE(.BOTH.,#17906);
#17906 = SURFACE_SIDE_STYLE('',(#17907));
#17907 = SURFACE_STYLE_FILL_AREA(#17908);
#17908 = FILL_AREA_STYLE('',(#17909));
#17909 = FILL_AREA_STYLE_COLOUR('',#17636);
#17910 = STYLED_ITEM('color',(#17911),#16122);
#17911 = PRESENTATION_STYLE_ASSIGNMENT((#17912));
#17912 = SURFACE_STYLE_USAGE(.BOTH.,#17913);
#17913 = SURFACE_SIDE_STYLE('',(#17914));
#17914 = SURFACE_STYLE_FILL_AREA(#17915);
#17915 = FILL_AREA_STYLE('',(#17916));
#17916 = FILL_AREA_STYLE_COLOUR('',#17636);
#17917 = STYLED_ITEM('color',(#17918),#16153);
#17918 = PRESENTATION_STYLE_ASSIGNMENT((#17919));
#17919 = SURFACE_STYLE_USAGE(.BOTH.,#17920);
#17920 = SURFACE_SIDE_STYLE('',(#17921));
#17921 = SURFACE_STYLE_FILL_AREA(#17922);
#17922 = FILL_AREA_STYLE('',(#17923));
#17923 = FILL_AREA_STYLE_COLOUR('',#17636);
#17924 = STYLED_ITEM('color',(#17925),#16177);
#17925 = PRESENTATION_STYLE_ASSIGNMENT((#17926));
#17926 = SURFACE_STYLE_USAGE(.BOTH.,#17927);
#17927 = SURFACE_SIDE_STYLE('',(#17928));
#17928 = SURFACE_STYLE_FILL_AREA(#17929);
#17929 = FILL_AREA_STYLE('',(#17930));
#17930 = FILL_AREA_STYLE_COLOUR('',#17636);
#17931 = STYLED_ITEM('color',(#17932),#16201);
#17932 = PRESENTATION_STYLE_ASSIGNMENT((#17933));
#17933 = SURFACE_STYLE_USAGE(.BOTH.,#17934);
#17934 = SURFACE_SIDE_STYLE('',(#17935));
#17935 = SURFACE_STYLE_FILL_AREA(#17936);
#17936 = FILL_AREA_STYLE('',(#17937));
#17937 = FILL_AREA_STYLE_COLOUR('',#17636);
#17938 = STYLED_ITEM('color',(#17939),#16218);
#17939 = PRESENTATION_STYLE_ASSIGNMENT((#17940));
#17940 = SURFACE_STYLE_USAGE(.BOTH.,#17941);
#17941 = SURFACE_SIDE_STYLE('',(#17942));
#17942 = SURFACE_STYLE_FILL_AREA(#17943);
#17943 = FILL_AREA_STYLE('',(#17944));
#17944 = FILL_AREA_STYLE_COLOUR('',#17636);
#17945 = STYLED_ITEM('color',(#17946),#16249);
#17946 = PRESENTATION_STYLE_ASSIGNMENT((#17947));
#17947 = SURFACE_STYLE_USAGE(.BOTH.,#17948);
#17948 = SURFACE_SIDE_STYLE('',(#17949));
#17949 = SURFACE_STYLE_FILL_AREA(#17950);
#17950 = FILL_AREA_STYLE('',(#17951));
#17951 = FILL_AREA_STYLE_COLOUR('',#17636);
#17952 = STYLED_ITEM('color',(#17953),#16273);
#17953 = PRESENTATION_STYLE_ASSIGNMENT((#17954));
#17954 = SURFACE_STYLE_USAGE(.BOTH.,#17955);
#17955 = SURFACE_SIDE_STYLE('',(#17956));
#17956 = SURFACE_STYLE_FILL_AREA(#17957);
#17957 = FILL_AREA_STYLE('',(#17958));
#17958 = FILL_AREA_STYLE_COLOUR('',#17636);
#17959 = STYLED_ITEM('color',(#17960),#16297);
#17960 = PRESENTATION_STYLE_ASSIGNMENT((#17961));
#17961 = SURFACE_STYLE_USAGE(.BOTH.,#17962);
#17962 = SURFACE_SIDE_STYLE('',(#17963));
#17963 = SURFACE_STYLE_FILL_AREA(#17964);
#17964 = FILL_AREA_STYLE('',(#17965));
#17965 = FILL_AREA_STYLE_COLOUR('',#17636);
#17966 = STYLED_ITEM('color',(#17967),#16314);
#17967 = PRESENTATION_STYLE_ASSIGNMENT((#17968));
#17968 = SURFACE_STYLE_USAGE(.BOTH.,#17969);
#17969 = SURFACE_SIDE_STYLE('',(#17970));
#17970 = SURFACE_STYLE_FILL_AREA(#17971);
#17971 = FILL_AREA_STYLE('',(#17972));
#17972 = FILL_AREA_STYLE_COLOUR('',#17636);
#17973 = STYLED_ITEM('color',(#17974),#16345);
#17974 = PRESENTATION_STYLE_ASSIGNMENT((#17975));
#17975 = SURFACE_STYLE_USAGE(.BOTH.,#17976);
#17976 = SURFACE_SIDE_STYLE('',(#17977));
#17977 = SURFACE_STYLE_FILL_AREA(#17978);
#17978 = FILL_AREA_STYLE('',(#17979));
#17979 = FILL_AREA_STYLE_COLOUR('',#17636);
#17980 = STYLED_ITEM('color',(#17981),#16369);
#17981 = PRESENTATION_STYLE_ASSIGNMENT((#17982));
#17982 = SURFACE_STYLE_USAGE(.BOTH.,#17983);
#17983 = SURFACE_SIDE_STYLE('',(#17984));
#17984 = SURFACE_STYLE_FILL_AREA(#17985);
#17985 = FILL_AREA_STYLE('',(#17986));
#17986 = FILL_AREA_STYLE_COLOUR('',#17636);
#17987 = STYLED_ITEM('color',(#17988),#16393);
#17988 = PRESENTATION_STYLE_ASSIGNMENT((#17989));
#17989 = SURFACE_STYLE_USAGE(.BOTH.,#17990);
#17990 = SURFACE_SIDE_STYLE('',(#17991));
#17991 = SURFACE_STYLE_FILL_AREA(#17992);
#17992 = FILL_AREA_STYLE('',(#17993));
#17993 = FILL_AREA_STYLE_COLOUR('',#17636);
#17994 = STYLED_ITEM('color',(#17995),#16410);
#17995 = PRESENTATION_STYLE_ASSIGNMENT((#17996));
#17996 = SURFACE_STYLE_USAGE(.BOTH.,#17997);
#17997 = SURFACE_SIDE_STYLE('',(#17998));
#17998 = SURFACE_STYLE_FILL_AREA(#17999);
#17999 = FILL_AREA_STYLE('',(#18000));
#18000 = FILL_AREA_STYLE_COLOUR('',#17636);
#18001 = STYLED_ITEM('color',(#18002),#16441);
#18002 = PRESENTATION_STYLE_ASSIGNMENT((#18003));
#18003 = SURFACE_STYLE_USAGE(.BOTH.,#18004);
#18004 = SURFACE_SIDE_STYLE('',(#18005));
#18005 = SURFACE_STYLE_FILL_AREA(#18006);
#18006 = FILL_AREA_STYLE('',(#18007));
#18007 = FILL_AREA_STYLE_COLOUR('',#17636);
#18008 = STYLED_ITEM('color',(#18009),#16465);
#18009 = PRESENTATION_STYLE_ASSIGNMENT((#18010));
#18010 = SURFACE_STYLE_USAGE(.BOTH.,#18011);
#18011 = SURFACE_SIDE_STYLE('',(#18012));
#18012 = SURFACE_STYLE_FILL_AREA(#18013);
#18013 = FILL_AREA_STYLE('',(#18014));
#18014 = FILL_AREA_STYLE_COLOUR('',#17636);
#18015 = STYLED_ITEM('color',(#18016),#16489);
#18016 = PRESENTATION_STYLE_ASSIGNMENT((#18017));
#18017 = SURFACE_STYLE_USAGE(.BOTH.,#18018);
#18018 = SURFACE_SIDE_STYLE('',(#18019));
#18019 = SURFACE_STYLE_FILL_AREA(#18020);
#18020 = FILL_AREA_STYLE('',(#18021));
#18021 = FILL_AREA_STYLE_COLOUR('',#17636);
#18022 = STYLED_ITEM('color',(#18023),#16506);
#18023 = PRESENTATION_STYLE_ASSIGNMENT((#18024));
#18024 = SURFACE_STYLE_USAGE(.BOTH.,#18025);
#18025 = SURFACE_SIDE_STYLE('',(#18026));
#18026 = SURFACE_STYLE_FILL_AREA(#18027);
#18027 = FILL_AREA_STYLE('',(#18028));
#18028 = FILL_AREA_STYLE_COLOUR('',#17636);
#18029 = STYLED_ITEM('color',(#18030),#16537);
#18030 = PRESENTATION_STYLE_ASSIGNMENT((#18031));
#18031 = SURFACE_STYLE_USAGE(.BOTH.,#18032);
#18032 = SURFACE_SIDE_STYLE('',(#18033));
#18033 = SURFACE_STYLE_FILL_AREA(#18034);
#18034 = FILL_AREA_STYLE('',(#18035));
#18035 = FILL_AREA_STYLE_COLOUR('',#17636);
#18036 = STYLED_ITEM('color',(#18037),#16561);
#18037 = PRESENTATION_STYLE_ASSIGNMENT((#18038));
#18038 = SURFACE_STYLE_USAGE(.BOTH.,#18039);
#18039 = SURFACE_SIDE_STYLE('',(#18040));
#18040 = SURFACE_STYLE_FILL_AREA(#18041);
#18041 = FILL_AREA_STYLE('',(#18042));
#18042 = FILL_AREA_STYLE_COLOUR('',#17636);
#18043 = STYLED_ITEM('color',(#18044),#16585);
#18044 = PRESENTATION_STYLE_ASSIGNMENT((#18045));
#18045 = SURFACE_STYLE_USAGE(.BOTH.,#18046);
#18046 = SURFACE_SIDE_STYLE('',(#18047));
#18047 = SURFACE_STYLE_FILL_AREA(#18048);
#18048 = FILL_AREA_STYLE('',(#18049));
#18049 = FILL_AREA_STYLE_COLOUR('',#17636);
#18050 = STYLED_ITEM('color',(#18051),#16602);
#18051 = PRESENTATION_STYLE_ASSIGNMENT((#18052));
#18052 = SURFACE_STYLE_USAGE(.BOTH.,#18053);
#18053 = SURFACE_SIDE_STYLE('',(#18054));
#18054 = SURFACE_STYLE_FILL_AREA(#18055);
#18055 = FILL_AREA_STYLE('',(#18056));
#18056 = FILL_AREA_STYLE_COLOUR('',#17636);
#18057 = STYLED_ITEM('color',(#18058),#16633);
#18058 = PRESENTATION_STYLE_ASSIGNMENT((#18059));
#18059 = SURFACE_STYLE_USAGE(.BOTH.,#18060);
#18060 = SURFACE_SIDE_STYLE('',(#18061));
#18061 = SURFACE_STYLE_FILL_AREA(#18062);
#18062 = FILL_AREA_STYLE('',(#18063));
#18063 = FILL_AREA_STYLE_COLOUR('',#17636);
#18064 = STYLED_ITEM('color',(#18065),#16657);
#18065 = PRESENTATION_STYLE_ASSIGNMENT((#18066));
#18066 = SURFACE_STYLE_USAGE(.BOTH.,#18067);
#18067 = SURFACE_SIDE_STYLE('',(#18068));
#18068 = SURFACE_STYLE_FILL_AREA(#18069);
#18069 = FILL_AREA_STYLE('',(#18070));
#18070 = FILL_AREA_STYLE_COLOUR('',#17636);
#18071 = STYLED_ITEM('color',(#18072),#16681);
#18072 = PRESENTATION_STYLE_ASSIGNMENT((#18073));
#18073 = SURFACE_STYLE_USAGE(.BOTH.,#18074);
#18074 = SURFACE_SIDE_STYLE('',(#18075));
#18075 = SURFACE_STYLE_FILL_AREA(#18076);
#18076 = FILL_AREA_STYLE('',(#18077));
#18077 = FILL_AREA_STYLE_COLOUR('',#17636);
#18078 = STYLED_ITEM('color',(#18079),#16698);
#18079 = PRESENTATION_STYLE_ASSIGNMENT((#18080));
#18080 = SURFACE_STYLE_USAGE(.BOTH.,#18081);
#18081 = SURFACE_SIDE_STYLE('',(#18082));
#18082 = SURFACE_STYLE_FILL_AREA(#18083);
#18083 = FILL_AREA_STYLE('',(#18084));
#18084 = FILL_AREA_STYLE_COLOUR('',#17636);
#18085 = STYLED_ITEM('color',(#18086),#16710);
#18086 = PRESENTATION_STYLE_ASSIGNMENT((#18087));
#18087 = SURFACE_STYLE_USAGE(.BOTH.,#18088);
#18088 = SURFACE_SIDE_STYLE('',(#18089));
#18089 = SURFACE_STYLE_FILL_AREA(#18090);
#18090 = FILL_AREA_STYLE('',(#18091));
#18091 = FILL_AREA_STYLE_COLOUR('',#17636);
#18092 = STYLED_ITEM('color',(#18093),#16722);
#18093 = PRESENTATION_STYLE_ASSIGNMENT((#18094));
#18094 = SURFACE_STYLE_USAGE(.BOTH.,#18095);
#18095 = SURFACE_SIDE_STYLE('',(#18096));
#18096 = SURFACE_STYLE_FILL_AREA(#18097);
#18097 = FILL_AREA_STYLE('',(#18098));
#18098 = FILL_AREA_STYLE_COLOUR('',#17636);
#18099 = STYLED_ITEM('color',(#18100),#16734);
#18100 = PRESENTATION_STYLE_ASSIGNMENT((#18101));
#18101 = SURFACE_STYLE_USAGE(.BOTH.,#18102);
#18102 = SURFACE_SIDE_STYLE('',(#18103));
#18103 = SURFACE_STYLE_FILL_AREA(#18104);
#18104 = FILL_AREA_STYLE('',(#18105));
#18105 = FILL_AREA_STYLE_COLOUR('',#17636);
#18106 = STYLED_ITEM('color',(#18107),#16746);
#18107 = PRESENTATION_STYLE_ASSIGNMENT((#18108));
#18108 = SURFACE_STYLE_USAGE(.BOTH.,#18109);
#18109 = SURFACE_SIDE_STYLE('',(#18110));
#18110 = SURFACE_STYLE_FILL_AREA(#18111);
#18111 = FILL_AREA_STYLE('',(#18112));
#18112 = FILL_AREA_STYLE_COLOUR('',#17636);
#18113 = STYLED_ITEM('color',(#18114),#16758);
#18114 = PRESENTATION_STYLE_ASSIGNMENT((#18115));
#18115 = SURFACE_STYLE_USAGE(.BOTH.,#18116);
#18116 = SURFACE_SIDE_STYLE('',(#18117));
#18117 = SURFACE_STYLE_FILL_AREA(#18118);
#18118 = FILL_AREA_STYLE('',(#18119));
#18119 = FILL_AREA_STYLE_COLOUR('',#17636);
#18120 = STYLED_ITEM('color',(#18121),#16770);
#18121 = PRESENTATION_STYLE_ASSIGNMENT((#18122));
#18122 = SURFACE_STYLE_USAGE(.BOTH.,#18123);
#18123 = SURFACE_SIDE_STYLE('',(#18124));
#18124 = SURFACE_STYLE_FILL_AREA(#18125);
#18125 = FILL_AREA_STYLE('',(#18126));
#18126 = FILL_AREA_STYLE_COLOUR('',#17636);
#18127 = STYLED_ITEM('color',(#18128),#16782);
#18128 = PRESENTATION_STYLE_ASSIGNMENT((#18129));
#18129 = SURFACE_STYLE_USAGE(.BOTH.,#18130);
#18130 = SURFACE_SIDE_STYLE('',(#18131));
#18131 = SURFACE_STYLE_FILL_AREA(#18132);
#18132 = FILL_AREA_STYLE('',(#18133));
#18133 = FILL_AREA_STYLE_COLOUR('',#17636);
#18134 = MECHANICAL_DESIGN_GEOMETRIC_PRESENTATION_REPRESENTATION('',(
    #18135,#18143,#18150,#18157,#18164,#18171,#18178,#18185,#18192,
    #18199,#18206,#18214,#18221,#18228,#18235,#18242,#18249,#18256,
    #18263,#18270,#18277,#18284,#18291,#18298,#18305,#18312,#18319,
    #18326),#1821);
#18135 = STYLED_ITEM('color',(#18136),#969);
#18136 = PRESENTATION_STYLE_ASSIGNMENT((#18137));
#18137 = SURFACE_STYLE_USAGE(.BOTH.,#18138);
#18138 = SURFACE_SIDE_STYLE('',(#18139));
#18139 = SURFACE_STYLE_FILL_AREA(#18140);
#18140 = FILL_AREA_STYLE('',(#18141));
#18141 = FILL_AREA_STYLE_COLOUR('',#18142);
#18142 = COLOUR_RGB('',0.823999987314,0.819999987296,0.781000009244);
#18143 = STYLED_ITEM('color',(#18144),#1045);
#18144 = PRESENTATION_STYLE_ASSIGNMENT((#18145));
#18145 = SURFACE_STYLE_USAGE(.BOTH.,#18146);
#18146 = SURFACE_SIDE_STYLE('',(#18147));
#18147 = SURFACE_STYLE_FILL_AREA(#18148);
#18148 = FILL_AREA_STYLE('',(#18149));
#18149 = FILL_AREA_STYLE_COLOUR('',#18142);
#18150 = STYLED_ITEM('color',(#18151),#1076);
#18151 = PRESENTATION_STYLE_ASSIGNMENT((#18152));
#18152 = SURFACE_STYLE_USAGE(.BOTH.,#18153);
#18153 = SURFACE_SIDE_STYLE('',(#18154));
#18154 = SURFACE_STYLE_FILL_AREA(#18155);
#18155 = FILL_AREA_STYLE('',(#18156));
#18156 = FILL_AREA_STYLE_COLOUR('',#18142);
#18157 = STYLED_ITEM('color',(#18158),#1101);
#18158 = PRESENTATION_STYLE_ASSIGNMENT((#18159));
#18159 = SURFACE_STYLE_USAGE(.BOTH.,#18160);
#18160 = SURFACE_SIDE_STYLE('',(#18161));
#18161 = SURFACE_STYLE_FILL_AREA(#18162);
#18162 = FILL_AREA_STYLE('',(#18163));
#18163 = FILL_AREA_STYLE_COLOUR('',#18142);
#18164 = STYLED_ITEM('color',(#18165),#1126);
#18165 = PRESENTATION_STYLE_ASSIGNMENT((#18166));
#18166 = SURFACE_STYLE_USAGE(.BOTH.,#18167);
#18167 = SURFACE_SIDE_STYLE('',(#18168));
#18168 = SURFACE_STYLE_FILL_AREA(#18169);
#18169 = FILL_AREA_STYLE('',(#18170));
#18170 = FILL_AREA_STYLE_COLOUR('',#18142);
#18171 = STYLED_ITEM('color',(#18172),#1150);
#18172 = PRESENTATION_STYLE_ASSIGNMENT((#18173));
#18173 = SURFACE_STYLE_USAGE(.BOTH.,#18174);
#18174 = SURFACE_SIDE_STYLE('',(#18175));
#18175 = SURFACE_STYLE_FILL_AREA(#18176);
#18176 = FILL_AREA_STYLE('',(#18177));
#18177 = FILL_AREA_STYLE_COLOUR('',#18142);
#18178 = STYLED_ITEM('color',(#18179),#1174);
#18179 = PRESENTATION_STYLE_ASSIGNMENT((#18180));
#18180 = SURFACE_STYLE_USAGE(.BOTH.,#18181);
#18181 = SURFACE_SIDE_STYLE('',(#18182));
#18182 = SURFACE_STYLE_FILL_AREA(#18183);
#18183 = FILL_AREA_STYLE('',(#18184));
#18184 = FILL_AREA_STYLE_COLOUR('',#18142);
#18185 = STYLED_ITEM('color',(#18186),#1199);
#18186 = PRESENTATION_STYLE_ASSIGNMENT((#18187));
#18187 = SURFACE_STYLE_USAGE(.BOTH.,#18188);
#18188 = SURFACE_SIDE_STYLE('',(#18189));
#18189 = SURFACE_STYLE_FILL_AREA(#18190);
#18190 = FILL_AREA_STYLE('',(#18191));
#18191 = FILL_AREA_STYLE_COLOUR('',#18142);
#18192 = STYLED_ITEM('color',(#18193),#1224);
#18193 = PRESENTATION_STYLE_ASSIGNMENT((#18194));
#18194 = SURFACE_STYLE_USAGE(.BOTH.,#18195);
#18195 = SURFACE_SIDE_STYLE('',(#18196));
#18196 = SURFACE_STYLE_FILL_AREA(#18197);
#18197 = FILL_AREA_STYLE('',(#18198));
#18198 = FILL_AREA_STYLE_COLOUR('',#18142);
#18199 = STYLED_ITEM('color',(#18200),#1241);
#18200 = PRESENTATION_STYLE_ASSIGNMENT((#18201));
#18201 = SURFACE_STYLE_USAGE(.BOTH.,#18202);
#18202 = SURFACE_SIDE_STYLE('',(#18203));
#18203 = SURFACE_STYLE_FILL_AREA(#18204);
#18204 = FILL_AREA_STYLE('',(#18205));
#18205 = FILL_AREA_STYLE_COLOUR('',#18142);
#18206 = STYLED_ITEM('color',(#18207),#1327);
#18207 = PRESENTATION_STYLE_ASSIGNMENT((#18208));
#18208 = SURFACE_STYLE_USAGE(.BOTH.,#18209);
#18209 = SURFACE_SIDE_STYLE('',(#18210));
#18210 = SURFACE_STYLE_FILL_AREA(#18211);
#18211 = FILL_AREA_STYLE('',(#18212));
#18212 = FILL_AREA_STYLE_COLOUR('',#18213);
#18213 = COLOUR_RGB('',0.379000005575,0.270000008848,0.214999999939);
#18214 = STYLED_ITEM('color',(#18215),#1359);
#18215 = PRESENTATION_STYLE_ASSIGNMENT((#18216));
#18216 = SURFACE_STYLE_USAGE(.BOTH.,#18217);
#18217 = SURFACE_SIDE_STYLE('',(#18218));
#18218 = SURFACE_STYLE_FILL_AREA(#18219);
#18219 = FILL_AREA_STYLE('',(#18220));
#18220 = FILL_AREA_STYLE_COLOUR('',#18213);
#18221 = STYLED_ITEM('color',(#18222),#1383);
#18222 = PRESENTATION_STYLE_ASSIGNMENT((#18223));
#18223 = SURFACE_STYLE_USAGE(.BOTH.,#18224);
#18224 = SURFACE_SIDE_STYLE('',(#18225));
#18225 = SURFACE_STYLE_FILL_AREA(#18226);
#18226 = FILL_AREA_STYLE('',(#18227));
#18227 = FILL_AREA_STYLE_COLOUR('',#18213);
#18228 = STYLED_ITEM('color',(#18229),#1408);
#18229 = PRESENTATION_STYLE_ASSIGNMENT((#18230));
#18230 = SURFACE_STYLE_USAGE(.BOTH.,#18231);
#18231 = SURFACE_SIDE_STYLE('',(#18232));
#18232 = SURFACE_STYLE_FILL_AREA(#18233);
#18233 = FILL_AREA_STYLE('',(#18234));
#18234 = FILL_AREA_STYLE_COLOUR('',#18213);
#18235 = STYLED_ITEM('color',(#18236),#1432);
#18236 = PRESENTATION_STYLE_ASSIGNMENT((#18237));
#18237 = SURFACE_STYLE_USAGE(.BOTH.,#18238);
#18238 = SURFACE_SIDE_STYLE('',(#18239));
#18239 = SURFACE_STYLE_FILL_AREA(#18240);
#18240 = FILL_AREA_STYLE('',(#18241));
#18241 = FILL_AREA_STYLE_COLOUR('',#18213);
#18242 = STYLED_ITEM('color',(#18243),#1457);
#18243 = PRESENTATION_STYLE_ASSIGNMENT((#18244));
#18244 = SURFACE_STYLE_USAGE(.BOTH.,#18245);
#18245 = SURFACE_SIDE_STYLE('',(#18246));
#18246 = SURFACE_STYLE_FILL_AREA(#18247);
#18247 = FILL_AREA_STYLE('',(#18248));
#18248 = FILL_AREA_STYLE_COLOUR('',#18213);
#18249 = STYLED_ITEM('color',(#18250),#1481);
#18250 = PRESENTATION_STYLE_ASSIGNMENT((#18251));
#18251 = SURFACE_STYLE_USAGE(.BOTH.,#18252);
#18252 = SURFACE_SIDE_STYLE('',(#18253));
#18253 = SURFACE_STYLE_FILL_AREA(#18254);
#18254 = FILL_AREA_STYLE('',(#18255));
#18255 = FILL_AREA_STYLE_COLOUR('',#18213);
#18256 = STYLED_ITEM('color',(#18257),#1506);
#18257 = PRESENTATION_STYLE_ASSIGNMENT((#18258));
#18258 = SURFACE_STYLE_USAGE(.BOTH.,#18259);
#18259 = SURFACE_SIDE_STYLE('',(#18260));
#18260 = SURFACE_STYLE_FILL_AREA(#18261);
#18261 = FILL_AREA_STYLE('',(#18262));
#18262 = FILL_AREA_STYLE_COLOUR('',#18213);
#18263 = STYLED_ITEM('color',(#18264),#1523);
#18264 = PRESENTATION_STYLE_ASSIGNMENT((#18265));
#18265 = SURFACE_STYLE_USAGE(.BOTH.,#18266);
#18266 = SURFACE_SIDE_STYLE('',(#18267));
#18267 = SURFACE_STYLE_FILL_AREA(#18268);
#18268 = FILL_AREA_STYLE('',(#18269));
#18269 = FILL_AREA_STYLE_COLOUR('',#18142);
#18270 = STYLED_ITEM('color',(#18271),#1609);
#18271 = PRESENTATION_STYLE_ASSIGNMENT((#18272));
#18272 = SURFACE_STYLE_USAGE(.BOTH.,#18273);
#18273 = SURFACE_SIDE_STYLE('',(#18274));
#18274 = SURFACE_STYLE_FILL_AREA(#18275);
#18275 = FILL_AREA_STYLE('',(#18276));
#18276 = FILL_AREA_STYLE_COLOUR('',#18142);
#18277 = STYLED_ITEM('color',(#18278),#1640);
#18278 = PRESENTATION_STYLE_ASSIGNMENT((#18279));
#18279 = SURFACE_STYLE_USAGE(.BOTH.,#18280);
#18280 = SURFACE_SIDE_STYLE('',(#18281));
#18281 = SURFACE_STYLE_FILL_AREA(#18282);
#18282 = FILL_AREA_STYLE('',(#18283));
#18283 = FILL_AREA_STYLE_COLOUR('',#18142);
#18284 = STYLED_ITEM('color',(#18285),#1665);
#18285 = PRESENTATION_STYLE_ASSIGNMENT((#18286));
#18286 = SURFACE_STYLE_USAGE(.BOTH.,#18287);
#18287 = SURFACE_SIDE_STYLE('',(#18288));
#18288 = SURFACE_STYLE_FILL_AREA(#18289);
#18289 = FILL_AREA_STYLE('',(#18290));
#18290 = FILL_AREA_STYLE_COLOUR('',#18142);
#18291 = STYLED_ITEM('color',(#18292),#1690);
#18292 = PRESENTATION_STYLE_ASSIGNMENT((#18293));
#18293 = SURFACE_STYLE_USAGE(.BOTH.,#18294);
#18294 = SURFACE_SIDE_STYLE('',(#18295));
#18295 = SURFACE_STYLE_FILL_AREA(#18296);
#18296 = FILL_AREA_STYLE('',(#18297));
#18297 = FILL_AREA_STYLE_COLOUR('',#18142);
#18298 = STYLED_ITEM('color',(#18299),#1714);
#18299 = PRESENTATION_STYLE_ASSIGNMENT((#18300));
#18300 = SURFACE_STYLE_USAGE(.BOTH.,#18301);
#18301 = SURFACE_SIDE_STYLE('',(#18302));
#18302 = SURFACE_STYLE_FILL_AREA(#18303);
#18303 = FILL_AREA_STYLE('',(#18304));
#18304 = FILL_AREA_STYLE_COLOUR('',#18142);
#18305 = STYLED_ITEM('color',(#18306),#1738);
#18306 = PRESENTATION_STYLE_ASSIGNMENT((#18307));
#18307 = SURFACE_STYLE_USAGE(.BOTH.,#18308);
#18308 = SURFACE_SIDE_STYLE('',(#18309));
#18309 = SURFACE_STYLE_FILL_AREA(#18310);
#18310 = FILL_AREA_STYLE('',(#18311));
#18311 = FILL_AREA_STYLE_COLOUR('',#18142);
#18312 = STYLED_ITEM('color',(#18313),#1763);
#18313 = PRESENTATION_STYLE_ASSIGNMENT((#18314));
#18314 = SURFACE_STYLE_USAGE(.BOTH.,#18315);
#18315 = SURFACE_SIDE_STYLE('',(#18316));
#18316 = SURFACE_STYLE_FILL_AREA(#18317);
#18317 = FILL_AREA_STYLE('',(#18318));
#18318 = FILL_AREA_STYLE_COLOUR('',#18142);
#18319 = STYLED_ITEM('color',(#18320),#1788);
#18320 = PRESENTATION_STYLE_ASSIGNMENT((#18321));
#18321 = SURFACE_STYLE_USAGE(.BOTH.,#18322);
#18322 = SURFACE_SIDE_STYLE('',(#18323));
#18323 = SURFACE_STYLE_FILL_AREA(#18324);
#18324 = FILL_AREA_STYLE('',(#18325));
#18325 = FILL_AREA_STYLE_COLOUR('',#18142);
#18326 = STYLED_ITEM('color',(#18327),#1805);
#18327 = PRESENTATION_STYLE_ASSIGNMENT((#18328));
#18328 = SURFACE_STYLE_USAGE(.BOTH.,#18329);
#18329 = SURFACE_SIDE_STYLE('',(#18330));
#18330 = SURFACE_STYLE_FILL_AREA(#18331);
#18331 = FILL_AREA_STYLE('',(#18332));
#18332 = FILL_AREA_STYLE_COLOUR('',#18142);
#18333 = MECHANICAL_DESIGN_GEOMETRIC_PRESENTATION_REPRESENTATION('',(
    #18334,#18342,#18349,#18356,#18363,#18370,#18378,#18385,#18392,
    #18399,#18406,#18413,#18420,#18427,#18434,#18441,#18448,#18455,
    #18462,#18469,#18476,#18483,#18490,#18497,#18504,#18511,#18518,
    #18525,#18532,#18539,#18546,#18553,#18560,#18567,#18574,#18581,
    #18588,#18595,#18602,#18609,#18616,#18623,#18630,#18637,#18644,
    #18651,#18658,#18665,#18672,#18679,#18686,#18693,#18700,#18707,
    #18714,#18721,#18728,#18735,#18742,#18749,#18756,#18763,#18770,
    #18777,#18784,#18791,#18798,#18805,#18812,#18819,#18826,#18833,
    #18840,#18847,#18854,#18861,#18868,#18875,#18882,#18889,#18896,
    #18903,#18910,#18917,#18924,#18931,#18938,#18945,#18952,#18959,
    #18966,#18973,#18980,#18987,#18994,#19001,#19008,#19015,#19022,
    #19030,#19037,#19044,#19051,#19058,#19065,#19072,#19079,#19086,
    #19093,#19100,#19107,#19114,#19121,#19128,#19135,#19142,#19149,
    #19156,#19163,#19170,#19177,#19184,#19191,#19198,#19205,#19212,
    #19219,#19226,#19233,#19240,#19247,#19254,#19261,#19268,#19275,
    #19282,#19289,#19296,#19303,#19310,#19317,#19324,#19331,#19338,
    #19345,#19352,#19359,#19366,#19373,#19380,#19387,#19394,#19401,
    #19408,#19415,#19422),#6480);
#18334 = STYLED_ITEM('color',(#18335),#1875);
#18335 = PRESENTATION_STYLE_ASSIGNMENT((#18336));
#18336 = SURFACE_STYLE_USAGE(.BOTH.,#18337);
#18337 = SURFACE_SIDE_STYLE('',(#18338));
#18338 = SURFACE_STYLE_FILL_AREA(#18339);
#18339 = FILL_AREA_STYLE('',(#18340));
#18340 = FILL_AREA_STYLE_COLOUR('',#18341);
#18341 = COLOUR_RGB('',0.823529417451,0.819607860991,0.780392170416);
#18342 = STYLED_ITEM('color',(#18343),#1917);
#18343 = PRESENTATION_STYLE_ASSIGNMENT((#18344));
#18344 = SURFACE_STYLE_USAGE(.BOTH.,#18345);
#18345 = SURFACE_SIDE_STYLE('',(#18346));
#18346 = SURFACE_STYLE_FILL_AREA(#18347);
#18347 = FILL_AREA_STYLE('',(#18348));
#18348 = FILL_AREA_STYLE_COLOUR('',#18341);
#18349 = STYLED_ITEM('color',(#18350),#1948);
#18350 = PRESENTATION_STYLE_ASSIGNMENT((#18351));
#18351 = SURFACE_STYLE_USAGE(.BOTH.,#18352);
#18352 = SURFACE_SIDE_STYLE('',(#18353));
#18353 = SURFACE_STYLE_FILL_AREA(#18354);
#18354 = FILL_AREA_STYLE('',(#18355));
#18355 = FILL_AREA_STYLE_COLOUR('',#18341);
#18356 = STYLED_ITEM('color',(#18357),#1979);
#18357 = PRESENTATION_STYLE_ASSIGNMENT((#18358));
#18358 = SURFACE_STYLE_USAGE(.BOTH.,#18359);
#18359 = SURFACE_SIDE_STYLE('',(#18360));
#18360 = SURFACE_STYLE_FILL_AREA(#18361);
#18361 = FILL_AREA_STYLE('',(#18362));
#18362 = FILL_AREA_STYLE_COLOUR('',#18341);
#18363 = STYLED_ITEM('color',(#18364),#2063);
#18364 = PRESENTATION_STYLE_ASSIGNMENT((#18365));
#18365 = SURFACE_STYLE_USAGE(.BOTH.,#18366);
#18366 = SURFACE_SIDE_STYLE('',(#18367));
#18367 = SURFACE_STYLE_FILL_AREA(#18368);
#18368 = FILL_AREA_STYLE('',(#18369));
#18369 = FILL_AREA_STYLE_COLOUR('',#18341);
#18370 = STYLED_ITEM('color',(#18371),#2147);
#18371 = PRESENTATION_STYLE_ASSIGNMENT((#18372));
#18372 = SURFACE_STYLE_USAGE(.BOTH.,#18373);
#18373 = SURFACE_SIDE_STYLE('',(#18374));
#18374 = SURFACE_STYLE_FILL_AREA(#18375);
#18375 = FILL_AREA_STYLE('',(#18376));
#18376 = FILL_AREA_STYLE_COLOUR('',#18377);
#18377 = COLOUR_RGB('',0.145098047169,0.14117647753,0.14117647753);
#18378 = STYLED_ITEM('color',(#18379),#2240);
#18379 = PRESENTATION_STYLE_ASSIGNMENT((#18380));
#18380 = SURFACE_STYLE_USAGE(.BOTH.,#18381);
#18381 = SURFACE_SIDE_STYLE('',(#18382));
#18382 = SURFACE_STYLE_FILL_AREA(#18383);
#18383 = FILL_AREA_STYLE('',(#18384));
#18384 = FILL_AREA_STYLE_COLOUR('',#18341);
#18385 = STYLED_ITEM('color',(#18386),#2257);
#18386 = PRESENTATION_STYLE_ASSIGNMENT((#18387));
#18387 = SURFACE_STYLE_USAGE(.BOTH.,#18388);
#18388 = SURFACE_SIDE_STYLE('',(#18389));
#18389 = SURFACE_STYLE_FILL_AREA(#18390);
#18390 = FILL_AREA_STYLE('',(#18391));
#18391 = FILL_AREA_STYLE_COLOUR('',#18377);
#18392 = STYLED_ITEM('color',(#18393),#2280);
#18393 = PRESENTATION_STYLE_ASSIGNMENT((#18394));
#18394 = SURFACE_STYLE_USAGE(.BOTH.,#18395);
#18395 = SURFACE_SIDE_STYLE('',(#18396));
#18396 = SURFACE_STYLE_FILL_AREA(#18397);
#18397 = FILL_AREA_STYLE('',(#18398));
#18398 = FILL_AREA_STYLE_COLOUR('',#18341);
#18399 = STYLED_ITEM('color',(#18400),#2318);
#18400 = PRESENTATION_STYLE_ASSIGNMENT((#18401));
#18401 = SURFACE_STYLE_USAGE(.BOTH.,#18402);
#18402 = SURFACE_SIDE_STYLE('',(#18403));
#18403 = SURFACE_STYLE_FILL_AREA(#18404);
#18404 = FILL_AREA_STYLE('',(#18405));
#18405 = FILL_AREA_STYLE_COLOUR('',#18341);
#18406 = STYLED_ITEM('color',(#18407),#2335);
#18407 = PRESENTATION_STYLE_ASSIGNMENT((#18408));
#18408 = SURFACE_STYLE_USAGE(.BOTH.,#18409);
#18409 = SURFACE_SIDE_STYLE('',(#18410));
#18410 = SURFACE_STYLE_FILL_AREA(#18411);
#18411 = FILL_AREA_STYLE('',(#18412));
#18412 = FILL_AREA_STYLE_COLOUR('',#18341);
#18413 = STYLED_ITEM('color',(#18414),#2352);
#18414 = PRESENTATION_STYLE_ASSIGNMENT((#18415));
#18415 = SURFACE_STYLE_USAGE(.BOTH.,#18416);
#18416 = SURFACE_SIDE_STYLE('',(#18417));
#18417 = SURFACE_STYLE_FILL_AREA(#18418);
#18418 = FILL_AREA_STYLE('',(#18419));
#18419 = FILL_AREA_STYLE_COLOUR('',#18341);
#18420 = STYLED_ITEM('color',(#18421),#2369);
#18421 = PRESENTATION_STYLE_ASSIGNMENT((#18422));
#18422 = SURFACE_STYLE_USAGE(.BOTH.,#18423);
#18423 = SURFACE_SIDE_STYLE('',(#18424));
#18424 = SURFACE_STYLE_FILL_AREA(#18425);
#18425 = FILL_AREA_STYLE('',(#18426));
#18426 = FILL_AREA_STYLE_COLOUR('',#18341);
#18427 = STYLED_ITEM('color',(#18428),#2386);
#18428 = PRESENTATION_STYLE_ASSIGNMENT((#18429));
#18429 = SURFACE_STYLE_USAGE(.BOTH.,#18430);
#18430 = SURFACE_SIDE_STYLE('',(#18431));
#18431 = SURFACE_STYLE_FILL_AREA(#18432);
#18432 = FILL_AREA_STYLE('',(#18433));
#18433 = FILL_AREA_STYLE_COLOUR('',#18341);
#18434 = STYLED_ITEM('color',(#18435),#2403);
#18435 = PRESENTATION_STYLE_ASSIGNMENT((#18436));
#18436 = SURFACE_STYLE_USAGE(.BOTH.,#18437);
#18437 = SURFACE_SIDE_STYLE('',(#18438));
#18438 = SURFACE_STYLE_FILL_AREA(#18439);
#18439 = FILL_AREA_STYLE('',(#18440));
#18440 = FILL_AREA_STYLE_COLOUR('',#18341);
#18441 = STYLED_ITEM('color',(#18442),#2415);
#18442 = PRESENTATION_STYLE_ASSIGNMENT((#18443));
#18443 = SURFACE_STYLE_USAGE(.BOTH.,#18444);
#18444 = SURFACE_SIDE_STYLE('',(#18445));
#18445 = SURFACE_STYLE_FILL_AREA(#18446);
#18446 = FILL_AREA_STYLE('',(#18447));
#18447 = FILL_AREA_STYLE_COLOUR('',#18377);
#18448 = STYLED_ITEM('color',(#18449),#2439);
#18449 = PRESENTATION_STYLE_ASSIGNMENT((#18450));
#18450 = SURFACE_STYLE_USAGE(.BOTH.,#18451);
#18451 = SURFACE_SIDE_STYLE('',(#18452));
#18452 = SURFACE_STYLE_FILL_AREA(#18453);
#18453 = FILL_AREA_STYLE('',(#18454));
#18454 = FILL_AREA_STYLE_COLOUR('',#18377);
#18455 = STYLED_ITEM('color',(#18456),#2502);
#18456 = PRESENTATION_STYLE_ASSIGNMENT((#18457));
#18457 = SURFACE_STYLE_USAGE(.BOTH.,#18458);
#18458 = SURFACE_SIDE_STYLE('',(#18459));
#18459 = SURFACE_STYLE_FILL_AREA(#18460);
#18460 = FILL_AREA_STYLE('',(#18461));
#18461 = FILL_AREA_STYLE_COLOUR('',#18377);
#18462 = STYLED_ITEM('color',(#18463),#2525);
#18463 = PRESENTATION_STYLE_ASSIGNMENT((#18464));
#18464 = SURFACE_STYLE_USAGE(.BOTH.,#18465);
#18465 = SURFACE_SIDE_STYLE('',(#18466));
#18466 = SURFACE_STYLE_FILL_AREA(#18467);
#18467 = FILL_AREA_STYLE('',(#18468));
#18468 = FILL_AREA_STYLE_COLOUR('',#18377);
#18469 = STYLED_ITEM('color',(#18470),#2548);
#18470 = PRESENTATION_STYLE_ASSIGNMENT((#18471));
#18471 = SURFACE_STYLE_USAGE(.BOTH.,#18472);
#18472 = SURFACE_SIDE_STYLE('',(#18473));
#18473 = SURFACE_STYLE_FILL_AREA(#18474);
#18474 = FILL_AREA_STYLE('',(#18475));
#18475 = FILL_AREA_STYLE_COLOUR('',#18377);
#18476 = STYLED_ITEM('color',(#18477),#2578);
#18477 = PRESENTATION_STYLE_ASSIGNMENT((#18478));
#18478 = SURFACE_STYLE_USAGE(.BOTH.,#18479);
#18479 = SURFACE_SIDE_STYLE('',(#18480));
#18480 = SURFACE_STYLE_FILL_AREA(#18481);
#18481 = FILL_AREA_STYLE('',(#18482));
#18482 = FILL_AREA_STYLE_COLOUR('',#18341);
#18483 = STYLED_ITEM('color',(#18484),#2609);
#18484 = PRESENTATION_STYLE_ASSIGNMENT((#18485));
#18485 = SURFACE_STYLE_USAGE(.BOTH.,#18486);
#18486 = SURFACE_SIDE_STYLE('',(#18487));
#18487 = SURFACE_STYLE_FILL_AREA(#18488);
#18488 = FILL_AREA_STYLE('',(#18489));
#18489 = FILL_AREA_STYLE_COLOUR('',#18377);
#18490 = STYLED_ITEM('color',(#18491),#2640);
#18491 = PRESENTATION_STYLE_ASSIGNMENT((#18492));
#18492 = SURFACE_STYLE_USAGE(.BOTH.,#18493);
#18493 = SURFACE_SIDE_STYLE('',(#18494));
#18494 = SURFACE_STYLE_FILL_AREA(#18495);
#18495 = FILL_AREA_STYLE('',(#18496));
#18496 = FILL_AREA_STYLE_COLOUR('',#18341);
#18497 = STYLED_ITEM('color',(#18498),#2671);
#18498 = PRESENTATION_STYLE_ASSIGNMENT((#18499));
#18499 = SURFACE_STYLE_USAGE(.BOTH.,#18500);
#18500 = SURFACE_SIDE_STYLE('',(#18501));
#18501 = SURFACE_STYLE_FILL_AREA(#18502);
#18502 = FILL_AREA_STYLE('',(#18503));
#18503 = FILL_AREA_STYLE_COLOUR('',#18341);
#18504 = STYLED_ITEM('color',(#18505),#2702);
#18505 = PRESENTATION_STYLE_ASSIGNMENT((#18506));
#18506 = SURFACE_STYLE_USAGE(.BOTH.,#18507);
#18507 = SURFACE_SIDE_STYLE('',(#18508));
#18508 = SURFACE_STYLE_FILL_AREA(#18509);
#18509 = FILL_AREA_STYLE('',(#18510));
#18510 = FILL_AREA_STYLE_COLOUR('',#18377);
#18511 = STYLED_ITEM('color',(#18512),#2733);
#18512 = PRESENTATION_STYLE_ASSIGNMENT((#18513));
#18513 = SURFACE_STYLE_USAGE(.BOTH.,#18514);
#18514 = SURFACE_SIDE_STYLE('',(#18515));
#18515 = SURFACE_STYLE_FILL_AREA(#18516);
#18516 = FILL_AREA_STYLE('',(#18517));
#18517 = FILL_AREA_STYLE_COLOUR('',#18377);
#18518 = STYLED_ITEM('color',(#18519),#2756);
#18519 = PRESENTATION_STYLE_ASSIGNMENT((#18520));
#18520 = SURFACE_STYLE_USAGE(.BOTH.,#18521);
#18521 = SURFACE_SIDE_STYLE('',(#18522));
#18522 = SURFACE_STYLE_FILL_AREA(#18523);
#18523 = FILL_AREA_STYLE('',(#18524));
#18524 = FILL_AREA_STYLE_COLOUR('',#18377);
#18525 = STYLED_ITEM('color',(#18526),#2779);
#18526 = PRESENTATION_STYLE_ASSIGNMENT((#18527));
#18527 = SURFACE_STYLE_USAGE(.BOTH.,#18528);
#18528 = SURFACE_SIDE_STYLE('',(#18529));
#18529 = SURFACE_STYLE_FILL_AREA(#18530);
#18530 = FILL_AREA_STYLE('',(#18531));
#18531 = FILL_AREA_STYLE_COLOUR('',#18377);
#18532 = STYLED_ITEM('color',(#18533),#2865);
#18533 = PRESENTATION_STYLE_ASSIGNMENT((#18534));
#18534 = SURFACE_STYLE_USAGE(.BOTH.,#18535);
#18535 = SURFACE_SIDE_STYLE('',(#18536));
#18536 = SURFACE_STYLE_FILL_AREA(#18537);
#18537 = FILL_AREA_STYLE('',(#18538));
#18538 = FILL_AREA_STYLE_COLOUR('',#18377);
#18539 = STYLED_ITEM('color',(#18540),#2882);
#18540 = PRESENTATION_STYLE_ASSIGNMENT((#18541));
#18541 = SURFACE_STYLE_USAGE(.BOTH.,#18542);
#18542 = SURFACE_SIDE_STYLE('',(#18543));
#18543 = SURFACE_STYLE_FILL_AREA(#18544);
#18544 = FILL_AREA_STYLE('',(#18545));
#18545 = FILL_AREA_STYLE_COLOUR('',#18341);
#18546 = STYLED_ITEM('color',(#18547),#2974);
#18547 = PRESENTATION_STYLE_ASSIGNMENT((#18548));
#18548 = SURFACE_STYLE_USAGE(.BOTH.,#18549);
#18549 = SURFACE_SIDE_STYLE('',(#18550));
#18550 = SURFACE_STYLE_FILL_AREA(#18551);
#18551 = FILL_AREA_STYLE('',(#18552));
#18552 = FILL_AREA_STYLE_COLOUR('',#18377);
#18553 = STYLED_ITEM('color',(#18554),#2997);
#18554 = PRESENTATION_STYLE_ASSIGNMENT((#18555));
#18555 = SURFACE_STYLE_USAGE(.BOTH.,#18556);
#18556 = SURFACE_SIDE_STYLE('',(#18557));
#18557 = SURFACE_STYLE_FILL_AREA(#18558);
#18558 = FILL_AREA_STYLE('',(#18559));
#18559 = FILL_AREA_STYLE_COLOUR('',#18377);
#18560 = STYLED_ITEM('color',(#18561),#3020);
#18561 = PRESENTATION_STYLE_ASSIGNMENT((#18562));
#18562 = SURFACE_STYLE_USAGE(.BOTH.,#18563);
#18563 = SURFACE_SIDE_STYLE('',(#18564));
#18564 = SURFACE_STYLE_FILL_AREA(#18565);
#18565 = FILL_AREA_STYLE('',(#18566));
#18566 = FILL_AREA_STYLE_COLOUR('',#18377);
#18567 = STYLED_ITEM('color',(#18568),#3043);
#18568 = PRESENTATION_STYLE_ASSIGNMENT((#18569));
#18569 = SURFACE_STYLE_USAGE(.BOTH.,#18570);
#18570 = SURFACE_SIDE_STYLE('',(#18571));
#18571 = SURFACE_STYLE_FILL_AREA(#18572);
#18572 = FILL_AREA_STYLE('',(#18573));
#18573 = FILL_AREA_STYLE_COLOUR('',#18377);
#18574 = STYLED_ITEM('color',(#18575),#3130);
#18575 = PRESENTATION_STYLE_ASSIGNMENT((#18576));
#18576 = SURFACE_STYLE_USAGE(.BOTH.,#18577);
#18577 = SURFACE_SIDE_STYLE('',(#18578));
#18578 = SURFACE_STYLE_FILL_AREA(#18579);
#18579 = FILL_AREA_STYLE('',(#18580));
#18580 = FILL_AREA_STYLE_COLOUR('',#18377);
#18581 = STYLED_ITEM('color',(#18582),#3147);
#18582 = PRESENTATION_STYLE_ASSIGNMENT((#18583));
#18583 = SURFACE_STYLE_USAGE(.BOTH.,#18584);
#18584 = SURFACE_SIDE_STYLE('',(#18585));
#18585 = SURFACE_STYLE_FILL_AREA(#18586);
#18586 = FILL_AREA_STYLE('',(#18587));
#18587 = FILL_AREA_STYLE_COLOUR('',#18377);
#18588 = STYLED_ITEM('color',(#18589),#3170);
#18589 = PRESENTATION_STYLE_ASSIGNMENT((#18590));
#18590 = SURFACE_STYLE_USAGE(.BOTH.,#18591);
#18591 = SURFACE_SIDE_STYLE('',(#18592));
#18592 = SURFACE_STYLE_FILL_AREA(#18593);
#18593 = FILL_AREA_STYLE('',(#18594));
#18594 = FILL_AREA_STYLE_COLOUR('',#18341);
#18595 = STYLED_ITEM('color',(#18596),#3262);
#18596 = PRESENTATION_STYLE_ASSIGNMENT((#18597));
#18597 = SURFACE_STYLE_USAGE(.BOTH.,#18598);
#18598 = SURFACE_SIDE_STYLE('',(#18599));
#18599 = SURFACE_STYLE_FILL_AREA(#18600);
#18600 = FILL_AREA_STYLE('',(#18601));
#18601 = FILL_AREA_STYLE_COLOUR('',#18377);
#18602 = STYLED_ITEM('color',(#18603),#3283);
#18603 = PRESENTATION_STYLE_ASSIGNMENT((#18604));
#18604 = SURFACE_STYLE_USAGE(.BOTH.,#18605);
#18605 = SURFACE_SIDE_STYLE('',(#18606));
#18606 = SURFACE_STYLE_FILL_AREA(#18607);
#18607 = FILL_AREA_STYLE('',(#18608));
#18608 = FILL_AREA_STYLE_COLOUR('',#18341);
#18609 = STYLED_ITEM('color',(#18610),#3375);
#18610 = PRESENTATION_STYLE_ASSIGNMENT((#18611));
#18611 = SURFACE_STYLE_USAGE(.BOTH.,#18612);
#18612 = SURFACE_SIDE_STYLE('',(#18613));
#18613 = SURFACE_STYLE_FILL_AREA(#18614);
#18614 = FILL_AREA_STYLE('',(#18615));
#18615 = FILL_AREA_STYLE_COLOUR('',#18341);
#18616 = STYLED_ITEM('color',(#18617),#3392);
#18617 = PRESENTATION_STYLE_ASSIGNMENT((#18618));
#18618 = SURFACE_STYLE_USAGE(.BOTH.,#18619);
#18619 = SURFACE_SIDE_STYLE('',(#18620));
#18620 = SURFACE_STYLE_FILL_AREA(#18621);
#18621 = FILL_AREA_STYLE('',(#18622));
#18622 = FILL_AREA_STYLE_COLOUR('',#18341);
#18623 = STYLED_ITEM('color',(#18624),#3484);
#18624 = PRESENTATION_STYLE_ASSIGNMENT((#18625));
#18625 = SURFACE_STYLE_USAGE(.BOTH.,#18626);
#18626 = SURFACE_SIDE_STYLE('',(#18627));
#18627 = SURFACE_STYLE_FILL_AREA(#18628);
#18628 = FILL_AREA_STYLE('',(#18629));
#18629 = FILL_AREA_STYLE_COLOUR('',#18377);
#18630 = STYLED_ITEM('color',(#18631),#3506);
#18631 = PRESENTATION_STYLE_ASSIGNMENT((#18632));
#18632 = SURFACE_STYLE_USAGE(.BOTH.,#18633);
#18633 = SURFACE_SIDE_STYLE('',(#18634));
#18634 = SURFACE_STYLE_FILL_AREA(#18635);
#18635 = FILL_AREA_STYLE('',(#18636));
#18636 = FILL_AREA_STYLE_COLOUR('',#18341);
#18637 = STYLED_ITEM('color',(#18638),#3531);
#18638 = PRESENTATION_STYLE_ASSIGNMENT((#18639));
#18639 = SURFACE_STYLE_USAGE(.BOTH.,#18640);
#18640 = SURFACE_SIDE_STYLE('',(#18641));
#18641 = SURFACE_STYLE_FILL_AREA(#18642);
#18642 = FILL_AREA_STYLE('',(#18643));
#18643 = FILL_AREA_STYLE_COLOUR('',#18341);
#18644 = STYLED_ITEM('color',(#18645),#3615);
#18645 = PRESENTATION_STYLE_ASSIGNMENT((#18646));
#18646 = SURFACE_STYLE_USAGE(.BOTH.,#18647);
#18647 = SURFACE_SIDE_STYLE('',(#18648));
#18648 = SURFACE_STYLE_FILL_AREA(#18649);
#18649 = FILL_AREA_STYLE('',(#18650));
#18650 = FILL_AREA_STYLE_COLOUR('',#18341);
#18651 = STYLED_ITEM('color',(#18652),#3707);
#18652 = PRESENTATION_STYLE_ASSIGNMENT((#18653));
#18653 = SURFACE_STYLE_USAGE(.BOTH.,#18654);
#18654 = SURFACE_SIDE_STYLE('',(#18655));
#18655 = SURFACE_STYLE_FILL_AREA(#18656);
#18656 = FILL_AREA_STYLE('',(#18657));
#18657 = FILL_AREA_STYLE_COLOUR('',#18341);
#18658 = STYLED_ITEM('color',(#18659),#3724);
#18659 = PRESENTATION_STYLE_ASSIGNMENT((#18660));
#18660 = SURFACE_STYLE_USAGE(.BOTH.,#18661);
#18661 = SURFACE_SIDE_STYLE('',(#18662));
#18662 = SURFACE_STYLE_FILL_AREA(#18663);
#18663 = FILL_AREA_STYLE('',(#18664));
#18664 = FILL_AREA_STYLE_COLOUR('',#18377);
#18665 = STYLED_ITEM('color',(#18666),#3746);
#18666 = PRESENTATION_STYLE_ASSIGNMENT((#18667));
#18667 = SURFACE_STYLE_USAGE(.BOTH.,#18668);
#18668 = SURFACE_SIDE_STYLE('',(#18669));
#18669 = SURFACE_STYLE_FILL_AREA(#18670);
#18670 = FILL_AREA_STYLE('',(#18671));
#18671 = FILL_AREA_STYLE_COLOUR('',#18377);
#18672 = STYLED_ITEM('color',(#18673),#3769);
#18673 = PRESENTATION_STYLE_ASSIGNMENT((#18674));
#18674 = SURFACE_STYLE_USAGE(.BOTH.,#18675);
#18675 = SURFACE_SIDE_STYLE('',(#18676));
#18676 = SURFACE_STYLE_FILL_AREA(#18677);
#18677 = FILL_AREA_STYLE('',(#18678));
#18678 = FILL_AREA_STYLE_COLOUR('',#18377);
#18679 = STYLED_ITEM('color',(#18680),#3792);
#18680 = PRESENTATION_STYLE_ASSIGNMENT((#18681));
#18681 = SURFACE_STYLE_USAGE(.BOTH.,#18682);
#18682 = SURFACE_SIDE_STYLE('',(#18683));
#18683 = SURFACE_STYLE_FILL_AREA(#18684);
#18684 = FILL_AREA_STYLE('',(#18685));
#18685 = FILL_AREA_STYLE_COLOUR('',#18377);
#18686 = STYLED_ITEM('color',(#18687),#3815);
#18687 = PRESENTATION_STYLE_ASSIGNMENT((#18688));
#18688 = SURFACE_STYLE_USAGE(.BOTH.,#18689);
#18689 = SURFACE_SIDE_STYLE('',(#18690));
#18690 = SURFACE_STYLE_FILL_AREA(#18691);
#18691 = FILL_AREA_STYLE('',(#18692));
#18692 = FILL_AREA_STYLE_COLOUR('',#18377);
#18693 = STYLED_ITEM('color',(#18694),#3882);
#18694 = PRESENTATION_STYLE_ASSIGNMENT((#18695));
#18695 = SURFACE_STYLE_USAGE(.BOTH.,#18696);
#18696 = SURFACE_SIDE_STYLE('',(#18697));
#18697 = SURFACE_STYLE_FILL_AREA(#18698);
#18698 = FILL_AREA_STYLE('',(#18699));
#18699 = FILL_AREA_STYLE_COLOUR('',#18377);
#18700 = STYLED_ITEM('color',(#18701),#3905);
#18701 = PRESENTATION_STYLE_ASSIGNMENT((#18702));
#18702 = SURFACE_STYLE_USAGE(.BOTH.,#18703);
#18703 = SURFACE_SIDE_STYLE('',(#18704));
#18704 = SURFACE_STYLE_FILL_AREA(#18705);
#18705 = FILL_AREA_STYLE('',(#18706));
#18706 = FILL_AREA_STYLE_COLOUR('',#18341);
#18707 = STYLED_ITEM('color',(#18708),#3924);
#18708 = PRESENTATION_STYLE_ASSIGNMENT((#18709));
#18709 = SURFACE_STYLE_USAGE(.BOTH.,#18710);
#18710 = SURFACE_SIDE_STYLE('',(#18711));
#18711 = SURFACE_STYLE_FILL_AREA(#18712);
#18712 = FILL_AREA_STYLE('',(#18713));
#18713 = FILL_AREA_STYLE_COLOUR('',#18341);
#18714 = STYLED_ITEM('color',(#18715),#3943);
#18715 = PRESENTATION_STYLE_ASSIGNMENT((#18716));
#18716 = SURFACE_STYLE_USAGE(.BOTH.,#18717);
#18717 = SURFACE_SIDE_STYLE('',(#18718));
#18718 = SURFACE_STYLE_FILL_AREA(#18719);
#18719 = FILL_AREA_STYLE('',(#18720));
#18720 = FILL_AREA_STYLE_COLOUR('',#18341);
#18721 = STYLED_ITEM('color',(#18722),#3962);
#18722 = PRESENTATION_STYLE_ASSIGNMENT((#18723));
#18723 = SURFACE_STYLE_USAGE(.BOTH.,#18724);
#18724 = SURFACE_SIDE_STYLE('',(#18725));
#18725 = SURFACE_STYLE_FILL_AREA(#18726);
#18726 = FILL_AREA_STYLE('',(#18727));
#18727 = FILL_AREA_STYLE_COLOUR('',#18341);
#18728 = STYLED_ITEM('color',(#18729),#3979);
#18729 = PRESENTATION_STYLE_ASSIGNMENT((#18730));
#18730 = SURFACE_STYLE_USAGE(.BOTH.,#18731);
#18731 = SURFACE_SIDE_STYLE('',(#18732));
#18732 = SURFACE_STYLE_FILL_AREA(#18733);
#18733 = FILL_AREA_STYLE('',(#18734));
#18734 = FILL_AREA_STYLE_COLOUR('',#18341);
#18735 = STYLED_ITEM('color',(#18736),#3996);
#18736 = PRESENTATION_STYLE_ASSIGNMENT((#18737));
#18737 = SURFACE_STYLE_USAGE(.BOTH.,#18738);
#18738 = SURFACE_SIDE_STYLE('',(#18739));
#18739 = SURFACE_STYLE_FILL_AREA(#18740);
#18740 = FILL_AREA_STYLE('',(#18741));
#18741 = FILL_AREA_STYLE_COLOUR('',#18341);
#18742 = STYLED_ITEM('color',(#18743),#4013);
#18743 = PRESENTATION_STYLE_ASSIGNMENT((#18744));
#18744 = SURFACE_STYLE_USAGE(.BOTH.,#18745);
#18745 = SURFACE_SIDE_STYLE('',(#18746));
#18746 = SURFACE_STYLE_FILL_AREA(#18747);
#18747 = FILL_AREA_STYLE('',(#18748));
#18748 = FILL_AREA_STYLE_COLOUR('',#18341);
#18749 = STYLED_ITEM('color',(#18750),#4030);
#18750 = PRESENTATION_STYLE_ASSIGNMENT((#18751));
#18751 = SURFACE_STYLE_USAGE(.BOTH.,#18752);
#18752 = SURFACE_SIDE_STYLE('',(#18753));
#18753 = SURFACE_STYLE_FILL_AREA(#18754);
#18754 = FILL_AREA_STYLE('',(#18755));
#18755 = FILL_AREA_STYLE_COLOUR('',#18341);
#18756 = STYLED_ITEM('color',(#18757),#4047);
#18757 = PRESENTATION_STYLE_ASSIGNMENT((#18758));
#18758 = SURFACE_STYLE_USAGE(.BOTH.,#18759);
#18759 = SURFACE_SIDE_STYLE('',(#18760));
#18760 = SURFACE_STYLE_FILL_AREA(#18761);
#18761 = FILL_AREA_STYLE('',(#18762));
#18762 = FILL_AREA_STYLE_COLOUR('',#18341);
#18763 = STYLED_ITEM('color',(#18764),#4064);
#18764 = PRESENTATION_STYLE_ASSIGNMENT((#18765));
#18765 = SURFACE_STYLE_USAGE(.BOTH.,#18766);
#18766 = SURFACE_SIDE_STYLE('',(#18767));
#18767 = SURFACE_STYLE_FILL_AREA(#18768);
#18768 = FILL_AREA_STYLE('',(#18769));
#18769 = FILL_AREA_STYLE_COLOUR('',#18341);
#18770 = STYLED_ITEM('color',(#18771),#4081);
#18771 = PRESENTATION_STYLE_ASSIGNMENT((#18772));
#18772 = SURFACE_STYLE_USAGE(.BOTH.,#18773);
#18773 = SURFACE_SIDE_STYLE('',(#18774));
#18774 = SURFACE_STYLE_FILL_AREA(#18775);
#18775 = FILL_AREA_STYLE('',(#18776));
#18776 = FILL_AREA_STYLE_COLOUR('',#18341);
#18777 = STYLED_ITEM('color',(#18778),#4093);
#18778 = PRESENTATION_STYLE_ASSIGNMENT((#18779));
#18779 = SURFACE_STYLE_USAGE(.BOTH.,#18780);
#18780 = SURFACE_SIDE_STYLE('',(#18781));
#18781 = SURFACE_STYLE_FILL_AREA(#18782);
#18782 = FILL_AREA_STYLE('',(#18783));
#18783 = FILL_AREA_STYLE_COLOUR('',#18377);
#18784 = STYLED_ITEM('color',(#18785),#4116);
#18785 = PRESENTATION_STYLE_ASSIGNMENT((#18786));
#18786 = SURFACE_STYLE_USAGE(.BOTH.,#18787);
#18787 = SURFACE_SIDE_STYLE('',(#18788));
#18788 = SURFACE_STYLE_FILL_AREA(#18789);
#18789 = FILL_AREA_STYLE('',(#18790));
#18790 = FILL_AREA_STYLE_COLOUR('',#18377);
#18791 = STYLED_ITEM('color',(#18792),#4139);
#18792 = PRESENTATION_STYLE_ASSIGNMENT((#18793));
#18793 = SURFACE_STYLE_USAGE(.BOTH.,#18794);
#18794 = SURFACE_SIDE_STYLE('',(#18795));
#18795 = SURFACE_STYLE_FILL_AREA(#18796);
#18796 = FILL_AREA_STYLE('',(#18797));
#18797 = FILL_AREA_STYLE_COLOUR('',#18377);
#18798 = STYLED_ITEM('color',(#18799),#4163);
#18799 = PRESENTATION_STYLE_ASSIGNMENT((#18800));
#18800 = SURFACE_STYLE_USAGE(.BOTH.,#18801);
#18801 = SURFACE_SIDE_STYLE('',(#18802));
#18802 = SURFACE_STYLE_FILL_AREA(#18803);
#18803 = FILL_AREA_STYLE('',(#18804));
#18804 = FILL_AREA_STYLE_COLOUR('',#18377);
#18805 = STYLED_ITEM('color',(#18806),#4193);
#18806 = PRESENTATION_STYLE_ASSIGNMENT((#18807));
#18807 = SURFACE_STYLE_USAGE(.BOTH.,#18808);
#18808 = SURFACE_SIDE_STYLE('',(#18809));
#18809 = SURFACE_STYLE_FILL_AREA(#18810);
#18810 = FILL_AREA_STYLE('',(#18811));
#18811 = FILL_AREA_STYLE_COLOUR('',#18341);
#18812 = STYLED_ITEM('color',(#18813),#4224);
#18813 = PRESENTATION_STYLE_ASSIGNMENT((#18814));
#18814 = SURFACE_STYLE_USAGE(.BOTH.,#18815);
#18815 = SURFACE_SIDE_STYLE('',(#18816));
#18816 = SURFACE_STYLE_FILL_AREA(#18817);
#18817 = FILL_AREA_STYLE('',(#18818));
#18818 = FILL_AREA_STYLE_COLOUR('',#18341);
#18819 = STYLED_ITEM('color',(#18820),#4255);
#18820 = PRESENTATION_STYLE_ASSIGNMENT((#18821));
#18821 = SURFACE_STYLE_USAGE(.BOTH.,#18822);
#18822 = SURFACE_SIDE_STYLE('',(#18823));
#18823 = SURFACE_STYLE_FILL_AREA(#18824);
#18824 = FILL_AREA_STYLE('',(#18825));
#18825 = FILL_AREA_STYLE_COLOUR('',#18377);
#18826 = STYLED_ITEM('color',(#18827),#4286);
#18827 = PRESENTATION_STYLE_ASSIGNMENT((#18828));
#18828 = SURFACE_STYLE_USAGE(.BOTH.,#18829);
#18829 = SURFACE_SIDE_STYLE('',(#18830));
#18830 = SURFACE_STYLE_FILL_AREA(#18831);
#18831 = FILL_AREA_STYLE('',(#18832));
#18832 = FILL_AREA_STYLE_COLOUR('',#18377);
#18833 = STYLED_ITEM('color',(#18834),#4317);
#18834 = PRESENTATION_STYLE_ASSIGNMENT((#18835));
#18835 = SURFACE_STYLE_USAGE(.BOTH.,#18836);
#18836 = SURFACE_SIDE_STYLE('',(#18837));
#18837 = SURFACE_STYLE_FILL_AREA(#18838);
#18838 = FILL_AREA_STYLE('',(#18839));
#18839 = FILL_AREA_STYLE_COLOUR('',#18341);
#18840 = STYLED_ITEM('color',(#18841),#4348);
#18841 = PRESENTATION_STYLE_ASSIGNMENT((#18842));
#18842 = SURFACE_STYLE_USAGE(.BOTH.,#18843);
#18843 = SURFACE_SIDE_STYLE('',(#18844));
#18844 = SURFACE_STYLE_FILL_AREA(#18845);
#18845 = FILL_AREA_STYLE('',(#18846));
#18846 = FILL_AREA_STYLE_COLOUR('',#18341);
#18847 = STYLED_ITEM('color',(#18848),#4379);
#18848 = PRESENTATION_STYLE_ASSIGNMENT((#18849));
#18849 = SURFACE_STYLE_USAGE(.BOTH.,#18850);
#18850 = SURFACE_SIDE_STYLE('',(#18851));
#18851 = SURFACE_STYLE_FILL_AREA(#18852);
#18852 = FILL_AREA_STYLE('',(#18853));
#18853 = FILL_AREA_STYLE_COLOUR('',#18377);
#18854 = STYLED_ITEM('color',(#18855),#4410);
#18855 = PRESENTATION_STYLE_ASSIGNMENT((#18856));
#18856 = SURFACE_STYLE_USAGE(.BOTH.,#18857);
#18857 = SURFACE_SIDE_STYLE('',(#18858));
#18858 = SURFACE_STYLE_FILL_AREA(#18859);
#18859 = FILL_AREA_STYLE('',(#18860));
#18860 = FILL_AREA_STYLE_COLOUR('',#18377);
#18861 = STYLED_ITEM('color',(#18862),#4427);
#18862 = PRESENTATION_STYLE_ASSIGNMENT((#18863));
#18863 = SURFACE_STYLE_USAGE(.BOTH.,#18864);
#18864 = SURFACE_SIDE_STYLE('',(#18865));
#18865 = SURFACE_STYLE_FILL_AREA(#18866);
#18866 = FILL_AREA_STYLE('',(#18867));
#18867 = FILL_AREA_STYLE_COLOUR('',#18377);
#18868 = STYLED_ITEM('color',(#18869),#4443);
#18869 = PRESENTATION_STYLE_ASSIGNMENT((#18870));
#18870 = SURFACE_STYLE_USAGE(.BOTH.,#18871);
#18871 = SURFACE_SIDE_STYLE('',(#18872));
#18872 = SURFACE_STYLE_FILL_AREA(#18873);
#18873 = FILL_AREA_STYLE('',(#18874));
#18874 = FILL_AREA_STYLE_COLOUR('',#18341);
#18875 = STYLED_ITEM('color',(#18876),#4460);
#18876 = PRESENTATION_STYLE_ASSIGNMENT((#18877));
#18877 = SURFACE_STYLE_USAGE(.BOTH.,#18878);
#18878 = SURFACE_SIDE_STYLE('',(#18879));
#18879 = SURFACE_STYLE_FILL_AREA(#18880);
#18880 = FILL_AREA_STYLE('',(#18881));
#18881 = FILL_AREA_STYLE_COLOUR('',#18341);
#18882 = STYLED_ITEM('color',(#18883),#4477);
#18883 = PRESENTATION_STYLE_ASSIGNMENT((#18884));
#18884 = SURFACE_STYLE_USAGE(.BOTH.,#18885);
#18885 = SURFACE_SIDE_STYLE('',(#18886));
#18886 = SURFACE_STYLE_FILL_AREA(#18887);
#18887 = FILL_AREA_STYLE('',(#18888));
#18888 = FILL_AREA_STYLE_COLOUR('',#18341);
#18889 = STYLED_ITEM('color',(#18890),#4494);
#18890 = PRESENTATION_STYLE_ASSIGNMENT((#18891));
#18891 = SURFACE_STYLE_USAGE(.BOTH.,#18892);
#18892 = SURFACE_SIDE_STYLE('',(#18893));
#18893 = SURFACE_STYLE_FILL_AREA(#18894);
#18894 = FILL_AREA_STYLE('',(#18895));
#18895 = FILL_AREA_STYLE_COLOUR('',#18341);
#18896 = STYLED_ITEM('color',(#18897),#4511);
#18897 = PRESENTATION_STYLE_ASSIGNMENT((#18898));
#18898 = SURFACE_STYLE_USAGE(.BOTH.,#18899);
#18899 = SURFACE_SIDE_STYLE('',(#18900));
#18900 = SURFACE_STYLE_FILL_AREA(#18901);
#18901 = FILL_AREA_STYLE('',(#18902));
#18902 = FILL_AREA_STYLE_COLOUR('',#18341);
#18903 = STYLED_ITEM('color',(#18904),#4528);
#18904 = PRESENTATION_STYLE_ASSIGNMENT((#18905));
#18905 = SURFACE_STYLE_USAGE(.BOTH.,#18906);
#18906 = SURFACE_SIDE_STYLE('',(#18907));
#18907 = SURFACE_STYLE_FILL_AREA(#18908);
#18908 = FILL_AREA_STYLE('',(#18909));
#18909 = FILL_AREA_STYLE_COLOUR('',#18341);
#18910 = STYLED_ITEM('color',(#18911),#4545);
#18911 = PRESENTATION_STYLE_ASSIGNMENT((#18912));
#18912 = SURFACE_STYLE_USAGE(.BOTH.,#18913);
#18913 = SURFACE_SIDE_STYLE('',(#18914));
#18914 = SURFACE_STYLE_FILL_AREA(#18915);
#18915 = FILL_AREA_STYLE('',(#18916));
#18916 = FILL_AREA_STYLE_COLOUR('',#18341);
#18917 = STYLED_ITEM('color',(#18918),#4562);
#18918 = PRESENTATION_STYLE_ASSIGNMENT((#18919));
#18919 = SURFACE_STYLE_USAGE(.BOTH.,#18920);
#18920 = SURFACE_SIDE_STYLE('',(#18921));
#18921 = SURFACE_STYLE_FILL_AREA(#18922);
#18922 = FILL_AREA_STYLE('',(#18923));
#18923 = FILL_AREA_STYLE_COLOUR('',#18341);
#18924 = STYLED_ITEM('color',(#18925),#4574);
#18925 = PRESENTATION_STYLE_ASSIGNMENT((#18926));
#18926 = SURFACE_STYLE_USAGE(.BOTH.,#18927);
#18927 = SURFACE_SIDE_STYLE('',(#18928));
#18928 = SURFACE_STYLE_FILL_AREA(#18929);
#18929 = FILL_AREA_STYLE('',(#18930));
#18930 = FILL_AREA_STYLE_COLOUR('',#18341);
#18931 = STYLED_ITEM('color',(#18932),#4591);
#18932 = PRESENTATION_STYLE_ASSIGNMENT((#18933));
#18933 = SURFACE_STYLE_USAGE(.BOTH.,#18934);
#18934 = SURFACE_SIDE_STYLE('',(#18935));
#18935 = SURFACE_STYLE_FILL_AREA(#18936);
#18936 = FILL_AREA_STYLE('',(#18937));
#18937 = FILL_AREA_STYLE_COLOUR('',#18341);
#18938 = STYLED_ITEM('color',(#18939),#4608);
#18939 = PRESENTATION_STYLE_ASSIGNMENT((#18940));
#18940 = SURFACE_STYLE_USAGE(.BOTH.,#18941);
#18941 = SURFACE_SIDE_STYLE('',(#18942));
#18942 = SURFACE_STYLE_FILL_AREA(#18943);
#18943 = FILL_AREA_STYLE('',(#18944));
#18944 = FILL_AREA_STYLE_COLOUR('',#18341);
#18945 = STYLED_ITEM('color',(#18946),#4625);
#18946 = PRESENTATION_STYLE_ASSIGNMENT((#18947));
#18947 = SURFACE_STYLE_USAGE(.BOTH.,#18948);
#18948 = SURFACE_SIDE_STYLE('',(#18949));
#18949 = SURFACE_STYLE_FILL_AREA(#18950);
#18950 = FILL_AREA_STYLE('',(#18951));
#18951 = FILL_AREA_STYLE_COLOUR('',#18341);
#18952 = STYLED_ITEM('color',(#18953),#4642);
#18953 = PRESENTATION_STYLE_ASSIGNMENT((#18954));
#18954 = SURFACE_STYLE_USAGE(.BOTH.,#18955);
#18955 = SURFACE_SIDE_STYLE('',(#18956));
#18956 = SURFACE_STYLE_FILL_AREA(#18957);
#18957 = FILL_AREA_STYLE('',(#18958));
#18958 = FILL_AREA_STYLE_COLOUR('',#18341);
#18959 = STYLED_ITEM('color',(#18960),#4659);
#18960 = PRESENTATION_STYLE_ASSIGNMENT((#18961));
#18961 = SURFACE_STYLE_USAGE(.BOTH.,#18962);
#18962 = SURFACE_SIDE_STYLE('',(#18963));
#18963 = SURFACE_STYLE_FILL_AREA(#18964);
#18964 = FILL_AREA_STYLE('',(#18965));
#18965 = FILL_AREA_STYLE_COLOUR('',#18341);
#18966 = STYLED_ITEM('color',(#18967),#4676);
#18967 = PRESENTATION_STYLE_ASSIGNMENT((#18968));
#18968 = SURFACE_STYLE_USAGE(.BOTH.,#18969);
#18969 = SURFACE_SIDE_STYLE('',(#18970));
#18970 = SURFACE_STYLE_FILL_AREA(#18971);
#18971 = FILL_AREA_STYLE('',(#18972));
#18972 = FILL_AREA_STYLE_COLOUR('',#18341);
#18973 = STYLED_ITEM('color',(#18974),#4693);
#18974 = PRESENTATION_STYLE_ASSIGNMENT((#18975));
#18975 = SURFACE_STYLE_USAGE(.BOTH.,#18976);
#18976 = SURFACE_SIDE_STYLE('',(#18977));
#18977 = SURFACE_STYLE_FILL_AREA(#18978);
#18978 = FILL_AREA_STYLE('',(#18979));
#18979 = FILL_AREA_STYLE_COLOUR('',#18341);
#18980 = STYLED_ITEM('color',(#18981),#4705);
#18981 = PRESENTATION_STYLE_ASSIGNMENT((#18982));
#18982 = SURFACE_STYLE_USAGE(.BOTH.,#18983);
#18983 = SURFACE_SIDE_STYLE('',(#18984));
#18984 = SURFACE_STYLE_FILL_AREA(#18985);
#18985 = FILL_AREA_STYLE('',(#18986));
#18986 = FILL_AREA_STYLE_COLOUR('',#18377);
#18987 = STYLED_ITEM('color',(#18988),#4728);
#18988 = PRESENTATION_STYLE_ASSIGNMENT((#18989));
#18989 = SURFACE_STYLE_USAGE(.BOTH.,#18990);
#18990 = SURFACE_SIDE_STYLE('',(#18991));
#18991 = SURFACE_STYLE_FILL_AREA(#18992);
#18992 = FILL_AREA_STYLE('',(#18993));
#18993 = FILL_AREA_STYLE_COLOUR('',#18377);
#18994 = STYLED_ITEM('color',(#18995),#4744);
#18995 = PRESENTATION_STYLE_ASSIGNMENT((#18996));
#18996 = SURFACE_STYLE_USAGE(.BOTH.,#18997);
#18997 = SURFACE_SIDE_STYLE('',(#18998));
#18998 = SURFACE_STYLE_FILL_AREA(#18999);
#18999 = FILL_AREA_STYLE('',(#19000));
#19000 = FILL_AREA_STYLE_COLOUR('',#18377);
#19001 = STYLED_ITEM('color',(#19002),#4767);
#19002 = PRESENTATION_STYLE_ASSIGNMENT((#19003));
#19003 = SURFACE_STYLE_USAGE(.BOTH.,#19004);
#19004 = SURFACE_SIDE_STYLE('',(#19005));
#19005 = SURFACE_STYLE_FILL_AREA(#19006);
#19006 = FILL_AREA_STYLE('',(#19007));
#19007 = FILL_AREA_STYLE_COLOUR('',#18377);
#19008 = STYLED_ITEM('color',(#19009),#4854);
#19009 = PRESENTATION_STYLE_ASSIGNMENT((#19010));
#19010 = SURFACE_STYLE_USAGE(.BOTH.,#19011);
#19011 = SURFACE_SIDE_STYLE('',(#19012));
#19012 = SURFACE_STYLE_FILL_AREA(#19013);
#19013 = FILL_AREA_STYLE('',(#19014));
#19014 = FILL_AREA_STYLE_COLOUR('',#18377);
#19015 = STYLED_ITEM('color',(#19016),#4877);
#19016 = PRESENTATION_STYLE_ASSIGNMENT((#19017));
#19017 = SURFACE_STYLE_USAGE(.BOTH.,#19018);
#19018 = SURFACE_SIDE_STYLE('',(#19019));
#19019 = SURFACE_STYLE_FILL_AREA(#19020);
#19020 = FILL_AREA_STYLE('',(#19021));
#19021 = FILL_AREA_STYLE_COLOUR('',#18377);
#19022 = STYLED_ITEM('color',(#19023),#4894);
#19023 = PRESENTATION_STYLE_ASSIGNMENT((#19024));
#19024 = SURFACE_STYLE_USAGE(.BOTH.,#19025);
#19025 = SURFACE_SIDE_STYLE('',(#19026));
#19026 = SURFACE_STYLE_FILL_AREA(#19027);
#19027 = FILL_AREA_STYLE('',(#19028));
#19028 = FILL_AREA_STYLE_COLOUR('',#19029);
#19029 = COLOUR_RGB('',0.690196106937,0.662745111292,0.596078458879);
#19030 = STYLED_ITEM('color',(#19031),#4919);
#19031 = PRESENTATION_STYLE_ASSIGNMENT((#19032));
#19032 = SURFACE_STYLE_USAGE(.BOTH.,#19033);
#19033 = SURFACE_SIDE_STYLE('',(#19034));
#19034 = SURFACE_STYLE_FILL_AREA(#19035);
#19035 = FILL_AREA_STYLE('',(#19036));
#19036 = FILL_AREA_STYLE_COLOUR('',#18377);
#19037 = STYLED_ITEM('color',(#19038),#4935);
#19038 = PRESENTATION_STYLE_ASSIGNMENT((#19039));
#19039 = SURFACE_STYLE_USAGE(.BOTH.,#19040);
#19040 = SURFACE_SIDE_STYLE('',(#19041));
#19041 = SURFACE_STYLE_FILL_AREA(#19042);
#19042 = FILL_AREA_STYLE('',(#19043));
#19043 = FILL_AREA_STYLE_COLOUR('',#18377);
#19044 = STYLED_ITEM('color',(#19045),#4951);
#19045 = PRESENTATION_STYLE_ASSIGNMENT((#19046));
#19046 = SURFACE_STYLE_USAGE(.BOTH.,#19047);
#19047 = SURFACE_SIDE_STYLE('',(#19048));
#19048 = SURFACE_STYLE_FILL_AREA(#19049);
#19049 = FILL_AREA_STYLE('',(#19050));
#19050 = FILL_AREA_STYLE_COLOUR('',#18377);
#19051 = STYLED_ITEM('color',(#19052),#4968);
#19052 = PRESENTATION_STYLE_ASSIGNMENT((#19053));
#19053 = SURFACE_STYLE_USAGE(.BOTH.,#19054);
#19054 = SURFACE_SIDE_STYLE('',(#19055));
#19055 = SURFACE_STYLE_FILL_AREA(#19056);
#19056 = FILL_AREA_STYLE('',(#19057));
#19057 = FILL_AREA_STYLE_COLOUR('',#18341);
#19058 = STYLED_ITEM('color',(#19059),#5060);
#19059 = PRESENTATION_STYLE_ASSIGNMENT((#19060));
#19060 = SURFACE_STYLE_USAGE(.BOTH.,#19061);
#19061 = SURFACE_SIDE_STYLE('',(#19062));
#19062 = SURFACE_STYLE_FILL_AREA(#19063);
#19063 = FILL_AREA_STYLE('',(#19064));
#19064 = FILL_AREA_STYLE_COLOUR('',#18341);
#19065 = STYLED_ITEM('color',(#19066),#5152);
#19066 = PRESENTATION_STYLE_ASSIGNMENT((#19067));
#19067 = SURFACE_STYLE_USAGE(.BOTH.,#19068);
#19068 = SURFACE_SIDE_STYLE('',(#19069));
#19069 = SURFACE_STYLE_FILL_AREA(#19070);
#19070 = FILL_AREA_STYLE('',(#19071));
#19071 = FILL_AREA_STYLE_COLOUR('',#18377);
#19072 = STYLED_ITEM('color',(#19073),#5173);
#19073 = PRESENTATION_STYLE_ASSIGNMENT((#19074));
#19074 = SURFACE_STYLE_USAGE(.BOTH.,#19075);
#19075 = SURFACE_SIDE_STYLE('',(#19076));
#19076 = SURFACE_STYLE_FILL_AREA(#19077);
#19077 = FILL_AREA_STYLE('',(#19078));
#19078 = FILL_AREA_STYLE_COLOUR('',#18341);
#19079 = STYLED_ITEM('color',(#19080),#5198);
#19080 = PRESENTATION_STYLE_ASSIGNMENT((#19081));
#19081 = SURFACE_STYLE_USAGE(.BOTH.,#19082);
#19082 = SURFACE_SIDE_STYLE('',(#19083));
#19083 = SURFACE_STYLE_FILL_AREA(#19084);
#19084 = FILL_AREA_STYLE('',(#19085));
#19085 = FILL_AREA_STYLE_COLOUR('',#18341);
#19086 = STYLED_ITEM('color',(#19087),#5282);
#19087 = PRESENTATION_STYLE_ASSIGNMENT((#19088));
#19088 = SURFACE_STYLE_USAGE(.BOTH.,#19089);
#19089 = SURFACE_SIDE_STYLE('',(#19090));
#19090 = SURFACE_STYLE_FILL_AREA(#19091);
#19091 = FILL_AREA_STYLE('',(#19092));
#19092 = FILL_AREA_STYLE_COLOUR('',#18341);
#19093 = STYLED_ITEM('color',(#19094),#5374);
#19094 = PRESENTATION_STYLE_ASSIGNMENT((#19095));
#19095 = SURFACE_STYLE_USAGE(.BOTH.,#19096);
#19096 = SURFACE_SIDE_STYLE('',(#19097));
#19097 = SURFACE_STYLE_FILL_AREA(#19098);
#19098 = FILL_AREA_STYLE('',(#19099));
#19099 = FILL_AREA_STYLE_COLOUR('',#18341);
#19100 = STYLED_ITEM('color',(#19101),#5391);
#19101 = PRESENTATION_STYLE_ASSIGNMENT((#19102));
#19102 = SURFACE_STYLE_USAGE(.BOTH.,#19103);
#19103 = SURFACE_SIDE_STYLE('',(#19104));
#19104 = SURFACE_STYLE_FILL_AREA(#19105);
#19105 = FILL_AREA_STYLE('',(#19106));
#19106 = FILL_AREA_STYLE_COLOUR('',#18377);
#19107 = STYLED_ITEM('color',(#19108),#5413);
#19108 = PRESENTATION_STYLE_ASSIGNMENT((#19109));
#19109 = SURFACE_STYLE_USAGE(.BOTH.,#19110);
#19110 = SURFACE_SIDE_STYLE('',(#19111));
#19111 = SURFACE_STYLE_FILL_AREA(#19112);
#19112 = FILL_AREA_STYLE('',(#19113));
#19113 = FILL_AREA_STYLE_COLOUR('',#18341);
#19114 = STYLED_ITEM('color',(#19115),#5505);
#19115 = PRESENTATION_STYLE_ASSIGNMENT((#19116));
#19116 = SURFACE_STYLE_USAGE(.BOTH.,#19117);
#19117 = SURFACE_SIDE_STYLE('',(#19118));
#19118 = SURFACE_STYLE_FILL_AREA(#19119);
#19119 = FILL_AREA_STYLE('',(#19120));
#19120 = FILL_AREA_STYLE_COLOUR('',#18341);
#19121 = STYLED_ITEM('color',(#19122),#5597);
#19122 = PRESENTATION_STYLE_ASSIGNMENT((#19123));
#19123 = SURFACE_STYLE_USAGE(.BOTH.,#19124);
#19124 = SURFACE_SIDE_STYLE('',(#19125));
#19125 = SURFACE_STYLE_FILL_AREA(#19126);
#19126 = FILL_AREA_STYLE('',(#19127));
#19127 = FILL_AREA_STYLE_COLOUR('',#18377);
#19128 = STYLED_ITEM('color',(#19129),#5619);
#19129 = PRESENTATION_STYLE_ASSIGNMENT((#19130));
#19130 = SURFACE_STYLE_USAGE(.BOTH.,#19131);
#19131 = SURFACE_SIDE_STYLE('',(#19132));
#19132 = SURFACE_STYLE_FILL_AREA(#19133);
#19133 = FILL_AREA_STYLE('',(#19134));
#19134 = FILL_AREA_STYLE_COLOUR('',#18341);
#19135 = STYLED_ITEM('color',(#19136),#5644);
#19136 = PRESENTATION_STYLE_ASSIGNMENT((#19137));
#19137 = SURFACE_STYLE_USAGE(.BOTH.,#19138);
#19138 = SURFACE_SIDE_STYLE('',(#19139));
#19139 = SURFACE_STYLE_FILL_AREA(#19140);
#19140 = FILL_AREA_STYLE('',(#19141));
#19141 = FILL_AREA_STYLE_COLOUR('',#18341);
#19142 = STYLED_ITEM('color',(#19143),#5728);
#19143 = PRESENTATION_STYLE_ASSIGNMENT((#19144));
#19144 = SURFACE_STYLE_USAGE(.BOTH.,#19145);
#19145 = SURFACE_SIDE_STYLE('',(#19146));
#19146 = SURFACE_STYLE_FILL_AREA(#19147);
#19147 = FILL_AREA_STYLE('',(#19148));
#19148 = FILL_AREA_STYLE_COLOUR('',#18341);
#19149 = STYLED_ITEM('color',(#19150),#5820);
#19150 = PRESENTATION_STYLE_ASSIGNMENT((#19151));
#19151 = SURFACE_STYLE_USAGE(.BOTH.,#19152);
#19152 = SURFACE_SIDE_STYLE('',(#19153));
#19153 = SURFACE_STYLE_FILL_AREA(#19154);
#19154 = FILL_AREA_STYLE('',(#19155));
#19155 = FILL_AREA_STYLE_COLOUR('',#18341);
#19156 = STYLED_ITEM('color',(#19157),#5837);
#19157 = PRESENTATION_STYLE_ASSIGNMENT((#19158));
#19158 = SURFACE_STYLE_USAGE(.BOTH.,#19159);
#19159 = SURFACE_SIDE_STYLE('',(#19160));
#19160 = SURFACE_STYLE_FILL_AREA(#19161);
#19161 = FILL_AREA_STYLE('',(#19162));
#19162 = FILL_AREA_STYLE_COLOUR('',#18377);
#19163 = STYLED_ITEM('color',(#19164),#5859);
#19164 = PRESENTATION_STYLE_ASSIGNMENT((#19165));
#19165 = SURFACE_STYLE_USAGE(.BOTH.,#19166);
#19166 = SURFACE_SIDE_STYLE('',(#19167));
#19167 = SURFACE_STYLE_FILL_AREA(#19168);
#19168 = FILL_AREA_STYLE('',(#19169));
#19169 = FILL_AREA_STYLE_COLOUR('',#18377);
#19170 = STYLED_ITEM('color',(#19171),#5871);
#19171 = PRESENTATION_STYLE_ASSIGNMENT((#19172));
#19172 = SURFACE_STYLE_USAGE(.BOTH.,#19173);
#19173 = SURFACE_SIDE_STYLE('',(#19174));
#19174 = SURFACE_STYLE_FILL_AREA(#19175);
#19175 = FILL_AREA_STYLE('',(#19176));
#19176 = FILL_AREA_STYLE_COLOUR('',#18341);
#19177 = STYLED_ITEM('color',(#19178),#5890);
#19178 = PRESENTATION_STYLE_ASSIGNMENT((#19179));
#19179 = SURFACE_STYLE_USAGE(.BOTH.,#19180);
#19180 = SURFACE_SIDE_STYLE('',(#19181));
#19181 = SURFACE_STYLE_FILL_AREA(#19182);
#19182 = FILL_AREA_STYLE('',(#19183));
#19183 = FILL_AREA_STYLE_COLOUR('',#18341);
#19184 = STYLED_ITEM('color',(#19185),#5909);
#19185 = PRESENTATION_STYLE_ASSIGNMENT((#19186));
#19186 = SURFACE_STYLE_USAGE(.BOTH.,#19187);
#19187 = SURFACE_SIDE_STYLE('',(#19188));
#19188 = SURFACE_STYLE_FILL_AREA(#19189);
#19189 = FILL_AREA_STYLE('',(#19190));
#19190 = FILL_AREA_STYLE_COLOUR('',#18341);
#19191 = STYLED_ITEM('color',(#19192),#5928);
#19192 = PRESENTATION_STYLE_ASSIGNMENT((#19193));
#19193 = SURFACE_STYLE_USAGE(.BOTH.,#19194);
#19194 = SURFACE_SIDE_STYLE('',(#19195));
#19195 = SURFACE_STYLE_FILL_AREA(#19196);
#19196 = FILL_AREA_STYLE('',(#19197));
#19197 = FILL_AREA_STYLE_COLOUR('',#18341);
#19198 = STYLED_ITEM('color',(#19199),#5947);
#19199 = PRESENTATION_STYLE_ASSIGNMENT((#19200));
#19200 = SURFACE_STYLE_USAGE(.BOTH.,#19201);
#19201 = SURFACE_SIDE_STYLE('',(#19202));
#19202 = SURFACE_STYLE_FILL_AREA(#19203);
#19203 = FILL_AREA_STYLE('',(#19204));
#19204 = FILL_AREA_STYLE_COLOUR('',#19029);
#19205 = STYLED_ITEM('color',(#19206),#5956);
#19206 = PRESENTATION_STYLE_ASSIGNMENT((#19207));
#19207 = SURFACE_STYLE_USAGE(.BOTH.,#19208);
#19208 = SURFACE_SIDE_STYLE('',(#19209));
#19209 = SURFACE_STYLE_FILL_AREA(#19210);
#19210 = FILL_AREA_STYLE('',(#19211));
#19211 = FILL_AREA_STYLE_COLOUR('',#18341);
#19212 = STYLED_ITEM('color',(#19213),#5973);
#19213 = PRESENTATION_STYLE_ASSIGNMENT((#19214));
#19214 = SURFACE_STYLE_USAGE(.BOTH.,#19215);
#19215 = SURFACE_SIDE_STYLE('',(#19216));
#19216 = SURFACE_STYLE_FILL_AREA(#19217);
#19217 = FILL_AREA_STYLE('',(#19218));
#19218 = FILL_AREA_STYLE_COLOUR('',#18341);
#19219 = STYLED_ITEM('color',(#19220),#5990);
#19220 = PRESENTATION_STYLE_ASSIGNMENT((#19221));
#19221 = SURFACE_STYLE_USAGE(.BOTH.,#19222);
#19222 = SURFACE_SIDE_STYLE('',(#19223));
#19223 = SURFACE_STYLE_FILL_AREA(#19224);
#19224 = FILL_AREA_STYLE('',(#19225));
#19225 = FILL_AREA_STYLE_COLOUR('',#18341);
#19226 = STYLED_ITEM('color',(#19227),#6007);
#19227 = PRESENTATION_STYLE_ASSIGNMENT((#19228));
#19228 = SURFACE_STYLE_USAGE(.BOTH.,#19229);
#19229 = SURFACE_SIDE_STYLE('',(#19230));
#19230 = SURFACE_STYLE_FILL_AREA(#19231);
#19231 = FILL_AREA_STYLE('',(#19232));
#19232 = FILL_AREA_STYLE_COLOUR('',#18341);
#19233 = STYLED_ITEM('color',(#19234),#6024);
#19234 = PRESENTATION_STYLE_ASSIGNMENT((#19235));
#19235 = SURFACE_STYLE_USAGE(.BOTH.,#19236);
#19236 = SURFACE_SIDE_STYLE('',(#19237));
#19237 = SURFACE_STYLE_FILL_AREA(#19238);
#19238 = FILL_AREA_STYLE('',(#19239));
#19239 = FILL_AREA_STYLE_COLOUR('',#18341);
#19240 = STYLED_ITEM('color',(#19241),#6041);
#19241 = PRESENTATION_STYLE_ASSIGNMENT((#19242));
#19242 = SURFACE_STYLE_USAGE(.BOTH.,#19243);
#19243 = SURFACE_SIDE_STYLE('',(#19244));
#19244 = SURFACE_STYLE_FILL_AREA(#19245);
#19245 = FILL_AREA_STYLE('',(#19246));
#19246 = FILL_AREA_STYLE_COLOUR('',#18341);
#19247 = STYLED_ITEM('color',(#19248),#6058);
#19248 = PRESENTATION_STYLE_ASSIGNMENT((#19249));
#19249 = SURFACE_STYLE_USAGE(.BOTH.,#19250);
#19250 = SURFACE_SIDE_STYLE('',(#19251));
#19251 = SURFACE_STYLE_FILL_AREA(#19252);
#19252 = FILL_AREA_STYLE('',(#19253));
#19253 = FILL_AREA_STYLE_COLOUR('',#18341);
#19254 = STYLED_ITEM('color',(#19255),#6075);
#19255 = PRESENTATION_STYLE_ASSIGNMENT((#19256));
#19256 = SURFACE_STYLE_USAGE(.BOTH.,#19257);
#19257 = SURFACE_SIDE_STYLE('',(#19258));
#19258 = SURFACE_STYLE_FILL_AREA(#19259);
#19259 = FILL_AREA_STYLE('',(#19260));
#19260 = FILL_AREA_STYLE_COLOUR('',#18341);
#19261 = STYLED_ITEM('color',(#19262),#6087);
#19262 = PRESENTATION_STYLE_ASSIGNMENT((#19263));
#19263 = SURFACE_STYLE_USAGE(.BOTH.,#19264);
#19264 = SURFACE_SIDE_STYLE('',(#19265));
#19265 = SURFACE_STYLE_FILL_AREA(#19266);
#19266 = FILL_AREA_STYLE('',(#19267));
#19267 = FILL_AREA_STYLE_COLOUR('',#18341);
#19268 = STYLED_ITEM('color',(#19269),#6104);
#19269 = PRESENTATION_STYLE_ASSIGNMENT((#19270));
#19270 = SURFACE_STYLE_USAGE(.BOTH.,#19271);
#19271 = SURFACE_SIDE_STYLE('',(#19272));
#19272 = SURFACE_STYLE_FILL_AREA(#19273);
#19273 = FILL_AREA_STYLE('',(#19274));
#19274 = FILL_AREA_STYLE_COLOUR('',#18341);
#19275 = STYLED_ITEM('color',(#19276),#6121);
#19276 = PRESENTATION_STYLE_ASSIGNMENT((#19277));
#19277 = SURFACE_STYLE_USAGE(.BOTH.,#19278);
#19278 = SURFACE_SIDE_STYLE('',(#19279));
#19279 = SURFACE_STYLE_FILL_AREA(#19280);
#19280 = FILL_AREA_STYLE('',(#19281));
#19281 = FILL_AREA_STYLE_COLOUR('',#18341);
#19282 = STYLED_ITEM('color',(#19283),#6138);
#19283 = PRESENTATION_STYLE_ASSIGNMENT((#19284));
#19284 = SURFACE_STYLE_USAGE(.BOTH.,#19285);
#19285 = SURFACE_SIDE_STYLE('',(#19286));
#19286 = SURFACE_STYLE_FILL_AREA(#19287);
#19287 = FILL_AREA_STYLE('',(#19288));
#19288 = FILL_AREA_STYLE_COLOUR('',#18341);
#19289 = STYLED_ITEM('color',(#19290),#6155);
#19290 = PRESENTATION_STYLE_ASSIGNMENT((#19291));
#19291 = SURFACE_STYLE_USAGE(.BOTH.,#19292);
#19292 = SURFACE_SIDE_STYLE('',(#19293));
#19293 = SURFACE_STYLE_FILL_AREA(#19294);
#19294 = FILL_AREA_STYLE('',(#19295));
#19295 = FILL_AREA_STYLE_COLOUR('',#18341);
#19296 = STYLED_ITEM('color',(#19297),#6172);
#19297 = PRESENTATION_STYLE_ASSIGNMENT((#19298));
#19298 = SURFACE_STYLE_USAGE(.BOTH.,#19299);
#19299 = SURFACE_SIDE_STYLE('',(#19300));
#19300 = SURFACE_STYLE_FILL_AREA(#19301);
#19301 = FILL_AREA_STYLE('',(#19302));
#19302 = FILL_AREA_STYLE_COLOUR('',#18341);
#19303 = STYLED_ITEM('color',(#19304),#6189);
#19304 = PRESENTATION_STYLE_ASSIGNMENT((#19305));
#19305 = SURFACE_STYLE_USAGE(.BOTH.,#19306);
#19306 = SURFACE_SIDE_STYLE('',(#19307));
#19307 = SURFACE_STYLE_FILL_AREA(#19308);
#19308 = FILL_AREA_STYLE('',(#19309));
#19309 = FILL_AREA_STYLE_COLOUR('',#18341);
#19310 = STYLED_ITEM('color',(#19311),#6206);
#19311 = PRESENTATION_STYLE_ASSIGNMENT((#19312));
#19312 = SURFACE_STYLE_USAGE(.BOTH.,#19313);
#19313 = SURFACE_SIDE_STYLE('',(#19314));
#19314 = SURFACE_STYLE_FILL_AREA(#19315);
#19315 = FILL_AREA_STYLE('',(#19316));
#19316 = FILL_AREA_STYLE_COLOUR('',#18341);
#19317 = STYLED_ITEM('color',(#19318),#6218);
#19318 = PRESENTATION_STYLE_ASSIGNMENT((#19319));
#19319 = SURFACE_STYLE_USAGE(.BOTH.,#19320);
#19320 = SURFACE_SIDE_STYLE('',(#19321));
#19321 = SURFACE_STYLE_FILL_AREA(#19322);
#19322 = FILL_AREA_STYLE('',(#19323));
#19323 = FILL_AREA_STYLE_COLOUR('',#18341);
#19324 = STYLED_ITEM('color',(#19325),#6235);
#19325 = PRESENTATION_STYLE_ASSIGNMENT((#19326));
#19326 = SURFACE_STYLE_USAGE(.BOTH.,#19327);
#19327 = SURFACE_SIDE_STYLE('',(#19328));
#19328 = SURFACE_STYLE_FILL_AREA(#19329);
#19329 = FILL_AREA_STYLE('',(#19330));
#19330 = FILL_AREA_STYLE_COLOUR('',#18341);
#19331 = STYLED_ITEM('color',(#19332),#6252);
#19332 = PRESENTATION_STYLE_ASSIGNMENT((#19333));
#19333 = SURFACE_STYLE_USAGE(.BOTH.,#19334);
#19334 = SURFACE_SIDE_STYLE('',(#19335));
#19335 = SURFACE_STYLE_FILL_AREA(#19336);
#19336 = FILL_AREA_STYLE('',(#19337));
#19337 = FILL_AREA_STYLE_COLOUR('',#18341);
#19338 = STYLED_ITEM('color',(#19339),#6269);
#19339 = PRESENTATION_STYLE_ASSIGNMENT((#19340));
#19340 = SURFACE_STYLE_USAGE(.BOTH.,#19341);
#19341 = SURFACE_SIDE_STYLE('',(#19342));
#19342 = SURFACE_STYLE_FILL_AREA(#19343);
#19343 = FILL_AREA_STYLE('',(#19344));
#19344 = FILL_AREA_STYLE_COLOUR('',#18341);
#19345 = STYLED_ITEM('color',(#19346),#6286);
#19346 = PRESENTATION_STYLE_ASSIGNMENT((#19347));
#19347 = SURFACE_STYLE_USAGE(.BOTH.,#19348);
#19348 = SURFACE_SIDE_STYLE('',(#19349));
#19349 = SURFACE_STYLE_FILL_AREA(#19350);
#19350 = FILL_AREA_STYLE('',(#19351));
#19351 = FILL_AREA_STYLE_COLOUR('',#18341);
#19352 = STYLED_ITEM('color',(#19353),#6303);
#19353 = PRESENTATION_STYLE_ASSIGNMENT((#19354));
#19354 = SURFACE_STYLE_USAGE(.BOTH.,#19355);
#19355 = SURFACE_SIDE_STYLE('',(#19356));
#19356 = SURFACE_STYLE_FILL_AREA(#19357);
#19357 = FILL_AREA_STYLE('',(#19358));
#19358 = FILL_AREA_STYLE_COLOUR('',#18341);
#19359 = STYLED_ITEM('color',(#19360),#6320);
#19360 = PRESENTATION_STYLE_ASSIGNMENT((#19361));
#19361 = SURFACE_STYLE_USAGE(.BOTH.,#19362);
#19362 = SURFACE_SIDE_STYLE('',(#19363));
#19363 = SURFACE_STYLE_FILL_AREA(#19364);
#19364 = FILL_AREA_STYLE('',(#19365));
#19365 = FILL_AREA_STYLE_COLOUR('',#18341);
#19366 = STYLED_ITEM('color',(#19367),#6337);
#19367 = PRESENTATION_STYLE_ASSIGNMENT((#19368));
#19368 = SURFACE_STYLE_USAGE(.BOTH.,#19369);
#19369 = SURFACE_SIDE_STYLE('',(#19370));
#19370 = SURFACE_STYLE_FILL_AREA(#19371);
#19371 = FILL_AREA_STYLE('',(#19372));
#19372 = FILL_AREA_STYLE_COLOUR('',#18341);
#19373 = STYLED_ITEM('color',(#19374),#6349);
#19374 = PRESENTATION_STYLE_ASSIGNMENT((#19375));
#19375 = SURFACE_STYLE_USAGE(.BOTH.,#19376);
#19376 = SURFACE_SIDE_STYLE('',(#19377));
#19377 = SURFACE_STYLE_FILL_AREA(#19378);
#19378 = FILL_AREA_STYLE('',(#19379));
#19379 = FILL_AREA_STYLE_COLOUR('',#18341);
#19380 = STYLED_ITEM('color',(#19381),#6366);
#19381 = PRESENTATION_STYLE_ASSIGNMENT((#19382));
#19382 = SURFACE_STYLE_USAGE(.BOTH.,#19383);
#19383 = SURFACE_SIDE_STYLE('',(#19384));
#19384 = SURFACE_STYLE_FILL_AREA(#19385);
#19385 = FILL_AREA_STYLE('',(#19386));
#19386 = FILL_AREA_STYLE_COLOUR('',#18341);
#19387 = STYLED_ITEM('color',(#19388),#6383);
#19388 = PRESENTATION_STYLE_ASSIGNMENT((#19389));
#19389 = SURFACE_STYLE_USAGE(.BOTH.,#19390);
#19390 = SURFACE_SIDE_STYLE('',(#19391));
#19391 = SURFACE_STYLE_FILL_AREA(#19392);
#19392 = FILL_AREA_STYLE('',(#19393));
#19393 = FILL_AREA_STYLE_COLOUR('',#18341);
#19394 = STYLED_ITEM('color',(#19395),#6400);
#19395 = PRESENTATION_STYLE_ASSIGNMENT((#19396));
#19396 = SURFACE_STYLE_USAGE(.BOTH.,#19397);
#19397 = SURFACE_SIDE_STYLE('',(#19398));
#19398 = SURFACE_STYLE_FILL_AREA(#19399);
#19399 = FILL_AREA_STYLE('',(#19400));
#19400 = FILL_AREA_STYLE_COLOUR('',#18341);
#19401 = STYLED_ITEM('color',(#19402),#6417);
#19402 = PRESENTATION_STYLE_ASSIGNMENT((#19403));
#19403 = SURFACE_STYLE_USAGE(.BOTH.,#19404);
#19404 = SURFACE_SIDE_STYLE('',(#19405));
#19405 = SURFACE_STYLE_FILL_AREA(#19406);
#19406 = FILL_AREA_STYLE('',(#19407));
#19407 = FILL_AREA_STYLE_COLOUR('',#18341);
#19408 = STYLED_ITEM('color',(#19409),#6434);
#19409 = PRESENTATION_STYLE_ASSIGNMENT((#19410));
#19410 = SURFACE_STYLE_USAGE(.BOTH.,#19411);
#19411 = SURFACE_SIDE_STYLE('',(#19412));
#19412 = SURFACE_STYLE_FILL_AREA(#19413);
#19413 = FILL_AREA_STYLE('',(#19414));
#19414 = FILL_AREA_STYLE_COLOUR('',#18341);
#19415 = STYLED_ITEM('color',(#19416),#6451);
#19416 = PRESENTATION_STYLE_ASSIGNMENT((#19417));
#19417 = SURFACE_STYLE_USAGE(.BOTH.,#19418);
#19418 = SURFACE_SIDE_STYLE('',(#19419));
#19419 = SURFACE_STYLE_FILL_AREA(#19420);
#19420 = FILL_AREA_STYLE('',(#19421));
#19421 = FILL_AREA_STYLE_COLOUR('',#18341);
#19422 = STYLED_ITEM('color',(#19423),#6468);
#19423 = PRESENTATION_STYLE_ASSIGNMENT((#19424));
#19424 = SURFACE_STYLE_USAGE(.BOTH.,#19425);
#19425 = SURFACE_SIDE_STYLE('',(#19426));
#19426 = SURFACE_STYLE_FILL_AREA(#19427);
#19427 = FILL_AREA_STYLE('',(#19428));
#19428 = FILL_AREA_STYLE_COLOUR('',#18341);
#19429 = MECHANICAL_DESIGN_GEOMETRIC_PRESENTATION_REPRESENTATION('',(
    #19430,#19437,#19444,#19451,#19458,#19465,#19472,#19479,#19486,
    #19493,#19500,#19507,#19514,#19521,#19528,#19536,#19543,#19550,
    #19557,#19564,#19571,#19579,#19586,#19593,#19600,#19607,#19614,
    #19621,#19628,#19635,#19642,#19649,#19656,#19663,#19670,#19677,
    #19684,#19691,#19698,#19705,#19712,#19719,#19726,#19733,#19740,
    #19747,#19754,#19761,#19768,#19775,#19782,#19789,#19796,#19803,
    #19810,#19817,#19824,#19831,#19838,#19845,#19852,#19859,#19866,
    #19873,#19880,#19887,#19894,#19901,#19908,#19915,#19922,#19929,
    #19936,#19943,#19950,#19957,#19964,#19971,#19978,#19985,#19992,
    #19999,#20006,#20013,#20020,#20027,#20034,#20041,#20048,#20055,
    #20062,#20069,#20076,#20083,#20090,#20097,#20104,#20111,#20118,
    #20125,#20132,#20139,#20146,#20153,#20160,#20167,#20174,#20181,
    #20188,#20195,#20202,#20209,#20216,#20223,#20230,#20237,#20244,
    #20251,#20258,#20265,#20272,#20279,#20286,#20293,#20300,#20307,
    #20314,#20321,#20328,#20335,#20342,#20349,#20356,#20363,#20370,
    #20377,#20384,#20391,#20398,#20405,#20412,#20419,#20426,#20433,
    #20440,#20447,#20454,#20461,#20468),#12831);
#19430 = STYLED_ITEM('color',(#19431),#8645);
#19431 = PRESENTATION_STYLE_ASSIGNMENT((#19432));
#19432 = SURFACE_STYLE_USAGE(.BOTH.,#19433);
#19433 = SURFACE_SIDE_STYLE('',(#19434));
#19434 = SURFACE_STYLE_FILL_AREA(#19435);
#19435 = FILL_AREA_STYLE('',(#19436));
#19436 = FILL_AREA_STYLE_COLOUR('',#18142);
#19437 = STYLED_ITEM('color',(#19438),#8685);
#19438 = PRESENTATION_STYLE_ASSIGNMENT((#19439));
#19439 = SURFACE_STYLE_USAGE(.BOTH.,#19440);
#19440 = SURFACE_SIDE_STYLE('',(#19441));
#19441 = SURFACE_STYLE_FILL_AREA(#19442);
#19442 = FILL_AREA_STYLE('',(#19443));
#19443 = FILL_AREA_STYLE_COLOUR('',#18142);
#19444 = STYLED_ITEM('color',(#19445),#8718);
#19445 = PRESENTATION_STYLE_ASSIGNMENT((#19446));
#19446 = SURFACE_STYLE_USAGE(.BOTH.,#19447);
#19447 = SURFACE_SIDE_STYLE('',(#19448));
#19448 = SURFACE_STYLE_FILL_AREA(#19449);
#19449 = FILL_AREA_STYLE('',(#19450));
#19450 = FILL_AREA_STYLE_COLOUR('',#18142);
#19451 = STYLED_ITEM('color',(#19452),#8751);
#19452 = PRESENTATION_STYLE_ASSIGNMENT((#19453));
#19453 = SURFACE_STYLE_USAGE(.BOTH.,#19454);
#19454 = SURFACE_SIDE_STYLE('',(#19455));
#19455 = SURFACE_STYLE_FILL_AREA(#19456);
#19456 = FILL_AREA_STYLE('',(#19457));
#19457 = FILL_AREA_STYLE_COLOUR('',#18142);
#19458 = STYLED_ITEM('color',(#19459),#9022);
#19459 = PRESENTATION_STYLE_ASSIGNMENT((#19460));
#19460 = SURFACE_STYLE_USAGE(.BOTH.,#19461);
#19461 = SURFACE_SIDE_STYLE('',(#19462));
#19462 = SURFACE_STYLE_FILL_AREA(#19463);
#19463 = FILL_AREA_STYLE('',(#19464));
#19464 = FILL_AREA_STYLE_COLOUR('',#18142);
#19465 = STYLED_ITEM('color',(#19466),#9039);
#19466 = PRESENTATION_STYLE_ASSIGNMENT((#19467));
#19467 = SURFACE_STYLE_USAGE(.BOTH.,#19468);
#19468 = SURFACE_SIDE_STYLE('',(#19469));
#19469 = SURFACE_STYLE_FILL_AREA(#19470);
#19470 = FILL_AREA_STYLE('',(#19471));
#19471 = FILL_AREA_STYLE_COLOUR('',#18142);
#19472 = STYLED_ITEM('color',(#19473),#9064);
#19473 = PRESENTATION_STYLE_ASSIGNMENT((#19474));
#19474 = SURFACE_STYLE_USAGE(.BOTH.,#19475);
#19475 = SURFACE_SIDE_STYLE('',(#19476));
#19476 = SURFACE_STYLE_FILL_AREA(#19477);
#19477 = FILL_AREA_STYLE('',(#19478));
#19478 = FILL_AREA_STYLE_COLOUR('',#18142);
#19479 = STYLED_ITEM('color',(#19480),#9095);
#19480 = PRESENTATION_STYLE_ASSIGNMENT((#19481));
#19481 = SURFACE_STYLE_USAGE(.BOTH.,#19482);
#19482 = SURFACE_SIDE_STYLE('',(#19483));
#19483 = SURFACE_STYLE_FILL_AREA(#19484);
#19484 = FILL_AREA_STYLE('',(#19485));
#19485 = FILL_AREA_STYLE_COLOUR('',#18142);
#19486 = STYLED_ITEM('color',(#19487),#9120);
#19487 = PRESENTATION_STYLE_ASSIGNMENT((#19488));
#19488 = SURFACE_STYLE_USAGE(.BOTH.,#19489);
#19489 = SURFACE_SIDE_STYLE('',(#19490));
#19490 = SURFACE_STYLE_FILL_AREA(#19491);
#19491 = FILL_AREA_STYLE('',(#19492));
#19492 = FILL_AREA_STYLE_COLOUR('',#18142);
#19493 = STYLED_ITEM('color',(#19494),#9151);
#19494 = PRESENTATION_STYLE_ASSIGNMENT((#19495));
#19495 = SURFACE_STYLE_USAGE(.BOTH.,#19496);
#19496 = SURFACE_SIDE_STYLE('',(#19497));
#19497 = SURFACE_STYLE_FILL_AREA(#19498);
#19498 = FILL_AREA_STYLE('',(#19499));
#19499 = FILL_AREA_STYLE_COLOUR('',#18142);
#19500 = STYLED_ITEM('color',(#19501),#9175);
#19501 = PRESENTATION_STYLE_ASSIGNMENT((#19502));
#19502 = SURFACE_STYLE_USAGE(.BOTH.,#19503);
#19503 = SURFACE_SIDE_STYLE('',(#19504));
#19504 = SURFACE_STYLE_FILL_AREA(#19505);
#19505 = FILL_AREA_STYLE('',(#19506));
#19506 = FILL_AREA_STYLE_COLOUR('',#18142);
#19507 = STYLED_ITEM('color',(#19508),#9199);
#19508 = PRESENTATION_STYLE_ASSIGNMENT((#19509));
#19509 = SURFACE_STYLE_USAGE(.BOTH.,#19510);
#19510 = SURFACE_SIDE_STYLE('',(#19511));
#19511 = SURFACE_STYLE_FILL_AREA(#19512);
#19512 = FILL_AREA_STYLE('',(#19513));
#19513 = FILL_AREA_STYLE_COLOUR('',#18142);
#19514 = STYLED_ITEM('color',(#19515),#9232);
#19515 = PRESENTATION_STYLE_ASSIGNMENT((#19516));
#19516 = SURFACE_STYLE_USAGE(.BOTH.,#19517);
#19517 = SURFACE_SIDE_STYLE('',(#19518));
#19518 = SURFACE_STYLE_FILL_AREA(#19519);
#19519 = FILL_AREA_STYLE('',(#19520));
#19520 = FILL_AREA_STYLE_COLOUR('',#18142);
#19521 = STYLED_ITEM('color',(#19522),#9256);
#19522 = PRESENTATION_STYLE_ASSIGNMENT((#19523));
#19523 = SURFACE_STYLE_USAGE(.BOTH.,#19524);
#19524 = SURFACE_SIDE_STYLE('',(#19525));
#19525 = SURFACE_STYLE_FILL_AREA(#19526);
#19526 = FILL_AREA_STYLE('',(#19527));
#19527 = FILL_AREA_STYLE_COLOUR('',#18142);
#19528 = STYLED_ITEM('color',(#19529),#9289);
#19529 = PRESENTATION_STYLE_ASSIGNMENT((#19530));
#19530 = SURFACE_STYLE_USAGE(.BOTH.,#19531);
#19531 = SURFACE_SIDE_STYLE('',(#19532));
#19532 = SURFACE_STYLE_FILL_AREA(#19533);
#19533 = FILL_AREA_STYLE('',(#19534));
#19534 = FILL_AREA_STYLE_COLOUR('',#19535);
#19535 = COLOUR_RGB('',0.272999999305,0.272999999305,0.272999999305);
#19536 = STYLED_ITEM('color',(#19537),#9320);
#19537 = PRESENTATION_STYLE_ASSIGNMENT((#19538));
#19538 = SURFACE_STYLE_USAGE(.BOTH.,#19539);
#19539 = SURFACE_SIDE_STYLE('',(#19540));
#19540 = SURFACE_STYLE_FILL_AREA(#19541);
#19541 = FILL_AREA_STYLE('',(#19542));
#19542 = FILL_AREA_STYLE_COLOUR('',#19535);
#19543 = STYLED_ITEM('color',(#19544),#9344);
#19544 = PRESENTATION_STYLE_ASSIGNMENT((#19545));
#19545 = SURFACE_STYLE_USAGE(.BOTH.,#19546);
#19546 = SURFACE_SIDE_STYLE('',(#19547));
#19547 = SURFACE_STYLE_FILL_AREA(#19548);
#19548 = FILL_AREA_STYLE('',(#19549));
#19549 = FILL_AREA_STYLE_COLOUR('',#19535);
#19550 = STYLED_ITEM('color',(#19551),#9368);
#19551 = PRESENTATION_STYLE_ASSIGNMENT((#19552));
#19552 = SURFACE_STYLE_USAGE(.BOTH.,#19553);
#19553 = SURFACE_SIDE_STYLE('',(#19554));
#19554 = SURFACE_STYLE_FILL_AREA(#19555);
#19555 = FILL_AREA_STYLE('',(#19556));
#19556 = FILL_AREA_STYLE_COLOUR('',#19535);
#19557 = STYLED_ITEM('color',(#19558),#9385);
#19558 = PRESENTATION_STYLE_ASSIGNMENT((#19559));
#19559 = SURFACE_STYLE_USAGE(.BOTH.,#19560);
#19560 = SURFACE_SIDE_STYLE('',(#19561));
#19561 = SURFACE_STYLE_FILL_AREA(#19562);
#19562 = FILL_AREA_STYLE('',(#19563));
#19563 = FILL_AREA_STYLE_COLOUR('',#18142);
#19564 = STYLED_ITEM('color',(#19565),#9417);
#19565 = PRESENTATION_STYLE_ASSIGNMENT((#19566));
#19566 = SURFACE_STYLE_USAGE(.BOTH.,#19567);
#19567 = SURFACE_SIDE_STYLE('',(#19568));
#19568 = SURFACE_STYLE_FILL_AREA(#19569);
#19569 = FILL_AREA_STYLE('',(#19570));
#19570 = FILL_AREA_STYLE_COLOUR('',#18142);
#19571 = STYLED_ITEM('color',(#19572),#9442);
#19572 = PRESENTATION_STYLE_ASSIGNMENT((#19573));
#19573 = SURFACE_STYLE_USAGE(.BOTH.,#19574);
#19574 = SURFACE_SIDE_STYLE('',(#19575));
#19575 = SURFACE_STYLE_FILL_AREA(#19576);
#19576 = FILL_AREA_STYLE('',(#19577));
#19577 = FILL_AREA_STYLE_COLOUR('',#19578);
#19578 = COLOUR_RGB('',0.883000012551,0.711000022565,0.492000011028);
#19579 = STYLED_ITEM('color',(#19580),#9457);
#19580 = PRESENTATION_STYLE_ASSIGNMENT((#19581));
#19581 = SURFACE_STYLE_USAGE(.BOTH.,#19582);
#19582 = SURFACE_SIDE_STYLE('',(#19583));
#19583 = SURFACE_STYLE_FILL_AREA(#19584);
#19584 = FILL_AREA_STYLE('',(#19585));
#19585 = FILL_AREA_STYLE_COLOUR('',#19578);
#19586 = STYLED_ITEM('color',(#19587),#9472);
#19587 = PRESENTATION_STYLE_ASSIGNMENT((#19588));
#19588 = SURFACE_STYLE_USAGE(.BOTH.,#19589);
#19589 = SURFACE_SIDE_STYLE('',(#19590));
#19590 = SURFACE_STYLE_FILL_AREA(#19591);
#19591 = FILL_AREA_STYLE('',(#19592));
#19592 = FILL_AREA_STYLE_COLOUR('',#18142);
#19593 = STYLED_ITEM('color',(#19594),#9504);
#19594 = PRESENTATION_STYLE_ASSIGNMENT((#19595));
#19595 = SURFACE_STYLE_USAGE(.BOTH.,#19596);
#19596 = SURFACE_SIDE_STYLE('',(#19597));
#19597 = SURFACE_STYLE_FILL_AREA(#19598);
#19598 = FILL_AREA_STYLE('',(#19599));
#19599 = FILL_AREA_STYLE_COLOUR('',#19535);
#19600 = STYLED_ITEM('color',(#19601),#9535);
#19601 = PRESENTATION_STYLE_ASSIGNMENT((#19602));
#19602 = SURFACE_STYLE_USAGE(.BOTH.,#19603);
#19603 = SURFACE_SIDE_STYLE('',(#19604));
#19604 = SURFACE_STYLE_FILL_AREA(#19605);
#19605 = FILL_AREA_STYLE('',(#19606));
#19606 = FILL_AREA_STYLE_COLOUR('',#19535);
#19607 = STYLED_ITEM('color',(#19608),#9559);
#19608 = PRESENTATION_STYLE_ASSIGNMENT((#19609));
#19609 = SURFACE_STYLE_USAGE(.BOTH.,#19610);
#19610 = SURFACE_SIDE_STYLE('',(#19611));
#19611 = SURFACE_STYLE_FILL_AREA(#19612);
#19612 = FILL_AREA_STYLE('',(#19613));
#19613 = FILL_AREA_STYLE_COLOUR('',#19535);
#19614 = STYLED_ITEM('color',(#19615),#9583);
#19615 = PRESENTATION_STYLE_ASSIGNMENT((#19616));
#19616 = SURFACE_STYLE_USAGE(.BOTH.,#19617);
#19617 = SURFACE_SIDE_STYLE('',(#19618));
#19618 = SURFACE_STYLE_FILL_AREA(#19619);
#19619 = FILL_AREA_STYLE('',(#19620));
#19620 = FILL_AREA_STYLE_COLOUR('',#19535);
#19621 = STYLED_ITEM('color',(#19622),#9600);
#19622 = PRESENTATION_STYLE_ASSIGNMENT((#19623));
#19623 = SURFACE_STYLE_USAGE(.BOTH.,#19624);
#19624 = SURFACE_SIDE_STYLE('',(#19625));
#19625 = SURFACE_STYLE_FILL_AREA(#19626);
#19626 = FILL_AREA_STYLE('',(#19627));
#19627 = FILL_AREA_STYLE_COLOUR('',#19535);
#19628 = STYLED_ITEM('color',(#19629),#9631);
#19629 = PRESENTATION_STYLE_ASSIGNMENT((#19630));
#19630 = SURFACE_STYLE_USAGE(.BOTH.,#19631);
#19631 = SURFACE_SIDE_STYLE('',(#19632));
#19632 = SURFACE_STYLE_FILL_AREA(#19633);
#19633 = FILL_AREA_STYLE('',(#19634));
#19634 = FILL_AREA_STYLE_COLOUR('',#19535);
#19635 = STYLED_ITEM('color',(#19636),#9655);
#19636 = PRESENTATION_STYLE_ASSIGNMENT((#19637));
#19637 = SURFACE_STYLE_USAGE(.BOTH.,#19638);
#19638 = SURFACE_SIDE_STYLE('',(#19639));
#19639 = SURFACE_STYLE_FILL_AREA(#19640);
#19640 = FILL_AREA_STYLE('',(#19641));
#19641 = FILL_AREA_STYLE_COLOUR('',#19535);
#19642 = STYLED_ITEM('color',(#19643),#9679);
#19643 = PRESENTATION_STYLE_ASSIGNMENT((#19644));
#19644 = SURFACE_STYLE_USAGE(.BOTH.,#19645);
#19645 = SURFACE_SIDE_STYLE('',(#19646));
#19646 = SURFACE_STYLE_FILL_AREA(#19647);
#19647 = FILL_AREA_STYLE('',(#19648));
#19648 = FILL_AREA_STYLE_COLOUR('',#19535);
#19649 = STYLED_ITEM('color',(#19650),#9696);
#19650 = PRESENTATION_STYLE_ASSIGNMENT((#19651));
#19651 = SURFACE_STYLE_USAGE(.BOTH.,#19652);
#19652 = SURFACE_SIDE_STYLE('',(#19653));
#19653 = SURFACE_STYLE_FILL_AREA(#19654);
#19654 = FILL_AREA_STYLE('',(#19655));
#19655 = FILL_AREA_STYLE_COLOUR('',#19535);
#19656 = STYLED_ITEM('color',(#19657),#9727);
#19657 = PRESENTATION_STYLE_ASSIGNMENT((#19658));
#19658 = SURFACE_STYLE_USAGE(.BOTH.,#19659);
#19659 = SURFACE_SIDE_STYLE('',(#19660));
#19660 = SURFACE_STYLE_FILL_AREA(#19661);
#19661 = FILL_AREA_STYLE('',(#19662));
#19662 = FILL_AREA_STYLE_COLOUR('',#19535);
#19663 = STYLED_ITEM('color',(#19664),#9751);
#19664 = PRESENTATION_STYLE_ASSIGNMENT((#19665));
#19665 = SURFACE_STYLE_USAGE(.BOTH.,#19666);
#19666 = SURFACE_SIDE_STYLE('',(#19667));
#19667 = SURFACE_STYLE_FILL_AREA(#19668);
#19668 = FILL_AREA_STYLE('',(#19669));
#19669 = FILL_AREA_STYLE_COLOUR('',#19535);
#19670 = STYLED_ITEM('color',(#19671),#9775);
#19671 = PRESENTATION_STYLE_ASSIGNMENT((#19672));
#19672 = SURFACE_STYLE_USAGE(.BOTH.,#19673);
#19673 = SURFACE_SIDE_STYLE('',(#19674));
#19674 = SURFACE_STYLE_FILL_AREA(#19675);
#19675 = FILL_AREA_STYLE('',(#19676));
#19676 = FILL_AREA_STYLE_COLOUR('',#19535);
#19677 = STYLED_ITEM('color',(#19678),#9792);
#19678 = PRESENTATION_STYLE_ASSIGNMENT((#19679));
#19679 = SURFACE_STYLE_USAGE(.BOTH.,#19680);
#19680 = SURFACE_SIDE_STYLE('',(#19681));
#19681 = SURFACE_STYLE_FILL_AREA(#19682);
#19682 = FILL_AREA_STYLE('',(#19683));
#19683 = FILL_AREA_STYLE_COLOUR('',#18142);
#19684 = STYLED_ITEM('color',(#19685),#9810);
#19685 = PRESENTATION_STYLE_ASSIGNMENT((#19686));
#19686 = SURFACE_STYLE_USAGE(.BOTH.,#19687);
#19687 = SURFACE_SIDE_STYLE('',(#19688));
#19688 = SURFACE_STYLE_FILL_AREA(#19689);
#19689 = FILL_AREA_STYLE('',(#19690));
#19690 = FILL_AREA_STYLE_COLOUR('',#18142);
#19691 = STYLED_ITEM('color',(#19692),#9834);
#19692 = PRESENTATION_STYLE_ASSIGNMENT((#19693));
#19693 = SURFACE_STYLE_USAGE(.BOTH.,#19694);
#19694 = SURFACE_SIDE_STYLE('',(#19695));
#19695 = SURFACE_STYLE_FILL_AREA(#19696);
#19696 = FILL_AREA_STYLE('',(#19697));
#19697 = FILL_AREA_STYLE_COLOUR('',#18142);
#19698 = STYLED_ITEM('color',(#19699),#9859);
#19699 = PRESENTATION_STYLE_ASSIGNMENT((#19700));
#19700 = SURFACE_STYLE_USAGE(.BOTH.,#19701);
#19701 = SURFACE_SIDE_STYLE('',(#19702));
#19702 = SURFACE_STYLE_FILL_AREA(#19703);
#19703 = FILL_AREA_STYLE('',(#19704));
#19704 = FILL_AREA_STYLE_COLOUR('',#18142);
#19705 = STYLED_ITEM('color',(#19706),#9890);
#19706 = PRESENTATION_STYLE_ASSIGNMENT((#19707));
#19707 = SURFACE_STYLE_USAGE(.BOTH.,#19708);
#19708 = SURFACE_SIDE_STYLE('',(#19709));
#19709 = SURFACE_STYLE_FILL_AREA(#19710);
#19710 = FILL_AREA_STYLE('',(#19711));
#19711 = FILL_AREA_STYLE_COLOUR('',#18142);
#19712 = STYLED_ITEM('color',(#19713),#9915);
#19713 = PRESENTATION_STYLE_ASSIGNMENT((#19714));
#19714 = SURFACE_STYLE_USAGE(.BOTH.,#19715);
#19715 = SURFACE_SIDE_STYLE('',(#19716));
#19716 = SURFACE_STYLE_FILL_AREA(#19717);
#19717 = FILL_AREA_STYLE('',(#19718));
#19718 = FILL_AREA_STYLE_COLOUR('',#18142);
#19719 = STYLED_ITEM('color',(#19720),#9939);
#19720 = PRESENTATION_STYLE_ASSIGNMENT((#19721));
#19721 = SURFACE_STYLE_USAGE(.BOTH.,#19722);
#19722 = SURFACE_SIDE_STYLE('',(#19723));
#19723 = SURFACE_STYLE_FILL_AREA(#19724);
#19724 = FILL_AREA_STYLE('',(#19725));
#19725 = FILL_AREA_STYLE_COLOUR('',#18142);
#19726 = STYLED_ITEM('color',(#19727),#9986);
#19727 = PRESENTATION_STYLE_ASSIGNMENT((#19728));
#19728 = SURFACE_STYLE_USAGE(.BOTH.,#19729);
#19729 = SURFACE_SIDE_STYLE('',(#19730));
#19730 = SURFACE_STYLE_FILL_AREA(#19731);
#19731 = FILL_AREA_STYLE('',(#19732));
#19732 = FILL_AREA_STYLE_COLOUR('',#18142);
#19733 = STYLED_ITEM('color',(#19734),#10011);
#19734 = PRESENTATION_STYLE_ASSIGNMENT((#19735));
#19735 = SURFACE_STYLE_USAGE(.BOTH.,#19736);
#19736 = SURFACE_SIDE_STYLE('',(#19737));
#19737 = SURFACE_STYLE_FILL_AREA(#19738);
#19738 = FILL_AREA_STYLE('',(#19739));
#19739 = FILL_AREA_STYLE_COLOUR('',#18142);
#19740 = STYLED_ITEM('color',(#19741),#10036);
#19741 = PRESENTATION_STYLE_ASSIGNMENT((#19742));
#19742 = SURFACE_STYLE_USAGE(.BOTH.,#19743);
#19743 = SURFACE_SIDE_STYLE('',(#19744));
#19744 = SURFACE_STYLE_FILL_AREA(#19745);
#19745 = FILL_AREA_STYLE('',(#19746));
#19746 = FILL_AREA_STYLE_COLOUR('',#18142);
#19747 = STYLED_ITEM('color',(#19748),#10067);
#19748 = PRESENTATION_STYLE_ASSIGNMENT((#19749));
#19749 = SURFACE_STYLE_USAGE(.BOTH.,#19750);
#19750 = SURFACE_SIDE_STYLE('',(#19751));
#19751 = SURFACE_STYLE_FILL_AREA(#19752);
#19752 = FILL_AREA_STYLE('',(#19753));
#19753 = FILL_AREA_STYLE_COLOUR('',#18142);
#19754 = STYLED_ITEM('color',(#19755),#10092);
#19755 = PRESENTATION_STYLE_ASSIGNMENT((#19756));
#19756 = SURFACE_STYLE_USAGE(.BOTH.,#19757);
#19757 = SURFACE_SIDE_STYLE('',(#19758));
#19758 = SURFACE_STYLE_FILL_AREA(#19759);
#19759 = FILL_AREA_STYLE('',(#19760));
#19760 = FILL_AREA_STYLE_COLOUR('',#18142);
#19761 = STYLED_ITEM('color',(#19762),#10117);
#19762 = PRESENTATION_STYLE_ASSIGNMENT((#19763));
#19763 = SURFACE_STYLE_USAGE(.BOTH.,#19764);
#19764 = SURFACE_SIDE_STYLE('',(#19765));
#19765 = SURFACE_STYLE_FILL_AREA(#19766);
#19766 = FILL_AREA_STYLE('',(#19767));
#19767 = FILL_AREA_STYLE_COLOUR('',#18142);
#19768 = STYLED_ITEM('color',(#19769),#10148);
#19769 = PRESENTATION_STYLE_ASSIGNMENT((#19770));
#19770 = SURFACE_STYLE_USAGE(.BOTH.,#19771);
#19771 = SURFACE_SIDE_STYLE('',(#19772));
#19772 = SURFACE_STYLE_FILL_AREA(#19773);
#19773 = FILL_AREA_STYLE('',(#19774));
#19774 = FILL_AREA_STYLE_COLOUR('',#19535);
#19775 = STYLED_ITEM('color',(#19776),#10160);
#19776 = PRESENTATION_STYLE_ASSIGNMENT((#19777));
#19777 = SURFACE_STYLE_USAGE(.BOTH.,#19778);
#19778 = SURFACE_SIDE_STYLE('',(#19779));
#19779 = SURFACE_STYLE_FILL_AREA(#19780);
#19780 = FILL_AREA_STYLE('',(#19781));
#19781 = FILL_AREA_STYLE_COLOUR('',#19578);
#19782 = STYLED_ITEM('color',(#19783),#10193);
#19783 = PRESENTATION_STYLE_ASSIGNMENT((#19784));
#19784 = SURFACE_STYLE_USAGE(.BOTH.,#19785);
#19785 = SURFACE_SIDE_STYLE('',(#19786));
#19786 = SURFACE_STYLE_FILL_AREA(#19787);
#19787 = FILL_AREA_STYLE('',(#19788));
#19788 = FILL_AREA_STYLE_COLOUR('',#19578);
#19789 = STYLED_ITEM('color',(#19790),#10218);
#19790 = PRESENTATION_STYLE_ASSIGNMENT((#19791));
#19791 = SURFACE_STYLE_USAGE(.BOTH.,#19792);
#19792 = SURFACE_SIDE_STYLE('',(#19793));
#19793 = SURFACE_STYLE_FILL_AREA(#19794);
#19794 = FILL_AREA_STYLE('',(#19795));
#19795 = FILL_AREA_STYLE_COLOUR('',#19578);
#19796 = STYLED_ITEM('color',(#19797),#10243);
#19797 = PRESENTATION_STYLE_ASSIGNMENT((#19798));
#19798 = SURFACE_STYLE_USAGE(.BOTH.,#19799);
#19799 = SURFACE_SIDE_STYLE('',(#19800));
#19800 = SURFACE_STYLE_FILL_AREA(#19801);
#19801 = FILL_AREA_STYLE('',(#19802));
#19802 = FILL_AREA_STYLE_COLOUR('',#19578);
#19803 = STYLED_ITEM('color',(#19804),#10269);
#19804 = PRESENTATION_STYLE_ASSIGNMENT((#19805));
#19805 = SURFACE_STYLE_USAGE(.BOTH.,#19806);
#19806 = SURFACE_SIDE_STYLE('',(#19807));
#19807 = SURFACE_STYLE_FILL_AREA(#19808);
#19808 = FILL_AREA_STYLE('',(#19809));
#19809 = FILL_AREA_STYLE_COLOUR('',#19578);
#19810 = STYLED_ITEM('color',(#19811),#10296);
#19811 = PRESENTATION_STYLE_ASSIGNMENT((#19812));
#19812 = SURFACE_STYLE_USAGE(.BOTH.,#19813);
#19813 = SURFACE_SIDE_STYLE('',(#19814));
#19814 = SURFACE_STYLE_FILL_AREA(#19815);
#19815 = FILL_AREA_STYLE('',(#19816));
#19816 = FILL_AREA_STYLE_COLOUR('',#19535);
#19817 = STYLED_ITEM('color',(#19818),#10308);
#19818 = PRESENTATION_STYLE_ASSIGNMENT((#19819));
#19819 = SURFACE_STYLE_USAGE(.BOTH.,#19820);
#19820 = SURFACE_SIDE_STYLE('',(#19821));
#19821 = SURFACE_STYLE_FILL_AREA(#19822);
#19822 = FILL_AREA_STYLE('',(#19823));
#19823 = FILL_AREA_STYLE_COLOUR('',#19535);
#19824 = STYLED_ITEM('color',(#19825),#10320);
#19825 = PRESENTATION_STYLE_ASSIGNMENT((#19826));
#19826 = SURFACE_STYLE_USAGE(.BOTH.,#19827);
#19827 = SURFACE_SIDE_STYLE('',(#19828));
#19828 = SURFACE_STYLE_FILL_AREA(#19829);
#19829 = FILL_AREA_STYLE('',(#19830));
#19830 = FILL_AREA_STYLE_COLOUR('',#19535);
#19831 = STYLED_ITEM('color',(#19832),#10332);
#19832 = PRESENTATION_STYLE_ASSIGNMENT((#19833));
#19833 = SURFACE_STYLE_USAGE(.BOTH.,#19834);
#19834 = SURFACE_SIDE_STYLE('',(#19835));
#19835 = SURFACE_STYLE_FILL_AREA(#19836);
#19836 = FILL_AREA_STYLE('',(#19837));
#19837 = FILL_AREA_STYLE_COLOUR('',#18142);
#19838 = STYLED_ITEM('color',(#19839),#10350);
#19839 = PRESENTATION_STYLE_ASSIGNMENT((#19840));
#19840 = SURFACE_STYLE_USAGE(.BOTH.,#19841);
#19841 = SURFACE_SIDE_STYLE('',(#19842));
#19842 = SURFACE_STYLE_FILL_AREA(#19843);
#19843 = FILL_AREA_STYLE('',(#19844));
#19844 = FILL_AREA_STYLE_COLOUR('',#19578);
#19845 = STYLED_ITEM('color',(#19846),#10406);
#19846 = PRESENTATION_STYLE_ASSIGNMENT((#19847));
#19847 = SURFACE_STYLE_USAGE(.BOTH.,#19848);
#19848 = SURFACE_SIDE_STYLE('',(#19849));
#19849 = SURFACE_STYLE_FILL_AREA(#19850);
#19850 = FILL_AREA_STYLE('',(#19851));
#19851 = FILL_AREA_STYLE_COLOUR('',#18142);
#19852 = STYLED_ITEM('color',(#19853),#10430);
#19853 = PRESENTATION_STYLE_ASSIGNMENT((#19854));
#19854 = SURFACE_STYLE_USAGE(.BOTH.,#19855);
#19855 = SURFACE_SIDE_STYLE('',(#19856));
#19856 = SURFACE_STYLE_FILL_AREA(#19857);
#19857 = FILL_AREA_STYLE('',(#19858));
#19858 = FILL_AREA_STYLE_COLOUR('',#18142);
#19859 = STYLED_ITEM('color',(#19860),#10447);
#19860 = PRESENTATION_STYLE_ASSIGNMENT((#19861));
#19861 = SURFACE_STYLE_USAGE(.BOTH.,#19862);
#19862 = SURFACE_SIDE_STYLE('',(#19863));
#19863 = SURFACE_STYLE_FILL_AREA(#19864);
#19864 = FILL_AREA_STYLE('',(#19865));
#19865 = FILL_AREA_STYLE_COLOUR('',#19578);
#19866 = STYLED_ITEM('color',(#19867),#10530);
#19867 = PRESENTATION_STYLE_ASSIGNMENT((#19868));
#19868 = SURFACE_STYLE_USAGE(.BOTH.,#19869);
#19869 = SURFACE_SIDE_STYLE('',(#19870));
#19870 = SURFACE_STYLE_FILL_AREA(#19871);
#19871 = FILL_AREA_STYLE('',(#19872));
#19872 = FILL_AREA_STYLE_COLOUR('',#18142);
#19873 = STYLED_ITEM('color',(#19874),#10547);
#19874 = PRESENTATION_STYLE_ASSIGNMENT((#19875));
#19875 = SURFACE_STYLE_USAGE(.BOTH.,#19876);
#19876 = SURFACE_SIDE_STYLE('',(#19877));
#19877 = SURFACE_STYLE_FILL_AREA(#19878);
#19878 = FILL_AREA_STYLE('',(#19879));
#19879 = FILL_AREA_STYLE_COLOUR('',#18142);
#19880 = STYLED_ITEM('color',(#19881),#10571);
#19881 = PRESENTATION_STYLE_ASSIGNMENT((#19882));
#19882 = SURFACE_STYLE_USAGE(.BOTH.,#19883);
#19883 = SURFACE_SIDE_STYLE('',(#19884));
#19884 = SURFACE_STYLE_FILL_AREA(#19885);
#19885 = FILL_AREA_STYLE('',(#19886));
#19886 = FILL_AREA_STYLE_COLOUR('',#19578);
#19887 = STYLED_ITEM('color',(#19888),#10595);
#19888 = PRESENTATION_STYLE_ASSIGNMENT((#19889));
#19889 = SURFACE_STYLE_USAGE(.BOTH.,#19890);
#19890 = SURFACE_SIDE_STYLE('',(#19891));
#19891 = SURFACE_STYLE_FILL_AREA(#19892);
#19892 = FILL_AREA_STYLE('',(#19893));
#19893 = FILL_AREA_STYLE_COLOUR('',#18142);
#19894 = STYLED_ITEM('color',(#19895),#10626);
#19895 = PRESENTATION_STYLE_ASSIGNMENT((#19896));
#19896 = SURFACE_STYLE_USAGE(.BOTH.,#19897);
#19897 = SURFACE_SIDE_STYLE('',(#19898));
#19898 = SURFACE_STYLE_FILL_AREA(#19899);
#19899 = FILL_AREA_STYLE('',(#19900));
#19900 = FILL_AREA_STYLE_COLOUR('',#19578);
#19901 = STYLED_ITEM('color',(#19902),#10699);
#19902 = PRESENTATION_STYLE_ASSIGNMENT((#19903));
#19903 = SURFACE_STYLE_USAGE(.BOTH.,#19904);
#19904 = SURFACE_SIDE_STYLE('',(#19905));
#19905 = SURFACE_STYLE_FILL_AREA(#19906);
#19906 = FILL_AREA_STYLE('',(#19907));
#19907 = FILL_AREA_STYLE_COLOUR('',#18142);
#19908 = STYLED_ITEM('color',(#19909),#10724);
#19909 = PRESENTATION_STYLE_ASSIGNMENT((#19910));
#19910 = SURFACE_STYLE_USAGE(.BOTH.,#19911);
#19911 = SURFACE_SIDE_STYLE('',(#19912));
#19912 = SURFACE_STYLE_FILL_AREA(#19913);
#19913 = FILL_AREA_STYLE('',(#19914));
#19914 = FILL_AREA_STYLE_COLOUR('',#18142);
#19915 = STYLED_ITEM('color',(#19916),#10748);
#19916 = PRESENTATION_STYLE_ASSIGNMENT((#19917));
#19917 = SURFACE_STYLE_USAGE(.BOTH.,#19918);
#19918 = SURFACE_SIDE_STYLE('',(#19919));
#19919 = SURFACE_STYLE_FILL_AREA(#19920);
#19920 = FILL_AREA_STYLE('',(#19921));
#19921 = FILL_AREA_STYLE_COLOUR('',#18142);
#19922 = STYLED_ITEM('color',(#19923),#10772);
#19923 = PRESENTATION_STYLE_ASSIGNMENT((#19924));
#19924 = SURFACE_STYLE_USAGE(.BOTH.,#19925);
#19925 = SURFACE_SIDE_STYLE('',(#19926));
#19926 = SURFACE_STYLE_FILL_AREA(#19927);
#19927 = FILL_AREA_STYLE('',(#19928));
#19928 = FILL_AREA_STYLE_COLOUR('',#18142);
#19929 = STYLED_ITEM('color',(#19930),#10796);
#19930 = PRESENTATION_STYLE_ASSIGNMENT((#19931));
#19931 = SURFACE_STYLE_USAGE(.BOTH.,#19932);
#19932 = SURFACE_SIDE_STYLE('',(#19933));
#19933 = SURFACE_STYLE_FILL_AREA(#19934);
#19934 = FILL_AREA_STYLE('',(#19935));
#19935 = FILL_AREA_STYLE_COLOUR('',#19578);
#19936 = STYLED_ITEM('color',(#19937),#10891);
#19937 = PRESENTATION_STYLE_ASSIGNMENT((#19938));
#19938 = SURFACE_STYLE_USAGE(.BOTH.,#19939);
#19939 = SURFACE_SIDE_STYLE('',(#19940));
#19940 = SURFACE_STYLE_FILL_AREA(#19941);
#19941 = FILL_AREA_STYLE('',(#19942));
#19942 = FILL_AREA_STYLE_COLOUR('',#18142);
#19943 = STYLED_ITEM('color',(#19944),#10908);
#19944 = PRESENTATION_STYLE_ASSIGNMENT((#19945));
#19945 = SURFACE_STYLE_USAGE(.BOTH.,#19946);
#19946 = SURFACE_SIDE_STYLE('',(#19947));
#19947 = SURFACE_STYLE_FILL_AREA(#19948);
#19948 = FILL_AREA_STYLE('',(#19949));
#19949 = FILL_AREA_STYLE_COLOUR('',#18142);
#19950 = STYLED_ITEM('color',(#19951),#10932);
#19951 = PRESENTATION_STYLE_ASSIGNMENT((#19952));
#19952 = SURFACE_STYLE_USAGE(.BOTH.,#19953);
#19953 = SURFACE_SIDE_STYLE('',(#19954));
#19954 = SURFACE_STYLE_FILL_AREA(#19955);
#19955 = FILL_AREA_STYLE('',(#19956));
#19956 = FILL_AREA_STYLE_COLOUR('',#19578);
#19957 = STYLED_ITEM('color',(#19958),#10963);
#19958 = PRESENTATION_STYLE_ASSIGNMENT((#19959));
#19959 = SURFACE_STYLE_USAGE(.BOTH.,#19960);
#19960 = SURFACE_SIDE_STYLE('',(#19961));
#19961 = SURFACE_STYLE_FILL_AREA(#19962);
#19962 = FILL_AREA_STYLE('',(#19963));
#19963 = FILL_AREA_STYLE_COLOUR('',#19578);
#19964 = STYLED_ITEM('color',(#19965),#10977);
#19965 = PRESENTATION_STYLE_ASSIGNMENT((#19966));
#19966 = SURFACE_STYLE_USAGE(.BOTH.,#19967);
#19967 = SURFACE_SIDE_STYLE('',(#19968));
#19968 = SURFACE_STYLE_FILL_AREA(#19969);
#19969 = FILL_AREA_STYLE('',(#19970));
#19970 = FILL_AREA_STYLE_COLOUR('',#19578);
#19971 = STYLED_ITEM('color',(#19972),#10988);
#19972 = PRESENTATION_STYLE_ASSIGNMENT((#19973));
#19973 = SURFACE_STYLE_USAGE(.BOTH.,#19974);
#19974 = SURFACE_SIDE_STYLE('',(#19975));
#19975 = SURFACE_STYLE_FILL_AREA(#19976);
#19976 = FILL_AREA_STYLE('',(#19977));
#19977 = FILL_AREA_STYLE_COLOUR('',#18142);
#19978 = STYLED_ITEM('color',(#19979),#11005);
#19979 = PRESENTATION_STYLE_ASSIGNMENT((#19980));
#19980 = SURFACE_STYLE_USAGE(.BOTH.,#19981);
#19981 = SURFACE_SIDE_STYLE('',(#19982));
#19982 = SURFACE_STYLE_FILL_AREA(#19983);
#19983 = FILL_AREA_STYLE('',(#19984));
#19984 = FILL_AREA_STYLE_COLOUR('',#18142);
#19985 = STYLED_ITEM('color',(#19986),#11063);
#19986 = PRESENTATION_STYLE_ASSIGNMENT((#19987));
#19987 = SURFACE_STYLE_USAGE(.BOTH.,#19988);
#19988 = SURFACE_SIDE_STYLE('',(#19989));
#19989 = SURFACE_STYLE_FILL_AREA(#19990);
#19990 = FILL_AREA_STYLE('',(#19991));
#19991 = FILL_AREA_STYLE_COLOUR('',#18142);
#19992 = STYLED_ITEM('color',(#19993),#11087);
#19993 = PRESENTATION_STYLE_ASSIGNMENT((#19994));
#19994 = SURFACE_STYLE_USAGE(.BOTH.,#19995);
#19995 = SURFACE_SIDE_STYLE('',(#19996));
#19996 = SURFACE_STYLE_FILL_AREA(#19997);
#19997 = FILL_AREA_STYLE('',(#19998));
#19998 = FILL_AREA_STYLE_COLOUR('',#18142);
#19999 = STYLED_ITEM('color',(#20000),#11138);
#20000 = PRESENTATION_STYLE_ASSIGNMENT((#20001));
#20001 = SURFACE_STYLE_USAGE(.BOTH.,#20002);
#20002 = SURFACE_SIDE_STYLE('',(#20003));
#20003 = SURFACE_STYLE_FILL_AREA(#20004);
#20004 = FILL_AREA_STYLE('',(#20005));
#20005 = FILL_AREA_STYLE_COLOUR('',#18142);
#20006 = STYLED_ITEM('color',(#20007),#11156);
#20007 = PRESENTATION_STYLE_ASSIGNMENT((#20008));
#20008 = SURFACE_STYLE_USAGE(.BOTH.,#20009);
#20009 = SURFACE_SIDE_STYLE('',(#20010));
#20010 = SURFACE_STYLE_FILL_AREA(#20011);
#20011 = FILL_AREA_STYLE('',(#20012));
#20012 = FILL_AREA_STYLE_COLOUR('',#19578);
#20013 = STYLED_ITEM('color',(#20014),#11180);
#20014 = PRESENTATION_STYLE_ASSIGNMENT((#20015));
#20015 = SURFACE_STYLE_USAGE(.BOTH.,#20016);
#20016 = SURFACE_SIDE_STYLE('',(#20017));
#20017 = SURFACE_STYLE_FILL_AREA(#20018);
#20018 = FILL_AREA_STYLE('',(#20019));
#20019 = FILL_AREA_STYLE_COLOUR('',#19578);
#20020 = STYLED_ITEM('color',(#20021),#11255);
#20021 = PRESENTATION_STYLE_ASSIGNMENT((#20022));
#20022 = SURFACE_STYLE_USAGE(.BOTH.,#20023);
#20023 = SURFACE_SIDE_STYLE('',(#20024));
#20024 = SURFACE_STYLE_FILL_AREA(#20025);
#20025 = FILL_AREA_STYLE('',(#20026));
#20026 = FILL_AREA_STYLE_COLOUR('',#19578);
#20027 = STYLED_ITEM('color',(#20028),#11272);
#20028 = PRESENTATION_STYLE_ASSIGNMENT((#20029));
#20029 = SURFACE_STYLE_USAGE(.BOTH.,#20030);
#20030 = SURFACE_SIDE_STYLE('',(#20031));
#20031 = SURFACE_STYLE_FILL_AREA(#20032);
#20032 = FILL_AREA_STYLE('',(#20033));
#20033 = FILL_AREA_STYLE_COLOUR('',#18142);
#20034 = STYLED_ITEM('color',(#20035),#11289);
#20035 = PRESENTATION_STYLE_ASSIGNMENT((#20036));
#20036 = SURFACE_STYLE_USAGE(.BOTH.,#20037);
#20037 = SURFACE_SIDE_STYLE('',(#20038));
#20038 = SURFACE_STYLE_FILL_AREA(#20039);
#20039 = FILL_AREA_STYLE('',(#20040));
#20040 = FILL_AREA_STYLE_COLOUR('',#18142);
#20041 = STYLED_ITEM('color',(#20042),#11307);
#20042 = PRESENTATION_STYLE_ASSIGNMENT((#20043));
#20043 = SURFACE_STYLE_USAGE(.BOTH.,#20044);
#20044 = SURFACE_SIDE_STYLE('',(#20045));
#20045 = SURFACE_STYLE_FILL_AREA(#20046);
#20046 = FILL_AREA_STYLE('',(#20047));
#20047 = FILL_AREA_STYLE_COLOUR('',#18142);
#20048 = STYLED_ITEM('color',(#20049),#11338);
#20049 = PRESENTATION_STYLE_ASSIGNMENT((#20050));
#20050 = SURFACE_STYLE_USAGE(.BOTH.,#20051);
#20051 = SURFACE_SIDE_STYLE('',(#20052));
#20052 = SURFACE_STYLE_FILL_AREA(#20053);
#20053 = FILL_AREA_STYLE('',(#20054));
#20054 = FILL_AREA_STYLE_COLOUR('',#19578);
#20055 = STYLED_ITEM('color',(#20056),#11394);
#20056 = PRESENTATION_STYLE_ASSIGNMENT((#20057));
#20057 = SURFACE_STYLE_USAGE(.BOTH.,#20058);
#20058 = SURFACE_SIDE_STYLE('',(#20059));
#20059 = SURFACE_STYLE_FILL_AREA(#20060);
#20060 = FILL_AREA_STYLE('',(#20061));
#20061 = FILL_AREA_STYLE_COLOUR('',#18142);
#20062 = STYLED_ITEM('color',(#20063),#11411);
#20063 = PRESENTATION_STYLE_ASSIGNMENT((#20064));
#20064 = SURFACE_STYLE_USAGE(.BOTH.,#20065);
#20065 = SURFACE_SIDE_STYLE('',(#20066));
#20066 = SURFACE_STYLE_FILL_AREA(#20067);
#20067 = FILL_AREA_STYLE('',(#20068));
#20068 = FILL_AREA_STYLE_COLOUR('',#19578);
#20069 = STYLED_ITEM('color',(#20070),#11437);
#20070 = PRESENTATION_STYLE_ASSIGNMENT((#20071));
#20071 = SURFACE_STYLE_USAGE(.BOTH.,#20072);
#20072 = SURFACE_SIDE_STYLE('',(#20073));
#20073 = SURFACE_STYLE_FILL_AREA(#20074);
#20074 = FILL_AREA_STYLE('',(#20075));
#20075 = FILL_AREA_STYLE_COLOUR('',#19578);
#20076 = STYLED_ITEM('color',(#20077),#11462);
#20077 = PRESENTATION_STYLE_ASSIGNMENT((#20078));
#20078 = SURFACE_STYLE_USAGE(.BOTH.,#20079);
#20079 = SURFACE_SIDE_STYLE('',(#20080));
#20080 = SURFACE_STYLE_FILL_AREA(#20081);
#20081 = FILL_AREA_STYLE('',(#20082));
#20082 = FILL_AREA_STYLE_COLOUR('',#19578);
#20083 = STYLED_ITEM('color',(#20084),#11488);
#20084 = PRESENTATION_STYLE_ASSIGNMENT((#20085));
#20085 = SURFACE_STYLE_USAGE(.BOTH.,#20086);
#20086 = SURFACE_SIDE_STYLE('',(#20087));
#20087 = SURFACE_STYLE_FILL_AREA(#20088);
#20088 = FILL_AREA_STYLE('',(#20089));
#20089 = FILL_AREA_STYLE_COLOUR('',#19578);
#20090 = STYLED_ITEM('color',(#20091),#11578);
#20091 = PRESENTATION_STYLE_ASSIGNMENT((#20092));
#20092 = SURFACE_STYLE_USAGE(.BOTH.,#20093);
#20093 = SURFACE_SIDE_STYLE('',(#20094));
#20094 = SURFACE_STYLE_FILL_AREA(#20095);
#20095 = FILL_AREA_STYLE('',(#20096));
#20096 = FILL_AREA_STYLE_COLOUR('',#19578);
#20097 = STYLED_ITEM('color',(#20098),#11595);
#20098 = PRESENTATION_STYLE_ASSIGNMENT((#20099));
#20099 = SURFACE_STYLE_USAGE(.BOTH.,#20100);
#20100 = SURFACE_SIDE_STYLE('',(#20101));
#20101 = SURFACE_STYLE_FILL_AREA(#20102);
#20102 = FILL_AREA_STYLE('',(#20103));
#20103 = FILL_AREA_STYLE_COLOUR('',#18142);
#20104 = STYLED_ITEM('color',(#20105),#11612);
#20105 = PRESENTATION_STYLE_ASSIGNMENT((#20106));
#20106 = SURFACE_STYLE_USAGE(.BOTH.,#20107);
#20107 = SURFACE_SIDE_STYLE('',(#20108));
#20108 = SURFACE_STYLE_FILL_AREA(#20109);
#20109 = FILL_AREA_STYLE('',(#20110));
#20110 = FILL_AREA_STYLE_COLOUR('',#18142);
#20111 = STYLED_ITEM('color',(#20112),#11643);
#20112 = PRESENTATION_STYLE_ASSIGNMENT((#20113));
#20113 = SURFACE_STYLE_USAGE(.BOTH.,#20114);
#20114 = SURFACE_SIDE_STYLE('',(#20115));
#20115 = SURFACE_STYLE_FILL_AREA(#20116);
#20116 = FILL_AREA_STYLE('',(#20117));
#20117 = FILL_AREA_STYLE_COLOUR('',#18142);
#20118 = STYLED_ITEM('color',(#20119),#11661);
#20119 = PRESENTATION_STYLE_ASSIGNMENT((#20120));
#20120 = SURFACE_STYLE_USAGE(.BOTH.,#20121);
#20121 = SURFACE_SIDE_STYLE('',(#20122));
#20122 = SURFACE_STYLE_FILL_AREA(#20123);
#20123 = FILL_AREA_STYLE('',(#20124));
#20124 = FILL_AREA_STYLE_COLOUR('',#18142);
#20125 = STYLED_ITEM('color',(#20126),#11678);
#20126 = PRESENTATION_STYLE_ASSIGNMENT((#20127));
#20127 = SURFACE_STYLE_USAGE(.BOTH.,#20128);
#20128 = SURFACE_SIDE_STYLE('',(#20129));
#20129 = SURFACE_STYLE_FILL_AREA(#20130);
#20130 = FILL_AREA_STYLE('',(#20131));
#20131 = FILL_AREA_STYLE_COLOUR('',#18142);
#20132 = STYLED_ITEM('color',(#20133),#11736);
#20133 = PRESENTATION_STYLE_ASSIGNMENT((#20134));
#20134 = SURFACE_STYLE_USAGE(.BOTH.,#20135);
#20135 = SURFACE_SIDE_STYLE('',(#20136));
#20136 = SURFACE_STYLE_FILL_AREA(#20137);
#20137 = FILL_AREA_STYLE('',(#20138));
#20138 = FILL_AREA_STYLE_COLOUR('',#18142);
#20139 = STYLED_ITEM('color',(#20140),#11760);
#20140 = PRESENTATION_STYLE_ASSIGNMENT((#20141));
#20141 = SURFACE_STYLE_USAGE(.BOTH.,#20142);
#20142 = SURFACE_SIDE_STYLE('',(#20143));
#20143 = SURFACE_STYLE_FILL_AREA(#20144);
#20144 = FILL_AREA_STYLE('',(#20145));
#20145 = FILL_AREA_STYLE_COLOUR('',#18142);
#20146 = STYLED_ITEM('color',(#20147),#11811);
#20147 = PRESENTATION_STYLE_ASSIGNMENT((#20148));
#20148 = SURFACE_STYLE_USAGE(.BOTH.,#20149);
#20149 = SURFACE_SIDE_STYLE('',(#20150));
#20150 = SURFACE_STYLE_FILL_AREA(#20151);
#20151 = FILL_AREA_STYLE('',(#20152));
#20152 = FILL_AREA_STYLE_COLOUR('',#18142);
#20153 = STYLED_ITEM('color',(#20154),#11869);
#20154 = PRESENTATION_STYLE_ASSIGNMENT((#20155));
#20155 = SURFACE_STYLE_USAGE(.BOTH.,#20156);
#20156 = SURFACE_SIDE_STYLE('',(#20157));
#20157 = SURFACE_STYLE_FILL_AREA(#20158);
#20158 = FILL_AREA_STYLE('',(#20159));
#20159 = FILL_AREA_STYLE_COLOUR('',#18142);
#20160 = STYLED_ITEM('color',(#20161),#11927);
#20161 = PRESENTATION_STYLE_ASSIGNMENT((#20162));
#20162 = SURFACE_STYLE_USAGE(.BOTH.,#20163);
#20163 = SURFACE_SIDE_STYLE('',(#20164));
#20164 = SURFACE_STYLE_FILL_AREA(#20165);
#20165 = FILL_AREA_STYLE('',(#20166));
#20166 = FILL_AREA_STYLE_COLOUR('',#18142);
#20167 = STYLED_ITEM('color',(#20168),#11944);
#20168 = PRESENTATION_STYLE_ASSIGNMENT((#20169));
#20169 = SURFACE_STYLE_USAGE(.BOTH.,#20170);
#20170 = SURFACE_SIDE_STYLE('',(#20171));
#20171 = SURFACE_STYLE_FILL_AREA(#20172);
#20172 = FILL_AREA_STYLE('',(#20173));
#20173 = FILL_AREA_STYLE_COLOUR('',#18142);
#20174 = STYLED_ITEM('color',(#20175),#11975);
#20175 = PRESENTATION_STYLE_ASSIGNMENT((#20176));
#20176 = SURFACE_STYLE_USAGE(.BOTH.,#20177);
#20177 = SURFACE_SIDE_STYLE('',(#20178));
#20178 = SURFACE_STYLE_FILL_AREA(#20179);
#20179 = FILL_AREA_STYLE('',(#20180));
#20180 = FILL_AREA_STYLE_COLOUR('',#19578);
#20181 = STYLED_ITEM('color',(#20182),#12038);
#20182 = PRESENTATION_STYLE_ASSIGNMENT((#20183));
#20183 = SURFACE_STYLE_USAGE(.BOTH.,#20184);
#20184 = SURFACE_SIDE_STYLE('',(#20185));
#20185 = SURFACE_STYLE_FILL_AREA(#20186);
#20186 = FILL_AREA_STYLE('',(#20187));
#20187 = FILL_AREA_STYLE_COLOUR('',#18142);
#20188 = STYLED_ITEM('color',(#20189),#12050);
#20189 = PRESENTATION_STYLE_ASSIGNMENT((#20190));
#20190 = SURFACE_STYLE_USAGE(.BOTH.,#20191);
#20191 = SURFACE_SIDE_STYLE('',(#20192));
#20192 = SURFACE_STYLE_FILL_AREA(#20193);
#20193 = FILL_AREA_STYLE('',(#20194));
#20194 = FILL_AREA_STYLE_COLOUR('',#18142);
#20195 = STYLED_ITEM('color',(#20196),#12072);
#20196 = PRESENTATION_STYLE_ASSIGNMENT((#20197));
#20197 = SURFACE_STYLE_USAGE(.BOTH.,#20198);
#20198 = SURFACE_SIDE_STYLE('',(#20199));
#20199 = SURFACE_STYLE_FILL_AREA(#20200);
#20200 = FILL_AREA_STYLE('',(#20201));
#20201 = FILL_AREA_STYLE_COLOUR('',#18142);
#20202 = STYLED_ITEM('color',(#20203),#12089);
#20203 = PRESENTATION_STYLE_ASSIGNMENT((#20204));
#20204 = SURFACE_STYLE_USAGE(.BOTH.,#20205);
#20205 = SURFACE_SIDE_STYLE('',(#20206));
#20206 = SURFACE_STYLE_FILL_AREA(#20207);
#20207 = FILL_AREA_STYLE('',(#20208));
#20208 = FILL_AREA_STYLE_COLOUR('',#18142);
#20209 = STYLED_ITEM('color',(#20210),#12101);
#20210 = PRESENTATION_STYLE_ASSIGNMENT((#20211));
#20211 = SURFACE_STYLE_USAGE(.BOTH.,#20212);
#20212 = SURFACE_SIDE_STYLE('',(#20213));
#20213 = SURFACE_STYLE_FILL_AREA(#20214);
#20214 = FILL_AREA_STYLE('',(#20215));
#20215 = FILL_AREA_STYLE_COLOUR('',#18142);
#20216 = STYLED_ITEM('color',(#20217),#12113);
#20217 = PRESENTATION_STYLE_ASSIGNMENT((#20218));
#20218 = SURFACE_STYLE_USAGE(.BOTH.,#20219);
#20219 = SURFACE_SIDE_STYLE('',(#20220));
#20220 = SURFACE_STYLE_FILL_AREA(#20221);
#20221 = FILL_AREA_STYLE('',(#20222));
#20222 = FILL_AREA_STYLE_COLOUR('',#19578);
#20223 = STYLED_ITEM('color',(#20224),#12147);
#20224 = PRESENTATION_STYLE_ASSIGNMENT((#20225));
#20225 = SURFACE_STYLE_USAGE(.BOTH.,#20226);
#20226 = SURFACE_SIDE_STYLE('',(#20227));
#20227 = SURFACE_STYLE_FILL_AREA(#20228);
#20228 = FILL_AREA_STYLE('',(#20229));
#20229 = FILL_AREA_STYLE_COLOUR('',#19578);
#20230 = STYLED_ITEM('color',(#20231),#12172);
#20231 = PRESENTATION_STYLE_ASSIGNMENT((#20232));
#20232 = SURFACE_STYLE_USAGE(.BOTH.,#20233);
#20233 = SURFACE_SIDE_STYLE('',(#20234));
#20234 = SURFACE_STYLE_FILL_AREA(#20235);
#20235 = FILL_AREA_STYLE('',(#20236));
#20236 = FILL_AREA_STYLE_COLOUR('',#19578);
#20237 = STYLED_ITEM('color',(#20238),#12198);
#20238 = PRESENTATION_STYLE_ASSIGNMENT((#20239));
#20239 = SURFACE_STYLE_USAGE(.BOTH.,#20240);
#20240 = SURFACE_SIDE_STYLE('',(#20241));
#20241 = SURFACE_STYLE_FILL_AREA(#20242);
#20242 = FILL_AREA_STYLE('',(#20243));
#20243 = FILL_AREA_STYLE_COLOUR('',#19578);
#20244 = STYLED_ITEM('color',(#20245),#12215);
#20245 = PRESENTATION_STYLE_ASSIGNMENT((#20246));
#20246 = SURFACE_STYLE_USAGE(.BOTH.,#20247);
#20247 = SURFACE_SIDE_STYLE('',(#20248));
#20248 = SURFACE_STYLE_FILL_AREA(#20249);
#20249 = FILL_AREA_STYLE('',(#20250));
#20250 = FILL_AREA_STYLE_COLOUR('',#18142);
#20251 = STYLED_ITEM('color',(#20252),#12227);
#20252 = PRESENTATION_STYLE_ASSIGNMENT((#20253));
#20253 = SURFACE_STYLE_USAGE(.BOTH.,#20254);
#20254 = SURFACE_SIDE_STYLE('',(#20255));
#20255 = SURFACE_STYLE_FILL_AREA(#20256);
#20256 = FILL_AREA_STYLE('',(#20257));
#20257 = FILL_AREA_STYLE_COLOUR('',#18142);
#20258 = STYLED_ITEM('color',(#20259),#12251);
#20259 = PRESENTATION_STYLE_ASSIGNMENT((#20260));
#20260 = SURFACE_STYLE_USAGE(.BOTH.,#20261);
#20261 = SURFACE_SIDE_STYLE('',(#20262));
#20262 = SURFACE_STYLE_FILL_AREA(#20263);
#20263 = FILL_AREA_STYLE('',(#20264));
#20264 = FILL_AREA_STYLE_COLOUR('',#18142);
#20265 = STYLED_ITEM('color',(#20266),#12268);
#20266 = PRESENTATION_STYLE_ASSIGNMENT((#20267));
#20267 = SURFACE_STYLE_USAGE(.BOTH.,#20268);
#20268 = SURFACE_SIDE_STYLE('',(#20269));
#20269 = SURFACE_STYLE_FILL_AREA(#20270);
#20270 = FILL_AREA_STYLE('',(#20271));
#20271 = FILL_AREA_STYLE_COLOUR('',#19578);
#20272 = STYLED_ITEM('color',(#20273),#12297);
#20273 = PRESENTATION_STYLE_ASSIGNMENT((#20274));
#20274 = SURFACE_STYLE_USAGE(.BOTH.,#20275);
#20275 = SURFACE_SIDE_STYLE('',(#20276));
#20276 = SURFACE_STYLE_FILL_AREA(#20277);
#20277 = FILL_AREA_STYLE('',(#20278));
#20278 = FILL_AREA_STYLE_COLOUR('',#18142);
#20279 = STYLED_ITEM('color',(#20280),#12309);
#20280 = PRESENTATION_STYLE_ASSIGNMENT((#20281));
#20281 = SURFACE_STYLE_USAGE(.BOTH.,#20282);
#20282 = SURFACE_SIDE_STYLE('',(#20283));
#20283 = SURFACE_STYLE_FILL_AREA(#20284);
#20284 = FILL_AREA_STYLE('',(#20285));
#20285 = FILL_AREA_STYLE_COLOUR('',#19578);
#20286 = STYLED_ITEM('color',(#20287),#12351);
#20287 = PRESENTATION_STYLE_ASSIGNMENT((#20288));
#20288 = SURFACE_STYLE_USAGE(.BOTH.,#20289);
#20289 = SURFACE_SIDE_STYLE('',(#20290));
#20290 = SURFACE_STYLE_FILL_AREA(#20291);
#20291 = FILL_AREA_STYLE('',(#20292));
#20292 = FILL_AREA_STYLE_COLOUR('',#19578);
#20293 = STYLED_ITEM('color',(#20294),#12368);
#20294 = PRESENTATION_STYLE_ASSIGNMENT((#20295));
#20295 = SURFACE_STYLE_USAGE(.BOTH.,#20296);
#20296 = SURFACE_SIDE_STYLE('',(#20297));
#20297 = SURFACE_STYLE_FILL_AREA(#20298);
#20298 = FILL_AREA_STYLE('',(#20299));
#20299 = FILL_AREA_STYLE_COLOUR('',#19578);
#20300 = STYLED_ITEM('color',(#20301),#12385);
#20301 = PRESENTATION_STYLE_ASSIGNMENT((#20302));
#20302 = SURFACE_STYLE_USAGE(.BOTH.,#20303);
#20303 = SURFACE_SIDE_STYLE('',(#20304));
#20304 = SURFACE_STYLE_FILL_AREA(#20305);
#20305 = FILL_AREA_STYLE('',(#20306));
#20306 = FILL_AREA_STYLE_COLOUR('',#19578);
#20307 = STYLED_ITEM('color',(#20308),#12402);
#20308 = PRESENTATION_STYLE_ASSIGNMENT((#20309));
#20309 = SURFACE_STYLE_USAGE(.BOTH.,#20310);
#20310 = SURFACE_SIDE_STYLE('',(#20311));
#20311 = SURFACE_STYLE_FILL_AREA(#20312);
#20312 = FILL_AREA_STYLE('',(#20313));
#20313 = FILL_AREA_STYLE_COLOUR('',#19578);
#20314 = STYLED_ITEM('color',(#20315),#12414);
#20315 = PRESENTATION_STYLE_ASSIGNMENT((#20316));
#20316 = SURFACE_STYLE_USAGE(.BOTH.,#20317);
#20317 = SURFACE_SIDE_STYLE('',(#20318));
#20318 = SURFACE_STYLE_FILL_AREA(#20319);
#20319 = FILL_AREA_STYLE('',(#20320));
#20320 = FILL_AREA_STYLE_COLOUR('',#18142);
#20321 = STYLED_ITEM('color',(#20322),#12431);
#20322 = PRESENTATION_STYLE_ASSIGNMENT((#20323));
#20323 = SURFACE_STYLE_USAGE(.BOTH.,#20324);
#20324 = SURFACE_SIDE_STYLE('',(#20325));
#20325 = SURFACE_STYLE_FILL_AREA(#20326);
#20326 = FILL_AREA_STYLE('',(#20327));
#20327 = FILL_AREA_STYLE_COLOUR('',#18142);
#20328 = STYLED_ITEM('color',(#20329),#12448);
#20329 = PRESENTATION_STYLE_ASSIGNMENT((#20330));
#20330 = SURFACE_STYLE_USAGE(.BOTH.,#20331);
#20331 = SURFACE_SIDE_STYLE('',(#20332));
#20332 = SURFACE_STYLE_FILL_AREA(#20333);
#20333 = FILL_AREA_STYLE('',(#20334));
#20334 = FILL_AREA_STYLE_COLOUR('',#18142);
#20335 = STYLED_ITEM('color',(#20336),#12472);
#20336 = PRESENTATION_STYLE_ASSIGNMENT((#20337));
#20337 = SURFACE_STYLE_USAGE(.BOTH.,#20338);
#20338 = SURFACE_SIDE_STYLE('',(#20339));
#20339 = SURFACE_STYLE_FILL_AREA(#20340);
#20340 = FILL_AREA_STYLE('',(#20341));
#20341 = FILL_AREA_STYLE_COLOUR('',#18142);
#20342 = STYLED_ITEM('color',(#20343),#12489);
#20343 = PRESENTATION_STYLE_ASSIGNMENT((#20344));
#20344 = SURFACE_STYLE_USAGE(.BOTH.,#20345);
#20345 = SURFACE_SIDE_STYLE('',(#20346));
#20346 = SURFACE_STYLE_FILL_AREA(#20347);
#20347 = FILL_AREA_STYLE('',(#20348));
#20348 = FILL_AREA_STYLE_COLOUR('',#18142);
#20349 = STYLED_ITEM('color',(#20350),#12501);
#20350 = PRESENTATION_STYLE_ASSIGNMENT((#20351));
#20351 = SURFACE_STYLE_USAGE(.BOTH.,#20352);
#20352 = SURFACE_SIDE_STYLE('',(#20353));
#20353 = SURFACE_STYLE_FILL_AREA(#20354);
#20354 = FILL_AREA_STYLE('',(#20355));
#20355 = FILL_AREA_STYLE_COLOUR('',#18142);
#20356 = STYLED_ITEM('color',(#20357),#12518);
#20357 = PRESENTATION_STYLE_ASSIGNMENT((#20358));
#20358 = SURFACE_STYLE_USAGE(.BOTH.,#20359);
#20359 = SURFACE_SIDE_STYLE('',(#20360));
#20360 = SURFACE_STYLE_FILL_AREA(#20361);
#20361 = FILL_AREA_STYLE('',(#20362));
#20362 = FILL_AREA_STYLE_COLOUR('',#18142);
#20363 = STYLED_ITEM('color',(#20364),#12535);
#20364 = PRESENTATION_STYLE_ASSIGNMENT((#20365));
#20365 = SURFACE_STYLE_USAGE(.BOTH.,#20366);
#20366 = SURFACE_SIDE_STYLE('',(#20367));
#20367 = SURFACE_STYLE_FILL_AREA(#20368);
#20368 = FILL_AREA_STYLE('',(#20369));
#20369 = FILL_AREA_STYLE_COLOUR('',#18142);
#20370 = STYLED_ITEM('color',(#20371),#12552);
#20371 = PRESENTATION_STYLE_ASSIGNMENT((#20372));
#20372 = SURFACE_STYLE_USAGE(.BOTH.,#20373);
#20373 = SURFACE_SIDE_STYLE('',(#20374));
#20374 = SURFACE_STYLE_FILL_AREA(#20375);
#20375 = FILL_AREA_STYLE('',(#20376));
#20376 = FILL_AREA_STYLE_COLOUR('',#18142);
#20377 = STYLED_ITEM('color',(#20378),#12564);
#20378 = PRESENTATION_STYLE_ASSIGNMENT((#20379));
#20379 = SURFACE_STYLE_USAGE(.BOTH.,#20380);
#20380 = SURFACE_SIDE_STYLE('',(#20381));
#20381 = SURFACE_STYLE_FILL_AREA(#20382);
#20382 = FILL_AREA_STYLE('',(#20383));
#20383 = FILL_AREA_STYLE_COLOUR('',#18142);
#20384 = STYLED_ITEM('color',(#20385),#12581);
#20385 = PRESENTATION_STYLE_ASSIGNMENT((#20386));
#20386 = SURFACE_STYLE_USAGE(.BOTH.,#20387);
#20387 = SURFACE_SIDE_STYLE('',(#20388));
#20388 = SURFACE_STYLE_FILL_AREA(#20389);
#20389 = FILL_AREA_STYLE('',(#20390));
#20390 = FILL_AREA_STYLE_COLOUR('',#18142);
#20391 = STYLED_ITEM('color',(#20392),#12598);
#20392 = PRESENTATION_STYLE_ASSIGNMENT((#20393));
#20393 = SURFACE_STYLE_USAGE(.BOTH.,#20394);
#20394 = SURFACE_SIDE_STYLE('',(#20395));
#20395 = SURFACE_STYLE_FILL_AREA(#20396);
#20396 = FILL_AREA_STYLE('',(#20397));
#20397 = FILL_AREA_STYLE_COLOUR('',#18142);
#20398 = STYLED_ITEM('color',(#20399),#12615);
#20399 = PRESENTATION_STYLE_ASSIGNMENT((#20400));
#20400 = SURFACE_STYLE_USAGE(.BOTH.,#20401);
#20401 = SURFACE_SIDE_STYLE('',(#20402));
#20402 = SURFACE_STYLE_FILL_AREA(#20403);
#20403 = FILL_AREA_STYLE('',(#20404));
#20404 = FILL_AREA_STYLE_COLOUR('',#18142);
#20405 = STYLED_ITEM('color',(#20406),#12627);
#20406 = PRESENTATION_STYLE_ASSIGNMENT((#20407));
#20407 = SURFACE_STYLE_USAGE(.BOTH.,#20408);
#20408 = SURFACE_SIDE_STYLE('',(#20409));
#20409 = SURFACE_STYLE_FILL_AREA(#20410);
#20410 = FILL_AREA_STYLE('',(#20411));
#20411 = FILL_AREA_STYLE_COLOUR('',#18142);
#20412 = STYLED_ITEM('color',(#20413),#12651);
#20413 = PRESENTATION_STYLE_ASSIGNMENT((#20414));
#20414 = SURFACE_STYLE_USAGE(.BOTH.,#20415);
#20415 = SURFACE_SIDE_STYLE('',(#20416));
#20416 = SURFACE_STYLE_FILL_AREA(#20417);
#20417 = FILL_AREA_STYLE('',(#20418));
#20418 = FILL_AREA_STYLE_COLOUR('',#18142);
#20419 = STYLED_ITEM('color',(#20420),#12668);
#20420 = PRESENTATION_STYLE_ASSIGNMENT((#20421));
#20421 = SURFACE_STYLE_USAGE(.BOTH.,#20422);
#20422 = SURFACE_SIDE_STYLE('',(#20423));
#20423 = SURFACE_STYLE_FILL_AREA(#20424);
#20424 = FILL_AREA_STYLE('',(#20425));
#20425 = FILL_AREA_STYLE_COLOUR('',#19578);
#20426 = STYLED_ITEM('color',(#20427),#12697);
#20427 = PRESENTATION_STYLE_ASSIGNMENT((#20428));
#20428 = SURFACE_STYLE_USAGE(.BOTH.,#20429);
#20429 = SURFACE_SIDE_STYLE('',(#20430));
#20430 = SURFACE_STYLE_FILL_AREA(#20431);
#20431 = FILL_AREA_STYLE('',(#20432));
#20432 = FILL_AREA_STYLE_COLOUR('',#19578);
#20433 = STYLED_ITEM('color',(#20434),#12739);
#20434 = PRESENTATION_STYLE_ASSIGNMENT((#20435));
#20435 = SURFACE_STYLE_USAGE(.BOTH.,#20436);
#20436 = SURFACE_SIDE_STYLE('',(#20437));
#20437 = SURFACE_STYLE_FILL_AREA(#20438);
#20438 = FILL_AREA_STYLE('',(#20439));
#20439 = FILL_AREA_STYLE_COLOUR('',#18142);
#20440 = STYLED_ITEM('color',(#20441),#12751);
#20441 = PRESENTATION_STYLE_ASSIGNMENT((#20442));
#20442 = SURFACE_STYLE_USAGE(.BOTH.,#20443);
#20443 = SURFACE_SIDE_STYLE('',(#20444));
#20444 = SURFACE_STYLE_FILL_AREA(#20445);
#20445 = FILL_AREA_STYLE('',(#20446));
#20446 = FILL_AREA_STYLE_COLOUR('',#19578);
#20447 = STYLED_ITEM('color',(#20448),#12773);
#20448 = PRESENTATION_STYLE_ASSIGNMENT((#20449));
#20449 = SURFACE_STYLE_USAGE(.BOTH.,#20450);
#20450 = SURFACE_SIDE_STYLE('',(#20451));
#20451 = SURFACE_STYLE_FILL_AREA(#20452);
#20452 = FILL_AREA_STYLE('',(#20453));
#20453 = FILL_AREA_STYLE_COLOUR('',#18142);
#20454 = STYLED_ITEM('color',(#20455),#12785);
#20455 = PRESENTATION_STYLE_ASSIGNMENT((#20456));
#20456 = SURFACE_STYLE_USAGE(.BOTH.,#20457);
#20457 = SURFACE_SIDE_STYLE('',(#20458));
#20458 = SURFACE_STYLE_FILL_AREA(#20459);
#20459 = FILL_AREA_STYLE('',(#20460));
#20460 = FILL_AREA_STYLE_COLOUR('',#19578);
#20461 = STYLED_ITEM('color',(#20462),#12802);
#20462 = PRESENTATION_STYLE_ASSIGNMENT((#20463));
#20463 = SURFACE_STYLE_USAGE(.BOTH.,#20464);
#20464 = SURFACE_SIDE_STYLE('',(#20465));
#20465 = SURFACE_STYLE_FILL_AREA(#20466);
#20466 = FILL_AREA_STYLE('',(#20467));
#20467 = FILL_AREA_STYLE_COLOUR('',#19578);
#20468 = STYLED_ITEM('color',(#20469),#12819);
#20469 = PRESENTATION_STYLE_ASSIGNMENT((#20470));
#20470 = SURFACE_STYLE_USAGE(.BOTH.,#20471);
#20471 = SURFACE_SIDE_STYLE('',(#20472));
#20472 = SURFACE_STYLE_FILL_AREA(#20473);
#20473 = FILL_AREA_STYLE('',(#20474));
#20474 = FILL_AREA_STYLE_COLOUR('',#19578);
#20475 = MECHANICAL_DESIGN_GEOMETRIC_PRESENTATION_REPRESENTATION('',(
    #20476),#17420);
#20476 = STYLED_ITEM('color',(#20477),#16818);
#20477 = PRESENTATION_STYLE_ASSIGNMENT((#20478));
#20478 = SURFACE_STYLE_USAGE(.BOTH.,#20479);
#20479 = SURFACE_SIDE_STYLE('',(#20480));
#20480 = SURFACE_STYLE_FILL_AREA(#20481);
#20481 = FILL_AREA_STYLE('',(#20482));
#20482 = FILL_AREA_STYLE_COLOUR('',#20483);
#20483 = COLOUR_RGB('',0.313304153717,0.484529207832,0.410020903123);
#20484 = MECHANICAL_DESIGN_GEOMETRIC_PRESENTATION_REPRESENTATION('',(
    #20485,#20492,#20499,#20506,#20513,#20520,#20527,#20534,#20541,
    #20548,#20555,#20562,#20569,#20576,#20583,#20590,#20597,#20604,
    #20611,#20618,#20625,#20632,#20639,#20646,#20653,#20660,#20667,
    #20674,#20681,#20688,#20695,#20702,#20709,#20716,#20723,#20730,
    #20737,#20744,#20751,#20758,#20765,#20772,#20779,#20786,#20793,
    #20800,#20807,#20814,#20821,#20828,#20835,#20842,#20849,#20856,
    #20863,#20870,#20877,#20884,#20891,#20898,#20905,#20912,#20919,
    #20926,#20933,#20940,#20947,#20954,#20961,#20968,#20975,#20982,
    #20989,#20996,#21003,#21010),#8601);
#20485 = STYLED_ITEM('color',(#20486),#6529);
#20486 = PRESENTATION_STYLE_ASSIGNMENT((#20487));
#20487 = SURFACE_STYLE_USAGE(.BOTH.,#20488);
#20488 = SURFACE_SIDE_STYLE('',(#20489));
#20489 = SURFACE_STYLE_FILL_AREA(#20490);
#20490 = FILL_AREA_STYLE('',(#20491));
#20491 = FILL_AREA_STYLE_COLOUR('',#18377);
#20492 = STYLED_ITEM('color',(#20493),#6567);
#20493 = PRESENTATION_STYLE_ASSIGNMENT((#20494));
#20494 = SURFACE_STYLE_USAGE(.BOTH.,#20495);
#20495 = SURFACE_SIDE_STYLE('',(#20496));
#20496 = SURFACE_STYLE_FILL_AREA(#20497);
#20497 = FILL_AREA_STYLE('',(#20498));
#20498 = FILL_AREA_STYLE_COLOUR('',#18377);
#20499 = STYLED_ITEM('color',(#20500),#6630);
#20500 = PRESENTATION_STYLE_ASSIGNMENT((#20501));
#20501 = SURFACE_STYLE_USAGE(.BOTH.,#20502);
#20502 = SURFACE_SIDE_STYLE('',(#20503));
#20503 = SURFACE_STYLE_FILL_AREA(#20504);
#20504 = FILL_AREA_STYLE('',(#20505));
#20505 = FILL_AREA_STYLE_COLOUR('',#18377);
#20506 = STYLED_ITEM('color',(#20507),#6653);
#20507 = PRESENTATION_STYLE_ASSIGNMENT((#20508));
#20508 = SURFACE_STYLE_USAGE(.BOTH.,#20509);
#20509 = SURFACE_SIDE_STYLE('',(#20510));
#20510 = SURFACE_STYLE_FILL_AREA(#20511);
#20511 = FILL_AREA_STYLE('',(#20512));
#20512 = FILL_AREA_STYLE_COLOUR('',#18377);
#20513 = STYLED_ITEM('color',(#20514),#6682);
#20514 = PRESENTATION_STYLE_ASSIGNMENT((#20515));
#20515 = SURFACE_STYLE_USAGE(.BOTH.,#20516);
#20516 = SURFACE_SIDE_STYLE('',(#20517));
#20517 = SURFACE_STYLE_FILL_AREA(#20518);
#20518 = FILL_AREA_STYLE('',(#20519));
#20519 = FILL_AREA_STYLE_COLOUR('',#18377);
#20520 = STYLED_ITEM('color',(#20521),#6705);
#20521 = PRESENTATION_STYLE_ASSIGNMENT((#20522));
#20522 = SURFACE_STYLE_USAGE(.BOTH.,#20523);
#20523 = SURFACE_SIDE_STYLE('',(#20524));
#20524 = SURFACE_STYLE_FILL_AREA(#20525);
#20525 = FILL_AREA_STYLE('',(#20526));
#20526 = FILL_AREA_STYLE_COLOUR('',#18377);
#20527 = STYLED_ITEM('color',(#20528),#6744);
#20528 = PRESENTATION_STYLE_ASSIGNMENT((#20529));
#20529 = SURFACE_STYLE_USAGE(.BOTH.,#20530);
#20530 = SURFACE_SIDE_STYLE('',(#20531));
#20531 = SURFACE_STYLE_FILL_AREA(#20532);
#20532 = FILL_AREA_STYLE('',(#20533));
#20533 = FILL_AREA_STYLE_COLOUR('',#18377);
#20534 = STYLED_ITEM('color',(#20535),#6767);
#20535 = PRESENTATION_STYLE_ASSIGNMENT((#20536));
#20536 = SURFACE_STYLE_USAGE(.BOTH.,#20537);
#20537 = SURFACE_SIDE_STYLE('',(#20538));
#20538 = SURFACE_STYLE_FILL_AREA(#20539);
#20539 = FILL_AREA_STYLE('',(#20540));
#20540 = FILL_AREA_STYLE_COLOUR('',#18377);
#20541 = STYLED_ITEM('color',(#20542),#6790);
#20542 = PRESENTATION_STYLE_ASSIGNMENT((#20543));
#20543 = SURFACE_STYLE_USAGE(.BOTH.,#20544);
#20544 = SURFACE_SIDE_STYLE('',(#20545));
#20545 = SURFACE_STYLE_FILL_AREA(#20546);
#20546 = FILL_AREA_STYLE('',(#20547));
#20547 = FILL_AREA_STYLE_COLOUR('',#18377);
#20548 = STYLED_ITEM('color',(#20549),#6813);
#20549 = PRESENTATION_STYLE_ASSIGNMENT((#20550));
#20550 = SURFACE_STYLE_USAGE(.BOTH.,#20551);
#20551 = SURFACE_SIDE_STYLE('',(#20552));
#20552 = SURFACE_STYLE_FILL_AREA(#20553);
#20553 = FILL_AREA_STYLE('',(#20554));
#20554 = FILL_AREA_STYLE_COLOUR('',#18377);
#20555 = STYLED_ITEM('color',(#20556),#6862);
#20556 = PRESENTATION_STYLE_ASSIGNMENT((#20557));
#20557 = SURFACE_STYLE_USAGE(.BOTH.,#20558);
#20558 = SURFACE_SIDE_STYLE('',(#20559));
#20559 = SURFACE_STYLE_FILL_AREA(#20560);
#20560 = FILL_AREA_STYLE('',(#20561));
#20561 = FILL_AREA_STYLE_COLOUR('',#18377);
#20562 = STYLED_ITEM('color',(#20563),#6885);
#20563 = PRESENTATION_STYLE_ASSIGNMENT((#20564));
#20564 = SURFACE_STYLE_USAGE(.BOTH.,#20565);
#20565 = SURFACE_SIDE_STYLE('',(#20566));
#20566 = SURFACE_STYLE_FILL_AREA(#20567);
#20567 = FILL_AREA_STYLE('',(#20568));
#20568 = FILL_AREA_STYLE_COLOUR('',#18377);
#20569 = STYLED_ITEM('color',(#20570),#6914);
#20570 = PRESENTATION_STYLE_ASSIGNMENT((#20571));
#20571 = SURFACE_STYLE_USAGE(.BOTH.,#20572);
#20572 = SURFACE_SIDE_STYLE('',(#20573));
#20573 = SURFACE_STYLE_FILL_AREA(#20574);
#20574 = FILL_AREA_STYLE('',(#20575));
#20575 = FILL_AREA_STYLE_COLOUR('',#18377);
#20576 = STYLED_ITEM('color',(#20577),#6937);
#20577 = PRESENTATION_STYLE_ASSIGNMENT((#20578));
#20578 = SURFACE_STYLE_USAGE(.BOTH.,#20579);
#20579 = SURFACE_SIDE_STYLE('',(#20580));
#20580 = SURFACE_STYLE_FILL_AREA(#20581);
#20581 = FILL_AREA_STYLE('',(#20582));
#20582 = FILL_AREA_STYLE_COLOUR('',#18377);
#20583 = STYLED_ITEM('color',(#20584),#6961);
#20584 = PRESENTATION_STYLE_ASSIGNMENT((#20585));
#20585 = SURFACE_STYLE_USAGE(.BOTH.,#20586);
#20586 = SURFACE_SIDE_STYLE('',(#20587));
#20587 = SURFACE_STYLE_FILL_AREA(#20588);
#20588 = FILL_AREA_STYLE('',(#20589));
#20589 = FILL_AREA_STYLE_COLOUR('',#18377);
#20590 = STYLED_ITEM('color',(#20591),#6991);
#20591 = PRESENTATION_STYLE_ASSIGNMENT((#20592));
#20592 = SURFACE_STYLE_USAGE(.BOTH.,#20593);
#20593 = SURFACE_SIDE_STYLE('',(#20594));
#20594 = SURFACE_STYLE_FILL_AREA(#20595);
#20595 = FILL_AREA_STYLE('',(#20596));
#20596 = FILL_AREA_STYLE_COLOUR('',#18341);
#20597 = STYLED_ITEM('color',(#20598),#7024);
#20598 = PRESENTATION_STYLE_ASSIGNMENT((#20599));
#20599 = SURFACE_STYLE_USAGE(.BOTH.,#20600);
#20600 = SURFACE_SIDE_STYLE('',(#20601));
#20601 = SURFACE_STYLE_FILL_AREA(#20602);
#20602 = FILL_AREA_STYLE('',(#20603));
#20603 = FILL_AREA_STYLE_COLOUR('',#18377);
#20604 = STYLED_ITEM('color',(#20605),#7047);
#20605 = PRESENTATION_STYLE_ASSIGNMENT((#20606));
#20606 = SURFACE_STYLE_USAGE(.BOTH.,#20607);
#20607 = SURFACE_SIDE_STYLE('',(#20608));
#20608 = SURFACE_STYLE_FILL_AREA(#20609);
#20609 = FILL_AREA_STYLE('',(#20610));
#20610 = FILL_AREA_STYLE_COLOUR('',#18377);
#20611 = STYLED_ITEM('color',(#20612),#7070);
#20612 = PRESENTATION_STYLE_ASSIGNMENT((#20613));
#20613 = SURFACE_STYLE_USAGE(.BOTH.,#20614);
#20614 = SURFACE_SIDE_STYLE('',(#20615));
#20615 = SURFACE_STYLE_FILL_AREA(#20616);
#20616 = FILL_AREA_STYLE('',(#20617));
#20617 = FILL_AREA_STYLE_COLOUR('',#18377);
#20618 = STYLED_ITEM('color',(#20619),#7093);
#20619 = PRESENTATION_STYLE_ASSIGNMENT((#20620));
#20620 = SURFACE_STYLE_USAGE(.BOTH.,#20621);
#20621 = SURFACE_SIDE_STYLE('',(#20622));
#20622 = SURFACE_STYLE_FILL_AREA(#20623);
#20623 = FILL_AREA_STYLE('',(#20624));
#20624 = FILL_AREA_STYLE_COLOUR('',#18377);
#20625 = STYLED_ITEM('color',(#20626),#7117);
#20626 = PRESENTATION_STYLE_ASSIGNMENT((#20627));
#20627 = SURFACE_STYLE_USAGE(.BOTH.,#20628);
#20628 = SURFACE_SIDE_STYLE('',(#20629));
#20629 = SURFACE_STYLE_FILL_AREA(#20630);
#20630 = FILL_AREA_STYLE('',(#20631));
#20631 = FILL_AREA_STYLE_COLOUR('',#18377);
#20632 = STYLED_ITEM('color',(#20633),#7141);
#20633 = PRESENTATION_STYLE_ASSIGNMENT((#20634));
#20634 = SURFACE_STYLE_USAGE(.BOTH.,#20635);
#20635 = SURFACE_SIDE_STYLE('',(#20636));
#20636 = SURFACE_STYLE_FILL_AREA(#20637);
#20637 = FILL_AREA_STYLE('',(#20638));
#20638 = FILL_AREA_STYLE_COLOUR('',#18341);
#20639 = STYLED_ITEM('color',(#20640),#7174);
#20640 = PRESENTATION_STYLE_ASSIGNMENT((#20641));
#20641 = SURFACE_STYLE_USAGE(.BOTH.,#20642);
#20642 = SURFACE_SIDE_STYLE('',(#20643));
#20643 = SURFACE_STYLE_FILL_AREA(#20644);
#20644 = FILL_AREA_STYLE('',(#20645));
#20645 = FILL_AREA_STYLE_COLOUR('',#18341);
#20646 = STYLED_ITEM('color',(#20647),#7207);
#20647 = PRESENTATION_STYLE_ASSIGNMENT((#20648));
#20648 = SURFACE_STYLE_USAGE(.BOTH.,#20649);
#20649 = SURFACE_SIDE_STYLE('',(#20650));
#20650 = SURFACE_STYLE_FILL_AREA(#20651);
#20651 = FILL_AREA_STYLE('',(#20652));
#20652 = FILL_AREA_STYLE_COLOUR('',#18377);
#20653 = STYLED_ITEM('color',(#20654),#7238);
#20654 = PRESENTATION_STYLE_ASSIGNMENT((#20655));
#20655 = SURFACE_STYLE_USAGE(.BOTH.,#20656);
#20656 = SURFACE_SIDE_STYLE('',(#20657));
#20657 = SURFACE_STYLE_FILL_AREA(#20658);
#20658 = FILL_AREA_STYLE('',(#20659));
#20659 = FILL_AREA_STYLE_COLOUR('',#18377);
#20660 = STYLED_ITEM('color',(#20661),#7261);
#20661 = PRESENTATION_STYLE_ASSIGNMENT((#20662));
#20662 = SURFACE_STYLE_USAGE(.BOTH.,#20663);
#20663 = SURFACE_SIDE_STYLE('',(#20664));
#20664 = SURFACE_STYLE_FILL_AREA(#20665);
#20665 = FILL_AREA_STYLE('',(#20666));
#20666 = FILL_AREA_STYLE_COLOUR('',#18377);
#20667 = STYLED_ITEM('color',(#20668),#7290);
#20668 = PRESENTATION_STYLE_ASSIGNMENT((#20669));
#20669 = SURFACE_STYLE_USAGE(.BOTH.,#20670);
#20670 = SURFACE_SIDE_STYLE('',(#20671));
#20671 = SURFACE_STYLE_FILL_AREA(#20672);
#20672 = FILL_AREA_STYLE('',(#20673));
#20673 = FILL_AREA_STYLE_COLOUR('',#18377);
#20674 = STYLED_ITEM('color',(#20675),#7313);
#20675 = PRESENTATION_STYLE_ASSIGNMENT((#20676));
#20676 = SURFACE_STYLE_USAGE(.BOTH.,#20677);
#20677 = SURFACE_SIDE_STYLE('',(#20678));
#20678 = SURFACE_STYLE_FILL_AREA(#20679);
#20679 = FILL_AREA_STYLE('',(#20680));
#20680 = FILL_AREA_STYLE_COLOUR('',#18377);
#20681 = STYLED_ITEM('color',(#20682),#7337);
#20682 = PRESENTATION_STYLE_ASSIGNMENT((#20683));
#20683 = SURFACE_STYLE_USAGE(.BOTH.,#20684);
#20684 = SURFACE_SIDE_STYLE('',(#20685));
#20685 = SURFACE_STYLE_FILL_AREA(#20686);
#20686 = FILL_AREA_STYLE('',(#20687));
#20687 = FILL_AREA_STYLE_COLOUR('',#18341);
#20688 = STYLED_ITEM('color',(#20689),#7412);
#20689 = PRESENTATION_STYLE_ASSIGNMENT((#20690));
#20690 = SURFACE_STYLE_USAGE(.BOTH.,#20691);
#20691 = SURFACE_SIDE_STYLE('',(#20692));
#20692 = SURFACE_STYLE_FILL_AREA(#20693);
#20693 = FILL_AREA_STYLE('',(#20694));
#20694 = FILL_AREA_STYLE_COLOUR('',#18341);
#20695 = STYLED_ITEM('color',(#20696),#7487);
#20696 = PRESENTATION_STYLE_ASSIGNMENT((#20697));
#20697 = SURFACE_STYLE_USAGE(.BOTH.,#20698);
#20698 = SURFACE_SIDE_STYLE('',(#20699));
#20699 = SURFACE_STYLE_FILL_AREA(#20700);
#20700 = FILL_AREA_STYLE('',(#20701));
#20701 = FILL_AREA_STYLE_COLOUR('',#18377);
#20702 = STYLED_ITEM('color',(#20703),#7517);
#20703 = PRESENTATION_STYLE_ASSIGNMENT((#20704));
#20704 = SURFACE_STYLE_USAGE(.BOTH.,#20705);
#20705 = SURFACE_SIDE_STYLE('',(#20706));
#20706 = SURFACE_STYLE_FILL_AREA(#20707);
#20707 = FILL_AREA_STYLE('',(#20708));
#20708 = FILL_AREA_STYLE_COLOUR('',#18341);
#20709 = STYLED_ITEM('color',(#20710),#7534);
#20710 = PRESENTATION_STYLE_ASSIGNMENT((#20711));
#20711 = SURFACE_STYLE_USAGE(.BOTH.,#20712);
#20712 = SURFACE_SIDE_STYLE('',(#20713));
#20713 = SURFACE_STYLE_FILL_AREA(#20714);
#20714 = FILL_AREA_STYLE('',(#20715));
#20715 = FILL_AREA_STYLE_COLOUR('',#18377);
#20716 = STYLED_ITEM('color',(#20717),#7557);
#20717 = PRESENTATION_STYLE_ASSIGNMENT((#20718));
#20718 = SURFACE_STYLE_USAGE(.BOTH.,#20719);
#20719 = SURFACE_SIDE_STYLE('',(#20720));
#20720 = SURFACE_STYLE_FILL_AREA(#20721);
#20721 = FILL_AREA_STYLE('',(#20722));
#20722 = FILL_AREA_STYLE_COLOUR('',#18377);
#20723 = STYLED_ITEM('color',(#20724),#7580);
#20724 = PRESENTATION_STYLE_ASSIGNMENT((#20725));
#20725 = SURFACE_STYLE_USAGE(.BOTH.,#20726);
#20726 = SURFACE_SIDE_STYLE('',(#20727));
#20727 = SURFACE_STYLE_FILL_AREA(#20728);
#20728 = FILL_AREA_STYLE('',(#20729));
#20729 = FILL_AREA_STYLE_COLOUR('',#18377);
#20730 = STYLED_ITEM('color',(#20731),#7603);
#20731 = PRESENTATION_STYLE_ASSIGNMENT((#20732));
#20732 = SURFACE_STYLE_USAGE(.BOTH.,#20733);
#20733 = SURFACE_SIDE_STYLE('',(#20734));
#20734 = SURFACE_STYLE_FILL_AREA(#20735);
#20735 = FILL_AREA_STYLE('',(#20736));
#20736 = FILL_AREA_STYLE_COLOUR('',#18377);
#20737 = STYLED_ITEM('color',(#20738),#7627);
#20738 = PRESENTATION_STYLE_ASSIGNMENT((#20739));
#20739 = SURFACE_STYLE_USAGE(.BOTH.,#20740);
#20740 = SURFACE_SIDE_STYLE('',(#20741));
#20741 = SURFACE_STYLE_FILL_AREA(#20742);
#20742 = FILL_AREA_STYLE('',(#20743));
#20743 = FILL_AREA_STYLE_COLOUR('',#18341);
#20744 = STYLED_ITEM('color',(#20745),#7702);
#20745 = PRESENTATION_STYLE_ASSIGNMENT((#20746));
#20746 = SURFACE_STYLE_USAGE(.BOTH.,#20747);
#20747 = SURFACE_SIDE_STYLE('',(#20748));
#20748 = SURFACE_STYLE_FILL_AREA(#20749);
#20749 = FILL_AREA_STYLE('',(#20750));
#20750 = FILL_AREA_STYLE_COLOUR('',#18341);
#20751 = STYLED_ITEM('color',(#20752),#7777);
#20752 = PRESENTATION_STYLE_ASSIGNMENT((#20753));
#20753 = SURFACE_STYLE_USAGE(.BOTH.,#20754);
#20754 = SURFACE_SIDE_STYLE('',(#20755));
#20755 = SURFACE_STYLE_FILL_AREA(#20756);
#20756 = FILL_AREA_STYLE('',(#20757));
#20757 = FILL_AREA_STYLE_COLOUR('',#18377);
#20758 = STYLED_ITEM('color',(#20759),#7801);
#20759 = PRESENTATION_STYLE_ASSIGNMENT((#20760));
#20760 = SURFACE_STYLE_USAGE(.BOTH.,#20761);
#20761 = SURFACE_SIDE_STYLE('',(#20762));
#20762 = SURFACE_STYLE_FILL_AREA(#20763);
#20763 = FILL_AREA_STYLE('',(#20764));
#20764 = FILL_AREA_STYLE_COLOUR('',#18341);
#20765 = STYLED_ITEM('color',(#20766),#7876);
#20766 = PRESENTATION_STYLE_ASSIGNMENT((#20767));
#20767 = SURFACE_STYLE_USAGE(.BOTH.,#20768);
#20768 = SURFACE_SIDE_STYLE('',(#20769));
#20769 = SURFACE_STYLE_FILL_AREA(#20770);
#20770 = FILL_AREA_STYLE('',(#20771));
#20771 = FILL_AREA_STYLE_COLOUR('',#18341);
#20772 = STYLED_ITEM('color',(#20773),#7893);
#20773 = PRESENTATION_STYLE_ASSIGNMENT((#20774));
#20774 = SURFACE_STYLE_USAGE(.BOTH.,#20775);
#20775 = SURFACE_SIDE_STYLE('',(#20776));
#20776 = SURFACE_STYLE_FILL_AREA(#20777);
#20777 = FILL_AREA_STYLE('',(#20778));
#20778 = FILL_AREA_STYLE_COLOUR('',#18341);
#20779 = STYLED_ITEM('color',(#20780),#7968);
#20780 = PRESENTATION_STYLE_ASSIGNMENT((#20781));
#20781 = SURFACE_STYLE_USAGE(.BOTH.,#20782);
#20782 = SURFACE_SIDE_STYLE('',(#20783));
#20783 = SURFACE_STYLE_FILL_AREA(#20784);
#20784 = FILL_AREA_STYLE('',(#20785));
#20785 = FILL_AREA_STYLE_COLOUR('',#18341);
#20786 = STYLED_ITEM('color',(#20787),#7985);
#20787 = PRESENTATION_STYLE_ASSIGNMENT((#20788));
#20788 = SURFACE_STYLE_USAGE(.BOTH.,#20789);
#20789 = SURFACE_SIDE_STYLE('',(#20790));
#20790 = SURFACE_STYLE_FILL_AREA(#20791);
#20791 = FILL_AREA_STYLE('',(#20792));
#20792 = FILL_AREA_STYLE_COLOUR('',#18377);
#20793 = STYLED_ITEM('color',(#20794),#8016);
#20794 = PRESENTATION_STYLE_ASSIGNMENT((#20795));
#20795 = SURFACE_STYLE_USAGE(.BOTH.,#20796);
#20796 = SURFACE_SIDE_STYLE('',(#20797));
#20797 = SURFACE_STYLE_FILL_AREA(#20798);
#20798 = FILL_AREA_STYLE('',(#20799));
#20799 = FILL_AREA_STYLE_COLOUR('',#18377);
#20800 = STYLED_ITEM('color',(#20801),#8039);
#20801 = PRESENTATION_STYLE_ASSIGNMENT((#20802));
#20802 = SURFACE_STYLE_USAGE(.BOTH.,#20803);
#20803 = SURFACE_SIDE_STYLE('',(#20804));
#20804 = SURFACE_STYLE_FILL_AREA(#20805);
#20805 = FILL_AREA_STYLE('',(#20806));
#20806 = FILL_AREA_STYLE_COLOUR('',#18377);
#20807 = STYLED_ITEM('color',(#20808),#8095);
#20808 = PRESENTATION_STYLE_ASSIGNMENT((#20809));
#20809 = SURFACE_STYLE_USAGE(.BOTH.,#20810);
#20810 = SURFACE_SIDE_STYLE('',(#20811));
#20811 = SURFACE_STYLE_FILL_AREA(#20812);
#20812 = FILL_AREA_STYLE('',(#20813));
#20813 = FILL_AREA_STYLE_COLOUR('',#18377);
#20814 = STYLED_ITEM('color',(#20815),#8111);
#20815 = PRESENTATION_STYLE_ASSIGNMENT((#20816));
#20816 = SURFACE_STYLE_USAGE(.BOTH.,#20817);
#20817 = SURFACE_SIDE_STYLE('',(#20818));
#20818 = SURFACE_STYLE_FILL_AREA(#20819);
#20819 = FILL_AREA_STYLE('',(#20820));
#20820 = FILL_AREA_STYLE_COLOUR('',#18377);
#20821 = STYLED_ITEM('color',(#20822),#8134);
#20822 = PRESENTATION_STYLE_ASSIGNMENT((#20823));
#20823 = SURFACE_STYLE_USAGE(.BOTH.,#20824);
#20824 = SURFACE_SIDE_STYLE('',(#20825));
#20825 = SURFACE_STYLE_FILL_AREA(#20826);
#20826 = FILL_AREA_STYLE('',(#20827));
#20827 = FILL_AREA_STYLE_COLOUR('',#18341);
#20828 = STYLED_ITEM('color',(#20829),#8151);
#20829 = PRESENTATION_STYLE_ASSIGNMENT((#20830));
#20830 = SURFACE_STYLE_USAGE(.BOTH.,#20831);
#20831 = SURFACE_SIDE_STYLE('',(#20832));
#20832 = SURFACE_STYLE_FILL_AREA(#20833);
#20833 = FILL_AREA_STYLE('',(#20834));
#20834 = FILL_AREA_STYLE_COLOUR('',#18341);
#20835 = STYLED_ITEM('color',(#20836),#8168);
#20836 = PRESENTATION_STYLE_ASSIGNMENT((#20837));
#20837 = SURFACE_STYLE_USAGE(.BOTH.,#20838);
#20838 = SURFACE_SIDE_STYLE('',(#20839));
#20839 = SURFACE_STYLE_FILL_AREA(#20840);
#20840 = FILL_AREA_STYLE('',(#20841));
#20841 = FILL_AREA_STYLE_COLOUR('',#18341);
#20842 = STYLED_ITEM('color',(#20843),#8185);
#20843 = PRESENTATION_STYLE_ASSIGNMENT((#20844));
#20844 = SURFACE_STYLE_USAGE(.BOTH.,#20845);
#20845 = SURFACE_SIDE_STYLE('',(#20846));
#20846 = SURFACE_STYLE_FILL_AREA(#20847);
#20847 = FILL_AREA_STYLE('',(#20848));
#20848 = FILL_AREA_STYLE_COLOUR('',#18341);
#20849 = STYLED_ITEM('color',(#20850),#8202);
#20850 = PRESENTATION_STYLE_ASSIGNMENT((#20851));
#20851 = SURFACE_STYLE_USAGE(.BOTH.,#20852);
#20852 = SURFACE_SIDE_STYLE('',(#20853));
#20853 = SURFACE_STYLE_FILL_AREA(#20854);
#20854 = FILL_AREA_STYLE('',(#20855));
#20855 = FILL_AREA_STYLE_COLOUR('',#18341);
#20856 = STYLED_ITEM('color',(#20857),#8219);
#20857 = PRESENTATION_STYLE_ASSIGNMENT((#20858));
#20858 = SURFACE_STYLE_USAGE(.BOTH.,#20859);
#20859 = SURFACE_SIDE_STYLE('',(#20860));
#20860 = SURFACE_STYLE_FILL_AREA(#20861);
#20861 = FILL_AREA_STYLE('',(#20862));
#20862 = FILL_AREA_STYLE_COLOUR('',#18341);
#20863 = STYLED_ITEM('color',(#20864),#8236);
#20864 = PRESENTATION_STYLE_ASSIGNMENT((#20865));
#20865 = SURFACE_STYLE_USAGE(.BOTH.,#20866);
#20866 = SURFACE_SIDE_STYLE('',(#20867));
#20867 = SURFACE_STYLE_FILL_AREA(#20868);
#20868 = FILL_AREA_STYLE('',(#20869));
#20869 = FILL_AREA_STYLE_COLOUR('',#18341);
#20870 = STYLED_ITEM('color',(#20871),#8253);
#20871 = PRESENTATION_STYLE_ASSIGNMENT((#20872));
#20872 = SURFACE_STYLE_USAGE(.BOTH.,#20873);
#20873 = SURFACE_SIDE_STYLE('',(#20874));
#20874 = SURFACE_STYLE_FILL_AREA(#20875);
#20875 = FILL_AREA_STYLE('',(#20876));
#20876 = FILL_AREA_STYLE_COLOUR('',#18341);
#20877 = STYLED_ITEM('color',(#20878),#8265);
#20878 = PRESENTATION_STYLE_ASSIGNMENT((#20879));
#20879 = SURFACE_STYLE_USAGE(.BOTH.,#20880);
#20880 = SURFACE_SIDE_STYLE('',(#20881));
#20881 = SURFACE_STYLE_FILL_AREA(#20882);
#20882 = FILL_AREA_STYLE('',(#20883));
#20883 = FILL_AREA_STYLE_COLOUR('',#18377);
#20884 = STYLED_ITEM('color',(#20885),#8281);
#20885 = PRESENTATION_STYLE_ASSIGNMENT((#20886));
#20886 = SURFACE_STYLE_USAGE(.BOTH.,#20887);
#20887 = SURFACE_SIDE_STYLE('',(#20888));
#20888 = SURFACE_STYLE_FILL_AREA(#20889);
#20889 = FILL_AREA_STYLE('',(#20890));
#20890 = FILL_AREA_STYLE_COLOUR('',#18377);
#20891 = STYLED_ITEM('color',(#20892),#8297);
#20892 = PRESENTATION_STYLE_ASSIGNMENT((#20893));
#20893 = SURFACE_STYLE_USAGE(.BOTH.,#20894);
#20894 = SURFACE_SIDE_STYLE('',(#20895));
#20895 = SURFACE_STYLE_FILL_AREA(#20896);
#20896 = FILL_AREA_STYLE('',(#20897));
#20897 = FILL_AREA_STYLE_COLOUR('',#18377);
#20898 = STYLED_ITEM('color',(#20899),#8313);
#20899 = PRESENTATION_STYLE_ASSIGNMENT((#20900));
#20900 = SURFACE_STYLE_USAGE(.BOTH.,#20901);
#20901 = SURFACE_SIDE_STYLE('',(#20902));
#20902 = SURFACE_STYLE_FILL_AREA(#20903);
#20903 = FILL_AREA_STYLE('',(#20904));
#20904 = FILL_AREA_STYLE_COLOUR('',#18377);
#20905 = STYLED_ITEM('color',(#20906),#8339);
#20906 = PRESENTATION_STYLE_ASSIGNMENT((#20907));
#20907 = SURFACE_STYLE_USAGE(.BOTH.,#20908);
#20908 = SURFACE_SIDE_STYLE('',(#20909));
#20909 = SURFACE_STYLE_FILL_AREA(#20910);
#20910 = FILL_AREA_STYLE('',(#20911));
#20911 = FILL_AREA_STYLE_COLOUR('',#18341);
#20912 = STYLED_ITEM('color',(#20913),#8356);
#20913 = PRESENTATION_STYLE_ASSIGNMENT((#20914));
#20914 = SURFACE_STYLE_USAGE(.BOTH.,#20915);
#20915 = SURFACE_SIDE_STYLE('',(#20916));
#20916 = SURFACE_STYLE_FILL_AREA(#20917);
#20917 = FILL_AREA_STYLE('',(#20918));
#20918 = FILL_AREA_STYLE_COLOUR('',#18341);
#20919 = STYLED_ITEM('color',(#20920),#8373);
#20920 = PRESENTATION_STYLE_ASSIGNMENT((#20921));
#20921 = SURFACE_STYLE_USAGE(.BOTH.,#20922);
#20922 = SURFACE_SIDE_STYLE('',(#20923));
#20923 = SURFACE_STYLE_FILL_AREA(#20924);
#20924 = FILL_AREA_STYLE('',(#20925));
#20925 = FILL_AREA_STYLE_COLOUR('',#18341);
#20926 = STYLED_ITEM('color',(#20927),#8390);
#20927 = PRESENTATION_STYLE_ASSIGNMENT((#20928));
#20928 = SURFACE_STYLE_USAGE(.BOTH.,#20929);
#20929 = SURFACE_SIDE_STYLE('',(#20930));
#20930 = SURFACE_STYLE_FILL_AREA(#20931);
#20931 = FILL_AREA_STYLE('',(#20932));
#20932 = FILL_AREA_STYLE_COLOUR('',#18341);
#20933 = STYLED_ITEM('color',(#20934),#8407);
#20934 = PRESENTATION_STYLE_ASSIGNMENT((#20935));
#20935 = SURFACE_STYLE_USAGE(.BOTH.,#20936);
#20936 = SURFACE_SIDE_STYLE('',(#20937));
#20937 = SURFACE_STYLE_FILL_AREA(#20938);
#20938 = FILL_AREA_STYLE('',(#20939));
#20939 = FILL_AREA_STYLE_COLOUR('',#18341);
#20940 = STYLED_ITEM('color',(#20941),#8424);
#20941 = PRESENTATION_STYLE_ASSIGNMENT((#20942));
#20942 = SURFACE_STYLE_USAGE(.BOTH.,#20943);
#20943 = SURFACE_SIDE_STYLE('',(#20944));
#20944 = SURFACE_STYLE_FILL_AREA(#20945);
#20945 = FILL_AREA_STYLE('',(#20946));
#20946 = FILL_AREA_STYLE_COLOUR('',#18341);
#20947 = STYLED_ITEM('color',(#20948),#8441);
#20948 = PRESENTATION_STYLE_ASSIGNMENT((#20949));
#20949 = SURFACE_STYLE_USAGE(.BOTH.,#20950);
#20950 = SURFACE_SIDE_STYLE('',(#20951));
#20951 = SURFACE_STYLE_FILL_AREA(#20952);
#20952 = FILL_AREA_STYLE('',(#20953));
#20953 = FILL_AREA_STYLE_COLOUR('',#18341);
#20954 = STYLED_ITEM('color',(#20955),#8458);
#20955 = PRESENTATION_STYLE_ASSIGNMENT((#20956));
#20956 = SURFACE_STYLE_USAGE(.BOTH.,#20957);
#20957 = SURFACE_SIDE_STYLE('',(#20958));
#20958 = SURFACE_STYLE_FILL_AREA(#20959);
#20959 = FILL_AREA_STYLE('',(#20960));
#20960 = FILL_AREA_STYLE_COLOUR('',#18341);
#20961 = STYLED_ITEM('color',(#20962),#8470);
#20962 = PRESENTATION_STYLE_ASSIGNMENT((#20963));
#20963 = SURFACE_STYLE_USAGE(.BOTH.,#20964);
#20964 = SURFACE_SIDE_STYLE('',(#20965));
#20965 = SURFACE_STYLE_FILL_AREA(#20966);
#20966 = FILL_AREA_STYLE('',(#20967));
#20967 = FILL_AREA_STYLE_COLOUR('',#18341);
#20968 = STYLED_ITEM('color',(#20969),#8492);
#20969 = PRESENTATION_STYLE_ASSIGNMENT((#20970));
#20970 = SURFACE_STYLE_USAGE(.BOTH.,#20971);
#20971 = SURFACE_SIDE_STYLE('',(#20972));
#20972 = SURFACE_STYLE_FILL_AREA(#20973);
#20973 = FILL_AREA_STYLE('',(#20974));
#20974 = FILL_AREA_STYLE_COLOUR('',#18341);
#20975 = STYLED_ITEM('color',(#20976),#8509);
#20976 = PRESENTATION_STYLE_ASSIGNMENT((#20977));
#20977 = SURFACE_STYLE_USAGE(.BOTH.,#20978);
#20978 = SURFACE_SIDE_STYLE('',(#20979));
#20979 = SURFACE_STYLE_FILL_AREA(#20980);
#20980 = FILL_AREA_STYLE('',(#20981));
#20981 = FILL_AREA_STYLE_COLOUR('',#18341);
#20982 = STYLED_ITEM('color',(#20983),#8526);
#20983 = PRESENTATION_STYLE_ASSIGNMENT((#20984));
#20984 = SURFACE_STYLE_USAGE(.BOTH.,#20985);
#20985 = SURFACE_SIDE_STYLE('',(#20986));
#20986 = SURFACE_STYLE_FILL_AREA(#20987);
#20987 = FILL_AREA_STYLE('',(#20988));
#20988 = FILL_AREA_STYLE_COLOUR('',#18341);
#20989 = STYLED_ITEM('color',(#20990),#8543);
#20990 = PRESENTATION_STYLE_ASSIGNMENT((#20991));
#20991 = SURFACE_STYLE_USAGE(.BOTH.,#20992);
#20992 = SURFACE_SIDE_STYLE('',(#20993));
#20993 = SURFACE_STYLE_FILL_AREA(#20994);
#20994 = FILL_AREA_STYLE('',(#20995));
#20995 = FILL_AREA_STYLE_COLOUR('',#18341);
#20996 = STYLED_ITEM('color',(#20997),#8560);
#20997 = PRESENTATION_STYLE_ASSIGNMENT((#20998));
#20998 = SURFACE_STYLE_USAGE(.BOTH.,#20999);
#20999 = SURFACE_SIDE_STYLE('',(#21000));
#21000 = SURFACE_STYLE_FILL_AREA(#21001);
#21001 = FILL_AREA_STYLE('',(#21002));
#21002 = FILL_AREA_STYLE_COLOUR('',#18341);
#21003 = STYLED_ITEM('color',(#21004),#8577);
#21004 = PRESENTATION_STYLE_ASSIGNMENT((#21005));
#21005 = SURFACE_STYLE_USAGE(.BOTH.,#21006);
#21006 = SURFACE_SIDE_STYLE('',(#21007));
#21007 = SURFACE_STYLE_FILL_AREA(#21008);
#21008 = FILL_AREA_STYLE('',(#21009));
#21009 = FILL_AREA_STYLE_COLOUR('',#18341);
#21010 = STYLED_ITEM('color',(#21011),#8589);
#21011 = PRESENTATION_STYLE_ASSIGNMENT((#21012));
#21012 = SURFACE_STYLE_USAGE(.BOTH.,#21013);
#21013 = SURFACE_SIDE_STYLE('',(#21014));
#21014 = SURFACE_STYLE_FILL_AREA(#21015);
#21015 = FILL_AREA_STYLE('',(#21016));
#21016 = FILL_AREA_STYLE_COLOUR('',#18341);
#21017 = MECHANICAL_DESIGN_GEOMETRIC_PRESENTATION_REPRESENTATION('',(
    #21018,#21027),#13967);
#21018 = STYLED_ITEM('color',(#21019),#12878);
#21019 = PRESENTATION_STYLE_ASSIGNMENT((#21020,#21025));
#21020 = SURFACE_STYLE_USAGE(.BOTH.,#21021);
#21021 = SURFACE_SIDE_STYLE('',(#21022));
#21022 = SURFACE_STYLE_FILL_AREA(#21023);
#21023 = FILL_AREA_STYLE('',(#21024));
#21024 = FILL_AREA_STYLE_COLOUR('',#17439);
#21025 = CURVE_STYLE('',#21026,POSITIVE_LENGTH_MEASURE(0.1),#17439);
#21026 = DRAUGHTING_PRE_DEFINED_CURVE_FONT('continuous');
#21027 = STYLED_ITEM('color',(#21028),#13169);
#21028 = PRESENTATION_STYLE_ASSIGNMENT((#21029,#21034));
#21029 = SURFACE_STYLE_USAGE(.BOTH.,#21030);
#21030 = SURFACE_SIDE_STYLE('',(#21031));
#21031 = SURFACE_STYLE_FILL_AREA(#21032);
#21032 = FILL_AREA_STYLE('',(#21033));
#21033 = FILL_AREA_STYLE_COLOUR('',#18142);
#21034 = CURVE_STYLE('',#21035,POSITIVE_LENGTH_MEASURE(0.1),#18142);
#21035 = DRAUGHTING_PRE_DEFINED_CURVE_FONT('continuous');
#21036 = MECHANICAL_DESIGN_GEOMETRIC_PRESENTATION_REPRESENTATION('',(
    #21037,#21044,#21051,#21058,#21065,#21072,#21079,#21086,#21094,
    #21101,#21108,#21115,#21122,#21129,#21137,#21144,#21151,#21158,
    #21165,#21172,#21179,#21186,#21193,#21200,#21207,#21214),#910);
#21037 = STYLED_ITEM('color',(#21038),#122);
#21038 = PRESENTATION_STYLE_ASSIGNMENT((#21039));
#21039 = SURFACE_STYLE_USAGE(.BOTH.,#21040);
#21040 = SURFACE_SIDE_STYLE('',(#21041));
#21041 = SURFACE_STYLE_FILL_AREA(#21042);
#21042 = FILL_AREA_STYLE('',(#21043));
#21043 = FILL_AREA_STYLE_COLOUR('',#18142);
#21044 = STYLED_ITEM('color',(#21045),#162);
#21045 = PRESENTATION_STYLE_ASSIGNMENT((#21046));
#21046 = SURFACE_STYLE_USAGE(.BOTH.,#21047);
#21047 = SURFACE_SIDE_STYLE('',(#21048));
#21048 = SURFACE_STYLE_FILL_AREA(#21049);
#21049 = FILL_AREA_STYLE('',(#21050));
#21050 = FILL_AREA_STYLE_COLOUR('',#18142);
#21051 = STYLED_ITEM('color',(#21052),#245);
#21052 = PRESENTATION_STYLE_ASSIGNMENT((#21053));
#21053 = SURFACE_STYLE_USAGE(.BOTH.,#21054);
#21054 = SURFACE_SIDE_STYLE('',(#21055));
#21055 = SURFACE_STYLE_FILL_AREA(#21056);
#21056 = FILL_AREA_STYLE('',(#21057));
#21057 = FILL_AREA_STYLE_COLOUR('',#18142);
#21058 = STYLED_ITEM('color',(#21059),#270);
#21059 = PRESENTATION_STYLE_ASSIGNMENT((#21060));
#21060 = SURFACE_STYLE_USAGE(.BOTH.,#21061);
#21061 = SURFACE_SIDE_STYLE('',(#21062));
#21062 = SURFACE_STYLE_FILL_AREA(#21063);
#21063 = FILL_AREA_STYLE('',(#21064));
#21064 = FILL_AREA_STYLE_COLOUR('',#18142);
#21065 = STYLED_ITEM('color',(#21066),#295);
#21066 = PRESENTATION_STYLE_ASSIGNMENT((#21067));
#21067 = SURFACE_STYLE_USAGE(.BOTH.,#21068);
#21068 = SURFACE_SIDE_STYLE('',(#21069));
#21069 = SURFACE_STYLE_FILL_AREA(#21070);
#21070 = FILL_AREA_STYLE('',(#21071));
#21071 = FILL_AREA_STYLE_COLOUR('',#18142);
#21072 = STYLED_ITEM('color',(#21073),#362);
#21073 = PRESENTATION_STYLE_ASSIGNMENT((#21074));
#21074 = SURFACE_STYLE_USAGE(.BOTH.,#21075);
#21075 = SURFACE_SIDE_STYLE('',(#21076));
#21076 = SURFACE_STYLE_FILL_AREA(#21077);
#21077 = FILL_AREA_STYLE('',(#21078));
#21078 = FILL_AREA_STYLE_COLOUR('',#18142);
#21079 = STYLED_ITEM('color',(#21080),#379);
#21080 = PRESENTATION_STYLE_ASSIGNMENT((#21081));
#21081 = SURFACE_STYLE_USAGE(.BOTH.,#21082);
#21082 = SURFACE_SIDE_STYLE('',(#21083));
#21083 = SURFACE_STYLE_FILL_AREA(#21084);
#21084 = FILL_AREA_STYLE('',(#21085));
#21085 = FILL_AREA_STYLE_COLOUR('',#18142);
#21086 = STYLED_ITEM('color',(#21087),#396);
#21087 = PRESENTATION_STYLE_ASSIGNMENT((#21088));
#21088 = SURFACE_STYLE_USAGE(.BOTH.,#21089);
#21089 = SURFACE_SIDE_STYLE('',(#21090));
#21090 = SURFACE_STYLE_FILL_AREA(#21091);
#21091 = FILL_AREA_STYLE('',(#21092));
#21092 = FILL_AREA_STYLE_COLOUR('',#21093);
#21093 = COLOUR_RGB('',0.894999966383,0.890999961016,0.813000030345);
#21094 = STYLED_ITEM('color',(#21095),#445);
#21095 = PRESENTATION_STYLE_ASSIGNMENT((#21096));
#21096 = SURFACE_STYLE_USAGE(.BOTH.,#21097);
#21097 = SURFACE_SIDE_STYLE('',(#21098));
#21098 = SURFACE_STYLE_FILL_AREA(#21099);
#21099 = FILL_AREA_STYLE('',(#21100));
#21100 = FILL_AREA_STYLE_COLOUR('',#18142);
#21101 = STYLED_ITEM('color',(#21102),#462);
#21102 = PRESENTATION_STYLE_ASSIGNMENT((#21103));
#21103 = SURFACE_STYLE_USAGE(.BOTH.,#21104);
#21104 = SURFACE_SIDE_STYLE('',(#21105));
#21105 = SURFACE_STYLE_FILL_AREA(#21106);
#21106 = FILL_AREA_STYLE('',(#21107));
#21107 = FILL_AREA_STYLE_COLOUR('',#18142);
#21108 = STYLED_ITEM('color',(#21109),#479);
#21109 = PRESENTATION_STYLE_ASSIGNMENT((#21110));
#21110 = SURFACE_STYLE_USAGE(.BOTH.,#21111);
#21111 = SURFACE_SIDE_STYLE('',(#21112));
#21112 = SURFACE_STYLE_FILL_AREA(#21113);
#21113 = FILL_AREA_STYLE('',(#21114));
#21114 = FILL_AREA_STYLE_COLOUR('',#21093);
#21115 = STYLED_ITEM('color',(#21116),#528);
#21116 = PRESENTATION_STYLE_ASSIGNMENT((#21117));
#21117 = SURFACE_STYLE_USAGE(.BOTH.,#21118);
#21118 = SURFACE_SIDE_STYLE('',(#21119));
#21119 = SURFACE_STYLE_FILL_AREA(#21120);
#21120 = FILL_AREA_STYLE('',(#21121));
#21121 = FILL_AREA_STYLE_COLOUR('',#21093);
#21122 = STYLED_ITEM('color',(#21123),#545);
#21123 = PRESENTATION_STYLE_ASSIGNMENT((#21124));
#21124 = SURFACE_STYLE_USAGE(.BOTH.,#21125);
#21125 = SURFACE_SIDE_STYLE('',(#21126));
#21126 = SURFACE_STYLE_FILL_AREA(#21127);
#21127 = FILL_AREA_STYLE('',(#21128));
#21128 = FILL_AREA_STYLE_COLOUR('',#18142);
#21129 = STYLED_ITEM('color',(#21130),#614);
#21130 = PRESENTATION_STYLE_ASSIGNMENT((#21131));
#21131 = SURFACE_STYLE_USAGE(.BOTH.,#21132);
#21132 = SURFACE_SIDE_STYLE('',(#21133));
#21133 = SURFACE_STYLE_FILL_AREA(#21134);
#21134 = FILL_AREA_STYLE('',(#21135));
#21135 = FILL_AREA_STYLE_COLOUR('',#21136);
#21136 = COLOUR_RGB('',8.200000279077E-02,8.600000121357E-02,
  9.399999706163E-02);
#21137 = STYLED_ITEM('color',(#21138),#645);
#21138 = PRESENTATION_STYLE_ASSIGNMENT((#21139));
#21139 = SURFACE_STYLE_USAGE(.BOTH.,#21140);
#21140 = SURFACE_SIDE_STYLE('',(#21141));
#21141 = SURFACE_STYLE_FILL_AREA(#21142);
#21142 = FILL_AREA_STYLE('',(#21143));
#21143 = FILL_AREA_STYLE_COLOUR('',#21136);
#21144 = STYLED_ITEM('color',(#21145),#669);
#21145 = PRESENTATION_STYLE_ASSIGNMENT((#21146));
#21146 = SURFACE_STYLE_USAGE(.BOTH.,#21147);
#21147 = SURFACE_SIDE_STYLE('',(#21148));
#21148 = SURFACE_STYLE_FILL_AREA(#21149);
#21149 = FILL_AREA_STYLE('',(#21150));
#21150 = FILL_AREA_STYLE_COLOUR('',#18142);
#21151 = STYLED_ITEM('color',(#21152),#738);
#21152 = PRESENTATION_STYLE_ASSIGNMENT((#21153));
#21153 = SURFACE_STYLE_USAGE(.BOTH.,#21154);
#21154 = SURFACE_SIDE_STYLE('',(#21155));
#21155 = SURFACE_STYLE_FILL_AREA(#21156);
#21156 = FILL_AREA_STYLE('',(#21157));
#21157 = FILL_AREA_STYLE_COLOUR('',#21136);
#21158 = STYLED_ITEM('color',(#21159),#762);
#21159 = PRESENTATION_STYLE_ASSIGNMENT((#21160));
#21160 = SURFACE_STYLE_USAGE(.BOTH.,#21161);
#21161 = SURFACE_SIDE_STYLE('',(#21162));
#21162 = SURFACE_STYLE_FILL_AREA(#21163);
#21163 = FILL_AREA_STYLE('',(#21164));
#21164 = FILL_AREA_STYLE_COLOUR('',#18142);
#21165 = STYLED_ITEM('color',(#21166),#779);
#21166 = PRESENTATION_STYLE_ASSIGNMENT((#21167));
#21167 = SURFACE_STYLE_USAGE(.BOTH.,#21168);
#21168 = SURFACE_SIDE_STYLE('',(#21169));
#21169 = SURFACE_STYLE_FILL_AREA(#21170);
#21170 = FILL_AREA_STYLE('',(#21171));
#21171 = FILL_AREA_STYLE_COLOUR('',#18142);
#21172 = STYLED_ITEM('color',(#21173),#796);
#21173 = PRESENTATION_STYLE_ASSIGNMENT((#21174));
#21174 = SURFACE_STYLE_USAGE(.BOTH.,#21175);
#21175 = SURFACE_SIDE_STYLE('',(#21176));
#21176 = SURFACE_STYLE_FILL_AREA(#21177);
#21177 = FILL_AREA_STYLE('',(#21178));
#21178 = FILL_AREA_STYLE_COLOUR('',#18142);
#21179 = STYLED_ITEM('color',(#21180),#813);
#21180 = PRESENTATION_STYLE_ASSIGNMENT((#21181));
#21181 = SURFACE_STYLE_USAGE(.BOTH.,#21182);
#21182 = SURFACE_SIDE_STYLE('',(#21183));
#21183 = SURFACE_STYLE_FILL_AREA(#21184);
#21184 = FILL_AREA_STYLE('',(#21185));
#21185 = FILL_AREA_STYLE_COLOUR('',#18142);
#21186 = STYLED_ITEM('color',(#21187),#830);
#21187 = PRESENTATION_STYLE_ASSIGNMENT((#21188));
#21188 = SURFACE_STYLE_USAGE(.BOTH.,#21189);
#21189 = SURFACE_SIDE_STYLE('',(#21190));
#21190 = SURFACE_STYLE_FILL_AREA(#21191);
#21191 = FILL_AREA_STYLE('',(#21192));
#21192 = FILL_AREA_STYLE_COLOUR('',#18142);
#21193 = STYLED_ITEM('color',(#21194),#847);
#21194 = PRESENTATION_STYLE_ASSIGNMENT((#21195));
#21195 = SURFACE_STYLE_USAGE(.BOTH.,#21196);
#21196 = SURFACE_SIDE_STYLE('',(#21197));
#21197 = SURFACE_STYLE_FILL_AREA(#21198);
#21198 = FILL_AREA_STYLE('',(#21199));
#21199 = FILL_AREA_STYLE_COLOUR('',#18142);
#21200 = STYLED_ITEM('color',(#21201),#864);
#21201 = PRESENTATION_STYLE_ASSIGNMENT((#21202));
#21202 = SURFACE_STYLE_USAGE(.BOTH.,#21203);
#21203 = SURFACE_SIDE_STYLE('',(#21204));
#21204 = SURFACE_STYLE_FILL_AREA(#21205);
#21205 = FILL_AREA_STYLE('',(#21206));
#21206 = FILL_AREA_STYLE_COLOUR('',#18142);
#21207 = STYLED_ITEM('color',(#21208),#881);
#21208 = PRESENTATION_STYLE_ASSIGNMENT((#21209));
#21209 = SURFACE_STYLE_USAGE(.BOTH.,#21210);
#21210 = SURFACE_SIDE_STYLE('',(#21211));
#21211 = SURFACE_STYLE_FILL_AREA(#21212);
#21212 = FILL_AREA_STYLE('',(#21213));
#21213 = FILL_AREA_STYLE_COLOUR('',#21136);
#21214 = STYLED_ITEM('color',(#21215),#898);
#21215 = PRESENTATION_STYLE_ASSIGNMENT((#21216));
#21216 = SURFACE_STYLE_USAGE(.BOTH.,#21217);
#21217 = SURFACE_SIDE_STYLE('',(#21218));
#21218 = SURFACE_STYLE_FILL_AREA(#21219);
#21219 = FILL_AREA_STYLE('',(#21220));
#21220 = FILL_AREA_STYLE_COLOUR('',#21136);
ENDSEC;
END-ISO-10303-21;
