ISO-10303-21;
HEADER;
FILE_DESCRIPTION(('KiCad electronic assembly'),'2;1');
FILE_NAME('PCB_LEDS_TSAL_v2.step','2024-07-21T10:20:41',('Pcbnew'),(
    'Kicad'),'Open CASCADE STEP processor 7.8','KiCad to STEP converter'
  ,'Unknown');
FILE_SCHEMA(('AUTOMOTIVE_DESIGN { 1 0 10303 214 1 1 1 1 }'));
ENDSEC;
DATA;
#1 = APPLICATION_PROTOCOL_DEFINITION('international standard',
  'automotive_design',2000,#2);
#2 = APPLICATION_CONTEXT(
  'core data for automotive mechanical design processes');
#3 = SHAPE_DEFINITION_REPRESENTATION(#4,#10);
#4 = PRODUCT_DEFINITION_SHAPE('','',#5);
#5 = PRODUCT_DEFINITION('design','',#6,#9);
#6 = PRODUCT_DEFINITION_FORMATION('','',#7);
#7 = PRODUCT('PCB_LEDS_TSAL_v2 1','PCB_LEDS_TSAL_v2 1','',(#8));
#8 = PRODUCT_CONTEXT('',#2,'mechanical');
#9 = PRODUCT_DEFINITION_CONTEXT('part definition',#2,'design');
#10 = SHAPE_REPRESENTATION('',(#11,#15,#19,#23,#27,#31,#35,#39,#43,#47,
    #51,#55,#59,#63,#67,#71),#75);
#11 = AXIS2_PLACEMENT_3D('',#12,#13,#14);
#12 = CARTESIAN_POINT('',(0.,0.,0.));
#13 = DIRECTION('',(0.,0.,1.));
#14 = DIRECTION('',(1.,0.,-0.));
#15 = AXIS2_PLACEMENT_3D('',#16,#17,#18);
#16 = CARTESIAN_POINT('',(108.045001,-98.579999,1.65));
#17 = DIRECTION('',(0.,0.,1.));
#18 = DIRECTION('',(1.,0.,0.));
#19 = AXIS2_PLACEMENT_3D('',#20,#21,#22);
#20 = CARTESIAN_POINT('',(146.685,-98.579999,1.65));
#21 = DIRECTION('',(0.,0.,1.));
#22 = DIRECTION('',(1.,0.,0.));
#23 = AXIS2_PLACEMENT_3D('',#24,#25,#26);
#24 = CARTESIAN_POINT('',(127.365,-94.742,1.65));
#25 = DIRECTION('',(0.,0.,1.));
#26 = DIRECTION('',(1.,0.,0.));
#27 = AXIS2_PLACEMENT_3D('',#28,#29,#30);
#28 = CARTESIAN_POINT('',(146.685,-81.915,1.65));
#29 = DIRECTION('',(0.,0.,1.));
#30 = DIRECTION('',(1.,0.,0.));
#31 = AXIS2_PLACEMENT_3D('',#32,#33,#34);
#32 = CARTESIAN_POINT('',(108.045001,-82.069999,1.65));
#33 = DIRECTION('',(0.,0.,1.));
#34 = DIRECTION('',(1.,0.,0.));
#35 = AXIS2_PLACEMENT_3D('',#36,#37,#38);
#36 = CARTESIAN_POINT('',(127.365,-79.502,1.65));
#37 = DIRECTION('',(0.,0.,1.));
#38 = DIRECTION('',(1.,0.,0.));
#39 = AXIS2_PLACEMENT_3D('',#40,#41,#42);
#40 = CARTESIAN_POINT('',(118.9375,-78.1825,-5.E-02));
#41 = DIRECTION('',(0.,-1.224646799147E-16,-1.));
#42 = DIRECTION('',(1.,0.,0.));
#43 = AXIS2_PLACEMENT_3D('',#44,#45,#46);
#44 = CARTESIAN_POINT('',(136.32,-82.55,-5.E-02));
#45 = DIRECTION('',(1.499759782662E-32,1.224646799147E-16,-1.));
#46 = DIRECTION('',(-1.,1.224646799147E-16,0.));
#47 = AXIS2_PLACEMENT_3D('',#48,#49,#50);
#48 = CARTESIAN_POINT('',(111.385,-88.94,-5.E-02));
#49 = DIRECTION('',(1.224646799147E-16,-1.359631073447E-32,-1.));
#50 = DIRECTION('',(1.110223024625E-16,1.,0.));
#51 = AXIS2_PLACEMENT_3D('',#52,#53,#54);
#52 = CARTESIAN_POINT('',(118.9375,-86.4375,-5.E-02));
#53 = DIRECTION('',(1.499759782662E-32,1.224646799147E-16,-1.));
#54 = DIRECTION('',(-1.,1.224646799147E-16,0.));
#55 = AXIS2_PLACEMENT_3D('',#56,#57,#58);
#56 = CARTESIAN_POINT('',(136.32,-86.36,-5.E-02));
#57 = DIRECTION('',(1.499759782662E-32,1.224646799147E-16,-1.));
#58 = DIRECTION('',(-1.,1.224646799147E-16,0.));
#59 = AXIS2_PLACEMENT_3D('',#60,#61,#62);
#60 = CARTESIAN_POINT('',(136.32,-78.105,-5.E-02));
#61 = DIRECTION('',(0.,-1.224646799147E-16,-1.));
#62 = DIRECTION('',(1.,0.,0.));
#63 = AXIS2_PLACEMENT_3D('',#64,#65,#66);
#64 = CARTESIAN_POINT('',(143.765,-88.94,-5.E-02));
#65 = DIRECTION('',(1.224646799147E-16,-1.359631073447E-32,-1.));
#66 = DIRECTION('',(1.110223024625E-16,1.,0.));
#67 = AXIS2_PLACEMENT_3D('',#68,#69,#70);
#68 = CARTESIAN_POINT('',(118.9375,-82.55,-5.E-02));
#69 = DIRECTION('',(1.499759782662E-32,1.224646799147E-16,-1.));
#70 = DIRECTION('',(-1.,1.224646799147E-16,0.));
#71 = AXIS2_PLACEMENT_3D('',#72,#73,#74);
#72 = CARTESIAN_POINT('',(0.,0.,0.));
#73 = DIRECTION('',(0.,0.,1.));
#74 = DIRECTION('',(1.,0.,-0.));
#75 = ( GEOMETRIC_REPRESENTATION_CONTEXT(3) 
GLOBAL_UNCERTAINTY_ASSIGNED_CONTEXT((#79)) GLOBAL_UNIT_ASSIGNED_CONTEXT(
(#76,#77,#78)) REPRESENTATION_CONTEXT('Context #1',
  '3D Context with UNIT and UNCERTAINTY') );
#76 = ( LENGTH_UNIT() NAMED_UNIT(*) SI_UNIT(.MILLI.,.METRE.) );
#77 = ( NAMED_UNIT(*) PLANE_ANGLE_UNIT() SI_UNIT($,.RADIAN.) );
#78 = ( NAMED_UNIT(*) SI_UNIT($,.STERADIAN.) SOLID_ANGLE_UNIT() );
#79 = UNCERTAINTY_MEASURE_WITH_UNIT(LENGTH_MEASURE(1.E-07),#76,
  'distance_accuracy_value','confusion accuracy');
#80 = PRODUCT_RELATED_PRODUCT_CATEGORY('part',$,(#7));
#81 = SHAPE_DEFINITION_REPRESENTATION(#82,#88);
#82 = PRODUCT_DEFINITION_SHAPE('','',#83);
#83 = PRODUCT_DEFINITION('design','',#84,#87);
#84 = PRODUCT_DEFINITION_FORMATION('','',#85);
#85 = PRODUCT('LED_RGB_5050-6','LED_RGB_5050-6','',(#86));
#86 = PRODUCT_CONTEXT('',#2,'mechanical');
#87 = PRODUCT_DEFINITION_CONTEXT('part definition',#2,'design');
#88 = SHAPE_REPRESENTATION('',(#11,#89),#93);
#89 = AXIS2_PLACEMENT_3D('',#90,#91,#92);
#90 = CARTESIAN_POINT('',(0.,0.,0.));
#91 = DIRECTION('',(0.,0.,1.));
#92 = DIRECTION('',(1.,0.,-0.));
#93 = ( GEOMETRIC_REPRESENTATION_CONTEXT(3) 
GLOBAL_UNCERTAINTY_ASSIGNED_CONTEXT((#97)) GLOBAL_UNIT_ASSIGNED_CONTEXT(
(#94,#95,#96)) REPRESENTATION_CONTEXT('Context #1',
  '3D Context with UNIT and UNCERTAINTY') );
#94 = ( LENGTH_UNIT() NAMED_UNIT(*) SI_UNIT(.MILLI.,.METRE.) );
#95 = ( NAMED_UNIT(*) PLANE_ANGLE_UNIT() SI_UNIT($,.RADIAN.) );
#96 = ( NAMED_UNIT(*) SI_UNIT($,.STERADIAN.) SOLID_ANGLE_UNIT() );
#97 = UNCERTAINTY_MEASURE_WITH_UNIT(LENGTH_MEASURE(1.E-07),#94,
  'distance_accuracy_value','confusion accuracy');
#98 = CONTEXT_DEPENDENT_SHAPE_REPRESENTATION(#99,#101);
#99 = ( REPRESENTATION_RELATIONSHIP('','',#88,#10) 
REPRESENTATION_RELATIONSHIP_WITH_TRANSFORMATION(#100) 
SHAPE_REPRESENTATION_RELATIONSHIP() );
#100 = ITEM_DEFINED_TRANSFORMATION('','',#11,#15);
#101 = PRODUCT_DEFINITION_SHAPE('Placement','Placement of an item',#102
  );
#102 = NEXT_ASSEMBLY_USAGE_OCCURRENCE('2','LED4','',#5,#83,$);
#103 = PRODUCT_RELATED_PRODUCT_CATEGORY('part',$,(#85));
#104 = SHAPE_DEFINITION_REPRESENTATION(#105,#111);
#105 = PRODUCT_DEFINITION_SHAPE('','',#106);
#106 = PRODUCT_DEFINITION('design','',#107,#110);
#107 = PRODUCT_DEFINITION_FORMATION('','',#108);
#108 = PRODUCT('LED_RGB_5050_6','LED_RGB_5050_6','',(#109));
#109 = PRODUCT_CONTEXT('',#2,'mechanical');
#110 = PRODUCT_DEFINITION_CONTEXT('part definition',#2,'design');
#111 = ADVANCED_BREP_SHAPE_REPRESENTATION('',(#11,#112),#3691);
#112 = MANIFOLD_SOLID_BREP('',#113);
#113 = CLOSED_SHELL('',(#114,#173,#198,#231,#256,#281,#306,#323,#348,
    #395,#617,#641,#665,#887,#896,#907,#1261,#1369,#1394,#1494,#1602,
    #1627,#1727,#1835,#1860,#1960,#1977,#1994,#2011,#2028,#2045,#2062,
    #2170,#2195,#2295,#2403,#2428,#2528,#2636,#2661,#2761,#2778,#2795,
    #2812,#2829,#2846,#2863,#2880,#2897,#2914,#2931,#2948,#2965,#2982,
    #2999,#3016,#3033,#3050,#3067,#3084,#3101,#3118,#3135,#3152,#3169,
    #3191,#3203,#3215,#3227,#3244,#3256,#3278,#3290,#3302,#3314,#3331,
    #3343,#3365,#3377,#3389,#3401,#3418,#3430,#3452,#3464,#3476,#3488,
    #3505,#3517,#3539,#3551,#3563,#3575,#3592,#3604,#3626,#3638,#3650,
    #3662,#3679));
#114 = ADVANCED_FACE('',(#115,#126),#168,.T.);
#115 = FACE_BOUND('',#116,.T.);
#116 = EDGE_LOOP('',(#117));
#117 = ORIENTED_EDGE('',*,*,#118,.T.);
#118 = EDGE_CURVE('',#119,#119,#121,.T.);
#119 = VERTEX_POINT('',#120);
#120 = CARTESIAN_POINT('',(1.946666666667,0.,1.6));
#121 = CIRCLE('',#122,1.946666666667);
#122 = AXIS2_PLACEMENT_3D('',#123,#124,#125);
#123 = CARTESIAN_POINT('',(0.,0.,1.6));
#124 = DIRECTION('',(0.,0.,-1.));
#125 = DIRECTION('',(1.,0.,0.));
#126 = FACE_BOUND('',#127,.T.);
#127 = EDGE_LOOP('',(#128,#138,#146,#154,#162));
#128 = ORIENTED_EDGE('',*,*,#129,.T.);
#129 = EDGE_CURVE('',#130,#132,#134,.T.);
#130 = VERTEX_POINT('',#131);
#131 = CARTESIAN_POINT('',(2.43,2.43,1.6));
#132 = VERTEX_POINT('',#133);
#133 = CARTESIAN_POINT('',(-1.435471144701,2.43,1.6));
#134 = LINE('',#135,#136);
#135 = CARTESIAN_POINT('',(2.5,2.43,1.6));
#136 = VECTOR('',#137,1.);
#137 = DIRECTION('',(-1.,0.,0.));
#138 = ORIENTED_EDGE('',*,*,#139,.T.);
#139 = EDGE_CURVE('',#132,#140,#142,.T.);
#140 = VERTEX_POINT('',#141);
#141 = CARTESIAN_POINT('',(-2.43,1.435471144701,1.6));
#142 = LINE('',#143,#144);
#143 = CARTESIAN_POINT('',(-1.414968619384,2.450502525317,1.6));
#144 = VECTOR('',#145,1.);
#145 = DIRECTION('',(-0.707106781187,-0.707106781187,0.));
#146 = ORIENTED_EDGE('',*,*,#147,.T.);
#147 = EDGE_CURVE('',#140,#148,#150,.T.);
#148 = VERTEX_POINT('',#149);
#149 = CARTESIAN_POINT('',(-2.43,-2.43,1.6));
#150 = LINE('',#151,#152);
#151 = CARTESIAN_POINT('',(-2.43,1.464466094067,1.6));
#152 = VECTOR('',#153,1.);
#153 = DIRECTION('',(0.,-1.,0.));
#154 = ORIENTED_EDGE('',*,*,#155,.T.);
#155 = EDGE_CURVE('',#148,#156,#158,.T.);
#156 = VERTEX_POINT('',#157);
#157 = CARTESIAN_POINT('',(2.43,-2.43,1.6));
#158 = LINE('',#159,#160);
#159 = CARTESIAN_POINT('',(-2.5,-2.43,1.6));
#160 = VECTOR('',#161,1.);
#161 = DIRECTION('',(1.,0.,0.));
#162 = ORIENTED_EDGE('',*,*,#163,.T.);
#163 = EDGE_CURVE('',#156,#130,#164,.T.);
#164 = LINE('',#165,#166);
#165 = CARTESIAN_POINT('',(2.43,-2.5,1.6));
#166 = VECTOR('',#167,1.);
#167 = DIRECTION('',(0.,1.,0.));
#168 = PLANE('',#169);
#169 = AXIS2_PLACEMENT_3D('',#170,#171,#172);
#170 = CARTESIAN_POINT('',(0.,0.,1.6));
#171 = DIRECTION('',(0.,0.,1.));
#172 = DIRECTION('',(1.,0.,-0.));
#173 = ADVANCED_FACE('',(#174),#193,.F.);
#174 = FACE_BOUND('',#175,.F.);
#175 = EDGE_LOOP('',(#176,#184,#185,#186));
#176 = ORIENTED_EDGE('',*,*,#177,.F.);
#177 = EDGE_CURVE('',#119,#178,#180,.T.);
#178 = VERTEX_POINT('',#179);
#179 = CARTESIAN_POINT('',(1.666666666667,0.,1.32));
#180 = LINE('',#181,#182);
#181 = CARTESIAN_POINT('',(1.666666666667,0.,1.32));
#182 = VECTOR('',#183,1.);
#183 = DIRECTION('',(-0.707106781187,0.,-0.707106781187));
#184 = ORIENTED_EDGE('',*,*,#118,.T.);
#185 = ORIENTED_EDGE('',*,*,#177,.T.);
#186 = ORIENTED_EDGE('',*,*,#187,.F.);
#187 = EDGE_CURVE('',#178,#178,#188,.T.);
#188 = CIRCLE('',#189,1.666666666667);
#189 = AXIS2_PLACEMENT_3D('',#190,#191,#192);
#190 = CARTESIAN_POINT('',(0.,0.,1.32));
#191 = DIRECTION('',(0.,0.,-1.));
#192 = DIRECTION('',(1.,0.,0.));
#193 = CONICAL_SURFACE('',#194,1.666666666667,0.785398163397);
#194 = AXIS2_PLACEMENT_3D('',#195,#196,#197);
#195 = CARTESIAN_POINT('',(0.,0.,1.32));
#196 = DIRECTION('',(0.,0.,1.));
#197 = DIRECTION('',(1.,0.,-0.));
#198 = ADVANCED_FACE('',(#199),#226,.T.);
#199 = FACE_BOUND('',#200,.T.);
#200 = EDGE_LOOP('',(#201,#210,#218,#225));
#201 = ORIENTED_EDGE('',*,*,#202,.T.);
#202 = EDGE_CURVE('',#130,#203,#205,.T.);
#203 = VERTEX_POINT('',#204);
#204 = CARTESIAN_POINT('',(2.5,2.5,1.53));
#205 = ELLIPSE('',#206,9.899494936612E-02,7.E-02);
#206 = AXIS2_PLACEMENT_3D('',#207,#208,#209);
#207 = CARTESIAN_POINT('',(2.43,2.43,1.53));
#208 = DIRECTION('',(-0.707106781187,0.707106781187,0.));
#209 = DIRECTION('',(-0.707106781187,-0.707106781187,0.));
#210 = ORIENTED_EDGE('',*,*,#211,.T.);
#211 = EDGE_CURVE('',#203,#212,#214,.T.);
#212 = VERTEX_POINT('',#213);
#213 = CARTESIAN_POINT('',(-1.464466094067,2.5,1.53));
#214 = LINE('',#215,#216);
#215 = CARTESIAN_POINT('',(2.5,2.5,1.53));
#216 = VECTOR('',#217,1.);
#217 = DIRECTION('',(-1.,0.,0.));
#218 = ORIENTED_EDGE('',*,*,#219,.F.);
#219 = EDGE_CURVE('',#132,#212,#220,.T.);
#220 = ELLIPSE('',#221,7.576745402047E-02,7.E-02);
#221 = AXIS2_PLACEMENT_3D('',#222,#223,#224);
#222 = CARTESIAN_POINT('',(-1.435471144701,2.43,1.53));
#223 = DIRECTION('',(-0.923879532511,-0.382683432365,-0.));
#224 = DIRECTION('',(-0.382683432365,0.923879532511,0.));
#225 = ORIENTED_EDGE('',*,*,#129,.F.);
#226 = CYLINDRICAL_SURFACE('',#227,7.E-02);
#227 = AXIS2_PLACEMENT_3D('',#228,#229,#230);
#228 = CARTESIAN_POINT('',(2.5,2.43,1.53));
#229 = DIRECTION('',(-1.,0.,0.));
#230 = DIRECTION('',(0.,0.,1.));
#231 = ADVANCED_FACE('',(#232),#251,.T.);
#232 = FACE_BOUND('',#233,.T.);
#233 = EDGE_LOOP('',(#234,#242,#243,#244));
#234 = ORIENTED_EDGE('',*,*,#235,.T.);
#235 = EDGE_CURVE('',#236,#203,#238,.T.);
#236 = VERTEX_POINT('',#237);
#237 = CARTESIAN_POINT('',(2.5,-2.5,1.53));
#238 = LINE('',#239,#240);
#239 = CARTESIAN_POINT('',(2.5,-2.5,1.53));
#240 = VECTOR('',#241,1.);
#241 = DIRECTION('',(0.,1.,0.));
#242 = ORIENTED_EDGE('',*,*,#202,.F.);
#243 = ORIENTED_EDGE('',*,*,#163,.F.);
#244 = ORIENTED_EDGE('',*,*,#245,.F.);
#245 = EDGE_CURVE('',#236,#156,#246,.T.);
#246 = ELLIPSE('',#247,9.899494936612E-02,7.E-02);
#247 = AXIS2_PLACEMENT_3D('',#248,#249,#250);
#248 = CARTESIAN_POINT('',(2.43,-2.43,1.53));
#249 = DIRECTION('',(-0.707106781187,-0.707106781187,0.));
#250 = DIRECTION('',(0.707106781187,-0.707106781187,0.));
#251 = CYLINDRICAL_SURFACE('',#252,7.E-02);
#252 = AXIS2_PLACEMENT_3D('',#253,#254,#255);
#253 = CARTESIAN_POINT('',(2.43,-2.5,1.53));
#254 = DIRECTION('',(0.,1.,0.));
#255 = DIRECTION('',(1.,0.,0.));
#256 = ADVANCED_FACE('',(#257),#276,.T.);
#257 = FACE_BOUND('',#258,.T.);
#258 = EDGE_LOOP('',(#259,#260,#268,#275));
#259 = ORIENTED_EDGE('',*,*,#219,.T.);
#260 = ORIENTED_EDGE('',*,*,#261,.T.);
#261 = EDGE_CURVE('',#212,#262,#264,.T.);
#262 = VERTEX_POINT('',#263);
#263 = CARTESIAN_POINT('',(-2.5,1.464466094067,1.53));
#264 = LINE('',#265,#266);
#265 = CARTESIAN_POINT('',(-1.464466094067,2.5,1.53));
#266 = VECTOR('',#267,1.);
#267 = DIRECTION('',(-0.707106781187,-0.707106781187,0.));
#268 = ORIENTED_EDGE('',*,*,#269,.T.);
#269 = EDGE_CURVE('',#262,#140,#270,.T.);
#270 = ELLIPSE('',#271,7.576745402047E-02,7.E-02);
#271 = AXIS2_PLACEMENT_3D('',#272,#273,#274);
#272 = CARTESIAN_POINT('',(-2.43,1.435471144701,1.53));
#273 = DIRECTION('',(0.382683432365,0.923879532511,0.));
#274 = DIRECTION('',(0.923879532511,-0.382683432365,0.));
#275 = ORIENTED_EDGE('',*,*,#139,.F.);
#276 = CYLINDRICAL_SURFACE('',#277,7.E-02);
#277 = AXIS2_PLACEMENT_3D('',#278,#279,#280);
#278 = CARTESIAN_POINT('',(-1.414968619384,2.450502525317,1.53));
#279 = DIRECTION('',(-0.707106781187,-0.707106781187,0.));
#280 = DIRECTION('',(0.,0.,1.));
#281 = ADVANCED_FACE('',(#282),#301,.T.);
#282 = FACE_BOUND('',#283,.T.);
#283 = EDGE_LOOP('',(#284,#292,#293,#294));
#284 = ORIENTED_EDGE('',*,*,#285,.T.);
#285 = EDGE_CURVE('',#286,#236,#288,.T.);
#286 = VERTEX_POINT('',#287);
#287 = CARTESIAN_POINT('',(-2.5,-2.5,1.53));
#288 = LINE('',#289,#290);
#289 = CARTESIAN_POINT('',(-2.5,-2.5,1.53));
#290 = VECTOR('',#291,1.);
#291 = DIRECTION('',(1.,0.,0.));
#292 = ORIENTED_EDGE('',*,*,#245,.T.);
#293 = ORIENTED_EDGE('',*,*,#155,.F.);
#294 = ORIENTED_EDGE('',*,*,#295,.F.);
#295 = EDGE_CURVE('',#286,#148,#296,.T.);
#296 = ELLIPSE('',#297,9.899494936612E-02,7.E-02);
#297 = AXIS2_PLACEMENT_3D('',#298,#299,#300);
#298 = CARTESIAN_POINT('',(-2.43,-2.43,1.53));
#299 = DIRECTION('',(-0.707106781187,0.707106781187,0.));
#300 = DIRECTION('',(-0.707106781187,-0.707106781187,0.));
#301 = CYLINDRICAL_SURFACE('',#302,7.E-02);
#302 = AXIS2_PLACEMENT_3D('',#303,#304,#305);
#303 = CARTESIAN_POINT('',(-2.5,-2.43,1.53));
#304 = DIRECTION('',(1.,0.,0.));
#305 = DIRECTION('',(0.,-1.,0.));
#306 = ADVANCED_FACE('',(#307),#318,.T.);
#307 = FACE_BOUND('',#308,.T.);
#308 = EDGE_LOOP('',(#309,#315,#316,#317));
#309 = ORIENTED_EDGE('',*,*,#310,.T.);
#310 = EDGE_CURVE('',#262,#286,#311,.T.);
#311 = LINE('',#312,#313);
#312 = CARTESIAN_POINT('',(-2.5,1.464466094067,1.53));
#313 = VECTOR('',#314,1.);
#314 = DIRECTION('',(0.,-1.,0.));
#315 = ORIENTED_EDGE('',*,*,#295,.T.);
#316 = ORIENTED_EDGE('',*,*,#147,.F.);
#317 = ORIENTED_EDGE('',*,*,#269,.F.);
#318 = CYLINDRICAL_SURFACE('',#319,7.E-02);
#319 = AXIS2_PLACEMENT_3D('',#320,#321,#322);
#320 = CARTESIAN_POINT('',(-2.43,1.464466094067,1.53));
#321 = DIRECTION('',(0.,-1.,0.));
#322 = DIRECTION('',(-1.,0.,0.));
#323 = ADVANCED_FACE('',(#324),#343,.F.);
#324 = FACE_BOUND('',#325,.F.);
#325 = EDGE_LOOP('',(#326,#334,#335,#336));
#326 = ORIENTED_EDGE('',*,*,#327,.T.);
#327 = EDGE_CURVE('',#328,#178,#330,.T.);
#328 = VERTEX_POINT('',#329);
#329 = CARTESIAN_POINT('',(1.666666666667,0.,1.25));
#330 = LINE('',#331,#332);
#331 = CARTESIAN_POINT('',(1.666666666667,0.,0.9));
#332 = VECTOR('',#333,1.);
#333 = DIRECTION('',(0.,0.,1.));
#334 = ORIENTED_EDGE('',*,*,#187,.T.);
#335 = ORIENTED_EDGE('',*,*,#327,.F.);
#336 = ORIENTED_EDGE('',*,*,#337,.T.);
#337 = EDGE_CURVE('',#328,#328,#338,.T.);
#338 = CIRCLE('',#339,1.666666666667);
#339 = AXIS2_PLACEMENT_3D('',#340,#341,#342);
#340 = CARTESIAN_POINT('',(0.,0.,1.25));
#341 = DIRECTION('',(0.,0.,1.));
#342 = DIRECTION('',(1.,0.,-0.));
#343 = CYLINDRICAL_SURFACE('',#344,1.666666666667);
#344 = AXIS2_PLACEMENT_3D('',#345,#346,#347);
#345 = CARTESIAN_POINT('',(0.,0.,0.9));
#346 = DIRECTION('',(-0.,-0.,-1.));
#347 = DIRECTION('',(1.,0.,0.));
#348 = ADVANCED_FACE('',(#349),#390,.F.);
#349 = FACE_BOUND('',#350,.F.);
#350 = EDGE_LOOP('',(#351,#359,#367,#375,#383,#389));
#351 = ORIENTED_EDGE('',*,*,#352,.T.);
#352 = EDGE_CURVE('',#212,#353,#355,.T.);
#353 = VERTEX_POINT('',#354);
#354 = CARTESIAN_POINT('',(-1.464466094067,2.5,1.32));
#355 = LINE('',#356,#357);
#356 = CARTESIAN_POINT('',(-1.464466094067,2.5,0.76));
#357 = VECTOR('',#358,1.);
#358 = DIRECTION('',(-0.,-0.,-1.));
#359 = ORIENTED_EDGE('',*,*,#360,.T.);
#360 = EDGE_CURVE('',#353,#361,#363,.T.);
#361 = VERTEX_POINT('',#362);
#362 = CARTESIAN_POINT('',(-2.5,2.5,1.32));
#363 = LINE('',#364,#365);
#364 = CARTESIAN_POINT('',(-0.625,2.5,1.32));
#365 = VECTOR('',#366,1.);
#366 = DIRECTION('',(-1.,0.,0.));
#367 = ORIENTED_EDGE('',*,*,#368,.F.);
#368 = EDGE_CURVE('',#369,#361,#371,.T.);
#369 = VERTEX_POINT('',#370);
#370 = CARTESIAN_POINT('',(-2.5,2.5,0.2));
#371 = LINE('',#372,#373);
#372 = CARTESIAN_POINT('',(-2.5,2.5,0.2));
#373 = VECTOR('',#374,1.);
#374 = DIRECTION('',(0.,0.,1.));
#375 = ORIENTED_EDGE('',*,*,#376,.F.);
#376 = EDGE_CURVE('',#377,#369,#379,.T.);
#377 = VERTEX_POINT('',#378);
#378 = CARTESIAN_POINT('',(2.5,2.5,0.2));
#379 = LINE('',#380,#381);
#380 = CARTESIAN_POINT('',(2.5,2.5,0.2));
#381 = VECTOR('',#382,1.);
#382 = DIRECTION('',(-1.,0.,0.));
#383 = ORIENTED_EDGE('',*,*,#384,.T.);
#384 = EDGE_CURVE('',#377,#203,#385,.T.);
#385 = LINE('',#386,#387);
#386 = CARTESIAN_POINT('',(2.5,2.5,0.2));
#387 = VECTOR('',#388,1.);
#388 = DIRECTION('',(0.,0.,1.));
#389 = ORIENTED_EDGE('',*,*,#211,.T.);
#390 = PLANE('',#391);
#391 = AXIS2_PLACEMENT_3D('',#392,#393,#394);
#392 = CARTESIAN_POINT('',(2.5,2.5,0.2));
#393 = DIRECTION('',(0.,-1.,0.));
#394 = DIRECTION('',(-1.,0.,0.));
#395 = ADVANCED_FACE('',(#396,#510,#544,#578),#612,.F.);
#396 = FACE_BOUND('',#397,.F.);
#397 = EDGE_LOOP('',(#398,#406,#407,#408,#416,#424,#432,#440,#448,#456,
    #464,#472,#480,#488,#496,#504));
#398 = ORIENTED_EDGE('',*,*,#399,.T.);
#399 = EDGE_CURVE('',#400,#236,#402,.T.);
#400 = VERTEX_POINT('',#401);
#401 = CARTESIAN_POINT('',(2.5,-2.5,0.2));
#402 = LINE('',#403,#404);
#403 = CARTESIAN_POINT('',(2.5,-2.5,0.2));
#404 = VECTOR('',#405,1.);
#405 = DIRECTION('',(0.,0.,1.));
#406 = ORIENTED_EDGE('',*,*,#235,.T.);
#407 = ORIENTED_EDGE('',*,*,#384,.F.);
#408 = ORIENTED_EDGE('',*,*,#409,.F.);
#409 = EDGE_CURVE('',#410,#377,#412,.T.);
#410 = VERTEX_POINT('',#411);
#411 = CARTESIAN_POINT('',(2.5,2.2,0.2));
#412 = LINE('',#413,#414);
#413 = CARTESIAN_POINT('',(2.5,-2.5,0.2));
#414 = VECTOR('',#415,1.);
#415 = DIRECTION('',(0.,1.,0.));
#416 = ORIENTED_EDGE('',*,*,#417,.T.);
#417 = EDGE_CURVE('',#410,#418,#420,.T.);
#418 = VERTEX_POINT('',#419);
#419 = CARTESIAN_POINT('',(2.5,2.2,0.261677929985));
#420 = LINE('',#421,#422);
#421 = CARTESIAN_POINT('',(2.5,2.2,0.1));
#422 = VECTOR('',#423,1.);
#423 = DIRECTION('',(0.,0.,1.));
#424 = ORIENTED_EDGE('',*,*,#425,.F.);
#425 = EDGE_CURVE('',#426,#418,#428,.T.);
#426 = VERTEX_POINT('',#427);
#427 = CARTESIAN_POINT('',(2.5,1.2,0.261677929985));
#428 = LINE('',#429,#430);
#429 = CARTESIAN_POINT('',(2.5,1.005,0.261677929985));
#430 = VECTOR('',#431,1.);
#431 = DIRECTION('',(0.,1.,0.));
#432 = ORIENTED_EDGE('',*,*,#433,.T.);
#433 = EDGE_CURVE('',#426,#434,#436,.T.);
#434 = VERTEX_POINT('',#435);
#435 = CARTESIAN_POINT('',(2.5,1.2,0.2));
#436 = LINE('',#437,#438);
#437 = CARTESIAN_POINT('',(2.5,1.2,0.1));
#438 = VECTOR('',#439,1.);
#439 = DIRECTION('',(0.,0.,-1.));
#440 = ORIENTED_EDGE('',*,*,#441,.F.);
#441 = EDGE_CURVE('',#442,#434,#444,.T.);
#442 = VERTEX_POINT('',#443);
#443 = CARTESIAN_POINT('',(2.5,0.5,0.2));
#444 = LINE('',#445,#446);
#445 = CARTESIAN_POINT('',(2.5,-2.5,0.2));
#446 = VECTOR('',#447,1.);
#447 = DIRECTION('',(0.,1.,0.));
#448 = ORIENTED_EDGE('',*,*,#449,.T.);
#449 = EDGE_CURVE('',#442,#450,#452,.T.);
#450 = VERTEX_POINT('',#451);
#451 = CARTESIAN_POINT('',(2.5,0.5,0.261677929985));
#452 = LINE('',#453,#454);
#453 = CARTESIAN_POINT('',(2.5,0.5,0.1));
#454 = VECTOR('',#455,1.);
#455 = DIRECTION('',(0.,0.,1.));
#456 = ORIENTED_EDGE('',*,*,#457,.F.);
#457 = EDGE_CURVE('',#458,#450,#460,.T.);
#458 = VERTEX_POINT('',#459);
#459 = CARTESIAN_POINT('',(2.5,-0.5,0.261677929985));
#460 = LINE('',#461,#462);
#461 = CARTESIAN_POINT('',(2.5,-0.695,0.261677929985));
#462 = VECTOR('',#463,1.);
#463 = DIRECTION('',(0.,1.,0.));
#464 = ORIENTED_EDGE('',*,*,#465,.T.);
#465 = EDGE_CURVE('',#458,#466,#468,.T.);
#466 = VERTEX_POINT('',#467);
#467 = CARTESIAN_POINT('',(2.5,-0.5,0.2));
#468 = LINE('',#469,#470);
#469 = CARTESIAN_POINT('',(2.5,-0.5,0.1));
#470 = VECTOR('',#471,1.);
#471 = DIRECTION('',(0.,0.,-1.));
#472 = ORIENTED_EDGE('',*,*,#473,.F.);
#473 = EDGE_CURVE('',#474,#466,#476,.T.);
#474 = VERTEX_POINT('',#475);
#475 = CARTESIAN_POINT('',(2.5,-1.2,0.2));
#476 = LINE('',#477,#478);
#477 = CARTESIAN_POINT('',(2.5,-2.5,0.2));
#478 = VECTOR('',#479,1.);
#479 = DIRECTION('',(0.,1.,0.));
#480 = ORIENTED_EDGE('',*,*,#481,.T.);
#481 = EDGE_CURVE('',#474,#482,#484,.T.);
#482 = VERTEX_POINT('',#483);
#483 = CARTESIAN_POINT('',(2.5,-1.2,0.261677929985));
#484 = LINE('',#485,#486);
#485 = CARTESIAN_POINT('',(2.5,-1.2,0.1));
#486 = VECTOR('',#487,1.);
#487 = DIRECTION('',(0.,0.,1.));
#488 = ORIENTED_EDGE('',*,*,#489,.F.);
#489 = EDGE_CURVE('',#490,#482,#492,.T.);
#490 = VERTEX_POINT('',#491);
#491 = CARTESIAN_POINT('',(2.5,-2.2,0.261677929985));
#492 = LINE('',#493,#494);
#493 = CARTESIAN_POINT('',(2.5,-2.395,0.261677929985));
#494 = VECTOR('',#495,1.);
#495 = DIRECTION('',(0.,1.,0.));
#496 = ORIENTED_EDGE('',*,*,#497,.T.);
#497 = EDGE_CURVE('',#490,#498,#500,.T.);
#498 = VERTEX_POINT('',#499);
#499 = CARTESIAN_POINT('',(2.5,-2.2,0.2));
#500 = LINE('',#501,#502);
#501 = CARTESIAN_POINT('',(2.5,-2.2,0.1));
#502 = VECTOR('',#503,1.);
#503 = DIRECTION('',(0.,0.,-1.));
#504 = ORIENTED_EDGE('',*,*,#505,.F.);
#505 = EDGE_CURVE('',#400,#498,#506,.T.);
#506 = LINE('',#507,#508);
#507 = CARTESIAN_POINT('',(2.5,-2.5,0.2));
#508 = VECTOR('',#509,1.);
#509 = DIRECTION('',(0.,1.,0.));
#510 = FACE_BOUND('',#511,.F.);
#511 = EDGE_LOOP('',(#512,#522,#530,#538));
#512 = ORIENTED_EDGE('',*,*,#513,.F.);
#513 = EDGE_CURVE('',#514,#516,#518,.T.);
#514 = VERTEX_POINT('',#515);
#515 = CARTESIAN_POINT('',(2.5,-2.2,1.));
#516 = VERTEX_POINT('',#517);
#517 = CARTESIAN_POINT('',(2.5,-1.2,1.));
#518 = LINE('',#519,#520);
#519 = CARTESIAN_POINT('',(2.5,-2.1,1.));
#520 = VECTOR('',#521,1.);
#521 = DIRECTION('',(0.,1.,0.));
#522 = ORIENTED_EDGE('',*,*,#523,.T.);
#523 = EDGE_CURVE('',#514,#524,#526,.T.);
#524 = VERTEX_POINT('',#525);
#525 = CARTESIAN_POINT('',(2.5,-2.2,0.738322070015));
#526 = LINE('',#527,#528);
#527 = CARTESIAN_POINT('',(2.5,-2.2,0.1));
#528 = VECTOR('',#529,1.);
#529 = DIRECTION('',(0.,0.,-1.));
#530 = ORIENTED_EDGE('',*,*,#531,.T.);
#531 = EDGE_CURVE('',#524,#532,#534,.T.);
#532 = VERTEX_POINT('',#533);
#533 = CARTESIAN_POINT('',(2.5,-1.2,0.738322070015));
#534 = LINE('',#535,#536);
#535 = CARTESIAN_POINT('',(2.5,-2.395,0.738322070015));
#536 = VECTOR('',#537,1.);
#537 = DIRECTION('',(0.,1.,0.));
#538 = ORIENTED_EDGE('',*,*,#539,.T.);
#539 = EDGE_CURVE('',#532,#516,#540,.T.);
#540 = LINE('',#541,#542);
#541 = CARTESIAN_POINT('',(2.5,-1.2,0.1));
#542 = VECTOR('',#543,1.);
#543 = DIRECTION('',(0.,0.,1.));
#544 = FACE_BOUND('',#545,.F.);
#545 = EDGE_LOOP('',(#546,#556,#564,#572));
#546 = ORIENTED_EDGE('',*,*,#547,.T.);
#547 = EDGE_CURVE('',#548,#550,#552,.T.);
#548 = VERTEX_POINT('',#549);
#549 = CARTESIAN_POINT('',(2.5,-0.5,0.738322070015));
#550 = VERTEX_POINT('',#551);
#551 = CARTESIAN_POINT('',(2.5,0.5,0.738322070015));
#552 = LINE('',#553,#554);
#553 = CARTESIAN_POINT('',(2.5,-0.695,0.738322070015));
#554 = VECTOR('',#555,1.);
#555 = DIRECTION('',(0.,1.,0.));
#556 = ORIENTED_EDGE('',*,*,#557,.T.);
#557 = EDGE_CURVE('',#550,#558,#560,.T.);
#558 = VERTEX_POINT('',#559);
#559 = CARTESIAN_POINT('',(2.5,0.5,1.));
#560 = LINE('',#561,#562);
#561 = CARTESIAN_POINT('',(2.5,0.5,0.1));
#562 = VECTOR('',#563,1.);
#563 = DIRECTION('',(0.,0.,1.));
#564 = ORIENTED_EDGE('',*,*,#565,.F.);
#565 = EDGE_CURVE('',#566,#558,#568,.T.);
#566 = VERTEX_POINT('',#567);
#567 = CARTESIAN_POINT('',(2.5,-0.5,1.));
#568 = LINE('',#569,#570);
#569 = CARTESIAN_POINT('',(2.5,-1.25,1.));
#570 = VECTOR('',#571,1.);
#571 = DIRECTION('',(0.,1.,0.));
#572 = ORIENTED_EDGE('',*,*,#573,.T.);
#573 = EDGE_CURVE('',#566,#548,#574,.T.);
#574 = LINE('',#575,#576);
#575 = CARTESIAN_POINT('',(2.5,-0.5,0.1));
#576 = VECTOR('',#577,1.);
#577 = DIRECTION('',(0.,0.,-1.));
#578 = FACE_BOUND('',#579,.F.);
#579 = EDGE_LOOP('',(#580,#590,#598,#606));
#580 = ORIENTED_EDGE('',*,*,#581,.F.);
#581 = EDGE_CURVE('',#582,#584,#586,.T.);
#582 = VERTEX_POINT('',#583);
#583 = CARTESIAN_POINT('',(2.5,1.2,1.));
#584 = VERTEX_POINT('',#585);
#585 = CARTESIAN_POINT('',(2.5,2.2,1.));
#586 = LINE('',#587,#588);
#587 = CARTESIAN_POINT('',(2.5,-0.4,1.));
#588 = VECTOR('',#589,1.);
#589 = DIRECTION('',(0.,1.,0.));
#590 = ORIENTED_EDGE('',*,*,#591,.T.);
#591 = EDGE_CURVE('',#582,#592,#594,.T.);
#592 = VERTEX_POINT('',#593);
#593 = CARTESIAN_POINT('',(2.5,1.2,0.738322070015));
#594 = LINE('',#595,#596);
#595 = CARTESIAN_POINT('',(2.5,1.2,0.1));
#596 = VECTOR('',#597,1.);
#597 = DIRECTION('',(0.,0.,-1.));
#598 = ORIENTED_EDGE('',*,*,#599,.T.);
#599 = EDGE_CURVE('',#592,#600,#602,.T.);
#600 = VERTEX_POINT('',#601);
#601 = CARTESIAN_POINT('',(2.5,2.2,0.738322070015));
#602 = LINE('',#603,#604);
#603 = CARTESIAN_POINT('',(2.5,1.005,0.738322070015));
#604 = VECTOR('',#605,1.);
#605 = DIRECTION('',(0.,1.,0.));
#606 = ORIENTED_EDGE('',*,*,#607,.T.);
#607 = EDGE_CURVE('',#600,#584,#608,.T.);
#608 = LINE('',#609,#610);
#609 = CARTESIAN_POINT('',(2.5,2.2,0.1));
#610 = VECTOR('',#611,1.);
#611 = DIRECTION('',(0.,0.,1.));
#612 = PLANE('',#613);
#613 = AXIS2_PLACEMENT_3D('',#614,#615,#616);
#614 = CARTESIAN_POINT('',(2.5,-2.5,0.2));
#615 = DIRECTION('',(-1.,0.,0.));
#616 = DIRECTION('',(0.,1.,0.));
#617 = ADVANCED_FACE('',(#618),#636,.T.);
#618 = FACE_BOUND('',#619,.T.);
#619 = EDGE_LOOP('',(#620,#621,#629,#635));
#620 = ORIENTED_EDGE('',*,*,#352,.T.);
#621 = ORIENTED_EDGE('',*,*,#622,.F.);
#622 = EDGE_CURVE('',#623,#353,#625,.T.);
#623 = VERTEX_POINT('',#624);
#624 = CARTESIAN_POINT('',(-2.5,1.464466094067,1.32));
#625 = LINE('',#626,#627);
#626 = CARTESIAN_POINT('',(-3.75,0.214466094067,1.32));
#627 = VECTOR('',#628,1.);
#628 = DIRECTION('',(0.707106781187,0.707106781187,0.));
#629 = ORIENTED_EDGE('',*,*,#630,.T.);
#630 = EDGE_CURVE('',#623,#262,#631,.T.);
#631 = LINE('',#632,#633);
#632 = CARTESIAN_POINT('',(-2.5,1.464466094067,0.76));
#633 = VECTOR('',#634,1.);
#634 = DIRECTION('',(0.,0.,1.));
#635 = ORIENTED_EDGE('',*,*,#261,.F.);
#636 = PLANE('',#637);
#637 = AXIS2_PLACEMENT_3D('',#638,#639,#640);
#638 = CARTESIAN_POINT('',(-3.75,0.214466094067,1.32));
#639 = DIRECTION('',(-0.707106781187,0.707106781187,0.));
#640 = DIRECTION('',(0.707106781187,0.707106781187,0.));
#641 = ADVANCED_FACE('',(#642),#660,.F.);
#642 = FACE_BOUND('',#643,.F.);
#643 = EDGE_LOOP('',(#644,#652,#653,#654));
#644 = ORIENTED_EDGE('',*,*,#645,.T.);
#645 = EDGE_CURVE('',#646,#286,#648,.T.);
#646 = VERTEX_POINT('',#647);
#647 = CARTESIAN_POINT('',(-2.5,-2.5,0.2));
#648 = LINE('',#649,#650);
#649 = CARTESIAN_POINT('',(-2.5,-2.5,0.2));
#650 = VECTOR('',#651,1.);
#651 = DIRECTION('',(0.,0.,1.));
#652 = ORIENTED_EDGE('',*,*,#285,.T.);
#653 = ORIENTED_EDGE('',*,*,#399,.F.);
#654 = ORIENTED_EDGE('',*,*,#655,.F.);
#655 = EDGE_CURVE('',#646,#400,#656,.T.);
#656 = LINE('',#657,#658);
#657 = CARTESIAN_POINT('',(-2.5,-2.5,0.2));
#658 = VECTOR('',#659,1.);
#659 = DIRECTION('',(1.,0.,0.));
#660 = PLANE('',#661);
#661 = AXIS2_PLACEMENT_3D('',#662,#663,#664);
#662 = CARTESIAN_POINT('',(-2.5,-2.5,0.2));
#663 = DIRECTION('',(0.,1.,0.));
#664 = DIRECTION('',(1.,0.,0.));
#665 = ADVANCED_FACE('',(#666,#780,#814,#848),#882,.F.);
#666 = FACE_BOUND('',#667,.F.);
#667 = EDGE_LOOP('',(#668,#669,#670,#678,#686,#694,#702,#710,#718,#726,
    #734,#742,#750,#758,#766,#772,#773,#779));
#668 = ORIENTED_EDGE('',*,*,#310,.T.);
#669 = ORIENTED_EDGE('',*,*,#645,.F.);
#670 = ORIENTED_EDGE('',*,*,#671,.F.);
#671 = EDGE_CURVE('',#672,#646,#674,.T.);
#672 = VERTEX_POINT('',#673);
#673 = CARTESIAN_POINT('',(-2.5,-2.2,0.2));
#674 = LINE('',#675,#676);
#675 = CARTESIAN_POINT('',(-2.5,2.5,0.2));
#676 = VECTOR('',#677,1.);
#677 = DIRECTION('',(0.,-1.,0.));
#678 = ORIENTED_EDGE('',*,*,#679,.T.);
#679 = EDGE_CURVE('',#672,#680,#682,.T.);
#680 = VERTEX_POINT('',#681);
#681 = CARTESIAN_POINT('',(-2.5,-2.2,0.261677929985));
#682 = LINE('',#683,#684);
#683 = CARTESIAN_POINT('',(-2.5,-2.2,0.1));
#684 = VECTOR('',#685,1.);
#685 = DIRECTION('',(0.,0.,1.));
#686 = ORIENTED_EDGE('',*,*,#687,.F.);
#687 = EDGE_CURVE('',#688,#680,#690,.T.);
#688 = VERTEX_POINT('',#689);
#689 = CARTESIAN_POINT('',(-2.5,-1.2,0.261677929985));
#690 = LINE('',#691,#692);
#691 = CARTESIAN_POINT('',(-2.5,-1.005,0.261677929985));
#692 = VECTOR('',#693,1.);
#693 = DIRECTION('',(0.,-1.,0.));
#694 = ORIENTED_EDGE('',*,*,#695,.T.);
#695 = EDGE_CURVE('',#688,#696,#698,.T.);
#696 = VERTEX_POINT('',#697);
#697 = CARTESIAN_POINT('',(-2.5,-1.2,0.2));
#698 = LINE('',#699,#700);
#699 = CARTESIAN_POINT('',(-2.5,-1.2,0.1));
#700 = VECTOR('',#701,1.);
#701 = DIRECTION('',(0.,0.,-1.));
#702 = ORIENTED_EDGE('',*,*,#703,.F.);
#703 = EDGE_CURVE('',#704,#696,#706,.T.);
#704 = VERTEX_POINT('',#705);
#705 = CARTESIAN_POINT('',(-2.5,-0.5,0.2));
#706 = LINE('',#707,#708);
#707 = CARTESIAN_POINT('',(-2.5,2.5,0.2));
#708 = VECTOR('',#709,1.);
#709 = DIRECTION('',(0.,-1.,0.));
#710 = ORIENTED_EDGE('',*,*,#711,.T.);
#711 = EDGE_CURVE('',#704,#712,#714,.T.);
#712 = VERTEX_POINT('',#713);
#713 = CARTESIAN_POINT('',(-2.5,-0.5,0.261677929985));
#714 = LINE('',#715,#716);
#715 = CARTESIAN_POINT('',(-2.5,-0.5,0.1));
#716 = VECTOR('',#717,1.);
#717 = DIRECTION('',(0.,0.,1.));
#718 = ORIENTED_EDGE('',*,*,#719,.F.);
#719 = EDGE_CURVE('',#720,#712,#722,.T.);
#720 = VERTEX_POINT('',#721);
#721 = CARTESIAN_POINT('',(-2.5,0.5,0.261677929985));
#722 = LINE('',#723,#724);
#723 = CARTESIAN_POINT('',(-2.5,0.695,0.261677929985));
#724 = VECTOR('',#725,1.);
#725 = DIRECTION('',(0.,-1.,0.));
#726 = ORIENTED_EDGE('',*,*,#727,.T.);
#727 = EDGE_CURVE('',#720,#728,#730,.T.);
#728 = VERTEX_POINT('',#729);
#729 = CARTESIAN_POINT('',(-2.5,0.5,0.2));
#730 = LINE('',#731,#732);
#731 = CARTESIAN_POINT('',(-2.5,0.5,0.1));
#732 = VECTOR('',#733,1.);
#733 = DIRECTION('',(0.,0.,-1.));
#734 = ORIENTED_EDGE('',*,*,#735,.F.);
#735 = EDGE_CURVE('',#736,#728,#738,.T.);
#736 = VERTEX_POINT('',#737);
#737 = CARTESIAN_POINT('',(-2.5,1.2,0.2));
#738 = LINE('',#739,#740);
#739 = CARTESIAN_POINT('',(-2.5,2.5,0.2));
#740 = VECTOR('',#741,1.);
#741 = DIRECTION('',(0.,-1.,0.));
#742 = ORIENTED_EDGE('',*,*,#743,.T.);
#743 = EDGE_CURVE('',#736,#744,#746,.T.);
#744 = VERTEX_POINT('',#745);
#745 = CARTESIAN_POINT('',(-2.5,1.2,0.261677929985));
#746 = LINE('',#747,#748);
#747 = CARTESIAN_POINT('',(-2.5,1.2,0.1));
#748 = VECTOR('',#749,1.);
#749 = DIRECTION('',(0.,0.,1.));
#750 = ORIENTED_EDGE('',*,*,#751,.F.);
#751 = EDGE_CURVE('',#752,#744,#754,.T.);
#752 = VERTEX_POINT('',#753);
#753 = CARTESIAN_POINT('',(-2.5,2.2,0.261677929985));
#754 = LINE('',#755,#756);
#755 = CARTESIAN_POINT('',(-2.5,2.395,0.261677929985));
#756 = VECTOR('',#757,1.);
#757 = DIRECTION('',(0.,-1.,0.));
#758 = ORIENTED_EDGE('',*,*,#759,.T.);
#759 = EDGE_CURVE('',#752,#760,#762,.T.);
#760 = VERTEX_POINT('',#761);
#761 = CARTESIAN_POINT('',(-2.5,2.2,0.2));
#762 = LINE('',#763,#764);
#763 = CARTESIAN_POINT('',(-2.5,2.2,0.1));
#764 = VECTOR('',#765,1.);
#765 = DIRECTION('',(0.,0.,-1.));
#766 = ORIENTED_EDGE('',*,*,#767,.F.);
#767 = EDGE_CURVE('',#369,#760,#768,.T.);
#768 = LINE('',#769,#770);
#769 = CARTESIAN_POINT('',(-2.5,2.5,0.2));
#770 = VECTOR('',#771,1.);
#771 = DIRECTION('',(0.,-1.,0.));
#772 = ORIENTED_EDGE('',*,*,#368,.T.);
#773 = ORIENTED_EDGE('',*,*,#774,.T.);
#774 = EDGE_CURVE('',#361,#623,#775,.T.);
#775 = LINE('',#776,#777);
#776 = CARTESIAN_POINT('',(-2.5,3.125,1.32));
#777 = VECTOR('',#778,1.);
#778 = DIRECTION('',(0.,-1.,0.));
#779 = ORIENTED_EDGE('',*,*,#630,.T.);
#780 = FACE_BOUND('',#781,.F.);
#781 = EDGE_LOOP('',(#782,#792,#800,#808));
#782 = ORIENTED_EDGE('',*,*,#783,.F.);
#783 = EDGE_CURVE('',#784,#786,#788,.T.);
#784 = VERTEX_POINT('',#785);
#785 = CARTESIAN_POINT('',(-2.5,2.2,1.));
#786 = VERTEX_POINT('',#787);
#787 = CARTESIAN_POINT('',(-2.5,1.2,1.));
#788 = LINE('',#789,#790);
#789 = CARTESIAN_POINT('',(-2.5,2.1,1.));
#790 = VECTOR('',#791,1.);
#791 = DIRECTION('',(0.,-1.,0.));
#792 = ORIENTED_EDGE('',*,*,#793,.T.);
#793 = EDGE_CURVE('',#784,#794,#796,.T.);
#794 = VERTEX_POINT('',#795);
#795 = CARTESIAN_POINT('',(-2.5,2.2,0.738322070015));
#796 = LINE('',#797,#798);
#797 = CARTESIAN_POINT('',(-2.5,2.2,0.1));
#798 = VECTOR('',#799,1.);
#799 = DIRECTION('',(0.,0.,-1.));
#800 = ORIENTED_EDGE('',*,*,#801,.T.);
#801 = EDGE_CURVE('',#794,#802,#804,.T.);
#802 = VERTEX_POINT('',#803);
#803 = CARTESIAN_POINT('',(-2.5,1.2,0.738322070015));
#804 = LINE('',#805,#806);
#805 = CARTESIAN_POINT('',(-2.5,2.395,0.738322070015));
#806 = VECTOR('',#807,1.);
#807 = DIRECTION('',(0.,-1.,0.));
#808 = ORIENTED_EDGE('',*,*,#809,.T.);
#809 = EDGE_CURVE('',#802,#786,#810,.T.);
#810 = LINE('',#811,#812);
#811 = CARTESIAN_POINT('',(-2.5,1.2,0.1));
#812 = VECTOR('',#813,1.);
#813 = DIRECTION('',(0.,0.,1.));
#814 = FACE_BOUND('',#815,.F.);
#815 = EDGE_LOOP('',(#816,#826,#834,#842));
#816 = ORIENTED_EDGE('',*,*,#817,.F.);
#817 = EDGE_CURVE('',#818,#820,#822,.T.);
#818 = VERTEX_POINT('',#819);
#819 = CARTESIAN_POINT('',(-2.5,0.5,1.));
#820 = VERTEX_POINT('',#821);
#821 = CARTESIAN_POINT('',(-2.5,-0.5,1.));
#822 = LINE('',#823,#824);
#823 = CARTESIAN_POINT('',(-2.5,1.25,1.));
#824 = VECTOR('',#825,1.);
#825 = DIRECTION('',(0.,-1.,0.));
#826 = ORIENTED_EDGE('',*,*,#827,.T.);
#827 = EDGE_CURVE('',#818,#828,#830,.T.);
#828 = VERTEX_POINT('',#829);
#829 = CARTESIAN_POINT('',(-2.5,0.5,0.738322070015));
#830 = LINE('',#831,#832);
#831 = CARTESIAN_POINT('',(-2.5,0.5,0.1));
#832 = VECTOR('',#833,1.);
#833 = DIRECTION('',(0.,0.,-1.));
#834 = ORIENTED_EDGE('',*,*,#835,.T.);
#835 = EDGE_CURVE('',#828,#836,#838,.T.);
#836 = VERTEX_POINT('',#837);
#837 = CARTESIAN_POINT('',(-2.5,-0.5,0.738322070015));
#838 = LINE('',#839,#840);
#839 = CARTESIAN_POINT('',(-2.5,0.695,0.738322070015));
#840 = VECTOR('',#841,1.);
#841 = DIRECTION('',(0.,-1.,0.));
#842 = ORIENTED_EDGE('',*,*,#843,.T.);
#843 = EDGE_CURVE('',#836,#820,#844,.T.);
#844 = LINE('',#845,#846);
#845 = CARTESIAN_POINT('',(-2.5,-0.5,0.1));
#846 = VECTOR('',#847,1.);
#847 = DIRECTION('',(0.,0.,1.));
#848 = FACE_BOUND('',#849,.F.);
#849 = EDGE_LOOP('',(#850,#860,#868,#876));
#850 = ORIENTED_EDGE('',*,*,#851,.T.);
#851 = EDGE_CURVE('',#852,#854,#856,.T.);
#852 = VERTEX_POINT('',#853);
#853 = CARTESIAN_POINT('',(-2.5,-1.2,1.));
#854 = VERTEX_POINT('',#855);
#855 = CARTESIAN_POINT('',(-2.5,-1.2,0.738322070015));
#856 = LINE('',#857,#858);
#857 = CARTESIAN_POINT('',(-2.5,-1.2,0.1));
#858 = VECTOR('',#859,1.);
#859 = DIRECTION('',(0.,0.,-1.));
#860 = ORIENTED_EDGE('',*,*,#861,.T.);
#861 = EDGE_CURVE('',#854,#862,#864,.T.);
#862 = VERTEX_POINT('',#863);
#863 = CARTESIAN_POINT('',(-2.5,-2.2,0.738322070015));
#864 = LINE('',#865,#866);
#865 = CARTESIAN_POINT('',(-2.5,-1.005,0.738322070015));
#866 = VECTOR('',#867,1.);
#867 = DIRECTION('',(0.,-1.,0.));
#868 = ORIENTED_EDGE('',*,*,#869,.T.);
#869 = EDGE_CURVE('',#862,#870,#872,.T.);
#870 = VERTEX_POINT('',#871);
#871 = CARTESIAN_POINT('',(-2.5,-2.2,1.));
#872 = LINE('',#873,#874);
#873 = CARTESIAN_POINT('',(-2.5,-2.2,0.1));
#874 = VECTOR('',#875,1.);
#875 = DIRECTION('',(0.,0.,1.));
#876 = ORIENTED_EDGE('',*,*,#877,.F.);
#877 = EDGE_CURVE('',#852,#870,#878,.T.);
#878 = LINE('',#879,#880);
#879 = CARTESIAN_POINT('',(-2.5,0.4,1.));
#880 = VECTOR('',#881,1.);
#881 = DIRECTION('',(0.,-1.,0.));
#882 = PLANE('',#883);
#883 = AXIS2_PLACEMENT_3D('',#884,#885,#886);
#884 = CARTESIAN_POINT('',(-2.5,2.5,0.2));
#885 = DIRECTION('',(1.,0.,0.));
#886 = DIRECTION('',(0.,-1.,0.));
#887 = ADVANCED_FACE('',(#888),#891,.T.);
#888 = FACE_BOUND('',#889,.T.);
#889 = EDGE_LOOP('',(#890));
#890 = ORIENTED_EDGE('',*,*,#337,.T.);
#891 = PLANE('',#892);
#892 = AXIS2_PLACEMENT_3D('',#893,#894,#895);
#893 = CARTESIAN_POINT('',(-1.538370149107E-16,1.370800865949E-16,1.25)
  );
#894 = DIRECTION('',(0.,0.,1.));
#895 = DIRECTION('',(1.,0.,-0.));
#896 = ADVANCED_FACE('',(#897),#902,.T.);
#897 = FACE_BOUND('',#898,.T.);
#898 = EDGE_LOOP('',(#899,#900,#901));
#899 = ORIENTED_EDGE('',*,*,#774,.T.);
#900 = ORIENTED_EDGE('',*,*,#622,.T.);
#901 = ORIENTED_EDGE('',*,*,#360,.T.);
#902 = PLANE('',#903);
#903 = AXIS2_PLACEMENT_3D('',#904,#905,#906);
#904 = CARTESIAN_POINT('',(-3.75,3.75,1.32));
#905 = DIRECTION('',(0.,0.,1.));
#906 = DIRECTION('',(0.707106781187,0.707106781187,-0.));
#907 = ADVANCED_FACE('',(#908,#1052,#1086,#1120,#1154,#1188,#1222),#1256
  ,.F.);
#908 = FACE_BOUND('',#909,.F.);
#909 = EDGE_LOOP('',(#910,#911,#912,#913,#921,#929,#935,#936,#944,#952,
    #958,#959,#967,#975,#981,#982,#983,#984,#992,#1000,#1006,#1007,#1015
    ,#1023,#1029,#1030,#1038,#1046));
#910 = ORIENTED_EDGE('',*,*,#671,.T.);
#911 = ORIENTED_EDGE('',*,*,#655,.T.);
#912 = ORIENTED_EDGE('',*,*,#505,.T.);
#913 = ORIENTED_EDGE('',*,*,#914,.T.);
#914 = EDGE_CURVE('',#498,#915,#917,.T.);
#915 = VERTEX_POINT('',#916);
#916 = CARTESIAN_POINT('',(2.438322070015,-2.2,0.2));
#917 = LINE('',#918,#919);
#918 = CARTESIAN_POINT('',(0.85,-2.2,0.2));
#919 = VECTOR('',#920,1.);
#920 = DIRECTION('',(-1.,0.,0.));
#921 = ORIENTED_EDGE('',*,*,#922,.T.);
#922 = EDGE_CURVE('',#915,#923,#925,.T.);
#923 = VERTEX_POINT('',#924);
#924 = CARTESIAN_POINT('',(2.438322070015,-1.2,0.2));
#925 = LINE('',#926,#927);
#926 = CARTESIAN_POINT('',(2.438322070015,-2.395,0.2));
#927 = VECTOR('',#928,1.);
#928 = DIRECTION('',(0.,1.,0.));
#929 = ORIENTED_EDGE('',*,*,#930,.T.);
#930 = EDGE_CURVE('',#923,#474,#931,.T.);
#931 = LINE('',#932,#933);
#932 = CARTESIAN_POINT('',(1.35,-1.2,0.2));
#933 = VECTOR('',#934,1.);
#934 = DIRECTION('',(1.,0.,0.));
#935 = ORIENTED_EDGE('',*,*,#473,.T.);
#936 = ORIENTED_EDGE('',*,*,#937,.T.);
#937 = EDGE_CURVE('',#466,#938,#940,.T.);
#938 = VERTEX_POINT('',#939);
#939 = CARTESIAN_POINT('',(2.438322070015,-0.5,0.2));
#940 = LINE('',#941,#942);
#941 = CARTESIAN_POINT('',(0.85,-0.5,0.2));
#942 = VECTOR('',#943,1.);
#943 = DIRECTION('',(-1.,0.,0.));
#944 = ORIENTED_EDGE('',*,*,#945,.T.);
#945 = EDGE_CURVE('',#938,#946,#948,.T.);
#946 = VERTEX_POINT('',#947);
#947 = CARTESIAN_POINT('',(2.438322070015,0.5,0.2));
#948 = LINE('',#949,#950);
#949 = CARTESIAN_POINT('',(2.438322070015,-0.695,0.2));
#950 = VECTOR('',#951,1.);
#951 = DIRECTION('',(0.,1.,0.));
#952 = ORIENTED_EDGE('',*,*,#953,.T.);
#953 = EDGE_CURVE('',#946,#442,#954,.T.);
#954 = LINE('',#955,#956);
#955 = CARTESIAN_POINT('',(1.35,0.5,0.2));
#956 = VECTOR('',#957,1.);
#957 = DIRECTION('',(1.,0.,0.));
#958 = ORIENTED_EDGE('',*,*,#441,.T.);
#959 = ORIENTED_EDGE('',*,*,#960,.T.);
#960 = EDGE_CURVE('',#434,#961,#963,.T.);
#961 = VERTEX_POINT('',#962);
#962 = CARTESIAN_POINT('',(2.438322070015,1.2,0.2));
#963 = LINE('',#964,#965);
#964 = CARTESIAN_POINT('',(0.85,1.2,0.2));
#965 = VECTOR('',#966,1.);
#966 = DIRECTION('',(-1.,0.,0.));
#967 = ORIENTED_EDGE('',*,*,#968,.T.);
#968 = EDGE_CURVE('',#961,#969,#971,.T.);
#969 = VERTEX_POINT('',#970);
#970 = CARTESIAN_POINT('',(2.438322070015,2.2,0.2));
#971 = LINE('',#972,#973);
#972 = CARTESIAN_POINT('',(2.438322070015,1.005,0.2));
#973 = VECTOR('',#974,1.);
#974 = DIRECTION('',(0.,1.,0.));
#975 = ORIENTED_EDGE('',*,*,#976,.T.);
#976 = EDGE_CURVE('',#969,#410,#977,.T.);
#977 = LINE('',#978,#979);
#978 = CARTESIAN_POINT('',(1.35,2.2,0.2));
#979 = VECTOR('',#980,1.);
#980 = DIRECTION('',(1.,0.,0.));
#981 = ORIENTED_EDGE('',*,*,#409,.T.);
#982 = ORIENTED_EDGE('',*,*,#376,.T.);
#983 = ORIENTED_EDGE('',*,*,#767,.T.);
#984 = ORIENTED_EDGE('',*,*,#985,.T.);
#985 = EDGE_CURVE('',#760,#986,#988,.T.);
#986 = VERTEX_POINT('',#987);
#987 = CARTESIAN_POINT('',(-2.438322070015,2.2,0.2));
#988 = LINE('',#989,#990);
#989 = CARTESIAN_POINT('',(-0.85,2.2,0.2));
#990 = VECTOR('',#991,1.);
#991 = DIRECTION('',(1.,0.,0.));
#992 = ORIENTED_EDGE('',*,*,#993,.T.);
#993 = EDGE_CURVE('',#986,#994,#996,.T.);
#994 = VERTEX_POINT('',#995);
#995 = CARTESIAN_POINT('',(-2.438322070015,1.2,0.2));
#996 = LINE('',#997,#998);
#997 = CARTESIAN_POINT('',(-2.438322070015,2.395,0.2));
#998 = VECTOR('',#999,1.);
#999 = DIRECTION('',(0.,-1.,0.));
#1000 = ORIENTED_EDGE('',*,*,#1001,.T.);
#1001 = EDGE_CURVE('',#994,#736,#1002,.T.);
#1002 = LINE('',#1003,#1004);
#1003 = CARTESIAN_POINT('',(-1.35,1.2,0.2));
#1004 = VECTOR('',#1005,1.);
#1005 = DIRECTION('',(-1.,0.,0.));
#1006 = ORIENTED_EDGE('',*,*,#735,.T.);
#1007 = ORIENTED_EDGE('',*,*,#1008,.T.);
#1008 = EDGE_CURVE('',#728,#1009,#1011,.T.);
#1009 = VERTEX_POINT('',#1010);
#1010 = CARTESIAN_POINT('',(-2.438322070015,0.5,0.2));
#1011 = LINE('',#1012,#1013);
#1012 = CARTESIAN_POINT('',(-0.85,0.5,0.2));
#1013 = VECTOR('',#1014,1.);
#1014 = DIRECTION('',(1.,0.,0.));
#1015 = ORIENTED_EDGE('',*,*,#1016,.T.);
#1016 = EDGE_CURVE('',#1009,#1017,#1019,.T.);
#1017 = VERTEX_POINT('',#1018);
#1018 = CARTESIAN_POINT('',(-2.438322070015,-0.5,0.2));
#1019 = LINE('',#1020,#1021);
#1020 = CARTESIAN_POINT('',(-2.438322070015,0.695,0.2));
#1021 = VECTOR('',#1022,1.);
#1022 = DIRECTION('',(0.,-1.,0.));
#1023 = ORIENTED_EDGE('',*,*,#1024,.T.);
#1024 = EDGE_CURVE('',#1017,#704,#1025,.T.);
#1025 = LINE('',#1026,#1027);
#1026 = CARTESIAN_POINT('',(-1.35,-0.5,0.2));
#1027 = VECTOR('',#1028,1.);
#1028 = DIRECTION('',(-1.,0.,0.));
#1029 = ORIENTED_EDGE('',*,*,#703,.T.);
#1030 = ORIENTED_EDGE('',*,*,#1031,.T.);
#1031 = EDGE_CURVE('',#696,#1032,#1034,.T.);
#1032 = VERTEX_POINT('',#1033);
#1033 = CARTESIAN_POINT('',(-2.438322070015,-1.2,0.2));
#1034 = LINE('',#1035,#1036);
#1035 = CARTESIAN_POINT('',(-0.85,-1.2,0.2));
#1036 = VECTOR('',#1037,1.);
#1037 = DIRECTION('',(1.,0.,0.));
#1038 = ORIENTED_EDGE('',*,*,#1039,.T.);
#1039 = EDGE_CURVE('',#1032,#1040,#1042,.T.);
#1040 = VERTEX_POINT('',#1041);
#1041 = CARTESIAN_POINT('',(-2.438322070015,-2.2,0.2));
#1042 = LINE('',#1043,#1044);
#1043 = CARTESIAN_POINT('',(-2.438322070015,-1.005,0.2));
#1044 = VECTOR('',#1045,1.);
#1045 = DIRECTION('',(0.,-1.,0.));
#1046 = ORIENTED_EDGE('',*,*,#1047,.T.);
#1047 = EDGE_CURVE('',#1040,#672,#1048,.T.);
#1048 = LINE('',#1049,#1050);
#1049 = CARTESIAN_POINT('',(-1.35,-2.2,0.2));
#1050 = VECTOR('',#1051,1.);
#1051 = DIRECTION('',(-1.,0.,0.));
#1052 = FACE_BOUND('',#1053,.F.);
#1053 = EDGE_LOOP('',(#1054,#1064,#1072,#1080));
#1054 = ORIENTED_EDGE('',*,*,#1055,.T.);
#1055 = EDGE_CURVE('',#1056,#1058,#1060,.T.);
#1056 = VERTEX_POINT('',#1057);
#1057 = CARTESIAN_POINT('',(1.961677929985,-1.2,0.2));
#1058 = VERTEX_POINT('',#1059);
#1059 = CARTESIAN_POINT('',(1.961677929985,-2.2,0.2));
#1060 = LINE('',#1061,#1062);
#1061 = CARTESIAN_POINT('',(1.961677929985,-1.005,0.2));
#1062 = VECTOR('',#1063,1.);
#1063 = DIRECTION('',(0.,-1.,0.));
#1064 = ORIENTED_EDGE('',*,*,#1065,.T.);
#1065 = EDGE_CURVE('',#1058,#1066,#1068,.T.);
#1066 = VERTEX_POINT('',#1067);
#1067 = CARTESIAN_POINT('',(1.7,-2.2,0.2));
#1068 = LINE('',#1069,#1070);
#1069 = CARTESIAN_POINT('',(0.85,-2.2,0.2));
#1070 = VECTOR('',#1071,1.);
#1071 = DIRECTION('',(-1.,0.,0.));
#1072 = ORIENTED_EDGE('',*,*,#1073,.T.);
#1073 = EDGE_CURVE('',#1066,#1074,#1076,.T.);
#1074 = VERTEX_POINT('',#1075);
#1075 = CARTESIAN_POINT('',(1.7,-1.2,0.2));
#1076 = LINE('',#1077,#1078);
#1077 = CARTESIAN_POINT('',(1.7,-0.6,0.2));
#1078 = VECTOR('',#1079,1.);
#1079 = DIRECTION('',(0.,1.,0.));
#1080 = ORIENTED_EDGE('',*,*,#1081,.T.);
#1081 = EDGE_CURVE('',#1074,#1056,#1082,.T.);
#1082 = LINE('',#1083,#1084);
#1083 = CARTESIAN_POINT('',(1.35,-1.2,0.2));
#1084 = VECTOR('',#1085,1.);
#1085 = DIRECTION('',(1.,0.,0.));
#1086 = FACE_BOUND('',#1087,.F.);
#1087 = EDGE_LOOP('',(#1088,#1098,#1106,#1114));
#1088 = ORIENTED_EDGE('',*,*,#1089,.T.);
#1089 = EDGE_CURVE('',#1090,#1092,#1094,.T.);
#1090 = VERTEX_POINT('',#1091);
#1091 = CARTESIAN_POINT('',(-1.7,-1.2,0.2));
#1092 = VERTEX_POINT('',#1093);
#1093 = CARTESIAN_POINT('',(-1.7,-2.2,0.2));
#1094 = LINE('',#1095,#1096);
#1095 = CARTESIAN_POINT('',(-1.7,-1.1,0.2));
#1096 = VECTOR('',#1097,1.);
#1097 = DIRECTION('',(0.,-1.,0.));
#1098 = ORIENTED_EDGE('',*,*,#1099,.T.);
#1099 = EDGE_CURVE('',#1092,#1100,#1102,.T.);
#1100 = VERTEX_POINT('',#1101);
#1101 = CARTESIAN_POINT('',(-1.961677929985,-2.2,0.2));
#1102 = LINE('',#1103,#1104);
#1103 = CARTESIAN_POINT('',(-1.35,-2.2,0.2));
#1104 = VECTOR('',#1105,1.);
#1105 = DIRECTION('',(-1.,0.,0.));
#1106 = ORIENTED_EDGE('',*,*,#1107,.T.);
#1107 = EDGE_CURVE('',#1100,#1108,#1110,.T.);
#1108 = VERTEX_POINT('',#1109);
#1109 = CARTESIAN_POINT('',(-1.961677929985,-1.2,0.2));
#1110 = LINE('',#1111,#1112);
#1111 = CARTESIAN_POINT('',(-1.961677929985,-2.395,0.2));
#1112 = VECTOR('',#1113,1.);
#1113 = DIRECTION('',(0.,1.,0.));
#1114 = ORIENTED_EDGE('',*,*,#1115,.T.);
#1115 = EDGE_CURVE('',#1108,#1090,#1116,.T.);
#1116 = LINE('',#1117,#1118);
#1117 = CARTESIAN_POINT('',(-0.85,-1.2,0.2));
#1118 = VECTOR('',#1119,1.);
#1119 = DIRECTION('',(1.,0.,0.));
#1120 = FACE_BOUND('',#1121,.F.);
#1121 = EDGE_LOOP('',(#1122,#1132,#1140,#1148));
#1122 = ORIENTED_EDGE('',*,*,#1123,.T.);
#1123 = EDGE_CURVE('',#1124,#1126,#1128,.T.);
#1124 = VERTEX_POINT('',#1125);
#1125 = CARTESIAN_POINT('',(-1.961677929985,1.2,0.2));
#1126 = VERTEX_POINT('',#1127);
#1127 = CARTESIAN_POINT('',(-1.961677929985,2.2,0.2));
#1128 = LINE('',#1129,#1130);
#1129 = CARTESIAN_POINT('',(-1.961677929985,1.005,0.2));
#1130 = VECTOR('',#1131,1.);
#1131 = DIRECTION('',(0.,1.,0.));
#1132 = ORIENTED_EDGE('',*,*,#1133,.T.);
#1133 = EDGE_CURVE('',#1126,#1134,#1136,.T.);
#1134 = VERTEX_POINT('',#1135);
#1135 = CARTESIAN_POINT('',(-1.7,2.2,0.2));
#1136 = LINE('',#1137,#1138);
#1137 = CARTESIAN_POINT('',(-0.85,2.2,0.2));
#1138 = VECTOR('',#1139,1.);
#1139 = DIRECTION('',(1.,0.,0.));
#1140 = ORIENTED_EDGE('',*,*,#1141,.T.);
#1141 = EDGE_CURVE('',#1134,#1142,#1144,.T.);
#1142 = VERTEX_POINT('',#1143);
#1143 = CARTESIAN_POINT('',(-1.7,1.2,0.2));
#1144 = LINE('',#1145,#1146);
#1145 = CARTESIAN_POINT('',(-1.7,0.6,0.2));
#1146 = VECTOR('',#1147,1.);
#1147 = DIRECTION('',(0.,-1.,0.));
#1148 = ORIENTED_EDGE('',*,*,#1149,.T.);
#1149 = EDGE_CURVE('',#1142,#1124,#1150,.T.);
#1150 = LINE('',#1151,#1152);
#1151 = CARTESIAN_POINT('',(-1.35,1.2,0.2));
#1152 = VECTOR('',#1153,1.);
#1153 = DIRECTION('',(-1.,0.,0.));
#1154 = FACE_BOUND('',#1155,.F.);
#1155 = EDGE_LOOP('',(#1156,#1166,#1174,#1182));
#1156 = ORIENTED_EDGE('',*,*,#1157,.T.);
#1157 = EDGE_CURVE('',#1158,#1160,#1162,.T.);
#1158 = VERTEX_POINT('',#1159);
#1159 = CARTESIAN_POINT('',(-1.961677929985,-0.5,0.2));
#1160 = VERTEX_POINT('',#1161);
#1161 = CARTESIAN_POINT('',(-1.961677929985,0.5,0.2));
#1162 = LINE('',#1163,#1164);
#1163 = CARTESIAN_POINT('',(-1.961677929985,-0.695,0.2));
#1164 = VECTOR('',#1165,1.);
#1165 = DIRECTION('',(0.,1.,0.));
#1166 = ORIENTED_EDGE('',*,*,#1167,.T.);
#1167 = EDGE_CURVE('',#1160,#1168,#1170,.T.);
#1168 = VERTEX_POINT('',#1169);
#1169 = CARTESIAN_POINT('',(-1.7,0.5,0.2));
#1170 = LINE('',#1171,#1172);
#1171 = CARTESIAN_POINT('',(-0.85,0.5,0.2));
#1172 = VECTOR('',#1173,1.);
#1173 = DIRECTION('',(1.,0.,0.));
#1174 = ORIENTED_EDGE('',*,*,#1175,.T.);
#1175 = EDGE_CURVE('',#1168,#1176,#1178,.T.);
#1176 = VERTEX_POINT('',#1177);
#1177 = CARTESIAN_POINT('',(-1.7,-0.5,0.2));
#1178 = LINE('',#1179,#1180);
#1179 = CARTESIAN_POINT('',(-1.7,-0.25,0.2));
#1180 = VECTOR('',#1181,1.);
#1181 = DIRECTION('',(0.,-1.,0.));
#1182 = ORIENTED_EDGE('',*,*,#1183,.T.);
#1183 = EDGE_CURVE('',#1176,#1158,#1184,.T.);
#1184 = LINE('',#1185,#1186);
#1185 = CARTESIAN_POINT('',(-1.35,-0.5,0.2));
#1186 = VECTOR('',#1187,1.);
#1187 = DIRECTION('',(-1.,0.,0.));
#1188 = FACE_BOUND('',#1189,.F.);
#1189 = EDGE_LOOP('',(#1190,#1200,#1208,#1216));
#1190 = ORIENTED_EDGE('',*,*,#1191,.T.);
#1191 = EDGE_CURVE('',#1192,#1194,#1196,.T.);
#1192 = VERTEX_POINT('',#1193);
#1193 = CARTESIAN_POINT('',(1.961677929985,2.2,0.2));
#1194 = VERTEX_POINT('',#1195);
#1195 = CARTESIAN_POINT('',(1.961677929985,1.2,0.2));
#1196 = LINE('',#1197,#1198);
#1197 = CARTESIAN_POINT('',(1.961677929985,2.395,0.2));
#1198 = VECTOR('',#1199,1.);
#1199 = DIRECTION('',(0.,-1.,0.));
#1200 = ORIENTED_EDGE('',*,*,#1201,.T.);
#1201 = EDGE_CURVE('',#1194,#1202,#1204,.T.);
#1202 = VERTEX_POINT('',#1203);
#1203 = CARTESIAN_POINT('',(1.7,1.2,0.2));
#1204 = LINE('',#1205,#1206);
#1205 = CARTESIAN_POINT('',(0.85,1.2,0.2));
#1206 = VECTOR('',#1207,1.);
#1207 = DIRECTION('',(-1.,0.,0.));
#1208 = ORIENTED_EDGE('',*,*,#1209,.T.);
#1209 = EDGE_CURVE('',#1202,#1210,#1212,.T.);
#1210 = VERTEX_POINT('',#1211);
#1211 = CARTESIAN_POINT('',(1.7,2.2,0.2));
#1212 = LINE('',#1213,#1214);
#1213 = CARTESIAN_POINT('',(1.7,1.1,0.2));
#1214 = VECTOR('',#1215,1.);
#1215 = DIRECTION('',(0.,1.,0.));
#1216 = ORIENTED_EDGE('',*,*,#1217,.T.);
#1217 = EDGE_CURVE('',#1210,#1192,#1218,.T.);
#1218 = LINE('',#1219,#1220);
#1219 = CARTESIAN_POINT('',(1.35,2.2,0.2));
#1220 = VECTOR('',#1221,1.);
#1221 = DIRECTION('',(1.,0.,0.));
#1222 = FACE_BOUND('',#1223,.F.);
#1223 = EDGE_LOOP('',(#1224,#1234,#1242,#1250));
#1224 = ORIENTED_EDGE('',*,*,#1225,.T.);
#1225 = EDGE_CURVE('',#1226,#1228,#1230,.T.);
#1226 = VERTEX_POINT('',#1227);
#1227 = CARTESIAN_POINT('',(1.7,-0.5,0.2));
#1228 = VERTEX_POINT('',#1229);
#1229 = CARTESIAN_POINT('',(1.7,0.5,0.2));
#1230 = LINE('',#1231,#1232);
#1231 = CARTESIAN_POINT('',(1.7,0.25,0.2));
#1232 = VECTOR('',#1233,1.);
#1233 = DIRECTION('',(0.,1.,0.));
#1234 = ORIENTED_EDGE('',*,*,#1235,.T.);
#1235 = EDGE_CURVE('',#1228,#1236,#1238,.T.);
#1236 = VERTEX_POINT('',#1237);
#1237 = CARTESIAN_POINT('',(1.961677929985,0.5,0.2));
#1238 = LINE('',#1239,#1240);
#1239 = CARTESIAN_POINT('',(1.35,0.5,0.2));
#1240 = VECTOR('',#1241,1.);
#1241 = DIRECTION('',(1.,0.,0.));
#1242 = ORIENTED_EDGE('',*,*,#1243,.T.);
#1243 = EDGE_CURVE('',#1236,#1244,#1246,.T.);
#1244 = VERTEX_POINT('',#1245);
#1245 = CARTESIAN_POINT('',(1.961677929985,-0.5,0.2));
#1246 = LINE('',#1247,#1248);
#1247 = CARTESIAN_POINT('',(1.961677929985,0.695,0.2));
#1248 = VECTOR('',#1249,1.);
#1249 = DIRECTION('',(0.,-1.,0.));
#1250 = ORIENTED_EDGE('',*,*,#1251,.T.);
#1251 = EDGE_CURVE('',#1244,#1226,#1252,.T.);
#1252 = LINE('',#1253,#1254);
#1253 = CARTESIAN_POINT('',(0.85,-0.5,0.2));
#1254 = VECTOR('',#1255,1.);
#1255 = DIRECTION('',(-1.,0.,0.));
#1256 = PLANE('',#1257);
#1257 = AXIS2_PLACEMENT_3D('',#1258,#1259,#1260);
#1258 = CARTESIAN_POINT('',(0.,0.,0.2));
#1259 = DIRECTION('',(0.,0.,1.));
#1260 = DIRECTION('',(1.,0.,-0.));
#1261 = ADVANCED_FACE('',(#1262),#1364,.F.);
#1262 = FACE_BOUND('',#1263,.F.);
#1263 = EDGE_LOOP('',(#1264,#1274,#1283,#1291,#1297,#1298,#1307,#1315,
    #1322,#1323,#1324,#1333,#1341,#1348,#1349,#1357));
#1264 = ORIENTED_EDGE('',*,*,#1265,.F.);
#1265 = EDGE_CURVE('',#1266,#1268,#1270,.T.);
#1266 = VERTEX_POINT('',#1267);
#1267 = CARTESIAN_POINT('',(2.7,-2.2,9.75E-02));
#1268 = VERTEX_POINT('',#1269);
#1269 = CARTESIAN_POINT('',(2.7,-2.2,0.9025));
#1270 = LINE('',#1271,#1272);
#1271 = CARTESIAN_POINT('',(2.7,-2.2,0.));
#1272 = VECTOR('',#1273,1.);
#1273 = DIRECTION('',(0.,0.,1.));
#1274 = ORIENTED_EDGE('',*,*,#1275,.T.);
#1275 = EDGE_CURVE('',#1266,#1276,#1278,.T.);
#1276 = VERTEX_POINT('',#1277);
#1277 = CARTESIAN_POINT('',(2.6025,-2.2,-2.775557561563E-17));
#1278 = CIRCLE('',#1279,9.75E-02);
#1279 = AXIS2_PLACEMENT_3D('',#1280,#1281,#1282);
#1280 = CARTESIAN_POINT('',(2.6025,-2.2,9.75E-02));
#1281 = DIRECTION('',(0.,1.,0.));
#1282 = DIRECTION('',(0.,-0.,1.));
#1283 = ORIENTED_EDGE('',*,*,#1284,.F.);
#1284 = EDGE_CURVE('',#1285,#1276,#1287,.T.);
#1285 = VERTEX_POINT('',#1286);
#1286 = CARTESIAN_POINT('',(1.7,-2.2,0.));
#1287 = LINE('',#1288,#1289);
#1288 = CARTESIAN_POINT('',(1.7,-2.2,0.));
#1289 = VECTOR('',#1290,1.);
#1290 = DIRECTION('',(1.,0.,0.));
#1291 = ORIENTED_EDGE('',*,*,#1292,.T.);
#1292 = EDGE_CURVE('',#1285,#1066,#1293,.T.);
#1293 = LINE('',#1294,#1295);
#1294 = CARTESIAN_POINT('',(1.7,-2.2,0.));
#1295 = VECTOR('',#1296,1.);
#1296 = DIRECTION('',(0.,0.,1.));
#1297 = ORIENTED_EDGE('',*,*,#1065,.F.);
#1298 = ORIENTED_EDGE('',*,*,#1299,.T.);
#1299 = EDGE_CURVE('',#1058,#1300,#1302,.T.);
#1300 = VERTEX_POINT('',#1301);
#1301 = CARTESIAN_POINT('',(1.9925,-2.2,0.195));
#1302 = CIRCLE('',#1303,9.75E-02);
#1303 = AXIS2_PLACEMENT_3D('',#1304,#1305,#1306);
#1304 = CARTESIAN_POINT('',(1.9925,-2.2,0.2925));
#1305 = DIRECTION('',(0.,-1.,0.));
#1306 = DIRECTION('',(-1.,0.,0.));
#1307 = ORIENTED_EDGE('',*,*,#1308,.T.);
#1308 = EDGE_CURVE('',#1300,#1309,#1311,.T.);
#1309 = VERTEX_POINT('',#1310);
#1310 = CARTESIAN_POINT('',(2.4075,-2.2,0.195));
#1311 = LINE('',#1312,#1313);
#1312 = CARTESIAN_POINT('',(1.95,-2.2,0.195));
#1313 = VECTOR('',#1314,1.);
#1314 = DIRECTION('',(1.,0.,6.906640467053E-32));
#1315 = ORIENTED_EDGE('',*,*,#1316,.F.);
#1316 = EDGE_CURVE('',#915,#1309,#1317,.T.);
#1317 = CIRCLE('',#1318,9.75E-02);
#1318 = AXIS2_PLACEMENT_3D('',#1319,#1320,#1321);
#1319 = CARTESIAN_POINT('',(2.4075,-2.2,0.2925));
#1320 = DIRECTION('',(0.,1.,0.));
#1321 = DIRECTION('',(6.906640467053E-32,0.,-1.));
#1322 = ORIENTED_EDGE('',*,*,#914,.F.);
#1323 = ORIENTED_EDGE('',*,*,#497,.F.);
#1324 = ORIENTED_EDGE('',*,*,#1325,.F.);
#1325 = EDGE_CURVE('',#1326,#490,#1328,.T.);
#1326 = VERTEX_POINT('',#1327);
#1327 = CARTESIAN_POINT('',(2.505,-2.2,0.2925));
#1328 = CIRCLE('',#1329,9.75E-02);
#1329 = AXIS2_PLACEMENT_3D('',#1330,#1331,#1332);
#1330 = CARTESIAN_POINT('',(2.4075,-2.2,0.2925));
#1331 = DIRECTION('',(0.,1.,0.));
#1332 = DIRECTION('',(6.906640467053E-32,0.,-1.));
#1333 = ORIENTED_EDGE('',*,*,#1334,.T.);
#1334 = EDGE_CURVE('',#1326,#1335,#1337,.T.);
#1335 = VERTEX_POINT('',#1336);
#1336 = CARTESIAN_POINT('',(2.505,-2.2,0.7075));
#1337 = LINE('',#1338,#1339);
#1338 = CARTESIAN_POINT('',(2.505,-2.2,9.75E-02));
#1339 = VECTOR('',#1340,1.);
#1340 = DIRECTION('',(0.,0.,1.));
#1341 = ORIENTED_EDGE('',*,*,#1342,.F.);
#1342 = EDGE_CURVE('',#524,#1335,#1343,.T.);
#1343 = CIRCLE('',#1344,9.75E-02);
#1344 = AXIS2_PLACEMENT_3D('',#1345,#1346,#1347);
#1345 = CARTESIAN_POINT('',(2.4075,-2.2,0.7075));
#1346 = DIRECTION('',(-0.,1.,0.));
#1347 = DIRECTION('',(1.,0.,0.));
#1348 = ORIENTED_EDGE('',*,*,#523,.F.);
#1349 = ORIENTED_EDGE('',*,*,#1350,.T.);
#1350 = EDGE_CURVE('',#514,#1351,#1353,.T.);
#1351 = VERTEX_POINT('',#1352);
#1352 = CARTESIAN_POINT('',(2.6025,-2.2,1.));
#1353 = LINE('',#1354,#1355);
#1354 = CARTESIAN_POINT('',(1.7,-2.2,1.));
#1355 = VECTOR('',#1356,1.);
#1356 = DIRECTION('',(1.,0.,0.));
#1357 = ORIENTED_EDGE('',*,*,#1358,.T.);
#1358 = EDGE_CURVE('',#1351,#1268,#1359,.T.);
#1359 = CIRCLE('',#1360,9.75E-02);
#1360 = AXIS2_PLACEMENT_3D('',#1361,#1362,#1363);
#1361 = CARTESIAN_POINT('',(2.6025,-2.2,0.9025));
#1362 = DIRECTION('',(0.,1.,0.));
#1363 = DIRECTION('',(0.,-0.,1.));
#1364 = PLANE('',#1365);
#1365 = AXIS2_PLACEMENT_3D('',#1366,#1367,#1368);
#1366 = CARTESIAN_POINT('',(1.7,-2.2,0.));
#1367 = DIRECTION('',(0.,1.,0.));
#1368 = DIRECTION('',(1.,0.,0.));
#1369 = ADVANCED_FACE('',(#1370),#1389,.F.);
#1370 = FACE_BOUND('',#1371,.F.);
#1371 = EDGE_LOOP('',(#1372,#1381,#1387,#1388));
#1372 = ORIENTED_EDGE('',*,*,#1373,.F.);
#1373 = EDGE_CURVE('',#1374,#482,#1376,.T.);
#1374 = VERTEX_POINT('',#1375);
#1375 = CARTESIAN_POINT('',(2.505,-1.2,0.2925));
#1376 = CIRCLE('',#1377,9.75E-02);
#1377 = AXIS2_PLACEMENT_3D('',#1378,#1379,#1380);
#1378 = CARTESIAN_POINT('',(2.4075,-1.2,0.2925));
#1379 = DIRECTION('',(0.,1.,0.));
#1380 = DIRECTION('',(6.906640467053E-32,0.,-1.));
#1381 = ORIENTED_EDGE('',*,*,#1382,.F.);
#1382 = EDGE_CURVE('',#1326,#1374,#1383,.T.);
#1383 = LINE('',#1384,#1385);
#1384 = CARTESIAN_POINT('',(2.505,-2.395,0.2925));
#1385 = VECTOR('',#1386,1.);
#1386 = DIRECTION('',(0.,1.,0.));
#1387 = ORIENTED_EDGE('',*,*,#1325,.T.);
#1388 = ORIENTED_EDGE('',*,*,#489,.T.);
#1389 = CYLINDRICAL_SURFACE('',#1390,9.75E-02);
#1390 = AXIS2_PLACEMENT_3D('',#1391,#1392,#1393);
#1391 = CARTESIAN_POINT('',(2.4075,-2.395,0.2925));
#1392 = DIRECTION('',(0.,1.,0.));
#1393 = DIRECTION('',(6.906640467053E-32,0.,-1.));
#1394 = ADVANCED_FACE('',(#1395),#1489,.F.);
#1395 = FACE_BOUND('',#1396,.F.);
#1396 = EDGE_LOOP('',(#1397,#1408,#1416,#1425,#1431,#1432,#1441,#1447,
    #1448,#1449,#1450,#1459,#1467,#1474,#1475,#1483));
#1397 = ORIENTED_EDGE('',*,*,#1398,.F.);
#1398 = EDGE_CURVE('',#1399,#1401,#1403,.T.);
#1399 = VERTEX_POINT('',#1400);
#1400 = CARTESIAN_POINT('',(2.7,-1.2,9.75E-02));
#1401 = VERTEX_POINT('',#1402);
#1402 = CARTESIAN_POINT('',(2.6025,-1.2,-2.775557561563E-17));
#1403 = CIRCLE('',#1404,9.75E-02);
#1404 = AXIS2_PLACEMENT_3D('',#1405,#1406,#1407);
#1405 = CARTESIAN_POINT('',(2.6025,-1.2,9.75E-02));
#1406 = DIRECTION('',(0.,1.,0.));
#1407 = DIRECTION('',(0.,-0.,1.));
#1408 = ORIENTED_EDGE('',*,*,#1409,.T.);
#1409 = EDGE_CURVE('',#1399,#1410,#1412,.T.);
#1410 = VERTEX_POINT('',#1411);
#1411 = CARTESIAN_POINT('',(2.7,-1.2,0.9025));
#1412 = LINE('',#1413,#1414);
#1413 = CARTESIAN_POINT('',(2.7,-1.2,0.));
#1414 = VECTOR('',#1415,1.);
#1415 = DIRECTION('',(0.,0.,1.));
#1416 = ORIENTED_EDGE('',*,*,#1417,.F.);
#1417 = EDGE_CURVE('',#1418,#1410,#1420,.T.);
#1418 = VERTEX_POINT('',#1419);
#1419 = CARTESIAN_POINT('',(2.6025,-1.2,1.));
#1420 = CIRCLE('',#1421,9.75E-02);
#1421 = AXIS2_PLACEMENT_3D('',#1422,#1423,#1424);
#1422 = CARTESIAN_POINT('',(2.6025,-1.2,0.9025));
#1423 = DIRECTION('',(0.,1.,0.));
#1424 = DIRECTION('',(0.,-0.,1.));
#1425 = ORIENTED_EDGE('',*,*,#1426,.T.);
#1426 = EDGE_CURVE('',#1418,#516,#1427,.T.);
#1427 = LINE('',#1428,#1429);
#1428 = CARTESIAN_POINT('',(2.7,-1.2,1.));
#1429 = VECTOR('',#1430,1.);
#1430 = DIRECTION('',(-1.,0.,0.));
#1431 = ORIENTED_EDGE('',*,*,#539,.F.);
#1432 = ORIENTED_EDGE('',*,*,#1433,.T.);
#1433 = EDGE_CURVE('',#532,#1434,#1436,.T.);
#1434 = VERTEX_POINT('',#1435);
#1435 = CARTESIAN_POINT('',(2.505,-1.2,0.7075));
#1436 = CIRCLE('',#1437,9.75E-02);
#1437 = AXIS2_PLACEMENT_3D('',#1438,#1439,#1440);
#1438 = CARTESIAN_POINT('',(2.4075,-1.2,0.7075));
#1439 = DIRECTION('',(-0.,1.,0.));
#1440 = DIRECTION('',(1.,0.,0.));
#1441 = ORIENTED_EDGE('',*,*,#1442,.T.);
#1442 = EDGE_CURVE('',#1434,#1374,#1443,.T.);
#1443 = LINE('',#1444,#1445);
#1444 = CARTESIAN_POINT('',(2.505,-1.2,9.75E-02));
#1445 = VECTOR('',#1446,1.);
#1446 = DIRECTION('',(-0.,-0.,-1.));
#1447 = ORIENTED_EDGE('',*,*,#1373,.T.);
#1448 = ORIENTED_EDGE('',*,*,#481,.F.);
#1449 = ORIENTED_EDGE('',*,*,#930,.F.);
#1450 = ORIENTED_EDGE('',*,*,#1451,.T.);
#1451 = EDGE_CURVE('',#923,#1452,#1454,.T.);
#1452 = VERTEX_POINT('',#1453);
#1453 = CARTESIAN_POINT('',(2.4075,-1.2,0.195));
#1454 = CIRCLE('',#1455,9.75E-02);
#1455 = AXIS2_PLACEMENT_3D('',#1456,#1457,#1458);
#1456 = CARTESIAN_POINT('',(2.4075,-1.2,0.2925));
#1457 = DIRECTION('',(0.,1.,0.));
#1458 = DIRECTION('',(6.906640467053E-32,0.,-1.));
#1459 = ORIENTED_EDGE('',*,*,#1460,.T.);
#1460 = EDGE_CURVE('',#1452,#1461,#1463,.T.);
#1461 = VERTEX_POINT('',#1462);
#1462 = CARTESIAN_POINT('',(1.9925,-1.2,0.195));
#1463 = LINE('',#1464,#1465);
#1464 = CARTESIAN_POINT('',(2.45,-1.2,0.195));
#1465 = VECTOR('',#1466,1.);
#1466 = DIRECTION('',(-1.,-0.,-6.906640467053E-32));
#1467 = ORIENTED_EDGE('',*,*,#1468,.F.);
#1468 = EDGE_CURVE('',#1056,#1461,#1469,.T.);
#1469 = CIRCLE('',#1470,9.75E-02);
#1470 = AXIS2_PLACEMENT_3D('',#1471,#1472,#1473);
#1471 = CARTESIAN_POINT('',(1.9925,-1.2,0.2925));
#1472 = DIRECTION('',(0.,-1.,0.));
#1473 = DIRECTION('',(-1.,0.,0.));
#1474 = ORIENTED_EDGE('',*,*,#1081,.F.);
#1475 = ORIENTED_EDGE('',*,*,#1476,.F.);
#1476 = EDGE_CURVE('',#1477,#1074,#1479,.T.);
#1477 = VERTEX_POINT('',#1478);
#1478 = CARTESIAN_POINT('',(1.7,-1.2,0.));
#1479 = LINE('',#1480,#1481);
#1480 = CARTESIAN_POINT('',(1.7,-1.2,0.));
#1481 = VECTOR('',#1482,1.);
#1482 = DIRECTION('',(0.,0.,1.));
#1483 = ORIENTED_EDGE('',*,*,#1484,.F.);
#1484 = EDGE_CURVE('',#1401,#1477,#1485,.T.);
#1485 = LINE('',#1486,#1487);
#1486 = CARTESIAN_POINT('',(2.7,-1.2,0.));
#1487 = VECTOR('',#1488,1.);
#1488 = DIRECTION('',(-1.,0.,0.));
#1489 = PLANE('',#1490);
#1490 = AXIS2_PLACEMENT_3D('',#1491,#1492,#1493);
#1491 = CARTESIAN_POINT('',(2.7,-1.2,0.));
#1492 = DIRECTION('',(0.,-1.,0.));
#1493 = DIRECTION('',(-1.,0.,0.));
#1494 = ADVANCED_FACE('',(#1495),#1597,.F.);
#1495 = FACE_BOUND('',#1496,.F.);
#1496 = EDGE_LOOP('',(#1497,#1507,#1516,#1524,#1530,#1531,#1540,#1548,
    #1555,#1556,#1557,#1566,#1574,#1581,#1582,#1590));
#1497 = ORIENTED_EDGE('',*,*,#1498,.F.);
#1498 = EDGE_CURVE('',#1499,#1501,#1503,.T.);
#1499 = VERTEX_POINT('',#1500);
#1500 = CARTESIAN_POINT('',(2.7,-0.5,9.75E-02));
#1501 = VERTEX_POINT('',#1502);
#1502 = CARTESIAN_POINT('',(2.7,-0.5,0.9025));
#1503 = LINE('',#1504,#1505);
#1504 = CARTESIAN_POINT('',(2.7,-0.5,0.));
#1505 = VECTOR('',#1506,1.);
#1506 = DIRECTION('',(0.,0.,1.));
#1507 = ORIENTED_EDGE('',*,*,#1508,.T.);
#1508 = EDGE_CURVE('',#1499,#1509,#1511,.T.);
#1509 = VERTEX_POINT('',#1510);
#1510 = CARTESIAN_POINT('',(2.6025,-0.5,-2.775557561563E-17));
#1511 = CIRCLE('',#1512,9.75E-02);
#1512 = AXIS2_PLACEMENT_3D('',#1513,#1514,#1515);
#1513 = CARTESIAN_POINT('',(2.6025,-0.5,9.75E-02));
#1514 = DIRECTION('',(0.,1.,0.));
#1515 = DIRECTION('',(0.,-0.,1.));
#1516 = ORIENTED_EDGE('',*,*,#1517,.F.);
#1517 = EDGE_CURVE('',#1518,#1509,#1520,.T.);
#1518 = VERTEX_POINT('',#1519);
#1519 = CARTESIAN_POINT('',(1.7,-0.5,0.));
#1520 = LINE('',#1521,#1522);
#1521 = CARTESIAN_POINT('',(1.7,-0.5,0.));
#1522 = VECTOR('',#1523,1.);
#1523 = DIRECTION('',(1.,0.,0.));
#1524 = ORIENTED_EDGE('',*,*,#1525,.T.);
#1525 = EDGE_CURVE('',#1518,#1226,#1526,.T.);
#1526 = LINE('',#1527,#1528);
#1527 = CARTESIAN_POINT('',(1.7,-0.5,0.));
#1528 = VECTOR('',#1529,1.);
#1529 = DIRECTION('',(0.,0.,1.));
#1530 = ORIENTED_EDGE('',*,*,#1251,.F.);
#1531 = ORIENTED_EDGE('',*,*,#1532,.T.);
#1532 = EDGE_CURVE('',#1244,#1533,#1535,.T.);
#1533 = VERTEX_POINT('',#1534);
#1534 = CARTESIAN_POINT('',(1.9925,-0.5,0.195));
#1535 = CIRCLE('',#1536,9.75E-02);
#1536 = AXIS2_PLACEMENT_3D('',#1537,#1538,#1539);
#1537 = CARTESIAN_POINT('',(1.9925,-0.5,0.2925));
#1538 = DIRECTION('',(0.,-1.,0.));
#1539 = DIRECTION('',(-1.,0.,0.));
#1540 = ORIENTED_EDGE('',*,*,#1541,.T.);
#1541 = EDGE_CURVE('',#1533,#1542,#1544,.T.);
#1542 = VERTEX_POINT('',#1543);
#1543 = CARTESIAN_POINT('',(2.4075,-0.5,0.195));
#1544 = LINE('',#1545,#1546);
#1545 = CARTESIAN_POINT('',(1.95,-0.5,0.195));
#1546 = VECTOR('',#1547,1.);
#1547 = DIRECTION('',(1.,0.,6.906640467053E-32));
#1548 = ORIENTED_EDGE('',*,*,#1549,.F.);
#1549 = EDGE_CURVE('',#938,#1542,#1550,.T.);
#1550 = CIRCLE('',#1551,9.75E-02);
#1551 = AXIS2_PLACEMENT_3D('',#1552,#1553,#1554);
#1552 = CARTESIAN_POINT('',(2.4075,-0.5,0.2925));
#1553 = DIRECTION('',(0.,1.,0.));
#1554 = DIRECTION('',(6.906640467053E-32,0.,-1.));
#1555 = ORIENTED_EDGE('',*,*,#937,.F.);
#1556 = ORIENTED_EDGE('',*,*,#465,.F.);
#1557 = ORIENTED_EDGE('',*,*,#1558,.F.);
#1558 = EDGE_CURVE('',#1559,#458,#1561,.T.);
#1559 = VERTEX_POINT('',#1560);
#1560 = CARTESIAN_POINT('',(2.505,-0.5,0.2925));
#1561 = CIRCLE('',#1562,9.75E-02);
#1562 = AXIS2_PLACEMENT_3D('',#1563,#1564,#1565);
#1563 = CARTESIAN_POINT('',(2.4075,-0.5,0.2925));
#1564 = DIRECTION('',(0.,1.,0.));
#1565 = DIRECTION('',(6.906640467053E-32,0.,-1.));
#1566 = ORIENTED_EDGE('',*,*,#1567,.T.);
#1567 = EDGE_CURVE('',#1559,#1568,#1570,.T.);
#1568 = VERTEX_POINT('',#1569);
#1569 = CARTESIAN_POINT('',(2.505,-0.5,0.7075));
#1570 = LINE('',#1571,#1572);
#1571 = CARTESIAN_POINT('',(2.505,-0.5,9.75E-02));
#1572 = VECTOR('',#1573,1.);
#1573 = DIRECTION('',(0.,0.,1.));
#1574 = ORIENTED_EDGE('',*,*,#1575,.F.);
#1575 = EDGE_CURVE('',#548,#1568,#1576,.T.);
#1576 = CIRCLE('',#1577,9.75E-02);
#1577 = AXIS2_PLACEMENT_3D('',#1578,#1579,#1580);
#1578 = CARTESIAN_POINT('',(2.4075,-0.5,0.7075));
#1579 = DIRECTION('',(-0.,1.,0.));
#1580 = DIRECTION('',(1.,0.,0.));
#1581 = ORIENTED_EDGE('',*,*,#573,.F.);
#1582 = ORIENTED_EDGE('',*,*,#1583,.T.);
#1583 = EDGE_CURVE('',#566,#1584,#1586,.T.);
#1584 = VERTEX_POINT('',#1585);
#1585 = CARTESIAN_POINT('',(2.6025,-0.5,1.));
#1586 = LINE('',#1587,#1588);
#1587 = CARTESIAN_POINT('',(1.7,-0.5,1.));
#1588 = VECTOR('',#1589,1.);
#1589 = DIRECTION('',(1.,0.,0.));
#1590 = ORIENTED_EDGE('',*,*,#1591,.T.);
#1591 = EDGE_CURVE('',#1584,#1501,#1592,.T.);
#1592 = CIRCLE('',#1593,9.75E-02);
#1593 = AXIS2_PLACEMENT_3D('',#1594,#1595,#1596);
#1594 = CARTESIAN_POINT('',(2.6025,-0.5,0.9025));
#1595 = DIRECTION('',(0.,1.,0.));
#1596 = DIRECTION('',(0.,-0.,1.));
#1597 = PLANE('',#1598);
#1598 = AXIS2_PLACEMENT_3D('',#1599,#1600,#1601);
#1599 = CARTESIAN_POINT('',(1.7,-0.5,0.));
#1600 = DIRECTION('',(0.,1.,0.));
#1601 = DIRECTION('',(1.,0.,0.));
#1602 = ADVANCED_FACE('',(#1603),#1622,.F.);
#1603 = FACE_BOUND('',#1604,.F.);
#1604 = EDGE_LOOP('',(#1605,#1614,#1620,#1621));
#1605 = ORIENTED_EDGE('',*,*,#1606,.F.);
#1606 = EDGE_CURVE('',#1607,#450,#1609,.T.);
#1607 = VERTEX_POINT('',#1608);
#1608 = CARTESIAN_POINT('',(2.505,0.5,0.2925));
#1609 = CIRCLE('',#1610,9.75E-02);
#1610 = AXIS2_PLACEMENT_3D('',#1611,#1612,#1613);
#1611 = CARTESIAN_POINT('',(2.4075,0.5,0.2925));
#1612 = DIRECTION('',(0.,1.,0.));
#1613 = DIRECTION('',(6.906640467053E-32,0.,-1.));
#1614 = ORIENTED_EDGE('',*,*,#1615,.F.);
#1615 = EDGE_CURVE('',#1559,#1607,#1616,.T.);
#1616 = LINE('',#1617,#1618);
#1617 = CARTESIAN_POINT('',(2.505,-0.695,0.2925));
#1618 = VECTOR('',#1619,1.);
#1619 = DIRECTION('',(0.,1.,0.));
#1620 = ORIENTED_EDGE('',*,*,#1558,.T.);
#1621 = ORIENTED_EDGE('',*,*,#457,.T.);
#1622 = CYLINDRICAL_SURFACE('',#1623,9.75E-02);
#1623 = AXIS2_PLACEMENT_3D('',#1624,#1625,#1626);
#1624 = CARTESIAN_POINT('',(2.4075,-0.695,0.2925));
#1625 = DIRECTION('',(0.,1.,0.));
#1626 = DIRECTION('',(6.906640467053E-32,0.,-1.));
#1627 = ADVANCED_FACE('',(#1628),#1722,.F.);
#1628 = FACE_BOUND('',#1629,.F.);
#1629 = EDGE_LOOP('',(#1630,#1641,#1649,#1658,#1664,#1665,#1674,#1680,
    #1681,#1682,#1683,#1692,#1700,#1707,#1708,#1716));
#1630 = ORIENTED_EDGE('',*,*,#1631,.F.);
#1631 = EDGE_CURVE('',#1632,#1634,#1636,.T.);
#1632 = VERTEX_POINT('',#1633);
#1633 = CARTESIAN_POINT('',(2.7,0.5,9.75E-02));
#1634 = VERTEX_POINT('',#1635);
#1635 = CARTESIAN_POINT('',(2.6025,0.5,-2.775557561563E-17));
#1636 = CIRCLE('',#1637,9.75E-02);
#1637 = AXIS2_PLACEMENT_3D('',#1638,#1639,#1640);
#1638 = CARTESIAN_POINT('',(2.6025,0.5,9.75E-02));
#1639 = DIRECTION('',(0.,1.,0.));
#1640 = DIRECTION('',(0.,-0.,1.));
#1641 = ORIENTED_EDGE('',*,*,#1642,.T.);
#1642 = EDGE_CURVE('',#1632,#1643,#1645,.T.);
#1643 = VERTEX_POINT('',#1644);
#1644 = CARTESIAN_POINT('',(2.7,0.5,0.9025));
#1645 = LINE('',#1646,#1647);
#1646 = CARTESIAN_POINT('',(2.7,0.5,0.));
#1647 = VECTOR('',#1648,1.);
#1648 = DIRECTION('',(0.,0.,1.));
#1649 = ORIENTED_EDGE('',*,*,#1650,.F.);
#1650 = EDGE_CURVE('',#1651,#1643,#1653,.T.);
#1651 = VERTEX_POINT('',#1652);
#1652 = CARTESIAN_POINT('',(2.6025,0.5,1.));
#1653 = CIRCLE('',#1654,9.75E-02);
#1654 = AXIS2_PLACEMENT_3D('',#1655,#1656,#1657);
#1655 = CARTESIAN_POINT('',(2.6025,0.5,0.9025));
#1656 = DIRECTION('',(0.,1.,0.));
#1657 = DIRECTION('',(0.,-0.,1.));
#1658 = ORIENTED_EDGE('',*,*,#1659,.T.);
#1659 = EDGE_CURVE('',#1651,#558,#1660,.T.);
#1660 = LINE('',#1661,#1662);
#1661 = CARTESIAN_POINT('',(2.7,0.5,1.));
#1662 = VECTOR('',#1663,1.);
#1663 = DIRECTION('',(-1.,0.,0.));
#1664 = ORIENTED_EDGE('',*,*,#557,.F.);
#1665 = ORIENTED_EDGE('',*,*,#1666,.T.);
#1666 = EDGE_CURVE('',#550,#1667,#1669,.T.);
#1667 = VERTEX_POINT('',#1668);
#1668 = CARTESIAN_POINT('',(2.505,0.5,0.7075));
#1669 = CIRCLE('',#1670,9.75E-02);
#1670 = AXIS2_PLACEMENT_3D('',#1671,#1672,#1673);
#1671 = CARTESIAN_POINT('',(2.4075,0.5,0.7075));
#1672 = DIRECTION('',(-0.,1.,0.));
#1673 = DIRECTION('',(1.,0.,0.));
#1674 = ORIENTED_EDGE('',*,*,#1675,.T.);
#1675 = EDGE_CURVE('',#1667,#1607,#1676,.T.);
#1676 = LINE('',#1677,#1678);
#1677 = CARTESIAN_POINT('',(2.505,0.5,9.75E-02));
#1678 = VECTOR('',#1679,1.);
#1679 = DIRECTION('',(-0.,-0.,-1.));
#1680 = ORIENTED_EDGE('',*,*,#1606,.T.);
#1681 = ORIENTED_EDGE('',*,*,#449,.F.);
#1682 = ORIENTED_EDGE('',*,*,#953,.F.);
#1683 = ORIENTED_EDGE('',*,*,#1684,.T.);
#1684 = EDGE_CURVE('',#946,#1685,#1687,.T.);
#1685 = VERTEX_POINT('',#1686);
#1686 = CARTESIAN_POINT('',(2.4075,0.5,0.195));
#1687 = CIRCLE('',#1688,9.75E-02);
#1688 = AXIS2_PLACEMENT_3D('',#1689,#1690,#1691);
#1689 = CARTESIAN_POINT('',(2.4075,0.5,0.2925));
#1690 = DIRECTION('',(0.,1.,0.));
#1691 = DIRECTION('',(6.906640467053E-32,0.,-1.));
#1692 = ORIENTED_EDGE('',*,*,#1693,.T.);
#1693 = EDGE_CURVE('',#1685,#1694,#1696,.T.);
#1694 = VERTEX_POINT('',#1695);
#1695 = CARTESIAN_POINT('',(1.9925,0.5,0.195));
#1696 = LINE('',#1697,#1698);
#1697 = CARTESIAN_POINT('',(2.45,0.5,0.195));
#1698 = VECTOR('',#1699,1.);
#1699 = DIRECTION('',(-1.,-0.,-6.906640467053E-32));
#1700 = ORIENTED_EDGE('',*,*,#1701,.F.);
#1701 = EDGE_CURVE('',#1236,#1694,#1702,.T.);
#1702 = CIRCLE('',#1703,9.75E-02);
#1703 = AXIS2_PLACEMENT_3D('',#1704,#1705,#1706);
#1704 = CARTESIAN_POINT('',(1.9925,0.5,0.2925));
#1705 = DIRECTION('',(0.,-1.,0.));
#1706 = DIRECTION('',(-1.,0.,0.));
#1707 = ORIENTED_EDGE('',*,*,#1235,.F.);
#1708 = ORIENTED_EDGE('',*,*,#1709,.F.);
#1709 = EDGE_CURVE('',#1710,#1228,#1712,.T.);
#1710 = VERTEX_POINT('',#1711);
#1711 = CARTESIAN_POINT('',(1.7,0.5,0.));
#1712 = LINE('',#1713,#1714);
#1713 = CARTESIAN_POINT('',(1.7,0.5,0.));
#1714 = VECTOR('',#1715,1.);
#1715 = DIRECTION('',(0.,0.,1.));
#1716 = ORIENTED_EDGE('',*,*,#1717,.F.);
#1717 = EDGE_CURVE('',#1634,#1710,#1718,.T.);
#1718 = LINE('',#1719,#1720);
#1719 = CARTESIAN_POINT('',(2.7,0.5,0.));
#1720 = VECTOR('',#1721,1.);
#1721 = DIRECTION('',(-1.,0.,0.));
#1722 = PLANE('',#1723);
#1723 = AXIS2_PLACEMENT_3D('',#1724,#1725,#1726);
#1724 = CARTESIAN_POINT('',(2.7,0.5,0.));
#1725 = DIRECTION('',(0.,-1.,0.));
#1726 = DIRECTION('',(-1.,0.,0.));
#1727 = ADVANCED_FACE('',(#1728),#1830,.F.);
#1728 = FACE_BOUND('',#1729,.F.);
#1729 = EDGE_LOOP('',(#1730,#1740,#1749,#1757,#1763,#1764,#1773,#1781,
    #1788,#1789,#1790,#1799,#1807,#1814,#1815,#1823));
#1730 = ORIENTED_EDGE('',*,*,#1731,.F.);
#1731 = EDGE_CURVE('',#1732,#1734,#1736,.T.);
#1732 = VERTEX_POINT('',#1733);
#1733 = CARTESIAN_POINT('',(2.7,1.2,9.75E-02));
#1734 = VERTEX_POINT('',#1735);
#1735 = CARTESIAN_POINT('',(2.7,1.2,0.9025));
#1736 = LINE('',#1737,#1738);
#1737 = CARTESIAN_POINT('',(2.7,1.2,0.));
#1738 = VECTOR('',#1739,1.);
#1739 = DIRECTION('',(0.,0.,1.));
#1740 = ORIENTED_EDGE('',*,*,#1741,.T.);
#1741 = EDGE_CURVE('',#1732,#1742,#1744,.T.);
#1742 = VERTEX_POINT('',#1743);
#1743 = CARTESIAN_POINT('',(2.6025,1.2,-2.775557561563E-17));
#1744 = CIRCLE('',#1745,9.75E-02);
#1745 = AXIS2_PLACEMENT_3D('',#1746,#1747,#1748);
#1746 = CARTESIAN_POINT('',(2.6025,1.2,9.75E-02));
#1747 = DIRECTION('',(0.,1.,0.));
#1748 = DIRECTION('',(0.,-0.,1.));
#1749 = ORIENTED_EDGE('',*,*,#1750,.F.);
#1750 = EDGE_CURVE('',#1751,#1742,#1753,.T.);
#1751 = VERTEX_POINT('',#1752);
#1752 = CARTESIAN_POINT('',(1.7,1.2,0.));
#1753 = LINE('',#1754,#1755);
#1754 = CARTESIAN_POINT('',(1.7,1.2,0.));
#1755 = VECTOR('',#1756,1.);
#1756 = DIRECTION('',(1.,0.,0.));
#1757 = ORIENTED_EDGE('',*,*,#1758,.T.);
#1758 = EDGE_CURVE('',#1751,#1202,#1759,.T.);
#1759 = LINE('',#1760,#1761);
#1760 = CARTESIAN_POINT('',(1.7,1.2,0.));
#1761 = VECTOR('',#1762,1.);
#1762 = DIRECTION('',(0.,0.,1.));
#1763 = ORIENTED_EDGE('',*,*,#1201,.F.);
#1764 = ORIENTED_EDGE('',*,*,#1765,.T.);
#1765 = EDGE_CURVE('',#1194,#1766,#1768,.T.);
#1766 = VERTEX_POINT('',#1767);
#1767 = CARTESIAN_POINT('',(1.9925,1.2,0.195));
#1768 = CIRCLE('',#1769,9.75E-02);
#1769 = AXIS2_PLACEMENT_3D('',#1770,#1771,#1772);
#1770 = CARTESIAN_POINT('',(1.9925,1.2,0.2925));
#1771 = DIRECTION('',(0.,-1.,0.));
#1772 = DIRECTION('',(-1.,0.,0.));
#1773 = ORIENTED_EDGE('',*,*,#1774,.T.);
#1774 = EDGE_CURVE('',#1766,#1775,#1777,.T.);
#1775 = VERTEX_POINT('',#1776);
#1776 = CARTESIAN_POINT('',(2.4075,1.2,0.195));
#1777 = LINE('',#1778,#1779);
#1778 = CARTESIAN_POINT('',(1.95,1.2,0.195));
#1779 = VECTOR('',#1780,1.);
#1780 = DIRECTION('',(1.,0.,6.906640467053E-32));
#1781 = ORIENTED_EDGE('',*,*,#1782,.F.);
#1782 = EDGE_CURVE('',#961,#1775,#1783,.T.);
#1783 = CIRCLE('',#1784,9.75E-02);
#1784 = AXIS2_PLACEMENT_3D('',#1785,#1786,#1787);
#1785 = CARTESIAN_POINT('',(2.4075,1.2,0.2925));
#1786 = DIRECTION('',(0.,1.,0.));
#1787 = DIRECTION('',(6.906640467053E-32,0.,-1.));
#1788 = ORIENTED_EDGE('',*,*,#960,.F.);
#1789 = ORIENTED_EDGE('',*,*,#433,.F.);
#1790 = ORIENTED_EDGE('',*,*,#1791,.F.);
#1791 = EDGE_CURVE('',#1792,#426,#1794,.T.);
#1792 = VERTEX_POINT('',#1793);
#1793 = CARTESIAN_POINT('',(2.505,1.2,0.2925));
#1794 = CIRCLE('',#1795,9.75E-02);
#1795 = AXIS2_PLACEMENT_3D('',#1796,#1797,#1798);
#1796 = CARTESIAN_POINT('',(2.4075,1.2,0.2925));
#1797 = DIRECTION('',(0.,1.,0.));
#1798 = DIRECTION('',(6.906640467053E-32,0.,-1.));
#1799 = ORIENTED_EDGE('',*,*,#1800,.T.);
#1800 = EDGE_CURVE('',#1792,#1801,#1803,.T.);
#1801 = VERTEX_POINT('',#1802);
#1802 = CARTESIAN_POINT('',(2.505,1.2,0.7075));
#1803 = LINE('',#1804,#1805);
#1804 = CARTESIAN_POINT('',(2.505,1.2,9.75E-02));
#1805 = VECTOR('',#1806,1.);
#1806 = DIRECTION('',(0.,0.,1.));
#1807 = ORIENTED_EDGE('',*,*,#1808,.F.);
#1808 = EDGE_CURVE('',#592,#1801,#1809,.T.);
#1809 = CIRCLE('',#1810,9.75E-02);
#1810 = AXIS2_PLACEMENT_3D('',#1811,#1812,#1813);
#1811 = CARTESIAN_POINT('',(2.4075,1.2,0.7075));
#1812 = DIRECTION('',(-0.,1.,0.));
#1813 = DIRECTION('',(1.,0.,0.));
#1814 = ORIENTED_EDGE('',*,*,#591,.F.);
#1815 = ORIENTED_EDGE('',*,*,#1816,.T.);
#1816 = EDGE_CURVE('',#582,#1817,#1819,.T.);
#1817 = VERTEX_POINT('',#1818);
#1818 = CARTESIAN_POINT('',(2.6025,1.2,1.));
#1819 = LINE('',#1820,#1821);
#1820 = CARTESIAN_POINT('',(1.7,1.2,1.));
#1821 = VECTOR('',#1822,1.);
#1822 = DIRECTION('',(1.,0.,0.));
#1823 = ORIENTED_EDGE('',*,*,#1824,.T.);
#1824 = EDGE_CURVE('',#1817,#1734,#1825,.T.);
#1825 = CIRCLE('',#1826,9.75E-02);
#1826 = AXIS2_PLACEMENT_3D('',#1827,#1828,#1829);
#1827 = CARTESIAN_POINT('',(2.6025,1.2,0.9025));
#1828 = DIRECTION('',(0.,1.,0.));
#1829 = DIRECTION('',(0.,-0.,1.));
#1830 = PLANE('',#1831);
#1831 = AXIS2_PLACEMENT_3D('',#1832,#1833,#1834);
#1832 = CARTESIAN_POINT('',(1.7,1.2,0.));
#1833 = DIRECTION('',(0.,1.,0.));
#1834 = DIRECTION('',(1.,0.,0.));
#1835 = ADVANCED_FACE('',(#1836),#1855,.F.);
#1836 = FACE_BOUND('',#1837,.F.);
#1837 = EDGE_LOOP('',(#1838,#1847,#1853,#1854));
#1838 = ORIENTED_EDGE('',*,*,#1839,.F.);
#1839 = EDGE_CURVE('',#1840,#418,#1842,.T.);
#1840 = VERTEX_POINT('',#1841);
#1841 = CARTESIAN_POINT('',(2.505,2.2,0.2925));
#1842 = CIRCLE('',#1843,9.75E-02);
#1843 = AXIS2_PLACEMENT_3D('',#1844,#1845,#1846);
#1844 = CARTESIAN_POINT('',(2.4075,2.2,0.2925));
#1845 = DIRECTION('',(0.,1.,0.));
#1846 = DIRECTION('',(6.906640467053E-32,0.,-1.));
#1847 = ORIENTED_EDGE('',*,*,#1848,.F.);
#1848 = EDGE_CURVE('',#1792,#1840,#1849,.T.);
#1849 = LINE('',#1850,#1851);
#1850 = CARTESIAN_POINT('',(2.505,1.005,0.2925));
#1851 = VECTOR('',#1852,1.);
#1852 = DIRECTION('',(0.,1.,0.));
#1853 = ORIENTED_EDGE('',*,*,#1791,.T.);
#1854 = ORIENTED_EDGE('',*,*,#425,.T.);
#1855 = CYLINDRICAL_SURFACE('',#1856,9.75E-02);
#1856 = AXIS2_PLACEMENT_3D('',#1857,#1858,#1859);
#1857 = CARTESIAN_POINT('',(2.4075,1.005,0.2925));
#1858 = DIRECTION('',(0.,1.,0.));
#1859 = DIRECTION('',(6.906640467053E-32,0.,-1.));
#1860 = ADVANCED_FACE('',(#1861),#1955,.F.);
#1861 = FACE_BOUND('',#1862,.F.);
#1862 = EDGE_LOOP('',(#1863,#1874,#1882,#1891,#1897,#1898,#1907,#1913,
    #1914,#1915,#1916,#1925,#1933,#1940,#1941,#1949));
#1863 = ORIENTED_EDGE('',*,*,#1864,.F.);
#1864 = EDGE_CURVE('',#1865,#1867,#1869,.T.);
#1865 = VERTEX_POINT('',#1866);
#1866 = CARTESIAN_POINT('',(2.7,2.2,9.75E-02));
#1867 = VERTEX_POINT('',#1868);
#1868 = CARTESIAN_POINT('',(2.6025,2.2,-2.775557561563E-17));
#1869 = CIRCLE('',#1870,9.75E-02);
#1870 = AXIS2_PLACEMENT_3D('',#1871,#1872,#1873);
#1871 = CARTESIAN_POINT('',(2.6025,2.2,9.75E-02));
#1872 = DIRECTION('',(0.,1.,0.));
#1873 = DIRECTION('',(0.,-0.,1.));
#1874 = ORIENTED_EDGE('',*,*,#1875,.T.);
#1875 = EDGE_CURVE('',#1865,#1876,#1878,.T.);
#1876 = VERTEX_POINT('',#1877);
#1877 = CARTESIAN_POINT('',(2.7,2.2,0.9025));
#1878 = LINE('',#1879,#1880);
#1879 = CARTESIAN_POINT('',(2.7,2.2,0.));
#1880 = VECTOR('',#1881,1.);
#1881 = DIRECTION('',(0.,0.,1.));
#1882 = ORIENTED_EDGE('',*,*,#1883,.F.);
#1883 = EDGE_CURVE('',#1884,#1876,#1886,.T.);
#1884 = VERTEX_POINT('',#1885);
#1885 = CARTESIAN_POINT('',(2.6025,2.2,1.));
#1886 = CIRCLE('',#1887,9.75E-02);
#1887 = AXIS2_PLACEMENT_3D('',#1888,#1889,#1890);
#1888 = CARTESIAN_POINT('',(2.6025,2.2,0.9025));
#1889 = DIRECTION('',(0.,1.,0.));
#1890 = DIRECTION('',(0.,-0.,1.));
#1891 = ORIENTED_EDGE('',*,*,#1892,.T.);
#1892 = EDGE_CURVE('',#1884,#584,#1893,.T.);
#1893 = LINE('',#1894,#1895);
#1894 = CARTESIAN_POINT('',(2.7,2.2,1.));
#1895 = VECTOR('',#1896,1.);
#1896 = DIRECTION('',(-1.,0.,0.));
#1897 = ORIENTED_EDGE('',*,*,#607,.F.);
#1898 = ORIENTED_EDGE('',*,*,#1899,.T.);
#1899 = EDGE_CURVE('',#600,#1900,#1902,.T.);
#1900 = VERTEX_POINT('',#1901);
#1901 = CARTESIAN_POINT('',(2.505,2.2,0.7075));
#1902 = CIRCLE('',#1903,9.75E-02);
#1903 = AXIS2_PLACEMENT_3D('',#1904,#1905,#1906);
#1904 = CARTESIAN_POINT('',(2.4075,2.2,0.7075));
#1905 = DIRECTION('',(-0.,1.,0.));
#1906 = DIRECTION('',(1.,0.,0.));
#1907 = ORIENTED_EDGE('',*,*,#1908,.T.);
#1908 = EDGE_CURVE('',#1900,#1840,#1909,.T.);
#1909 = LINE('',#1910,#1911);
#1910 = CARTESIAN_POINT('',(2.505,2.2,9.75E-02));
#1911 = VECTOR('',#1912,1.);
#1912 = DIRECTION('',(-0.,-0.,-1.));
#1913 = ORIENTED_EDGE('',*,*,#1839,.T.);
#1914 = ORIENTED_EDGE('',*,*,#417,.F.);
#1915 = ORIENTED_EDGE('',*,*,#976,.F.);
#1916 = ORIENTED_EDGE('',*,*,#1917,.T.);
#1917 = EDGE_CURVE('',#969,#1918,#1920,.T.);
#1918 = VERTEX_POINT('',#1919);
#1919 = CARTESIAN_POINT('',(2.4075,2.2,0.195));
#1920 = CIRCLE('',#1921,9.75E-02);
#1921 = AXIS2_PLACEMENT_3D('',#1922,#1923,#1924);
#1922 = CARTESIAN_POINT('',(2.4075,2.2,0.2925));
#1923 = DIRECTION('',(0.,1.,0.));
#1924 = DIRECTION('',(6.906640467053E-32,0.,-1.));
#1925 = ORIENTED_EDGE('',*,*,#1926,.T.);
#1926 = EDGE_CURVE('',#1918,#1927,#1929,.T.);
#1927 = VERTEX_POINT('',#1928);
#1928 = CARTESIAN_POINT('',(1.9925,2.2,0.195));
#1929 = LINE('',#1930,#1931);
#1930 = CARTESIAN_POINT('',(2.45,2.2,0.195));
#1931 = VECTOR('',#1932,1.);
#1932 = DIRECTION('',(-1.,-0.,-6.906640467053E-32));
#1933 = ORIENTED_EDGE('',*,*,#1934,.F.);
#1934 = EDGE_CURVE('',#1192,#1927,#1935,.T.);
#1935 = CIRCLE('',#1936,9.75E-02);
#1936 = AXIS2_PLACEMENT_3D('',#1937,#1938,#1939);
#1937 = CARTESIAN_POINT('',(1.9925,2.2,0.2925));
#1938 = DIRECTION('',(0.,-1.,0.));
#1939 = DIRECTION('',(-1.,0.,0.));
#1940 = ORIENTED_EDGE('',*,*,#1217,.F.);
#1941 = ORIENTED_EDGE('',*,*,#1942,.F.);
#1942 = EDGE_CURVE('',#1943,#1210,#1945,.T.);
#1943 = VERTEX_POINT('',#1944);
#1944 = CARTESIAN_POINT('',(1.7,2.2,0.));
#1945 = LINE('',#1946,#1947);
#1946 = CARTESIAN_POINT('',(1.7,2.2,0.));
#1947 = VECTOR('',#1948,1.);
#1948 = DIRECTION('',(0.,0.,1.));
#1949 = ORIENTED_EDGE('',*,*,#1950,.F.);
#1950 = EDGE_CURVE('',#1867,#1943,#1951,.T.);
#1951 = LINE('',#1952,#1953);
#1952 = CARTESIAN_POINT('',(2.7,2.2,0.));
#1953 = VECTOR('',#1954,1.);
#1954 = DIRECTION('',(-1.,0.,0.));
#1955 = PLANE('',#1956);
#1956 = AXIS2_PLACEMENT_3D('',#1957,#1958,#1959);
#1957 = CARTESIAN_POINT('',(2.7,2.2,0.));
#1958 = DIRECTION('',(0.,-1.,0.));
#1959 = DIRECTION('',(-1.,0.,0.));
#1960 = ADVANCED_FACE('',(#1961),#1972,.T.);
#1961 = FACE_BOUND('',#1962,.T.);
#1962 = EDGE_LOOP('',(#1963,#1964,#1965,#1971));
#1963 = ORIENTED_EDGE('',*,*,#513,.F.);
#1964 = ORIENTED_EDGE('',*,*,#1350,.T.);
#1965 = ORIENTED_EDGE('',*,*,#1966,.T.);
#1966 = EDGE_CURVE('',#1351,#1418,#1967,.T.);
#1967 = LINE('',#1968,#1969);
#1968 = CARTESIAN_POINT('',(2.6025,-2.2,1.));
#1969 = VECTOR('',#1970,1.);
#1970 = DIRECTION('',(0.,1.,0.));
#1971 = ORIENTED_EDGE('',*,*,#1426,.T.);
#1972 = PLANE('',#1973);
#1973 = AXIS2_PLACEMENT_3D('',#1974,#1975,#1976);
#1974 = CARTESIAN_POINT('',(2.2,-1.7,1.));
#1975 = DIRECTION('',(0.,0.,1.));
#1976 = DIRECTION('',(1.,0.,-0.));
#1977 = ADVANCED_FACE('',(#1978),#1989,.F.);
#1978 = FACE_BOUND('',#1979,.F.);
#1979 = EDGE_LOOP('',(#1980,#1986,#1987,#1988));
#1980 = ORIENTED_EDGE('',*,*,#1981,.T.);
#1981 = EDGE_CURVE('',#1335,#1434,#1982,.T.);
#1982 = LINE('',#1983,#1984);
#1983 = CARTESIAN_POINT('',(2.505,-2.395,0.7075));
#1984 = VECTOR('',#1985,1.);
#1985 = DIRECTION('',(0.,1.,0.));
#1986 = ORIENTED_EDGE('',*,*,#1433,.F.);
#1987 = ORIENTED_EDGE('',*,*,#531,.F.);
#1988 = ORIENTED_EDGE('',*,*,#1342,.T.);
#1989 = CYLINDRICAL_SURFACE('',#1990,9.75E-02);
#1990 = AXIS2_PLACEMENT_3D('',#1991,#1992,#1993);
#1991 = CARTESIAN_POINT('',(2.4075,-2.395,0.7075));
#1992 = DIRECTION('',(0.,1.,0.));
#1993 = DIRECTION('',(1.,0.,0.));
#1994 = ADVANCED_FACE('',(#1995),#2006,.F.);
#1995 = FACE_BOUND('',#1996,.F.);
#1996 = EDGE_LOOP('',(#1997,#2003,#2004,#2005));
#1997 = ORIENTED_EDGE('',*,*,#1998,.T.);
#1998 = EDGE_CURVE('',#1568,#1667,#1999,.T.);
#1999 = LINE('',#2000,#2001);
#2000 = CARTESIAN_POINT('',(2.505,-0.695,0.7075));
#2001 = VECTOR('',#2002,1.);
#2002 = DIRECTION('',(0.,1.,0.));
#2003 = ORIENTED_EDGE('',*,*,#1666,.F.);
#2004 = ORIENTED_EDGE('',*,*,#547,.F.);
#2005 = ORIENTED_EDGE('',*,*,#1575,.T.);
#2006 = CYLINDRICAL_SURFACE('',#2007,9.75E-02);
#2007 = AXIS2_PLACEMENT_3D('',#2008,#2009,#2010);
#2008 = CARTESIAN_POINT('',(2.4075,-0.695,0.7075));
#2009 = DIRECTION('',(0.,1.,0.));
#2010 = DIRECTION('',(1.,0.,0.));
#2011 = ADVANCED_FACE('',(#2012),#2023,.T.);
#2012 = FACE_BOUND('',#2013,.T.);
#2013 = EDGE_LOOP('',(#2014,#2015,#2016,#2022));
#2014 = ORIENTED_EDGE('',*,*,#565,.F.);
#2015 = ORIENTED_EDGE('',*,*,#1583,.T.);
#2016 = ORIENTED_EDGE('',*,*,#2017,.T.);
#2017 = EDGE_CURVE('',#1584,#1651,#2018,.T.);
#2018 = LINE('',#2019,#2020);
#2019 = CARTESIAN_POINT('',(2.6025,-0.5,1.));
#2020 = VECTOR('',#2021,1.);
#2021 = DIRECTION('',(0.,1.,0.));
#2022 = ORIENTED_EDGE('',*,*,#1659,.T.);
#2023 = PLANE('',#2024);
#2024 = AXIS2_PLACEMENT_3D('',#2025,#2026,#2027);
#2025 = CARTESIAN_POINT('',(2.2,0.,1.));
#2026 = DIRECTION('',(0.,0.,1.));
#2027 = DIRECTION('',(1.,0.,-0.));
#2028 = ADVANCED_FACE('',(#2029),#2040,.T.);
#2029 = FACE_BOUND('',#2030,.T.);
#2030 = EDGE_LOOP('',(#2031,#2032,#2033,#2039));
#2031 = ORIENTED_EDGE('',*,*,#581,.F.);
#2032 = ORIENTED_EDGE('',*,*,#1816,.T.);
#2033 = ORIENTED_EDGE('',*,*,#2034,.T.);
#2034 = EDGE_CURVE('',#1817,#1884,#2035,.T.);
#2035 = LINE('',#2036,#2037);
#2036 = CARTESIAN_POINT('',(2.6025,1.2,1.));
#2037 = VECTOR('',#2038,1.);
#2038 = DIRECTION('',(0.,1.,0.));
#2039 = ORIENTED_EDGE('',*,*,#1892,.T.);
#2040 = PLANE('',#2041);
#2041 = AXIS2_PLACEMENT_3D('',#2042,#2043,#2044);
#2042 = CARTESIAN_POINT('',(2.2,1.7,1.));
#2043 = DIRECTION('',(0.,0.,1.));
#2044 = DIRECTION('',(1.,0.,-0.));
#2045 = ADVANCED_FACE('',(#2046),#2057,.F.);
#2046 = FACE_BOUND('',#2047,.F.);
#2047 = EDGE_LOOP('',(#2048,#2054,#2055,#2056));
#2048 = ORIENTED_EDGE('',*,*,#2049,.T.);
#2049 = EDGE_CURVE('',#1801,#1900,#2050,.T.);
#2050 = LINE('',#2051,#2052);
#2051 = CARTESIAN_POINT('',(2.505,1.005,0.7075));
#2052 = VECTOR('',#2053,1.);
#2053 = DIRECTION('',(0.,1.,0.));
#2054 = ORIENTED_EDGE('',*,*,#1899,.F.);
#2055 = ORIENTED_EDGE('',*,*,#599,.F.);
#2056 = ORIENTED_EDGE('',*,*,#1808,.T.);
#2057 = CYLINDRICAL_SURFACE('',#2058,9.75E-02);
#2058 = AXIS2_PLACEMENT_3D('',#2059,#2060,#2061);
#2059 = CARTESIAN_POINT('',(2.4075,1.005,0.7075));
#2060 = DIRECTION('',(0.,1.,0.));
#2061 = DIRECTION('',(1.,0.,0.));
#2062 = ADVANCED_FACE('',(#2063),#2165,.F.);
#2063 = FACE_BOUND('',#2064,.F.);
#2064 = EDGE_LOOP('',(#2065,#2075,#2084,#2092,#2098,#2099,#2108,#2116,
    #2123,#2124,#2125,#2134,#2142,#2149,#2150,#2158));
#2065 = ORIENTED_EDGE('',*,*,#2066,.F.);
#2066 = EDGE_CURVE('',#2067,#2069,#2071,.T.);
#2067 = VERTEX_POINT('',#2068);
#2068 = CARTESIAN_POINT('',(-2.7,2.2,9.75E-02));
#2069 = VERTEX_POINT('',#2070);
#2070 = CARTESIAN_POINT('',(-2.7,2.2,0.9025));
#2071 = LINE('',#2072,#2073);
#2072 = CARTESIAN_POINT('',(-2.7,2.2,0.));
#2073 = VECTOR('',#2074,1.);
#2074 = DIRECTION('',(0.,0.,1.));
#2075 = ORIENTED_EDGE('',*,*,#2076,.T.);
#2076 = EDGE_CURVE('',#2067,#2077,#2079,.T.);
#2077 = VERTEX_POINT('',#2078);
#2078 = CARTESIAN_POINT('',(-2.6025,2.2,-2.775557561563E-17));
#2079 = CIRCLE('',#2080,9.75E-02);
#2080 = AXIS2_PLACEMENT_3D('',#2081,#2082,#2083);
#2081 = CARTESIAN_POINT('',(-2.6025,2.2,9.75E-02));
#2082 = DIRECTION('',(0.,-1.,0.));
#2083 = DIRECTION('',(0.,0.,-1.));
#2084 = ORIENTED_EDGE('',*,*,#2085,.F.);
#2085 = EDGE_CURVE('',#2086,#2077,#2088,.T.);
#2086 = VERTEX_POINT('',#2087);
#2087 = CARTESIAN_POINT('',(-1.7,2.2,0.));
#2088 = LINE('',#2089,#2090);
#2089 = CARTESIAN_POINT('',(-1.7,2.2,0.));
#2090 = VECTOR('',#2091,1.);
#2091 = DIRECTION('',(-1.,0.,0.));
#2092 = ORIENTED_EDGE('',*,*,#2093,.T.);
#2093 = EDGE_CURVE('',#2086,#1134,#2094,.T.);
#2094 = LINE('',#2095,#2096);
#2095 = CARTESIAN_POINT('',(-1.7,2.2,0.));
#2096 = VECTOR('',#2097,1.);
#2097 = DIRECTION('',(0.,0.,1.));
#2098 = ORIENTED_EDGE('',*,*,#1133,.F.);
#2099 = ORIENTED_EDGE('',*,*,#2100,.T.);
#2100 = EDGE_CURVE('',#1126,#2101,#2103,.T.);
#2101 = VERTEX_POINT('',#2102);
#2102 = CARTESIAN_POINT('',(-1.9925,2.2,0.195));
#2103 = CIRCLE('',#2104,9.75E-02);
#2104 = AXIS2_PLACEMENT_3D('',#2105,#2106,#2107);
#2105 = CARTESIAN_POINT('',(-1.9925,2.2,0.2925));
#2106 = DIRECTION('',(0.,1.,0.));
#2107 = DIRECTION('',(-6.906640467053E-32,0.,-1.));
#2108 = ORIENTED_EDGE('',*,*,#2109,.T.);
#2109 = EDGE_CURVE('',#2101,#2110,#2112,.T.);
#2110 = VERTEX_POINT('',#2111);
#2111 = CARTESIAN_POINT('',(-2.4075,2.2,0.195));
#2112 = LINE('',#2113,#2114);
#2113 = CARTESIAN_POINT('',(-1.95,2.2,0.195));
#2114 = VECTOR('',#2115,1.);
#2115 = DIRECTION('',(-1.,0.,6.906640467053E-32));
#2116 = ORIENTED_EDGE('',*,*,#2117,.F.);
#2117 = EDGE_CURVE('',#986,#2110,#2118,.T.);
#2118 = CIRCLE('',#2119,9.75E-02);
#2119 = AXIS2_PLACEMENT_3D('',#2120,#2121,#2122);
#2120 = CARTESIAN_POINT('',(-2.4075,2.2,0.2925));
#2121 = DIRECTION('',(0.,-1.,0.));
#2122 = DIRECTION('',(-1.,0.,0.));
#2123 = ORIENTED_EDGE('',*,*,#985,.F.);
#2124 = ORIENTED_EDGE('',*,*,#759,.F.);
#2125 = ORIENTED_EDGE('',*,*,#2126,.F.);
#2126 = EDGE_CURVE('',#2127,#752,#2129,.T.);
#2127 = VERTEX_POINT('',#2128);
#2128 = CARTESIAN_POINT('',(-2.505,2.2,0.2925));
#2129 = CIRCLE('',#2130,9.75E-02);
#2130 = AXIS2_PLACEMENT_3D('',#2131,#2132,#2133);
#2131 = CARTESIAN_POINT('',(-2.4075,2.2,0.2925));
#2132 = DIRECTION('',(0.,-1.,0.));
#2133 = DIRECTION('',(-1.,0.,0.));
#2134 = ORIENTED_EDGE('',*,*,#2135,.T.);
#2135 = EDGE_CURVE('',#2127,#2136,#2138,.T.);
#2136 = VERTEX_POINT('',#2137);
#2137 = CARTESIAN_POINT('',(-2.505,2.2,0.7075));
#2138 = LINE('',#2139,#2140);
#2139 = CARTESIAN_POINT('',(-2.505,2.2,9.75E-02));
#2140 = VECTOR('',#2141,1.);
#2141 = DIRECTION('',(0.,0.,1.));
#2142 = ORIENTED_EDGE('',*,*,#2143,.F.);
#2143 = EDGE_CURVE('',#794,#2136,#2144,.T.);
#2144 = CIRCLE('',#2145,9.75E-02);
#2145 = AXIS2_PLACEMENT_3D('',#2146,#2147,#2148);
#2146 = CARTESIAN_POINT('',(-2.4075,2.2,0.7075));
#2147 = DIRECTION('',(0.,-1.,0.));
#2148 = DIRECTION('',(-1.,0.,0.));
#2149 = ORIENTED_EDGE('',*,*,#793,.F.);
#2150 = ORIENTED_EDGE('',*,*,#2151,.T.);
#2151 = EDGE_CURVE('',#784,#2152,#2154,.T.);
#2152 = VERTEX_POINT('',#2153);
#2153 = CARTESIAN_POINT('',(-2.6025,2.2,1.));
#2154 = LINE('',#2155,#2156);
#2155 = CARTESIAN_POINT('',(-1.7,2.2,1.));
#2156 = VECTOR('',#2157,1.);
#2157 = DIRECTION('',(-1.,0.,0.));
#2158 = ORIENTED_EDGE('',*,*,#2159,.F.);
#2159 = EDGE_CURVE('',#2069,#2152,#2160,.T.);
#2160 = CIRCLE('',#2161,9.75E-02);
#2161 = AXIS2_PLACEMENT_3D('',#2162,#2163,#2164);
#2162 = CARTESIAN_POINT('',(-2.6025,2.2,0.9025));
#2163 = DIRECTION('',(0.,1.,0.));
#2164 = DIRECTION('',(0.,0.,-1.));
#2165 = PLANE('',#2166);
#2166 = AXIS2_PLACEMENT_3D('',#2167,#2168,#2169);
#2167 = CARTESIAN_POINT('',(-1.7,2.2,0.));
#2168 = DIRECTION('',(0.,-1.,0.));
#2169 = DIRECTION('',(-1.,0.,0.));
#2170 = ADVANCED_FACE('',(#2171),#2190,.F.);
#2171 = FACE_BOUND('',#2172,.F.);
#2172 = EDGE_LOOP('',(#2173,#2181,#2182,#2183));
#2173 = ORIENTED_EDGE('',*,*,#2174,.F.);
#2174 = EDGE_CURVE('',#2127,#2175,#2177,.T.);
#2175 = VERTEX_POINT('',#2176);
#2176 = CARTESIAN_POINT('',(-2.505,1.2,0.2925));
#2177 = LINE('',#2178,#2179);
#2178 = CARTESIAN_POINT('',(-2.505,2.395,0.2925));
#2179 = VECTOR('',#2180,1.);
#2180 = DIRECTION('',(0.,-1.,0.));
#2181 = ORIENTED_EDGE('',*,*,#2126,.T.);
#2182 = ORIENTED_EDGE('',*,*,#751,.T.);
#2183 = ORIENTED_EDGE('',*,*,#2184,.F.);
#2184 = EDGE_CURVE('',#2175,#744,#2185,.T.);
#2185 = CIRCLE('',#2186,9.75E-02);
#2186 = AXIS2_PLACEMENT_3D('',#2187,#2188,#2189);
#2187 = CARTESIAN_POINT('',(-2.4075,1.2,0.2925));
#2188 = DIRECTION('',(0.,-1.,0.));
#2189 = DIRECTION('',(-1.,0.,0.));
#2190 = CYLINDRICAL_SURFACE('',#2191,9.75E-02);
#2191 = AXIS2_PLACEMENT_3D('',#2192,#2193,#2194);
#2192 = CARTESIAN_POINT('',(-2.4075,2.395,0.2925));
#2193 = DIRECTION('',(0.,-1.,0.));
#2194 = DIRECTION('',(-1.,0.,0.));
#2195 = ADVANCED_FACE('',(#2196),#2290,.F.);
#2196 = FACE_BOUND('',#2197,.F.);
#2197 = EDGE_LOOP('',(#2198,#2209,#2217,#2226,#2232,#2233,#2242,#2248,
    #2249,#2250,#2251,#2260,#2268,#2275,#2276,#2284));
#2198 = ORIENTED_EDGE('',*,*,#2199,.F.);
#2199 = EDGE_CURVE('',#2200,#2202,#2204,.T.);
#2200 = VERTEX_POINT('',#2201);
#2201 = CARTESIAN_POINT('',(-2.7,1.2,9.75E-02));
#2202 = VERTEX_POINT('',#2203);
#2203 = CARTESIAN_POINT('',(-2.6025,1.2,-2.775557561563E-17));
#2204 = CIRCLE('',#2205,9.75E-02);
#2205 = AXIS2_PLACEMENT_3D('',#2206,#2207,#2208);
#2206 = CARTESIAN_POINT('',(-2.6025,1.2,9.75E-02));
#2207 = DIRECTION('',(0.,-1.,0.));
#2208 = DIRECTION('',(0.,0.,-1.));
#2209 = ORIENTED_EDGE('',*,*,#2210,.T.);
#2210 = EDGE_CURVE('',#2200,#2211,#2213,.T.);
#2211 = VERTEX_POINT('',#2212);
#2212 = CARTESIAN_POINT('',(-2.7,1.2,0.9025));
#2213 = LINE('',#2214,#2215);
#2214 = CARTESIAN_POINT('',(-2.7,1.2,0.));
#2215 = VECTOR('',#2216,1.);
#2216 = DIRECTION('',(0.,0.,1.));
#2217 = ORIENTED_EDGE('',*,*,#2218,.T.);
#2218 = EDGE_CURVE('',#2211,#2219,#2221,.T.);
#2219 = VERTEX_POINT('',#2220);
#2220 = CARTESIAN_POINT('',(-2.6025,1.2,1.));
#2221 = CIRCLE('',#2222,9.75E-02);
#2222 = AXIS2_PLACEMENT_3D('',#2223,#2224,#2225);
#2223 = CARTESIAN_POINT('',(-2.6025,1.2,0.9025));
#2224 = DIRECTION('',(0.,1.,0.));
#2225 = DIRECTION('',(0.,0.,-1.));
#2226 = ORIENTED_EDGE('',*,*,#2227,.T.);
#2227 = EDGE_CURVE('',#2219,#786,#2228,.T.);
#2228 = LINE('',#2229,#2230);
#2229 = CARTESIAN_POINT('',(-2.7,1.2,1.));
#2230 = VECTOR('',#2231,1.);
#2231 = DIRECTION('',(1.,0.,0.));
#2232 = ORIENTED_EDGE('',*,*,#809,.F.);
#2233 = ORIENTED_EDGE('',*,*,#2234,.T.);
#2234 = EDGE_CURVE('',#802,#2235,#2237,.T.);
#2235 = VERTEX_POINT('',#2236);
#2236 = CARTESIAN_POINT('',(-2.505,1.2,0.7075));
#2237 = CIRCLE('',#2238,9.75E-02);
#2238 = AXIS2_PLACEMENT_3D('',#2239,#2240,#2241);
#2239 = CARTESIAN_POINT('',(-2.4075,1.2,0.7075));
#2240 = DIRECTION('',(0.,-1.,0.));
#2241 = DIRECTION('',(-1.,0.,0.));
#2242 = ORIENTED_EDGE('',*,*,#2243,.T.);
#2243 = EDGE_CURVE('',#2235,#2175,#2244,.T.);
#2244 = LINE('',#2245,#2246);
#2245 = CARTESIAN_POINT('',(-2.505,1.2,9.75E-02));
#2246 = VECTOR('',#2247,1.);
#2247 = DIRECTION('',(0.,0.,-1.));
#2248 = ORIENTED_EDGE('',*,*,#2184,.T.);
#2249 = ORIENTED_EDGE('',*,*,#743,.F.);
#2250 = ORIENTED_EDGE('',*,*,#1001,.F.);
#2251 = ORIENTED_EDGE('',*,*,#2252,.T.);
#2252 = EDGE_CURVE('',#994,#2253,#2255,.T.);
#2253 = VERTEX_POINT('',#2254);
#2254 = CARTESIAN_POINT('',(-2.4075,1.2,0.195));
#2255 = CIRCLE('',#2256,9.75E-02);
#2256 = AXIS2_PLACEMENT_3D('',#2257,#2258,#2259);
#2257 = CARTESIAN_POINT('',(-2.4075,1.2,0.2925));
#2258 = DIRECTION('',(0.,-1.,0.));
#2259 = DIRECTION('',(-1.,0.,0.));
#2260 = ORIENTED_EDGE('',*,*,#2261,.T.);
#2261 = EDGE_CURVE('',#2253,#2262,#2264,.T.);
#2262 = VERTEX_POINT('',#2263);
#2263 = CARTESIAN_POINT('',(-1.9925,1.2,0.195));
#2264 = LINE('',#2265,#2266);
#2265 = CARTESIAN_POINT('',(-2.45,1.2,0.195));
#2266 = VECTOR('',#2267,1.);
#2267 = DIRECTION('',(1.,0.,-6.906640467053E-32));
#2268 = ORIENTED_EDGE('',*,*,#2269,.F.);
#2269 = EDGE_CURVE('',#1124,#2262,#2270,.T.);
#2270 = CIRCLE('',#2271,9.75E-02);
#2271 = AXIS2_PLACEMENT_3D('',#2272,#2273,#2274);
#2272 = CARTESIAN_POINT('',(-1.9925,1.2,0.2925));
#2273 = DIRECTION('',(0.,1.,0.));
#2274 = DIRECTION('',(-6.906640467053E-32,0.,-1.));
#2275 = ORIENTED_EDGE('',*,*,#1149,.F.);
#2276 = ORIENTED_EDGE('',*,*,#2277,.F.);
#2277 = EDGE_CURVE('',#2278,#1142,#2280,.T.);
#2278 = VERTEX_POINT('',#2279);
#2279 = CARTESIAN_POINT('',(-1.7,1.2,0.));
#2280 = LINE('',#2281,#2282);
#2281 = CARTESIAN_POINT('',(-1.7,1.2,0.));
#2282 = VECTOR('',#2283,1.);
#2283 = DIRECTION('',(0.,0.,1.));
#2284 = ORIENTED_EDGE('',*,*,#2285,.F.);
#2285 = EDGE_CURVE('',#2202,#2278,#2286,.T.);
#2286 = LINE('',#2287,#2288);
#2287 = CARTESIAN_POINT('',(-2.7,1.2,0.));
#2288 = VECTOR('',#2289,1.);
#2289 = DIRECTION('',(1.,0.,0.));
#2290 = PLANE('',#2291);
#2291 = AXIS2_PLACEMENT_3D('',#2292,#2293,#2294);
#2292 = CARTESIAN_POINT('',(-2.7,1.2,0.));
#2293 = DIRECTION('',(0.,1.,0.));
#2294 = DIRECTION('',(1.,0.,0.));
#2295 = ADVANCED_FACE('',(#2296),#2398,.F.);
#2296 = FACE_BOUND('',#2297,.F.);
#2297 = EDGE_LOOP('',(#2298,#2308,#2317,#2325,#2331,#2332,#2341,#2349,
    #2356,#2357,#2358,#2367,#2375,#2382,#2383,#2391));
#2298 = ORIENTED_EDGE('',*,*,#2299,.F.);
#2299 = EDGE_CURVE('',#2300,#2302,#2304,.T.);
#2300 = VERTEX_POINT('',#2301);
#2301 = CARTESIAN_POINT('',(-2.7,0.5,9.75E-02));
#2302 = VERTEX_POINT('',#2303);
#2303 = CARTESIAN_POINT('',(-2.7,0.5,0.9025));
#2304 = LINE('',#2305,#2306);
#2305 = CARTESIAN_POINT('',(-2.7,0.5,0.));
#2306 = VECTOR('',#2307,1.);
#2307 = DIRECTION('',(0.,0.,1.));
#2308 = ORIENTED_EDGE('',*,*,#2309,.T.);
#2309 = EDGE_CURVE('',#2300,#2310,#2312,.T.);
#2310 = VERTEX_POINT('',#2311);
#2311 = CARTESIAN_POINT('',(-2.6025,0.5,-2.775557561563E-17));
#2312 = CIRCLE('',#2313,9.75E-02);
#2313 = AXIS2_PLACEMENT_3D('',#2314,#2315,#2316);
#2314 = CARTESIAN_POINT('',(-2.6025,0.5,9.75E-02));
#2315 = DIRECTION('',(0.,-1.,0.));
#2316 = DIRECTION('',(0.,0.,-1.));
#2317 = ORIENTED_EDGE('',*,*,#2318,.F.);
#2318 = EDGE_CURVE('',#2319,#2310,#2321,.T.);
#2319 = VERTEX_POINT('',#2320);
#2320 = CARTESIAN_POINT('',(-1.7,0.5,0.));
#2321 = LINE('',#2322,#2323);
#2322 = CARTESIAN_POINT('',(-1.7,0.5,0.));
#2323 = VECTOR('',#2324,1.);
#2324 = DIRECTION('',(-1.,0.,0.));
#2325 = ORIENTED_EDGE('',*,*,#2326,.T.);
#2326 = EDGE_CURVE('',#2319,#1168,#2327,.T.);
#2327 = LINE('',#2328,#2329);
#2328 = CARTESIAN_POINT('',(-1.7,0.5,0.));
#2329 = VECTOR('',#2330,1.);
#2330 = DIRECTION('',(0.,0.,1.));
#2331 = ORIENTED_EDGE('',*,*,#1167,.F.);
#2332 = ORIENTED_EDGE('',*,*,#2333,.T.);
#2333 = EDGE_CURVE('',#1160,#2334,#2336,.T.);
#2334 = VERTEX_POINT('',#2335);
#2335 = CARTESIAN_POINT('',(-1.9925,0.5,0.195));
#2336 = CIRCLE('',#2337,9.75E-02);
#2337 = AXIS2_PLACEMENT_3D('',#2338,#2339,#2340);
#2338 = CARTESIAN_POINT('',(-1.9925,0.5,0.2925));
#2339 = DIRECTION('',(0.,1.,0.));
#2340 = DIRECTION('',(-6.906640467053E-32,0.,-1.));
#2341 = ORIENTED_EDGE('',*,*,#2342,.T.);
#2342 = EDGE_CURVE('',#2334,#2343,#2345,.T.);
#2343 = VERTEX_POINT('',#2344);
#2344 = CARTESIAN_POINT('',(-2.4075,0.5,0.195));
#2345 = LINE('',#2346,#2347);
#2346 = CARTESIAN_POINT('',(-1.95,0.5,0.195));
#2347 = VECTOR('',#2348,1.);
#2348 = DIRECTION('',(-1.,0.,6.906640467053E-32));
#2349 = ORIENTED_EDGE('',*,*,#2350,.F.);
#2350 = EDGE_CURVE('',#1009,#2343,#2351,.T.);
#2351 = CIRCLE('',#2352,9.75E-02);
#2352 = AXIS2_PLACEMENT_3D('',#2353,#2354,#2355);
#2353 = CARTESIAN_POINT('',(-2.4075,0.5,0.2925));
#2354 = DIRECTION('',(0.,-1.,0.));
#2355 = DIRECTION('',(-1.,0.,0.));
#2356 = ORIENTED_EDGE('',*,*,#1008,.F.);
#2357 = ORIENTED_EDGE('',*,*,#727,.F.);
#2358 = ORIENTED_EDGE('',*,*,#2359,.F.);
#2359 = EDGE_CURVE('',#2360,#720,#2362,.T.);
#2360 = VERTEX_POINT('',#2361);
#2361 = CARTESIAN_POINT('',(-2.505,0.5,0.2925));
#2362 = CIRCLE('',#2363,9.75E-02);
#2363 = AXIS2_PLACEMENT_3D('',#2364,#2365,#2366);
#2364 = CARTESIAN_POINT('',(-2.4075,0.5,0.2925));
#2365 = DIRECTION('',(0.,-1.,0.));
#2366 = DIRECTION('',(-1.,0.,0.));
#2367 = ORIENTED_EDGE('',*,*,#2368,.T.);
#2368 = EDGE_CURVE('',#2360,#2369,#2371,.T.);
#2369 = VERTEX_POINT('',#2370);
#2370 = CARTESIAN_POINT('',(-2.505,0.5,0.7075));
#2371 = LINE('',#2372,#2373);
#2372 = CARTESIAN_POINT('',(-2.505,0.5,9.75E-02));
#2373 = VECTOR('',#2374,1.);
#2374 = DIRECTION('',(0.,0.,1.));
#2375 = ORIENTED_EDGE('',*,*,#2376,.F.);
#2376 = EDGE_CURVE('',#828,#2369,#2377,.T.);
#2377 = CIRCLE('',#2378,9.75E-02);
#2378 = AXIS2_PLACEMENT_3D('',#2379,#2380,#2381);
#2379 = CARTESIAN_POINT('',(-2.4075,0.5,0.7075));
#2380 = DIRECTION('',(0.,-1.,0.));
#2381 = DIRECTION('',(-1.,0.,0.));
#2382 = ORIENTED_EDGE('',*,*,#827,.F.);
#2383 = ORIENTED_EDGE('',*,*,#2384,.T.);
#2384 = EDGE_CURVE('',#818,#2385,#2387,.T.);
#2385 = VERTEX_POINT('',#2386);
#2386 = CARTESIAN_POINT('',(-2.6025,0.5,1.));
#2387 = LINE('',#2388,#2389);
#2388 = CARTESIAN_POINT('',(-1.7,0.5,1.));
#2389 = VECTOR('',#2390,1.);
#2390 = DIRECTION('',(-1.,0.,0.));
#2391 = ORIENTED_EDGE('',*,*,#2392,.F.);
#2392 = EDGE_CURVE('',#2302,#2385,#2393,.T.);
#2393 = CIRCLE('',#2394,9.75E-02);
#2394 = AXIS2_PLACEMENT_3D('',#2395,#2396,#2397);
#2395 = CARTESIAN_POINT('',(-2.6025,0.5,0.9025));
#2396 = DIRECTION('',(0.,1.,0.));
#2397 = DIRECTION('',(0.,0.,-1.));
#2398 = PLANE('',#2399);
#2399 = AXIS2_PLACEMENT_3D('',#2400,#2401,#2402);
#2400 = CARTESIAN_POINT('',(-1.7,0.5,0.));
#2401 = DIRECTION('',(0.,-1.,0.));
#2402 = DIRECTION('',(-1.,0.,0.));
#2403 = ADVANCED_FACE('',(#2404),#2423,.F.);
#2404 = FACE_BOUND('',#2405,.F.);
#2405 = EDGE_LOOP('',(#2406,#2414,#2415,#2416));
#2406 = ORIENTED_EDGE('',*,*,#2407,.F.);
#2407 = EDGE_CURVE('',#2360,#2408,#2410,.T.);
#2408 = VERTEX_POINT('',#2409);
#2409 = CARTESIAN_POINT('',(-2.505,-0.5,0.2925));
#2410 = LINE('',#2411,#2412);
#2411 = CARTESIAN_POINT('',(-2.505,0.695,0.2925));
#2412 = VECTOR('',#2413,1.);
#2413 = DIRECTION('',(0.,-1.,0.));
#2414 = ORIENTED_EDGE('',*,*,#2359,.T.);
#2415 = ORIENTED_EDGE('',*,*,#719,.T.);
#2416 = ORIENTED_EDGE('',*,*,#2417,.F.);
#2417 = EDGE_CURVE('',#2408,#712,#2418,.T.);
#2418 = CIRCLE('',#2419,9.75E-02);
#2419 = AXIS2_PLACEMENT_3D('',#2420,#2421,#2422);
#2420 = CARTESIAN_POINT('',(-2.4075,-0.5,0.2925));
#2421 = DIRECTION('',(0.,-1.,0.));
#2422 = DIRECTION('',(-1.,0.,0.));
#2423 = CYLINDRICAL_SURFACE('',#2424,9.75E-02);
#2424 = AXIS2_PLACEMENT_3D('',#2425,#2426,#2427);
#2425 = CARTESIAN_POINT('',(-2.4075,0.695,0.2925));
#2426 = DIRECTION('',(0.,-1.,0.));
#2427 = DIRECTION('',(-1.,0.,0.));
#2428 = ADVANCED_FACE('',(#2429),#2523,.F.);
#2429 = FACE_BOUND('',#2430,.F.);
#2430 = EDGE_LOOP('',(#2431,#2442,#2450,#2459,#2465,#2466,#2475,#2481,
    #2482,#2483,#2484,#2493,#2501,#2508,#2509,#2517));
#2431 = ORIENTED_EDGE('',*,*,#2432,.F.);
#2432 = EDGE_CURVE('',#2433,#2435,#2437,.T.);
#2433 = VERTEX_POINT('',#2434);
#2434 = CARTESIAN_POINT('',(-2.7,-0.5,9.75E-02));
#2435 = VERTEX_POINT('',#2436);
#2436 = CARTESIAN_POINT('',(-2.6025,-0.5,-2.775557561563E-17));
#2437 = CIRCLE('',#2438,9.75E-02);
#2438 = AXIS2_PLACEMENT_3D('',#2439,#2440,#2441);
#2439 = CARTESIAN_POINT('',(-2.6025,-0.5,9.75E-02));
#2440 = DIRECTION('',(0.,-1.,0.));
#2441 = DIRECTION('',(0.,0.,-1.));
#2442 = ORIENTED_EDGE('',*,*,#2443,.T.);
#2443 = EDGE_CURVE('',#2433,#2444,#2446,.T.);
#2444 = VERTEX_POINT('',#2445);
#2445 = CARTESIAN_POINT('',(-2.7,-0.5,0.9025));
#2446 = LINE('',#2447,#2448);
#2447 = CARTESIAN_POINT('',(-2.7,-0.5,0.));
#2448 = VECTOR('',#2449,1.);
#2449 = DIRECTION('',(0.,0.,1.));
#2450 = ORIENTED_EDGE('',*,*,#2451,.T.);
#2451 = EDGE_CURVE('',#2444,#2452,#2454,.T.);
#2452 = VERTEX_POINT('',#2453);
#2453 = CARTESIAN_POINT('',(-2.6025,-0.5,1.));
#2454 = CIRCLE('',#2455,9.75E-02);
#2455 = AXIS2_PLACEMENT_3D('',#2456,#2457,#2458);
#2456 = CARTESIAN_POINT('',(-2.6025,-0.5,0.9025));
#2457 = DIRECTION('',(0.,1.,0.));
#2458 = DIRECTION('',(0.,0.,-1.));
#2459 = ORIENTED_EDGE('',*,*,#2460,.T.);
#2460 = EDGE_CURVE('',#2452,#820,#2461,.T.);
#2461 = LINE('',#2462,#2463);
#2462 = CARTESIAN_POINT('',(-2.7,-0.5,1.));
#2463 = VECTOR('',#2464,1.);
#2464 = DIRECTION('',(1.,0.,0.));
#2465 = ORIENTED_EDGE('',*,*,#843,.F.);
#2466 = ORIENTED_EDGE('',*,*,#2467,.T.);
#2467 = EDGE_CURVE('',#836,#2468,#2470,.T.);
#2468 = VERTEX_POINT('',#2469);
#2469 = CARTESIAN_POINT('',(-2.505,-0.5,0.7075));
#2470 = CIRCLE('',#2471,9.75E-02);
#2471 = AXIS2_PLACEMENT_3D('',#2472,#2473,#2474);
#2472 = CARTESIAN_POINT('',(-2.4075,-0.5,0.7075));
#2473 = DIRECTION('',(0.,-1.,0.));
#2474 = DIRECTION('',(-1.,0.,0.));
#2475 = ORIENTED_EDGE('',*,*,#2476,.T.);
#2476 = EDGE_CURVE('',#2468,#2408,#2477,.T.);
#2477 = LINE('',#2478,#2479);
#2478 = CARTESIAN_POINT('',(-2.505,-0.5,9.75E-02));
#2479 = VECTOR('',#2480,1.);
#2480 = DIRECTION('',(0.,0.,-1.));
#2481 = ORIENTED_EDGE('',*,*,#2417,.T.);
#2482 = ORIENTED_EDGE('',*,*,#711,.F.);
#2483 = ORIENTED_EDGE('',*,*,#1024,.F.);
#2484 = ORIENTED_EDGE('',*,*,#2485,.T.);
#2485 = EDGE_CURVE('',#1017,#2486,#2488,.T.);
#2486 = VERTEX_POINT('',#2487);
#2487 = CARTESIAN_POINT('',(-2.4075,-0.5,0.195));
#2488 = CIRCLE('',#2489,9.75E-02);
#2489 = AXIS2_PLACEMENT_3D('',#2490,#2491,#2492);
#2490 = CARTESIAN_POINT('',(-2.4075,-0.5,0.2925));
#2491 = DIRECTION('',(0.,-1.,0.));
#2492 = DIRECTION('',(-1.,0.,0.));
#2493 = ORIENTED_EDGE('',*,*,#2494,.T.);
#2494 = EDGE_CURVE('',#2486,#2495,#2497,.T.);
#2495 = VERTEX_POINT('',#2496);
#2496 = CARTESIAN_POINT('',(-1.9925,-0.5,0.195));
#2497 = LINE('',#2498,#2499);
#2498 = CARTESIAN_POINT('',(-2.45,-0.5,0.195));
#2499 = VECTOR('',#2500,1.);
#2500 = DIRECTION('',(1.,0.,-6.906640467053E-32));
#2501 = ORIENTED_EDGE('',*,*,#2502,.F.);
#2502 = EDGE_CURVE('',#1158,#2495,#2503,.T.);
#2503 = CIRCLE('',#2504,9.75E-02);
#2504 = AXIS2_PLACEMENT_3D('',#2505,#2506,#2507);
#2505 = CARTESIAN_POINT('',(-1.9925,-0.5,0.2925));
#2506 = DIRECTION('',(0.,1.,0.));
#2507 = DIRECTION('',(-6.906640467053E-32,0.,-1.));
#2508 = ORIENTED_EDGE('',*,*,#1183,.F.);
#2509 = ORIENTED_EDGE('',*,*,#2510,.F.);
#2510 = EDGE_CURVE('',#2511,#1176,#2513,.T.);
#2511 = VERTEX_POINT('',#2512);
#2512 = CARTESIAN_POINT('',(-1.7,-0.5,0.));
#2513 = LINE('',#2514,#2515);
#2514 = CARTESIAN_POINT('',(-1.7,-0.5,0.));
#2515 = VECTOR('',#2516,1.);
#2516 = DIRECTION('',(0.,0.,1.));
#2517 = ORIENTED_EDGE('',*,*,#2518,.F.);
#2518 = EDGE_CURVE('',#2435,#2511,#2519,.T.);
#2519 = LINE('',#2520,#2521);
#2520 = CARTESIAN_POINT('',(-2.7,-0.5,0.));
#2521 = VECTOR('',#2522,1.);
#2522 = DIRECTION('',(1.,0.,0.));
#2523 = PLANE('',#2524);
#2524 = AXIS2_PLACEMENT_3D('',#2525,#2526,#2527);
#2525 = CARTESIAN_POINT('',(-2.7,-0.5,0.));
#2526 = DIRECTION('',(0.,1.,0.));
#2527 = DIRECTION('',(1.,0.,0.));
#2528 = ADVANCED_FACE('',(#2529),#2631,.F.);
#2529 = FACE_BOUND('',#2530,.F.);
#2530 = EDGE_LOOP('',(#2531,#2541,#2550,#2558,#2564,#2565,#2574,#2582,
    #2589,#2590,#2591,#2600,#2608,#2615,#2616,#2624));
#2531 = ORIENTED_EDGE('',*,*,#2532,.F.);
#2532 = EDGE_CURVE('',#2533,#2535,#2537,.T.);
#2533 = VERTEX_POINT('',#2534);
#2534 = CARTESIAN_POINT('',(-2.7,-1.2,9.75E-02));
#2535 = VERTEX_POINT('',#2536);
#2536 = CARTESIAN_POINT('',(-2.7,-1.2,0.9025));
#2537 = LINE('',#2538,#2539);
#2538 = CARTESIAN_POINT('',(-2.7,-1.2,0.));
#2539 = VECTOR('',#2540,1.);
#2540 = DIRECTION('',(0.,0.,1.));
#2541 = ORIENTED_EDGE('',*,*,#2542,.T.);
#2542 = EDGE_CURVE('',#2533,#2543,#2545,.T.);
#2543 = VERTEX_POINT('',#2544);
#2544 = CARTESIAN_POINT('',(-2.6025,-1.2,-2.775557561563E-17));
#2545 = CIRCLE('',#2546,9.75E-02);
#2546 = AXIS2_PLACEMENT_3D('',#2547,#2548,#2549);
#2547 = CARTESIAN_POINT('',(-2.6025,-1.2,9.75E-02));
#2548 = DIRECTION('',(0.,-1.,0.));
#2549 = DIRECTION('',(0.,0.,-1.));
#2550 = ORIENTED_EDGE('',*,*,#2551,.F.);
#2551 = EDGE_CURVE('',#2552,#2543,#2554,.T.);
#2552 = VERTEX_POINT('',#2553);
#2553 = CARTESIAN_POINT('',(-1.7,-1.2,0.));
#2554 = LINE('',#2555,#2556);
#2555 = CARTESIAN_POINT('',(-1.7,-1.2,0.));
#2556 = VECTOR('',#2557,1.);
#2557 = DIRECTION('',(-1.,0.,0.));
#2558 = ORIENTED_EDGE('',*,*,#2559,.T.);
#2559 = EDGE_CURVE('',#2552,#1090,#2560,.T.);
#2560 = LINE('',#2561,#2562);
#2561 = CARTESIAN_POINT('',(-1.7,-1.2,0.));
#2562 = VECTOR('',#2563,1.);
#2563 = DIRECTION('',(0.,0.,1.));
#2564 = ORIENTED_EDGE('',*,*,#1115,.F.);
#2565 = ORIENTED_EDGE('',*,*,#2566,.T.);
#2566 = EDGE_CURVE('',#1108,#2567,#2569,.T.);
#2567 = VERTEX_POINT('',#2568);
#2568 = CARTESIAN_POINT('',(-1.9925,-1.2,0.195));
#2569 = CIRCLE('',#2570,9.75E-02);
#2570 = AXIS2_PLACEMENT_3D('',#2571,#2572,#2573);
#2571 = CARTESIAN_POINT('',(-1.9925,-1.2,0.2925));
#2572 = DIRECTION('',(0.,1.,0.));
#2573 = DIRECTION('',(-6.906640467053E-32,0.,-1.));
#2574 = ORIENTED_EDGE('',*,*,#2575,.T.);
#2575 = EDGE_CURVE('',#2567,#2576,#2578,.T.);
#2576 = VERTEX_POINT('',#2577);
#2577 = CARTESIAN_POINT('',(-2.4075,-1.2,0.195));
#2578 = LINE('',#2579,#2580);
#2579 = CARTESIAN_POINT('',(-1.95,-1.2,0.195));
#2580 = VECTOR('',#2581,1.);
#2581 = DIRECTION('',(-1.,0.,6.906640467053E-32));
#2582 = ORIENTED_EDGE('',*,*,#2583,.F.);
#2583 = EDGE_CURVE('',#1032,#2576,#2584,.T.);
#2584 = CIRCLE('',#2585,9.75E-02);
#2585 = AXIS2_PLACEMENT_3D('',#2586,#2587,#2588);
#2586 = CARTESIAN_POINT('',(-2.4075,-1.2,0.2925));
#2587 = DIRECTION('',(0.,-1.,0.));
#2588 = DIRECTION('',(-1.,0.,0.));
#2589 = ORIENTED_EDGE('',*,*,#1031,.F.);
#2590 = ORIENTED_EDGE('',*,*,#695,.F.);
#2591 = ORIENTED_EDGE('',*,*,#2592,.F.);
#2592 = EDGE_CURVE('',#2593,#688,#2595,.T.);
#2593 = VERTEX_POINT('',#2594);
#2594 = CARTESIAN_POINT('',(-2.505,-1.2,0.2925));
#2595 = CIRCLE('',#2596,9.75E-02);
#2596 = AXIS2_PLACEMENT_3D('',#2597,#2598,#2599);
#2597 = CARTESIAN_POINT('',(-2.4075,-1.2,0.2925));
#2598 = DIRECTION('',(0.,-1.,0.));
#2599 = DIRECTION('',(-1.,0.,0.));
#2600 = ORIENTED_EDGE('',*,*,#2601,.T.);
#2601 = EDGE_CURVE('',#2593,#2602,#2604,.T.);
#2602 = VERTEX_POINT('',#2603);
#2603 = CARTESIAN_POINT('',(-2.505,-1.2,0.7075));
#2604 = LINE('',#2605,#2606);
#2605 = CARTESIAN_POINT('',(-2.505,-1.2,9.75E-02));
#2606 = VECTOR('',#2607,1.);
#2607 = DIRECTION('',(0.,0.,1.));
#2608 = ORIENTED_EDGE('',*,*,#2609,.F.);
#2609 = EDGE_CURVE('',#854,#2602,#2610,.T.);
#2610 = CIRCLE('',#2611,9.75E-02);
#2611 = AXIS2_PLACEMENT_3D('',#2612,#2613,#2614);
#2612 = CARTESIAN_POINT('',(-2.4075,-1.2,0.7075));
#2613 = DIRECTION('',(0.,-1.,0.));
#2614 = DIRECTION('',(-1.,0.,0.));
#2615 = ORIENTED_EDGE('',*,*,#851,.F.);
#2616 = ORIENTED_EDGE('',*,*,#2617,.T.);
#2617 = EDGE_CURVE('',#852,#2618,#2620,.T.);
#2618 = VERTEX_POINT('',#2619);
#2619 = CARTESIAN_POINT('',(-2.6025,-1.2,1.));
#2620 = LINE('',#2621,#2622);
#2621 = CARTESIAN_POINT('',(-1.7,-1.2,1.));
#2622 = VECTOR('',#2623,1.);
#2623 = DIRECTION('',(-1.,0.,0.));
#2624 = ORIENTED_EDGE('',*,*,#2625,.F.);
#2625 = EDGE_CURVE('',#2535,#2618,#2626,.T.);
#2626 = CIRCLE('',#2627,9.75E-02);
#2627 = AXIS2_PLACEMENT_3D('',#2628,#2629,#2630);
#2628 = CARTESIAN_POINT('',(-2.6025,-1.2,0.9025));
#2629 = DIRECTION('',(0.,1.,0.));
#2630 = DIRECTION('',(0.,0.,-1.));
#2631 = PLANE('',#2632);
#2632 = AXIS2_PLACEMENT_3D('',#2633,#2634,#2635);
#2633 = CARTESIAN_POINT('',(-1.7,-1.2,0.));
#2634 = DIRECTION('',(0.,-1.,0.));
#2635 = DIRECTION('',(-1.,0.,0.));
#2636 = ADVANCED_FACE('',(#2637),#2656,.F.);
#2637 = FACE_BOUND('',#2638,.F.);
#2638 = EDGE_LOOP('',(#2639,#2647,#2648,#2649));
#2639 = ORIENTED_EDGE('',*,*,#2640,.F.);
#2640 = EDGE_CURVE('',#2593,#2641,#2643,.T.);
#2641 = VERTEX_POINT('',#2642);
#2642 = CARTESIAN_POINT('',(-2.505,-2.2,0.2925));
#2643 = LINE('',#2644,#2645);
#2644 = CARTESIAN_POINT('',(-2.505,-1.005,0.2925));
#2645 = VECTOR('',#2646,1.);
#2646 = DIRECTION('',(0.,-1.,0.));
#2647 = ORIENTED_EDGE('',*,*,#2592,.T.);
#2648 = ORIENTED_EDGE('',*,*,#687,.T.);
#2649 = ORIENTED_EDGE('',*,*,#2650,.F.);
#2650 = EDGE_CURVE('',#2641,#680,#2651,.T.);
#2651 = CIRCLE('',#2652,9.75E-02);
#2652 = AXIS2_PLACEMENT_3D('',#2653,#2654,#2655);
#2653 = CARTESIAN_POINT('',(-2.4075,-2.2,0.2925));
#2654 = DIRECTION('',(0.,-1.,0.));
#2655 = DIRECTION('',(-1.,0.,0.));
#2656 = CYLINDRICAL_SURFACE('',#2657,9.75E-02);
#2657 = AXIS2_PLACEMENT_3D('',#2658,#2659,#2660);
#2658 = CARTESIAN_POINT('',(-2.4075,-1.005,0.2925));
#2659 = DIRECTION('',(0.,-1.,0.));
#2660 = DIRECTION('',(-1.,0.,0.));
#2661 = ADVANCED_FACE('',(#2662),#2756,.F.);
#2662 = FACE_BOUND('',#2663,.F.);
#2663 = EDGE_LOOP('',(#2664,#2675,#2683,#2692,#2698,#2699,#2708,#2714,
    #2715,#2716,#2717,#2726,#2734,#2741,#2742,#2750));
#2664 = ORIENTED_EDGE('',*,*,#2665,.F.);
#2665 = EDGE_CURVE('',#2666,#2668,#2670,.T.);
#2666 = VERTEX_POINT('',#2667);
#2667 = CARTESIAN_POINT('',(-2.7,-2.2,9.75E-02));
#2668 = VERTEX_POINT('',#2669);
#2669 = CARTESIAN_POINT('',(-2.6025,-2.2,-2.775557561563E-17));
#2670 = CIRCLE('',#2671,9.75E-02);
#2671 = AXIS2_PLACEMENT_3D('',#2672,#2673,#2674);
#2672 = CARTESIAN_POINT('',(-2.6025,-2.2,9.75E-02));
#2673 = DIRECTION('',(0.,-1.,0.));
#2674 = DIRECTION('',(0.,0.,-1.));
#2675 = ORIENTED_EDGE('',*,*,#2676,.T.);
#2676 = EDGE_CURVE('',#2666,#2677,#2679,.T.);
#2677 = VERTEX_POINT('',#2678);
#2678 = CARTESIAN_POINT('',(-2.7,-2.2,0.9025));
#2679 = LINE('',#2680,#2681);
#2680 = CARTESIAN_POINT('',(-2.7,-2.2,0.));
#2681 = VECTOR('',#2682,1.);
#2682 = DIRECTION('',(0.,0.,1.));
#2683 = ORIENTED_EDGE('',*,*,#2684,.T.);
#2684 = EDGE_CURVE('',#2677,#2685,#2687,.T.);
#2685 = VERTEX_POINT('',#2686);
#2686 = CARTESIAN_POINT('',(-2.6025,-2.2,1.));
#2687 = CIRCLE('',#2688,9.75E-02);
#2688 = AXIS2_PLACEMENT_3D('',#2689,#2690,#2691);
#2689 = CARTESIAN_POINT('',(-2.6025,-2.2,0.9025));
#2690 = DIRECTION('',(0.,1.,0.));
#2691 = DIRECTION('',(0.,0.,-1.));
#2692 = ORIENTED_EDGE('',*,*,#2693,.T.);
#2693 = EDGE_CURVE('',#2685,#870,#2694,.T.);
#2694 = LINE('',#2695,#2696);
#2695 = CARTESIAN_POINT('',(-2.7,-2.2,1.));
#2696 = VECTOR('',#2697,1.);
#2697 = DIRECTION('',(1.,0.,0.));
#2698 = ORIENTED_EDGE('',*,*,#869,.F.);
#2699 = ORIENTED_EDGE('',*,*,#2700,.T.);
#2700 = EDGE_CURVE('',#862,#2701,#2703,.T.);
#2701 = VERTEX_POINT('',#2702);
#2702 = CARTESIAN_POINT('',(-2.505,-2.2,0.7075));
#2703 = CIRCLE('',#2704,9.75E-02);
#2704 = AXIS2_PLACEMENT_3D('',#2705,#2706,#2707);
#2705 = CARTESIAN_POINT('',(-2.4075,-2.2,0.7075));
#2706 = DIRECTION('',(0.,-1.,0.));
#2707 = DIRECTION('',(-1.,0.,0.));
#2708 = ORIENTED_EDGE('',*,*,#2709,.T.);
#2709 = EDGE_CURVE('',#2701,#2641,#2710,.T.);
#2710 = LINE('',#2711,#2712);
#2711 = CARTESIAN_POINT('',(-2.505,-2.2,9.75E-02));
#2712 = VECTOR('',#2713,1.);
#2713 = DIRECTION('',(0.,0.,-1.));
#2714 = ORIENTED_EDGE('',*,*,#2650,.T.);
#2715 = ORIENTED_EDGE('',*,*,#679,.F.);
#2716 = ORIENTED_EDGE('',*,*,#1047,.F.);
#2717 = ORIENTED_EDGE('',*,*,#2718,.T.);
#2718 = EDGE_CURVE('',#1040,#2719,#2721,.T.);
#2719 = VERTEX_POINT('',#2720);
#2720 = CARTESIAN_POINT('',(-2.4075,-2.2,0.195));
#2721 = CIRCLE('',#2722,9.75E-02);
#2722 = AXIS2_PLACEMENT_3D('',#2723,#2724,#2725);
#2723 = CARTESIAN_POINT('',(-2.4075,-2.2,0.2925));
#2724 = DIRECTION('',(0.,-1.,0.));
#2725 = DIRECTION('',(-1.,0.,0.));
#2726 = ORIENTED_EDGE('',*,*,#2727,.T.);
#2727 = EDGE_CURVE('',#2719,#2728,#2730,.T.);
#2728 = VERTEX_POINT('',#2729);
#2729 = CARTESIAN_POINT('',(-1.9925,-2.2,0.195));
#2730 = LINE('',#2731,#2732);
#2731 = CARTESIAN_POINT('',(-2.45,-2.2,0.195));
#2732 = VECTOR('',#2733,1.);
#2733 = DIRECTION('',(1.,0.,-6.906640467053E-32));
#2734 = ORIENTED_EDGE('',*,*,#2735,.F.);
#2735 = EDGE_CURVE('',#1100,#2728,#2736,.T.);
#2736 = CIRCLE('',#2737,9.75E-02);
#2737 = AXIS2_PLACEMENT_3D('',#2738,#2739,#2740);
#2738 = CARTESIAN_POINT('',(-1.9925,-2.2,0.2925));
#2739 = DIRECTION('',(0.,1.,0.));
#2740 = DIRECTION('',(-6.906640467053E-32,0.,-1.));
#2741 = ORIENTED_EDGE('',*,*,#1099,.F.);
#2742 = ORIENTED_EDGE('',*,*,#2743,.F.);
#2743 = EDGE_CURVE('',#2744,#1092,#2746,.T.);
#2744 = VERTEX_POINT('',#2745);
#2745 = CARTESIAN_POINT('',(-1.7,-2.2,0.));
#2746 = LINE('',#2747,#2748);
#2747 = CARTESIAN_POINT('',(-1.7,-2.2,0.));
#2748 = VECTOR('',#2749,1.);
#2749 = DIRECTION('',(0.,0.,1.));
#2750 = ORIENTED_EDGE('',*,*,#2751,.F.);
#2751 = EDGE_CURVE('',#2668,#2744,#2752,.T.);
#2752 = LINE('',#2753,#2754);
#2753 = CARTESIAN_POINT('',(-2.7,-2.2,0.));
#2754 = VECTOR('',#2755,1.);
#2755 = DIRECTION('',(1.,0.,0.));
#2756 = PLANE('',#2757);
#2757 = AXIS2_PLACEMENT_3D('',#2758,#2759,#2760);
#2758 = CARTESIAN_POINT('',(-2.7,-2.2,0.));
#2759 = DIRECTION('',(0.,1.,0.));
#2760 = DIRECTION('',(1.,0.,0.));
#2761 = ADVANCED_FACE('',(#2762),#2773,.T.);
#2762 = FACE_BOUND('',#2763,.T.);
#2763 = EDGE_LOOP('',(#2764,#2770,#2771,#2772));
#2764 = ORIENTED_EDGE('',*,*,#2765,.T.);
#2765 = EDGE_CURVE('',#2152,#2219,#2766,.T.);
#2766 = LINE('',#2767,#2768);
#2767 = CARTESIAN_POINT('',(-2.6025,2.2,1.));
#2768 = VECTOR('',#2769,1.);
#2769 = DIRECTION('',(0.,-1.,0.));
#2770 = ORIENTED_EDGE('',*,*,#2227,.T.);
#2771 = ORIENTED_EDGE('',*,*,#783,.F.);
#2772 = ORIENTED_EDGE('',*,*,#2151,.T.);
#2773 = PLANE('',#2774);
#2774 = AXIS2_PLACEMENT_3D('',#2775,#2776,#2777);
#2775 = CARTESIAN_POINT('',(-2.2,1.7,1.));
#2776 = DIRECTION('',(0.,0.,1.));
#2777 = DIRECTION('',(1.,0.,-0.));
#2778 = ADVANCED_FACE('',(#2779),#2790,.F.);
#2779 = FACE_BOUND('',#2780,.F.);
#2780 = EDGE_LOOP('',(#2781,#2787,#2788,#2789));
#2781 = ORIENTED_EDGE('',*,*,#2782,.T.);
#2782 = EDGE_CURVE('',#2136,#2235,#2783,.T.);
#2783 = LINE('',#2784,#2785);
#2784 = CARTESIAN_POINT('',(-2.505,2.395,0.7075));
#2785 = VECTOR('',#2786,1.);
#2786 = DIRECTION('',(0.,-1.,0.));
#2787 = ORIENTED_EDGE('',*,*,#2234,.F.);
#2788 = ORIENTED_EDGE('',*,*,#801,.F.);
#2789 = ORIENTED_EDGE('',*,*,#2143,.T.);
#2790 = CYLINDRICAL_SURFACE('',#2791,9.75E-02);
#2791 = AXIS2_PLACEMENT_3D('',#2792,#2793,#2794);
#2792 = CARTESIAN_POINT('',(-2.4075,2.395,0.7075));
#2793 = DIRECTION('',(0.,-1.,0.));
#2794 = DIRECTION('',(-1.,0.,0.));
#2795 = ADVANCED_FACE('',(#2796),#2807,.T.);
#2796 = FACE_BOUND('',#2797,.T.);
#2797 = EDGE_LOOP('',(#2798,#2804,#2805,#2806));
#2798 = ORIENTED_EDGE('',*,*,#2799,.T.);
#2799 = EDGE_CURVE('',#2385,#2452,#2800,.T.);
#2800 = LINE('',#2801,#2802);
#2801 = CARTESIAN_POINT('',(-2.6025,0.5,1.));
#2802 = VECTOR('',#2803,1.);
#2803 = DIRECTION('',(0.,-1.,0.));
#2804 = ORIENTED_EDGE('',*,*,#2460,.T.);
#2805 = ORIENTED_EDGE('',*,*,#817,.F.);
#2806 = ORIENTED_EDGE('',*,*,#2384,.T.);
#2807 = PLANE('',#2808);
#2808 = AXIS2_PLACEMENT_3D('',#2809,#2810,#2811);
#2809 = CARTESIAN_POINT('',(-2.2,0.,1.));
#2810 = DIRECTION('',(0.,0.,1.));
#2811 = DIRECTION('',(1.,0.,-0.));
#2812 = ADVANCED_FACE('',(#2813),#2824,.F.);
#2813 = FACE_BOUND('',#2814,.F.);
#2814 = EDGE_LOOP('',(#2815,#2821,#2822,#2823));
#2815 = ORIENTED_EDGE('',*,*,#2816,.T.);
#2816 = EDGE_CURVE('',#2369,#2468,#2817,.T.);
#2817 = LINE('',#2818,#2819);
#2818 = CARTESIAN_POINT('',(-2.505,0.695,0.7075));
#2819 = VECTOR('',#2820,1.);
#2820 = DIRECTION('',(0.,-1.,0.));
#2821 = ORIENTED_EDGE('',*,*,#2467,.F.);
#2822 = ORIENTED_EDGE('',*,*,#835,.F.);
#2823 = ORIENTED_EDGE('',*,*,#2376,.T.);
#2824 = CYLINDRICAL_SURFACE('',#2825,9.75E-02);
#2825 = AXIS2_PLACEMENT_3D('',#2826,#2827,#2828);
#2826 = CARTESIAN_POINT('',(-2.4075,0.695,0.7075));
#2827 = DIRECTION('',(0.,-1.,0.));
#2828 = DIRECTION('',(-1.,0.,0.));
#2829 = ADVANCED_FACE('',(#2830),#2841,.T.);
#2830 = FACE_BOUND('',#2831,.T.);
#2831 = EDGE_LOOP('',(#2832,#2838,#2839,#2840));
#2832 = ORIENTED_EDGE('',*,*,#2833,.T.);
#2833 = EDGE_CURVE('',#2618,#2685,#2834,.T.);
#2834 = LINE('',#2835,#2836);
#2835 = CARTESIAN_POINT('',(-2.6025,-1.2,1.));
#2836 = VECTOR('',#2837,1.);
#2837 = DIRECTION('',(0.,-1.,0.));
#2838 = ORIENTED_EDGE('',*,*,#2693,.T.);
#2839 = ORIENTED_EDGE('',*,*,#877,.F.);
#2840 = ORIENTED_EDGE('',*,*,#2617,.T.);
#2841 = PLANE('',#2842);
#2842 = AXIS2_PLACEMENT_3D('',#2843,#2844,#2845);
#2843 = CARTESIAN_POINT('',(-2.2,-1.7,1.));
#2844 = DIRECTION('',(0.,0.,1.));
#2845 = DIRECTION('',(1.,0.,-0.));
#2846 = ADVANCED_FACE('',(#2847),#2858,.F.);
#2847 = FACE_BOUND('',#2848,.F.);
#2848 = EDGE_LOOP('',(#2849,#2855,#2856,#2857));
#2849 = ORIENTED_EDGE('',*,*,#2850,.T.);
#2850 = EDGE_CURVE('',#2602,#2701,#2851,.T.);
#2851 = LINE('',#2852,#2853);
#2852 = CARTESIAN_POINT('',(-2.505,-1.005,0.7075));
#2853 = VECTOR('',#2854,1.);
#2854 = DIRECTION('',(0.,-1.,0.));
#2855 = ORIENTED_EDGE('',*,*,#2700,.F.);
#2856 = ORIENTED_EDGE('',*,*,#861,.F.);
#2857 = ORIENTED_EDGE('',*,*,#2609,.T.);
#2858 = CYLINDRICAL_SURFACE('',#2859,9.75E-02);
#2859 = AXIS2_PLACEMENT_3D('',#2860,#2861,#2862);
#2860 = CARTESIAN_POINT('',(-2.4075,-1.005,0.7075));
#2861 = DIRECTION('',(0.,-1.,0.));
#2862 = DIRECTION('',(-1.,0.,0.));
#2863 = ADVANCED_FACE('',(#2864),#2875,.F.);
#2864 = FACE_BOUND('',#2865,.F.);
#2865 = EDGE_LOOP('',(#2866,#2867,#2868,#2874));
#2866 = ORIENTED_EDGE('',*,*,#1039,.F.);
#2867 = ORIENTED_EDGE('',*,*,#2583,.T.);
#2868 = ORIENTED_EDGE('',*,*,#2869,.T.);
#2869 = EDGE_CURVE('',#2576,#2719,#2870,.T.);
#2870 = LINE('',#2871,#2872);
#2871 = CARTESIAN_POINT('',(-2.4075,-1.005,0.195));
#2872 = VECTOR('',#2873,1.);
#2873 = DIRECTION('',(0.,-1.,0.));
#2874 = ORIENTED_EDGE('',*,*,#2718,.F.);
#2875 = CYLINDRICAL_SURFACE('',#2876,9.75E-02);
#2876 = AXIS2_PLACEMENT_3D('',#2877,#2878,#2879);
#2877 = CARTESIAN_POINT('',(-2.4075,-1.005,0.2925));
#2878 = DIRECTION('',(0.,-1.,0.));
#2879 = DIRECTION('',(-1.,0.,0.));
#2880 = ADVANCED_FACE('',(#2881),#2892,.F.);
#2881 = FACE_BOUND('',#2882,.F.);
#2882 = EDGE_LOOP('',(#2883,#2884,#2885,#2891));
#2883 = ORIENTED_EDGE('',*,*,#1016,.F.);
#2884 = ORIENTED_EDGE('',*,*,#2350,.T.);
#2885 = ORIENTED_EDGE('',*,*,#2886,.T.);
#2886 = EDGE_CURVE('',#2343,#2486,#2887,.T.);
#2887 = LINE('',#2888,#2889);
#2888 = CARTESIAN_POINT('',(-2.4075,0.695,0.195));
#2889 = VECTOR('',#2890,1.);
#2890 = DIRECTION('',(0.,-1.,0.));
#2891 = ORIENTED_EDGE('',*,*,#2485,.F.);
#2892 = CYLINDRICAL_SURFACE('',#2893,9.75E-02);
#2893 = AXIS2_PLACEMENT_3D('',#2894,#2895,#2896);
#2894 = CARTESIAN_POINT('',(-2.4075,0.695,0.2925));
#2895 = DIRECTION('',(0.,-1.,0.));
#2896 = DIRECTION('',(-1.,0.,0.));
#2897 = ADVANCED_FACE('',(#2898),#2909,.F.);
#2898 = FACE_BOUND('',#2899,.F.);
#2899 = EDGE_LOOP('',(#2900,#2901,#2902,#2908));
#2900 = ORIENTED_EDGE('',*,*,#993,.F.);
#2901 = ORIENTED_EDGE('',*,*,#2117,.T.);
#2902 = ORIENTED_EDGE('',*,*,#2903,.T.);
#2903 = EDGE_CURVE('',#2110,#2253,#2904,.T.);
#2904 = LINE('',#2905,#2906);
#2905 = CARTESIAN_POINT('',(-2.4075,2.395,0.195));
#2906 = VECTOR('',#2907,1.);
#2907 = DIRECTION('',(0.,-1.,0.));
#2908 = ORIENTED_EDGE('',*,*,#2252,.F.);
#2909 = CYLINDRICAL_SURFACE('',#2910,9.75E-02);
#2910 = AXIS2_PLACEMENT_3D('',#2911,#2912,#2913);
#2911 = CARTESIAN_POINT('',(-2.4075,2.395,0.2925));
#2912 = DIRECTION('',(0.,-1.,0.));
#2913 = DIRECTION('',(-1.,0.,0.));
#2914 = ADVANCED_FACE('',(#2915),#2926,.F.);
#2915 = FACE_BOUND('',#2916,.F.);
#2916 = EDGE_LOOP('',(#2917,#2918,#2919,#2920));
#2917 = ORIENTED_EDGE('',*,*,#1917,.F.);
#2918 = ORIENTED_EDGE('',*,*,#968,.F.);
#2919 = ORIENTED_EDGE('',*,*,#1782,.T.);
#2920 = ORIENTED_EDGE('',*,*,#2921,.T.);
#2921 = EDGE_CURVE('',#1775,#1918,#2922,.T.);
#2922 = LINE('',#2923,#2924);
#2923 = CARTESIAN_POINT('',(2.4075,1.005,0.195));
#2924 = VECTOR('',#2925,1.);
#2925 = DIRECTION('',(0.,1.,0.));
#2926 = CYLINDRICAL_SURFACE('',#2927,9.75E-02);
#2927 = AXIS2_PLACEMENT_3D('',#2928,#2929,#2930);
#2928 = CARTESIAN_POINT('',(2.4075,1.005,0.2925));
#2929 = DIRECTION('',(0.,1.,0.));
#2930 = DIRECTION('',(6.906640467053E-32,0.,-1.));
#2931 = ADVANCED_FACE('',(#2932),#2943,.F.);
#2932 = FACE_BOUND('',#2933,.F.);
#2933 = EDGE_LOOP('',(#2934,#2935,#2936,#2937));
#2934 = ORIENTED_EDGE('',*,*,#1684,.F.);
#2935 = ORIENTED_EDGE('',*,*,#945,.F.);
#2936 = ORIENTED_EDGE('',*,*,#1549,.T.);
#2937 = ORIENTED_EDGE('',*,*,#2938,.T.);
#2938 = EDGE_CURVE('',#1542,#1685,#2939,.T.);
#2939 = LINE('',#2940,#2941);
#2940 = CARTESIAN_POINT('',(2.4075,-0.695,0.195));
#2941 = VECTOR('',#2942,1.);
#2942 = DIRECTION('',(0.,1.,0.));
#2943 = CYLINDRICAL_SURFACE('',#2944,9.75E-02);
#2944 = AXIS2_PLACEMENT_3D('',#2945,#2946,#2947);
#2945 = CARTESIAN_POINT('',(2.4075,-0.695,0.2925));
#2946 = DIRECTION('',(0.,1.,0.));
#2947 = DIRECTION('',(6.906640467053E-32,0.,-1.));
#2948 = ADVANCED_FACE('',(#2949),#2960,.F.);
#2949 = FACE_BOUND('',#2950,.F.);
#2950 = EDGE_LOOP('',(#2951,#2952,#2953,#2954));
#2951 = ORIENTED_EDGE('',*,*,#1451,.F.);
#2952 = ORIENTED_EDGE('',*,*,#922,.F.);
#2953 = ORIENTED_EDGE('',*,*,#1316,.T.);
#2954 = ORIENTED_EDGE('',*,*,#2955,.T.);
#2955 = EDGE_CURVE('',#1309,#1452,#2956,.T.);
#2956 = LINE('',#2957,#2958);
#2957 = CARTESIAN_POINT('',(2.4075,-2.395,0.195));
#2958 = VECTOR('',#2959,1.);
#2959 = DIRECTION('',(0.,1.,0.));
#2960 = CYLINDRICAL_SURFACE('',#2961,9.75E-02);
#2961 = AXIS2_PLACEMENT_3D('',#2962,#2963,#2964);
#2962 = CARTESIAN_POINT('',(2.4075,-2.395,0.2925));
#2963 = DIRECTION('',(0.,1.,0.));
#2964 = DIRECTION('',(6.906640467053E-32,0.,-1.));
#2965 = ADVANCED_FACE('',(#2966),#2977,.F.);
#2966 = FACE_BOUND('',#2967,.F.);
#2967 = EDGE_LOOP('',(#2968,#2969,#2970,#2976));
#2968 = ORIENTED_EDGE('',*,*,#1055,.F.);
#2969 = ORIENTED_EDGE('',*,*,#1468,.T.);
#2970 = ORIENTED_EDGE('',*,*,#2971,.T.);
#2971 = EDGE_CURVE('',#1461,#1300,#2972,.T.);
#2972 = LINE('',#2973,#2974);
#2973 = CARTESIAN_POINT('',(1.9925,-1.005,0.195));
#2974 = VECTOR('',#2975,1.);
#2975 = DIRECTION('',(0.,-1.,0.));
#2976 = ORIENTED_EDGE('',*,*,#1299,.F.);
#2977 = CYLINDRICAL_SURFACE('',#2978,9.75E-02);
#2978 = AXIS2_PLACEMENT_3D('',#2979,#2980,#2981);
#2979 = CARTESIAN_POINT('',(1.9925,-1.005,0.2925));
#2980 = DIRECTION('',(0.,-1.,0.));
#2981 = DIRECTION('',(-1.,0.,0.));
#2982 = ADVANCED_FACE('',(#2983),#2994,.F.);
#2983 = FACE_BOUND('',#2984,.F.);
#2984 = EDGE_LOOP('',(#2985,#2991,#2992,#2993));
#2985 = ORIENTED_EDGE('',*,*,#2986,.F.);
#2986 = EDGE_CURVE('',#1477,#1285,#2987,.T.);
#2987 = LINE('',#2988,#2989);
#2988 = CARTESIAN_POINT('',(1.7,-1.2,0.));
#2989 = VECTOR('',#2990,1.);
#2990 = DIRECTION('',(0.,-1.,0.));
#2991 = ORIENTED_EDGE('',*,*,#1476,.T.);
#2992 = ORIENTED_EDGE('',*,*,#1073,.F.);
#2993 = ORIENTED_EDGE('',*,*,#1292,.F.);
#2994 = PLANE('',#2995);
#2995 = AXIS2_PLACEMENT_3D('',#2996,#2997,#2998);
#2996 = CARTESIAN_POINT('',(1.7,-1.2,0.));
#2997 = DIRECTION('',(1.,0.,0.));
#2998 = DIRECTION('',(0.,-1.,0.));
#2999 = ADVANCED_FACE('',(#3000),#3011,.F.);
#3000 = FACE_BOUND('',#3001,.F.);
#3001 = EDGE_LOOP('',(#3002,#3008,#3009,#3010));
#3002 = ORIENTED_EDGE('',*,*,#3003,.F.);
#3003 = EDGE_CURVE('',#2744,#2552,#3004,.T.);
#3004 = LINE('',#3005,#3006);
#3005 = CARTESIAN_POINT('',(-1.7,-2.2,0.));
#3006 = VECTOR('',#3007,1.);
#3007 = DIRECTION('',(0.,1.,0.));
#3008 = ORIENTED_EDGE('',*,*,#2743,.T.);
#3009 = ORIENTED_EDGE('',*,*,#1089,.F.);
#3010 = ORIENTED_EDGE('',*,*,#2559,.F.);
#3011 = PLANE('',#3012);
#3012 = AXIS2_PLACEMENT_3D('',#3013,#3014,#3015);
#3013 = CARTESIAN_POINT('',(-1.7,-2.2,0.));
#3014 = DIRECTION('',(-1.,0.,0.));
#3015 = DIRECTION('',(0.,1.,0.));
#3016 = ADVANCED_FACE('',(#3017),#3028,.F.);
#3017 = FACE_BOUND('',#3018,.F.);
#3018 = EDGE_LOOP('',(#3019,#3020,#3021,#3022));
#3019 = ORIENTED_EDGE('',*,*,#2566,.F.);
#3020 = ORIENTED_EDGE('',*,*,#1107,.F.);
#3021 = ORIENTED_EDGE('',*,*,#2735,.T.);
#3022 = ORIENTED_EDGE('',*,*,#3023,.T.);
#3023 = EDGE_CURVE('',#2728,#2567,#3024,.T.);
#3024 = LINE('',#3025,#3026);
#3025 = CARTESIAN_POINT('',(-1.9925,-2.395,0.195));
#3026 = VECTOR('',#3027,1.);
#3027 = DIRECTION('',(0.,1.,0.));
#3028 = CYLINDRICAL_SURFACE('',#3029,9.75E-02);
#3029 = AXIS2_PLACEMENT_3D('',#3030,#3031,#3032);
#3030 = CARTESIAN_POINT('',(-1.9925,-2.395,0.2925));
#3031 = DIRECTION('',(0.,1.,0.));
#3032 = DIRECTION('',(-6.906640467053E-32,0.,-1.));
#3033 = ADVANCED_FACE('',(#3034),#3045,.F.);
#3034 = FACE_BOUND('',#3035,.F.);
#3035 = EDGE_LOOP('',(#3036,#3037,#3038,#3039));
#3036 = ORIENTED_EDGE('',*,*,#2100,.F.);
#3037 = ORIENTED_EDGE('',*,*,#1123,.F.);
#3038 = ORIENTED_EDGE('',*,*,#2269,.T.);
#3039 = ORIENTED_EDGE('',*,*,#3040,.T.);
#3040 = EDGE_CURVE('',#2262,#2101,#3041,.T.);
#3041 = LINE('',#3042,#3043);
#3042 = CARTESIAN_POINT('',(-1.9925,1.005,0.195));
#3043 = VECTOR('',#3044,1.);
#3044 = DIRECTION('',(0.,1.,0.));
#3045 = CYLINDRICAL_SURFACE('',#3046,9.75E-02);
#3046 = AXIS2_PLACEMENT_3D('',#3047,#3048,#3049);
#3047 = CARTESIAN_POINT('',(-1.9925,1.005,0.2925));
#3048 = DIRECTION('',(0.,1.,0.));
#3049 = DIRECTION('',(-6.906640467053E-32,0.,-1.));
#3050 = ADVANCED_FACE('',(#3051),#3062,.F.);
#3051 = FACE_BOUND('',#3052,.F.);
#3052 = EDGE_LOOP('',(#3053,#3059,#3060,#3061));
#3053 = ORIENTED_EDGE('',*,*,#3054,.F.);
#3054 = EDGE_CURVE('',#2278,#2086,#3055,.T.);
#3055 = LINE('',#3056,#3057);
#3056 = CARTESIAN_POINT('',(-1.7,1.2,0.));
#3057 = VECTOR('',#3058,1.);
#3058 = DIRECTION('',(0.,1.,0.));
#3059 = ORIENTED_EDGE('',*,*,#2277,.T.);
#3060 = ORIENTED_EDGE('',*,*,#1141,.F.);
#3061 = ORIENTED_EDGE('',*,*,#2093,.F.);
#3062 = PLANE('',#3063);
#3063 = AXIS2_PLACEMENT_3D('',#3064,#3065,#3066);
#3064 = CARTESIAN_POINT('',(-1.7,1.2,0.));
#3065 = DIRECTION('',(-1.,0.,0.));
#3066 = DIRECTION('',(0.,1.,0.));
#3067 = ADVANCED_FACE('',(#3068),#3079,.F.);
#3068 = FACE_BOUND('',#3069,.F.);
#3069 = EDGE_LOOP('',(#3070,#3071,#3072,#3073));
#3070 = ORIENTED_EDGE('',*,*,#2333,.F.);
#3071 = ORIENTED_EDGE('',*,*,#1157,.F.);
#3072 = ORIENTED_EDGE('',*,*,#2502,.T.);
#3073 = ORIENTED_EDGE('',*,*,#3074,.T.);
#3074 = EDGE_CURVE('',#2495,#2334,#3075,.T.);
#3075 = LINE('',#3076,#3077);
#3076 = CARTESIAN_POINT('',(-1.9925,-0.695,0.195));
#3077 = VECTOR('',#3078,1.);
#3078 = DIRECTION('',(0.,1.,0.));
#3079 = CYLINDRICAL_SURFACE('',#3080,9.75E-02);
#3080 = AXIS2_PLACEMENT_3D('',#3081,#3082,#3083);
#3081 = CARTESIAN_POINT('',(-1.9925,-0.695,0.2925));
#3082 = DIRECTION('',(0.,1.,0.));
#3083 = DIRECTION('',(-6.906640467053E-32,0.,-1.));
#3084 = ADVANCED_FACE('',(#3085),#3096,.F.);
#3085 = FACE_BOUND('',#3086,.F.);
#3086 = EDGE_LOOP('',(#3087,#3093,#3094,#3095));
#3087 = ORIENTED_EDGE('',*,*,#3088,.F.);
#3088 = EDGE_CURVE('',#2511,#2319,#3089,.T.);
#3089 = LINE('',#3090,#3091);
#3090 = CARTESIAN_POINT('',(-1.7,-0.5,0.));
#3091 = VECTOR('',#3092,1.);
#3092 = DIRECTION('',(0.,1.,0.));
#3093 = ORIENTED_EDGE('',*,*,#2510,.T.);
#3094 = ORIENTED_EDGE('',*,*,#1175,.F.);
#3095 = ORIENTED_EDGE('',*,*,#2326,.F.);
#3096 = PLANE('',#3097);
#3097 = AXIS2_PLACEMENT_3D('',#3098,#3099,#3100);
#3098 = CARTESIAN_POINT('',(-1.7,-0.5,0.));
#3099 = DIRECTION('',(-1.,0.,0.));
#3100 = DIRECTION('',(0.,1.,0.));
#3101 = ADVANCED_FACE('',(#3102),#3113,.F.);
#3102 = FACE_BOUND('',#3103,.F.);
#3103 = EDGE_LOOP('',(#3104,#3105,#3106,#3112));
#3104 = ORIENTED_EDGE('',*,*,#1191,.F.);
#3105 = ORIENTED_EDGE('',*,*,#1934,.T.);
#3106 = ORIENTED_EDGE('',*,*,#3107,.T.);
#3107 = EDGE_CURVE('',#1927,#1766,#3108,.T.);
#3108 = LINE('',#3109,#3110);
#3109 = CARTESIAN_POINT('',(1.9925,2.395,0.195));
#3110 = VECTOR('',#3111,1.);
#3111 = DIRECTION('',(0.,-1.,0.));
#3112 = ORIENTED_EDGE('',*,*,#1765,.F.);
#3113 = CYLINDRICAL_SURFACE('',#3114,9.75E-02);
#3114 = AXIS2_PLACEMENT_3D('',#3115,#3116,#3117);
#3115 = CARTESIAN_POINT('',(1.9925,2.395,0.2925));
#3116 = DIRECTION('',(0.,-1.,0.));
#3117 = DIRECTION('',(-1.,0.,0.));
#3118 = ADVANCED_FACE('',(#3119),#3130,.F.);
#3119 = FACE_BOUND('',#3120,.F.);
#3120 = EDGE_LOOP('',(#3121,#3127,#3128,#3129));
#3121 = ORIENTED_EDGE('',*,*,#3122,.F.);
#3122 = EDGE_CURVE('',#1943,#1751,#3123,.T.);
#3123 = LINE('',#3124,#3125);
#3124 = CARTESIAN_POINT('',(1.7,2.2,0.));
#3125 = VECTOR('',#3126,1.);
#3126 = DIRECTION('',(0.,-1.,0.));
#3127 = ORIENTED_EDGE('',*,*,#1942,.T.);
#3128 = ORIENTED_EDGE('',*,*,#1209,.F.);
#3129 = ORIENTED_EDGE('',*,*,#1758,.F.);
#3130 = PLANE('',#3131);
#3131 = AXIS2_PLACEMENT_3D('',#3132,#3133,#3134);
#3132 = CARTESIAN_POINT('',(1.7,2.2,0.));
#3133 = DIRECTION('',(1.,0.,0.));
#3134 = DIRECTION('',(0.,-1.,0.));
#3135 = ADVANCED_FACE('',(#3136),#3147,.F.);
#3136 = FACE_BOUND('',#3137,.F.);
#3137 = EDGE_LOOP('',(#3138,#3144,#3145,#3146));
#3138 = ORIENTED_EDGE('',*,*,#3139,.F.);
#3139 = EDGE_CURVE('',#1710,#1518,#3140,.T.);
#3140 = LINE('',#3141,#3142);
#3141 = CARTESIAN_POINT('',(1.7,0.5,0.));
#3142 = VECTOR('',#3143,1.);
#3143 = DIRECTION('',(0.,-1.,0.));
#3144 = ORIENTED_EDGE('',*,*,#1709,.T.);
#3145 = ORIENTED_EDGE('',*,*,#1225,.F.);
#3146 = ORIENTED_EDGE('',*,*,#1525,.F.);
#3147 = PLANE('',#3148);
#3148 = AXIS2_PLACEMENT_3D('',#3149,#3150,#3151);
#3149 = CARTESIAN_POINT('',(1.7,0.5,0.));
#3150 = DIRECTION('',(1.,0.,0.));
#3151 = DIRECTION('',(0.,-1.,0.));
#3152 = ADVANCED_FACE('',(#3153),#3164,.F.);
#3153 = FACE_BOUND('',#3154,.F.);
#3154 = EDGE_LOOP('',(#3155,#3156,#3157,#3163));
#3155 = ORIENTED_EDGE('',*,*,#1243,.F.);
#3156 = ORIENTED_EDGE('',*,*,#1701,.T.);
#3157 = ORIENTED_EDGE('',*,*,#3158,.T.);
#3158 = EDGE_CURVE('',#1694,#1533,#3159,.T.);
#3159 = LINE('',#3160,#3161);
#3160 = CARTESIAN_POINT('',(1.9925,0.695,0.195));
#3161 = VECTOR('',#3162,1.);
#3162 = DIRECTION('',(0.,-1.,0.));
#3163 = ORIENTED_EDGE('',*,*,#1532,.F.);
#3164 = CYLINDRICAL_SURFACE('',#3165,9.75E-02);
#3165 = AXIS2_PLACEMENT_3D('',#3166,#3167,#3168);
#3166 = CARTESIAN_POINT('',(1.9925,0.695,0.2925));
#3167 = DIRECTION('',(0.,-1.,0.));
#3168 = DIRECTION('',(-1.,0.,0.));
#3169 = ADVANCED_FACE('',(#3170),#3186,.F.);
#3170 = FACE_BOUND('',#3171,.F.);
#3171 = EDGE_LOOP('',(#3172,#3173,#3179,#3180));
#3172 = ORIENTED_EDGE('',*,*,#1265,.T.);
#3173 = ORIENTED_EDGE('',*,*,#3174,.T.);
#3174 = EDGE_CURVE('',#1268,#1410,#3175,.T.);
#3175 = LINE('',#3176,#3177);
#3176 = CARTESIAN_POINT('',(2.7,-2.2,0.9025));
#3177 = VECTOR('',#3178,1.);
#3178 = DIRECTION('',(0.,1.,0.));
#3179 = ORIENTED_EDGE('',*,*,#1409,.F.);
#3180 = ORIENTED_EDGE('',*,*,#3181,.F.);
#3181 = EDGE_CURVE('',#1266,#1399,#3182,.T.);
#3182 = LINE('',#3183,#3184);
#3183 = CARTESIAN_POINT('',(2.7,-2.2,9.75E-02));
#3184 = VECTOR('',#3185,1.);
#3185 = DIRECTION('',(0.,1.,0.));
#3186 = PLANE('',#3187);
#3187 = AXIS2_PLACEMENT_3D('',#3188,#3189,#3190);
#3188 = CARTESIAN_POINT('',(2.7,-2.2,0.));
#3189 = DIRECTION('',(-1.,0.,0.));
#3190 = DIRECTION('',(0.,1.,0.));
#3191 = ADVANCED_FACE('',(#3192),#3198,.T.);
#3192 = FACE_BOUND('',#3193,.T.);
#3193 = EDGE_LOOP('',(#3194,#3195,#3196,#3197));
#3194 = ORIENTED_EDGE('',*,*,#1358,.T.);
#3195 = ORIENTED_EDGE('',*,*,#3174,.T.);
#3196 = ORIENTED_EDGE('',*,*,#1417,.F.);
#3197 = ORIENTED_EDGE('',*,*,#1966,.F.);
#3198 = CYLINDRICAL_SURFACE('',#3199,9.75E-02);
#3199 = AXIS2_PLACEMENT_3D('',#3200,#3201,#3202);
#3200 = CARTESIAN_POINT('',(2.6025,-2.2,0.9025));
#3201 = DIRECTION('',(0.,1.,0.));
#3202 = DIRECTION('',(0.,-0.,1.));
#3203 = ADVANCED_FACE('',(#3204),#3210,.T.);
#3204 = FACE_BOUND('',#3205,.T.);
#3205 = EDGE_LOOP('',(#3206,#3207,#3208,#3209));
#3206 = ORIENTED_EDGE('',*,*,#1382,.F.);
#3207 = ORIENTED_EDGE('',*,*,#1334,.T.);
#3208 = ORIENTED_EDGE('',*,*,#1981,.T.);
#3209 = ORIENTED_EDGE('',*,*,#1442,.T.);
#3210 = PLANE('',#3211);
#3211 = AXIS2_PLACEMENT_3D('',#3212,#3213,#3214);
#3212 = CARTESIAN_POINT('',(2.505,-2.395,0.195));
#3213 = DIRECTION('',(-1.,0.,0.));
#3214 = DIRECTION('',(0.,1.,0.));
#3215 = ADVANCED_FACE('',(#3216),#3222,.T.);
#3216 = FACE_BOUND('',#3217,.T.);
#3217 = EDGE_LOOP('',(#3218,#3219,#3220,#3221));
#3218 = ORIENTED_EDGE('',*,*,#1308,.T.);
#3219 = ORIENTED_EDGE('',*,*,#2955,.T.);
#3220 = ORIENTED_EDGE('',*,*,#1460,.T.);
#3221 = ORIENTED_EDGE('',*,*,#2971,.T.);
#3222 = PLANE('',#3223);
#3223 = AXIS2_PLACEMENT_3D('',#3224,#3225,#3226);
#3224 = CARTESIAN_POINT('',(2.2,-1.7,0.195));
#3225 = DIRECTION('',(-6.906640467053E-32,2.660277333254E-32,1.));
#3226 = DIRECTION('',(1.,0.,6.906640467053E-32));
#3227 = ADVANCED_FACE('',(#3228),#3239,.F.);
#3228 = FACE_BOUND('',#3229,.F.);
#3229 = EDGE_LOOP('',(#3230,#3231,#3237,#3238));
#3230 = ORIENTED_EDGE('',*,*,#1284,.T.);
#3231 = ORIENTED_EDGE('',*,*,#3232,.T.);
#3232 = EDGE_CURVE('',#1276,#1401,#3233,.T.);
#3233 = LINE('',#3234,#3235);
#3234 = CARTESIAN_POINT('',(2.6025,-2.2,-2.775557561563E-17));
#3235 = VECTOR('',#3236,1.);
#3236 = DIRECTION('',(0.,1.,0.));
#3237 = ORIENTED_EDGE('',*,*,#1484,.T.);
#3238 = ORIENTED_EDGE('',*,*,#2986,.T.);
#3239 = PLANE('',#3240);
#3240 = AXIS2_PLACEMENT_3D('',#3241,#3242,#3243);
#3241 = CARTESIAN_POINT('',(2.2,-1.7,0.));
#3242 = DIRECTION('',(0.,0.,1.));
#3243 = DIRECTION('',(1.,0.,-0.));
#3244 = ADVANCED_FACE('',(#3245),#3251,.T.);
#3245 = FACE_BOUND('',#3246,.T.);
#3246 = EDGE_LOOP('',(#3247,#3248,#3249,#3250));
#3247 = ORIENTED_EDGE('',*,*,#1275,.T.);
#3248 = ORIENTED_EDGE('',*,*,#3232,.T.);
#3249 = ORIENTED_EDGE('',*,*,#1398,.F.);
#3250 = ORIENTED_EDGE('',*,*,#3181,.F.);
#3251 = CYLINDRICAL_SURFACE('',#3252,9.75E-02);
#3252 = AXIS2_PLACEMENT_3D('',#3253,#3254,#3255);
#3253 = CARTESIAN_POINT('',(2.6025,-2.2,9.75E-02));
#3254 = DIRECTION('',(0.,1.,0.));
#3255 = DIRECTION('',(1.,0.,0.));
#3256 = ADVANCED_FACE('',(#3257),#3273,.F.);
#3257 = FACE_BOUND('',#3258,.F.);
#3258 = EDGE_LOOP('',(#3259,#3260,#3266,#3267));
#3259 = ORIENTED_EDGE('',*,*,#1498,.T.);
#3260 = ORIENTED_EDGE('',*,*,#3261,.T.);
#3261 = EDGE_CURVE('',#1501,#1643,#3262,.T.);
#3262 = LINE('',#3263,#3264);
#3263 = CARTESIAN_POINT('',(2.7,-0.5,0.9025));
#3264 = VECTOR('',#3265,1.);
#3265 = DIRECTION('',(0.,1.,0.));
#3266 = ORIENTED_EDGE('',*,*,#1642,.F.);
#3267 = ORIENTED_EDGE('',*,*,#3268,.F.);
#3268 = EDGE_CURVE('',#1499,#1632,#3269,.T.);
#3269 = LINE('',#3270,#3271);
#3270 = CARTESIAN_POINT('',(2.7,-0.5,9.75E-02));
#3271 = VECTOR('',#3272,1.);
#3272 = DIRECTION('',(0.,1.,0.));
#3273 = PLANE('',#3274);
#3274 = AXIS2_PLACEMENT_3D('',#3275,#3276,#3277);
#3275 = CARTESIAN_POINT('',(2.7,-0.5,0.));
#3276 = DIRECTION('',(-1.,0.,0.));
#3277 = DIRECTION('',(0.,1.,0.));
#3278 = ADVANCED_FACE('',(#3279),#3285,.T.);
#3279 = FACE_BOUND('',#3280,.T.);
#3280 = EDGE_LOOP('',(#3281,#3282,#3283,#3284));
#3281 = ORIENTED_EDGE('',*,*,#1591,.T.);
#3282 = ORIENTED_EDGE('',*,*,#3261,.T.);
#3283 = ORIENTED_EDGE('',*,*,#1650,.F.);
#3284 = ORIENTED_EDGE('',*,*,#2017,.F.);
#3285 = CYLINDRICAL_SURFACE('',#3286,9.75E-02);
#3286 = AXIS2_PLACEMENT_3D('',#3287,#3288,#3289);
#3287 = CARTESIAN_POINT('',(2.6025,-0.5,0.9025));
#3288 = DIRECTION('',(0.,1.,0.));
#3289 = DIRECTION('',(0.,-0.,1.));
#3290 = ADVANCED_FACE('',(#3291),#3297,.T.);
#3291 = FACE_BOUND('',#3292,.T.);
#3292 = EDGE_LOOP('',(#3293,#3294,#3295,#3296));
#3293 = ORIENTED_EDGE('',*,*,#1615,.F.);
#3294 = ORIENTED_EDGE('',*,*,#1567,.T.);
#3295 = ORIENTED_EDGE('',*,*,#1998,.T.);
#3296 = ORIENTED_EDGE('',*,*,#1675,.T.);
#3297 = PLANE('',#3298);
#3298 = AXIS2_PLACEMENT_3D('',#3299,#3300,#3301);
#3299 = CARTESIAN_POINT('',(2.505,-0.695,0.195));
#3300 = DIRECTION('',(-1.,0.,0.));
#3301 = DIRECTION('',(0.,1.,0.));
#3302 = ADVANCED_FACE('',(#3303),#3309,.T.);
#3303 = FACE_BOUND('',#3304,.T.);
#3304 = EDGE_LOOP('',(#3305,#3306,#3307,#3308));
#3305 = ORIENTED_EDGE('',*,*,#1541,.T.);
#3306 = ORIENTED_EDGE('',*,*,#2938,.T.);
#3307 = ORIENTED_EDGE('',*,*,#1693,.T.);
#3308 = ORIENTED_EDGE('',*,*,#3158,.T.);
#3309 = PLANE('',#3310);
#3310 = AXIS2_PLACEMENT_3D('',#3311,#3312,#3313);
#3311 = CARTESIAN_POINT('',(2.2,0.,0.195));
#3312 = DIRECTION('',(-6.906640467053E-32,0.,1.));
#3313 = DIRECTION('',(1.,0.,6.906640467053E-32));
#3314 = ADVANCED_FACE('',(#3315),#3326,.F.);
#3315 = FACE_BOUND('',#3316,.F.);
#3316 = EDGE_LOOP('',(#3317,#3318,#3324,#3325));
#3317 = ORIENTED_EDGE('',*,*,#1517,.T.);
#3318 = ORIENTED_EDGE('',*,*,#3319,.T.);
#3319 = EDGE_CURVE('',#1509,#1634,#3320,.T.);
#3320 = LINE('',#3321,#3322);
#3321 = CARTESIAN_POINT('',(2.6025,-0.5,-2.775557561563E-17));
#3322 = VECTOR('',#3323,1.);
#3323 = DIRECTION('',(0.,1.,0.));
#3324 = ORIENTED_EDGE('',*,*,#1717,.T.);
#3325 = ORIENTED_EDGE('',*,*,#3139,.T.);
#3326 = PLANE('',#3327);
#3327 = AXIS2_PLACEMENT_3D('',#3328,#3329,#3330);
#3328 = CARTESIAN_POINT('',(2.2,0.,0.));
#3329 = DIRECTION('',(0.,0.,1.));
#3330 = DIRECTION('',(1.,0.,-0.));
#3331 = ADVANCED_FACE('',(#3332),#3338,.T.);
#3332 = FACE_BOUND('',#3333,.T.);
#3333 = EDGE_LOOP('',(#3334,#3335,#3336,#3337));
#3334 = ORIENTED_EDGE('',*,*,#1508,.T.);
#3335 = ORIENTED_EDGE('',*,*,#3319,.T.);
#3336 = ORIENTED_EDGE('',*,*,#1631,.F.);
#3337 = ORIENTED_EDGE('',*,*,#3268,.F.);
#3338 = CYLINDRICAL_SURFACE('',#3339,9.75E-02);
#3339 = AXIS2_PLACEMENT_3D('',#3340,#3341,#3342);
#3340 = CARTESIAN_POINT('',(2.6025,-0.5,9.75E-02));
#3341 = DIRECTION('',(0.,1.,0.));
#3342 = DIRECTION('',(1.,0.,0.));
#3343 = ADVANCED_FACE('',(#3344),#3360,.F.);
#3344 = FACE_BOUND('',#3345,.F.);
#3345 = EDGE_LOOP('',(#3346,#3347,#3353,#3354));
#3346 = ORIENTED_EDGE('',*,*,#1731,.T.);
#3347 = ORIENTED_EDGE('',*,*,#3348,.T.);
#3348 = EDGE_CURVE('',#1734,#1876,#3349,.T.);
#3349 = LINE('',#3350,#3351);
#3350 = CARTESIAN_POINT('',(2.7,1.2,0.9025));
#3351 = VECTOR('',#3352,1.);
#3352 = DIRECTION('',(0.,1.,0.));
#3353 = ORIENTED_EDGE('',*,*,#1875,.F.);
#3354 = ORIENTED_EDGE('',*,*,#3355,.F.);
#3355 = EDGE_CURVE('',#1732,#1865,#3356,.T.);
#3356 = LINE('',#3357,#3358);
#3357 = CARTESIAN_POINT('',(2.7,1.2,9.75E-02));
#3358 = VECTOR('',#3359,1.);
#3359 = DIRECTION('',(0.,1.,0.));
#3360 = PLANE('',#3361);
#3361 = AXIS2_PLACEMENT_3D('',#3362,#3363,#3364);
#3362 = CARTESIAN_POINT('',(2.7,1.2,0.));
#3363 = DIRECTION('',(-1.,0.,0.));
#3364 = DIRECTION('',(0.,1.,0.));
#3365 = ADVANCED_FACE('',(#3366),#3372,.T.);
#3366 = FACE_BOUND('',#3367,.T.);
#3367 = EDGE_LOOP('',(#3368,#3369,#3370,#3371));
#3368 = ORIENTED_EDGE('',*,*,#1824,.T.);
#3369 = ORIENTED_EDGE('',*,*,#3348,.T.);
#3370 = ORIENTED_EDGE('',*,*,#1883,.F.);
#3371 = ORIENTED_EDGE('',*,*,#2034,.F.);
#3372 = CYLINDRICAL_SURFACE('',#3373,9.75E-02);
#3373 = AXIS2_PLACEMENT_3D('',#3374,#3375,#3376);
#3374 = CARTESIAN_POINT('',(2.6025,1.2,0.9025));
#3375 = DIRECTION('',(0.,1.,0.));
#3376 = DIRECTION('',(0.,-0.,1.));
#3377 = ADVANCED_FACE('',(#3378),#3384,.T.);
#3378 = FACE_BOUND('',#3379,.T.);
#3379 = EDGE_LOOP('',(#3380,#3381,#3382,#3383));
#3380 = ORIENTED_EDGE('',*,*,#1848,.F.);
#3381 = ORIENTED_EDGE('',*,*,#1800,.T.);
#3382 = ORIENTED_EDGE('',*,*,#2049,.T.);
#3383 = ORIENTED_EDGE('',*,*,#1908,.T.);
#3384 = PLANE('',#3385);
#3385 = AXIS2_PLACEMENT_3D('',#3386,#3387,#3388);
#3386 = CARTESIAN_POINT('',(2.505,1.005,0.195));
#3387 = DIRECTION('',(-1.,0.,0.));
#3388 = DIRECTION('',(0.,1.,0.));
#3389 = ADVANCED_FACE('',(#3390),#3396,.T.);
#3390 = FACE_BOUND('',#3391,.T.);
#3391 = EDGE_LOOP('',(#3392,#3393,#3394,#3395));
#3392 = ORIENTED_EDGE('',*,*,#1774,.T.);
#3393 = ORIENTED_EDGE('',*,*,#2921,.T.);
#3394 = ORIENTED_EDGE('',*,*,#1926,.T.);
#3395 = ORIENTED_EDGE('',*,*,#3107,.T.);
#3396 = PLANE('',#3397);
#3397 = AXIS2_PLACEMENT_3D('',#3398,#3399,#3400);
#3398 = CARTESIAN_POINT('',(2.2,1.7,0.195));
#3399 = DIRECTION('',(-6.906640467053E-32,-2.660277333254E-32,1.));
#3400 = DIRECTION('',(1.,0.,6.906640467053E-32));
#3401 = ADVANCED_FACE('',(#3402),#3413,.F.);
#3402 = FACE_BOUND('',#3403,.F.);
#3403 = EDGE_LOOP('',(#3404,#3405,#3411,#3412));
#3404 = ORIENTED_EDGE('',*,*,#1750,.T.);
#3405 = ORIENTED_EDGE('',*,*,#3406,.T.);
#3406 = EDGE_CURVE('',#1742,#1867,#3407,.T.);
#3407 = LINE('',#3408,#3409);
#3408 = CARTESIAN_POINT('',(2.6025,1.2,-2.775557561563E-17));
#3409 = VECTOR('',#3410,1.);
#3410 = DIRECTION('',(0.,1.,0.));
#3411 = ORIENTED_EDGE('',*,*,#1950,.T.);
#3412 = ORIENTED_EDGE('',*,*,#3122,.T.);
#3413 = PLANE('',#3414);
#3414 = AXIS2_PLACEMENT_3D('',#3415,#3416,#3417);
#3415 = CARTESIAN_POINT('',(2.2,1.7,0.));
#3416 = DIRECTION('',(0.,0.,1.));
#3417 = DIRECTION('',(1.,0.,-0.));
#3418 = ADVANCED_FACE('',(#3419),#3425,.T.);
#3419 = FACE_BOUND('',#3420,.T.);
#3420 = EDGE_LOOP('',(#3421,#3422,#3423,#3424));
#3421 = ORIENTED_EDGE('',*,*,#1741,.T.);
#3422 = ORIENTED_EDGE('',*,*,#3406,.T.);
#3423 = ORIENTED_EDGE('',*,*,#1864,.F.);
#3424 = ORIENTED_EDGE('',*,*,#3355,.F.);
#3425 = CYLINDRICAL_SURFACE('',#3426,9.75E-02);
#3426 = AXIS2_PLACEMENT_3D('',#3427,#3428,#3429);
#3427 = CARTESIAN_POINT('',(2.6025,1.2,9.75E-02));
#3428 = DIRECTION('',(0.,1.,0.));
#3429 = DIRECTION('',(1.,0.,0.));
#3430 = ADVANCED_FACE('',(#3431),#3447,.F.);
#3431 = FACE_BOUND('',#3432,.F.);
#3432 = EDGE_LOOP('',(#3433,#3434,#3440,#3441));
#3433 = ORIENTED_EDGE('',*,*,#2066,.T.);
#3434 = ORIENTED_EDGE('',*,*,#3435,.T.);
#3435 = EDGE_CURVE('',#2069,#2211,#3436,.T.);
#3436 = LINE('',#3437,#3438);
#3437 = CARTESIAN_POINT('',(-2.7,2.2,0.9025));
#3438 = VECTOR('',#3439,1.);
#3439 = DIRECTION('',(0.,-1.,0.));
#3440 = ORIENTED_EDGE('',*,*,#2210,.F.);
#3441 = ORIENTED_EDGE('',*,*,#3442,.F.);
#3442 = EDGE_CURVE('',#2067,#2200,#3443,.T.);
#3443 = LINE('',#3444,#3445);
#3444 = CARTESIAN_POINT('',(-2.7,2.2,9.75E-02));
#3445 = VECTOR('',#3446,1.);
#3446 = DIRECTION('',(0.,-1.,0.));
#3447 = PLANE('',#3448);
#3448 = AXIS2_PLACEMENT_3D('',#3449,#3450,#3451);
#3449 = CARTESIAN_POINT('',(-2.7,2.2,0.));
#3450 = DIRECTION('',(1.,0.,0.));
#3451 = DIRECTION('',(0.,-1.,0.));
#3452 = ADVANCED_FACE('',(#3453),#3459,.T.);
#3453 = FACE_BOUND('',#3454,.T.);
#3454 = EDGE_LOOP('',(#3455,#3456,#3457,#3458));
#3455 = ORIENTED_EDGE('',*,*,#3435,.T.);
#3456 = ORIENTED_EDGE('',*,*,#2218,.T.);
#3457 = ORIENTED_EDGE('',*,*,#2765,.F.);
#3458 = ORIENTED_EDGE('',*,*,#2159,.F.);
#3459 = CYLINDRICAL_SURFACE('',#3460,9.75E-02);
#3460 = AXIS2_PLACEMENT_3D('',#3461,#3462,#3463);
#3461 = CARTESIAN_POINT('',(-2.6025,2.2,0.9025));
#3462 = DIRECTION('',(0.,-1.,0.));
#3463 = DIRECTION('',(-1.,0.,0.));
#3464 = ADVANCED_FACE('',(#3465),#3471,.T.);
#3465 = FACE_BOUND('',#3466,.T.);
#3466 = EDGE_LOOP('',(#3467,#3468,#3469,#3470));
#3467 = ORIENTED_EDGE('',*,*,#2174,.F.);
#3468 = ORIENTED_EDGE('',*,*,#2135,.T.);
#3469 = ORIENTED_EDGE('',*,*,#2782,.T.);
#3470 = ORIENTED_EDGE('',*,*,#2243,.T.);
#3471 = PLANE('',#3472);
#3472 = AXIS2_PLACEMENT_3D('',#3473,#3474,#3475);
#3473 = CARTESIAN_POINT('',(-2.505,2.395,0.195));
#3474 = DIRECTION('',(1.,0.,0.));
#3475 = DIRECTION('',(0.,-1.,0.));
#3476 = ADVANCED_FACE('',(#3477),#3483,.T.);
#3477 = FACE_BOUND('',#3478,.T.);
#3478 = EDGE_LOOP('',(#3479,#3480,#3481,#3482));
#3479 = ORIENTED_EDGE('',*,*,#2261,.T.);
#3480 = ORIENTED_EDGE('',*,*,#3040,.T.);
#3481 = ORIENTED_EDGE('',*,*,#2109,.T.);
#3482 = ORIENTED_EDGE('',*,*,#2903,.T.);
#3483 = PLANE('',#3484);
#3484 = AXIS2_PLACEMENT_3D('',#3485,#3486,#3487);
#3485 = CARTESIAN_POINT('',(-2.2,1.7,0.195));
#3486 = DIRECTION('',(6.906640467053E-32,-2.660277333254E-32,1.));
#3487 = DIRECTION('',(1.,0.,-6.906640467053E-32));
#3488 = ADVANCED_FACE('',(#3489),#3500,.F.);
#3489 = FACE_BOUND('',#3490,.F.);
#3490 = EDGE_LOOP('',(#3491,#3492,#3493,#3494));
#3491 = ORIENTED_EDGE('',*,*,#2285,.T.);
#3492 = ORIENTED_EDGE('',*,*,#3054,.T.);
#3493 = ORIENTED_EDGE('',*,*,#2085,.T.);
#3494 = ORIENTED_EDGE('',*,*,#3495,.T.);
#3495 = EDGE_CURVE('',#2077,#2202,#3496,.T.);
#3496 = LINE('',#3497,#3498);
#3497 = CARTESIAN_POINT('',(-2.6025,2.2,-2.775557561563E-17));
#3498 = VECTOR('',#3499,1.);
#3499 = DIRECTION('',(0.,-1.,0.));
#3500 = PLANE('',#3501);
#3501 = AXIS2_PLACEMENT_3D('',#3502,#3503,#3504);
#3502 = CARTESIAN_POINT('',(-2.2,1.7,0.));
#3503 = DIRECTION('',(0.,0.,1.));
#3504 = DIRECTION('',(1.,0.,-0.));
#3505 = ADVANCED_FACE('',(#3506),#3512,.T.);
#3506 = FACE_BOUND('',#3507,.T.);
#3507 = EDGE_LOOP('',(#3508,#3509,#3510,#3511));
#3508 = ORIENTED_EDGE('',*,*,#2076,.T.);
#3509 = ORIENTED_EDGE('',*,*,#3495,.T.);
#3510 = ORIENTED_EDGE('',*,*,#2199,.F.);
#3511 = ORIENTED_EDGE('',*,*,#3442,.F.);
#3512 = CYLINDRICAL_SURFACE('',#3513,9.75E-02);
#3513 = AXIS2_PLACEMENT_3D('',#3514,#3515,#3516);
#3514 = CARTESIAN_POINT('',(-2.6025,2.2,9.75E-02));
#3515 = DIRECTION('',(0.,-1.,0.));
#3516 = DIRECTION('',(-1.,0.,0.));
#3517 = ADVANCED_FACE('',(#3518),#3534,.F.);
#3518 = FACE_BOUND('',#3519,.F.);
#3519 = EDGE_LOOP('',(#3520,#3521,#3527,#3528));
#3520 = ORIENTED_EDGE('',*,*,#2299,.T.);
#3521 = ORIENTED_EDGE('',*,*,#3522,.T.);
#3522 = EDGE_CURVE('',#2302,#2444,#3523,.T.);
#3523 = LINE('',#3524,#3525);
#3524 = CARTESIAN_POINT('',(-2.7,0.5,0.9025));
#3525 = VECTOR('',#3526,1.);
#3526 = DIRECTION('',(0.,-1.,0.));
#3527 = ORIENTED_EDGE('',*,*,#2443,.F.);
#3528 = ORIENTED_EDGE('',*,*,#3529,.F.);
#3529 = EDGE_CURVE('',#2300,#2433,#3530,.T.);
#3530 = LINE('',#3531,#3532);
#3531 = CARTESIAN_POINT('',(-2.7,0.5,9.75E-02));
#3532 = VECTOR('',#3533,1.);
#3533 = DIRECTION('',(0.,-1.,0.));
#3534 = PLANE('',#3535);
#3535 = AXIS2_PLACEMENT_3D('',#3536,#3537,#3538);
#3536 = CARTESIAN_POINT('',(-2.7,0.5,0.));
#3537 = DIRECTION('',(1.,0.,0.));
#3538 = DIRECTION('',(0.,-1.,0.));
#3539 = ADVANCED_FACE('',(#3540),#3546,.T.);
#3540 = FACE_BOUND('',#3541,.T.);
#3541 = EDGE_LOOP('',(#3542,#3543,#3544,#3545));
#3542 = ORIENTED_EDGE('',*,*,#3522,.T.);
#3543 = ORIENTED_EDGE('',*,*,#2451,.T.);
#3544 = ORIENTED_EDGE('',*,*,#2799,.F.);
#3545 = ORIENTED_EDGE('',*,*,#2392,.F.);
#3546 = CYLINDRICAL_SURFACE('',#3547,9.75E-02);
#3547 = AXIS2_PLACEMENT_3D('',#3548,#3549,#3550);
#3548 = CARTESIAN_POINT('',(-2.6025,0.5,0.9025));
#3549 = DIRECTION('',(0.,-1.,0.));
#3550 = DIRECTION('',(-1.,0.,0.));
#3551 = ADVANCED_FACE('',(#3552),#3558,.T.);
#3552 = FACE_BOUND('',#3553,.T.);
#3553 = EDGE_LOOP('',(#3554,#3555,#3556,#3557));
#3554 = ORIENTED_EDGE('',*,*,#2407,.F.);
#3555 = ORIENTED_EDGE('',*,*,#2368,.T.);
#3556 = ORIENTED_EDGE('',*,*,#2816,.T.);
#3557 = ORIENTED_EDGE('',*,*,#2476,.T.);
#3558 = PLANE('',#3559);
#3559 = AXIS2_PLACEMENT_3D('',#3560,#3561,#3562);
#3560 = CARTESIAN_POINT('',(-2.505,0.695,0.195));
#3561 = DIRECTION('',(1.,0.,0.));
#3562 = DIRECTION('',(0.,-1.,0.));
#3563 = ADVANCED_FACE('',(#3564),#3570,.T.);
#3564 = FACE_BOUND('',#3565,.T.);
#3565 = EDGE_LOOP('',(#3566,#3567,#3568,#3569));
#3566 = ORIENTED_EDGE('',*,*,#2494,.T.);
#3567 = ORIENTED_EDGE('',*,*,#3074,.T.);
#3568 = ORIENTED_EDGE('',*,*,#2342,.T.);
#3569 = ORIENTED_EDGE('',*,*,#2886,.T.);
#3570 = PLANE('',#3571);
#3571 = AXIS2_PLACEMENT_3D('',#3572,#3573,#3574);
#3572 = CARTESIAN_POINT('',(-2.2,0.,0.195));
#3573 = DIRECTION('',(6.906640467053E-32,0.,1.));
#3574 = DIRECTION('',(1.,0.,-6.906640467053E-32));
#3575 = ADVANCED_FACE('',(#3576),#3587,.F.);
#3576 = FACE_BOUND('',#3577,.F.);
#3577 = EDGE_LOOP('',(#3578,#3579,#3580,#3581));
#3578 = ORIENTED_EDGE('',*,*,#2518,.T.);
#3579 = ORIENTED_EDGE('',*,*,#3088,.T.);
#3580 = ORIENTED_EDGE('',*,*,#2318,.T.);
#3581 = ORIENTED_EDGE('',*,*,#3582,.T.);
#3582 = EDGE_CURVE('',#2310,#2435,#3583,.T.);
#3583 = LINE('',#3584,#3585);
#3584 = CARTESIAN_POINT('',(-2.6025,0.5,-2.775557561563E-17));
#3585 = VECTOR('',#3586,1.);
#3586 = DIRECTION('',(0.,-1.,0.));
#3587 = PLANE('',#3588);
#3588 = AXIS2_PLACEMENT_3D('',#3589,#3590,#3591);
#3589 = CARTESIAN_POINT('',(-2.2,0.,0.));
#3590 = DIRECTION('',(0.,0.,1.));
#3591 = DIRECTION('',(1.,0.,-0.));
#3592 = ADVANCED_FACE('',(#3593),#3599,.T.);
#3593 = FACE_BOUND('',#3594,.T.);
#3594 = EDGE_LOOP('',(#3595,#3596,#3597,#3598));
#3595 = ORIENTED_EDGE('',*,*,#2309,.T.);
#3596 = ORIENTED_EDGE('',*,*,#3582,.T.);
#3597 = ORIENTED_EDGE('',*,*,#2432,.F.);
#3598 = ORIENTED_EDGE('',*,*,#3529,.F.);
#3599 = CYLINDRICAL_SURFACE('',#3600,9.75E-02);
#3600 = AXIS2_PLACEMENT_3D('',#3601,#3602,#3603);
#3601 = CARTESIAN_POINT('',(-2.6025,0.5,9.75E-02));
#3602 = DIRECTION('',(0.,-1.,0.));
#3603 = DIRECTION('',(-1.,0.,0.));
#3604 = ADVANCED_FACE('',(#3605),#3621,.F.);
#3605 = FACE_BOUND('',#3606,.F.);
#3606 = EDGE_LOOP('',(#3607,#3608,#3614,#3615));
#3607 = ORIENTED_EDGE('',*,*,#2532,.T.);
#3608 = ORIENTED_EDGE('',*,*,#3609,.T.);
#3609 = EDGE_CURVE('',#2535,#2677,#3610,.T.);
#3610 = LINE('',#3611,#3612);
#3611 = CARTESIAN_POINT('',(-2.7,-1.2,0.9025));
#3612 = VECTOR('',#3613,1.);
#3613 = DIRECTION('',(0.,-1.,0.));
#3614 = ORIENTED_EDGE('',*,*,#2676,.F.);
#3615 = ORIENTED_EDGE('',*,*,#3616,.F.);
#3616 = EDGE_CURVE('',#2533,#2666,#3617,.T.);
#3617 = LINE('',#3618,#3619);
#3618 = CARTESIAN_POINT('',(-2.7,-1.2,9.75E-02));
#3619 = VECTOR('',#3620,1.);
#3620 = DIRECTION('',(0.,-1.,0.));
#3621 = PLANE('',#3622);
#3622 = AXIS2_PLACEMENT_3D('',#3623,#3624,#3625);
#3623 = CARTESIAN_POINT('',(-2.7,-1.2,0.));
#3624 = DIRECTION('',(1.,0.,0.));
#3625 = DIRECTION('',(0.,-1.,0.));
#3626 = ADVANCED_FACE('',(#3627),#3633,.T.);
#3627 = FACE_BOUND('',#3628,.T.);
#3628 = EDGE_LOOP('',(#3629,#3630,#3631,#3632));
#3629 = ORIENTED_EDGE('',*,*,#3609,.T.);
#3630 = ORIENTED_EDGE('',*,*,#2684,.T.);
#3631 = ORIENTED_EDGE('',*,*,#2833,.F.);
#3632 = ORIENTED_EDGE('',*,*,#2625,.F.);
#3633 = CYLINDRICAL_SURFACE('',#3634,9.75E-02);
#3634 = AXIS2_PLACEMENT_3D('',#3635,#3636,#3637);
#3635 = CARTESIAN_POINT('',(-2.6025,-1.2,0.9025));
#3636 = DIRECTION('',(0.,-1.,0.));
#3637 = DIRECTION('',(-1.,0.,0.));
#3638 = ADVANCED_FACE('',(#3639),#3645,.T.);
#3639 = FACE_BOUND('',#3640,.T.);
#3640 = EDGE_LOOP('',(#3641,#3642,#3643,#3644));
#3641 = ORIENTED_EDGE('',*,*,#2640,.F.);
#3642 = ORIENTED_EDGE('',*,*,#2601,.T.);
#3643 = ORIENTED_EDGE('',*,*,#2850,.T.);
#3644 = ORIENTED_EDGE('',*,*,#2709,.T.);
#3645 = PLANE('',#3646);
#3646 = AXIS2_PLACEMENT_3D('',#3647,#3648,#3649);
#3647 = CARTESIAN_POINT('',(-2.505,-1.005,0.195));
#3648 = DIRECTION('',(1.,0.,0.));
#3649 = DIRECTION('',(0.,-1.,0.));
#3650 = ADVANCED_FACE('',(#3651),#3657,.T.);
#3651 = FACE_BOUND('',#3652,.T.);
#3652 = EDGE_LOOP('',(#3653,#3654,#3655,#3656));
#3653 = ORIENTED_EDGE('',*,*,#2727,.T.);
#3654 = ORIENTED_EDGE('',*,*,#3023,.T.);
#3655 = ORIENTED_EDGE('',*,*,#2575,.T.);
#3656 = ORIENTED_EDGE('',*,*,#2869,.T.);
#3657 = PLANE('',#3658);
#3658 = AXIS2_PLACEMENT_3D('',#3659,#3660,#3661);
#3659 = CARTESIAN_POINT('',(-2.2,-1.7,0.195));
#3660 = DIRECTION('',(6.906640467053E-32,2.660277333254E-32,1.));
#3661 = DIRECTION('',(1.,0.,-6.906640467053E-32));
#3662 = ADVANCED_FACE('',(#3663),#3674,.F.);
#3663 = FACE_BOUND('',#3664,.F.);
#3664 = EDGE_LOOP('',(#3665,#3666,#3667,#3668));
#3665 = ORIENTED_EDGE('',*,*,#2751,.T.);
#3666 = ORIENTED_EDGE('',*,*,#3003,.T.);
#3667 = ORIENTED_EDGE('',*,*,#2551,.T.);
#3668 = ORIENTED_EDGE('',*,*,#3669,.T.);
#3669 = EDGE_CURVE('',#2543,#2668,#3670,.T.);
#3670 = LINE('',#3671,#3672);
#3671 = CARTESIAN_POINT('',(-2.6025,-1.2,-2.775557561563E-17));
#3672 = VECTOR('',#3673,1.);
#3673 = DIRECTION('',(0.,-1.,0.));
#3674 = PLANE('',#3675);
#3675 = AXIS2_PLACEMENT_3D('',#3676,#3677,#3678);
#3676 = CARTESIAN_POINT('',(-2.2,-1.7,0.));
#3677 = DIRECTION('',(0.,0.,1.));
#3678 = DIRECTION('',(1.,0.,-0.));
#3679 = ADVANCED_FACE('',(#3680),#3686,.T.);
#3680 = FACE_BOUND('',#3681,.T.);
#3681 = EDGE_LOOP('',(#3682,#3683,#3684,#3685));
#3682 = ORIENTED_EDGE('',*,*,#2542,.T.);
#3683 = ORIENTED_EDGE('',*,*,#3669,.T.);
#3684 = ORIENTED_EDGE('',*,*,#2665,.F.);
#3685 = ORIENTED_EDGE('',*,*,#3616,.F.);
#3686 = CYLINDRICAL_SURFACE('',#3687,9.75E-02);
#3687 = AXIS2_PLACEMENT_3D('',#3688,#3689,#3690);
#3688 = CARTESIAN_POINT('',(-2.6025,-1.2,9.75E-02));
#3689 = DIRECTION('',(0.,-1.,0.));
#3690 = DIRECTION('',(-1.,0.,0.));
#3691 = ( GEOMETRIC_REPRESENTATION_CONTEXT(3) 
GLOBAL_UNCERTAINTY_ASSIGNED_CONTEXT((#3695)) 
GLOBAL_UNIT_ASSIGNED_CONTEXT((#3692,#3693,#3694)) REPRESENTATION_CONTEXT
('Context #1','3D Context with UNIT and UNCERTAINTY') );
#3692 = ( LENGTH_UNIT() NAMED_UNIT(*) SI_UNIT(.MILLI.,.METRE.) );
#3693 = ( NAMED_UNIT(*) PLANE_ANGLE_UNIT() SI_UNIT($,.RADIAN.) );
#3694 = ( NAMED_UNIT(*) SI_UNIT($,.STERADIAN.) SOLID_ANGLE_UNIT() );
#3695 = UNCERTAINTY_MEASURE_WITH_UNIT(LENGTH_MEASURE(1.E-07),#3692,
  'distance_accuracy_value','confusion accuracy');
#3696 = CONTEXT_DEPENDENT_SHAPE_REPRESENTATION(#3697,#3699);
#3697 = ( REPRESENTATION_RELATIONSHIP('','',#111,#88) 
REPRESENTATION_RELATIONSHIP_WITH_TRANSFORMATION(#3698) 
SHAPE_REPRESENTATION_RELATIONSHIP() );
#3698 = ITEM_DEFINED_TRANSFORMATION('','',#11,#89);
#3699 = PRODUCT_DEFINITION_SHAPE('Placement','Placement of an item',
  #3700);
#3700 = NEXT_ASSEMBLY_USAGE_OCCURRENCE('1','=>[0:1:1:3]','',#83,#106,$);
#3701 = PRODUCT_RELATED_PRODUCT_CATEGORY('part',$,(#108));
#3702 = CONTEXT_DEPENDENT_SHAPE_REPRESENTATION(#3703,#3705);
#3703 = ( REPRESENTATION_RELATIONSHIP('','',#88,#10) 
REPRESENTATION_RELATIONSHIP_WITH_TRANSFORMATION(#3704) 
SHAPE_REPRESENTATION_RELATIONSHIP() );
#3704 = ITEM_DEFINED_TRANSFORMATION('','',#11,#19);
#3705 = PRODUCT_DEFINITION_SHAPE('Placement','Placement of an item',
  #3706);
#3706 = NEXT_ASSEMBLY_USAGE_OCCURRENCE('3','LED6','',#5,#83,$);
#3707 = CONTEXT_DEPENDENT_SHAPE_REPRESENTATION(#3708,#3710);
#3708 = ( REPRESENTATION_RELATIONSHIP('','',#88,#10) 
REPRESENTATION_RELATIONSHIP_WITH_TRANSFORMATION(#3709) 
SHAPE_REPRESENTATION_RELATIONSHIP() );
#3709 = ITEM_DEFINED_TRANSFORMATION('','',#11,#23);
#3710 = PRODUCT_DEFINITION_SHAPE('Placement','Placement of an item',
  #3711);
#3711 = NEXT_ASSEMBLY_USAGE_OCCURRENCE('4','LED5','',#5,#83,$);
#3712 = CONTEXT_DEPENDENT_SHAPE_REPRESENTATION(#3713,#3715);
#3713 = ( REPRESENTATION_RELATIONSHIP('','',#88,#10) 
REPRESENTATION_RELATIONSHIP_WITH_TRANSFORMATION(#3714) 
SHAPE_REPRESENTATION_RELATIONSHIP() );
#3714 = ITEM_DEFINED_TRANSFORMATION('','',#11,#27);
#3715 = PRODUCT_DEFINITION_SHAPE('Placement','Placement of an item',
  #3716);
#3716 = NEXT_ASSEMBLY_USAGE_OCCURRENCE('5','LED3','',#5,#83,$);
#3717 = CONTEXT_DEPENDENT_SHAPE_REPRESENTATION(#3718,#3720);
#3718 = ( REPRESENTATION_RELATIONSHIP('','',#88,#10) 
REPRESENTATION_RELATIONSHIP_WITH_TRANSFORMATION(#3719) 
SHAPE_REPRESENTATION_RELATIONSHIP() );
#3719 = ITEM_DEFINED_TRANSFORMATION('','',#11,#31);
#3720 = PRODUCT_DEFINITION_SHAPE('Placement','Placement of an item',
  #3721);
#3721 = NEXT_ASSEMBLY_USAGE_OCCURRENCE('6','LED1','',#5,#83,$);
#3722 = CONTEXT_DEPENDENT_SHAPE_REPRESENTATION(#3723,#3725);
#3723 = ( REPRESENTATION_RELATIONSHIP('','',#88,#10) 
REPRESENTATION_RELATIONSHIP_WITH_TRANSFORMATION(#3724) 
SHAPE_REPRESENTATION_RELATIONSHIP() );
#3724 = ITEM_DEFINED_TRANSFORMATION('','',#11,#35);
#3725 = PRODUCT_DEFINITION_SHAPE('Placement','Placement of an item',
  #3726);
#3726 = NEXT_ASSEMBLY_USAGE_OCCURRENCE('7','LED2','',#5,#83,$);
#3727 = SHAPE_DEFINITION_REPRESENTATION(#3728,#3734);
#3728 = PRODUCT_DEFINITION_SHAPE('','',#3729);
#3729 = PRODUCT_DEFINITION('design','',#3730,#3733);
#3730 = PRODUCT_DEFINITION_FORMATION('','',#3731);
#3731 = PRODUCT('C_1210_3225Metric','C_1210_3225Metric','',(#3732));
#3732 = PRODUCT_CONTEXT('',#2,'mechanical');
#3733 = PRODUCT_DEFINITION_CONTEXT('part definition',#2,'design');
#3734 = SHAPE_REPRESENTATION('',(#11,#3735),#3739);
#3735 = AXIS2_PLACEMENT_3D('',#3736,#3737,#3738);
#3736 = CARTESIAN_POINT('',(0.,0.,0.));
#3737 = DIRECTION('',(0.,0.,1.));
#3738 = DIRECTION('',(1.,0.,-0.));
#3739 = ( GEOMETRIC_REPRESENTATION_CONTEXT(3) 
GLOBAL_UNCERTAINTY_ASSIGNED_CONTEXT((#3743)) 
GLOBAL_UNIT_ASSIGNED_CONTEXT((#3740,#3741,#3742)) REPRESENTATION_CONTEXT
('Context #1','3D Context with UNIT and UNCERTAINTY') );
#3740 = ( LENGTH_UNIT() NAMED_UNIT(*) SI_UNIT(.MILLI.,.METRE.) );
#3741 = ( NAMED_UNIT(*) PLANE_ANGLE_UNIT() SI_UNIT($,.RADIAN.) );
#3742 = ( NAMED_UNIT(*) SI_UNIT($,.STERADIAN.) SOLID_ANGLE_UNIT() );
#3743 = UNCERTAINTY_MEASURE_WITH_UNIT(LENGTH_MEASURE(1.E-07),#3740,
  'distance_accuracy_value','confusion accuracy');
#3744 = CONTEXT_DEPENDENT_SHAPE_REPRESENTATION(#3745,#3747);
#3745 = ( REPRESENTATION_RELATIONSHIP('','',#3734,#10) 
REPRESENTATION_RELATIONSHIP_WITH_TRANSFORMATION(#3746) 
SHAPE_REPRESENTATION_RELATIONSHIP() );
#3746 = ITEM_DEFINED_TRANSFORMATION('','',#11,#39);
#3747 = PRODUCT_DEFINITION_SHAPE('Placement','Placement of an item',
  #3748);
#3748 = NEXT_ASSEMBLY_USAGE_OCCURRENCE('9','C1','',#5,#3729,$);
#3749 = PRODUCT_RELATED_PRODUCT_CATEGORY('part',$,(#3731));
#3750 = SHAPE_DEFINITION_REPRESENTATION(#3751,#3757);
#3751 = PRODUCT_DEFINITION_SHAPE('','',#3752);
#3752 = PRODUCT_DEFINITION('design','',#3753,#3756);
#3753 = PRODUCT_DEFINITION_FORMATION('','',#3754);
#3754 = PRODUCT('C_1210_3225Metric','C_1210_3225Metric','',(#3755));
#3755 = PRODUCT_CONTEXT('',#2,'mechanical');
#3756 = PRODUCT_DEFINITION_CONTEXT('part definition',#2,'design');
#3757 = ADVANCED_BREP_SHAPE_REPRESENTATION('',(#11,#3758),#4612);
#3758 = MANIFOLD_SOLID_BREP('',#3759);
#3759 = CLOSED_SHELL('',(#3760,#3836,#3867,#3892,#3917,#3941,#3965,#3990
    ,#4015,#4032,#4118,#4150,#4174,#4199,#4223,#4248,#4272,#4297,#4314,
    #4400,#4431,#4456,#4481,#4505,#4529,#4554,#4579,#4596));
#3760 = ADVANCED_FACE('',(#3761),#3831,.F.);
#3761 = FACE_BOUND('',#3762,.F.);
#3762 = EDGE_LOOP('',(#3763,#3773,#3782,#3790,#3799,#3807,#3816,#3824));
#3763 = ORIENTED_EDGE('',*,*,#3764,.F.);
#3764 = EDGE_CURVE('',#3765,#3767,#3769,.T.);
#3765 = VERTEX_POINT('',#3766);
#3766 = CARTESIAN_POINT('',(-1.6,-1.25,4.E-02));
#3767 = VERTEX_POINT('',#3768);
#3768 = CARTESIAN_POINT('',(-1.6,-1.25,2.46));
#3769 = LINE('',#3770,#3771);
#3770 = CARTESIAN_POINT('',(-1.6,-1.25,0.));
#3771 = VECTOR('',#3772,1.);
#3772 = DIRECTION('',(0.,0.,1.));
#3773 = ORIENTED_EDGE('',*,*,#3774,.T.);
#3774 = EDGE_CURVE('',#3765,#3775,#3777,.T.);
#3775 = VERTEX_POINT('',#3776);
#3776 = CARTESIAN_POINT('',(-1.6,-1.21,0.));
#3777 = CIRCLE('',#3778,4.E-02);
#3778 = AXIS2_PLACEMENT_3D('',#3779,#3780,#3781);
#3779 = CARTESIAN_POINT('',(-1.6,-1.21,4.E-02));
#3780 = DIRECTION('',(1.,0.,-0.));
#3781 = DIRECTION('',(0.,0.,1.));
#3782 = ORIENTED_EDGE('',*,*,#3783,.T.);
#3783 = EDGE_CURVE('',#3775,#3784,#3786,.T.);
#3784 = VERTEX_POINT('',#3785);
#3785 = CARTESIAN_POINT('',(-1.6,1.21,0.));
#3786 = LINE('',#3787,#3788);
#3787 = CARTESIAN_POINT('',(-1.6,-1.25,0.));
#3788 = VECTOR('',#3789,1.);
#3789 = DIRECTION('',(0.,1.,0.));
#3790 = ORIENTED_EDGE('',*,*,#3791,.F.);
#3791 = EDGE_CURVE('',#3792,#3784,#3794,.T.);
#3792 = VERTEX_POINT('',#3793);
#3793 = CARTESIAN_POINT('',(-1.6,1.25,4.E-02));
#3794 = CIRCLE('',#3795,4.E-02);
#3795 = AXIS2_PLACEMENT_3D('',#3796,#3797,#3798);
#3796 = CARTESIAN_POINT('',(-1.6,1.21,4.E-02));
#3797 = DIRECTION('',(-1.,0.,0.));
#3798 = DIRECTION('',(0.,0.,1.));
#3799 = ORIENTED_EDGE('',*,*,#3800,.T.);
#3800 = EDGE_CURVE('',#3792,#3801,#3803,.T.);
#3801 = VERTEX_POINT('',#3802);
#3802 = CARTESIAN_POINT('',(-1.6,1.25,2.46));
#3803 = LINE('',#3804,#3805);
#3804 = CARTESIAN_POINT('',(-1.6,1.25,0.));
#3805 = VECTOR('',#3806,1.);
#3806 = DIRECTION('',(0.,0.,1.));
#3807 = ORIENTED_EDGE('',*,*,#3808,.T.);
#3808 = EDGE_CURVE('',#3801,#3809,#3811,.T.);
#3809 = VERTEX_POINT('',#3810);
#3810 = CARTESIAN_POINT('',(-1.6,1.21,2.5));
#3811 = CIRCLE('',#3812,4.E-02);
#3812 = AXIS2_PLACEMENT_3D('',#3813,#3814,#3815);
#3813 = CARTESIAN_POINT('',(-1.6,1.21,2.46));
#3814 = DIRECTION('',(1.,0.,-0.));
#3815 = DIRECTION('',(0.,0.,1.));
#3816 = ORIENTED_EDGE('',*,*,#3817,.F.);
#3817 = EDGE_CURVE('',#3818,#3809,#3820,.T.);
#3818 = VERTEX_POINT('',#3819);
#3819 = CARTESIAN_POINT('',(-1.6,-1.21,2.5));
#3820 = LINE('',#3821,#3822);
#3821 = CARTESIAN_POINT('',(-1.6,-1.25,2.5));
#3822 = VECTOR('',#3823,1.);
#3823 = DIRECTION('',(0.,1.,0.));
#3824 = ORIENTED_EDGE('',*,*,#3825,.F.);
#3825 = EDGE_CURVE('',#3767,#3818,#3826,.T.);
#3826 = CIRCLE('',#3827,4.E-02);
#3827 = AXIS2_PLACEMENT_3D('',#3828,#3829,#3830);
#3828 = CARTESIAN_POINT('',(-1.6,-1.21,2.46));
#3829 = DIRECTION('',(-1.,0.,0.));
#3830 = DIRECTION('',(0.,0.,1.));
#3831 = PLANE('',#3832);
#3832 = AXIS2_PLACEMENT_3D('',#3833,#3834,#3835);
#3833 = CARTESIAN_POINT('',(-1.6,-1.25,0.));
#3834 = DIRECTION('',(1.,0.,0.));
#3835 = DIRECTION('',(0.,0.,1.));
#3836 = ADVANCED_FACE('',(#3837),#3862,.F.);
#3837 = FACE_BOUND('',#3838,.F.);
#3838 = EDGE_LOOP('',(#3839,#3849,#3855,#3856));
#3839 = ORIENTED_EDGE('',*,*,#3840,.F.);
#3840 = EDGE_CURVE('',#3841,#3843,#3845,.T.);
#3841 = VERTEX_POINT('',#3842);
#3842 = CARTESIAN_POINT('',(-1.2,-1.25,4.E-02));
#3843 = VERTEX_POINT('',#3844);
#3844 = CARTESIAN_POINT('',(-1.2,-1.25,2.46));
#3845 = LINE('',#3846,#3847);
#3846 = CARTESIAN_POINT('',(-1.2,-1.25,0.));
#3847 = VECTOR('',#3848,1.);
#3848 = DIRECTION('',(0.,0.,1.));
#3849 = ORIENTED_EDGE('',*,*,#3850,.F.);
#3850 = EDGE_CURVE('',#3765,#3841,#3851,.T.);
#3851 = LINE('',#3852,#3853);
#3852 = CARTESIAN_POINT('',(-1.6,-1.25,4.E-02));
#3853 = VECTOR('',#3854,1.);
#3854 = DIRECTION('',(1.,0.,0.));
#3855 = ORIENTED_EDGE('',*,*,#3764,.T.);
#3856 = ORIENTED_EDGE('',*,*,#3857,.T.);
#3857 = EDGE_CURVE('',#3767,#3843,#3858,.T.);
#3858 = LINE('',#3859,#3860);
#3859 = CARTESIAN_POINT('',(-1.6,-1.25,2.46));
#3860 = VECTOR('',#3861,1.);
#3861 = DIRECTION('',(1.,0.,0.));
#3862 = PLANE('',#3863);
#3863 = AXIS2_PLACEMENT_3D('',#3864,#3865,#3866);
#3864 = CARTESIAN_POINT('',(-1.6,-1.25,0.));
#3865 = DIRECTION('',(0.,1.,0.));
#3866 = DIRECTION('',(0.,-0.,1.));
#3867 = ADVANCED_FACE('',(#3868),#3887,.T.);
#3868 = FACE_BOUND('',#3869,.T.);
#3869 = EDGE_LOOP('',(#3870,#3871,#3879,#3886));
#3870 = ORIENTED_EDGE('',*,*,#3774,.T.);
#3871 = ORIENTED_EDGE('',*,*,#3872,.T.);
#3872 = EDGE_CURVE('',#3775,#3873,#3875,.T.);
#3873 = VERTEX_POINT('',#3874);
#3874 = CARTESIAN_POINT('',(-1.2,-1.21,0.));
#3875 = LINE('',#3876,#3877);
#3876 = CARTESIAN_POINT('',(-1.6,-1.21,0.));
#3877 = VECTOR('',#3878,1.);
#3878 = DIRECTION('',(1.,0.,0.));
#3879 = ORIENTED_EDGE('',*,*,#3880,.F.);
#3880 = EDGE_CURVE('',#3841,#3873,#3881,.T.);
#3881 = CIRCLE('',#3882,4.E-02);
#3882 = AXIS2_PLACEMENT_3D('',#3883,#3884,#3885);
#3883 = CARTESIAN_POINT('',(-1.2,-1.21,4.E-02));
#3884 = DIRECTION('',(1.,0.,-0.));
#3885 = DIRECTION('',(0.,0.,1.));
#3886 = ORIENTED_EDGE('',*,*,#3850,.F.);
#3887 = CYLINDRICAL_SURFACE('',#3888,4.E-02);
#3888 = AXIS2_PLACEMENT_3D('',#3889,#3890,#3891);
#3889 = CARTESIAN_POINT('',(-1.6,-1.21,4.E-02));
#3890 = DIRECTION('',(1.,0.,0.));
#3891 = DIRECTION('',(0.,-1.,0.));
#3892 = ADVANCED_FACE('',(#3893),#3912,.T.);
#3893 = FACE_BOUND('',#3894,.T.);
#3894 = EDGE_LOOP('',(#3895,#3896,#3905,#3911));
#3895 = ORIENTED_EDGE('',*,*,#3857,.T.);
#3896 = ORIENTED_EDGE('',*,*,#3897,.T.);
#3897 = EDGE_CURVE('',#3843,#3898,#3900,.T.);
#3898 = VERTEX_POINT('',#3899);
#3899 = CARTESIAN_POINT('',(-1.2,-1.21,2.5));
#3900 = CIRCLE('',#3901,4.E-02);
#3901 = AXIS2_PLACEMENT_3D('',#3902,#3903,#3904);
#3902 = CARTESIAN_POINT('',(-1.2,-1.21,2.46));
#3903 = DIRECTION('',(-1.,0.,0.));
#3904 = DIRECTION('',(0.,0.,1.));
#3905 = ORIENTED_EDGE('',*,*,#3906,.F.);
#3906 = EDGE_CURVE('',#3818,#3898,#3907,.T.);
#3907 = LINE('',#3908,#3909);
#3908 = CARTESIAN_POINT('',(-1.6,-1.21,2.5));
#3909 = VECTOR('',#3910,1.);
#3910 = DIRECTION('',(1.,0.,0.));
#3911 = ORIENTED_EDGE('',*,*,#3825,.F.);
#3912 = CYLINDRICAL_SURFACE('',#3913,4.E-02);
#3913 = AXIS2_PLACEMENT_3D('',#3914,#3915,#3916);
#3914 = CARTESIAN_POINT('',(-1.6,-1.21,2.46));
#3915 = DIRECTION('',(1.,0.,0.));
#3916 = DIRECTION('',(0.,-1.,0.));
#3917 = ADVANCED_FACE('',(#3918),#3936,.F.);
#3918 = FACE_BOUND('',#3919,.F.);
#3919 = EDGE_LOOP('',(#3920,#3921,#3922,#3930));
#3920 = ORIENTED_EDGE('',*,*,#3783,.F.);
#3921 = ORIENTED_EDGE('',*,*,#3872,.T.);
#3922 = ORIENTED_EDGE('',*,*,#3923,.T.);
#3923 = EDGE_CURVE('',#3873,#3924,#3926,.T.);
#3924 = VERTEX_POINT('',#3925);
#3925 = CARTESIAN_POINT('',(-1.2,1.21,0.));
#3926 = LINE('',#3927,#3928);
#3927 = CARTESIAN_POINT('',(-1.2,-1.25,0.));
#3928 = VECTOR('',#3929,1.);
#3929 = DIRECTION('',(0.,1.,0.));
#3930 = ORIENTED_EDGE('',*,*,#3931,.F.);
#3931 = EDGE_CURVE('',#3784,#3924,#3932,.T.);
#3932 = LINE('',#3933,#3934);
#3933 = CARTESIAN_POINT('',(-1.6,1.21,0.));
#3934 = VECTOR('',#3935,1.);
#3935 = DIRECTION('',(1.,0.,0.));
#3936 = PLANE('',#3937);
#3937 = AXIS2_PLACEMENT_3D('',#3938,#3939,#3940);
#3938 = CARTESIAN_POINT('',(-1.6,-1.25,0.));
#3939 = DIRECTION('',(0.,0.,1.));
#3940 = DIRECTION('',(1.,0.,-0.));
#3941 = ADVANCED_FACE('',(#3942),#3960,.T.);
#3942 = FACE_BOUND('',#3943,.T.);
#3943 = EDGE_LOOP('',(#3944,#3945,#3946,#3954));
#3944 = ORIENTED_EDGE('',*,*,#3817,.F.);
#3945 = ORIENTED_EDGE('',*,*,#3906,.T.);
#3946 = ORIENTED_EDGE('',*,*,#3947,.T.);
#3947 = EDGE_CURVE('',#3898,#3948,#3950,.T.);
#3948 = VERTEX_POINT('',#3949);
#3949 = CARTESIAN_POINT('',(-1.2,1.21,2.5));
#3950 = LINE('',#3951,#3952);
#3951 = CARTESIAN_POINT('',(-1.2,-1.25,2.5));
#3952 = VECTOR('',#3953,1.);
#3953 = DIRECTION('',(0.,1.,0.));
#3954 = ORIENTED_EDGE('',*,*,#3955,.F.);
#3955 = EDGE_CURVE('',#3809,#3948,#3956,.T.);
#3956 = LINE('',#3957,#3958);
#3957 = CARTESIAN_POINT('',(-1.6,1.21,2.5));
#3958 = VECTOR('',#3959,1.);
#3959 = DIRECTION('',(1.,0.,0.));
#3960 = PLANE('',#3961);
#3961 = AXIS2_PLACEMENT_3D('',#3962,#3963,#3964);
#3962 = CARTESIAN_POINT('',(-1.6,-1.25,2.5));
#3963 = DIRECTION('',(0.,0.,1.));
#3964 = DIRECTION('',(1.,0.,-0.));
#3965 = ADVANCED_FACE('',(#3966),#3985,.T.);
#3966 = FACE_BOUND('',#3967,.T.);
#3967 = EDGE_LOOP('',(#3968,#3976,#3983,#3984));
#3968 = ORIENTED_EDGE('',*,*,#3969,.T.);
#3969 = EDGE_CURVE('',#3792,#3970,#3972,.T.);
#3970 = VERTEX_POINT('',#3971);
#3971 = CARTESIAN_POINT('',(-1.2,1.25,4.E-02));
#3972 = LINE('',#3973,#3974);
#3973 = CARTESIAN_POINT('',(-1.6,1.25,4.E-02));
#3974 = VECTOR('',#3975,1.);
#3975 = DIRECTION('',(1.,0.,0.));
#3976 = ORIENTED_EDGE('',*,*,#3977,.T.);
#3977 = EDGE_CURVE('',#3970,#3924,#3978,.T.);
#3978 = CIRCLE('',#3979,4.E-02);
#3979 = AXIS2_PLACEMENT_3D('',#3980,#3981,#3982);
#3980 = CARTESIAN_POINT('',(-1.2,1.21,4.E-02));
#3981 = DIRECTION('',(-1.,0.,0.));
#3982 = DIRECTION('',(0.,0.,1.));
#3983 = ORIENTED_EDGE('',*,*,#3931,.F.);
#3984 = ORIENTED_EDGE('',*,*,#3791,.F.);
#3985 = CYLINDRICAL_SURFACE('',#3986,4.E-02);
#3986 = AXIS2_PLACEMENT_3D('',#3987,#3988,#3989);
#3987 = CARTESIAN_POINT('',(-1.6,1.21,4.E-02));
#3988 = DIRECTION('',(1.,0.,0.));
#3989 = DIRECTION('',(-0.,1.,0.));
#3990 = ADVANCED_FACE('',(#3991),#4010,.T.);
#3991 = FACE_BOUND('',#3992,.T.);
#3992 = EDGE_LOOP('',(#3993,#3994,#3995,#4004));
#3993 = ORIENTED_EDGE('',*,*,#3808,.T.);
#3994 = ORIENTED_EDGE('',*,*,#3955,.T.);
#3995 = ORIENTED_EDGE('',*,*,#3996,.F.);
#3996 = EDGE_CURVE('',#3997,#3948,#3999,.T.);
#3997 = VERTEX_POINT('',#3998);
#3998 = CARTESIAN_POINT('',(-1.2,1.25,2.46));
#3999 = CIRCLE('',#4000,4.E-02);
#4000 = AXIS2_PLACEMENT_3D('',#4001,#4002,#4003);
#4001 = CARTESIAN_POINT('',(-1.2,1.21,2.46));
#4002 = DIRECTION('',(1.,0.,-0.));
#4003 = DIRECTION('',(0.,0.,1.));
#4004 = ORIENTED_EDGE('',*,*,#4005,.F.);
#4005 = EDGE_CURVE('',#3801,#3997,#4006,.T.);
#4006 = LINE('',#4007,#4008);
#4007 = CARTESIAN_POINT('',(-1.6,1.25,2.46));
#4008 = VECTOR('',#4009,1.);
#4009 = DIRECTION('',(1.,0.,0.));
#4010 = CYLINDRICAL_SURFACE('',#4011,4.E-02);
#4011 = AXIS2_PLACEMENT_3D('',#4012,#4013,#4014);
#4012 = CARTESIAN_POINT('',(-1.6,1.21,2.46));
#4013 = DIRECTION('',(1.,0.,0.));
#4014 = DIRECTION('',(-0.,1.,0.));
#4015 = ADVANCED_FACE('',(#4016),#4027,.T.);
#4016 = FACE_BOUND('',#4017,.T.);
#4017 = EDGE_LOOP('',(#4018,#4024,#4025,#4026));
#4018 = ORIENTED_EDGE('',*,*,#4019,.F.);
#4019 = EDGE_CURVE('',#3970,#3997,#4020,.T.);
#4020 = LINE('',#4021,#4022);
#4021 = CARTESIAN_POINT('',(-1.2,1.25,0.));
#4022 = VECTOR('',#4023,1.);
#4023 = DIRECTION('',(0.,0.,1.));
#4024 = ORIENTED_EDGE('',*,*,#3969,.F.);
#4025 = ORIENTED_EDGE('',*,*,#3800,.T.);
#4026 = ORIENTED_EDGE('',*,*,#4005,.T.);
#4027 = PLANE('',#4028);
#4028 = AXIS2_PLACEMENT_3D('',#4029,#4030,#4031);
#4029 = CARTESIAN_POINT('',(-1.6,1.25,0.));
#4030 = DIRECTION('',(0.,1.,0.));
#4031 = DIRECTION('',(0.,-0.,1.));
#4032 = ADVANCED_FACE('',(#4033,#4043),#4113,.T.);
#4033 = FACE_BOUND('',#4034,.T.);
#4034 = EDGE_LOOP('',(#4035,#4036,#4037,#4038,#4039,#4040,#4041,#4042));
#4035 = ORIENTED_EDGE('',*,*,#3840,.F.);
#4036 = ORIENTED_EDGE('',*,*,#3880,.T.);
#4037 = ORIENTED_EDGE('',*,*,#3923,.T.);
#4038 = ORIENTED_EDGE('',*,*,#3977,.F.);
#4039 = ORIENTED_EDGE('',*,*,#4019,.T.);
#4040 = ORIENTED_EDGE('',*,*,#3996,.T.);
#4041 = ORIENTED_EDGE('',*,*,#3947,.F.);
#4042 = ORIENTED_EDGE('',*,*,#3897,.F.);
#4043 = FACE_BOUND('',#4044,.T.);
#4044 = EDGE_LOOP('',(#4045,#4056,#4064,#4073,#4081,#4090,#4098,#4107));
#4045 = ORIENTED_EDGE('',*,*,#4046,.F.);
#4046 = EDGE_CURVE('',#4047,#4049,#4051,.T.);
#4047 = VERTEX_POINT('',#4048);
#4048 = CARTESIAN_POINT('',(-1.2,-1.21,8.E-02));
#4049 = VERTEX_POINT('',#4050);
#4050 = CARTESIAN_POINT('',(-1.2,-1.17,4.E-02));
#4051 = CIRCLE('',#4052,4.E-02);
#4052 = AXIS2_PLACEMENT_3D('',#4053,#4054,#4055);
#4053 = CARTESIAN_POINT('',(-1.2,-1.17,8.E-02));
#4054 = DIRECTION('',(1.,0.,-0.));
#4055 = DIRECTION('',(0.,0.,1.));
#4056 = ORIENTED_EDGE('',*,*,#4057,.T.);
#4057 = EDGE_CURVE('',#4047,#4058,#4060,.T.);
#4058 = VERTEX_POINT('',#4059);
#4059 = CARTESIAN_POINT('',(-1.2,-1.21,2.42));
#4060 = LINE('',#4061,#4062);
#4061 = CARTESIAN_POINT('',(-1.2,-1.21,4.E-02));
#4062 = VECTOR('',#4063,1.);
#4063 = DIRECTION('',(0.,0.,1.));
#4064 = ORIENTED_EDGE('',*,*,#4065,.T.);
#4065 = EDGE_CURVE('',#4058,#4066,#4068,.T.);
#4066 = VERTEX_POINT('',#4067);
#4067 = CARTESIAN_POINT('',(-1.2,-1.17,2.46));
#4068 = CIRCLE('',#4069,4.E-02);
#4069 = AXIS2_PLACEMENT_3D('',#4070,#4071,#4072);
#4070 = CARTESIAN_POINT('',(-1.2,-1.17,2.42));
#4071 = DIRECTION('',(-1.,0.,0.));
#4072 = DIRECTION('',(0.,0.,1.));
#4073 = ORIENTED_EDGE('',*,*,#4074,.T.);
#4074 = EDGE_CURVE('',#4066,#4075,#4077,.T.);
#4075 = VERTEX_POINT('',#4076);
#4076 = CARTESIAN_POINT('',(-1.2,1.17,2.46));
#4077 = LINE('',#4078,#4079);
#4078 = CARTESIAN_POINT('',(-1.2,-1.21,2.46));
#4079 = VECTOR('',#4080,1.);
#4080 = DIRECTION('',(0.,1.,0.));
#4081 = ORIENTED_EDGE('',*,*,#4082,.F.);
#4082 = EDGE_CURVE('',#4083,#4075,#4085,.T.);
#4083 = VERTEX_POINT('',#4084);
#4084 = CARTESIAN_POINT('',(-1.2,1.21,2.42));
#4085 = CIRCLE('',#4086,4.E-02);
#4086 = AXIS2_PLACEMENT_3D('',#4087,#4088,#4089);
#4087 = CARTESIAN_POINT('',(-1.2,1.17,2.42));
#4088 = DIRECTION('',(1.,0.,-0.));
#4089 = DIRECTION('',(0.,0.,1.));
#4090 = ORIENTED_EDGE('',*,*,#4091,.F.);
#4091 = EDGE_CURVE('',#4092,#4083,#4094,.T.);
#4092 = VERTEX_POINT('',#4093);
#4093 = CARTESIAN_POINT('',(-1.2,1.21,8.E-02));
#4094 = LINE('',#4095,#4096);
#4095 = CARTESIAN_POINT('',(-1.2,1.21,4.E-02));
#4096 = VECTOR('',#4097,1.);
#4097 = DIRECTION('',(0.,0.,1.));
#4098 = ORIENTED_EDGE('',*,*,#4099,.T.);
#4099 = EDGE_CURVE('',#4092,#4100,#4102,.T.);
#4100 = VERTEX_POINT('',#4101);
#4101 = CARTESIAN_POINT('',(-1.2,1.17,4.E-02));
#4102 = CIRCLE('',#4103,4.E-02);
#4103 = AXIS2_PLACEMENT_3D('',#4104,#4105,#4106);
#4104 = CARTESIAN_POINT('',(-1.2,1.17,8.E-02));
#4105 = DIRECTION('',(-1.,0.,0.));
#4106 = DIRECTION('',(0.,0.,1.));
#4107 = ORIENTED_EDGE('',*,*,#4108,.F.);
#4108 = EDGE_CURVE('',#4049,#4100,#4109,.T.);
#4109 = LINE('',#4110,#4111);
#4110 = CARTESIAN_POINT('',(-1.2,-1.21,4.E-02));
#4111 = VECTOR('',#4112,1.);
#4112 = DIRECTION('',(0.,1.,0.));
#4113 = PLANE('',#4114);
#4114 = AXIS2_PLACEMENT_3D('',#4115,#4116,#4117);
#4115 = CARTESIAN_POINT('',(-1.2,-1.25,0.));
#4116 = DIRECTION('',(1.,0.,0.));
#4117 = DIRECTION('',(0.,0.,1.));
#4118 = ADVANCED_FACE('',(#4119),#4145,.T.);
#4119 = FACE_BOUND('',#4120,.T.);
#4120 = EDGE_LOOP('',(#4121,#4122,#4130,#4139));
#4121 = ORIENTED_EDGE('',*,*,#4046,.T.);
#4122 = ORIENTED_EDGE('',*,*,#4123,.T.);
#4123 = EDGE_CURVE('',#4049,#4124,#4126,.T.);
#4124 = VERTEX_POINT('',#4125);
#4125 = CARTESIAN_POINT('',(1.2,-1.17,4.E-02));
#4126 = LINE('',#4127,#4128);
#4127 = CARTESIAN_POINT('',(-1.2,-1.17,4.E-02));
#4128 = VECTOR('',#4129,1.);
#4129 = DIRECTION('',(1.,0.,0.));
#4130 = ORIENTED_EDGE('',*,*,#4131,.F.);
#4131 = EDGE_CURVE('',#4132,#4124,#4134,.T.);
#4132 = VERTEX_POINT('',#4133);
#4133 = CARTESIAN_POINT('',(1.2,-1.21,8.E-02));
#4134 = CIRCLE('',#4135,4.E-02);
#4135 = AXIS2_PLACEMENT_3D('',#4136,#4137,#4138);
#4136 = CARTESIAN_POINT('',(1.2,-1.17,8.E-02));
#4137 = DIRECTION('',(1.,0.,-0.));
#4138 = DIRECTION('',(0.,0.,1.));
#4139 = ORIENTED_EDGE('',*,*,#4140,.F.);
#4140 = EDGE_CURVE('',#4047,#4132,#4141,.T.);
#4141 = LINE('',#4142,#4143);
#4142 = CARTESIAN_POINT('',(-1.2,-1.21,8.E-02));
#4143 = VECTOR('',#4144,1.);
#4144 = DIRECTION('',(1.,0.,0.));
#4145 = CYLINDRICAL_SURFACE('',#4146,4.E-02);
#4146 = AXIS2_PLACEMENT_3D('',#4147,#4148,#4149);
#4147 = CARTESIAN_POINT('',(-1.2,-1.17,8.E-02));
#4148 = DIRECTION('',(1.,0.,0.));
#4149 = DIRECTION('',(0.,-1.,0.));
#4150 = ADVANCED_FACE('',(#4151),#4169,.F.);
#4151 = FACE_BOUND('',#4152,.F.);
#4152 = EDGE_LOOP('',(#4153,#4154,#4155,#4163));
#4153 = ORIENTED_EDGE('',*,*,#4108,.F.);
#4154 = ORIENTED_EDGE('',*,*,#4123,.T.);
#4155 = ORIENTED_EDGE('',*,*,#4156,.T.);
#4156 = EDGE_CURVE('',#4124,#4157,#4159,.T.);
#4157 = VERTEX_POINT('',#4158);
#4158 = CARTESIAN_POINT('',(1.2,1.17,4.E-02));
#4159 = LINE('',#4160,#4161);
#4160 = CARTESIAN_POINT('',(1.2,-1.21,4.E-02));
#4161 = VECTOR('',#4162,1.);
#4162 = DIRECTION('',(0.,1.,0.));
#4163 = ORIENTED_EDGE('',*,*,#4164,.F.);
#4164 = EDGE_CURVE('',#4100,#4157,#4165,.T.);
#4165 = LINE('',#4166,#4167);
#4166 = CARTESIAN_POINT('',(-1.2,1.17,4.E-02));
#4167 = VECTOR('',#4168,1.);
#4168 = DIRECTION('',(1.,0.,0.));
#4169 = PLANE('',#4170);
#4170 = AXIS2_PLACEMENT_3D('',#4171,#4172,#4173);
#4171 = CARTESIAN_POINT('',(-1.2,-1.21,4.E-02));
#4172 = DIRECTION('',(0.,0.,1.));
#4173 = DIRECTION('',(1.,0.,-0.));
#4174 = ADVANCED_FACE('',(#4175),#4194,.T.);
#4175 = FACE_BOUND('',#4176,.T.);
#4176 = EDGE_LOOP('',(#4177,#4185,#4192,#4193));
#4177 = ORIENTED_EDGE('',*,*,#4178,.T.);
#4178 = EDGE_CURVE('',#4092,#4179,#4181,.T.);
#4179 = VERTEX_POINT('',#4180);
#4180 = CARTESIAN_POINT('',(1.2,1.21,8.E-02));
#4181 = LINE('',#4182,#4183);
#4182 = CARTESIAN_POINT('',(-1.2,1.21,8.E-02));
#4183 = VECTOR('',#4184,1.);
#4184 = DIRECTION('',(1.,0.,0.));
#4185 = ORIENTED_EDGE('',*,*,#4186,.T.);
#4186 = EDGE_CURVE('',#4179,#4157,#4187,.T.);
#4187 = CIRCLE('',#4188,4.E-02);
#4188 = AXIS2_PLACEMENT_3D('',#4189,#4190,#4191);
#4189 = CARTESIAN_POINT('',(1.2,1.17,8.E-02));
#4190 = DIRECTION('',(-1.,0.,0.));
#4191 = DIRECTION('',(0.,0.,1.));
#4192 = ORIENTED_EDGE('',*,*,#4164,.F.);
#4193 = ORIENTED_EDGE('',*,*,#4099,.F.);
#4194 = CYLINDRICAL_SURFACE('',#4195,4.E-02);
#4195 = AXIS2_PLACEMENT_3D('',#4196,#4197,#4198);
#4196 = CARTESIAN_POINT('',(-1.2,1.17,8.E-02));
#4197 = DIRECTION('',(1.,0.,0.));
#4198 = DIRECTION('',(-0.,1.,0.));
#4199 = ADVANCED_FACE('',(#4200),#4218,.T.);
#4200 = FACE_BOUND('',#4201,.T.);
#4201 = EDGE_LOOP('',(#4202,#4210,#4211,#4212));
#4202 = ORIENTED_EDGE('',*,*,#4203,.F.);
#4203 = EDGE_CURVE('',#4179,#4204,#4206,.T.);
#4204 = VERTEX_POINT('',#4205);
#4205 = CARTESIAN_POINT('',(1.2,1.21,2.42));
#4206 = LINE('',#4207,#4208);
#4207 = CARTESIAN_POINT('',(1.2,1.21,4.E-02));
#4208 = VECTOR('',#4209,1.);
#4209 = DIRECTION('',(0.,0.,1.));
#4210 = ORIENTED_EDGE('',*,*,#4178,.F.);
#4211 = ORIENTED_EDGE('',*,*,#4091,.T.);
#4212 = ORIENTED_EDGE('',*,*,#4213,.T.);
#4213 = EDGE_CURVE('',#4083,#4204,#4214,.T.);
#4214 = LINE('',#4215,#4216);
#4215 = CARTESIAN_POINT('',(-1.2,1.21,2.42));
#4216 = VECTOR('',#4217,1.);
#4217 = DIRECTION('',(1.,0.,0.));
#4218 = PLANE('',#4219);
#4219 = AXIS2_PLACEMENT_3D('',#4220,#4221,#4222);
#4220 = CARTESIAN_POINT('',(-1.2,1.21,4.E-02));
#4221 = DIRECTION('',(0.,1.,0.));
#4222 = DIRECTION('',(0.,-0.,1.));
#4223 = ADVANCED_FACE('',(#4224),#4243,.T.);
#4224 = FACE_BOUND('',#4225,.T.);
#4225 = EDGE_LOOP('',(#4226,#4227,#4235,#4242));
#4226 = ORIENTED_EDGE('',*,*,#4082,.T.);
#4227 = ORIENTED_EDGE('',*,*,#4228,.T.);
#4228 = EDGE_CURVE('',#4075,#4229,#4231,.T.);
#4229 = VERTEX_POINT('',#4230);
#4230 = CARTESIAN_POINT('',(1.2,1.17,2.46));
#4231 = LINE('',#4232,#4233);
#4232 = CARTESIAN_POINT('',(-1.2,1.17,2.46));
#4233 = VECTOR('',#4234,1.);
#4234 = DIRECTION('',(1.,0.,0.));
#4235 = ORIENTED_EDGE('',*,*,#4236,.F.);
#4236 = EDGE_CURVE('',#4204,#4229,#4237,.T.);
#4237 = CIRCLE('',#4238,4.E-02);
#4238 = AXIS2_PLACEMENT_3D('',#4239,#4240,#4241);
#4239 = CARTESIAN_POINT('',(1.2,1.17,2.42));
#4240 = DIRECTION('',(1.,0.,-0.));
#4241 = DIRECTION('',(0.,0.,1.));
#4242 = ORIENTED_EDGE('',*,*,#4213,.F.);
#4243 = CYLINDRICAL_SURFACE('',#4244,4.E-02);
#4244 = AXIS2_PLACEMENT_3D('',#4245,#4246,#4247);
#4245 = CARTESIAN_POINT('',(-1.2,1.17,2.42));
#4246 = DIRECTION('',(1.,0.,0.));
#4247 = DIRECTION('',(-0.,1.,0.));
#4248 = ADVANCED_FACE('',(#4249),#4267,.T.);
#4249 = FACE_BOUND('',#4250,.T.);
#4250 = EDGE_LOOP('',(#4251,#4252,#4260,#4266));
#4251 = ORIENTED_EDGE('',*,*,#4074,.F.);
#4252 = ORIENTED_EDGE('',*,*,#4253,.T.);
#4253 = EDGE_CURVE('',#4066,#4254,#4256,.T.);
#4254 = VERTEX_POINT('',#4255);
#4255 = CARTESIAN_POINT('',(1.2,-1.17,2.46));
#4256 = LINE('',#4257,#4258);
#4257 = CARTESIAN_POINT('',(-1.2,-1.17,2.46));
#4258 = VECTOR('',#4259,1.);
#4259 = DIRECTION('',(1.,0.,0.));
#4260 = ORIENTED_EDGE('',*,*,#4261,.T.);
#4261 = EDGE_CURVE('',#4254,#4229,#4262,.T.);
#4262 = LINE('',#4263,#4264);
#4263 = CARTESIAN_POINT('',(1.2,-1.21,2.46));
#4264 = VECTOR('',#4265,1.);
#4265 = DIRECTION('',(0.,1.,0.));
#4266 = ORIENTED_EDGE('',*,*,#4228,.F.);
#4267 = PLANE('',#4268);
#4268 = AXIS2_PLACEMENT_3D('',#4269,#4270,#4271);
#4269 = CARTESIAN_POINT('',(-1.2,-1.21,2.46));
#4270 = DIRECTION('',(0.,0.,1.));
#4271 = DIRECTION('',(1.,0.,-0.));
#4272 = ADVANCED_FACE('',(#4273),#4292,.T.);
#4273 = FACE_BOUND('',#4274,.T.);
#4274 = EDGE_LOOP('',(#4275,#4283,#4290,#4291));
#4275 = ORIENTED_EDGE('',*,*,#4276,.T.);
#4276 = EDGE_CURVE('',#4058,#4277,#4279,.T.);
#4277 = VERTEX_POINT('',#4278);
#4278 = CARTESIAN_POINT('',(1.2,-1.21,2.42));
#4279 = LINE('',#4280,#4281);
#4280 = CARTESIAN_POINT('',(-1.2,-1.21,2.42));
#4281 = VECTOR('',#4282,1.);
#4282 = DIRECTION('',(1.,0.,0.));
#4283 = ORIENTED_EDGE('',*,*,#4284,.T.);
#4284 = EDGE_CURVE('',#4277,#4254,#4285,.T.);
#4285 = CIRCLE('',#4286,4.E-02);
#4286 = AXIS2_PLACEMENT_3D('',#4287,#4288,#4289);
#4287 = CARTESIAN_POINT('',(1.2,-1.17,2.42));
#4288 = DIRECTION('',(-1.,0.,0.));
#4289 = DIRECTION('',(0.,0.,1.));
#4290 = ORIENTED_EDGE('',*,*,#4253,.F.);
#4291 = ORIENTED_EDGE('',*,*,#4065,.F.);
#4292 = CYLINDRICAL_SURFACE('',#4293,4.E-02);
#4293 = AXIS2_PLACEMENT_3D('',#4294,#4295,#4296);
#4294 = CARTESIAN_POINT('',(-1.2,-1.17,2.42));
#4295 = DIRECTION('',(1.,0.,0.));
#4296 = DIRECTION('',(0.,-1.,0.));
#4297 = ADVANCED_FACE('',(#4298),#4309,.F.);
#4298 = FACE_BOUND('',#4299,.F.);
#4299 = EDGE_LOOP('',(#4300,#4306,#4307,#4308));
#4300 = ORIENTED_EDGE('',*,*,#4301,.F.);
#4301 = EDGE_CURVE('',#4132,#4277,#4302,.T.);
#4302 = LINE('',#4303,#4304);
#4303 = CARTESIAN_POINT('',(1.2,-1.21,4.E-02));
#4304 = VECTOR('',#4305,1.);
#4305 = DIRECTION('',(0.,0.,1.));
#4306 = ORIENTED_EDGE('',*,*,#4140,.F.);
#4307 = ORIENTED_EDGE('',*,*,#4057,.T.);
#4308 = ORIENTED_EDGE('',*,*,#4276,.T.);
#4309 = PLANE('',#4310);
#4310 = AXIS2_PLACEMENT_3D('',#4311,#4312,#4313);
#4311 = CARTESIAN_POINT('',(-1.2,-1.21,4.E-02));
#4312 = DIRECTION('',(0.,1.,0.));
#4313 = DIRECTION('',(0.,-0.,1.));
#4314 = ADVANCED_FACE('',(#4315,#4385),#4395,.F.);
#4315 = FACE_BOUND('',#4316,.F.);
#4316 = EDGE_LOOP('',(#4317,#4327,#4336,#4344,#4353,#4361,#4370,#4378));
#4317 = ORIENTED_EDGE('',*,*,#4318,.F.);
#4318 = EDGE_CURVE('',#4319,#4321,#4323,.T.);
#4319 = VERTEX_POINT('',#4320);
#4320 = CARTESIAN_POINT('',(1.2,-1.25,4.E-02));
#4321 = VERTEX_POINT('',#4322);
#4322 = CARTESIAN_POINT('',(1.2,-1.25,2.46));
#4323 = LINE('',#4324,#4325);
#4324 = CARTESIAN_POINT('',(1.2,-1.25,0.));
#4325 = VECTOR('',#4326,1.);
#4326 = DIRECTION('',(0.,0.,1.));
#4327 = ORIENTED_EDGE('',*,*,#4328,.T.);
#4328 = EDGE_CURVE('',#4319,#4329,#4331,.T.);
#4329 = VERTEX_POINT('',#4330);
#4330 = CARTESIAN_POINT('',(1.2,-1.21,0.));
#4331 = CIRCLE('',#4332,4.E-02);
#4332 = AXIS2_PLACEMENT_3D('',#4333,#4334,#4335);
#4333 = CARTESIAN_POINT('',(1.2,-1.21,4.E-02));
#4334 = DIRECTION('',(1.,0.,-0.));
#4335 = DIRECTION('',(0.,0.,1.));
#4336 = ORIENTED_EDGE('',*,*,#4337,.T.);
#4337 = EDGE_CURVE('',#4329,#4338,#4340,.T.);
#4338 = VERTEX_POINT('',#4339);
#4339 = CARTESIAN_POINT('',(1.2,1.21,0.));
#4340 = LINE('',#4341,#4342);
#4341 = CARTESIAN_POINT('',(1.2,-1.25,0.));
#4342 = VECTOR('',#4343,1.);
#4343 = DIRECTION('',(0.,1.,0.));
#4344 = ORIENTED_EDGE('',*,*,#4345,.F.);
#4345 = EDGE_CURVE('',#4346,#4338,#4348,.T.);
#4346 = VERTEX_POINT('',#4347);
#4347 = CARTESIAN_POINT('',(1.2,1.25,4.E-02));
#4348 = CIRCLE('',#4349,4.E-02);
#4349 = AXIS2_PLACEMENT_3D('',#4350,#4351,#4352);
#4350 = CARTESIAN_POINT('',(1.2,1.21,4.E-02));
#4351 = DIRECTION('',(-1.,0.,0.));
#4352 = DIRECTION('',(0.,0.,1.));
#4353 = ORIENTED_EDGE('',*,*,#4354,.T.);
#4354 = EDGE_CURVE('',#4346,#4355,#4357,.T.);
#4355 = VERTEX_POINT('',#4356);
#4356 = CARTESIAN_POINT('',(1.2,1.25,2.46));
#4357 = LINE('',#4358,#4359);
#4358 = CARTESIAN_POINT('',(1.2,1.25,0.));
#4359 = VECTOR('',#4360,1.);
#4360 = DIRECTION('',(0.,0.,1.));
#4361 = ORIENTED_EDGE('',*,*,#4362,.T.);
#4362 = EDGE_CURVE('',#4355,#4363,#4365,.T.);
#4363 = VERTEX_POINT('',#4364);
#4364 = CARTESIAN_POINT('',(1.2,1.21,2.5));
#4365 = CIRCLE('',#4366,4.E-02);
#4366 = AXIS2_PLACEMENT_3D('',#4367,#4368,#4369);
#4367 = CARTESIAN_POINT('',(1.2,1.21,2.46));
#4368 = DIRECTION('',(1.,0.,-0.));
#4369 = DIRECTION('',(0.,0.,1.));
#4370 = ORIENTED_EDGE('',*,*,#4371,.F.);
#4371 = EDGE_CURVE('',#4372,#4363,#4374,.T.);
#4372 = VERTEX_POINT('',#4373);
#4373 = CARTESIAN_POINT('',(1.2,-1.21,2.5));
#4374 = LINE('',#4375,#4376);
#4375 = CARTESIAN_POINT('',(1.2,-1.25,2.5));
#4376 = VECTOR('',#4377,1.);
#4377 = DIRECTION('',(0.,1.,0.));
#4378 = ORIENTED_EDGE('',*,*,#4379,.F.);
#4379 = EDGE_CURVE('',#4321,#4372,#4380,.T.);
#4380 = CIRCLE('',#4381,4.E-02);
#4381 = AXIS2_PLACEMENT_3D('',#4382,#4383,#4384);
#4382 = CARTESIAN_POINT('',(1.2,-1.21,2.46));
#4383 = DIRECTION('',(-1.,0.,0.));
#4384 = DIRECTION('',(0.,0.,1.));
#4385 = FACE_BOUND('',#4386,.F.);
#4386 = EDGE_LOOP('',(#4387,#4388,#4389,#4390,#4391,#4392,#4393,#4394));
#4387 = ORIENTED_EDGE('',*,*,#4131,.F.);
#4388 = ORIENTED_EDGE('',*,*,#4301,.T.);
#4389 = ORIENTED_EDGE('',*,*,#4284,.T.);
#4390 = ORIENTED_EDGE('',*,*,#4261,.T.);
#4391 = ORIENTED_EDGE('',*,*,#4236,.F.);
#4392 = ORIENTED_EDGE('',*,*,#4203,.F.);
#4393 = ORIENTED_EDGE('',*,*,#4186,.T.);
#4394 = ORIENTED_EDGE('',*,*,#4156,.F.);
#4395 = PLANE('',#4396);
#4396 = AXIS2_PLACEMENT_3D('',#4397,#4398,#4399);
#4397 = CARTESIAN_POINT('',(1.2,-1.25,0.));
#4398 = DIRECTION('',(1.,0.,0.));
#4399 = DIRECTION('',(0.,0.,1.));
#4400 = ADVANCED_FACE('',(#4401),#4426,.F.);
#4401 = FACE_BOUND('',#4402,.F.);
#4402 = EDGE_LOOP('',(#4403,#4413,#4419,#4420));
#4403 = ORIENTED_EDGE('',*,*,#4404,.F.);
#4404 = EDGE_CURVE('',#4405,#4407,#4409,.T.);
#4405 = VERTEX_POINT('',#4406);
#4406 = CARTESIAN_POINT('',(1.6,-1.25,4.E-02));
#4407 = VERTEX_POINT('',#4408);
#4408 = CARTESIAN_POINT('',(1.6,-1.25,2.46));
#4409 = LINE('',#4410,#4411);
#4410 = CARTESIAN_POINT('',(1.6,-1.25,0.));
#4411 = VECTOR('',#4412,1.);
#4412 = DIRECTION('',(0.,0.,1.));
#4413 = ORIENTED_EDGE('',*,*,#4414,.F.);
#4414 = EDGE_CURVE('',#4319,#4405,#4415,.T.);
#4415 = LINE('',#4416,#4417);
#4416 = CARTESIAN_POINT('',(1.2,-1.25,4.E-02));
#4417 = VECTOR('',#4418,1.);
#4418 = DIRECTION('',(1.,0.,0.));
#4419 = ORIENTED_EDGE('',*,*,#4318,.T.);
#4420 = ORIENTED_EDGE('',*,*,#4421,.T.);
#4421 = EDGE_CURVE('',#4321,#4407,#4422,.T.);
#4422 = LINE('',#4423,#4424);
#4423 = CARTESIAN_POINT('',(1.2,-1.25,2.46));
#4424 = VECTOR('',#4425,1.);
#4425 = DIRECTION('',(1.,0.,0.));
#4426 = PLANE('',#4427);
#4427 = AXIS2_PLACEMENT_3D('',#4428,#4429,#4430);
#4428 = CARTESIAN_POINT('',(1.2,-1.25,0.));
#4429 = DIRECTION('',(0.,1.,0.));
#4430 = DIRECTION('',(0.,-0.,1.));
#4431 = ADVANCED_FACE('',(#4432),#4451,.T.);
#4432 = FACE_BOUND('',#4433,.T.);
#4433 = EDGE_LOOP('',(#4434,#4435,#4443,#4450));
#4434 = ORIENTED_EDGE('',*,*,#4328,.T.);
#4435 = ORIENTED_EDGE('',*,*,#4436,.T.);
#4436 = EDGE_CURVE('',#4329,#4437,#4439,.T.);
#4437 = VERTEX_POINT('',#4438);
#4438 = CARTESIAN_POINT('',(1.6,-1.21,0.));
#4439 = LINE('',#4440,#4441);
#4440 = CARTESIAN_POINT('',(1.2,-1.21,0.));
#4441 = VECTOR('',#4442,1.);
#4442 = DIRECTION('',(1.,0.,0.));
#4443 = ORIENTED_EDGE('',*,*,#4444,.F.);
#4444 = EDGE_CURVE('',#4405,#4437,#4445,.T.);
#4445 = CIRCLE('',#4446,4.E-02);
#4446 = AXIS2_PLACEMENT_3D('',#4447,#4448,#4449);
#4447 = CARTESIAN_POINT('',(1.6,-1.21,4.E-02));
#4448 = DIRECTION('',(1.,0.,-0.));
#4449 = DIRECTION('',(0.,0.,1.));
#4450 = ORIENTED_EDGE('',*,*,#4414,.F.);
#4451 = CYLINDRICAL_SURFACE('',#4452,4.E-02);
#4452 = AXIS2_PLACEMENT_3D('',#4453,#4454,#4455);
#4453 = CARTESIAN_POINT('',(1.2,-1.21,4.E-02));
#4454 = DIRECTION('',(1.,0.,0.));
#4455 = DIRECTION('',(0.,-1.,0.));
#4456 = ADVANCED_FACE('',(#4457),#4476,.T.);
#4457 = FACE_BOUND('',#4458,.T.);
#4458 = EDGE_LOOP('',(#4459,#4460,#4469,#4475));
#4459 = ORIENTED_EDGE('',*,*,#4421,.T.);
#4460 = ORIENTED_EDGE('',*,*,#4461,.T.);
#4461 = EDGE_CURVE('',#4407,#4462,#4464,.T.);
#4462 = VERTEX_POINT('',#4463);
#4463 = CARTESIAN_POINT('',(1.6,-1.21,2.5));
#4464 = CIRCLE('',#4465,4.E-02);
#4465 = AXIS2_PLACEMENT_3D('',#4466,#4467,#4468);
#4466 = CARTESIAN_POINT('',(1.6,-1.21,2.46));
#4467 = DIRECTION('',(-1.,0.,0.));
#4468 = DIRECTION('',(0.,0.,1.));
#4469 = ORIENTED_EDGE('',*,*,#4470,.F.);
#4470 = EDGE_CURVE('',#4372,#4462,#4471,.T.);
#4471 = LINE('',#4472,#4473);
#4472 = CARTESIAN_POINT('',(1.2,-1.21,2.5));
#4473 = VECTOR('',#4474,1.);
#4474 = DIRECTION('',(1.,0.,0.));
#4475 = ORIENTED_EDGE('',*,*,#4379,.F.);
#4476 = CYLINDRICAL_SURFACE('',#4477,4.E-02);
#4477 = AXIS2_PLACEMENT_3D('',#4478,#4479,#4480);
#4478 = CARTESIAN_POINT('',(1.2,-1.21,2.46));
#4479 = DIRECTION('',(1.,0.,0.));
#4480 = DIRECTION('',(0.,-1.,0.));
#4481 = ADVANCED_FACE('',(#4482),#4500,.F.);
#4482 = FACE_BOUND('',#4483,.F.);
#4483 = EDGE_LOOP('',(#4484,#4485,#4486,#4494));
#4484 = ORIENTED_EDGE('',*,*,#4337,.F.);
#4485 = ORIENTED_EDGE('',*,*,#4436,.T.);
#4486 = ORIENTED_EDGE('',*,*,#4487,.T.);
#4487 = EDGE_CURVE('',#4437,#4488,#4490,.T.);
#4488 = VERTEX_POINT('',#4489);
#4489 = CARTESIAN_POINT('',(1.6,1.21,0.));
#4490 = LINE('',#4491,#4492);
#4491 = CARTESIAN_POINT('',(1.6,-1.25,0.));
#4492 = VECTOR('',#4493,1.);
#4493 = DIRECTION('',(0.,1.,0.));
#4494 = ORIENTED_EDGE('',*,*,#4495,.F.);
#4495 = EDGE_CURVE('',#4338,#4488,#4496,.T.);
#4496 = LINE('',#4497,#4498);
#4497 = CARTESIAN_POINT('',(1.2,1.21,0.));
#4498 = VECTOR('',#4499,1.);
#4499 = DIRECTION('',(1.,0.,0.));
#4500 = PLANE('',#4501);
#4501 = AXIS2_PLACEMENT_3D('',#4502,#4503,#4504);
#4502 = CARTESIAN_POINT('',(1.2,-1.25,0.));
#4503 = DIRECTION('',(0.,0.,1.));
#4504 = DIRECTION('',(1.,0.,-0.));
#4505 = ADVANCED_FACE('',(#4506),#4524,.T.);
#4506 = FACE_BOUND('',#4507,.T.);
#4507 = EDGE_LOOP('',(#4508,#4509,#4510,#4518));
#4508 = ORIENTED_EDGE('',*,*,#4371,.F.);
#4509 = ORIENTED_EDGE('',*,*,#4470,.T.);
#4510 = ORIENTED_EDGE('',*,*,#4511,.T.);
#4511 = EDGE_CURVE('',#4462,#4512,#4514,.T.);
#4512 = VERTEX_POINT('',#4513);
#4513 = CARTESIAN_POINT('',(1.6,1.21,2.5));
#4514 = LINE('',#4515,#4516);
#4515 = CARTESIAN_POINT('',(1.6,-1.25,2.5));
#4516 = VECTOR('',#4517,1.);
#4517 = DIRECTION('',(0.,1.,0.));
#4518 = ORIENTED_EDGE('',*,*,#4519,.F.);
#4519 = EDGE_CURVE('',#4363,#4512,#4520,.T.);
#4520 = LINE('',#4521,#4522);
#4521 = CARTESIAN_POINT('',(1.2,1.21,2.5));
#4522 = VECTOR('',#4523,1.);
#4523 = DIRECTION('',(1.,0.,0.));
#4524 = PLANE('',#4525);
#4525 = AXIS2_PLACEMENT_3D('',#4526,#4527,#4528);
#4526 = CARTESIAN_POINT('',(1.2,-1.25,2.5));
#4527 = DIRECTION('',(0.,0.,1.));
#4528 = DIRECTION('',(1.,0.,-0.));
#4529 = ADVANCED_FACE('',(#4530),#4549,.T.);
#4530 = FACE_BOUND('',#4531,.T.);
#4531 = EDGE_LOOP('',(#4532,#4540,#4547,#4548));
#4532 = ORIENTED_EDGE('',*,*,#4533,.T.);
#4533 = EDGE_CURVE('',#4346,#4534,#4536,.T.);
#4534 = VERTEX_POINT('',#4535);
#4535 = CARTESIAN_POINT('',(1.6,1.25,4.E-02));
#4536 = LINE('',#4537,#4538);
#4537 = CARTESIAN_POINT('',(1.2,1.25,4.E-02));
#4538 = VECTOR('',#4539,1.);
#4539 = DIRECTION('',(1.,0.,0.));
#4540 = ORIENTED_EDGE('',*,*,#4541,.T.);
#4541 = EDGE_CURVE('',#4534,#4488,#4542,.T.);
#4542 = CIRCLE('',#4543,4.E-02);
#4543 = AXIS2_PLACEMENT_3D('',#4544,#4545,#4546);
#4544 = CARTESIAN_POINT('',(1.6,1.21,4.E-02));
#4545 = DIRECTION('',(-1.,0.,0.));
#4546 = DIRECTION('',(0.,0.,1.));
#4547 = ORIENTED_EDGE('',*,*,#4495,.F.);
#4548 = ORIENTED_EDGE('',*,*,#4345,.F.);
#4549 = CYLINDRICAL_SURFACE('',#4550,4.E-02);
#4550 = AXIS2_PLACEMENT_3D('',#4551,#4552,#4553);
#4551 = CARTESIAN_POINT('',(1.2,1.21,4.E-02));
#4552 = DIRECTION('',(1.,0.,0.));
#4553 = DIRECTION('',(-0.,1.,0.));
#4554 = ADVANCED_FACE('',(#4555),#4574,.T.);
#4555 = FACE_BOUND('',#4556,.T.);
#4556 = EDGE_LOOP('',(#4557,#4558,#4559,#4568));
#4557 = ORIENTED_EDGE('',*,*,#4362,.T.);
#4558 = ORIENTED_EDGE('',*,*,#4519,.T.);
#4559 = ORIENTED_EDGE('',*,*,#4560,.F.);
#4560 = EDGE_CURVE('',#4561,#4512,#4563,.T.);
#4561 = VERTEX_POINT('',#4562);
#4562 = CARTESIAN_POINT('',(1.6,1.25,2.46));
#4563 = CIRCLE('',#4564,4.E-02);
#4564 = AXIS2_PLACEMENT_3D('',#4565,#4566,#4567);
#4565 = CARTESIAN_POINT('',(1.6,1.21,2.46));
#4566 = DIRECTION('',(1.,0.,-0.));
#4567 = DIRECTION('',(0.,0.,1.));
#4568 = ORIENTED_EDGE('',*,*,#4569,.F.);
#4569 = EDGE_CURVE('',#4355,#4561,#4570,.T.);
#4570 = LINE('',#4571,#4572);
#4571 = CARTESIAN_POINT('',(1.2,1.25,2.46));
#4572 = VECTOR('',#4573,1.);
#4573 = DIRECTION('',(1.,0.,0.));
#4574 = CYLINDRICAL_SURFACE('',#4575,4.E-02);
#4575 = AXIS2_PLACEMENT_3D('',#4576,#4577,#4578);
#4576 = CARTESIAN_POINT('',(1.2,1.21,2.46));
#4577 = DIRECTION('',(1.,0.,0.));
#4578 = DIRECTION('',(-0.,1.,0.));
#4579 = ADVANCED_FACE('',(#4580),#4591,.T.);
#4580 = FACE_BOUND('',#4581,.T.);
#4581 = EDGE_LOOP('',(#4582,#4588,#4589,#4590));
#4582 = ORIENTED_EDGE('',*,*,#4583,.F.);
#4583 = EDGE_CURVE('',#4534,#4561,#4584,.T.);
#4584 = LINE('',#4585,#4586);
#4585 = CARTESIAN_POINT('',(1.6,1.25,0.));
#4586 = VECTOR('',#4587,1.);
#4587 = DIRECTION('',(0.,0.,1.));
#4588 = ORIENTED_EDGE('',*,*,#4533,.F.);
#4589 = ORIENTED_EDGE('',*,*,#4354,.T.);
#4590 = ORIENTED_EDGE('',*,*,#4569,.T.);
#4591 = PLANE('',#4592);
#4592 = AXIS2_PLACEMENT_3D('',#4593,#4594,#4595);
#4593 = CARTESIAN_POINT('',(1.2,1.25,0.));
#4594 = DIRECTION('',(0.,1.,0.));
#4595 = DIRECTION('',(0.,-0.,1.));
#4596 = ADVANCED_FACE('',(#4597),#4607,.T.);
#4597 = FACE_BOUND('',#4598,.T.);
#4598 = EDGE_LOOP('',(#4599,#4600,#4601,#4602,#4603,#4604,#4605,#4606));
#4599 = ORIENTED_EDGE('',*,*,#4404,.F.);
#4600 = ORIENTED_EDGE('',*,*,#4444,.T.);
#4601 = ORIENTED_EDGE('',*,*,#4487,.T.);
#4602 = ORIENTED_EDGE('',*,*,#4541,.F.);
#4603 = ORIENTED_EDGE('',*,*,#4583,.T.);
#4604 = ORIENTED_EDGE('',*,*,#4560,.T.);
#4605 = ORIENTED_EDGE('',*,*,#4511,.F.);
#4606 = ORIENTED_EDGE('',*,*,#4461,.F.);
#4607 = PLANE('',#4608);
#4608 = AXIS2_PLACEMENT_3D('',#4609,#4610,#4611);
#4609 = CARTESIAN_POINT('',(1.6,-1.25,0.));
#4610 = DIRECTION('',(1.,0.,0.));
#4611 = DIRECTION('',(0.,0.,1.));
#4612 = ( GEOMETRIC_REPRESENTATION_CONTEXT(3) 
GLOBAL_UNCERTAINTY_ASSIGNED_CONTEXT((#4616)) 
GLOBAL_UNIT_ASSIGNED_CONTEXT((#4613,#4614,#4615)) REPRESENTATION_CONTEXT
('Context #1','3D Context with UNIT and UNCERTAINTY') );
#4613 = ( LENGTH_UNIT() NAMED_UNIT(*) SI_UNIT(.MILLI.,.METRE.) );
#4614 = ( NAMED_UNIT(*) PLANE_ANGLE_UNIT() SI_UNIT($,.RADIAN.) );
#4615 = ( NAMED_UNIT(*) SI_UNIT($,.STERADIAN.) SOLID_ANGLE_UNIT() );
#4616 = UNCERTAINTY_MEASURE_WITH_UNIT(LENGTH_MEASURE(1.E-07),#4613,
  'distance_accuracy_value','confusion accuracy');
#4617 = CONTEXT_DEPENDENT_SHAPE_REPRESENTATION(#4618,#4620);
#4618 = ( REPRESENTATION_RELATIONSHIP('','',#3757,#3734) 
REPRESENTATION_RELATIONSHIP_WITH_TRANSFORMATION(#4619) 
SHAPE_REPRESENTATION_RELATIONSHIP() );
#4619 = ITEM_DEFINED_TRANSFORMATION('','',#11,#3735);
#4620 = PRODUCT_DEFINITION_SHAPE('Placement','Placement of an item',
  #4621);
#4621 = NEXT_ASSEMBLY_USAGE_OCCURRENCE('8','=>[0:1:1:5]','',#3729,#3752,
  $);
#4622 = PRODUCT_RELATED_PRODUCT_CATEGORY('part',$,(#3754));
#4623 = SHAPE_DEFINITION_REPRESENTATION(#4624,#4630);
#4624 = PRODUCT_DEFINITION_SHAPE('','',#4625);
#4625 = PRODUCT_DEFINITION('design','',#4626,#4629);
#4626 = PRODUCT_DEFINITION_FORMATION('','',#4627);
#4627 = PRODUCT('R_1206_3216Metric','R_1206_3216Metric','',(#4628));
#4628 = PRODUCT_CONTEXT('',#2,'mechanical');
#4629 = PRODUCT_DEFINITION_CONTEXT('part definition',#2,'design');
#4630 = SHAPE_REPRESENTATION('',(#11,#4631),#4635);
#4631 = AXIS2_PLACEMENT_3D('',#4632,#4633,#4634);
#4632 = CARTESIAN_POINT('',(0.,0.,0.));
#4633 = DIRECTION('',(0.,0.,1.));
#4634 = DIRECTION('',(1.,0.,-0.));
#4635 = ( GEOMETRIC_REPRESENTATION_CONTEXT(3) 
GLOBAL_UNCERTAINTY_ASSIGNED_CONTEXT((#4639)) 
GLOBAL_UNIT_ASSIGNED_CONTEXT((#4636,#4637,#4638)) REPRESENTATION_CONTEXT
('Context #1','3D Context with UNIT and UNCERTAINTY') );
#4636 = ( LENGTH_UNIT() NAMED_UNIT(*) SI_UNIT(.MILLI.,.METRE.) );
#4637 = ( NAMED_UNIT(*) PLANE_ANGLE_UNIT() SI_UNIT($,.RADIAN.) );
#4638 = ( NAMED_UNIT(*) SI_UNIT($,.STERADIAN.) SOLID_ANGLE_UNIT() );
#4639 = UNCERTAINTY_MEASURE_WITH_UNIT(LENGTH_MEASURE(1.E-07),#4636,
  'distance_accuracy_value','confusion accuracy');
#4640 = CONTEXT_DEPENDENT_SHAPE_REPRESENTATION(#4641,#4643);
#4641 = ( REPRESENTATION_RELATIONSHIP('','',#4630,#10) 
REPRESENTATION_RELATIONSHIP_WITH_TRANSFORMATION(#4642) 
SHAPE_REPRESENTATION_RELATIONSHIP() );
#4642 = ITEM_DEFINED_TRANSFORMATION('','',#11,#43);
#4643 = PRODUCT_DEFINITION_SHAPE('Placement','Placement of an item',
  #4644);
#4644 = NEXT_ASSEMBLY_USAGE_OCCURRENCE('11','R3','',#5,#4625,$);
#4645 = PRODUCT_RELATED_PRODUCT_CATEGORY('part',$,(#4627));
#4646 = SHAPE_DEFINITION_REPRESENTATION(#4647,#4653);
#4647 = PRODUCT_DEFINITION_SHAPE('','',#4648);
#4648 = PRODUCT_DEFINITION('design','',#4649,#4652);
#4649 = PRODUCT_DEFINITION_FORMATION('','',#4650);
#4650 = PRODUCT('R_1206_3216Metric','R_1206_3216Metric','',(#4651));
#4651 = PRODUCT_CONTEXT('',#2,'mechanical');
#4652 = PRODUCT_DEFINITION_CONTEXT('part definition',#2,'design');
#4653 = ADVANCED_BREP_SHAPE_REPRESENTATION('',(#11,#4654),#5444);
#4654 = MANIFOLD_SOLID_BREP('',#4655);
#4655 = CLOSED_SHELL('',(#4656,#4696,#4779,#4804,#4829,#4896,#4913,#4930
    ,#4979,#4996,#5013,#5062,#5079,#5148,#5179,#5203,#5272,#5296,#5313,
    #5330,#5347,#5364,#5381,#5398,#5415,#5432));
#4656 = ADVANCED_FACE('',(#4657),#4691,.F.);
#4657 = FACE_BOUND('',#4658,.F.);
#4658 = EDGE_LOOP('',(#4659,#4669,#4677,#4685));
#4659 = ORIENTED_EDGE('',*,*,#4660,.F.);
#4660 = EDGE_CURVE('',#4661,#4663,#4665,.T.);
#4661 = VERTEX_POINT('',#4662);
#4662 = CARTESIAN_POINT('',(-1.6,-0.8,5.5E-02));
#4663 = VERTEX_POINT('',#4664);
#4664 = CARTESIAN_POINT('',(-1.6,-0.8,0.495));
#4665 = LINE('',#4666,#4667);
#4666 = CARTESIAN_POINT('',(-1.6,-0.8,0.));
#4667 = VECTOR('',#4668,1.);
#4668 = DIRECTION('',(0.,0.,1.));
#4669 = ORIENTED_EDGE('',*,*,#4670,.T.);
#4670 = EDGE_CURVE('',#4661,#4671,#4673,.T.);
#4671 = VERTEX_POINT('',#4672);
#4672 = CARTESIAN_POINT('',(-1.6,0.8,5.5E-02));
#4673 = LINE('',#4674,#4675);
#4674 = CARTESIAN_POINT('',(-1.6,-0.8,5.5E-02));
#4675 = VECTOR('',#4676,1.);
#4676 = DIRECTION('',(0.,1.,0.));
#4677 = ORIENTED_EDGE('',*,*,#4678,.T.);
#4678 = EDGE_CURVE('',#4671,#4679,#4681,.T.);
#4679 = VERTEX_POINT('',#4680);
#4680 = CARTESIAN_POINT('',(-1.6,0.8,0.495));
#4681 = LINE('',#4682,#4683);
#4682 = CARTESIAN_POINT('',(-1.6,0.8,0.));
#4683 = VECTOR('',#4684,1.);
#4684 = DIRECTION('',(0.,0.,1.));
#4685 = ORIENTED_EDGE('',*,*,#4686,.F.);
#4686 = EDGE_CURVE('',#4663,#4679,#4687,.T.);
#4687 = LINE('',#4688,#4689);
#4688 = CARTESIAN_POINT('',(-1.6,-0.8,0.495));
#4689 = VECTOR('',#4690,1.);
#4690 = DIRECTION('',(0.,1.,0.));
#4691 = PLANE('',#4692);
#4692 = AXIS2_PLACEMENT_3D('',#4693,#4694,#4695);
#4693 = CARTESIAN_POINT('',(-1.6,-0.8,0.));
#4694 = DIRECTION('',(1.,0.,0.));
#4695 = DIRECTION('',(0.,0.,1.));
#4696 = ADVANCED_FACE('',(#4697),#4774,.F.);
#4697 = FACE_BOUND('',#4698,.F.);
#4698 = EDGE_LOOP('',(#4699,#4709,#4716,#4717,#4726,#4734,#4743,#4751,
    #4759,#4767));
#4699 = ORIENTED_EDGE('',*,*,#4700,.F.);
#4700 = EDGE_CURVE('',#4701,#4703,#4705,.T.);
#4701 = VERTEX_POINT('',#4702);
#4702 = CARTESIAN_POINT('',(-1.545,-0.8,0.));
#4703 = VERTEX_POINT('',#4704);
#4704 = CARTESIAN_POINT('',(-1.255,-0.8,0.));
#4705 = LINE('',#4706,#4707);
#4706 = CARTESIAN_POINT('',(-1.6,-0.8,0.));
#4707 = VECTOR('',#4708,1.);
#4708 = DIRECTION('',(1.,0.,0.));
#4709 = ORIENTED_EDGE('',*,*,#4710,.F.);
#4710 = EDGE_CURVE('',#4661,#4701,#4711,.T.);
#4711 = CIRCLE('',#4712,5.5E-02);
#4712 = AXIS2_PLACEMENT_3D('',#4713,#4714,#4715);
#4713 = CARTESIAN_POINT('',(-1.545,-0.8,5.5E-02));
#4714 = DIRECTION('',(0.,-1.,0.));
#4715 = DIRECTION('',(0.,0.,1.));
#4716 = ORIENTED_EDGE('',*,*,#4660,.T.);
#4717 = ORIENTED_EDGE('',*,*,#4718,.T.);
#4718 = EDGE_CURVE('',#4663,#4719,#4721,.T.);
#4719 = VERTEX_POINT('',#4720);
#4720 = CARTESIAN_POINT('',(-1.545,-0.8,0.55));
#4721 = CIRCLE('',#4722,5.5E-02);
#4722 = AXIS2_PLACEMENT_3D('',#4723,#4724,#4725);
#4723 = CARTESIAN_POINT('',(-1.545,-0.8,0.495));
#4724 = DIRECTION('',(0.,1.,0.));
#4725 = DIRECTION('',(0.,-0.,1.));
#4726 = ORIENTED_EDGE('',*,*,#4727,.T.);
#4727 = EDGE_CURVE('',#4719,#4728,#4730,.T.);
#4728 = VERTEX_POINT('',#4729);
#4729 = CARTESIAN_POINT('',(-1.255,-0.8,0.55));
#4730 = LINE('',#4731,#4732);
#4731 = CARTESIAN_POINT('',(-1.6,-0.8,0.55));
#4732 = VECTOR('',#4733,1.);
#4733 = DIRECTION('',(1.,0.,0.));
#4734 = ORIENTED_EDGE('',*,*,#4735,.F.);
#4735 = EDGE_CURVE('',#4736,#4728,#4738,.T.);
#4736 = VERTEX_POINT('',#4737);
#4737 = CARTESIAN_POINT('',(-1.2,-0.8,0.495));
#4738 = CIRCLE('',#4739,5.5E-02);
#4739 = AXIS2_PLACEMENT_3D('',#4740,#4741,#4742);
#4740 = CARTESIAN_POINT('',(-1.255,-0.8,0.495));
#4741 = DIRECTION('',(0.,-1.,0.));
#4742 = DIRECTION('',(0.,0.,1.));
#4743 = ORIENTED_EDGE('',*,*,#4744,.F.);
#4744 = EDGE_CURVE('',#4745,#4736,#4747,.T.);
#4745 = VERTEX_POINT('',#4746);
#4746 = CARTESIAN_POINT('',(-1.545,-0.8,0.495));
#4747 = LINE('',#4748,#4749);
#4748 = CARTESIAN_POINT('',(-1.545,-0.8,0.495));
#4749 = VECTOR('',#4750,1.);
#4750 = DIRECTION('',(1.,0.,0.));
#4751 = ORIENTED_EDGE('',*,*,#4752,.F.);
#4752 = EDGE_CURVE('',#4753,#4745,#4755,.T.);
#4753 = VERTEX_POINT('',#4754);
#4754 = CARTESIAN_POINT('',(-1.545,-0.8,5.5E-02));
#4755 = LINE('',#4756,#4757);
#4756 = CARTESIAN_POINT('',(-1.545,-0.8,5.5E-02));
#4757 = VECTOR('',#4758,1.);
#4758 = DIRECTION('',(0.,0.,1.));
#4759 = ORIENTED_EDGE('',*,*,#4760,.T.);
#4760 = EDGE_CURVE('',#4753,#4761,#4763,.T.);
#4761 = VERTEX_POINT('',#4762);
#4762 = CARTESIAN_POINT('',(-1.2,-0.8,5.5E-02));
#4763 = LINE('',#4764,#4765);
#4764 = CARTESIAN_POINT('',(-1.545,-0.8,5.5E-02));
#4765 = VECTOR('',#4766,1.);
#4766 = DIRECTION('',(1.,0.,0.));
#4767 = ORIENTED_EDGE('',*,*,#4768,.T.);
#4768 = EDGE_CURVE('',#4761,#4703,#4769,.T.);
#4769 = CIRCLE('',#4770,5.5E-02);
#4770 = AXIS2_PLACEMENT_3D('',#4771,#4772,#4773);
#4771 = CARTESIAN_POINT('',(-1.255,-0.8,5.5E-02));
#4772 = DIRECTION('',(0.,1.,0.));
#4773 = DIRECTION('',(0.,-0.,1.));
#4774 = PLANE('',#4775);
#4775 = AXIS2_PLACEMENT_3D('',#4776,#4777,#4778);
#4776 = CARTESIAN_POINT('',(-1.6,-0.8,0.));
#4777 = DIRECTION('',(0.,1.,0.));
#4778 = DIRECTION('',(0.,-0.,1.));
#4779 = ADVANCED_FACE('',(#4780),#4799,.T.);
#4780 = FACE_BOUND('',#4781,.T.);
#4781 = EDGE_LOOP('',(#4782,#4783,#4792,#4798));
#4782 = ORIENTED_EDGE('',*,*,#4670,.T.);
#4783 = ORIENTED_EDGE('',*,*,#4784,.T.);
#4784 = EDGE_CURVE('',#4671,#4785,#4787,.T.);
#4785 = VERTEX_POINT('',#4786);
#4786 = CARTESIAN_POINT('',(-1.545,0.8,0.));
#4787 = CIRCLE('',#4788,5.5E-02);
#4788 = AXIS2_PLACEMENT_3D('',#4789,#4790,#4791);
#4789 = CARTESIAN_POINT('',(-1.545,0.8,5.5E-02));
#4790 = DIRECTION('',(0.,-1.,0.));
#4791 = DIRECTION('',(0.,0.,1.));
#4792 = ORIENTED_EDGE('',*,*,#4793,.F.);
#4793 = EDGE_CURVE('',#4701,#4785,#4794,.T.);
#4794 = LINE('',#4795,#4796);
#4795 = CARTESIAN_POINT('',(-1.545,-0.8,0.));
#4796 = VECTOR('',#4797,1.);
#4797 = DIRECTION('',(0.,1.,0.));
#4798 = ORIENTED_EDGE('',*,*,#4710,.F.);
#4799 = CYLINDRICAL_SURFACE('',#4800,5.5E-02);
#4800 = AXIS2_PLACEMENT_3D('',#4801,#4802,#4803);
#4801 = CARTESIAN_POINT('',(-1.545,-0.8,5.5E-02));
#4802 = DIRECTION('',(0.,1.,0.));
#4803 = DIRECTION('',(-1.,0.,0.));
#4804 = ADVANCED_FACE('',(#4805),#4824,.T.);
#4805 = FACE_BOUND('',#4806,.T.);
#4806 = EDGE_LOOP('',(#4807,#4808,#4816,#4823));
#4807 = ORIENTED_EDGE('',*,*,#4718,.T.);
#4808 = ORIENTED_EDGE('',*,*,#4809,.T.);
#4809 = EDGE_CURVE('',#4719,#4810,#4812,.T.);
#4810 = VERTEX_POINT('',#4811);
#4811 = CARTESIAN_POINT('',(-1.545,0.8,0.55));
#4812 = LINE('',#4813,#4814);
#4813 = CARTESIAN_POINT('',(-1.545,-0.8,0.55));
#4814 = VECTOR('',#4815,1.);
#4815 = DIRECTION('',(0.,1.,0.));
#4816 = ORIENTED_EDGE('',*,*,#4817,.F.);
#4817 = EDGE_CURVE('',#4679,#4810,#4818,.T.);
#4818 = CIRCLE('',#4819,5.5E-02);
#4819 = AXIS2_PLACEMENT_3D('',#4820,#4821,#4822);
#4820 = CARTESIAN_POINT('',(-1.545,0.8,0.495));
#4821 = DIRECTION('',(0.,1.,0.));
#4822 = DIRECTION('',(0.,-0.,1.));
#4823 = ORIENTED_EDGE('',*,*,#4686,.F.);
#4824 = CYLINDRICAL_SURFACE('',#4825,5.5E-02);
#4825 = AXIS2_PLACEMENT_3D('',#4826,#4827,#4828);
#4826 = CARTESIAN_POINT('',(-1.545,-0.8,0.495));
#4827 = DIRECTION('',(0.,1.,0.));
#4828 = DIRECTION('',(-1.,0.,0.));
#4829 = ADVANCED_FACE('',(#4830),#4891,.T.);
#4830 = FACE_BOUND('',#4831,.T.);
#4831 = EDGE_LOOP('',(#4832,#4840,#4841,#4842,#4843,#4851,#4860,#4868,
    #4876,#4884));
#4832 = ORIENTED_EDGE('',*,*,#4833,.F.);
#4833 = EDGE_CURVE('',#4785,#4834,#4836,.T.);
#4834 = VERTEX_POINT('',#4835);
#4835 = CARTESIAN_POINT('',(-1.255,0.8,0.));
#4836 = LINE('',#4837,#4838);
#4837 = CARTESIAN_POINT('',(-1.6,0.8,0.));
#4838 = VECTOR('',#4839,1.);
#4839 = DIRECTION('',(1.,0.,0.));
#4840 = ORIENTED_EDGE('',*,*,#4784,.F.);
#4841 = ORIENTED_EDGE('',*,*,#4678,.T.);
#4842 = ORIENTED_EDGE('',*,*,#4817,.T.);
#4843 = ORIENTED_EDGE('',*,*,#4844,.T.);
#4844 = EDGE_CURVE('',#4810,#4845,#4847,.T.);
#4845 = VERTEX_POINT('',#4846);
#4846 = CARTESIAN_POINT('',(-1.255,0.8,0.55));
#4847 = LINE('',#4848,#4849);
#4848 = CARTESIAN_POINT('',(-1.6,0.8,0.55));
#4849 = VECTOR('',#4850,1.);
#4850 = DIRECTION('',(1.,0.,0.));
#4851 = ORIENTED_EDGE('',*,*,#4852,.F.);
#4852 = EDGE_CURVE('',#4853,#4845,#4855,.T.);
#4853 = VERTEX_POINT('',#4854);
#4854 = CARTESIAN_POINT('',(-1.2,0.8,0.495));
#4855 = CIRCLE('',#4856,5.5E-02);
#4856 = AXIS2_PLACEMENT_3D('',#4857,#4858,#4859);
#4857 = CARTESIAN_POINT('',(-1.255,0.8,0.495));
#4858 = DIRECTION('',(0.,-1.,0.));
#4859 = DIRECTION('',(0.,0.,1.));
#4860 = ORIENTED_EDGE('',*,*,#4861,.F.);
#4861 = EDGE_CURVE('',#4862,#4853,#4864,.T.);
#4862 = VERTEX_POINT('',#4863);
#4863 = CARTESIAN_POINT('',(-1.545,0.8,0.495));
#4864 = LINE('',#4865,#4866);
#4865 = CARTESIAN_POINT('',(-1.545,0.8,0.495));
#4866 = VECTOR('',#4867,1.);
#4867 = DIRECTION('',(1.,0.,0.));
#4868 = ORIENTED_EDGE('',*,*,#4869,.F.);
#4869 = EDGE_CURVE('',#4870,#4862,#4872,.T.);
#4870 = VERTEX_POINT('',#4871);
#4871 = CARTESIAN_POINT('',(-1.545,0.8,5.5E-02));
#4872 = LINE('',#4873,#4874);
#4873 = CARTESIAN_POINT('',(-1.545,0.8,5.5E-02));
#4874 = VECTOR('',#4875,1.);
#4875 = DIRECTION('',(0.,0.,1.));
#4876 = ORIENTED_EDGE('',*,*,#4877,.T.);
#4877 = EDGE_CURVE('',#4870,#4878,#4880,.T.);
#4878 = VERTEX_POINT('',#4879);
#4879 = CARTESIAN_POINT('',(-1.2,0.8,5.5E-02));
#4880 = LINE('',#4881,#4882);
#4881 = CARTESIAN_POINT('',(-1.545,0.8,5.5E-02));
#4882 = VECTOR('',#4883,1.);
#4883 = DIRECTION('',(1.,0.,0.));
#4884 = ORIENTED_EDGE('',*,*,#4885,.T.);
#4885 = EDGE_CURVE('',#4878,#4834,#4886,.T.);
#4886 = CIRCLE('',#4887,5.5E-02);
#4887 = AXIS2_PLACEMENT_3D('',#4888,#4889,#4890);
#4888 = CARTESIAN_POINT('',(-1.255,0.8,5.5E-02));
#4889 = DIRECTION('',(0.,1.,0.));
#4890 = DIRECTION('',(0.,-0.,1.));
#4891 = PLANE('',#4892);
#4892 = AXIS2_PLACEMENT_3D('',#4893,#4894,#4895);
#4893 = CARTESIAN_POINT('',(-1.6,0.8,0.));
#4894 = DIRECTION('',(0.,1.,0.));
#4895 = DIRECTION('',(0.,-0.,1.));
#4896 = ADVANCED_FACE('',(#4897),#4908,.F.);
#4897 = FACE_BOUND('',#4898,.F.);
#4898 = EDGE_LOOP('',(#4899,#4900,#4901,#4902));
#4899 = ORIENTED_EDGE('',*,*,#4833,.F.);
#4900 = ORIENTED_EDGE('',*,*,#4793,.F.);
#4901 = ORIENTED_EDGE('',*,*,#4700,.T.);
#4902 = ORIENTED_EDGE('',*,*,#4903,.T.);
#4903 = EDGE_CURVE('',#4703,#4834,#4904,.T.);
#4904 = LINE('',#4905,#4906);
#4905 = CARTESIAN_POINT('',(-1.255,-0.8,0.));
#4906 = VECTOR('',#4907,1.);
#4907 = DIRECTION('',(0.,1.,0.));
#4908 = PLANE('',#4909);
#4909 = AXIS2_PLACEMENT_3D('',#4910,#4911,#4912);
#4910 = CARTESIAN_POINT('',(-1.6,-0.8,0.));
#4911 = DIRECTION('',(0.,0.,1.));
#4912 = DIRECTION('',(1.,0.,-0.));
#4913 = ADVANCED_FACE('',(#4914),#4925,.T.);
#4914 = FACE_BOUND('',#4915,.T.);
#4915 = EDGE_LOOP('',(#4916,#4917,#4918,#4919));
#4916 = ORIENTED_EDGE('',*,*,#4768,.T.);
#4917 = ORIENTED_EDGE('',*,*,#4903,.T.);
#4918 = ORIENTED_EDGE('',*,*,#4885,.F.);
#4919 = ORIENTED_EDGE('',*,*,#4920,.F.);
#4920 = EDGE_CURVE('',#4761,#4878,#4921,.T.);
#4921 = LINE('',#4922,#4923);
#4922 = CARTESIAN_POINT('',(-1.2,-0.8,5.5E-02));
#4923 = VECTOR('',#4924,1.);
#4924 = DIRECTION('',(0.,1.,0.));
#4925 = CYLINDRICAL_SURFACE('',#4926,5.5E-02);
#4926 = AXIS2_PLACEMENT_3D('',#4927,#4928,#4929);
#4927 = CARTESIAN_POINT('',(-1.255,-0.8,5.5E-02));
#4928 = DIRECTION('',(0.,1.,0.));
#4929 = DIRECTION('',(1.,0.,0.));
#4930 = ADVANCED_FACE('',(#4931),#4974,.F.);
#4931 = FACE_BOUND('',#4932,.F.);
#4932 = EDGE_LOOP('',(#4933,#4934,#4935,#4936,#4944,#4952,#4960,#4968));
#4933 = ORIENTED_EDGE('',*,*,#4760,.F.);
#4934 = ORIENTED_EDGE('',*,*,#4752,.T.);
#4935 = ORIENTED_EDGE('',*,*,#4744,.T.);
#4936 = ORIENTED_EDGE('',*,*,#4937,.T.);
#4937 = EDGE_CURVE('',#4736,#4938,#4940,.T.);
#4938 = VERTEX_POINT('',#4939);
#4939 = CARTESIAN_POINT('',(1.2,-0.8,0.495));
#4940 = LINE('',#4941,#4942);
#4941 = CARTESIAN_POINT('',(-1.2,-0.8,0.495));
#4942 = VECTOR('',#4943,1.);
#4943 = DIRECTION('',(1.,0.,0.));
#4944 = ORIENTED_EDGE('',*,*,#4945,.T.);
#4945 = EDGE_CURVE('',#4938,#4946,#4948,.T.);
#4946 = VERTEX_POINT('',#4947);
#4947 = CARTESIAN_POINT('',(1.545,-0.8,0.495));
#4948 = LINE('',#4949,#4950);
#4949 = CARTESIAN_POINT('',(-1.545,-0.8,0.495));
#4950 = VECTOR('',#4951,1.);
#4951 = DIRECTION('',(1.,0.,0.));
#4952 = ORIENTED_EDGE('',*,*,#4953,.F.);
#4953 = EDGE_CURVE('',#4954,#4946,#4956,.T.);
#4954 = VERTEX_POINT('',#4955);
#4955 = CARTESIAN_POINT('',(1.545,-0.8,5.5E-02));
#4956 = LINE('',#4957,#4958);
#4957 = CARTESIAN_POINT('',(1.545,-0.8,5.5E-02));
#4958 = VECTOR('',#4959,1.);
#4959 = DIRECTION('',(0.,0.,1.));
#4960 = ORIENTED_EDGE('',*,*,#4961,.F.);
#4961 = EDGE_CURVE('',#4962,#4954,#4964,.T.);
#4962 = VERTEX_POINT('',#4963);
#4963 = CARTESIAN_POINT('',(1.2,-0.8,5.5E-02));
#4964 = LINE('',#4965,#4966);
#4965 = CARTESIAN_POINT('',(-1.545,-0.8,5.5E-02));
#4966 = VECTOR('',#4967,1.);
#4967 = DIRECTION('',(1.,0.,0.));
#4968 = ORIENTED_EDGE('',*,*,#4969,.F.);
#4969 = EDGE_CURVE('',#4761,#4962,#4970,.T.);
#4970 = LINE('',#4971,#4972);
#4971 = CARTESIAN_POINT('',(-1.545,-0.8,5.5E-02));
#4972 = VECTOR('',#4973,1.);
#4973 = DIRECTION('',(1.,0.,0.));
#4974 = PLANE('',#4975);
#4975 = AXIS2_PLACEMENT_3D('',#4976,#4977,#4978);
#4976 = CARTESIAN_POINT('',(-1.545,-0.8,5.5E-02));
#4977 = DIRECTION('',(0.,1.,0.));
#4978 = DIRECTION('',(0.,-0.,1.));
#4979 = ADVANCED_FACE('',(#4980),#4991,.T.);
#4980 = FACE_BOUND('',#4981,.T.);
#4981 = EDGE_LOOP('',(#4982,#4983,#4984,#4985));
#4982 = ORIENTED_EDGE('',*,*,#4844,.F.);
#4983 = ORIENTED_EDGE('',*,*,#4809,.F.);
#4984 = ORIENTED_EDGE('',*,*,#4727,.T.);
#4985 = ORIENTED_EDGE('',*,*,#4986,.T.);
#4986 = EDGE_CURVE('',#4728,#4845,#4987,.T.);
#4987 = LINE('',#4988,#4989);
#4988 = CARTESIAN_POINT('',(-1.255,-0.8,0.55));
#4989 = VECTOR('',#4990,1.);
#4990 = DIRECTION('',(0.,1.,0.));
#4991 = PLANE('',#4992);
#4992 = AXIS2_PLACEMENT_3D('',#4993,#4994,#4995);
#4993 = CARTESIAN_POINT('',(-1.6,-0.8,0.55));
#4994 = DIRECTION('',(0.,0.,1.));
#4995 = DIRECTION('',(1.,0.,-0.));
#4996 = ADVANCED_FACE('',(#4997),#5008,.T.);
#4997 = FACE_BOUND('',#4998,.T.);
#4998 = EDGE_LOOP('',(#4999,#5005,#5006,#5007));
#4999 = ORIENTED_EDGE('',*,*,#5000,.T.);
#5000 = EDGE_CURVE('',#4736,#4853,#5001,.T.);
#5001 = LINE('',#5002,#5003);
#5002 = CARTESIAN_POINT('',(-1.2,-0.8,0.495));
#5003 = VECTOR('',#5004,1.);
#5004 = DIRECTION('',(0.,1.,0.));
#5005 = ORIENTED_EDGE('',*,*,#4852,.T.);
#5006 = ORIENTED_EDGE('',*,*,#4986,.F.);
#5007 = ORIENTED_EDGE('',*,*,#4735,.F.);
#5008 = CYLINDRICAL_SURFACE('',#5009,5.5E-02);
#5009 = AXIS2_PLACEMENT_3D('',#5010,#5011,#5012);
#5010 = CARTESIAN_POINT('',(-1.255,-0.8,0.495));
#5011 = DIRECTION('',(0.,1.,0.));
#5012 = DIRECTION('',(1.,0.,0.));
#5013 = ADVANCED_FACE('',(#5014),#5057,.T.);
#5014 = FACE_BOUND('',#5015,.T.);
#5015 = EDGE_LOOP('',(#5016,#5017,#5018,#5019,#5027,#5035,#5043,#5051));
#5016 = ORIENTED_EDGE('',*,*,#4877,.F.);
#5017 = ORIENTED_EDGE('',*,*,#4869,.T.);
#5018 = ORIENTED_EDGE('',*,*,#4861,.T.);
#5019 = ORIENTED_EDGE('',*,*,#5020,.T.);
#5020 = EDGE_CURVE('',#4853,#5021,#5023,.T.);
#5021 = VERTEX_POINT('',#5022);
#5022 = CARTESIAN_POINT('',(1.2,0.8,0.495));
#5023 = LINE('',#5024,#5025);
#5024 = CARTESIAN_POINT('',(-1.2,0.8,0.495));
#5025 = VECTOR('',#5026,1.);
#5026 = DIRECTION('',(1.,0.,0.));
#5027 = ORIENTED_EDGE('',*,*,#5028,.T.);
#5028 = EDGE_CURVE('',#5021,#5029,#5031,.T.);
#5029 = VERTEX_POINT('',#5030);
#5030 = CARTESIAN_POINT('',(1.545,0.8,0.495));
#5031 = LINE('',#5032,#5033);
#5032 = CARTESIAN_POINT('',(-1.545,0.8,0.495));
#5033 = VECTOR('',#5034,1.);
#5034 = DIRECTION('',(1.,0.,0.));
#5035 = ORIENTED_EDGE('',*,*,#5036,.F.);
#5036 = EDGE_CURVE('',#5037,#5029,#5039,.T.);
#5037 = VERTEX_POINT('',#5038);
#5038 = CARTESIAN_POINT('',(1.545,0.8,5.5E-02));
#5039 = LINE('',#5040,#5041);
#5040 = CARTESIAN_POINT('',(1.545,0.8,5.5E-02));
#5041 = VECTOR('',#5042,1.);
#5042 = DIRECTION('',(0.,0.,1.));
#5043 = ORIENTED_EDGE('',*,*,#5044,.F.);
#5044 = EDGE_CURVE('',#5045,#5037,#5047,.T.);
#5045 = VERTEX_POINT('',#5046);
#5046 = CARTESIAN_POINT('',(1.2,0.8,5.5E-02));
#5047 = LINE('',#5048,#5049);
#5048 = CARTESIAN_POINT('',(-1.545,0.8,5.5E-02));
#5049 = VECTOR('',#5050,1.);
#5050 = DIRECTION('',(1.,0.,0.));
#5051 = ORIENTED_EDGE('',*,*,#5052,.F.);
#5052 = EDGE_CURVE('',#4878,#5045,#5053,.T.);
#5053 = LINE('',#5054,#5055);
#5054 = CARTESIAN_POINT('',(-1.545,0.8,5.5E-02));
#5055 = VECTOR('',#5056,1.);
#5056 = DIRECTION('',(1.,0.,0.));
#5057 = PLANE('',#5058);
#5058 = AXIS2_PLACEMENT_3D('',#5059,#5060,#5061);
#5059 = CARTESIAN_POINT('',(-1.545,0.8,5.5E-02));
#5060 = DIRECTION('',(0.,1.,0.));
#5061 = DIRECTION('',(0.,-0.,1.));
#5062 = ADVANCED_FACE('',(#5063),#5074,.F.);
#5063 = FACE_BOUND('',#5064,.F.);
#5064 = EDGE_LOOP('',(#5065,#5066,#5067,#5073));
#5065 = ORIENTED_EDGE('',*,*,#4920,.F.);
#5066 = ORIENTED_EDGE('',*,*,#4969,.T.);
#5067 = ORIENTED_EDGE('',*,*,#5068,.T.);
#5068 = EDGE_CURVE('',#4962,#5045,#5069,.T.);
#5069 = LINE('',#5070,#5071);
#5070 = CARTESIAN_POINT('',(1.2,-0.8,5.5E-02));
#5071 = VECTOR('',#5072,1.);
#5072 = DIRECTION('',(0.,1.,0.));
#5073 = ORIENTED_EDGE('',*,*,#5052,.F.);
#5074 = PLANE('',#5075);
#5075 = AXIS2_PLACEMENT_3D('',#5076,#5077,#5078);
#5076 = CARTESIAN_POINT('',(-1.545,-0.8,5.5E-02));
#5077 = DIRECTION('',(0.,0.,1.));
#5078 = DIRECTION('',(1.,0.,-0.));
#5079 = ADVANCED_FACE('',(#5080),#5143,.F.);
#5080 = FACE_BOUND('',#5081,.F.);
#5081 = EDGE_LOOP('',(#5082,#5092,#5099,#5100,#5101,#5102,#5111,#5119,
    #5128,#5136));
#5082 = ORIENTED_EDGE('',*,*,#5083,.F.);
#5083 = EDGE_CURVE('',#5084,#5086,#5088,.T.);
#5084 = VERTEX_POINT('',#5085);
#5085 = CARTESIAN_POINT('',(1.255,-0.8,0.));
#5086 = VERTEX_POINT('',#5087);
#5087 = CARTESIAN_POINT('',(1.545,-0.8,0.));
#5088 = LINE('',#5089,#5090);
#5089 = CARTESIAN_POINT('',(1.2,-0.8,0.));
#5090 = VECTOR('',#5091,1.);
#5091 = DIRECTION('',(1.,0.,0.));
#5092 = ORIENTED_EDGE('',*,*,#5093,.F.);
#5093 = EDGE_CURVE('',#4962,#5084,#5094,.T.);
#5094 = CIRCLE('',#5095,5.5E-02);
#5095 = AXIS2_PLACEMENT_3D('',#5096,#5097,#5098);
#5096 = CARTESIAN_POINT('',(1.255,-0.8,5.5E-02));
#5097 = DIRECTION('',(0.,-1.,0.));
#5098 = DIRECTION('',(0.,0.,1.));
#5099 = ORIENTED_EDGE('',*,*,#4961,.T.);
#5100 = ORIENTED_EDGE('',*,*,#4953,.T.);
#5101 = ORIENTED_EDGE('',*,*,#4945,.F.);
#5102 = ORIENTED_EDGE('',*,*,#5103,.T.);
#5103 = EDGE_CURVE('',#4938,#5104,#5106,.T.);
#5104 = VERTEX_POINT('',#5105);
#5105 = CARTESIAN_POINT('',(1.255,-0.8,0.55));
#5106 = CIRCLE('',#5107,5.5E-02);
#5107 = AXIS2_PLACEMENT_3D('',#5108,#5109,#5110);
#5108 = CARTESIAN_POINT('',(1.255,-0.8,0.495));
#5109 = DIRECTION('',(0.,1.,0.));
#5110 = DIRECTION('',(0.,-0.,1.));
#5111 = ORIENTED_EDGE('',*,*,#5112,.T.);
#5112 = EDGE_CURVE('',#5104,#5113,#5115,.T.);
#5113 = VERTEX_POINT('',#5114);
#5114 = CARTESIAN_POINT('',(1.545,-0.8,0.55));
#5115 = LINE('',#5116,#5117);
#5116 = CARTESIAN_POINT('',(1.2,-0.8,0.55));
#5117 = VECTOR('',#5118,1.);
#5118 = DIRECTION('',(1.,0.,0.));
#5119 = ORIENTED_EDGE('',*,*,#5120,.F.);
#5120 = EDGE_CURVE('',#5121,#5113,#5123,.T.);
#5121 = VERTEX_POINT('',#5122);
#5122 = CARTESIAN_POINT('',(1.6,-0.8,0.495));
#5123 = CIRCLE('',#5124,5.5E-02);
#5124 = AXIS2_PLACEMENT_3D('',#5125,#5126,#5127);
#5125 = CARTESIAN_POINT('',(1.545,-0.8,0.495));
#5126 = DIRECTION('',(0.,-1.,0.));
#5127 = DIRECTION('',(0.,0.,1.));
#5128 = ORIENTED_EDGE('',*,*,#5129,.F.);
#5129 = EDGE_CURVE('',#5130,#5121,#5132,.T.);
#5130 = VERTEX_POINT('',#5131);
#5131 = CARTESIAN_POINT('',(1.6,-0.8,5.5E-02));
#5132 = LINE('',#5133,#5134);
#5133 = CARTESIAN_POINT('',(1.6,-0.8,0.));
#5134 = VECTOR('',#5135,1.);
#5135 = DIRECTION('',(0.,0.,1.));
#5136 = ORIENTED_EDGE('',*,*,#5137,.T.);
#5137 = EDGE_CURVE('',#5130,#5086,#5138,.T.);
#5138 = CIRCLE('',#5139,5.5E-02);
#5139 = AXIS2_PLACEMENT_3D('',#5140,#5141,#5142);
#5140 = CARTESIAN_POINT('',(1.545,-0.8,5.5E-02));
#5141 = DIRECTION('',(0.,1.,0.));
#5142 = DIRECTION('',(0.,-0.,1.));
#5143 = PLANE('',#5144);
#5144 = AXIS2_PLACEMENT_3D('',#5145,#5146,#5147);
#5145 = CARTESIAN_POINT('',(1.2,-0.8,0.));
#5146 = DIRECTION('',(0.,1.,0.));
#5147 = DIRECTION('',(0.,-0.,1.));
#5148 = ADVANCED_FACE('',(#5149),#5174,.F.);
#5149 = FACE_BOUND('',#5150,.F.);
#5150 = EDGE_LOOP('',(#5151,#5152,#5160,#5168));
#5151 = ORIENTED_EDGE('',*,*,#4937,.F.);
#5152 = ORIENTED_EDGE('',*,*,#5153,.T.);
#5153 = EDGE_CURVE('',#4736,#5154,#5156,.T.);
#5154 = VERTEX_POINT('',#5155);
#5155 = CARTESIAN_POINT('',(-1.2,-0.8,0.55));
#5156 = LINE('',#5157,#5158);
#5157 = CARTESIAN_POINT('',(-1.2,-0.8,0.495));
#5158 = VECTOR('',#5159,1.);
#5159 = DIRECTION('',(0.,0.,1.));
#5160 = ORIENTED_EDGE('',*,*,#5161,.T.);
#5161 = EDGE_CURVE('',#5154,#5162,#5164,.T.);
#5162 = VERTEX_POINT('',#5163);
#5163 = CARTESIAN_POINT('',(1.2,-0.8,0.55));
#5164 = LINE('',#5165,#5166);
#5165 = CARTESIAN_POINT('',(-1.2,-0.8,0.55));
#5166 = VECTOR('',#5167,1.);
#5167 = DIRECTION('',(1.,0.,0.));
#5168 = ORIENTED_EDGE('',*,*,#5169,.F.);
#5169 = EDGE_CURVE('',#4938,#5162,#5170,.T.);
#5170 = LINE('',#5171,#5172);
#5171 = CARTESIAN_POINT('',(1.2,-0.8,0.495));
#5172 = VECTOR('',#5173,1.);
#5173 = DIRECTION('',(0.,0.,1.));
#5174 = PLANE('',#5175);
#5175 = AXIS2_PLACEMENT_3D('',#5176,#5177,#5178);
#5176 = CARTESIAN_POINT('',(-1.2,-0.8,0.495));
#5177 = DIRECTION('',(0.,1.,0.));
#5178 = DIRECTION('',(0.,-0.,1.));
#5179 = ADVANCED_FACE('',(#5180),#5198,.F.);
#5180 = FACE_BOUND('',#5181,.F.);
#5181 = EDGE_LOOP('',(#5182,#5183,#5184,#5192));
#5182 = ORIENTED_EDGE('',*,*,#5153,.F.);
#5183 = ORIENTED_EDGE('',*,*,#5000,.T.);
#5184 = ORIENTED_EDGE('',*,*,#5185,.T.);
#5185 = EDGE_CURVE('',#4853,#5186,#5188,.T.);
#5186 = VERTEX_POINT('',#5187);
#5187 = CARTESIAN_POINT('',(-1.2,0.8,0.55));
#5188 = LINE('',#5189,#5190);
#5189 = CARTESIAN_POINT('',(-1.2,0.8,0.495));
#5190 = VECTOR('',#5191,1.);
#5191 = DIRECTION('',(0.,0.,1.));
#5192 = ORIENTED_EDGE('',*,*,#5193,.F.);
#5193 = EDGE_CURVE('',#5154,#5186,#5194,.T.);
#5194 = LINE('',#5195,#5196);
#5195 = CARTESIAN_POINT('',(-1.2,-0.8,0.55));
#5196 = VECTOR('',#5197,1.);
#5197 = DIRECTION('',(0.,1.,0.));
#5198 = PLANE('',#5199);
#5199 = AXIS2_PLACEMENT_3D('',#5200,#5201,#5202);
#5200 = CARTESIAN_POINT('',(-1.2,-0.8,0.495));
#5201 = DIRECTION('',(1.,0.,0.));
#5202 = DIRECTION('',(0.,0.,1.));
#5203 = ADVANCED_FACE('',(#5204),#5267,.T.);
#5204 = FACE_BOUND('',#5205,.T.);
#5205 = EDGE_LOOP('',(#5206,#5216,#5223,#5224,#5225,#5226,#5235,#5243,
    #5252,#5260));
#5206 = ORIENTED_EDGE('',*,*,#5207,.F.);
#5207 = EDGE_CURVE('',#5208,#5210,#5212,.T.);
#5208 = VERTEX_POINT('',#5209);
#5209 = CARTESIAN_POINT('',(1.255,0.8,0.));
#5210 = VERTEX_POINT('',#5211);
#5211 = CARTESIAN_POINT('',(1.545,0.8,0.));
#5212 = LINE('',#5213,#5214);
#5213 = CARTESIAN_POINT('',(1.2,0.8,0.));
#5214 = VECTOR('',#5215,1.);
#5215 = DIRECTION('',(1.,0.,0.));
#5216 = ORIENTED_EDGE('',*,*,#5217,.F.);
#5217 = EDGE_CURVE('',#5045,#5208,#5218,.T.);
#5218 = CIRCLE('',#5219,5.5E-02);
#5219 = AXIS2_PLACEMENT_3D('',#5220,#5221,#5222);
#5220 = CARTESIAN_POINT('',(1.255,0.8,5.5E-02));
#5221 = DIRECTION('',(0.,-1.,0.));
#5222 = DIRECTION('',(0.,0.,1.));
#5223 = ORIENTED_EDGE('',*,*,#5044,.T.);
#5224 = ORIENTED_EDGE('',*,*,#5036,.T.);
#5225 = ORIENTED_EDGE('',*,*,#5028,.F.);
#5226 = ORIENTED_EDGE('',*,*,#5227,.T.);
#5227 = EDGE_CURVE('',#5021,#5228,#5230,.T.);
#5228 = VERTEX_POINT('',#5229);
#5229 = CARTESIAN_POINT('',(1.255,0.8,0.55));
#5230 = CIRCLE('',#5231,5.5E-02);
#5231 = AXIS2_PLACEMENT_3D('',#5232,#5233,#5234);
#5232 = CARTESIAN_POINT('',(1.255,0.8,0.495));
#5233 = DIRECTION('',(0.,1.,0.));
#5234 = DIRECTION('',(0.,-0.,1.));
#5235 = ORIENTED_EDGE('',*,*,#5236,.T.);
#5236 = EDGE_CURVE('',#5228,#5237,#5239,.T.);
#5237 = VERTEX_POINT('',#5238);
#5238 = CARTESIAN_POINT('',(1.545,0.8,0.55));
#5239 = LINE('',#5240,#5241);
#5240 = CARTESIAN_POINT('',(1.2,0.8,0.55));
#5241 = VECTOR('',#5242,1.);
#5242 = DIRECTION('',(1.,0.,0.));
#5243 = ORIENTED_EDGE('',*,*,#5244,.F.);
#5244 = EDGE_CURVE('',#5245,#5237,#5247,.T.);
#5245 = VERTEX_POINT('',#5246);
#5246 = CARTESIAN_POINT('',(1.6,0.8,0.495));
#5247 = CIRCLE('',#5248,5.5E-02);
#5248 = AXIS2_PLACEMENT_3D('',#5249,#5250,#5251);
#5249 = CARTESIAN_POINT('',(1.545,0.8,0.495));
#5250 = DIRECTION('',(0.,-1.,0.));
#5251 = DIRECTION('',(0.,0.,1.));
#5252 = ORIENTED_EDGE('',*,*,#5253,.F.);
#5253 = EDGE_CURVE('',#5254,#5245,#5256,.T.);
#5254 = VERTEX_POINT('',#5255);
#5255 = CARTESIAN_POINT('',(1.6,0.8,5.5E-02));
#5256 = LINE('',#5257,#5258);
#5257 = CARTESIAN_POINT('',(1.6,0.8,0.));
#5258 = VECTOR('',#5259,1.);
#5259 = DIRECTION('',(0.,0.,1.));
#5260 = ORIENTED_EDGE('',*,*,#5261,.T.);
#5261 = EDGE_CURVE('',#5254,#5210,#5262,.T.);
#5262 = CIRCLE('',#5263,5.5E-02);
#5263 = AXIS2_PLACEMENT_3D('',#5264,#5265,#5266);
#5264 = CARTESIAN_POINT('',(1.545,0.8,5.5E-02));
#5265 = DIRECTION('',(0.,1.,0.));
#5266 = DIRECTION('',(0.,-0.,1.));
#5267 = PLANE('',#5268);
#5268 = AXIS2_PLACEMENT_3D('',#5269,#5270,#5271);
#5269 = CARTESIAN_POINT('',(1.2,0.8,0.));
#5270 = DIRECTION('',(0.,1.,0.));
#5271 = DIRECTION('',(0.,-0.,1.));
#5272 = ADVANCED_FACE('',(#5273),#5291,.T.);
#5273 = FACE_BOUND('',#5274,.T.);
#5274 = EDGE_LOOP('',(#5275,#5276,#5277,#5285));
#5275 = ORIENTED_EDGE('',*,*,#5020,.F.);
#5276 = ORIENTED_EDGE('',*,*,#5185,.T.);
#5277 = ORIENTED_EDGE('',*,*,#5278,.T.);
#5278 = EDGE_CURVE('',#5186,#5279,#5281,.T.);
#5279 = VERTEX_POINT('',#5280);
#5280 = CARTESIAN_POINT('',(1.2,0.8,0.55));
#5281 = LINE('',#5282,#5283);
#5282 = CARTESIAN_POINT('',(-1.2,0.8,0.55));
#5283 = VECTOR('',#5284,1.);
#5284 = DIRECTION('',(1.,0.,0.));
#5285 = ORIENTED_EDGE('',*,*,#5286,.F.);
#5286 = EDGE_CURVE('',#5021,#5279,#5287,.T.);
#5287 = LINE('',#5288,#5289);
#5288 = CARTESIAN_POINT('',(1.2,0.8,0.495));
#5289 = VECTOR('',#5290,1.);
#5290 = DIRECTION('',(0.,0.,1.));
#5291 = PLANE('',#5292);
#5292 = AXIS2_PLACEMENT_3D('',#5293,#5294,#5295);
#5293 = CARTESIAN_POINT('',(-1.2,0.8,0.495));
#5294 = DIRECTION('',(0.,1.,0.));
#5295 = DIRECTION('',(0.,-0.,1.));
#5296 = ADVANCED_FACE('',(#5297),#5308,.T.);
#5297 = FACE_BOUND('',#5298,.T.);
#5298 = EDGE_LOOP('',(#5299,#5300,#5301,#5307));
#5299 = ORIENTED_EDGE('',*,*,#5068,.T.);
#5300 = ORIENTED_EDGE('',*,*,#5217,.T.);
#5301 = ORIENTED_EDGE('',*,*,#5302,.F.);
#5302 = EDGE_CURVE('',#5084,#5208,#5303,.T.);
#5303 = LINE('',#5304,#5305);
#5304 = CARTESIAN_POINT('',(1.255,-0.8,0.));
#5305 = VECTOR('',#5306,1.);
#5306 = DIRECTION('',(0.,1.,0.));
#5307 = ORIENTED_EDGE('',*,*,#5093,.F.);
#5308 = CYLINDRICAL_SURFACE('',#5309,5.5E-02);
#5309 = AXIS2_PLACEMENT_3D('',#5310,#5311,#5312);
#5310 = CARTESIAN_POINT('',(1.255,-0.8,5.5E-02));
#5311 = DIRECTION('',(0.,1.,0.));
#5312 = DIRECTION('',(-1.,0.,0.));
#5313 = ADVANCED_FACE('',(#5314),#5325,.F.);
#5314 = FACE_BOUND('',#5315,.F.);
#5315 = EDGE_LOOP('',(#5316,#5317,#5318,#5319));
#5316 = ORIENTED_EDGE('',*,*,#5207,.F.);
#5317 = ORIENTED_EDGE('',*,*,#5302,.F.);
#5318 = ORIENTED_EDGE('',*,*,#5083,.T.);
#5319 = ORIENTED_EDGE('',*,*,#5320,.T.);
#5320 = EDGE_CURVE('',#5086,#5210,#5321,.T.);
#5321 = LINE('',#5322,#5323);
#5322 = CARTESIAN_POINT('',(1.545,-0.8,0.));
#5323 = VECTOR('',#5324,1.);
#5324 = DIRECTION('',(0.,1.,0.));
#5325 = PLANE('',#5326);
#5326 = AXIS2_PLACEMENT_3D('',#5327,#5328,#5329);
#5327 = CARTESIAN_POINT('',(1.2,-0.8,0.));
#5328 = DIRECTION('',(0.,0.,1.));
#5329 = DIRECTION('',(1.,0.,-0.));
#5330 = ADVANCED_FACE('',(#5331),#5342,.T.);
#5331 = FACE_BOUND('',#5332,.T.);
#5332 = EDGE_LOOP('',(#5333,#5334,#5335,#5336));
#5333 = ORIENTED_EDGE('',*,*,#5137,.T.);
#5334 = ORIENTED_EDGE('',*,*,#5320,.T.);
#5335 = ORIENTED_EDGE('',*,*,#5261,.F.);
#5336 = ORIENTED_EDGE('',*,*,#5337,.F.);
#5337 = EDGE_CURVE('',#5130,#5254,#5338,.T.);
#5338 = LINE('',#5339,#5340);
#5339 = CARTESIAN_POINT('',(1.6,-0.8,5.5E-02));
#5340 = VECTOR('',#5341,1.);
#5341 = DIRECTION('',(0.,1.,0.));
#5342 = CYLINDRICAL_SURFACE('',#5343,5.5E-02);
#5343 = AXIS2_PLACEMENT_3D('',#5344,#5345,#5346);
#5344 = CARTESIAN_POINT('',(1.545,-0.8,5.5E-02));
#5345 = DIRECTION('',(0.,1.,0.));
#5346 = DIRECTION('',(1.,0.,0.));
#5347 = ADVANCED_FACE('',(#5348),#5359,.T.);
#5348 = FACE_BOUND('',#5349,.T.);
#5349 = EDGE_LOOP('',(#5350,#5351,#5352,#5353));
#5350 = ORIENTED_EDGE('',*,*,#5129,.F.);
#5351 = ORIENTED_EDGE('',*,*,#5337,.T.);
#5352 = ORIENTED_EDGE('',*,*,#5253,.T.);
#5353 = ORIENTED_EDGE('',*,*,#5354,.F.);
#5354 = EDGE_CURVE('',#5121,#5245,#5355,.T.);
#5355 = LINE('',#5356,#5357);
#5356 = CARTESIAN_POINT('',(1.6,-0.8,0.495));
#5357 = VECTOR('',#5358,1.);
#5358 = DIRECTION('',(0.,1.,0.));
#5359 = PLANE('',#5360);
#5360 = AXIS2_PLACEMENT_3D('',#5361,#5362,#5363);
#5361 = CARTESIAN_POINT('',(1.6,-0.8,0.));
#5362 = DIRECTION('',(1.,0.,0.));
#5363 = DIRECTION('',(0.,0.,1.));
#5364 = ADVANCED_FACE('',(#5365),#5376,.T.);
#5365 = FACE_BOUND('',#5366,.T.);
#5366 = EDGE_LOOP('',(#5367,#5368,#5369,#5375));
#5367 = ORIENTED_EDGE('',*,*,#5354,.T.);
#5368 = ORIENTED_EDGE('',*,*,#5244,.T.);
#5369 = ORIENTED_EDGE('',*,*,#5370,.F.);
#5370 = EDGE_CURVE('',#5113,#5237,#5371,.T.);
#5371 = LINE('',#5372,#5373);
#5372 = CARTESIAN_POINT('',(1.545,-0.8,0.55));
#5373 = VECTOR('',#5374,1.);
#5374 = DIRECTION('',(0.,1.,0.));
#5375 = ORIENTED_EDGE('',*,*,#5120,.F.);
#5376 = CYLINDRICAL_SURFACE('',#5377,5.5E-02);
#5377 = AXIS2_PLACEMENT_3D('',#5378,#5379,#5380);
#5378 = CARTESIAN_POINT('',(1.545,-0.8,0.495));
#5379 = DIRECTION('',(0.,1.,0.));
#5380 = DIRECTION('',(1.,0.,0.));
#5381 = ADVANCED_FACE('',(#5382),#5393,.T.);
#5382 = FACE_BOUND('',#5383,.T.);
#5383 = EDGE_LOOP('',(#5384,#5385,#5391,#5392));
#5384 = ORIENTED_EDGE('',*,*,#5236,.F.);
#5385 = ORIENTED_EDGE('',*,*,#5386,.F.);
#5386 = EDGE_CURVE('',#5104,#5228,#5387,.T.);
#5387 = LINE('',#5388,#5389);
#5388 = CARTESIAN_POINT('',(1.255,-0.8,0.55));
#5389 = VECTOR('',#5390,1.);
#5390 = DIRECTION('',(0.,1.,0.));
#5391 = ORIENTED_EDGE('',*,*,#5112,.T.);
#5392 = ORIENTED_EDGE('',*,*,#5370,.T.);
#5393 = PLANE('',#5394);
#5394 = AXIS2_PLACEMENT_3D('',#5395,#5396,#5397);
#5395 = CARTESIAN_POINT('',(1.2,-0.8,0.55));
#5396 = DIRECTION('',(0.,0.,1.));
#5397 = DIRECTION('',(1.,0.,-0.));
#5398 = ADVANCED_FACE('',(#5399),#5410,.T.);
#5399 = FACE_BOUND('',#5400,.T.);
#5400 = EDGE_LOOP('',(#5401,#5402,#5403,#5404));
#5401 = ORIENTED_EDGE('',*,*,#5103,.T.);
#5402 = ORIENTED_EDGE('',*,*,#5386,.T.);
#5403 = ORIENTED_EDGE('',*,*,#5227,.F.);
#5404 = ORIENTED_EDGE('',*,*,#5405,.F.);
#5405 = EDGE_CURVE('',#4938,#5021,#5406,.T.);
#5406 = LINE('',#5407,#5408);
#5407 = CARTESIAN_POINT('',(1.2,-0.8,0.495));
#5408 = VECTOR('',#5409,1.);
#5409 = DIRECTION('',(0.,1.,0.));
#5410 = CYLINDRICAL_SURFACE('',#5411,5.5E-02);
#5411 = AXIS2_PLACEMENT_3D('',#5412,#5413,#5414);
#5412 = CARTESIAN_POINT('',(1.255,-0.8,0.495));
#5413 = DIRECTION('',(0.,1.,0.));
#5414 = DIRECTION('',(-1.,0.,0.));
#5415 = ADVANCED_FACE('',(#5416),#5427,.T.);
#5416 = FACE_BOUND('',#5417,.T.);
#5417 = EDGE_LOOP('',(#5418,#5419,#5420,#5421));
#5418 = ORIENTED_EDGE('',*,*,#5169,.F.);
#5419 = ORIENTED_EDGE('',*,*,#5405,.T.);
#5420 = ORIENTED_EDGE('',*,*,#5286,.T.);
#5421 = ORIENTED_EDGE('',*,*,#5422,.F.);
#5422 = EDGE_CURVE('',#5162,#5279,#5423,.T.);
#5423 = LINE('',#5424,#5425);
#5424 = CARTESIAN_POINT('',(1.2,-0.8,0.55));
#5425 = VECTOR('',#5426,1.);
#5426 = DIRECTION('',(0.,1.,0.));
#5427 = PLANE('',#5428);
#5428 = AXIS2_PLACEMENT_3D('',#5429,#5430,#5431);
#5429 = CARTESIAN_POINT('',(1.2,-0.8,0.495));
#5430 = DIRECTION('',(1.,0.,0.));
#5431 = DIRECTION('',(0.,0.,1.));
#5432 = ADVANCED_FACE('',(#5433),#5439,.T.);
#5433 = FACE_BOUND('',#5434,.T.);
#5434 = EDGE_LOOP('',(#5435,#5436,#5437,#5438));
#5435 = ORIENTED_EDGE('',*,*,#5193,.F.);
#5436 = ORIENTED_EDGE('',*,*,#5161,.T.);
#5437 = ORIENTED_EDGE('',*,*,#5422,.T.);
#5438 = ORIENTED_EDGE('',*,*,#5278,.F.);
#5439 = PLANE('',#5440);
#5440 = AXIS2_PLACEMENT_3D('',#5441,#5442,#5443);
#5441 = CARTESIAN_POINT('',(-1.2,-0.8,0.55));
#5442 = DIRECTION('',(0.,0.,1.));
#5443 = DIRECTION('',(1.,0.,-0.));
#5444 = ( GEOMETRIC_REPRESENTATION_CONTEXT(3) 
GLOBAL_UNCERTAINTY_ASSIGNED_CONTEXT((#5448)) 
GLOBAL_UNIT_ASSIGNED_CONTEXT((#5445,#5446,#5447)) REPRESENTATION_CONTEXT
('Context #1','3D Context with UNIT and UNCERTAINTY') );
#5445 = ( LENGTH_UNIT() NAMED_UNIT(*) SI_UNIT(.MILLI.,.METRE.) );
#5446 = ( NAMED_UNIT(*) PLANE_ANGLE_UNIT() SI_UNIT($,.RADIAN.) );
#5447 = ( NAMED_UNIT(*) SI_UNIT($,.STERADIAN.) SOLID_ANGLE_UNIT() );
#5448 = UNCERTAINTY_MEASURE_WITH_UNIT(LENGTH_MEASURE(1.E-07),#5445,
  'distance_accuracy_value','confusion accuracy');
#5449 = CONTEXT_DEPENDENT_SHAPE_REPRESENTATION(#5450,#5452);
#5450 = ( REPRESENTATION_RELATIONSHIP('','',#4653,#4630) 
REPRESENTATION_RELATIONSHIP_WITH_TRANSFORMATION(#5451) 
SHAPE_REPRESENTATION_RELATIONSHIP() );
#5451 = ITEM_DEFINED_TRANSFORMATION('','',#11,#4631);
#5452 = PRODUCT_DEFINITION_SHAPE('Placement','Placement of an item',
  #5453);
#5453 = NEXT_ASSEMBLY_USAGE_OCCURRENCE('10','=>[0:1:1:7]','',#4625,#4648
  ,$);
#5454 = PRODUCT_RELATED_PRODUCT_CATEGORY('part',$,(#4650));
#5455 = SHAPE_DEFINITION_REPRESENTATION(#5456,#5462);
#5456 = PRODUCT_DEFINITION_SHAPE('','',#5457);
#5457 = PRODUCT_DEFINITION('design','',#5458,#5461);
#5458 = PRODUCT_DEFINITION_FORMATION('','',#5459);
#5459 = PRODUCT('TO-252-2','TO-252-2','',(#5460));
#5460 = PRODUCT_CONTEXT('',#2,'mechanical');
#5461 = PRODUCT_DEFINITION_CONTEXT('part definition',#2,'design');
#5462 = SHAPE_REPRESENTATION('',(#11,#5463),#5467);
#5463 = AXIS2_PLACEMENT_3D('',#5464,#5465,#5466);
#5464 = CARTESIAN_POINT('',(0.,0.,0.));
#5465 = DIRECTION('',(0.,0.,1.));
#5466 = DIRECTION('',(1.,0.,-0.));
#5467 = ( GEOMETRIC_REPRESENTATION_CONTEXT(3) 
GLOBAL_UNCERTAINTY_ASSIGNED_CONTEXT((#5471)) 
GLOBAL_UNIT_ASSIGNED_CONTEXT((#5468,#5469,#5470)) REPRESENTATION_CONTEXT
('Context #1','3D Context with UNIT and UNCERTAINTY') );
#5468 = ( LENGTH_UNIT() NAMED_UNIT(*) SI_UNIT(.MILLI.,.METRE.) );
#5469 = ( NAMED_UNIT(*) PLANE_ANGLE_UNIT() SI_UNIT($,.RADIAN.) );
#5470 = ( NAMED_UNIT(*) SI_UNIT($,.STERADIAN.) SOLID_ANGLE_UNIT() );
#5471 = UNCERTAINTY_MEASURE_WITH_UNIT(LENGTH_MEASURE(1.E-07),#5468,
  'distance_accuracy_value','confusion accuracy');
#5472 = CONTEXT_DEPENDENT_SHAPE_REPRESENTATION(#5473,#5475);
#5473 = ( REPRESENTATION_RELATIONSHIP('','',#5462,#10) 
REPRESENTATION_RELATIONSHIP_WITH_TRANSFORMATION(#5474) 
SHAPE_REPRESENTATION_RELATIONSHIP() );
#5474 = ITEM_DEFINED_TRANSFORMATION('','',#11,#47);
#5475 = PRODUCT_DEFINITION_SHAPE('Placement','Placement of an item',
  #5476);
#5476 = NEXT_ASSEMBLY_USAGE_OCCURRENCE('13','D2','',#5,#5457,$);
#5477 = PRODUCT_RELATED_PRODUCT_CATEGORY('part',$,(#5459));
#5478 = SHAPE_DEFINITION_REPRESENTATION(#5479,#5485);
#5479 = PRODUCT_DEFINITION_SHAPE('','',#5480);
#5480 = PRODUCT_DEFINITION('design','',#5481,#5484);
#5481 = PRODUCT_DEFINITION_FORMATION('','',#5482);
#5482 = PRODUCT('CQ assembly','CQ assembly','',(#5483));
#5483 = PRODUCT_CONTEXT('',#2,'mechanical');
#5484 = PRODUCT_DEFINITION_CONTEXT('part definition',#2,'design');
#5485 = SHAPE_REPRESENTATION('',(#11,#5486,#5828,#6316,#7006,#7288),
  #7978);
#5486 = MANIFOLD_SOLID_BREP('',#5487);
#5487 = CLOSED_SHELL('',(#5488,#5528,#5575,#5599,#5630,#5670,#5694,#5711
    ,#5742,#5754,#5782,#5794,#5819));
#5488 = ADVANCED_FACE('',(#5489),#5523,.F.);
#5489 = FACE_BOUND('',#5490,.F.);
#5490 = EDGE_LOOP('',(#5491,#5501,#5509,#5517));
#5491 = ORIENTED_EDGE('',*,*,#5492,.T.);
#5492 = EDGE_CURVE('',#5493,#5495,#5497,.T.);
#5493 = VERTEX_POINT('',#5494);
#5494 = CARTESIAN_POINT('',(-3.11,3.25,0.9));
#5495 = VERTEX_POINT('',#5496);
#5496 = CARTESIAN_POINT('',(-3.11,3.25,0.92));
#5497 = LINE('',#5498,#5499);
#5498 = CARTESIAN_POINT('',(-3.11,3.25,2.E-02));
#5499 = VECTOR('',#5500,1.);
#5500 = DIRECTION('',(0.,0.,1.));
#5501 = ORIENTED_EDGE('',*,*,#5502,.T.);
#5502 = EDGE_CURVE('',#5495,#5503,#5505,.T.);
#5503 = VERTEX_POINT('',#5504);
#5504 = CARTESIAN_POINT('',(-3.11,-3.25,0.92));
#5505 = LINE('',#5506,#5507);
#5506 = CARTESIAN_POINT('',(-3.11,3.25,0.92));
#5507 = VECTOR('',#5508,1.);
#5508 = DIRECTION('',(0.,-1.,0.));
#5509 = ORIENTED_EDGE('',*,*,#5510,.F.);
#5510 = EDGE_CURVE('',#5511,#5503,#5513,.T.);
#5511 = VERTEX_POINT('',#5512);
#5512 = CARTESIAN_POINT('',(-3.11,-3.25,0.9));
#5513 = LINE('',#5514,#5515);
#5514 = CARTESIAN_POINT('',(-3.11,-3.25,2.E-02));
#5515 = VECTOR('',#5516,1.);
#5516 = DIRECTION('',(0.,0.,1.));
#5517 = ORIENTED_EDGE('',*,*,#5518,.F.);
#5518 = EDGE_CURVE('',#5493,#5511,#5519,.T.);
#5519 = LINE('',#5520,#5521);
#5520 = CARTESIAN_POINT('',(-3.11,3.25,0.9));
#5521 = VECTOR('',#5522,1.);
#5522 = DIRECTION('',(0.,-1.,0.));
#5523 = PLANE('',#5524);
#5524 = AXIS2_PLACEMENT_3D('',#5525,#5526,#5527);
#5525 = CARTESIAN_POINT('',(-3.11,3.25,2.E-02));
#5526 = DIRECTION('',(1.,0.,0.));
#5527 = DIRECTION('',(0.,-1.,0.));
#5528 = ADVANCED_FACE('',(#5529),#5570,.F.);
#5529 = FACE_BOUND('',#5530,.F.);
#5530 = EDGE_LOOP('',(#5531,#5532,#5540,#5548,#5556,#5564));
#5531 = ORIENTED_EDGE('',*,*,#5492,.F.);
#5532 = ORIENTED_EDGE('',*,*,#5533,.T.);
#5533 = EDGE_CURVE('',#5493,#5534,#5536,.T.);
#5534 = VERTEX_POINT('',#5535);
#5535 = CARTESIAN_POINT('',(-2.91,3.25,2.E-02));
#5536 = LINE('',#5537,#5538);
#5537 = CARTESIAN_POINT('',(-2.812161100196,3.25,-0.410491159136));
#5538 = VECTOR('',#5539,1.);
#5539 = DIRECTION('',(0.221621103589,0.,-0.975132855791));
#5540 = ORIENTED_EDGE('',*,*,#5541,.F.);
#5541 = EDGE_CURVE('',#5542,#5534,#5544,.T.);
#5542 = VERTEX_POINT('',#5543);
#5543 = CARTESIAN_POINT('',(3.11,3.25,2.E-02));
#5544 = LINE('',#5545,#5546);
#5545 = CARTESIAN_POINT('',(3.11,3.25,2.E-02));
#5546 = VECTOR('',#5547,1.);
#5547 = DIRECTION('',(-1.,0.,0.));
#5548 = ORIENTED_EDGE('',*,*,#5549,.T.);
#5549 = EDGE_CURVE('',#5542,#5550,#5552,.T.);
#5550 = VERTEX_POINT('',#5551);
#5551 = CARTESIAN_POINT('',(3.11,3.25,0.52));
#5552 = LINE('',#5553,#5554);
#5553 = CARTESIAN_POINT('',(3.11,3.25,2.E-02));
#5554 = VECTOR('',#5555,1.);
#5555 = DIRECTION('',(0.,0.,1.));
#5556 = ORIENTED_EDGE('',*,*,#5557,.T.);
#5557 = EDGE_CURVE('',#5550,#5558,#5560,.T.);
#5558 = VERTEX_POINT('',#5559);
#5559 = CARTESIAN_POINT('',(2.998888888889,3.25,0.92));
#5560 = LINE('',#5561,#5562);
#5561 = CARTESIAN_POINT('',(3.04946991404,3.25,0.737908309456));
#5562 = VECTOR('',#5563,1.);
#5563 = DIRECTION('',(-0.267643863786,0.,0.96351790963));
#5564 = ORIENTED_EDGE('',*,*,#5565,.T.);
#5565 = EDGE_CURVE('',#5558,#5495,#5566,.T.);
#5566 = LINE('',#5567,#5568);
#5567 = CARTESIAN_POINT('',(2.61,3.25,0.92));
#5568 = VECTOR('',#5569,1.);
#5569 = DIRECTION('',(-1.,0.,0.));
#5570 = PLANE('',#5571);
#5571 = AXIS2_PLACEMENT_3D('',#5572,#5573,#5574);
#5572 = CARTESIAN_POINT('',(3.11,3.25,2.E-02));
#5573 = DIRECTION('',(0.,-1.,0.));
#5574 = DIRECTION('',(-1.,0.,0.));
#5575 = ADVANCED_FACE('',(#5576),#5594,.T.);
#5576 = FACE_BOUND('',#5577,.F.);
#5577 = EDGE_LOOP('',(#5578,#5579,#5580,#5588));
#5578 = ORIENTED_EDGE('',*,*,#5533,.F.);
#5579 = ORIENTED_EDGE('',*,*,#5518,.T.);
#5580 = ORIENTED_EDGE('',*,*,#5581,.T.);
#5581 = EDGE_CURVE('',#5511,#5582,#5584,.T.);
#5582 = VERTEX_POINT('',#5583);
#5583 = CARTESIAN_POINT('',(-2.91,-3.25,2.E-02));
#5584 = LINE('',#5585,#5586);
#5585 = CARTESIAN_POINT('',(-2.964911591356,-3.25,0.261611001965));
#5586 = VECTOR('',#5587,1.);
#5587 = DIRECTION('',(0.221621103589,0.,-0.975132855791));
#5588 = ORIENTED_EDGE('',*,*,#5589,.F.);
#5589 = EDGE_CURVE('',#5534,#5582,#5590,.T.);
#5590 = LINE('',#5591,#5592);
#5591 = CARTESIAN_POINT('',(-2.91,3.25,2.E-02));
#5592 = VECTOR('',#5593,1.);
#5593 = DIRECTION('',(0.,-1.,0.));
#5594 = PLANE('',#5595);
#5595 = AXIS2_PLACEMENT_3D('',#5596,#5597,#5598);
#5596 = CARTESIAN_POINT('',(-3.01,3.25,0.46));
#5597 = DIRECTION('',(-0.975132855791,0.,-0.221621103589));
#5598 = DIRECTION('',(0.,1.,0.));
#5599 = ADVANCED_FACE('',(#5600),#5625,.F.);
#5600 = FACE_BOUND('',#5601,.F.);
#5601 = EDGE_LOOP('',(#5602,#5612,#5618,#5619));
#5602 = ORIENTED_EDGE('',*,*,#5603,.T.);
#5603 = EDGE_CURVE('',#5604,#5606,#5608,.T.);
#5604 = VERTEX_POINT('',#5605);
#5605 = CARTESIAN_POINT('',(-2.61,2.75,2.32));
#5606 = VERTEX_POINT('',#5607);
#5607 = CARTESIAN_POINT('',(-2.61,-2.75,2.32));
#5608 = LINE('',#5609,#5610);
#5609 = CARTESIAN_POINT('',(-2.61,3.25,2.32));
#5610 = VECTOR('',#5611,1.);
#5611 = DIRECTION('',(0.,-1.,0.));
#5612 = ORIENTED_EDGE('',*,*,#5613,.T.);
#5613 = EDGE_CURVE('',#5606,#5503,#5614,.T.);
#5614 = LINE('',#5615,#5616);
#5615 = CARTESIAN_POINT('',(-2.529715447154,-2.669715447154,
    2.544796747967));
#5616 = VECTOR('',#5617,1.);
#5617 = DIRECTION('',(-0.318788356532,-0.318788356532,-0.892607398289));
#5618 = ORIENTED_EDGE('',*,*,#5502,.F.);
#5619 = ORIENTED_EDGE('',*,*,#5620,.F.);
#5620 = EDGE_CURVE('',#5604,#5495,#5621,.T.);
#5621 = LINE('',#5622,#5623);
#5622 = CARTESIAN_POINT('',(-2.594756097561,2.734756097561,
    2.362682926829));
#5623 = VECTOR('',#5624,1.);
#5624 = DIRECTION('',(-0.318788356532,0.318788356532,-0.892607398289));
#5625 = PLANE('',#5626);
#5626 = AXIS2_PLACEMENT_3D('',#5627,#5628,#5629);
#5627 = CARTESIAN_POINT('',(-2.86,3.25,1.62));
#5628 = DIRECTION('',(0.941741911595,7.015149670815E-18,-0.336336396998)
  );
#5629 = DIRECTION('',(6.606460461117E-18,-1.,-2.359450164685E-18));
#5630 = ADVANCED_FACE('',(#5631),#5665,.F.);
#5631 = FACE_BOUND('',#5632,.F.);
#5632 = EDGE_LOOP('',(#5633,#5634,#5642,#5650,#5658,#5664));
#5633 = ORIENTED_EDGE('',*,*,#5510,.T.);
#5634 = ORIENTED_EDGE('',*,*,#5635,.T.);
#5635 = EDGE_CURVE('',#5503,#5636,#5638,.T.);
#5636 = VERTEX_POINT('',#5637);
#5637 = CARTESIAN_POINT('',(2.998888888889,-3.25,0.92));
#5638 = LINE('',#5639,#5640);
#5639 = CARTESIAN_POINT('',(-2.61,-3.25,0.92));
#5640 = VECTOR('',#5641,1.);
#5641 = DIRECTION('',(1.,0.,0.));
#5642 = ORIENTED_EDGE('',*,*,#5643,.F.);
#5643 = EDGE_CURVE('',#5644,#5636,#5646,.T.);
#5644 = VERTEX_POINT('',#5645);
#5645 = CARTESIAN_POINT('',(3.11,-3.25,0.52));
#5646 = LINE('',#5647,#5648);
#5647 = CARTESIAN_POINT('',(2.826690544413,-3.25,1.539914040115));
#5648 = VECTOR('',#5649,1.);
#5649 = DIRECTION('',(-0.267643863786,0.,0.96351790963));
#5650 = ORIENTED_EDGE('',*,*,#5651,.F.);
#5651 = EDGE_CURVE('',#5652,#5644,#5654,.T.);
#5652 = VERTEX_POINT('',#5653);
#5653 = CARTESIAN_POINT('',(3.11,-3.25,2.E-02));
#5654 = LINE('',#5655,#5656);
#5655 = CARTESIAN_POINT('',(3.11,-3.25,2.E-02));
#5656 = VECTOR('',#5657,1.);
#5657 = DIRECTION('',(0.,0.,1.));
#5658 = ORIENTED_EDGE('',*,*,#5659,.F.);
#5659 = EDGE_CURVE('',#5582,#5652,#5660,.T.);
#5660 = LINE('',#5661,#5662);
#5661 = CARTESIAN_POINT('',(-3.11,-3.25,2.E-02));
#5662 = VECTOR('',#5663,1.);
#5663 = DIRECTION('',(1.,0.,0.));
#5664 = ORIENTED_EDGE('',*,*,#5581,.F.);
#5665 = PLANE('',#5666);
#5666 = AXIS2_PLACEMENT_3D('',#5667,#5668,#5669);
#5667 = CARTESIAN_POINT('',(-3.11,-3.25,2.E-02));
#5668 = DIRECTION('',(0.,1.,0.));
#5669 = DIRECTION('',(1.,0.,0.));
#5670 = ADVANCED_FACE('',(#5671),#5689,.F.);
#5671 = FACE_BOUND('',#5672,.F.);
#5672 = EDGE_LOOP('',(#5673,#5681,#5687,#5688));
#5673 = ORIENTED_EDGE('',*,*,#5674,.F.);
#5674 = EDGE_CURVE('',#5675,#5558,#5677,.T.);
#5675 = VERTEX_POINT('',#5676);
#5676 = CARTESIAN_POINT('',(2.61,2.75,2.32));
#5677 = LINE('',#5678,#5679);
#5678 = CARTESIAN_POINT('',(2.56571473387,2.69306180069,2.479426958068)
  );
#5679 = VECTOR('',#5680,1.);
#5680 = DIRECTION('',(0.253078917766,0.325387179985,-0.911084103957));
#5681 = ORIENTED_EDGE('',*,*,#5682,.T.);
#5682 = EDGE_CURVE('',#5675,#5604,#5683,.T.);
#5683 = LINE('',#5684,#5685);
#5684 = CARTESIAN_POINT('',(2.61,2.75,2.32));
#5685 = VECTOR('',#5686,1.);
#5686 = DIRECTION('',(-1.,0.,0.));
#5687 = ORIENTED_EDGE('',*,*,#5620,.T.);
#5688 = ORIENTED_EDGE('',*,*,#5565,.F.);
#5689 = PLANE('',#5690);
#5690 = AXIS2_PLACEMENT_3D('',#5691,#5692,#5693);
#5691 = CARTESIAN_POINT('',(2.61,3.,1.62));
#5692 = DIRECTION('',(7.015149670815E-18,-0.941741911595,-0.336336396998
    ));
#5693 = DIRECTION('',(-1.,-6.606460461117E-18,-2.359450164685E-18));
#5694 = ADVANCED_FACE('',(#5695),#5706,.F.);
#5695 = FACE_BOUND('',#5696,.F.);
#5696 = EDGE_LOOP('',(#5697,#5698,#5704,#5705));
#5697 = ORIENTED_EDGE('',*,*,#5659,.T.);
#5698 = ORIENTED_EDGE('',*,*,#5699,.T.);
#5699 = EDGE_CURVE('',#5652,#5542,#5700,.T.);
#5700 = LINE('',#5701,#5702);
#5701 = CARTESIAN_POINT('',(3.11,-3.25,2.E-02));
#5702 = VECTOR('',#5703,1.);
#5703 = DIRECTION('',(0.,1.,0.));
#5704 = ORIENTED_EDGE('',*,*,#5541,.T.);
#5705 = ORIENTED_EDGE('',*,*,#5589,.T.);
#5706 = PLANE('',#5707);
#5707 = AXIS2_PLACEMENT_3D('',#5708,#5709,#5710);
#5708 = CARTESIAN_POINT('',(-1.396506949214E-16,0.,2.E-02));
#5709 = DIRECTION('',(4.070108102062E-35,-3.727005214102E-35,1.));
#5710 = DIRECTION('',(1.,0.,-4.070108102062E-35));
#5711 = ADVANCED_FACE('',(#5712),#5737,.F.);
#5712 = FACE_BOUND('',#5713,.T.);
#5713 = EDGE_LOOP('',(#5714,#5722,#5728,#5729,#5735,#5736));
#5714 = ORIENTED_EDGE('',*,*,#5715,.F.);
#5715 = EDGE_CURVE('',#5716,#5675,#5718,.T.);
#5716 = VERTEX_POINT('',#5717);
#5717 = CARTESIAN_POINT('',(2.61,-2.75,2.32));
#5718 = LINE('',#5719,#5720);
#5719 = CARTESIAN_POINT('',(2.61,-3.25,2.32));
#5720 = VECTOR('',#5721,1.);
#5721 = DIRECTION('',(0.,1.,0.));
#5722 = ORIENTED_EDGE('',*,*,#5723,.T.);
#5723 = EDGE_CURVE('',#5716,#5636,#5724,.T.);
#5724 = LINE('',#5725,#5726);
#5725 = CARTESIAN_POINT('',(2.666180069016,-2.822231517306,
    2.117751751542));
#5726 = VECTOR('',#5727,1.);
#5727 = DIRECTION('',(0.253078917766,-0.325387179985,-0.911084103957));
#5728 = ORIENTED_EDGE('',*,*,#5643,.F.);
#5729 = ORIENTED_EDGE('',*,*,#5730,.T.);
#5730 = EDGE_CURVE('',#5644,#5550,#5731,.T.);
#5731 = LINE('',#5732,#5733);
#5732 = CARTESIAN_POINT('',(3.11,-3.25,0.52));
#5733 = VECTOR('',#5734,1.);
#5734 = DIRECTION('',(0.,1.,0.));
#5735 = ORIENTED_EDGE('',*,*,#5557,.T.);
#5736 = ORIENTED_EDGE('',*,*,#5674,.F.);
#5737 = PLANE('',#5738);
#5738 = AXIS2_PLACEMENT_3D('',#5739,#5740,#5741);
#5739 = CARTESIAN_POINT('',(2.86,-3.25,1.42));
#5740 = DIRECTION('',(-0.96351790963,0.,-0.267643863786));
#5741 = DIRECTION('',(0.,-1.,0.));
#5742 = ADVANCED_FACE('',(#5743),#5749,.F.);
#5743 = FACE_BOUND('',#5744,.F.);
#5744 = EDGE_LOOP('',(#5745,#5746,#5747,#5748));
#5745 = ORIENTED_EDGE('',*,*,#5651,.T.);
#5746 = ORIENTED_EDGE('',*,*,#5730,.T.);
#5747 = ORIENTED_EDGE('',*,*,#5549,.F.);
#5748 = ORIENTED_EDGE('',*,*,#5699,.F.);
#5749 = PLANE('',#5750);
#5750 = AXIS2_PLACEMENT_3D('',#5751,#5752,#5753);
#5751 = CARTESIAN_POINT('',(3.11,-3.25,2.E-02));
#5752 = DIRECTION('',(-1.,0.,0.));
#5753 = DIRECTION('',(0.,1.,0.));
#5754 = ADVANCED_FACE('',(#5755,#5766),#5777,.T.);
#5755 = FACE_BOUND('',#5756,.T.);
#5756 = EDGE_LOOP('',(#5757,#5758,#5764,#5765));
#5757 = ORIENTED_EDGE('',*,*,#5603,.T.);
#5758 = ORIENTED_EDGE('',*,*,#5759,.T.);
#5759 = EDGE_CURVE('',#5606,#5716,#5760,.T.);
#5760 = LINE('',#5761,#5762);
#5761 = CARTESIAN_POINT('',(-2.61,-2.75,2.32));
#5762 = VECTOR('',#5763,1.);
#5763 = DIRECTION('',(1.,0.,0.));
#5764 = ORIENTED_EDGE('',*,*,#5715,.T.);
#5765 = ORIENTED_EDGE('',*,*,#5682,.T.);
#5766 = FACE_BOUND('',#5767,.T.);
#5767 = EDGE_LOOP('',(#5768));
#5768 = ORIENTED_EDGE('',*,*,#5769,.T.);
#5769 = EDGE_CURVE('',#5770,#5770,#5772,.T.);
#5770 = VERTEX_POINT('',#5771);
#5771 = CARTESIAN_POINT('',(-2.,-1.118303597555E-16,2.32));
#5772 = CIRCLE('',#5773,0.5);
#5773 = AXIS2_PLACEMENT_3D('',#5774,#5775,#5776);
#5774 = CARTESIAN_POINT('',(-1.5,1.063432015924E-17,2.32));
#5775 = DIRECTION('',(-4.070108102062E-35,3.727005214102E-35,-1.));
#5776 = DIRECTION('',(-1.,-1.516931411834E-69,4.070108102062E-35));
#5777 = PLANE('',#5778);
#5778 = AXIS2_PLACEMENT_3D('',#5779,#5780,#5781);
#5779 = CARTESIAN_POINT('',(-1.396506949214E-16,0.,2.32));
#5780 = DIRECTION('',(4.070108102062E-35,-3.727005214102E-35,1.));
#5781 = DIRECTION('',(1.,0.,-4.070108102062E-35));
#5782 = ADVANCED_FACE('',(#5783),#5789,.F.);
#5783 = FACE_BOUND('',#5784,.F.);
#5784 = EDGE_LOOP('',(#5785,#5786,#5787,#5788));
#5785 = ORIENTED_EDGE('',*,*,#5613,.F.);
#5786 = ORIENTED_EDGE('',*,*,#5759,.T.);
#5787 = ORIENTED_EDGE('',*,*,#5723,.T.);
#5788 = ORIENTED_EDGE('',*,*,#5635,.F.);
#5789 = PLANE('',#5790);
#5790 = AXIS2_PLACEMENT_3D('',#5791,#5792,#5793);
#5791 = CARTESIAN_POINT('',(-2.61,-3.,1.62));
#5792 = DIRECTION('',(-7.015149670815E-18,0.941741911595,-0.336336396998
    ));
#5793 = DIRECTION('',(1.,6.606460461117E-18,-2.359450164685E-18));
#5794 = ADVANCED_FACE('',(#5795),#5814,.F.);
#5795 = FACE_BOUND('',#5796,.F.);
#5796 = EDGE_LOOP('',(#5797,#5806,#5812,#5813));
#5797 = ORIENTED_EDGE('',*,*,#5798,.F.);
#5798 = EDGE_CURVE('',#5799,#5799,#5801,.T.);
#5799 = VERTEX_POINT('',#5800);
#5800 = CARTESIAN_POINT('',(-2.,-1.118303597555E-16,2.22));
#5801 = CIRCLE('',#5802,0.5);
#5802 = AXIS2_PLACEMENT_3D('',#5803,#5804,#5805);
#5803 = CARTESIAN_POINT('',(-1.5,1.063432015924E-17,2.22));
#5804 = DIRECTION('',(-4.070108102062E-35,3.727005214102E-35,-1.));
#5805 = DIRECTION('',(-1.,-1.516931411834E-69,4.070108102062E-35));
#5806 = ORIENTED_EDGE('',*,*,#5807,.F.);
#5807 = EDGE_CURVE('',#5770,#5799,#5808,.T.);
#5808 = LINE('',#5809,#5810);
#5809 = CARTESIAN_POINT('',(-2.,-1.118303597555E-16,2.32));
#5810 = VECTOR('',#5811,1.);
#5811 = DIRECTION('',(-4.070108102062E-35,3.727005214102E-35,-1.));
#5812 = ORIENTED_EDGE('',*,*,#5769,.T.);
#5813 = ORIENTED_EDGE('',*,*,#5807,.T.);
#5814 = CYLINDRICAL_SURFACE('',#5815,0.5);
#5815 = AXIS2_PLACEMENT_3D('',#5816,#5817,#5818);
#5816 = CARTESIAN_POINT('',(-1.5,1.063432015924E-17,2.32));
#5817 = DIRECTION('',(-4.070108102062E-35,3.727005214102E-35,-1.));
#5818 = DIRECTION('',(-1.,-1.516931411834E-69,4.070108102062E-35));
#5819 = ADVANCED_FACE('',(#5820),#5823,.F.);
#5820 = FACE_BOUND('',#5821,.F.);
#5821 = EDGE_LOOP('',(#5822));
#5822 = ORIENTED_EDGE('',*,*,#5798,.T.);
#5823 = PLANE('',#5824);
#5824 = AXIS2_PLACEMENT_3D('',#5825,#5826,#5827);
#5825 = CARTESIAN_POINT('',(-1.5,1.063432015924E-17,2.22));
#5826 = DIRECTION('',(-4.070108102062E-35,3.727005214102E-35,-1.));
#5827 = DIRECTION('',(-1.,-1.516931411834E-69,4.070108102062E-35));
#5828 = MANIFOLD_SOLID_BREP('',#5829);
#5829 = CLOSED_SHELL('',(#5830,#5870,#5903,#6010,#6035,#6134,#6151,#6168
    ,#6185,#6202,#6219,#6236,#6253,#6270,#6287,#6304));
#5830 = ADVANCED_FACE('',(#5831),#5865,.T.);
#5831 = FACE_BOUND('',#5832,.T.);
#5832 = EDGE_LOOP('',(#5833,#5843,#5851,#5859));
#5833 = ORIENTED_EDGE('',*,*,#5834,.F.);
#5834 = EDGE_CURVE('',#5835,#5837,#5839,.T.);
#5835 = VERTEX_POINT('',#5836);
#5836 = CARTESIAN_POINT('',(4.11,-2.66,0.));
#5837 = VERTEX_POINT('',#5838);
#5838 = CARTESIAN_POINT('',(4.11,-2.66,0.5));
#5839 = LINE('',#5840,#5841);
#5840 = CARTESIAN_POINT('',(4.11,-2.66,0.));
#5841 = VECTOR('',#5842,1.);
#5842 = DIRECTION('',(0.,0.,1.));
#5843 = ORIENTED_EDGE('',*,*,#5844,.T.);
#5844 = EDGE_CURVE('',#5835,#5845,#5847,.T.);
#5845 = VERTEX_POINT('',#5846);
#5846 = CARTESIAN_POINT('',(4.11,-1.97,0.));
#5847 = LINE('',#5848,#5849);
#5848 = CARTESIAN_POINT('',(4.11,-2.7,0.));
#5849 = VECTOR('',#5850,1.);
#5850 = DIRECTION('',(0.,1.,0.));
#5851 = ORIENTED_EDGE('',*,*,#5852,.F.);
#5852 = EDGE_CURVE('',#5853,#5845,#5855,.T.);
#5853 = VERTEX_POINT('',#5854);
#5854 = CARTESIAN_POINT('',(4.11,-1.97,0.5));
#5855 = LINE('',#5856,#5857);
#5856 = CARTESIAN_POINT('',(4.11,-1.97,0.));
#5857 = VECTOR('',#5858,1.);
#5858 = DIRECTION('',(-0.,-0.,-1.));
#5859 = ORIENTED_EDGE('',*,*,#5860,.T.);
#5860 = EDGE_CURVE('',#5853,#5837,#5861,.T.);
#5861 = LINE('',#5862,#5863);
#5862 = CARTESIAN_POINT('',(4.11,2.7,0.5));
#5863 = VECTOR('',#5864,1.);
#5864 = DIRECTION('',(0.,-1.,0.));
#5865 = PLANE('',#5866);
#5866 = AXIS2_PLACEMENT_3D('',#5867,#5868,#5869);
#5867 = CARTESIAN_POINT('',(4.11,0.,0.));
#5868 = DIRECTION('',(1.,0.,0.));
#5869 = DIRECTION('',(0.,-1.,0.));
#5870 = ADVANCED_FACE('',(#5871),#5898,.T.);
#5871 = FACE_BOUND('',#5872,.T.);
#5872 = EDGE_LOOP('',(#5873,#5874,#5883,#5891));
#5873 = ORIENTED_EDGE('',*,*,#5834,.T.);
#5874 = ORIENTED_EDGE('',*,*,#5875,.T.);
#5875 = EDGE_CURVE('',#5837,#5876,#5878,.T.);
#5876 = VERTEX_POINT('',#5877);
#5877 = CARTESIAN_POINT('',(4.07,-2.7,0.5));
#5878 = CIRCLE('',#5879,4.E-02);
#5879 = AXIS2_PLACEMENT_3D('',#5880,#5881,#5882);
#5880 = CARTESIAN_POINT('',(4.07,-2.66,0.5));
#5881 = DIRECTION('',(-0.,-0.,-1.));
#5882 = DIRECTION('',(0.,-1.,0.));
#5883 = ORIENTED_EDGE('',*,*,#5884,.F.);
#5884 = EDGE_CURVE('',#5885,#5876,#5887,.T.);
#5885 = VERTEX_POINT('',#5886);
#5886 = CARTESIAN_POINT('',(4.07,-2.7,0.));
#5887 = LINE('',#5888,#5889);
#5888 = CARTESIAN_POINT('',(4.07,-2.7,0.));
#5889 = VECTOR('',#5890,1.);
#5890 = DIRECTION('',(0.,0.,1.));
#5891 = ORIENTED_EDGE('',*,*,#5892,.F.);
#5892 = EDGE_CURVE('',#5835,#5885,#5893,.T.);
#5893 = CIRCLE('',#5894,4.E-02);
#5894 = AXIS2_PLACEMENT_3D('',#5895,#5896,#5897);
#5895 = CARTESIAN_POINT('',(4.07,-2.66,0.));
#5896 = DIRECTION('',(-0.,-0.,-1.));
#5897 = DIRECTION('',(0.,-1.,0.));
#5898 = CYLINDRICAL_SURFACE('',#5899,4.E-02);
#5899 = AXIS2_PLACEMENT_3D('',#5900,#5901,#5902);
#5900 = CARTESIAN_POINT('',(4.07,-2.66,0.));
#5901 = DIRECTION('',(0.,0.,1.));
#5902 = DIRECTION('',(1.,0.,0.));
#5903 = ADVANCED_FACE('',(#5904),#6005,.F.);
#5904 = FACE_BOUND('',#5905,.F.);
#5905 = EDGE_LOOP('',(#5906,#5907,#5915,#5923,#5931,#5939,#5947,#5955,
    #5963,#5972,#5980,#5989,#5997,#6004));
#5906 = ORIENTED_EDGE('',*,*,#5875,.T.);
#5907 = ORIENTED_EDGE('',*,*,#5908,.T.);
#5908 = EDGE_CURVE('',#5876,#5909,#5911,.T.);
#5909 = VERTEX_POINT('',#5910);
#5910 = CARTESIAN_POINT('',(3.11,-2.7,0.5));
#5911 = LINE('',#5912,#5913);
#5912 = CARTESIAN_POINT('',(4.11,-2.7,0.5));
#5913 = VECTOR('',#5914,1.);
#5914 = DIRECTION('',(-1.,0.,0.));
#5915 = ORIENTED_EDGE('',*,*,#5916,.T.);
#5916 = EDGE_CURVE('',#5909,#5917,#5919,.T.);
#5917 = VERTEX_POINT('',#5918);
#5918 = CARTESIAN_POINT('',(3.11,-2.16,0.5));
#5919 = LINE('',#5920,#5921);
#5920 = CARTESIAN_POINT('',(3.11,-2.7,0.5));
#5921 = VECTOR('',#5922,1.);
#5922 = DIRECTION('',(0.,1.,0.));
#5923 = ORIENTED_EDGE('',*,*,#5924,.T.);
#5924 = EDGE_CURVE('',#5917,#5925,#5927,.T.);
#5925 = VERTEX_POINT('',#5926);
#5926 = CARTESIAN_POINT('',(-1.13,-2.16,0.5));
#5927 = LINE('',#5928,#5929);
#5928 = CARTESIAN_POINT('',(3.11,-2.16,0.5));
#5929 = VECTOR('',#5930,1.);
#5930 = DIRECTION('',(-1.,0.,0.));
#5931 = ORIENTED_EDGE('',*,*,#5932,.T.);
#5932 = EDGE_CURVE('',#5925,#5933,#5935,.T.);
#5933 = VERTEX_POINT('',#5934);
#5934 = CARTESIAN_POINT('',(-1.13,2.16,0.5));
#5935 = LINE('',#5936,#5937);
#5936 = CARTESIAN_POINT('',(-1.13,-2.16,0.5));
#5937 = VECTOR('',#5938,1.);
#5938 = DIRECTION('',(0.,1.,0.));
#5939 = ORIENTED_EDGE('',*,*,#5940,.T.);
#5940 = EDGE_CURVE('',#5933,#5941,#5943,.T.);
#5941 = VERTEX_POINT('',#5942);
#5942 = CARTESIAN_POINT('',(3.11,2.16,0.5));
#5943 = LINE('',#5944,#5945);
#5944 = CARTESIAN_POINT('',(-1.13,2.16,0.5));
#5945 = VECTOR('',#5946,1.);
#5946 = DIRECTION('',(1.,0.,0.));
#5947 = ORIENTED_EDGE('',*,*,#5948,.T.);
#5948 = EDGE_CURVE('',#5941,#5949,#5951,.T.);
#5949 = VERTEX_POINT('',#5950);
#5950 = CARTESIAN_POINT('',(3.11,2.7,0.5));
#5951 = LINE('',#5952,#5953);
#5952 = CARTESIAN_POINT('',(3.11,2.16,0.5));
#5953 = VECTOR('',#5954,1.);
#5954 = DIRECTION('',(0.,1.,0.));
#5955 = ORIENTED_EDGE('',*,*,#5956,.T.);
#5956 = EDGE_CURVE('',#5949,#5957,#5959,.T.);
#5957 = VERTEX_POINT('',#5958);
#5958 = CARTESIAN_POINT('',(4.07,2.7,0.5));
#5959 = LINE('',#5960,#5961);
#5960 = CARTESIAN_POINT('',(3.11,2.7,0.5));
#5961 = VECTOR('',#5962,1.);
#5962 = DIRECTION('',(1.,0.,0.));
#5963 = ORIENTED_EDGE('',*,*,#5964,.F.);
#5964 = EDGE_CURVE('',#5965,#5957,#5967,.T.);
#5965 = VERTEX_POINT('',#5966);
#5966 = CARTESIAN_POINT('',(4.11,2.66,0.5));
#5967 = CIRCLE('',#5968,4.E-02);
#5968 = AXIS2_PLACEMENT_3D('',#5969,#5970,#5971);
#5969 = CARTESIAN_POINT('',(4.07,2.66,0.5));
#5970 = DIRECTION('',(-0.,0.,1.));
#5971 = DIRECTION('',(0.,-1.,0.));
#5972 = ORIENTED_EDGE('',*,*,#5973,.T.);
#5973 = EDGE_CURVE('',#5965,#5974,#5976,.T.);
#5974 = VERTEX_POINT('',#5975);
#5975 = CARTESIAN_POINT('',(4.11,1.97,0.5));
#5976 = LINE('',#5977,#5978);
#5977 = CARTESIAN_POINT('',(4.11,2.7,0.5));
#5978 = VECTOR('',#5979,1.);
#5979 = DIRECTION('',(0.,-1.,0.));
#5980 = ORIENTED_EDGE('',*,*,#5981,.F.);
#5981 = EDGE_CURVE('',#5982,#5974,#5984,.T.);
#5982 = VERTEX_POINT('',#5983);
#5983 = CARTESIAN_POINT('',(4.03,1.89,0.5));
#5984 = CIRCLE('',#5985,8.E-02);
#5985 = AXIS2_PLACEMENT_3D('',#5986,#5987,#5988);
#5986 = CARTESIAN_POINT('',(4.11,1.89,0.5));
#5987 = DIRECTION('',(0.,0.,-1.));
#5988 = DIRECTION('',(1.,0.,0.));
#5989 = ORIENTED_EDGE('',*,*,#5990,.T.);
#5990 = EDGE_CURVE('',#5982,#5991,#5993,.T.);
#5991 = VERTEX_POINT('',#5992);
#5992 = CARTESIAN_POINT('',(4.03,-1.89,0.5));
#5993 = LINE('',#5994,#5995);
#5994 = CARTESIAN_POINT('',(4.03,1.89,0.5));
#5995 = VECTOR('',#5996,1.);
#5996 = DIRECTION('',(0.,-1.,0.));
#5997 = ORIENTED_EDGE('',*,*,#5998,.F.);
#5998 = EDGE_CURVE('',#5853,#5991,#5999,.T.);
#5999 = CIRCLE('',#6000,8.E-02);
#6000 = AXIS2_PLACEMENT_3D('',#6001,#6002,#6003);
#6001 = CARTESIAN_POINT('',(4.11,-1.89,0.5));
#6002 = DIRECTION('',(0.,0.,-1.));
#6003 = DIRECTION('',(1.,0.,0.));
#6004 = ORIENTED_EDGE('',*,*,#5860,.T.);
#6005 = PLANE('',#6006);
#6006 = AXIS2_PLACEMENT_3D('',#6007,#6008,#6009);
#6007 = CARTESIAN_POINT('',(1.705187969925,6.260656153901E-17,0.5));
#6008 = DIRECTION('',(-0.,-0.,-1.));
#6009 = DIRECTION('',(-1.,0.,0.));
#6010 = ADVANCED_FACE('',(#6011),#6030,.F.);
#6011 = FACE_BOUND('',#6012,.F.);
#6012 = EDGE_LOOP('',(#6013,#6014,#6022,#6029));
#6013 = ORIENTED_EDGE('',*,*,#5998,.T.);
#6014 = ORIENTED_EDGE('',*,*,#6015,.F.);
#6015 = EDGE_CURVE('',#6016,#5991,#6018,.T.);
#6016 = VERTEX_POINT('',#6017);
#6017 = CARTESIAN_POINT('',(4.03,-1.89,0.));
#6018 = LINE('',#6019,#6020);
#6019 = CARTESIAN_POINT('',(4.03,-1.89,0.));
#6020 = VECTOR('',#6021,1.);
#6021 = DIRECTION('',(0.,0.,1.));
#6022 = ORIENTED_EDGE('',*,*,#6023,.T.);
#6023 = EDGE_CURVE('',#6016,#5845,#6024,.T.);
#6024 = CIRCLE('',#6025,8.E-02);
#6025 = AXIS2_PLACEMENT_3D('',#6026,#6027,#6028);
#6026 = CARTESIAN_POINT('',(4.11,-1.89,0.));
#6027 = DIRECTION('',(0.,0.,1.));
#6028 = DIRECTION('',(1.,0.,0.));
#6029 = ORIENTED_EDGE('',*,*,#5852,.F.);
#6030 = CYLINDRICAL_SURFACE('',#6031,8.E-02);
#6031 = AXIS2_PLACEMENT_3D('',#6032,#6033,#6034);
#6032 = CARTESIAN_POINT('',(4.11,-1.89,0.));
#6033 = DIRECTION('',(-0.,-0.,-1.));
#6034 = DIRECTION('',(1.,0.,0.));
#6035 = ADVANCED_FACE('',(#6036),#6129,.T.);
#6036 = FACE_BOUND('',#6037,.T.);
#6037 = EDGE_LOOP('',(#6038,#6039,#6040,#6048,#6056,#6064,#6072,#6080,
    #6088,#6096,#6105,#6113,#6122,#6128));
#6038 = ORIENTED_EDGE('',*,*,#5844,.F.);
#6039 = ORIENTED_EDGE('',*,*,#5892,.T.);
#6040 = ORIENTED_EDGE('',*,*,#6041,.T.);
#6041 = EDGE_CURVE('',#5885,#6042,#6044,.T.);
#6042 = VERTEX_POINT('',#6043);
#6043 = CARTESIAN_POINT('',(3.11,-2.7,0.));
#6044 = LINE('',#6045,#6046);
#6045 = CARTESIAN_POINT('',(4.11,-2.7,0.));
#6046 = VECTOR('',#6047,1.);
#6047 = DIRECTION('',(-1.,0.,0.));
#6048 = ORIENTED_EDGE('',*,*,#6049,.T.);
#6049 = EDGE_CURVE('',#6042,#6050,#6052,.T.);
#6050 = VERTEX_POINT('',#6051);
#6051 = CARTESIAN_POINT('',(3.11,-2.16,0.));
#6052 = LINE('',#6053,#6054);
#6053 = CARTESIAN_POINT('',(3.11,-2.7,0.));
#6054 = VECTOR('',#6055,1.);
#6055 = DIRECTION('',(0.,1.,0.));
#6056 = ORIENTED_EDGE('',*,*,#6057,.T.);
#6057 = EDGE_CURVE('',#6050,#6058,#6060,.T.);
#6058 = VERTEX_POINT('',#6059);
#6059 = CARTESIAN_POINT('',(-1.13,-2.16,0.));
#6060 = LINE('',#6061,#6062);
#6061 = CARTESIAN_POINT('',(3.11,-2.16,0.));
#6062 = VECTOR('',#6063,1.);
#6063 = DIRECTION('',(-1.,0.,0.));
#6064 = ORIENTED_EDGE('',*,*,#6065,.T.);
#6065 = EDGE_CURVE('',#6058,#6066,#6068,.T.);
#6066 = VERTEX_POINT('',#6067);
#6067 = CARTESIAN_POINT('',(-1.13,2.16,0.));
#6068 = LINE('',#6069,#6070);
#6069 = CARTESIAN_POINT('',(-1.13,-2.16,0.));
#6070 = VECTOR('',#6071,1.);
#6071 = DIRECTION('',(0.,1.,0.));
#6072 = ORIENTED_EDGE('',*,*,#6073,.T.);
#6073 = EDGE_CURVE('',#6066,#6074,#6076,.T.);
#6074 = VERTEX_POINT('',#6075);
#6075 = CARTESIAN_POINT('',(3.11,2.16,0.));
#6076 = LINE('',#6077,#6078);
#6077 = CARTESIAN_POINT('',(-1.13,2.16,0.));
#6078 = VECTOR('',#6079,1.);
#6079 = DIRECTION('',(1.,0.,0.));
#6080 = ORIENTED_EDGE('',*,*,#6081,.T.);
#6081 = EDGE_CURVE('',#6074,#6082,#6084,.T.);
#6082 = VERTEX_POINT('',#6083);
#6083 = CARTESIAN_POINT('',(3.11,2.7,0.));
#6084 = LINE('',#6085,#6086);
#6085 = CARTESIAN_POINT('',(3.11,2.16,0.));
#6086 = VECTOR('',#6087,1.);
#6087 = DIRECTION('',(0.,1.,0.));
#6088 = ORIENTED_EDGE('',*,*,#6089,.T.);
#6089 = EDGE_CURVE('',#6082,#6090,#6092,.T.);
#6090 = VERTEX_POINT('',#6091);
#6091 = CARTESIAN_POINT('',(4.07,2.7,0.));
#6092 = LINE('',#6093,#6094);
#6093 = CARTESIAN_POINT('',(3.11,2.7,0.));
#6094 = VECTOR('',#6095,1.);
#6095 = DIRECTION('',(1.,0.,0.));
#6096 = ORIENTED_EDGE('',*,*,#6097,.F.);
#6097 = EDGE_CURVE('',#6098,#6090,#6100,.T.);
#6098 = VERTEX_POINT('',#6099);
#6099 = CARTESIAN_POINT('',(4.11,2.66,0.));
#6100 = CIRCLE('',#6101,4.E-02);
#6101 = AXIS2_PLACEMENT_3D('',#6102,#6103,#6104);
#6102 = CARTESIAN_POINT('',(4.07,2.66,0.));
#6103 = DIRECTION('',(-0.,0.,1.));
#6104 = DIRECTION('',(0.,-1.,0.));
#6105 = ORIENTED_EDGE('',*,*,#6106,.F.);
#6106 = EDGE_CURVE('',#6107,#6098,#6109,.T.);
#6107 = VERTEX_POINT('',#6108);
#6108 = CARTESIAN_POINT('',(4.11,1.97,0.));
#6109 = LINE('',#6110,#6111);
#6110 = CARTESIAN_POINT('',(4.11,-2.7,0.));
#6111 = VECTOR('',#6112,1.);
#6112 = DIRECTION('',(0.,1.,0.));
#6113 = ORIENTED_EDGE('',*,*,#6114,.T.);
#6114 = EDGE_CURVE('',#6107,#6115,#6117,.T.);
#6115 = VERTEX_POINT('',#6116);
#6116 = CARTESIAN_POINT('',(4.03,1.89,0.));
#6117 = CIRCLE('',#6118,8.E-02);
#6118 = AXIS2_PLACEMENT_3D('',#6119,#6120,#6121);
#6119 = CARTESIAN_POINT('',(4.11,1.89,0.));
#6120 = DIRECTION('',(0.,0.,1.));
#6121 = DIRECTION('',(1.,0.,0.));
#6122 = ORIENTED_EDGE('',*,*,#6123,.T.);
#6123 = EDGE_CURVE('',#6115,#6016,#6124,.T.);
#6124 = LINE('',#6125,#6126);
#6125 = CARTESIAN_POINT('',(4.03,1.89,0.));
#6126 = VECTOR('',#6127,1.);
#6127 = DIRECTION('',(0.,-1.,0.));
#6128 = ORIENTED_EDGE('',*,*,#6023,.T.);
#6129 = PLANE('',#6130);
#6130 = AXIS2_PLACEMENT_3D('',#6131,#6132,#6133);
#6131 = CARTESIAN_POINT('',(1.705187969925,6.260656153901E-17,0.));
#6132 = DIRECTION('',(-0.,-0.,-1.));
#6133 = DIRECTION('',(-1.,0.,0.));
#6134 = ADVANCED_FACE('',(#6135),#6146,.T.);
#6135 = FACE_BOUND('',#6136,.T.);
#6136 = EDGE_LOOP('',(#6137,#6138,#6139,#6140));
#6137 = ORIENTED_EDGE('',*,*,#6041,.F.);
#6138 = ORIENTED_EDGE('',*,*,#5884,.T.);
#6139 = ORIENTED_EDGE('',*,*,#5908,.T.);
#6140 = ORIENTED_EDGE('',*,*,#6141,.F.);
#6141 = EDGE_CURVE('',#6042,#5909,#6142,.T.);
#6142 = LINE('',#6143,#6144);
#6143 = CARTESIAN_POINT('',(3.11,-2.7,0.));
#6144 = VECTOR('',#6145,1.);
#6145 = DIRECTION('',(0.,0.,1.));
#6146 = PLANE('',#6147);
#6147 = AXIS2_PLACEMENT_3D('',#6148,#6149,#6150);
#6148 = CARTESIAN_POINT('',(4.11,-2.7,0.));
#6149 = DIRECTION('',(0.,-1.,0.));
#6150 = DIRECTION('',(-1.,0.,0.));
#6151 = ADVANCED_FACE('',(#6152),#6163,.T.);
#6152 = FACE_BOUND('',#6153,.T.);
#6153 = EDGE_LOOP('',(#6154,#6160,#6161,#6162));
#6154 = ORIENTED_EDGE('',*,*,#6155,.T.);
#6155 = EDGE_CURVE('',#6115,#5982,#6156,.T.);
#6156 = LINE('',#6157,#6158);
#6157 = CARTESIAN_POINT('',(4.03,1.89,0.));
#6158 = VECTOR('',#6159,1.);
#6159 = DIRECTION('',(0.,0.,1.));
#6160 = ORIENTED_EDGE('',*,*,#5990,.T.);
#6161 = ORIENTED_EDGE('',*,*,#6015,.F.);
#6162 = ORIENTED_EDGE('',*,*,#6123,.F.);
#6163 = PLANE('',#6164);
#6164 = AXIS2_PLACEMENT_3D('',#6165,#6166,#6167);
#6165 = CARTESIAN_POINT('',(4.03,1.89,0.));
#6166 = DIRECTION('',(1.,0.,0.));
#6167 = DIRECTION('',(0.,-1.,0.));
#6168 = ADVANCED_FACE('',(#6169),#6180,.F.);
#6169 = FACE_BOUND('',#6170,.F.);
#6170 = EDGE_LOOP('',(#6171,#6172,#6173,#6179));
#6171 = ORIENTED_EDGE('',*,*,#6155,.T.);
#6172 = ORIENTED_EDGE('',*,*,#5981,.T.);
#6173 = ORIENTED_EDGE('',*,*,#6174,.T.);
#6174 = EDGE_CURVE('',#5974,#6107,#6175,.T.);
#6175 = LINE('',#6176,#6177);
#6176 = CARTESIAN_POINT('',(4.11,1.97,0.));
#6177 = VECTOR('',#6178,1.);
#6178 = DIRECTION('',(-0.,-0.,-1.));
#6179 = ORIENTED_EDGE('',*,*,#6114,.T.);
#6180 = CYLINDRICAL_SURFACE('',#6181,8.E-02);
#6181 = AXIS2_PLACEMENT_3D('',#6182,#6183,#6184);
#6182 = CARTESIAN_POINT('',(4.11,1.89,0.));
#6183 = DIRECTION('',(-0.,-0.,-1.));
#6184 = DIRECTION('',(1.,0.,0.));
#6185 = ADVANCED_FACE('',(#6186),#6197,.T.);
#6186 = FACE_BOUND('',#6187,.T.);
#6187 = EDGE_LOOP('',(#6188,#6189,#6190,#6196));
#6188 = ORIENTED_EDGE('',*,*,#6174,.T.);
#6189 = ORIENTED_EDGE('',*,*,#6106,.T.);
#6190 = ORIENTED_EDGE('',*,*,#6191,.T.);
#6191 = EDGE_CURVE('',#6098,#5965,#6192,.T.);
#6192 = LINE('',#6193,#6194);
#6193 = CARTESIAN_POINT('',(4.11,2.66,0.));
#6194 = VECTOR('',#6195,1.);
#6195 = DIRECTION('',(0.,0.,1.));
#6196 = ORIENTED_EDGE('',*,*,#5973,.T.);
#6197 = PLANE('',#6198);
#6198 = AXIS2_PLACEMENT_3D('',#6199,#6200,#6201);
#6199 = CARTESIAN_POINT('',(4.11,0.,0.));
#6200 = DIRECTION('',(1.,0.,0.));
#6201 = DIRECTION('',(0.,-1.,0.));
#6202 = ADVANCED_FACE('',(#6203),#6214,.T.);
#6203 = FACE_BOUND('',#6204,.T.);
#6204 = EDGE_LOOP('',(#6205,#6206,#6212,#6213));
#6205 = ORIENTED_EDGE('',*,*,#6097,.T.);
#6206 = ORIENTED_EDGE('',*,*,#6207,.T.);
#6207 = EDGE_CURVE('',#6090,#5957,#6208,.T.);
#6208 = LINE('',#6209,#6210);
#6209 = CARTESIAN_POINT('',(4.07,2.7,0.));
#6210 = VECTOR('',#6211,1.);
#6211 = DIRECTION('',(0.,0.,1.));
#6212 = ORIENTED_EDGE('',*,*,#5964,.F.);
#6213 = ORIENTED_EDGE('',*,*,#6191,.F.);
#6214 = CYLINDRICAL_SURFACE('',#6215,4.E-02);
#6215 = AXIS2_PLACEMENT_3D('',#6216,#6217,#6218);
#6216 = CARTESIAN_POINT('',(4.07,2.66,0.));
#6217 = DIRECTION('',(0.,0.,1.));
#6218 = DIRECTION('',(1.,0.,0.));
#6219 = ADVANCED_FACE('',(#6220),#6231,.T.);
#6220 = FACE_BOUND('',#6221,.T.);
#6221 = EDGE_LOOP('',(#6222,#6223,#6229,#6230));
#6222 = ORIENTED_EDGE('',*,*,#6089,.F.);
#6223 = ORIENTED_EDGE('',*,*,#6224,.T.);
#6224 = EDGE_CURVE('',#6082,#5949,#6225,.T.);
#6225 = LINE('',#6226,#6227);
#6226 = CARTESIAN_POINT('',(3.11,2.7,0.));
#6227 = VECTOR('',#6228,1.);
#6228 = DIRECTION('',(0.,0.,1.));
#6229 = ORIENTED_EDGE('',*,*,#5956,.T.);
#6230 = ORIENTED_EDGE('',*,*,#6207,.F.);
#6231 = PLANE('',#6232);
#6232 = AXIS2_PLACEMENT_3D('',#6233,#6234,#6235);
#6233 = CARTESIAN_POINT('',(3.11,2.7,0.));
#6234 = DIRECTION('',(0.,1.,0.));
#6235 = DIRECTION('',(1.,0.,0.));
#6236 = ADVANCED_FACE('',(#6237),#6248,.T.);
#6237 = FACE_BOUND('',#6238,.T.);
#6238 = EDGE_LOOP('',(#6239,#6245,#6246,#6247));
#6239 = ORIENTED_EDGE('',*,*,#6240,.T.);
#6240 = EDGE_CURVE('',#6074,#5941,#6241,.T.);
#6241 = LINE('',#6242,#6243);
#6242 = CARTESIAN_POINT('',(3.11,2.16,0.));
#6243 = VECTOR('',#6244,1.);
#6244 = DIRECTION('',(0.,0.,1.));
#6245 = ORIENTED_EDGE('',*,*,#5948,.T.);
#6246 = ORIENTED_EDGE('',*,*,#6224,.F.);
#6247 = ORIENTED_EDGE('',*,*,#6081,.F.);
#6248 = PLANE('',#6249);
#6249 = AXIS2_PLACEMENT_3D('',#6250,#6251,#6252);
#6250 = CARTESIAN_POINT('',(3.11,2.16,0.));
#6251 = DIRECTION('',(-1.,0.,0.));
#6252 = DIRECTION('',(0.,1.,0.));
#6253 = ADVANCED_FACE('',(#6254),#6265,.T.);
#6254 = FACE_BOUND('',#6255,.T.);
#6255 = EDGE_LOOP('',(#6256,#6262,#6263,#6264));
#6256 = ORIENTED_EDGE('',*,*,#6257,.T.);
#6257 = EDGE_CURVE('',#6066,#5933,#6258,.T.);
#6258 = LINE('',#6259,#6260);
#6259 = CARTESIAN_POINT('',(-1.13,2.16,0.));
#6260 = VECTOR('',#6261,1.);
#6261 = DIRECTION('',(0.,0.,1.));
#6262 = ORIENTED_EDGE('',*,*,#5940,.T.);
#6263 = ORIENTED_EDGE('',*,*,#6240,.F.);
#6264 = ORIENTED_EDGE('',*,*,#6073,.F.);
#6265 = PLANE('',#6266);
#6266 = AXIS2_PLACEMENT_3D('',#6267,#6268,#6269);
#6267 = CARTESIAN_POINT('',(-1.13,2.16,0.));
#6268 = DIRECTION('',(0.,1.,0.));
#6269 = DIRECTION('',(1.,0.,0.));
#6270 = ADVANCED_FACE('',(#6271),#6282,.T.);
#6271 = FACE_BOUND('',#6272,.T.);
#6272 = EDGE_LOOP('',(#6273,#6279,#6280,#6281));
#6273 = ORIENTED_EDGE('',*,*,#6274,.T.);
#6274 = EDGE_CURVE('',#6058,#5925,#6275,.T.);
#6275 = LINE('',#6276,#6277);
#6276 = CARTESIAN_POINT('',(-1.13,-2.16,0.));
#6277 = VECTOR('',#6278,1.);
#6278 = DIRECTION('',(0.,0.,1.));
#6279 = ORIENTED_EDGE('',*,*,#5932,.T.);
#6280 = ORIENTED_EDGE('',*,*,#6257,.F.);
#6281 = ORIENTED_EDGE('',*,*,#6065,.F.);
#6282 = PLANE('',#6283);
#6283 = AXIS2_PLACEMENT_3D('',#6284,#6285,#6286);
#6284 = CARTESIAN_POINT('',(-1.13,-2.16,0.));
#6285 = DIRECTION('',(-1.,0.,0.));
#6286 = DIRECTION('',(0.,1.,0.));
#6287 = ADVANCED_FACE('',(#6288),#6299,.T.);
#6288 = FACE_BOUND('',#6289,.T.);
#6289 = EDGE_LOOP('',(#6290,#6296,#6297,#6298));
#6290 = ORIENTED_EDGE('',*,*,#6291,.T.);
#6291 = EDGE_CURVE('',#6050,#5917,#6292,.T.);
#6292 = LINE('',#6293,#6294);
#6293 = CARTESIAN_POINT('',(3.11,-2.16,0.));
#6294 = VECTOR('',#6295,1.);
#6295 = DIRECTION('',(0.,0.,1.));
#6296 = ORIENTED_EDGE('',*,*,#5924,.T.);
#6297 = ORIENTED_EDGE('',*,*,#6274,.F.);
#6298 = ORIENTED_EDGE('',*,*,#6057,.F.);
#6299 = PLANE('',#6300);
#6300 = AXIS2_PLACEMENT_3D('',#6301,#6302,#6303);
#6301 = CARTESIAN_POINT('',(3.11,-2.16,0.));
#6302 = DIRECTION('',(0.,-1.,0.));
#6303 = DIRECTION('',(-1.,0.,0.));
#6304 = ADVANCED_FACE('',(#6305),#6311,.T.);
#6305 = FACE_BOUND('',#6306,.T.);
#6306 = EDGE_LOOP('',(#6307,#6308,#6309,#6310));
#6307 = ORIENTED_EDGE('',*,*,#6141,.T.);
#6308 = ORIENTED_EDGE('',*,*,#5916,.T.);
#6309 = ORIENTED_EDGE('',*,*,#6291,.F.);
#6310 = ORIENTED_EDGE('',*,*,#6049,.F.);
#6311 = PLANE('',#6312);
#6312 = AXIS2_PLACEMENT_3D('',#6313,#6314,#6315);
#6313 = CARTESIAN_POINT('',(3.11,-2.7,0.));
#6314 = DIRECTION('',(-1.,0.,0.));
#6315 = DIRECTION('',(0.,1.,0.));
#6316 = MANIFOLD_SOLID_BREP('',#6317);
#6317 = CLOSED_SHELL('',(#6318,#6376,#6442,#6498,#6522,#6578,#6637,#6654
    ,#6671,#6738,#6755,#6786,#6810,#6835,#6852,#6876,#6901,#6918,#6941,
    #6958,#6977,#6994));
#6318 = ADVANCED_FACE('',(#6319),#6371,.T.);
#6319 = FACE_BOUND('',#6320,.T.);
#6320 = EDGE_LOOP('',(#6321,#6332,#6340,#6349,#6357,#6365));
#6321 = ORIENTED_EDGE('',*,*,#6322,.T.);
#6322 = EDGE_CURVE('',#6323,#6325,#6327,.T.);
#6323 = VERTEX_POINT('',#6324);
#6324 = CARTESIAN_POINT('',(-4.237701336216,-1.785,0.93988764291));
#6325 = VERTEX_POINT('',#6326);
#6326 = CARTESIAN_POINT('',(-4.24,-1.785,0.939877074976));
#6327 = CIRCLE('',#6328,0.25);
#6328 = AXIS2_PLACEMENT_3D('',#6329,#6330,#6331);
#6329 = CARTESIAN_POINT('',(-4.237701336216,-1.785,0.68988764291));
#6330 = DIRECTION('',(0.,-1.,0.));
#6331 = DIRECTION('',(-3.5527136788E-15,0.,1.));
#6332 = ORIENTED_EDGE('',*,*,#6333,.T.);
#6333 = EDGE_CURVE('',#6325,#6334,#6336,.T.);
#6334 = VERTEX_POINT('',#6335);
#6335 = CARTESIAN_POINT('',(-4.24,-1.785,1.439884120332));
#6336 = LINE('',#6337,#6338);
#6337 = CARTESIAN_POINT('',(-4.24,-1.785,0.437372862773));
#6338 = VECTOR('',#6339,1.);
#6339 = DIRECTION('',(0.,5.472315783042E-31,1.));
#6340 = ORIENTED_EDGE('',*,*,#6341,.T.);
#6341 = EDGE_CURVE('',#6334,#6342,#6344,.T.);
#6342 = VERTEX_POINT('',#6343);
#6343 = CARTESIAN_POINT('',(-4.237701336216,-1.785,1.43988764291));
#6344 = CIRCLE('',#6345,0.75);
#6345 = AXIS2_PLACEMENT_3D('',#6346,#6347,#6348);
#6346 = CARTESIAN_POINT('',(-4.237701336216,-1.785,0.68988764291));
#6347 = DIRECTION('',(0.,1.,-0.));
#6348 = DIRECTION('',(-0.939692620786,0.,0.342020143326));
#6349 = ORIENTED_EDGE('',*,*,#6350,.T.);
#6350 = EDGE_CURVE('',#6342,#6351,#6353,.T.);
#6351 = VERTEX_POINT('',#6352);
#6352 = CARTESIAN_POINT('',(-3.49,-1.785,1.43988764291));
#6353 = LINE('',#6354,#6355);
#6354 = CARTESIAN_POINT('',(-4.237701336216,-1.785,1.43988764291));
#6355 = VECTOR('',#6356,1.);
#6356 = DIRECTION('',(1.,0.,-1.110223024625E-16));
#6357 = ORIENTED_EDGE('',*,*,#6358,.T.);
#6358 = EDGE_CURVE('',#6351,#6359,#6361,.T.);
#6359 = VERTEX_POINT('',#6360);
#6360 = CARTESIAN_POINT('',(-3.49,-1.785,0.93988764291));
#6361 = LINE('',#6362,#6363);
#6362 = CARTESIAN_POINT('',(-3.49,-1.785,0.437372862773));
#6363 = VECTOR('',#6364,1.);
#6364 = DIRECTION('',(0.,-5.472315783042E-31,-1.));
#6365 = ORIENTED_EDGE('',*,*,#6366,.T.);
#6366 = EDGE_CURVE('',#6359,#6323,#6367,.T.);
#6367 = LINE('',#6368,#6369);
#6368 = CARTESIAN_POINT('',(-2.237701336216,-1.785,0.93988764291));
#6369 = VECTOR('',#6370,1.);
#6370 = DIRECTION('',(-1.,0.,1.110223024625E-16));
#6371 = PLANE('',#6372);
#6372 = AXIS2_PLACEMENT_3D('',#6373,#6374,#6375);
#6373 = CARTESIAN_POINT('',(-4.091426690538,-1.785,0.874745725546));
#6374 = DIRECTION('',(1.925014880134E-31,1.,-5.472315783042E-31));
#6375 = DIRECTION('',(0.,5.472315783042E-31,1.));
#6376 = ADVANCED_FACE('',(#6377),#6437,.F.);
#6377 = FACE_BOUND('',#6378,.F.);
#6378 = EDGE_LOOP('',(#6379,#6387,#6396,#6404,#6413,#6421,#6430,#6436));
#6379 = ORIENTED_EDGE('',*,*,#6380,.F.);
#6380 = EDGE_CURVE('',#6381,#6325,#6383,.T.);
#6381 = VERTEX_POINT('',#6382);
#6382 = CARTESIAN_POINT('',(-4.24,-1.905,0.939877074976));
#6383 = LINE('',#6384,#6385);
#6384 = CARTESIAN_POINT('',(-4.24,-1.785,0.939877074976));
#6385 = VECTOR('',#6386,1.);
#6386 = DIRECTION('',(0.,1.,0.));
#6387 = ORIENTED_EDGE('',*,*,#6388,.T.);
#6388 = EDGE_CURVE('',#6381,#6389,#6391,.T.);
#6389 = VERTEX_POINT('',#6390);
#6390 = CARTESIAN_POINT('',(-4.472624491413,-1.905,0.775392678742));
#6391 = CIRCLE('',#6392,0.25);
#6392 = AXIS2_PLACEMENT_3D('',#6393,#6394,#6395);
#6393 = CARTESIAN_POINT('',(-4.237701336216,-1.905,0.68988764291));
#6394 = DIRECTION('',(0.,-1.,0.));
#6395 = DIRECTION('',(-3.5527136788E-15,0.,1.));
#6396 = ORIENTED_EDGE('',*,*,#6397,.T.);
#6397 = EDGE_CURVE('',#6389,#6398,#6400,.T.);
#6398 = VERTEX_POINT('',#6399);
#6399 = CARTESIAN_POINT('',(-4.472624491413,-2.655,0.775392678742));
#6400 = LINE('',#6401,#6402);
#6401 = CARTESIAN_POINT('',(-4.472624491413,-1.905,0.775392678742));
#6402 = VECTOR('',#6403,1.);
#6403 = DIRECTION('',(0.,-1.,0.));
#6404 = ORIENTED_EDGE('',*,*,#6405,.F.);
#6405 = EDGE_CURVE('',#6406,#6398,#6408,.T.);
#6406 = VERTEX_POINT('',#6407);
#6407 = CARTESIAN_POINT('',(-4.24,-2.655,0.939877074976));
#6408 = CIRCLE('',#6409,0.25);
#6409 = AXIS2_PLACEMENT_3D('',#6410,#6411,#6412);
#6410 = CARTESIAN_POINT('',(-4.237701336216,-2.655,0.68988764291));
#6411 = DIRECTION('',(0.,-1.,0.));
#6412 = DIRECTION('',(-3.5527136788E-15,0.,1.));
#6413 = ORIENTED_EDGE('',*,*,#6414,.F.);
#6414 = EDGE_CURVE('',#6415,#6406,#6417,.T.);
#6415 = VERTEX_POINT('',#6416);
#6416 = CARTESIAN_POINT('',(-4.24,-2.775,0.939877074976));
#6417 = LINE('',#6418,#6419);
#6418 = CARTESIAN_POINT('',(-4.24,-1.785,0.939877074976));
#6419 = VECTOR('',#6420,1.);
#6420 = DIRECTION('',(0.,1.,0.));
#6421 = ORIENTED_EDGE('',*,*,#6422,.F.);
#6422 = EDGE_CURVE('',#6423,#6415,#6425,.T.);
#6423 = VERTEX_POINT('',#6424);
#6424 = CARTESIAN_POINT('',(-4.237701336216,-2.775,0.93988764291));
#6425 = CIRCLE('',#6426,0.25);
#6426 = AXIS2_PLACEMENT_3D('',#6427,#6428,#6429);
#6427 = CARTESIAN_POINT('',(-4.237701336216,-2.775,0.68988764291));
#6428 = DIRECTION('',(0.,-1.,0.));
#6429 = DIRECTION('',(-3.5527136788E-15,0.,1.));
#6430 = ORIENTED_EDGE('',*,*,#6431,.F.);
#6431 = EDGE_CURVE('',#6323,#6423,#6432,.T.);
#6432 = LINE('',#6433,#6434);
#6433 = CARTESIAN_POINT('',(-4.237701336216,-1.785,0.93988764291));
#6434 = VECTOR('',#6435,1.);
#6435 = DIRECTION('',(0.,-1.,0.));
#6436 = ORIENTED_EDGE('',*,*,#6322,.T.);
#6437 = CYLINDRICAL_SURFACE('',#6438,0.25);
#6438 = AXIS2_PLACEMENT_3D('',#6439,#6440,#6441);
#6439 = CARTESIAN_POINT('',(-4.237701336216,-1.785,0.68988764291));
#6440 = DIRECTION('',(0.,1.,0.));
#6441 = DIRECTION('',(-3.5527136788E-15,0.,1.));
#6442 = ADVANCED_FACE('',(#6443),#6493,.T.);
#6443 = FACE_BOUND('',#6444,.T.);
#6444 = EDGE_LOOP('',(#6445,#6446,#6454,#6462,#6470,#6478,#6486,#6492));
#6445 = ORIENTED_EDGE('',*,*,#6366,.F.);
#6446 = ORIENTED_EDGE('',*,*,#6447,.T.);
#6447 = EDGE_CURVE('',#6359,#6448,#6450,.T.);
#6448 = VERTEX_POINT('',#6449);
#6449 = CARTESIAN_POINT('',(-3.49,-1.905,0.93988764291));
#6450 = LINE('',#6451,#6452);
#6451 = CARTESIAN_POINT('',(-3.49,0.7325,0.93988764291));
#6452 = VECTOR('',#6453,1.);
#6453 = DIRECTION('',(0.,-1.,0.));
#6454 = ORIENTED_EDGE('',*,*,#6455,.F.);
#6455 = EDGE_CURVE('',#6456,#6448,#6458,.T.);
#6456 = VERTEX_POINT('',#6457);
#6457 = CARTESIAN_POINT('',(-2.237701336216,-1.905,0.93988764291));
#6458 = LINE('',#6459,#6460);
#6459 = CARTESIAN_POINT('',(-2.237701336216,-1.905,0.93988764291));
#6460 = VECTOR('',#6461,1.);
#6461 = DIRECTION('',(-1.,0.,1.110223024625E-16));
#6462 = ORIENTED_EDGE('',*,*,#6463,.T.);
#6463 = EDGE_CURVE('',#6456,#6464,#6466,.T.);
#6464 = VERTEX_POINT('',#6465);
#6465 = CARTESIAN_POINT('',(-2.237701336216,-2.655,0.93988764291));
#6466 = LINE('',#6467,#6468);
#6467 = CARTESIAN_POINT('',(-2.237701336216,-1.905,0.93988764291));
#6468 = VECTOR('',#6469,1.);
#6469 = DIRECTION('',(0.,-1.,0.));
#6470 = ORIENTED_EDGE('',*,*,#6471,.T.);
#6471 = EDGE_CURVE('',#6464,#6472,#6474,.T.);
#6472 = VERTEX_POINT('',#6473);
#6473 = CARTESIAN_POINT('',(-3.49,-2.655,0.93988764291));
#6474 = LINE('',#6475,#6476);
#6475 = CARTESIAN_POINT('',(-2.237701336216,-2.655,0.93988764291));
#6476 = VECTOR('',#6477,1.);
#6477 = DIRECTION('',(-1.,0.,1.110223024625E-16));
#6478 = ORIENTED_EDGE('',*,*,#6479,.T.);
#6479 = EDGE_CURVE('',#6472,#6480,#6482,.T.);
#6480 = VERTEX_POINT('',#6481);
#6481 = CARTESIAN_POINT('',(-3.49,-2.775,0.93988764291));
#6482 = LINE('',#6483,#6484);
#6483 = CARTESIAN_POINT('',(-3.49,0.7325,0.93988764291));
#6484 = VECTOR('',#6485,1.);
#6485 = DIRECTION('',(0.,-1.,0.));
#6486 = ORIENTED_EDGE('',*,*,#6487,.T.);
#6487 = EDGE_CURVE('',#6480,#6423,#6488,.T.);
#6488 = LINE('',#6489,#6490);
#6489 = CARTESIAN_POINT('',(-2.237701336216,-2.775,0.93988764291));
#6490 = VECTOR('',#6491,1.);
#6491 = DIRECTION('',(-1.,0.,1.110223024625E-16));
#6492 = ORIENTED_EDGE('',*,*,#6431,.F.);
#6493 = PLANE('',#6494);
#6494 = AXIS2_PLACEMENT_3D('',#6495,#6496,#6497);
#6495 = CARTESIAN_POINT('',(-2.237701336216,-1.785,0.93988764291));
#6496 = DIRECTION('',(-1.110223024625E-16,-0.,-1.));
#6497 = DIRECTION('',(-1.,0.,1.110223024625E-16));
#6498 = ADVANCED_FACE('',(#6499),#6517,.T.);
#6499 = FACE_BOUND('',#6500,.T.);
#6500 = EDGE_LOOP('',(#6501,#6502,#6510,#6516));
#6501 = ORIENTED_EDGE('',*,*,#6358,.F.);
#6502 = ORIENTED_EDGE('',*,*,#6503,.F.);
#6503 = EDGE_CURVE('',#6504,#6351,#6506,.T.);
#6504 = VERTEX_POINT('',#6505);
#6505 = CARTESIAN_POINT('',(-3.49,-1.905,1.43988764291));
#6506 = LINE('',#6507,#6508);
#6507 = CARTESIAN_POINT('',(-3.49,0.7325,1.43988764291));
#6508 = VECTOR('',#6509,1.);
#6509 = DIRECTION('',(0.,1.,0.));
#6510 = ORIENTED_EDGE('',*,*,#6511,.T.);
#6511 = EDGE_CURVE('',#6504,#6448,#6512,.T.);
#6512 = LINE('',#6513,#6514);
#6513 = CARTESIAN_POINT('',(-3.49,-1.905,0.437372862773));
#6514 = VECTOR('',#6515,1.);
#6515 = DIRECTION('',(0.,-5.472315783042E-31,-1.));
#6516 = ORIENTED_EDGE('',*,*,#6447,.F.);
#6517 = PLANE('',#6518);
#6518 = AXIS2_PLACEMENT_3D('',#6519,#6520,#6521);
#6519 = CARTESIAN_POINT('',(-3.49,3.25,0.));
#6520 = DIRECTION('',(1.,0.,0.));
#6521 = DIRECTION('',(0.,-1.,0.));
#6522 = ADVANCED_FACE('',(#6523),#6573,.T.);
#6523 = FACE_BOUND('',#6524,.T.);
#6524 = EDGE_LOOP('',(#6525,#6526,#6534,#6542,#6550,#6558,#6566,#6572));
#6525 = ORIENTED_EDGE('',*,*,#6350,.F.);
#6526 = ORIENTED_EDGE('',*,*,#6527,.T.);
#6527 = EDGE_CURVE('',#6342,#6528,#6530,.T.);
#6528 = VERTEX_POINT('',#6529);
#6529 = CARTESIAN_POINT('',(-4.237701336216,-2.775,1.43988764291));
#6530 = LINE('',#6531,#6532);
#6531 = CARTESIAN_POINT('',(-4.237701336216,-1.785,1.43988764291));
#6532 = VECTOR('',#6533,1.);
#6533 = DIRECTION('',(0.,-1.,0.));
#6534 = ORIENTED_EDGE('',*,*,#6535,.T.);
#6535 = EDGE_CURVE('',#6528,#6536,#6538,.T.);
#6536 = VERTEX_POINT('',#6537);
#6537 = CARTESIAN_POINT('',(-3.49,-2.775,1.43988764291));
#6538 = LINE('',#6539,#6540);
#6539 = CARTESIAN_POINT('',(-4.237701336216,-2.775,1.43988764291));
#6540 = VECTOR('',#6541,1.);
#6541 = DIRECTION('',(1.,0.,-1.110223024625E-16));
#6542 = ORIENTED_EDGE('',*,*,#6543,.T.);
#6543 = EDGE_CURVE('',#6536,#6544,#6546,.T.);
#6544 = VERTEX_POINT('',#6545);
#6545 = CARTESIAN_POINT('',(-3.49,-2.655,1.43988764291));
#6546 = LINE('',#6547,#6548);
#6547 = CARTESIAN_POINT('',(-3.49,0.7325,1.43988764291));
#6548 = VECTOR('',#6549,1.);
#6549 = DIRECTION('',(0.,1.,0.));
#6550 = ORIENTED_EDGE('',*,*,#6551,.T.);
#6551 = EDGE_CURVE('',#6544,#6552,#6554,.T.);
#6552 = VERTEX_POINT('',#6553);
#6553 = CARTESIAN_POINT('',(-2.237701336216,-2.655,1.43988764291));
#6554 = LINE('',#6555,#6556);
#6555 = CARTESIAN_POINT('',(-4.237701336216,-2.655,1.43988764291));
#6556 = VECTOR('',#6557,1.);
#6557 = DIRECTION('',(1.,0.,-1.110223024625E-16));
#6558 = ORIENTED_EDGE('',*,*,#6559,.F.);
#6559 = EDGE_CURVE('',#6560,#6552,#6562,.T.);
#6560 = VERTEX_POINT('',#6561);
#6561 = CARTESIAN_POINT('',(-2.237701336216,-1.905,1.43988764291));
#6562 = LINE('',#6563,#6564);
#6563 = CARTESIAN_POINT('',(-2.237701336216,-1.905,1.43988764291));
#6564 = VECTOR('',#6565,1.);
#6565 = DIRECTION('',(0.,-1.,0.));
#6566 = ORIENTED_EDGE('',*,*,#6567,.F.);
#6567 = EDGE_CURVE('',#6504,#6560,#6568,.T.);
#6568 = LINE('',#6569,#6570);
#6569 = CARTESIAN_POINT('',(-4.237701336216,-1.905,1.43988764291));
#6570 = VECTOR('',#6571,1.);
#6571 = DIRECTION('',(1.,0.,-1.110223024625E-16));
#6572 = ORIENTED_EDGE('',*,*,#6503,.T.);
#6573 = PLANE('',#6574);
#6574 = AXIS2_PLACEMENT_3D('',#6575,#6576,#6577);
#6575 = CARTESIAN_POINT('',(-4.237701336216,-1.785,1.43988764291));
#6576 = DIRECTION('',(1.110223024625E-16,0.,1.));
#6577 = DIRECTION('',(1.,0.,-1.110223024625E-16));
#6578 = ADVANCED_FACE('',(#6579),#6632,.T.);
#6579 = FACE_BOUND('',#6580,.T.);
#6580 = EDGE_LOOP('',(#6581,#6582,#6590,#6599,#6607,#6616,#6624,#6631));
#6581 = ORIENTED_EDGE('',*,*,#6341,.F.);
#6582 = ORIENTED_EDGE('',*,*,#6583,.F.);
#6583 = EDGE_CURVE('',#6584,#6334,#6586,.T.);
#6584 = VERTEX_POINT('',#6585);
#6585 = CARTESIAN_POINT('',(-4.24,-1.905,1.439884120332));
#6586 = LINE('',#6587,#6588);
#6587 = CARTESIAN_POINT('',(-4.24,-1.785,1.439884120332));
#6588 = VECTOR('',#6589,1.);
#6589 = DIRECTION('',(0.,1.,0.));
#6590 = ORIENTED_EDGE('',*,*,#6591,.F.);
#6591 = EDGE_CURVE('',#6592,#6584,#6594,.T.);
#6592 = VERTEX_POINT('',#6593);
#6593 = CARTESIAN_POINT('',(-4.942470801806,-1.905,0.946402750404));
#6594 = CIRCLE('',#6595,0.75);
#6595 = AXIS2_PLACEMENT_3D('',#6596,#6597,#6598);
#6596 = CARTESIAN_POINT('',(-4.237701336216,-1.905,0.68988764291));
#6597 = DIRECTION('',(0.,1.,-0.));
#6598 = DIRECTION('',(-0.939692620786,0.,0.342020143326));
#6599 = ORIENTED_EDGE('',*,*,#6600,.T.);
#6600 = EDGE_CURVE('',#6592,#6601,#6603,.T.);
#6601 = VERTEX_POINT('',#6602);
#6602 = CARTESIAN_POINT('',(-4.942470801806,-2.655,0.946402750404));
#6603 = LINE('',#6604,#6605);
#6604 = CARTESIAN_POINT('',(-4.942470801806,-1.905,0.946402750404));
#6605 = VECTOR('',#6606,1.);
#6606 = DIRECTION('',(0.,-1.,0.));
#6607 = ORIENTED_EDGE('',*,*,#6608,.T.);
#6608 = EDGE_CURVE('',#6601,#6609,#6611,.T.);
#6609 = VERTEX_POINT('',#6610);
#6610 = CARTESIAN_POINT('',(-4.24,-2.655,1.439884120332));
#6611 = CIRCLE('',#6612,0.75);
#6612 = AXIS2_PLACEMENT_3D('',#6613,#6614,#6615);
#6613 = CARTESIAN_POINT('',(-4.237701336216,-2.655,0.68988764291));
#6614 = DIRECTION('',(0.,1.,-0.));
#6615 = DIRECTION('',(-0.939692620786,0.,0.342020143326));
#6616 = ORIENTED_EDGE('',*,*,#6617,.F.);
#6617 = EDGE_CURVE('',#6618,#6609,#6620,.T.);
#6618 = VERTEX_POINT('',#6619);
#6619 = CARTESIAN_POINT('',(-4.24,-2.775,1.439884120332));
#6620 = LINE('',#6621,#6622);
#6621 = CARTESIAN_POINT('',(-4.24,-1.785,1.439884120332));
#6622 = VECTOR('',#6623,1.);
#6623 = DIRECTION('',(0.,1.,0.));
#6624 = ORIENTED_EDGE('',*,*,#6625,.T.);
#6625 = EDGE_CURVE('',#6618,#6528,#6626,.T.);
#6626 = CIRCLE('',#6627,0.75);
#6627 = AXIS2_PLACEMENT_3D('',#6628,#6629,#6630);
#6628 = CARTESIAN_POINT('',(-4.237701336216,-2.775,0.68988764291));
#6629 = DIRECTION('',(0.,1.,-0.));
#6630 = DIRECTION('',(-0.939692620786,0.,0.342020143326));
#6631 = ORIENTED_EDGE('',*,*,#6527,.F.);
#6632 = CYLINDRICAL_SURFACE('',#6633,0.75);
#6633 = AXIS2_PLACEMENT_3D('',#6634,#6635,#6636);
#6634 = CARTESIAN_POINT('',(-4.237701336216,-1.785,0.68988764291));
#6635 = DIRECTION('',(0.,1.,0.));
#6636 = DIRECTION('',(-0.939692620786,0.,0.342020143326));
#6637 = ADVANCED_FACE('',(#6638),#6649,.T.);
#6638 = FACE_BOUND('',#6639,.T.);
#6639 = EDGE_LOOP('',(#6640,#6641,#6647,#6648));
#6640 = ORIENTED_EDGE('',*,*,#6380,.F.);
#6641 = ORIENTED_EDGE('',*,*,#6642,.T.);
#6642 = EDGE_CURVE('',#6381,#6584,#6643,.T.);
#6643 = LINE('',#6644,#6645);
#6644 = CARTESIAN_POINT('',(-4.24,-1.905,0.437372862773));
#6645 = VECTOR('',#6646,1.);
#6646 = DIRECTION('',(0.,5.472315783042E-31,1.));
#6647 = ORIENTED_EDGE('',*,*,#6583,.T.);
#6648 = ORIENTED_EDGE('',*,*,#6333,.F.);
#6649 = PLANE('',#6650);
#6650 = AXIS2_PLACEMENT_3D('',#6651,#6652,#6653);
#6651 = CARTESIAN_POINT('',(-4.24,-3.25,0.));
#6652 = DIRECTION('',(-1.,0.,0.));
#6653 = DIRECTION('',(0.,1.,0.));
#6654 = ADVANCED_FACE('',(#6655),#6666,.T.);
#6655 = FACE_BOUND('',#6656,.T.);
#6656 = EDGE_LOOP('',(#6657,#6658,#6659,#6665));
#6657 = ORIENTED_EDGE('',*,*,#6511,.F.);
#6658 = ORIENTED_EDGE('',*,*,#6567,.T.);
#6659 = ORIENTED_EDGE('',*,*,#6660,.T.);
#6660 = EDGE_CURVE('',#6560,#6456,#6661,.T.);
#6661 = LINE('',#6662,#6663);
#6662 = CARTESIAN_POINT('',(-2.237701336216,-1.905,1.43988764291));
#6663 = VECTOR('',#6664,1.);
#6664 = DIRECTION('',(0.,0.,-1.));
#6665 = ORIENTED_EDGE('',*,*,#6455,.T.);
#6666 = PLANE('',#6667);
#6667 = AXIS2_PLACEMENT_3D('',#6668,#6669,#6670);
#6668 = CARTESIAN_POINT('',(-4.091426690538,-1.905,0.874745725546));
#6669 = DIRECTION('',(1.925014880134E-31,1.,-5.472315783042E-31));
#6670 = DIRECTION('',(0.,5.472315783042E-31,1.));
#6671 = ADVANCED_FACE('',(#6672),#6733,.T.);
#6672 = FACE_BOUND('',#6673,.T.);
#6673 = EDGE_LOOP('',(#6674,#6684,#6692,#6701,#6707,#6708,#6709,#6710,
    #6718,#6727));
#6674 = ORIENTED_EDGE('',*,*,#6675,.T.);
#6675 = EDGE_CURVE('',#6676,#6678,#6680,.T.);
#6676 = VERTEX_POINT('',#6677);
#6677 = CARTESIAN_POINT('',(-5.79,-1.905,-2.70609920631E-16));
#6678 = VERTEX_POINT('',#6679);
#6679 = CARTESIAN_POINT('',(-5.79,-1.905,0.5));
#6680 = LINE('',#6681,#6682);
#6681 = CARTESIAN_POINT('',(-5.79,-1.905,-2.70609920631E-16));
#6682 = VECTOR('',#6683,1.);
#6683 = DIRECTION('',(1.7763568394E-15,0.,1.));
#6684 = ORIENTED_EDGE('',*,*,#6685,.T.);
#6685 = EDGE_CURVE('',#6678,#6686,#6688,.T.);
#6686 = VERTEX_POINT('',#6687);
#6687 = CARTESIAN_POINT('',(-5.28,-1.905,0.5));
#6688 = LINE('',#6689,#6690);
#6689 = CARTESIAN_POINT('',(-5.79,-1.905,0.5));
#6690 = VECTOR('',#6691,1.);
#6691 = DIRECTION('',(1.,0.,0.));
#6692 = ORIENTED_EDGE('',*,*,#6693,.T.);
#6693 = EDGE_CURVE('',#6686,#6694,#6696,.T.);
#6694 = VERTEX_POINT('',#6695);
#6695 = CARTESIAN_POINT('',(-5.045076844804,-1.905,0.664494964169));
#6696 = CIRCLE('',#6697,0.25);
#6697 = AXIS2_PLACEMENT_3D('',#6698,#6699,#6700);
#6698 = CARTESIAN_POINT('',(-5.28,-1.905,0.75));
#6699 = DIRECTION('',(0.,-1.,0.));
#6700 = DIRECTION('',(0.,0.,-1.));
#6701 = ORIENTED_EDGE('',*,*,#6702,.T.);
#6702 = EDGE_CURVE('',#6694,#6592,#6703,.T.);
#6703 = LINE('',#6704,#6705);
#6704 = CARTESIAN_POINT('',(-5.045076844804,-1.905,0.664494964169));
#6705 = VECTOR('',#6706,1.);
#6706 = DIRECTION('',(0.342020143326,0.,0.939692620786));
#6707 = ORIENTED_EDGE('',*,*,#6591,.T.);
#6708 = ORIENTED_EDGE('',*,*,#6642,.F.);
#6709 = ORIENTED_EDGE('',*,*,#6388,.T.);
#6710 = ORIENTED_EDGE('',*,*,#6711,.T.);
#6711 = EDGE_CURVE('',#6389,#6712,#6714,.T.);
#6712 = VERTEX_POINT('',#6713);
#6713 = CARTESIAN_POINT('',(-4.575230534411,-1.905,0.493484892506));
#6714 = LINE('',#6715,#6716);
#6715 = CARTESIAN_POINT('',(-4.472624491413,-1.905,0.775392678742));
#6716 = VECTOR('',#6717,1.);
#6717 = DIRECTION('',(-0.342020143326,0.,-0.939692620786));
#6718 = ORIENTED_EDGE('',*,*,#6719,.T.);
#6719 = EDGE_CURVE('',#6712,#6720,#6722,.T.);
#6720 = VERTEX_POINT('',#6721);
#6721 = CARTESIAN_POINT('',(-5.28,-1.905,-2.22044604925E-16));
#6722 = CIRCLE('',#6723,0.75);
#6723 = AXIS2_PLACEMENT_3D('',#6724,#6725,#6726);
#6724 = CARTESIAN_POINT('',(-5.28,-1.905,0.75));
#6725 = DIRECTION('',(0.,1.,0.));
#6726 = DIRECTION('',(0.939692620786,0.,-0.342020143326));
#6727 = ORIENTED_EDGE('',*,*,#6728,.T.);
#6728 = EDGE_CURVE('',#6720,#6676,#6729,.T.);
#6729 = LINE('',#6730,#6731);
#6730 = CARTESIAN_POINT('',(-5.28,-1.905,-2.22044604925E-16));
#6731 = VECTOR('',#6732,1.);
#6732 = DIRECTION('',(-1.,0.,-9.522610922745E-17));
#6733 = PLANE('',#6734);
#6734 = AXIS2_PLACEMENT_3D('',#6735,#6736,#6737);
#6735 = CARTESIAN_POINT('',(-4.091426690538,-1.905,0.874745725546));
#6736 = DIRECTION('',(1.925014880134E-31,1.,-5.472315783042E-31));
#6737 = DIRECTION('',(0.,5.472315783042E-31,1.));
#6738 = ADVANCED_FACE('',(#6739),#6750,.T.);
#6739 = FACE_BOUND('',#6740,.T.);
#6740 = EDGE_LOOP('',(#6741,#6742,#6748,#6749));
#6741 = ORIENTED_EDGE('',*,*,#6559,.T.);
#6742 = ORIENTED_EDGE('',*,*,#6743,.T.);
#6743 = EDGE_CURVE('',#6552,#6464,#6744,.T.);
#6744 = LINE('',#6745,#6746);
#6745 = CARTESIAN_POINT('',(-2.237701336216,-2.655,1.43988764291));
#6746 = VECTOR('',#6747,1.);
#6747 = DIRECTION('',(0.,0.,-1.));
#6748 = ORIENTED_EDGE('',*,*,#6463,.F.);
#6749 = ORIENTED_EDGE('',*,*,#6660,.F.);
#6750 = PLANE('',#6751);
#6751 = AXIS2_PLACEMENT_3D('',#6752,#6753,#6754);
#6752 = CARTESIAN_POINT('',(-2.237701336216,-1.905,1.43988764291));
#6753 = DIRECTION('',(1.,0.,0.));
#6754 = DIRECTION('',(0.,0.,-1.));
#6755 = ADVANCED_FACE('',(#6756),#6781,.T.);
#6756 = FACE_BOUND('',#6757,.T.);
#6757 = EDGE_LOOP('',(#6758,#6766,#6774,#6780));
#6758 = ORIENTED_EDGE('',*,*,#6759,.T.);
#6759 = EDGE_CURVE('',#6676,#6760,#6762,.T.);
#6760 = VERTEX_POINT('',#6761);
#6761 = CARTESIAN_POINT('',(-5.79,-2.655,-2.70609920631E-16));
#6762 = LINE('',#6763,#6764);
#6763 = CARTESIAN_POINT('',(-5.79,-1.905,-2.70609920631E-16));
#6764 = VECTOR('',#6765,1.);
#6765 = DIRECTION('',(0.,-1.,0.));
#6766 = ORIENTED_EDGE('',*,*,#6767,.T.);
#6767 = EDGE_CURVE('',#6760,#6768,#6770,.T.);
#6768 = VERTEX_POINT('',#6769);
#6769 = CARTESIAN_POINT('',(-5.79,-2.655,0.5));
#6770 = LINE('',#6771,#6772);
#6771 = CARTESIAN_POINT('',(-5.79,-2.655,-2.70609920631E-16));
#6772 = VECTOR('',#6773,1.);
#6773 = DIRECTION('',(1.7763568394E-15,0.,1.));
#6774 = ORIENTED_EDGE('',*,*,#6775,.F.);
#6775 = EDGE_CURVE('',#6678,#6768,#6776,.T.);
#6776 = LINE('',#6777,#6778);
#6777 = CARTESIAN_POINT('',(-5.79,-1.905,0.5));
#6778 = VECTOR('',#6779,1.);
#6779 = DIRECTION('',(0.,-1.,0.));
#6780 = ORIENTED_EDGE('',*,*,#6675,.F.);
#6781 = PLANE('',#6782);
#6782 = AXIS2_PLACEMENT_3D('',#6783,#6784,#6785);
#6783 = CARTESIAN_POINT('',(-5.79,-1.905,-2.70609920631E-16));
#6784 = DIRECTION('',(-1.,0.,1.7763568394E-15));
#6785 = DIRECTION('',(1.7763568394E-15,0.,1.));
#6786 = ADVANCED_FACE('',(#6787),#6805,.T.);
#6787 = FACE_BOUND('',#6788,.T.);
#6788 = EDGE_LOOP('',(#6789,#6797,#6803,#6804));
#6789 = ORIENTED_EDGE('',*,*,#6790,.T.);
#6790 = EDGE_CURVE('',#6720,#6791,#6793,.T.);
#6791 = VERTEX_POINT('',#6792);
#6792 = CARTESIAN_POINT('',(-5.28,-2.655,-2.22044604925E-16));
#6793 = LINE('',#6794,#6795);
#6794 = CARTESIAN_POINT('',(-5.28,-1.905,-2.22044604925E-16));
#6795 = VECTOR('',#6796,1.);
#6796 = DIRECTION('',(0.,-1.,0.));
#6797 = ORIENTED_EDGE('',*,*,#6798,.T.);
#6798 = EDGE_CURVE('',#6791,#6760,#6799,.T.);
#6799 = LINE('',#6800,#6801);
#6800 = CARTESIAN_POINT('',(-5.28,-2.655,-2.22044604925E-16));
#6801 = VECTOR('',#6802,1.);
#6802 = DIRECTION('',(-1.,0.,-9.522610922745E-17));
#6803 = ORIENTED_EDGE('',*,*,#6759,.F.);
#6804 = ORIENTED_EDGE('',*,*,#6728,.F.);
#6805 = PLANE('',#6806);
#6806 = AXIS2_PLACEMENT_3D('',#6807,#6808,#6809);
#6807 = CARTESIAN_POINT('',(-5.28,-1.905,-2.22044604925E-16));
#6808 = DIRECTION('',(9.522610922745E-17,0.,-1.));
#6809 = DIRECTION('',(-1.,0.,-9.522610922745E-17));
#6810 = ADVANCED_FACE('',(#6811),#6830,.T.);
#6811 = FACE_BOUND('',#6812,.T.);
#6812 = EDGE_LOOP('',(#6813,#6821,#6828,#6829));
#6813 = ORIENTED_EDGE('',*,*,#6814,.T.);
#6814 = EDGE_CURVE('',#6712,#6815,#6817,.T.);
#6815 = VERTEX_POINT('',#6816);
#6816 = CARTESIAN_POINT('',(-4.575230534411,-2.655,0.493484892506));
#6817 = LINE('',#6818,#6819);
#6818 = CARTESIAN_POINT('',(-4.575230534411,-1.905,0.493484892506));
#6819 = VECTOR('',#6820,1.);
#6820 = DIRECTION('',(0.,-1.,0.));
#6821 = ORIENTED_EDGE('',*,*,#6822,.T.);
#6822 = EDGE_CURVE('',#6815,#6791,#6823,.T.);
#6823 = CIRCLE('',#6824,0.75);
#6824 = AXIS2_PLACEMENT_3D('',#6825,#6826,#6827);
#6825 = CARTESIAN_POINT('',(-5.28,-2.655,0.75));
#6826 = DIRECTION('',(0.,1.,0.));
#6827 = DIRECTION('',(0.939692620786,0.,-0.342020143326));
#6828 = ORIENTED_EDGE('',*,*,#6790,.F.);
#6829 = ORIENTED_EDGE('',*,*,#6719,.F.);
#6830 = CYLINDRICAL_SURFACE('',#6831,0.75);
#6831 = AXIS2_PLACEMENT_3D('',#6832,#6833,#6834);
#6832 = CARTESIAN_POINT('',(-5.28,-1.905,0.75));
#6833 = DIRECTION('',(0.,1.,0.));
#6834 = DIRECTION('',(0.939692620786,0.,-0.342020143326));
#6835 = ADVANCED_FACE('',(#6836),#6847,.T.);
#6836 = FACE_BOUND('',#6837,.T.);
#6837 = EDGE_LOOP('',(#6838,#6839,#6845,#6846));
#6838 = ORIENTED_EDGE('',*,*,#6397,.T.);
#6839 = ORIENTED_EDGE('',*,*,#6840,.T.);
#6840 = EDGE_CURVE('',#6398,#6815,#6841,.T.);
#6841 = LINE('',#6842,#6843);
#6842 = CARTESIAN_POINT('',(-4.472624491413,-2.655,0.775392678742));
#6843 = VECTOR('',#6844,1.);
#6844 = DIRECTION('',(-0.342020143326,0.,-0.939692620786));
#6845 = ORIENTED_EDGE('',*,*,#6814,.F.);
#6846 = ORIENTED_EDGE('',*,*,#6711,.F.);
#6847 = PLANE('',#6848);
#6848 = AXIS2_PLACEMENT_3D('',#6849,#6850,#6851);
#6849 = CARTESIAN_POINT('',(-4.472624491413,-1.905,0.775392678742));
#6850 = DIRECTION('',(0.939692620786,0.,-0.342020143326));
#6851 = DIRECTION('',(-0.342020143326,0.,-0.939692620786));
#6852 = ADVANCED_FACE('',(#6853),#6871,.T.);
#6853 = FACE_BOUND('',#6854,.T.);
#6854 = EDGE_LOOP('',(#6855,#6863,#6869,#6870));
#6855 = ORIENTED_EDGE('',*,*,#6856,.T.);
#6856 = EDGE_CURVE('',#6694,#6857,#6859,.T.);
#6857 = VERTEX_POINT('',#6858);
#6858 = CARTESIAN_POINT('',(-5.045076844804,-2.655,0.664494964169));
#6859 = LINE('',#6860,#6861);
#6860 = CARTESIAN_POINT('',(-5.045076844804,-1.905,0.664494964169));
#6861 = VECTOR('',#6862,1.);
#6862 = DIRECTION('',(0.,-1.,0.));
#6863 = ORIENTED_EDGE('',*,*,#6864,.T.);
#6864 = EDGE_CURVE('',#6857,#6601,#6865,.T.);
#6865 = LINE('',#6866,#6867);
#6866 = CARTESIAN_POINT('',(-5.045076844804,-2.655,0.664494964169));
#6867 = VECTOR('',#6868,1.);
#6868 = DIRECTION('',(0.342020143326,0.,0.939692620786));
#6869 = ORIENTED_EDGE('',*,*,#6600,.F.);
#6870 = ORIENTED_EDGE('',*,*,#6702,.F.);
#6871 = PLANE('',#6872);
#6872 = AXIS2_PLACEMENT_3D('',#6873,#6874,#6875);
#6873 = CARTESIAN_POINT('',(-5.045076844804,-1.905,0.664494964169));
#6874 = DIRECTION('',(-0.939692620786,0.,0.342020143326));
#6875 = DIRECTION('',(0.342020143326,0.,0.939692620786));
#6876 = ADVANCED_FACE('',(#6877),#6896,.F.);
#6877 = FACE_BOUND('',#6878,.F.);
#6878 = EDGE_LOOP('',(#6879,#6880,#6881,#6890));
#6879 = ORIENTED_EDGE('',*,*,#6693,.T.);
#6880 = ORIENTED_EDGE('',*,*,#6856,.T.);
#6881 = ORIENTED_EDGE('',*,*,#6882,.F.);
#6882 = EDGE_CURVE('',#6883,#6857,#6885,.T.);
#6883 = VERTEX_POINT('',#6884);
#6884 = CARTESIAN_POINT('',(-5.28,-2.655,0.5));
#6885 = CIRCLE('',#6886,0.25);
#6886 = AXIS2_PLACEMENT_3D('',#6887,#6888,#6889);
#6887 = CARTESIAN_POINT('',(-5.28,-2.655,0.75));
#6888 = DIRECTION('',(0.,-1.,0.));
#6889 = DIRECTION('',(0.,0.,-1.));
#6890 = ORIENTED_EDGE('',*,*,#6891,.F.);
#6891 = EDGE_CURVE('',#6686,#6883,#6892,.T.);
#6892 = LINE('',#6893,#6894);
#6893 = CARTESIAN_POINT('',(-5.28,-1.905,0.5));
#6894 = VECTOR('',#6895,1.);
#6895 = DIRECTION('',(0.,-1.,0.));
#6896 = CYLINDRICAL_SURFACE('',#6897,0.25);
#6897 = AXIS2_PLACEMENT_3D('',#6898,#6899,#6900);
#6898 = CARTESIAN_POINT('',(-5.28,-1.905,0.75));
#6899 = DIRECTION('',(0.,1.,0.));
#6900 = DIRECTION('',(0.,0.,-1.));
#6901 = ADVANCED_FACE('',(#6902),#6913,.T.);
#6902 = FACE_BOUND('',#6903,.T.);
#6903 = EDGE_LOOP('',(#6904,#6905,#6911,#6912));
#6904 = ORIENTED_EDGE('',*,*,#6775,.T.);
#6905 = ORIENTED_EDGE('',*,*,#6906,.T.);
#6906 = EDGE_CURVE('',#6768,#6883,#6907,.T.);
#6907 = LINE('',#6908,#6909);
#6908 = CARTESIAN_POINT('',(-5.79,-2.655,0.5));
#6909 = VECTOR('',#6910,1.);
#6910 = DIRECTION('',(1.,0.,0.));
#6911 = ORIENTED_EDGE('',*,*,#6891,.F.);
#6912 = ORIENTED_EDGE('',*,*,#6685,.F.);
#6913 = PLANE('',#6914);
#6914 = AXIS2_PLACEMENT_3D('',#6915,#6916,#6917);
#6915 = CARTESIAN_POINT('',(-5.79,-1.905,0.5));
#6916 = DIRECTION('',(0.,0.,1.));
#6917 = DIRECTION('',(1.,0.,0.));
#6918 = ADVANCED_FACE('',(#6919),#6936,.F.);
#6919 = FACE_BOUND('',#6920,.F.);
#6920 = EDGE_LOOP('',(#6921,#6922,#6923,#6924,#6925,#6926,#6932,#6933,
    #6934,#6935));
#6921 = ORIENTED_EDGE('',*,*,#6767,.T.);
#6922 = ORIENTED_EDGE('',*,*,#6906,.T.);
#6923 = ORIENTED_EDGE('',*,*,#6882,.T.);
#6924 = ORIENTED_EDGE('',*,*,#6864,.T.);
#6925 = ORIENTED_EDGE('',*,*,#6608,.T.);
#6926 = ORIENTED_EDGE('',*,*,#6927,.F.);
#6927 = EDGE_CURVE('',#6406,#6609,#6928,.T.);
#6928 = LINE('',#6929,#6930);
#6929 = CARTESIAN_POINT('',(-4.24,-2.655,0.437372862773));
#6930 = VECTOR('',#6931,1.);
#6931 = DIRECTION('',(0.,5.472315783042E-31,1.));
#6932 = ORIENTED_EDGE('',*,*,#6405,.T.);
#6933 = ORIENTED_EDGE('',*,*,#6840,.T.);
#6934 = ORIENTED_EDGE('',*,*,#6822,.T.);
#6935 = ORIENTED_EDGE('',*,*,#6798,.T.);
#6936 = PLANE('',#6937);
#6937 = AXIS2_PLACEMENT_3D('',#6938,#6939,#6940);
#6938 = CARTESIAN_POINT('',(-4.091426690538,-2.655,0.874745725546));
#6939 = DIRECTION('',(1.925014880134E-31,1.,-5.472315783042E-31));
#6940 = DIRECTION('',(0.,5.472315783042E-31,1.));
#6941 = ADVANCED_FACE('',(#6942),#6953,.T.);
#6942 = FACE_BOUND('',#6943,.T.);
#6943 = EDGE_LOOP('',(#6944,#6945,#6951,#6952));
#6944 = ORIENTED_EDGE('',*,*,#6414,.F.);
#6945 = ORIENTED_EDGE('',*,*,#6946,.T.);
#6946 = EDGE_CURVE('',#6415,#6618,#6947,.T.);
#6947 = LINE('',#6948,#6949);
#6948 = CARTESIAN_POINT('',(-4.24,-2.775,0.437372862773));
#6949 = VECTOR('',#6950,1.);
#6950 = DIRECTION('',(0.,5.472315783042E-31,1.));
#6951 = ORIENTED_EDGE('',*,*,#6617,.T.);
#6952 = ORIENTED_EDGE('',*,*,#6927,.F.);
#6953 = PLANE('',#6954);
#6954 = AXIS2_PLACEMENT_3D('',#6955,#6956,#6957);
#6955 = CARTESIAN_POINT('',(-4.24,-3.25,0.));
#6956 = DIRECTION('',(-1.,0.,0.));
#6957 = DIRECTION('',(0.,1.,0.));
#6958 = ADVANCED_FACE('',(#6959),#6972,.F.);
#6959 = FACE_BOUND('',#6960,.F.);
#6960 = EDGE_LOOP('',(#6961,#6962,#6963,#6964,#6965,#6971));
#6961 = ORIENTED_EDGE('',*,*,#6422,.T.);
#6962 = ORIENTED_EDGE('',*,*,#6946,.T.);
#6963 = ORIENTED_EDGE('',*,*,#6625,.T.);
#6964 = ORIENTED_EDGE('',*,*,#6535,.T.);
#6965 = ORIENTED_EDGE('',*,*,#6966,.T.);
#6966 = EDGE_CURVE('',#6536,#6480,#6967,.T.);
#6967 = LINE('',#6968,#6969);
#6968 = CARTESIAN_POINT('',(-3.49,-2.775,0.437372862773));
#6969 = VECTOR('',#6970,1.);
#6970 = DIRECTION('',(0.,-5.472315783042E-31,-1.));
#6971 = ORIENTED_EDGE('',*,*,#6487,.T.);
#6972 = PLANE('',#6973);
#6973 = AXIS2_PLACEMENT_3D('',#6974,#6975,#6976);
#6974 = CARTESIAN_POINT('',(-4.091426690538,-2.775,0.874745725546));
#6975 = DIRECTION('',(1.925014880134E-31,1.,-5.472315783042E-31));
#6976 = DIRECTION('',(0.,5.472315783042E-31,1.));
#6977 = ADVANCED_FACE('',(#6978),#6989,.T.);
#6978 = FACE_BOUND('',#6979,.T.);
#6979 = EDGE_LOOP('',(#6980,#6986,#6987,#6988));
#6980 = ORIENTED_EDGE('',*,*,#6981,.F.);
#6981 = EDGE_CURVE('',#6544,#6472,#6982,.T.);
#6982 = LINE('',#6983,#6984);
#6983 = CARTESIAN_POINT('',(-3.49,-2.655,0.437372862773));
#6984 = VECTOR('',#6985,1.);
#6985 = DIRECTION('',(0.,-5.472315783042E-31,-1.));
#6986 = ORIENTED_EDGE('',*,*,#6543,.F.);
#6987 = ORIENTED_EDGE('',*,*,#6966,.T.);
#6988 = ORIENTED_EDGE('',*,*,#6479,.F.);
#6989 = PLANE('',#6990);
#6990 = AXIS2_PLACEMENT_3D('',#6991,#6992,#6993);
#6991 = CARTESIAN_POINT('',(-3.49,3.25,0.));
#6992 = DIRECTION('',(1.,0.,0.));
#6993 = DIRECTION('',(0.,-1.,0.));
#6994 = ADVANCED_FACE('',(#6995),#7001,.F.);
#6995 = FACE_BOUND('',#6996,.F.);
#6996 = EDGE_LOOP('',(#6997,#6998,#6999,#7000));
#6997 = ORIENTED_EDGE('',*,*,#6981,.F.);
#6998 = ORIENTED_EDGE('',*,*,#6551,.T.);
#6999 = ORIENTED_EDGE('',*,*,#6743,.T.);
#7000 = ORIENTED_EDGE('',*,*,#6471,.T.);
#7001 = PLANE('',#7002);
#7002 = AXIS2_PLACEMENT_3D('',#7003,#7004,#7005);
#7003 = CARTESIAN_POINT('',(-4.091426690538,-2.655,0.874745725546));
#7004 = DIRECTION('',(1.925014880134E-31,1.,-5.472315783042E-31));
#7005 = DIRECTION('',(0.,5.472315783042E-31,1.));
#7006 = MANIFOLD_SOLID_BREP('',#7007);
#7007 = CLOSED_SHELL('',(#7008,#7048,#7111,#7135,#7191,#7208,#7225,#7242
    ,#7259,#7276));
#7008 = ADVANCED_FACE('',(#7009),#7043,.T.);
#7009 = FACE_BOUND('',#7010,.T.);
#7010 = EDGE_LOOP('',(#7011,#7021,#7029,#7037));
#7011 = ORIENTED_EDGE('',*,*,#7012,.T.);
#7012 = EDGE_CURVE('',#7013,#7015,#7017,.T.);
#7013 = VERTEX_POINT('',#7014);
#7014 = CARTESIAN_POINT('',(-3.49,0.495,0.93988764291));
#7015 = VERTEX_POINT('',#7016);
#7016 = CARTESIAN_POINT('',(-3.91,0.495,0.93988764291));
#7017 = LINE('',#7018,#7019);
#7018 = CARTESIAN_POINT('',(-2.237701336216,0.495,0.93988764291));
#7019 = VECTOR('',#7020,1.);
#7020 = DIRECTION('',(-1.,0.,1.110223024625E-16));
#7021 = ORIENTED_EDGE('',*,*,#7022,.T.);
#7022 = EDGE_CURVE('',#7015,#7023,#7025,.T.);
#7023 = VERTEX_POINT('',#7024);
#7024 = CARTESIAN_POINT('',(-3.91,0.495,1.43988764291));
#7025 = LINE('',#7026,#7027);
#7026 = CARTESIAN_POINT('',(-3.91,0.495,0.));
#7027 = VECTOR('',#7028,1.);
#7028 = DIRECTION('',(0.,0.,1.));
#7029 = ORIENTED_EDGE('',*,*,#7030,.T.);
#7030 = EDGE_CURVE('',#7023,#7031,#7033,.T.);
#7031 = VERTEX_POINT('',#7032);
#7032 = CARTESIAN_POINT('',(-3.49,0.495,1.43988764291));
#7033 = LINE('',#7034,#7035);
#7034 = CARTESIAN_POINT('',(-4.237701336216,0.495,1.43988764291));
#7035 = VECTOR('',#7036,1.);
#7036 = DIRECTION('',(1.,0.,-1.110223024625E-16));
#7037 = ORIENTED_EDGE('',*,*,#7038,.T.);
#7038 = EDGE_CURVE('',#7031,#7013,#7039,.T.);
#7039 = LINE('',#7040,#7041);
#7040 = CARTESIAN_POINT('',(-3.49,0.495,0.437372862773));
#7041 = VECTOR('',#7042,1.);
#7042 = DIRECTION('',(0.,-5.472315783042E-31,-1.));
#7043 = PLANE('',#7044);
#7044 = AXIS2_PLACEMENT_3D('',#7045,#7046,#7047);
#7045 = CARTESIAN_POINT('',(-4.091426690538,0.495,0.874745725546));
#7046 = DIRECTION('',(1.925014880134E-31,1.,-5.472315783042E-31));
#7047 = DIRECTION('',(0.,5.472315783042E-31,1.));
#7048 = ADVANCED_FACE('',(#7049),#7106,.T.);
#7049 = FACE_BOUND('',#7050,.T.);
#7050 = EDGE_LOOP('',(#7051,#7052,#7060,#7068,#7076,#7084,#7092,#7100));
#7051 = ORIENTED_EDGE('',*,*,#7012,.F.);
#7052 = ORIENTED_EDGE('',*,*,#7053,.T.);
#7053 = EDGE_CURVE('',#7013,#7054,#7056,.T.);
#7054 = VERTEX_POINT('',#7055);
#7055 = CARTESIAN_POINT('',(-3.49,0.375,0.93988764291));
#7056 = LINE('',#7057,#7058);
#7057 = CARTESIAN_POINT('',(-3.49,1.8725,0.93988764291));
#7058 = VECTOR('',#7059,1.);
#7059 = DIRECTION('',(0.,-1.,0.));
#7060 = ORIENTED_EDGE('',*,*,#7061,.F.);
#7061 = EDGE_CURVE('',#7062,#7054,#7064,.T.);
#7062 = VERTEX_POINT('',#7063);
#7063 = CARTESIAN_POINT('',(-2.237701336216,0.375,0.93988764291));
#7064 = LINE('',#7065,#7066);
#7065 = CARTESIAN_POINT('',(-2.237701336216,0.375,0.93988764291));
#7066 = VECTOR('',#7067,1.);
#7067 = DIRECTION('',(-1.,0.,1.110223024625E-16));
#7068 = ORIENTED_EDGE('',*,*,#7069,.T.);
#7069 = EDGE_CURVE('',#7062,#7070,#7072,.T.);
#7070 = VERTEX_POINT('',#7071);
#7071 = CARTESIAN_POINT('',(-2.237701336216,-0.375,0.93988764291));
#7072 = LINE('',#7073,#7074);
#7073 = CARTESIAN_POINT('',(-2.237701336216,0.375,0.93988764291));
#7074 = VECTOR('',#7075,1.);
#7075 = DIRECTION('',(0.,-1.,0.));
#7076 = ORIENTED_EDGE('',*,*,#7077,.T.);
#7077 = EDGE_CURVE('',#7070,#7078,#7080,.T.);
#7078 = VERTEX_POINT('',#7079);
#7079 = CARTESIAN_POINT('',(-3.49,-0.375,0.93988764291));
#7080 = LINE('',#7081,#7082);
#7081 = CARTESIAN_POINT('',(-2.237701336216,-0.375,0.93988764291));
#7082 = VECTOR('',#7083,1.);
#7083 = DIRECTION('',(-1.,0.,1.110223024625E-16));
#7084 = ORIENTED_EDGE('',*,*,#7085,.T.);
#7085 = EDGE_CURVE('',#7078,#7086,#7088,.T.);
#7086 = VERTEX_POINT('',#7087);
#7087 = CARTESIAN_POINT('',(-3.49,-0.495,0.93988764291));
#7088 = LINE('',#7089,#7090);
#7089 = CARTESIAN_POINT('',(-3.49,1.8725,0.93988764291));
#7090 = VECTOR('',#7091,1.);
#7091 = DIRECTION('',(0.,-1.,0.));
#7092 = ORIENTED_EDGE('',*,*,#7093,.T.);
#7093 = EDGE_CURVE('',#7086,#7094,#7096,.T.);
#7094 = VERTEX_POINT('',#7095);
#7095 = CARTESIAN_POINT('',(-3.91,-0.495,0.93988764291));
#7096 = LINE('',#7097,#7098);
#7097 = CARTESIAN_POINT('',(-2.237701336216,-0.495,0.93988764291));
#7098 = VECTOR('',#7099,1.);
#7099 = DIRECTION('',(-1.,0.,1.110223024625E-16));
#7100 = ORIENTED_EDGE('',*,*,#7101,.T.);
#7101 = EDGE_CURVE('',#7094,#7015,#7102,.T.);
#7102 = LINE('',#7103,#7104);
#7103 = CARTESIAN_POINT('',(-3.91,5.551115123126E-17,0.93988764291));
#7104 = VECTOR('',#7105,1.);
#7105 = DIRECTION('',(0.,1.,0.));
#7106 = PLANE('',#7107);
#7107 = AXIS2_PLACEMENT_3D('',#7108,#7109,#7110);
#7108 = CARTESIAN_POINT('',(-2.237701336216,0.495,0.93988764291));
#7109 = DIRECTION('',(-1.110223024625E-16,-0.,-1.));
#7110 = DIRECTION('',(-1.,0.,1.110223024625E-16));
#7111 = ADVANCED_FACE('',(#7112),#7130,.T.);
#7112 = FACE_BOUND('',#7113,.T.);
#7113 = EDGE_LOOP('',(#7114,#7115,#7123,#7129));
#7114 = ORIENTED_EDGE('',*,*,#7038,.F.);
#7115 = ORIENTED_EDGE('',*,*,#7116,.F.);
#7116 = EDGE_CURVE('',#7117,#7031,#7119,.T.);
#7117 = VERTEX_POINT('',#7118);
#7118 = CARTESIAN_POINT('',(-3.49,0.375,1.43988764291));
#7119 = LINE('',#7120,#7121);
#7120 = CARTESIAN_POINT('',(-3.49,1.8725,1.43988764291));
#7121 = VECTOR('',#7122,1.);
#7122 = DIRECTION('',(0.,1.,0.));
#7123 = ORIENTED_EDGE('',*,*,#7124,.T.);
#7124 = EDGE_CURVE('',#7117,#7054,#7125,.T.);
#7125 = LINE('',#7126,#7127);
#7126 = CARTESIAN_POINT('',(-3.49,0.375,0.437372862773));
#7127 = VECTOR('',#7128,1.);
#7128 = DIRECTION('',(0.,-5.472315783042E-31,-1.));
#7129 = ORIENTED_EDGE('',*,*,#7053,.F.);
#7130 = PLANE('',#7131);
#7131 = AXIS2_PLACEMENT_3D('',#7132,#7133,#7134);
#7132 = CARTESIAN_POINT('',(-3.49,3.25,0.));
#7133 = DIRECTION('',(1.,0.,0.));
#7134 = DIRECTION('',(0.,-1.,0.));
#7135 = ADVANCED_FACE('',(#7136),#7186,.T.);
#7136 = FACE_BOUND('',#7137,.T.);
#7137 = EDGE_LOOP('',(#7138,#7139,#7147,#7155,#7163,#7171,#7179,#7185));
#7138 = ORIENTED_EDGE('',*,*,#7030,.F.);
#7139 = ORIENTED_EDGE('',*,*,#7140,.T.);
#7140 = EDGE_CURVE('',#7023,#7141,#7143,.T.);
#7141 = VERTEX_POINT('',#7142);
#7142 = CARTESIAN_POINT('',(-3.91,-0.495,1.43988764291));
#7143 = LINE('',#7144,#7145);
#7144 = CARTESIAN_POINT('',(-3.91,5.551115123126E-17,1.43988764291));
#7145 = VECTOR('',#7146,1.);
#7146 = DIRECTION('',(0.,-1.,0.));
#7147 = ORIENTED_EDGE('',*,*,#7148,.T.);
#7148 = EDGE_CURVE('',#7141,#7149,#7151,.T.);
#7149 = VERTEX_POINT('',#7150);
#7150 = CARTESIAN_POINT('',(-3.49,-0.495,1.43988764291));
#7151 = LINE('',#7152,#7153);
#7152 = CARTESIAN_POINT('',(-4.237701336216,-0.495,1.43988764291));
#7153 = VECTOR('',#7154,1.);
#7154 = DIRECTION('',(1.,0.,-1.110223024625E-16));
#7155 = ORIENTED_EDGE('',*,*,#7156,.T.);
#7156 = EDGE_CURVE('',#7149,#7157,#7159,.T.);
#7157 = VERTEX_POINT('',#7158);
#7158 = CARTESIAN_POINT('',(-3.49,-0.375,1.43988764291));
#7159 = LINE('',#7160,#7161);
#7160 = CARTESIAN_POINT('',(-3.49,1.8725,1.43988764291));
#7161 = VECTOR('',#7162,1.);
#7162 = DIRECTION('',(0.,1.,0.));
#7163 = ORIENTED_EDGE('',*,*,#7164,.T.);
#7164 = EDGE_CURVE('',#7157,#7165,#7167,.T.);
#7165 = VERTEX_POINT('',#7166);
#7166 = CARTESIAN_POINT('',(-2.237701336216,-0.375,1.43988764291));
#7167 = LINE('',#7168,#7169);
#7168 = CARTESIAN_POINT('',(-4.237701336216,-0.375,1.43988764291));
#7169 = VECTOR('',#7170,1.);
#7170 = DIRECTION('',(1.,0.,-1.110223024625E-16));
#7171 = ORIENTED_EDGE('',*,*,#7172,.F.);
#7172 = EDGE_CURVE('',#7173,#7165,#7175,.T.);
#7173 = VERTEX_POINT('',#7174);
#7174 = CARTESIAN_POINT('',(-2.237701336216,0.375,1.43988764291));
#7175 = LINE('',#7176,#7177);
#7176 = CARTESIAN_POINT('',(-2.237701336216,0.375,1.43988764291));
#7177 = VECTOR('',#7178,1.);
#7178 = DIRECTION('',(0.,-1.,0.));
#7179 = ORIENTED_EDGE('',*,*,#7180,.F.);
#7180 = EDGE_CURVE('',#7117,#7173,#7181,.T.);
#7181 = LINE('',#7182,#7183);
#7182 = CARTESIAN_POINT('',(-4.237701336216,0.375,1.43988764291));
#7183 = VECTOR('',#7184,1.);
#7184 = DIRECTION('',(1.,0.,-1.110223024625E-16));
#7185 = ORIENTED_EDGE('',*,*,#7116,.T.);
#7186 = PLANE('',#7187);
#7187 = AXIS2_PLACEMENT_3D('',#7188,#7189,#7190);
#7188 = CARTESIAN_POINT('',(-4.237701336216,0.495,1.43988764291));
#7189 = DIRECTION('',(1.110223024625E-16,0.,1.));
#7190 = DIRECTION('',(1.,0.,-1.110223024625E-16));
#7191 = ADVANCED_FACE('',(#7192),#7203,.T.);
#7192 = FACE_BOUND('',#7193,.T.);
#7193 = EDGE_LOOP('',(#7194,#7195,#7201,#7202));
#7194 = ORIENTED_EDGE('',*,*,#7101,.F.);
#7195 = ORIENTED_EDGE('',*,*,#7196,.T.);
#7196 = EDGE_CURVE('',#7094,#7141,#7197,.T.);
#7197 = LINE('',#7198,#7199);
#7198 = CARTESIAN_POINT('',(-3.91,-0.495,0.));
#7199 = VECTOR('',#7200,1.);
#7200 = DIRECTION('',(0.,0.,1.));
#7201 = ORIENTED_EDGE('',*,*,#7140,.F.);
#7202 = ORIENTED_EDGE('',*,*,#7022,.F.);
#7203 = PLANE('',#7204);
#7204 = AXIS2_PLACEMENT_3D('',#7205,#7206,#7207);
#7205 = CARTESIAN_POINT('',(-3.91,-0.495,0.));
#7206 = DIRECTION('',(-1.,0.,0.));
#7207 = DIRECTION('',(0.,1.,0.));
#7208 = ADVANCED_FACE('',(#7209),#7220,.F.);
#7209 = FACE_BOUND('',#7210,.F.);
#7210 = EDGE_LOOP('',(#7211,#7212,#7213,#7214));
#7211 = ORIENTED_EDGE('',*,*,#7093,.T.);
#7212 = ORIENTED_EDGE('',*,*,#7196,.T.);
#7213 = ORIENTED_EDGE('',*,*,#7148,.T.);
#7214 = ORIENTED_EDGE('',*,*,#7215,.T.);
#7215 = EDGE_CURVE('',#7149,#7086,#7216,.T.);
#7216 = LINE('',#7217,#7218);
#7217 = CARTESIAN_POINT('',(-3.49,-0.495,0.437372862773));
#7218 = VECTOR('',#7219,1.);
#7219 = DIRECTION('',(0.,-5.472315783042E-31,-1.));
#7220 = PLANE('',#7221);
#7221 = AXIS2_PLACEMENT_3D('',#7222,#7223,#7224);
#7222 = CARTESIAN_POINT('',(-4.091426690538,-0.495,0.874745725546));
#7223 = DIRECTION('',(1.925014880134E-31,1.,-5.472315783042E-31));
#7224 = DIRECTION('',(0.,5.472315783042E-31,1.));
#7225 = ADVANCED_FACE('',(#7226),#7237,.T.);
#7226 = FACE_BOUND('',#7227,.T.);
#7227 = EDGE_LOOP('',(#7228,#7234,#7235,#7236));
#7228 = ORIENTED_EDGE('',*,*,#7229,.F.);
#7229 = EDGE_CURVE('',#7157,#7078,#7230,.T.);
#7230 = LINE('',#7231,#7232);
#7231 = CARTESIAN_POINT('',(-3.49,-0.375,0.437372862773));
#7232 = VECTOR('',#7233,1.);
#7233 = DIRECTION('',(0.,-5.472315783042E-31,-1.));
#7234 = ORIENTED_EDGE('',*,*,#7156,.F.);
#7235 = ORIENTED_EDGE('',*,*,#7215,.T.);
#7236 = ORIENTED_EDGE('',*,*,#7085,.F.);
#7237 = PLANE('',#7238);
#7238 = AXIS2_PLACEMENT_3D('',#7239,#7240,#7241);
#7239 = CARTESIAN_POINT('',(-3.49,3.25,0.));
#7240 = DIRECTION('',(1.,0.,0.));
#7241 = DIRECTION('',(0.,-1.,0.));
#7242 = ADVANCED_FACE('',(#7243),#7254,.F.);
#7243 = FACE_BOUND('',#7244,.F.);
#7244 = EDGE_LOOP('',(#7245,#7246,#7247,#7253));
#7245 = ORIENTED_EDGE('',*,*,#7229,.F.);
#7246 = ORIENTED_EDGE('',*,*,#7164,.T.);
#7247 = ORIENTED_EDGE('',*,*,#7248,.T.);
#7248 = EDGE_CURVE('',#7165,#7070,#7249,.T.);
#7249 = LINE('',#7250,#7251);
#7250 = CARTESIAN_POINT('',(-2.237701336216,-0.375,1.43988764291));
#7251 = VECTOR('',#7252,1.);
#7252 = DIRECTION('',(0.,0.,-1.));
#7253 = ORIENTED_EDGE('',*,*,#7077,.T.);
#7254 = PLANE('',#7255);
#7255 = AXIS2_PLACEMENT_3D('',#7256,#7257,#7258);
#7256 = CARTESIAN_POINT('',(-4.091426690538,-0.375,0.874745725546));
#7257 = DIRECTION('',(1.925014880134E-31,1.,-5.472315783042E-31));
#7258 = DIRECTION('',(0.,5.472315783042E-31,1.));
#7259 = ADVANCED_FACE('',(#7260),#7271,.T.);
#7260 = FACE_BOUND('',#7261,.T.);
#7261 = EDGE_LOOP('',(#7262,#7263,#7264,#7265));
#7262 = ORIENTED_EDGE('',*,*,#7172,.T.);
#7263 = ORIENTED_EDGE('',*,*,#7248,.T.);
#7264 = ORIENTED_EDGE('',*,*,#7069,.F.);
#7265 = ORIENTED_EDGE('',*,*,#7266,.F.);
#7266 = EDGE_CURVE('',#7173,#7062,#7267,.T.);
#7267 = LINE('',#7268,#7269);
#7268 = CARTESIAN_POINT('',(-2.237701336216,0.375,1.43988764291));
#7269 = VECTOR('',#7270,1.);
#7270 = DIRECTION('',(0.,0.,-1.));
#7271 = PLANE('',#7272);
#7272 = AXIS2_PLACEMENT_3D('',#7273,#7274,#7275);
#7273 = CARTESIAN_POINT('',(-2.237701336216,0.375,1.43988764291));
#7274 = DIRECTION('',(1.,0.,0.));
#7275 = DIRECTION('',(0.,0.,-1.));
#7276 = ADVANCED_FACE('',(#7277),#7283,.T.);
#7277 = FACE_BOUND('',#7278,.T.);
#7278 = EDGE_LOOP('',(#7279,#7280,#7281,#7282));
#7279 = ORIENTED_EDGE('',*,*,#7124,.F.);
#7280 = ORIENTED_EDGE('',*,*,#7180,.T.);
#7281 = ORIENTED_EDGE('',*,*,#7266,.T.);
#7282 = ORIENTED_EDGE('',*,*,#7061,.T.);
#7283 = PLANE('',#7284);
#7284 = AXIS2_PLACEMENT_3D('',#7285,#7286,#7287);
#7285 = CARTESIAN_POINT('',(-4.091426690538,0.375,0.874745725546));
#7286 = DIRECTION('',(1.925014880134E-31,1.,-5.472315783042E-31));
#7287 = DIRECTION('',(0.,5.472315783042E-31,1.));
#7288 = MANIFOLD_SOLID_BREP('',#7289);
#7289 = CLOSED_SHELL('',(#7290,#7348,#7414,#7470,#7494,#7550,#7609,#7626
    ,#7643,#7710,#7727,#7758,#7782,#7807,#7824,#7848,#7873,#7890,#7913,
    #7930,#7949,#7966));
#7290 = ADVANCED_FACE('',(#7291),#7343,.T.);
#7291 = FACE_BOUND('',#7292,.T.);
#7292 = EDGE_LOOP('',(#7293,#7304,#7312,#7321,#7329,#7337));
#7293 = ORIENTED_EDGE('',*,*,#7294,.T.);
#7294 = EDGE_CURVE('',#7295,#7297,#7299,.T.);
#7295 = VERTEX_POINT('',#7296);
#7296 = CARTESIAN_POINT('',(-4.237701336216,2.775,0.93988764291));
#7297 = VERTEX_POINT('',#7298);
#7298 = CARTESIAN_POINT('',(-4.24,2.775,0.939877074976));
#7299 = CIRCLE('',#7300,0.25);
#7300 = AXIS2_PLACEMENT_3D('',#7301,#7302,#7303);
#7301 = CARTESIAN_POINT('',(-4.237701336216,2.775,0.68988764291));
#7302 = DIRECTION('',(0.,-1.,0.));
#7303 = DIRECTION('',(-3.5527136788E-15,0.,1.));
#7304 = ORIENTED_EDGE('',*,*,#7305,.T.);
#7305 = EDGE_CURVE('',#7297,#7306,#7308,.T.);
#7306 = VERTEX_POINT('',#7307);
#7307 = CARTESIAN_POINT('',(-4.24,2.775,1.439884120332));
#7308 = LINE('',#7309,#7310);
#7309 = CARTESIAN_POINT('',(-4.24,2.775,0.437372862773));
#7310 = VECTOR('',#7311,1.);
#7311 = DIRECTION('',(0.,5.472315783042E-31,1.));
#7312 = ORIENTED_EDGE('',*,*,#7313,.T.);
#7313 = EDGE_CURVE('',#7306,#7314,#7316,.T.);
#7314 = VERTEX_POINT('',#7315);
#7315 = CARTESIAN_POINT('',(-4.237701336216,2.775,1.43988764291));
#7316 = CIRCLE('',#7317,0.75);
#7317 = AXIS2_PLACEMENT_3D('',#7318,#7319,#7320);
#7318 = CARTESIAN_POINT('',(-4.237701336216,2.775,0.68988764291));
#7319 = DIRECTION('',(0.,1.,-0.));
#7320 = DIRECTION('',(-0.939692620786,0.,0.342020143326));
#7321 = ORIENTED_EDGE('',*,*,#7322,.T.);
#7322 = EDGE_CURVE('',#7314,#7323,#7325,.T.);
#7323 = VERTEX_POINT('',#7324);
#7324 = CARTESIAN_POINT('',(-3.49,2.775,1.43988764291));
#7325 = LINE('',#7326,#7327);
#7326 = CARTESIAN_POINT('',(-4.237701336216,2.775,1.43988764291));
#7327 = VECTOR('',#7328,1.);
#7328 = DIRECTION('',(1.,0.,-1.110223024625E-16));
#7329 = ORIENTED_EDGE('',*,*,#7330,.T.);
#7330 = EDGE_CURVE('',#7323,#7331,#7333,.T.);
#7331 = VERTEX_POINT('',#7332);
#7332 = CARTESIAN_POINT('',(-3.49,2.775,0.93988764291));
#7333 = LINE('',#7334,#7335);
#7334 = CARTESIAN_POINT('',(-3.49,2.775,0.437372862773));
#7335 = VECTOR('',#7336,1.);
#7336 = DIRECTION('',(0.,-5.472315783042E-31,-1.));
#7337 = ORIENTED_EDGE('',*,*,#7338,.T.);
#7338 = EDGE_CURVE('',#7331,#7295,#7339,.T.);
#7339 = LINE('',#7340,#7341);
#7340 = CARTESIAN_POINT('',(-2.237701336216,2.775,0.93988764291));
#7341 = VECTOR('',#7342,1.);
#7342 = DIRECTION('',(-1.,0.,1.110223024625E-16));
#7343 = PLANE('',#7344);
#7344 = AXIS2_PLACEMENT_3D('',#7345,#7346,#7347);
#7345 = CARTESIAN_POINT('',(-4.091426690538,2.775,0.874745725546));
#7346 = DIRECTION('',(1.925014880134E-31,1.,-5.472315783042E-31));
#7347 = DIRECTION('',(0.,5.472315783042E-31,1.));
#7348 = ADVANCED_FACE('',(#7349),#7409,.F.);
#7349 = FACE_BOUND('',#7350,.F.);
#7350 = EDGE_LOOP('',(#7351,#7359,#7368,#7376,#7385,#7393,#7402,#7408));
#7351 = ORIENTED_EDGE('',*,*,#7352,.F.);
#7352 = EDGE_CURVE('',#7353,#7297,#7355,.T.);
#7353 = VERTEX_POINT('',#7354);
#7354 = CARTESIAN_POINT('',(-4.24,2.655,0.939877074976));
#7355 = LINE('',#7356,#7357);
#7356 = CARTESIAN_POINT('',(-4.24,2.775,0.939877074976));
#7357 = VECTOR('',#7358,1.);
#7358 = DIRECTION('',(0.,1.,0.));
#7359 = ORIENTED_EDGE('',*,*,#7360,.T.);
#7360 = EDGE_CURVE('',#7353,#7361,#7363,.T.);
#7361 = VERTEX_POINT('',#7362);
#7362 = CARTESIAN_POINT('',(-4.472624491413,2.655,0.775392678742));
#7363 = CIRCLE('',#7364,0.25);
#7364 = AXIS2_PLACEMENT_3D('',#7365,#7366,#7367);
#7365 = CARTESIAN_POINT('',(-4.237701336216,2.655,0.68988764291));
#7366 = DIRECTION('',(0.,-1.,0.));
#7367 = DIRECTION('',(-3.5527136788E-15,0.,1.));
#7368 = ORIENTED_EDGE('',*,*,#7369,.T.);
#7369 = EDGE_CURVE('',#7361,#7370,#7372,.T.);
#7370 = VERTEX_POINT('',#7371);
#7371 = CARTESIAN_POINT('',(-4.472624491413,1.905,0.775392678742));
#7372 = LINE('',#7373,#7374);
#7373 = CARTESIAN_POINT('',(-4.472624491413,2.655,0.775392678742));
#7374 = VECTOR('',#7375,1.);
#7375 = DIRECTION('',(0.,-1.,0.));
#7376 = ORIENTED_EDGE('',*,*,#7377,.F.);
#7377 = EDGE_CURVE('',#7378,#7370,#7380,.T.);
#7378 = VERTEX_POINT('',#7379);
#7379 = CARTESIAN_POINT('',(-4.24,1.905,0.939877074976));
#7380 = CIRCLE('',#7381,0.25);
#7381 = AXIS2_PLACEMENT_3D('',#7382,#7383,#7384);
#7382 = CARTESIAN_POINT('',(-4.237701336216,1.905,0.68988764291));
#7383 = DIRECTION('',(0.,-1.,0.));
#7384 = DIRECTION('',(-3.5527136788E-15,0.,1.));
#7385 = ORIENTED_EDGE('',*,*,#7386,.F.);
#7386 = EDGE_CURVE('',#7387,#7378,#7389,.T.);
#7387 = VERTEX_POINT('',#7388);
#7388 = CARTESIAN_POINT('',(-4.24,1.785,0.939877074976));
#7389 = LINE('',#7390,#7391);
#7390 = CARTESIAN_POINT('',(-4.24,2.775,0.939877074976));
#7391 = VECTOR('',#7392,1.);
#7392 = DIRECTION('',(0.,1.,0.));
#7393 = ORIENTED_EDGE('',*,*,#7394,.F.);
#7394 = EDGE_CURVE('',#7395,#7387,#7397,.T.);
#7395 = VERTEX_POINT('',#7396);
#7396 = CARTESIAN_POINT('',(-4.237701336216,1.785,0.93988764291));
#7397 = CIRCLE('',#7398,0.25);
#7398 = AXIS2_PLACEMENT_3D('',#7399,#7400,#7401);
#7399 = CARTESIAN_POINT('',(-4.237701336216,1.785,0.68988764291));
#7400 = DIRECTION('',(0.,-1.,0.));
#7401 = DIRECTION('',(-3.5527136788E-15,0.,1.));
#7402 = ORIENTED_EDGE('',*,*,#7403,.F.);
#7403 = EDGE_CURVE('',#7295,#7395,#7404,.T.);
#7404 = LINE('',#7405,#7406);
#7405 = CARTESIAN_POINT('',(-4.237701336216,2.775,0.93988764291));
#7406 = VECTOR('',#7407,1.);
#7407 = DIRECTION('',(0.,-1.,0.));
#7408 = ORIENTED_EDGE('',*,*,#7294,.T.);
#7409 = CYLINDRICAL_SURFACE('',#7410,0.25);
#7410 = AXIS2_PLACEMENT_3D('',#7411,#7412,#7413);
#7411 = CARTESIAN_POINT('',(-4.237701336216,2.775,0.68988764291));
#7412 = DIRECTION('',(0.,1.,0.));
#7413 = DIRECTION('',(-3.5527136788E-15,0.,1.));
#7414 = ADVANCED_FACE('',(#7415),#7465,.T.);
#7415 = FACE_BOUND('',#7416,.T.);
#7416 = EDGE_LOOP('',(#7417,#7418,#7426,#7434,#7442,#7450,#7458,#7464));
#7417 = ORIENTED_EDGE('',*,*,#7338,.F.);
#7418 = ORIENTED_EDGE('',*,*,#7419,.T.);
#7419 = EDGE_CURVE('',#7331,#7420,#7422,.T.);
#7420 = VERTEX_POINT('',#7421);
#7421 = CARTESIAN_POINT('',(-3.49,2.655,0.93988764291));
#7422 = LINE('',#7423,#7424);
#7423 = CARTESIAN_POINT('',(-3.49,3.0125,0.93988764291));
#7424 = VECTOR('',#7425,1.);
#7425 = DIRECTION('',(0.,-1.,0.));
#7426 = ORIENTED_EDGE('',*,*,#7427,.F.);
#7427 = EDGE_CURVE('',#7428,#7420,#7430,.T.);
#7428 = VERTEX_POINT('',#7429);
#7429 = CARTESIAN_POINT('',(-2.237701336216,2.655,0.93988764291));
#7430 = LINE('',#7431,#7432);
#7431 = CARTESIAN_POINT('',(-2.237701336216,2.655,0.93988764291));
#7432 = VECTOR('',#7433,1.);
#7433 = DIRECTION('',(-1.,0.,1.110223024625E-16));
#7434 = ORIENTED_EDGE('',*,*,#7435,.T.);
#7435 = EDGE_CURVE('',#7428,#7436,#7438,.T.);
#7436 = VERTEX_POINT('',#7437);
#7437 = CARTESIAN_POINT('',(-2.237701336216,1.905,0.93988764291));
#7438 = LINE('',#7439,#7440);
#7439 = CARTESIAN_POINT('',(-2.237701336216,2.655,0.93988764291));
#7440 = VECTOR('',#7441,1.);
#7441 = DIRECTION('',(0.,-1.,0.));
#7442 = ORIENTED_EDGE('',*,*,#7443,.T.);
#7443 = EDGE_CURVE('',#7436,#7444,#7446,.T.);
#7444 = VERTEX_POINT('',#7445);
#7445 = CARTESIAN_POINT('',(-3.49,1.905,0.93988764291));
#7446 = LINE('',#7447,#7448);
#7447 = CARTESIAN_POINT('',(-2.237701336216,1.905,0.93988764291));
#7448 = VECTOR('',#7449,1.);
#7449 = DIRECTION('',(-1.,0.,1.110223024625E-16));
#7450 = ORIENTED_EDGE('',*,*,#7451,.T.);
#7451 = EDGE_CURVE('',#7444,#7452,#7454,.T.);
#7452 = VERTEX_POINT('',#7453);
#7453 = CARTESIAN_POINT('',(-3.49,1.785,0.93988764291));
#7454 = LINE('',#7455,#7456);
#7455 = CARTESIAN_POINT('',(-3.49,3.0125,0.93988764291));
#7456 = VECTOR('',#7457,1.);
#7457 = DIRECTION('',(0.,-1.,0.));
#7458 = ORIENTED_EDGE('',*,*,#7459,.T.);
#7459 = EDGE_CURVE('',#7452,#7395,#7460,.T.);
#7460 = LINE('',#7461,#7462);
#7461 = CARTESIAN_POINT('',(-2.237701336216,1.785,0.93988764291));
#7462 = VECTOR('',#7463,1.);
#7463 = DIRECTION('',(-1.,0.,1.110223024625E-16));
#7464 = ORIENTED_EDGE('',*,*,#7403,.F.);
#7465 = PLANE('',#7466);
#7466 = AXIS2_PLACEMENT_3D('',#7467,#7468,#7469);
#7467 = CARTESIAN_POINT('',(-2.237701336216,2.775,0.93988764291));
#7468 = DIRECTION('',(-1.110223024625E-16,-0.,-1.));
#7469 = DIRECTION('',(-1.,0.,1.110223024625E-16));
#7470 = ADVANCED_FACE('',(#7471),#7489,.T.);
#7471 = FACE_BOUND('',#7472,.T.);
#7472 = EDGE_LOOP('',(#7473,#7474,#7482,#7488));
#7473 = ORIENTED_EDGE('',*,*,#7330,.F.);
#7474 = ORIENTED_EDGE('',*,*,#7475,.F.);
#7475 = EDGE_CURVE('',#7476,#7323,#7478,.T.);
#7476 = VERTEX_POINT('',#7477);
#7477 = CARTESIAN_POINT('',(-3.49,2.655,1.43988764291));
#7478 = LINE('',#7479,#7480);
#7479 = CARTESIAN_POINT('',(-3.49,3.0125,1.43988764291));
#7480 = VECTOR('',#7481,1.);
#7481 = DIRECTION('',(0.,1.,0.));
#7482 = ORIENTED_EDGE('',*,*,#7483,.T.);
#7483 = EDGE_CURVE('',#7476,#7420,#7484,.T.);
#7484 = LINE('',#7485,#7486);
#7485 = CARTESIAN_POINT('',(-3.49,2.655,0.437372862773));
#7486 = VECTOR('',#7487,1.);
#7487 = DIRECTION('',(0.,-5.472315783042E-31,-1.));
#7488 = ORIENTED_EDGE('',*,*,#7419,.F.);
#7489 = PLANE('',#7490);
#7490 = AXIS2_PLACEMENT_3D('',#7491,#7492,#7493);
#7491 = CARTESIAN_POINT('',(-3.49,3.25,0.));
#7492 = DIRECTION('',(1.,0.,0.));
#7493 = DIRECTION('',(0.,-1.,0.));
#7494 = ADVANCED_FACE('',(#7495),#7545,.T.);
#7495 = FACE_BOUND('',#7496,.T.);
#7496 = EDGE_LOOP('',(#7497,#7498,#7506,#7514,#7522,#7530,#7538,#7544));
#7497 = ORIENTED_EDGE('',*,*,#7322,.F.);
#7498 = ORIENTED_EDGE('',*,*,#7499,.T.);
#7499 = EDGE_CURVE('',#7314,#7500,#7502,.T.);
#7500 = VERTEX_POINT('',#7501);
#7501 = CARTESIAN_POINT('',(-4.237701336216,1.785,1.43988764291));
#7502 = LINE('',#7503,#7504);
#7503 = CARTESIAN_POINT('',(-4.237701336216,2.775,1.43988764291));
#7504 = VECTOR('',#7505,1.);
#7505 = DIRECTION('',(0.,-1.,0.));
#7506 = ORIENTED_EDGE('',*,*,#7507,.T.);
#7507 = EDGE_CURVE('',#7500,#7508,#7510,.T.);
#7508 = VERTEX_POINT('',#7509);
#7509 = CARTESIAN_POINT('',(-3.49,1.785,1.43988764291));
#7510 = LINE('',#7511,#7512);
#7511 = CARTESIAN_POINT('',(-4.237701336216,1.785,1.43988764291));
#7512 = VECTOR('',#7513,1.);
#7513 = DIRECTION('',(1.,0.,-1.110223024625E-16));
#7514 = ORIENTED_EDGE('',*,*,#7515,.T.);
#7515 = EDGE_CURVE('',#7508,#7516,#7518,.T.);
#7516 = VERTEX_POINT('',#7517);
#7517 = CARTESIAN_POINT('',(-3.49,1.905,1.43988764291));
#7518 = LINE('',#7519,#7520);
#7519 = CARTESIAN_POINT('',(-3.49,3.0125,1.43988764291));
#7520 = VECTOR('',#7521,1.);
#7521 = DIRECTION('',(0.,1.,0.));
#7522 = ORIENTED_EDGE('',*,*,#7523,.T.);
#7523 = EDGE_CURVE('',#7516,#7524,#7526,.T.);
#7524 = VERTEX_POINT('',#7525);
#7525 = CARTESIAN_POINT('',(-2.237701336216,1.905,1.43988764291));
#7526 = LINE('',#7527,#7528);
#7527 = CARTESIAN_POINT('',(-4.237701336216,1.905,1.43988764291));
#7528 = VECTOR('',#7529,1.);
#7529 = DIRECTION('',(1.,0.,-1.110223024625E-16));
#7530 = ORIENTED_EDGE('',*,*,#7531,.F.);
#7531 = EDGE_CURVE('',#7532,#7524,#7534,.T.);
#7532 = VERTEX_POINT('',#7533);
#7533 = CARTESIAN_POINT('',(-2.237701336216,2.655,1.43988764291));
#7534 = LINE('',#7535,#7536);
#7535 = CARTESIAN_POINT('',(-2.237701336216,2.655,1.43988764291));
#7536 = VECTOR('',#7537,1.);
#7537 = DIRECTION('',(0.,-1.,0.));
#7538 = ORIENTED_EDGE('',*,*,#7539,.F.);
#7539 = EDGE_CURVE('',#7476,#7532,#7540,.T.);
#7540 = LINE('',#7541,#7542);
#7541 = CARTESIAN_POINT('',(-4.237701336216,2.655,1.43988764291));
#7542 = VECTOR('',#7543,1.);
#7543 = DIRECTION('',(1.,0.,-1.110223024625E-16));
#7544 = ORIENTED_EDGE('',*,*,#7475,.T.);
#7545 = PLANE('',#7546);
#7546 = AXIS2_PLACEMENT_3D('',#7547,#7548,#7549);
#7547 = CARTESIAN_POINT('',(-4.237701336216,2.775,1.43988764291));
#7548 = DIRECTION('',(1.110223024625E-16,0.,1.));
#7549 = DIRECTION('',(1.,0.,-1.110223024625E-16));
#7550 = ADVANCED_FACE('',(#7551),#7604,.T.);
#7551 = FACE_BOUND('',#7552,.T.);
#7552 = EDGE_LOOP('',(#7553,#7554,#7562,#7571,#7579,#7588,#7596,#7603));
#7553 = ORIENTED_EDGE('',*,*,#7313,.F.);
#7554 = ORIENTED_EDGE('',*,*,#7555,.F.);
#7555 = EDGE_CURVE('',#7556,#7306,#7558,.T.);
#7556 = VERTEX_POINT('',#7557);
#7557 = CARTESIAN_POINT('',(-4.24,2.655,1.439884120332));
#7558 = LINE('',#7559,#7560);
#7559 = CARTESIAN_POINT('',(-4.24,2.775,1.439884120332));
#7560 = VECTOR('',#7561,1.);
#7561 = DIRECTION('',(0.,1.,0.));
#7562 = ORIENTED_EDGE('',*,*,#7563,.F.);
#7563 = EDGE_CURVE('',#7564,#7556,#7566,.T.);
#7564 = VERTEX_POINT('',#7565);
#7565 = CARTESIAN_POINT('',(-4.942470801806,2.655,0.946402750404));
#7566 = CIRCLE('',#7567,0.75);
#7567 = AXIS2_PLACEMENT_3D('',#7568,#7569,#7570);
#7568 = CARTESIAN_POINT('',(-4.237701336216,2.655,0.68988764291));
#7569 = DIRECTION('',(0.,1.,-0.));
#7570 = DIRECTION('',(-0.939692620786,0.,0.342020143326));
#7571 = ORIENTED_EDGE('',*,*,#7572,.T.);
#7572 = EDGE_CURVE('',#7564,#7573,#7575,.T.);
#7573 = VERTEX_POINT('',#7574);
#7574 = CARTESIAN_POINT('',(-4.942470801806,1.905,0.946402750404));
#7575 = LINE('',#7576,#7577);
#7576 = CARTESIAN_POINT('',(-4.942470801806,2.655,0.946402750404));
#7577 = VECTOR('',#7578,1.);
#7578 = DIRECTION('',(0.,-1.,0.));
#7579 = ORIENTED_EDGE('',*,*,#7580,.T.);
#7580 = EDGE_CURVE('',#7573,#7581,#7583,.T.);
#7581 = VERTEX_POINT('',#7582);
#7582 = CARTESIAN_POINT('',(-4.24,1.905,1.439884120332));
#7583 = CIRCLE('',#7584,0.75);
#7584 = AXIS2_PLACEMENT_3D('',#7585,#7586,#7587);
#7585 = CARTESIAN_POINT('',(-4.237701336216,1.905,0.68988764291));
#7586 = DIRECTION('',(0.,1.,-0.));
#7587 = DIRECTION('',(-0.939692620786,0.,0.342020143326));
#7588 = ORIENTED_EDGE('',*,*,#7589,.F.);
#7589 = EDGE_CURVE('',#7590,#7581,#7592,.T.);
#7590 = VERTEX_POINT('',#7591);
#7591 = CARTESIAN_POINT('',(-4.24,1.785,1.439884120332));
#7592 = LINE('',#7593,#7594);
#7593 = CARTESIAN_POINT('',(-4.24,2.775,1.439884120332));
#7594 = VECTOR('',#7595,1.);
#7595 = DIRECTION('',(0.,1.,0.));
#7596 = ORIENTED_EDGE('',*,*,#7597,.T.);
#7597 = EDGE_CURVE('',#7590,#7500,#7598,.T.);
#7598 = CIRCLE('',#7599,0.75);
#7599 = AXIS2_PLACEMENT_3D('',#7600,#7601,#7602);
#7600 = CARTESIAN_POINT('',(-4.237701336216,1.785,0.68988764291));
#7601 = DIRECTION('',(0.,1.,-0.));
#7602 = DIRECTION('',(-0.939692620786,0.,0.342020143326));
#7603 = ORIENTED_EDGE('',*,*,#7499,.F.);
#7604 = CYLINDRICAL_SURFACE('',#7605,0.75);
#7605 = AXIS2_PLACEMENT_3D('',#7606,#7607,#7608);
#7606 = CARTESIAN_POINT('',(-4.237701336216,2.775,0.68988764291));
#7607 = DIRECTION('',(0.,1.,0.));
#7608 = DIRECTION('',(-0.939692620786,0.,0.342020143326));
#7609 = ADVANCED_FACE('',(#7610),#7621,.T.);
#7610 = FACE_BOUND('',#7611,.T.);
#7611 = EDGE_LOOP('',(#7612,#7613,#7614,#7620));
#7612 = ORIENTED_EDGE('',*,*,#7305,.F.);
#7613 = ORIENTED_EDGE('',*,*,#7352,.F.);
#7614 = ORIENTED_EDGE('',*,*,#7615,.T.);
#7615 = EDGE_CURVE('',#7353,#7556,#7616,.T.);
#7616 = LINE('',#7617,#7618);
#7617 = CARTESIAN_POINT('',(-4.24,2.655,0.437372862773));
#7618 = VECTOR('',#7619,1.);
#7619 = DIRECTION('',(0.,5.472315783042E-31,1.));
#7620 = ORIENTED_EDGE('',*,*,#7555,.T.);
#7621 = PLANE('',#7622);
#7622 = AXIS2_PLACEMENT_3D('',#7623,#7624,#7625);
#7623 = CARTESIAN_POINT('',(-4.24,-3.25,0.));
#7624 = DIRECTION('',(-1.,0.,0.));
#7625 = DIRECTION('',(0.,1.,0.));
#7626 = ADVANCED_FACE('',(#7627),#7638,.T.);
#7627 = FACE_BOUND('',#7628,.T.);
#7628 = EDGE_LOOP('',(#7629,#7630,#7631,#7637));
#7629 = ORIENTED_EDGE('',*,*,#7483,.F.);
#7630 = ORIENTED_EDGE('',*,*,#7539,.T.);
#7631 = ORIENTED_EDGE('',*,*,#7632,.T.);
#7632 = EDGE_CURVE('',#7532,#7428,#7633,.T.);
#7633 = LINE('',#7634,#7635);
#7634 = CARTESIAN_POINT('',(-2.237701336216,2.655,1.43988764291));
#7635 = VECTOR('',#7636,1.);
#7636 = DIRECTION('',(0.,0.,-1.));
#7637 = ORIENTED_EDGE('',*,*,#7427,.T.);
#7638 = PLANE('',#7639);
#7639 = AXIS2_PLACEMENT_3D('',#7640,#7641,#7642);
#7640 = CARTESIAN_POINT('',(-4.091426690538,2.655,0.874745725546));
#7641 = DIRECTION('',(1.925014880134E-31,1.,-5.472315783042E-31));
#7642 = DIRECTION('',(0.,5.472315783042E-31,1.));
#7643 = ADVANCED_FACE('',(#7644),#7705,.T.);
#7644 = FACE_BOUND('',#7645,.T.);
#7645 = EDGE_LOOP('',(#7646,#7656,#7664,#7673,#7679,#7680,#7681,#7682,
    #7690,#7699));
#7646 = ORIENTED_EDGE('',*,*,#7647,.T.);
#7647 = EDGE_CURVE('',#7648,#7650,#7652,.T.);
#7648 = VERTEX_POINT('',#7649);
#7649 = CARTESIAN_POINT('',(-5.79,2.655,-2.70609920631E-16));
#7650 = VERTEX_POINT('',#7651);
#7651 = CARTESIAN_POINT('',(-5.79,2.655,0.5));
#7652 = LINE('',#7653,#7654);
#7653 = CARTESIAN_POINT('',(-5.79,2.655,-2.70609920631E-16));
#7654 = VECTOR('',#7655,1.);
#7655 = DIRECTION('',(1.7763568394E-15,0.,1.));
#7656 = ORIENTED_EDGE('',*,*,#7657,.T.);
#7657 = EDGE_CURVE('',#7650,#7658,#7660,.T.);
#7658 = VERTEX_POINT('',#7659);
#7659 = CARTESIAN_POINT('',(-5.28,2.655,0.5));
#7660 = LINE('',#7661,#7662);
#7661 = CARTESIAN_POINT('',(-5.79,2.655,0.5));
#7662 = VECTOR('',#7663,1.);
#7663 = DIRECTION('',(1.,0.,0.));
#7664 = ORIENTED_EDGE('',*,*,#7665,.T.);
#7665 = EDGE_CURVE('',#7658,#7666,#7668,.T.);
#7666 = VERTEX_POINT('',#7667);
#7667 = CARTESIAN_POINT('',(-5.045076844804,2.655,0.664494964169));
#7668 = CIRCLE('',#7669,0.25);
#7669 = AXIS2_PLACEMENT_3D('',#7670,#7671,#7672);
#7670 = CARTESIAN_POINT('',(-5.28,2.655,0.75));
#7671 = DIRECTION('',(0.,-1.,0.));
#7672 = DIRECTION('',(0.,0.,-1.));
#7673 = ORIENTED_EDGE('',*,*,#7674,.T.);
#7674 = EDGE_CURVE('',#7666,#7564,#7675,.T.);
#7675 = LINE('',#7676,#7677);
#7676 = CARTESIAN_POINT('',(-5.045076844804,2.655,0.664494964169));
#7677 = VECTOR('',#7678,1.);
#7678 = DIRECTION('',(0.342020143326,0.,0.939692620786));
#7679 = ORIENTED_EDGE('',*,*,#7563,.T.);
#7680 = ORIENTED_EDGE('',*,*,#7615,.F.);
#7681 = ORIENTED_EDGE('',*,*,#7360,.T.);
#7682 = ORIENTED_EDGE('',*,*,#7683,.T.);
#7683 = EDGE_CURVE('',#7361,#7684,#7686,.T.);
#7684 = VERTEX_POINT('',#7685);
#7685 = CARTESIAN_POINT('',(-4.575230534411,2.655,0.493484892506));
#7686 = LINE('',#7687,#7688);
#7687 = CARTESIAN_POINT('',(-4.472624491413,2.655,0.775392678742));
#7688 = VECTOR('',#7689,1.);
#7689 = DIRECTION('',(-0.342020143326,0.,-0.939692620786));
#7690 = ORIENTED_EDGE('',*,*,#7691,.T.);
#7691 = EDGE_CURVE('',#7684,#7692,#7694,.T.);
#7692 = VERTEX_POINT('',#7693);
#7693 = CARTESIAN_POINT('',(-5.28,2.655,-2.22044604925E-16));
#7694 = CIRCLE('',#7695,0.75);
#7695 = AXIS2_PLACEMENT_3D('',#7696,#7697,#7698);
#7696 = CARTESIAN_POINT('',(-5.28,2.655,0.75));
#7697 = DIRECTION('',(0.,1.,0.));
#7698 = DIRECTION('',(0.939692620786,0.,-0.342020143326));
#7699 = ORIENTED_EDGE('',*,*,#7700,.T.);
#7700 = EDGE_CURVE('',#7692,#7648,#7701,.T.);
#7701 = LINE('',#7702,#7703);
#7702 = CARTESIAN_POINT('',(-5.28,2.655,-2.22044604925E-16));
#7703 = VECTOR('',#7704,1.);
#7704 = DIRECTION('',(-1.,0.,-9.522610922745E-17));
#7705 = PLANE('',#7706);
#7706 = AXIS2_PLACEMENT_3D('',#7707,#7708,#7709);
#7707 = CARTESIAN_POINT('',(-4.091426690538,2.655,0.874745725546));
#7708 = DIRECTION('',(1.925014880134E-31,1.,-5.472315783042E-31));
#7709 = DIRECTION('',(0.,5.472315783042E-31,1.));
#7710 = ADVANCED_FACE('',(#7711),#7722,.T.);
#7711 = FACE_BOUND('',#7712,.T.);
#7712 = EDGE_LOOP('',(#7713,#7714,#7720,#7721));
#7713 = ORIENTED_EDGE('',*,*,#7531,.T.);
#7714 = ORIENTED_EDGE('',*,*,#7715,.T.);
#7715 = EDGE_CURVE('',#7524,#7436,#7716,.T.);
#7716 = LINE('',#7717,#7718);
#7717 = CARTESIAN_POINT('',(-2.237701336216,1.905,1.43988764291));
#7718 = VECTOR('',#7719,1.);
#7719 = DIRECTION('',(0.,0.,-1.));
#7720 = ORIENTED_EDGE('',*,*,#7435,.F.);
#7721 = ORIENTED_EDGE('',*,*,#7632,.F.);
#7722 = PLANE('',#7723);
#7723 = AXIS2_PLACEMENT_3D('',#7724,#7725,#7726);
#7724 = CARTESIAN_POINT('',(-2.237701336216,2.655,1.43988764291));
#7725 = DIRECTION('',(1.,0.,0.));
#7726 = DIRECTION('',(0.,0.,-1.));
#7727 = ADVANCED_FACE('',(#7728),#7753,.T.);
#7728 = FACE_BOUND('',#7729,.T.);
#7729 = EDGE_LOOP('',(#7730,#7738,#7746,#7752));
#7730 = ORIENTED_EDGE('',*,*,#7731,.T.);
#7731 = EDGE_CURVE('',#7648,#7732,#7734,.T.);
#7732 = VERTEX_POINT('',#7733);
#7733 = CARTESIAN_POINT('',(-5.79,1.905,-2.70609920631E-16));
#7734 = LINE('',#7735,#7736);
#7735 = CARTESIAN_POINT('',(-5.79,2.655,-2.70609920631E-16));
#7736 = VECTOR('',#7737,1.);
#7737 = DIRECTION('',(0.,-1.,0.));
#7738 = ORIENTED_EDGE('',*,*,#7739,.T.);
#7739 = EDGE_CURVE('',#7732,#7740,#7742,.T.);
#7740 = VERTEX_POINT('',#7741);
#7741 = CARTESIAN_POINT('',(-5.79,1.905,0.5));
#7742 = LINE('',#7743,#7744);
#7743 = CARTESIAN_POINT('',(-5.79,1.905,-2.70609920631E-16));
#7744 = VECTOR('',#7745,1.);
#7745 = DIRECTION('',(1.7763568394E-15,0.,1.));
#7746 = ORIENTED_EDGE('',*,*,#7747,.F.);
#7747 = EDGE_CURVE('',#7650,#7740,#7748,.T.);
#7748 = LINE('',#7749,#7750);
#7749 = CARTESIAN_POINT('',(-5.79,2.655,0.5));
#7750 = VECTOR('',#7751,1.);
#7751 = DIRECTION('',(0.,-1.,0.));
#7752 = ORIENTED_EDGE('',*,*,#7647,.F.);
#7753 = PLANE('',#7754);
#7754 = AXIS2_PLACEMENT_3D('',#7755,#7756,#7757);
#7755 = CARTESIAN_POINT('',(-5.79,2.655,-2.70609920631E-16));
#7756 = DIRECTION('',(-1.,0.,1.7763568394E-15));
#7757 = DIRECTION('',(1.7763568394E-15,0.,1.));
#7758 = ADVANCED_FACE('',(#7759),#7777,.T.);
#7759 = FACE_BOUND('',#7760,.T.);
#7760 = EDGE_LOOP('',(#7761,#7769,#7775,#7776));
#7761 = ORIENTED_EDGE('',*,*,#7762,.T.);
#7762 = EDGE_CURVE('',#7692,#7763,#7765,.T.);
#7763 = VERTEX_POINT('',#7764);
#7764 = CARTESIAN_POINT('',(-5.28,1.905,-2.22044604925E-16));
#7765 = LINE('',#7766,#7767);
#7766 = CARTESIAN_POINT('',(-5.28,2.655,-2.22044604925E-16));
#7767 = VECTOR('',#7768,1.);
#7768 = DIRECTION('',(0.,-1.,0.));
#7769 = ORIENTED_EDGE('',*,*,#7770,.T.);
#7770 = EDGE_CURVE('',#7763,#7732,#7771,.T.);
#7771 = LINE('',#7772,#7773);
#7772 = CARTESIAN_POINT('',(-5.28,1.905,-2.22044604925E-16));
#7773 = VECTOR('',#7774,1.);
#7774 = DIRECTION('',(-1.,0.,-9.522610922745E-17));
#7775 = ORIENTED_EDGE('',*,*,#7731,.F.);
#7776 = ORIENTED_EDGE('',*,*,#7700,.F.);
#7777 = PLANE('',#7778);
#7778 = AXIS2_PLACEMENT_3D('',#7779,#7780,#7781);
#7779 = CARTESIAN_POINT('',(-5.28,2.655,-2.22044604925E-16));
#7780 = DIRECTION('',(9.522610922745E-17,0.,-1.));
#7781 = DIRECTION('',(-1.,0.,-9.522610922745E-17));
#7782 = ADVANCED_FACE('',(#7783),#7802,.T.);
#7783 = FACE_BOUND('',#7784,.T.);
#7784 = EDGE_LOOP('',(#7785,#7793,#7800,#7801));
#7785 = ORIENTED_EDGE('',*,*,#7786,.T.);
#7786 = EDGE_CURVE('',#7684,#7787,#7789,.T.);
#7787 = VERTEX_POINT('',#7788);
#7788 = CARTESIAN_POINT('',(-4.575230534411,1.905,0.493484892506));
#7789 = LINE('',#7790,#7791);
#7790 = CARTESIAN_POINT('',(-4.575230534411,2.655,0.493484892506));
#7791 = VECTOR('',#7792,1.);
#7792 = DIRECTION('',(0.,-1.,0.));
#7793 = ORIENTED_EDGE('',*,*,#7794,.T.);
#7794 = EDGE_CURVE('',#7787,#7763,#7795,.T.);
#7795 = CIRCLE('',#7796,0.75);
#7796 = AXIS2_PLACEMENT_3D('',#7797,#7798,#7799);
#7797 = CARTESIAN_POINT('',(-5.28,1.905,0.75));
#7798 = DIRECTION('',(0.,1.,0.));
#7799 = DIRECTION('',(0.939692620786,0.,-0.342020143326));
#7800 = ORIENTED_EDGE('',*,*,#7762,.F.);
#7801 = ORIENTED_EDGE('',*,*,#7691,.F.);
#7802 = CYLINDRICAL_SURFACE('',#7803,0.75);
#7803 = AXIS2_PLACEMENT_3D('',#7804,#7805,#7806);
#7804 = CARTESIAN_POINT('',(-5.28,2.655,0.75));
#7805 = DIRECTION('',(0.,1.,0.));
#7806 = DIRECTION('',(0.939692620786,0.,-0.342020143326));
#7807 = ADVANCED_FACE('',(#7808),#7819,.T.);
#7808 = FACE_BOUND('',#7809,.T.);
#7809 = EDGE_LOOP('',(#7810,#7811,#7817,#7818));
#7810 = ORIENTED_EDGE('',*,*,#7369,.T.);
#7811 = ORIENTED_EDGE('',*,*,#7812,.T.);
#7812 = EDGE_CURVE('',#7370,#7787,#7813,.T.);
#7813 = LINE('',#7814,#7815);
#7814 = CARTESIAN_POINT('',(-4.472624491413,1.905,0.775392678742));
#7815 = VECTOR('',#7816,1.);
#7816 = DIRECTION('',(-0.342020143326,0.,-0.939692620786));
#7817 = ORIENTED_EDGE('',*,*,#7786,.F.);
#7818 = ORIENTED_EDGE('',*,*,#7683,.F.);
#7819 = PLANE('',#7820);
#7820 = AXIS2_PLACEMENT_3D('',#7821,#7822,#7823);
#7821 = CARTESIAN_POINT('',(-4.472624491413,2.655,0.775392678742));
#7822 = DIRECTION('',(0.939692620786,0.,-0.342020143326));
#7823 = DIRECTION('',(-0.342020143326,0.,-0.939692620786));
#7824 = ADVANCED_FACE('',(#7825),#7843,.T.);
#7825 = FACE_BOUND('',#7826,.T.);
#7826 = EDGE_LOOP('',(#7827,#7835,#7841,#7842));
#7827 = ORIENTED_EDGE('',*,*,#7828,.T.);
#7828 = EDGE_CURVE('',#7666,#7829,#7831,.T.);
#7829 = VERTEX_POINT('',#7830);
#7830 = CARTESIAN_POINT('',(-5.045076844804,1.905,0.664494964169));
#7831 = LINE('',#7832,#7833);
#7832 = CARTESIAN_POINT('',(-5.045076844804,2.655,0.664494964169));
#7833 = VECTOR('',#7834,1.);
#7834 = DIRECTION('',(0.,-1.,0.));
#7835 = ORIENTED_EDGE('',*,*,#7836,.T.);
#7836 = EDGE_CURVE('',#7829,#7573,#7837,.T.);
#7837 = LINE('',#7838,#7839);
#7838 = CARTESIAN_POINT('',(-5.045076844804,1.905,0.664494964169));
#7839 = VECTOR('',#7840,1.);
#7840 = DIRECTION('',(0.342020143326,0.,0.939692620786));
#7841 = ORIENTED_EDGE('',*,*,#7572,.F.);
#7842 = ORIENTED_EDGE('',*,*,#7674,.F.);
#7843 = PLANE('',#7844);
#7844 = AXIS2_PLACEMENT_3D('',#7845,#7846,#7847);
#7845 = CARTESIAN_POINT('',(-5.045076844804,2.655,0.664494964169));
#7846 = DIRECTION('',(-0.939692620786,0.,0.342020143326));
#7847 = DIRECTION('',(0.342020143326,0.,0.939692620786));
#7848 = ADVANCED_FACE('',(#7849),#7868,.F.);
#7849 = FACE_BOUND('',#7850,.F.);
#7850 = EDGE_LOOP('',(#7851,#7852,#7853,#7862));
#7851 = ORIENTED_EDGE('',*,*,#7665,.T.);
#7852 = ORIENTED_EDGE('',*,*,#7828,.T.);
#7853 = ORIENTED_EDGE('',*,*,#7854,.F.);
#7854 = EDGE_CURVE('',#7855,#7829,#7857,.T.);
#7855 = VERTEX_POINT('',#7856);
#7856 = CARTESIAN_POINT('',(-5.28,1.905,0.5));
#7857 = CIRCLE('',#7858,0.25);
#7858 = AXIS2_PLACEMENT_3D('',#7859,#7860,#7861);
#7859 = CARTESIAN_POINT('',(-5.28,1.905,0.75));
#7860 = DIRECTION('',(0.,-1.,0.));
#7861 = DIRECTION('',(0.,0.,-1.));
#7862 = ORIENTED_EDGE('',*,*,#7863,.F.);
#7863 = EDGE_CURVE('',#7658,#7855,#7864,.T.);
#7864 = LINE('',#7865,#7866);
#7865 = CARTESIAN_POINT('',(-5.28,2.655,0.5));
#7866 = VECTOR('',#7867,1.);
#7867 = DIRECTION('',(0.,-1.,0.));
#7868 = CYLINDRICAL_SURFACE('',#7869,0.25);
#7869 = AXIS2_PLACEMENT_3D('',#7870,#7871,#7872);
#7870 = CARTESIAN_POINT('',(-5.28,2.655,0.75));
#7871 = DIRECTION('',(0.,1.,0.));
#7872 = DIRECTION('',(0.,0.,-1.));
#7873 = ADVANCED_FACE('',(#7874),#7885,.T.);
#7874 = FACE_BOUND('',#7875,.T.);
#7875 = EDGE_LOOP('',(#7876,#7877,#7883,#7884));
#7876 = ORIENTED_EDGE('',*,*,#7747,.T.);
#7877 = ORIENTED_EDGE('',*,*,#7878,.T.);
#7878 = EDGE_CURVE('',#7740,#7855,#7879,.T.);
#7879 = LINE('',#7880,#7881);
#7880 = CARTESIAN_POINT('',(-5.79,1.905,0.5));
#7881 = VECTOR('',#7882,1.);
#7882 = DIRECTION('',(1.,0.,0.));
#7883 = ORIENTED_EDGE('',*,*,#7863,.F.);
#7884 = ORIENTED_EDGE('',*,*,#7657,.F.);
#7885 = PLANE('',#7886);
#7886 = AXIS2_PLACEMENT_3D('',#7887,#7888,#7889);
#7887 = CARTESIAN_POINT('',(-5.79,2.655,0.5));
#7888 = DIRECTION('',(0.,0.,1.));
#7889 = DIRECTION('',(1.,0.,0.));
#7890 = ADVANCED_FACE('',(#7891),#7908,.F.);
#7891 = FACE_BOUND('',#7892,.F.);
#7892 = EDGE_LOOP('',(#7893,#7894,#7895,#7896,#7897,#7898,#7904,#7905,
    #7906,#7907));
#7893 = ORIENTED_EDGE('',*,*,#7739,.T.);
#7894 = ORIENTED_EDGE('',*,*,#7878,.T.);
#7895 = ORIENTED_EDGE('',*,*,#7854,.T.);
#7896 = ORIENTED_EDGE('',*,*,#7836,.T.);
#7897 = ORIENTED_EDGE('',*,*,#7580,.T.);
#7898 = ORIENTED_EDGE('',*,*,#7899,.F.);
#7899 = EDGE_CURVE('',#7378,#7581,#7900,.T.);
#7900 = LINE('',#7901,#7902);
#7901 = CARTESIAN_POINT('',(-4.24,1.905,0.437372862773));
#7902 = VECTOR('',#7903,1.);
#7903 = DIRECTION('',(0.,5.472315783042E-31,1.));
#7904 = ORIENTED_EDGE('',*,*,#7377,.T.);
#7905 = ORIENTED_EDGE('',*,*,#7812,.T.);
#7906 = ORIENTED_EDGE('',*,*,#7794,.T.);
#7907 = ORIENTED_EDGE('',*,*,#7770,.T.);
#7908 = PLANE('',#7909);
#7909 = AXIS2_PLACEMENT_3D('',#7910,#7911,#7912);
#7910 = CARTESIAN_POINT('',(-4.091426690538,1.905,0.874745725546));
#7911 = DIRECTION('',(1.925014880134E-31,1.,-5.472315783042E-31));
#7912 = DIRECTION('',(0.,5.472315783042E-31,1.));
#7913 = ADVANCED_FACE('',(#7914),#7925,.T.);
#7914 = FACE_BOUND('',#7915,.T.);
#7915 = EDGE_LOOP('',(#7916,#7917,#7918,#7924));
#7916 = ORIENTED_EDGE('',*,*,#7899,.F.);
#7917 = ORIENTED_EDGE('',*,*,#7386,.F.);
#7918 = ORIENTED_EDGE('',*,*,#7919,.T.);
#7919 = EDGE_CURVE('',#7387,#7590,#7920,.T.);
#7920 = LINE('',#7921,#7922);
#7921 = CARTESIAN_POINT('',(-4.24,1.785,0.437372862773));
#7922 = VECTOR('',#7923,1.);
#7923 = DIRECTION('',(0.,5.472315783042E-31,1.));
#7924 = ORIENTED_EDGE('',*,*,#7589,.T.);
#7925 = PLANE('',#7926);
#7926 = AXIS2_PLACEMENT_3D('',#7927,#7928,#7929);
#7927 = CARTESIAN_POINT('',(-4.24,-3.25,0.));
#7928 = DIRECTION('',(-1.,0.,0.));
#7929 = DIRECTION('',(0.,1.,0.));
#7930 = ADVANCED_FACE('',(#7931),#7944,.F.);
#7931 = FACE_BOUND('',#7932,.F.);
#7932 = EDGE_LOOP('',(#7933,#7934,#7935,#7936,#7937,#7943));
#7933 = ORIENTED_EDGE('',*,*,#7394,.T.);
#7934 = ORIENTED_EDGE('',*,*,#7919,.T.);
#7935 = ORIENTED_EDGE('',*,*,#7597,.T.);
#7936 = ORIENTED_EDGE('',*,*,#7507,.T.);
#7937 = ORIENTED_EDGE('',*,*,#7938,.T.);
#7938 = EDGE_CURVE('',#7508,#7452,#7939,.T.);
#7939 = LINE('',#7940,#7941);
#7940 = CARTESIAN_POINT('',(-3.49,1.785,0.437372862773));
#7941 = VECTOR('',#7942,1.);
#7942 = DIRECTION('',(0.,-5.472315783042E-31,-1.));
#7943 = ORIENTED_EDGE('',*,*,#7459,.T.);
#7944 = PLANE('',#7945);
#7945 = AXIS2_PLACEMENT_3D('',#7946,#7947,#7948);
#7946 = CARTESIAN_POINT('',(-4.091426690538,1.785,0.874745725546));
#7947 = DIRECTION('',(1.925014880134E-31,1.,-5.472315783042E-31));
#7948 = DIRECTION('',(0.,5.472315783042E-31,1.));
#7949 = ADVANCED_FACE('',(#7950),#7961,.T.);
#7950 = FACE_BOUND('',#7951,.T.);
#7951 = EDGE_LOOP('',(#7952,#7958,#7959,#7960));
#7952 = ORIENTED_EDGE('',*,*,#7953,.F.);
#7953 = EDGE_CURVE('',#7516,#7444,#7954,.T.);
#7954 = LINE('',#7955,#7956);
#7955 = CARTESIAN_POINT('',(-3.49,1.905,0.437372862773));
#7956 = VECTOR('',#7957,1.);
#7957 = DIRECTION('',(0.,-5.472315783042E-31,-1.));
#7958 = ORIENTED_EDGE('',*,*,#7515,.F.);
#7959 = ORIENTED_EDGE('',*,*,#7938,.T.);
#7960 = ORIENTED_EDGE('',*,*,#7451,.F.);
#7961 = PLANE('',#7962);
#7962 = AXIS2_PLACEMENT_3D('',#7963,#7964,#7965);
#7963 = CARTESIAN_POINT('',(-3.49,3.25,0.));
#7964 = DIRECTION('',(1.,0.,0.));
#7965 = DIRECTION('',(0.,-1.,0.));
#7966 = ADVANCED_FACE('',(#7967),#7973,.F.);
#7967 = FACE_BOUND('',#7968,.F.);
#7968 = EDGE_LOOP('',(#7969,#7970,#7971,#7972));
#7969 = ORIENTED_EDGE('',*,*,#7953,.F.);
#7970 = ORIENTED_EDGE('',*,*,#7523,.T.);
#7971 = ORIENTED_EDGE('',*,*,#7715,.T.);
#7972 = ORIENTED_EDGE('',*,*,#7443,.T.);
#7973 = PLANE('',#7974);
#7974 = AXIS2_PLACEMENT_3D('',#7975,#7976,#7977);
#7975 = CARTESIAN_POINT('',(-4.091426690538,1.905,0.874745725546));
#7976 = DIRECTION('',(1.925014880134E-31,1.,-5.472315783042E-31));
#7977 = DIRECTION('',(0.,5.472315783042E-31,1.));
#7978 = ( GEOMETRIC_REPRESENTATION_CONTEXT(3) 
GLOBAL_UNCERTAINTY_ASSIGNED_CONTEXT((#7982)) 
GLOBAL_UNIT_ASSIGNED_CONTEXT((#7979,#7980,#7981)) REPRESENTATION_CONTEXT
('Context #1','3D Context with UNIT and UNCERTAINTY') );
#7979 = ( LENGTH_UNIT() NAMED_UNIT(*) SI_UNIT(.MILLI.,.METRE.) );
#7980 = ( NAMED_UNIT(*) PLANE_ANGLE_UNIT() SI_UNIT($,.RADIAN.) );
#7981 = ( NAMED_UNIT(*) SI_UNIT($,.STERADIAN.) SOLID_ANGLE_UNIT() );
#7982 = UNCERTAINTY_MEASURE_WITH_UNIT(LENGTH_MEASURE(1.E-07),#7979,
  'distance_accuracy_value','confusion accuracy');
#7983 = CONTEXT_DEPENDENT_SHAPE_REPRESENTATION(#7984,#7986);
#7984 = ( REPRESENTATION_RELATIONSHIP('','',#5485,#5462) 
REPRESENTATION_RELATIONSHIP_WITH_TRANSFORMATION(#7985) 
SHAPE_REPRESENTATION_RELATIONSHIP() );
#7985 = ITEM_DEFINED_TRANSFORMATION('','',#11,#5463);
#7986 = PRODUCT_DEFINITION_SHAPE('Placement','Placement of an item',
  #7987);
#7987 = NEXT_ASSEMBLY_USAGE_OCCURRENCE('12','=>[0:1:1:9]','',#5457,#5480
  ,$);
#7988 = PRODUCT_RELATED_PRODUCT_CATEGORY('part',$,(#5482));
#7989 = CONTEXT_DEPENDENT_SHAPE_REPRESENTATION(#7990,#7992);
#7990 = ( REPRESENTATION_RELATIONSHIP('','',#4630,#10) 
REPRESENTATION_RELATIONSHIP_WITH_TRANSFORMATION(#7991) 
SHAPE_REPRESENTATION_RELATIONSHIP() );
#7991 = ITEM_DEFINED_TRANSFORMATION('','',#11,#51);
#7992 = PRODUCT_DEFINITION_SHAPE('Placement','Placement of an item',
  #7993);
#7993 = NEXT_ASSEMBLY_USAGE_OCCURRENCE('14','R2','',#5,#4625,$);
#7994 = CONTEXT_DEPENDENT_SHAPE_REPRESENTATION(#7995,#7997);
#7995 = ( REPRESENTATION_RELATIONSHIP('','',#4630,#10) 
REPRESENTATION_RELATIONSHIP_WITH_TRANSFORMATION(#7996) 
SHAPE_REPRESENTATION_RELATIONSHIP() );
#7996 = ITEM_DEFINED_TRANSFORMATION('','',#11,#55);
#7997 = PRODUCT_DEFINITION_SHAPE('Placement','Placement of an item',
  #7998);
#7998 = NEXT_ASSEMBLY_USAGE_OCCURRENCE('15','R4','',#5,#4625,$);
#7999 = CONTEXT_DEPENDENT_SHAPE_REPRESENTATION(#8000,#8002);
#8000 = ( REPRESENTATION_RELATIONSHIP('','',#3734,#10) 
REPRESENTATION_RELATIONSHIP_WITH_TRANSFORMATION(#8001) 
SHAPE_REPRESENTATION_RELATIONSHIP() );
#8001 = ITEM_DEFINED_TRANSFORMATION('','',#11,#59);
#8002 = PRODUCT_DEFINITION_SHAPE('Placement','Placement of an item',
  #8003);
#8003 = NEXT_ASSEMBLY_USAGE_OCCURRENCE('16','C2','',#5,#3729,$);
#8004 = CONTEXT_DEPENDENT_SHAPE_REPRESENTATION(#8005,#8007);
#8005 = ( REPRESENTATION_RELATIONSHIP('','',#5462,#10) 
REPRESENTATION_RELATIONSHIP_WITH_TRANSFORMATION(#8006) 
SHAPE_REPRESENTATION_RELATIONSHIP() );
#8006 = ITEM_DEFINED_TRANSFORMATION('','',#11,#63);
#8007 = PRODUCT_DEFINITION_SHAPE('Placement','Placement of an item',
  #8008);
#8008 = NEXT_ASSEMBLY_USAGE_OCCURRENCE('17','D3','',#5,#5457,$);
#8009 = CONTEXT_DEPENDENT_SHAPE_REPRESENTATION(#8010,#8012);
#8010 = ( REPRESENTATION_RELATIONSHIP('','',#4630,#10) 
REPRESENTATION_RELATIONSHIP_WITH_TRANSFORMATION(#8011) 
SHAPE_REPRESENTATION_RELATIONSHIP() );
#8011 = ITEM_DEFINED_TRANSFORMATION('','',#11,#67);
#8012 = PRODUCT_DEFINITION_SHAPE('Placement','Placement of an item',
  #8013);
#8013 = NEXT_ASSEMBLY_USAGE_OCCURRENCE('18','R1','',#5,#4625,$);
#8014 = SHAPE_DEFINITION_REPRESENTATION(#8015,#8021);
#8015 = PRODUCT_DEFINITION_SHAPE('','',#8016);
#8016 = PRODUCT_DEFINITION('design','',#8017,#8020);
#8017 = PRODUCT_DEFINITION_FORMATION('','',#8018);
#8018 = PRODUCT('PCB_LEDS_TSAL_v2_PCB','PCB_LEDS_TSAL_v2_PCB','',(#8019)
  );
#8019 = PRODUCT_CONTEXT('',#2,'mechanical');
#8020 = PRODUCT_DEFINITION_CONTEXT('part definition',#2,'design');
#8021 = ADVANCED_BREP_SHAPE_REPRESENTATION('',(#11,#8022),#8291);
#8022 = MANIFOLD_SOLID_BREP('',#8023);
#8023 = CLOSED_SHELL('',(#8024,#8066,#8099,#8132,#8180,#8228,#8245,#8257
    ,#8274));
#8024 = ADVANCED_FACE('',(#8025),#8061,.T.);
#8025 = FACE_BOUND('',#8026,.T.);
#8026 = EDGE_LOOP('',(#8027,#8037,#8046,#8054));
#8027 = ORIENTED_EDGE('',*,*,#8028,.T.);
#8028 = EDGE_CURVE('',#8029,#8031,#8033,.T.);
#8029 = VERTEX_POINT('',#8030);
#8030 = CARTESIAN_POINT('',(55.13,-112.808438,0.));
#8031 = VERTEX_POINT('',#8032);
#8032 = CARTESIAN_POINT('',(55.13,-112.808438,1.6));
#8033 = LINE('',#8034,#8035);
#8034 = CARTESIAN_POINT('',(55.13,-112.808438,0.));
#8035 = VECTOR('',#8036,1.);
#8036 = DIRECTION('',(0.,0.,1.));
#8037 = ORIENTED_EDGE('',*,*,#8038,.T.);
#8038 = EDGE_CURVE('',#8031,#8039,#8041,.T.);
#8039 = VERTEX_POINT('',#8040);
#8040 = CARTESIAN_POINT('',(198.211993,-112.808438,1.6));
#8041 = CIRCLE('',#8042,80.035923452533);
#8042 = AXIS2_PLACEMENT_3D('',#8043,#8044,#8045);
#8043 = CARTESIAN_POINT('',(126.6709965,-148.6920674525,1.6));
#8044 = DIRECTION('',(0.,0.,-1.));
#8045 = DIRECTION('',(-0.893861074052,0.448344042333,0.));
#8046 = ORIENTED_EDGE('',*,*,#8047,.F.);
#8047 = EDGE_CURVE('',#8048,#8039,#8050,.T.);
#8048 = VERTEX_POINT('',#8049);
#8049 = CARTESIAN_POINT('',(198.211993,-112.808438,0.));
#8050 = LINE('',#8051,#8052);
#8051 = CARTESIAN_POINT('',(198.211993,-112.808438,0.));
#8052 = VECTOR('',#8053,1.);
#8053 = DIRECTION('',(0.,0.,1.));
#8054 = ORIENTED_EDGE('',*,*,#8055,.F.);
#8055 = EDGE_CURVE('',#8029,#8048,#8056,.T.);
#8056 = CIRCLE('',#8057,80.035923452533);
#8057 = AXIS2_PLACEMENT_3D('',#8058,#8059,#8060);
#8058 = CARTESIAN_POINT('',(126.6709965,-148.6920674525,0.));
#8059 = DIRECTION('',(0.,0.,-1.));
#8060 = DIRECTION('',(-0.893861074052,0.448344042333,0.));
#8061 = CYLINDRICAL_SURFACE('',#8062,80.035923452533);
#8062 = AXIS2_PLACEMENT_3D('',#8063,#8064,#8065);
#8063 = CARTESIAN_POINT('',(126.6709965,-148.6920674525,0.));
#8064 = DIRECTION('',(0.,0.,-1.));
#8065 = DIRECTION('',(-0.893861074052,0.448344042333,0.));
#8066 = ADVANCED_FACE('',(#8067),#8094,.T.);
#8067 = FACE_BOUND('',#8068,.T.);
#8068 = EDGE_LOOP('',(#8069,#8079,#8086,#8087));
#8069 = ORIENTED_EDGE('',*,*,#8070,.T.);
#8070 = EDGE_CURVE('',#8071,#8073,#8075,.T.);
#8071 = VERTEX_POINT('',#8072);
#8072 = CARTESIAN_POINT('',(68.556134,-124.683412,0.));
#8073 = VERTEX_POINT('',#8074);
#8074 = CARTESIAN_POINT('',(68.556134,-124.683412,1.6));
#8075 = LINE('',#8076,#8077);
#8076 = CARTESIAN_POINT('',(68.556134,-124.683412,0.));
#8077 = VECTOR('',#8078,1.);
#8078 = DIRECTION('',(0.,0.,1.));
#8079 = ORIENTED_EDGE('',*,*,#8080,.T.);
#8080 = EDGE_CURVE('',#8073,#8031,#8081,.T.);
#8081 = CIRCLE('',#8082,9.260568267638);
#8082 = AXIS2_PLACEMENT_3D('',#8083,#8084,#8085);
#8083 = CARTESIAN_POINT('',(63.388169020206,-116.9989951316,1.6));
#8084 = DIRECTION('',(0.,0.,-1.));
#8085 = DIRECTION('',(0.558061323067,-0.829799710591,0.));
#8086 = ORIENTED_EDGE('',*,*,#8028,.F.);
#8087 = ORIENTED_EDGE('',*,*,#8088,.F.);
#8088 = EDGE_CURVE('',#8071,#8029,#8089,.T.);
#8089 = CIRCLE('',#8090,9.260568267638);
#8090 = AXIS2_PLACEMENT_3D('',#8091,#8092,#8093);
#8091 = CARTESIAN_POINT('',(63.388169020206,-116.9989951316,0.));
#8092 = DIRECTION('',(0.,0.,-1.));
#8093 = DIRECTION('',(0.558061323067,-0.829799710591,0.));
#8094 = CYLINDRICAL_SURFACE('',#8095,9.260568267638);
#8095 = AXIS2_PLACEMENT_3D('',#8096,#8097,#8098);
#8096 = CARTESIAN_POINT('',(63.388169020206,-116.9989951316,0.));
#8097 = DIRECTION('',(0.,0.,-1.));
#8098 = DIRECTION('',(0.558061323067,-0.829799710591,0.));
#8099 = ADVANCED_FACE('',(#8100),#8127,.T.);
#8100 = FACE_BOUND('',#8101,.T.);
#8101 = EDGE_LOOP('',(#8102,#8103,#8112,#8120));
#8102 = ORIENTED_EDGE('',*,*,#8047,.T.);
#8103 = ORIENTED_EDGE('',*,*,#8104,.T.);
#8104 = EDGE_CURVE('',#8039,#8105,#8107,.T.);
#8105 = VERTEX_POINT('',#8106);
#8106 = CARTESIAN_POINT('',(185.,-124.425,1.6));
#8107 = CIRCLE('',#8108,8.960686826624);
#8108 = AXIS2_PLACEMENT_3D('',#8109,#8110,#8111);
#8109 = CARTESIAN_POINT('',(190.47793448408,-117.3337277451,1.6));
#8110 = DIRECTION('',(0.,0.,-1.));
#8111 = DIRECTION('',(0.863110012163,0.505015947178,0.));
#8112 = ORIENTED_EDGE('',*,*,#8113,.F.);
#8113 = EDGE_CURVE('',#8114,#8105,#8116,.T.);
#8114 = VERTEX_POINT('',#8115);
#8115 = CARTESIAN_POINT('',(185.,-124.425,0.));
#8116 = LINE('',#8117,#8118);
#8117 = CARTESIAN_POINT('',(185.,-124.425,0.));
#8118 = VECTOR('',#8119,1.);
#8119 = DIRECTION('',(0.,0.,1.));
#8120 = ORIENTED_EDGE('',*,*,#8121,.F.);
#8121 = EDGE_CURVE('',#8048,#8114,#8122,.T.);
#8122 = CIRCLE('',#8123,8.960686826624);
#8123 = AXIS2_PLACEMENT_3D('',#8124,#8125,#8126);
#8124 = CARTESIAN_POINT('',(190.47793448408,-117.3337277451,0.));
#8125 = DIRECTION('',(0.,0.,-1.));
#8126 = DIRECTION('',(0.863110012163,0.505015947178,0.));
#8127 = CYLINDRICAL_SURFACE('',#8128,8.960686826624);
#8128 = AXIS2_PLACEMENT_3D('',#8129,#8130,#8131);
#8129 = CARTESIAN_POINT('',(190.47793448408,-117.3337277451,0.));
#8130 = DIRECTION('',(0.,0.,-1.));
#8131 = DIRECTION('',(0.863110012163,0.505015947178,0.));
#8132 = ADVANCED_FACE('',(#8133,#8153,#8164),#8175,.F.);
#8133 = FACE_BOUND('',#8134,.F.);
#8134 = EDGE_LOOP('',(#8135,#8136,#8137,#8146,#8152));
#8135 = ORIENTED_EDGE('',*,*,#8055,.F.);
#8136 = ORIENTED_EDGE('',*,*,#8088,.F.);
#8137 = ORIENTED_EDGE('',*,*,#8138,.F.);
#8138 = EDGE_CURVE('',#8139,#8071,#8141,.T.);
#8139 = VERTEX_POINT('',#8140);
#8140 = CARTESIAN_POINT('',(185.002903,-124.417713,0.));
#8141 = CIRCLE('',#8142,100.13747984383);
#8142 = AXIS2_PLACEMENT_3D('',#8143,#8144,#8145);
#8143 = CARTESIAN_POINT('',(126.96541223326,-206.0214171743,0.));
#8144 = DIRECTION('',(0.,0.,1.));
#8145 = DIRECTION('',(0.579578104594,0.814916695543,-0.));
#8146 = ORIENTED_EDGE('',*,*,#8147,.F.);
#8147 = EDGE_CURVE('',#8114,#8139,#8148,.T.);
#8148 = LINE('',#8149,#8150);
#8149 = CARTESIAN_POINT('',(185.,-124.425,0.));
#8150 = VECTOR('',#8151,1.);
#8151 = DIRECTION('',(0.370093468095,0.928994523597,0.));
#8152 = ORIENTED_EDGE('',*,*,#8121,.F.);
#8153 = FACE_BOUND('',#8154,.F.);
#8154 = EDGE_LOOP('',(#8155));
#8155 = ORIENTED_EDGE('',*,*,#8156,.T.);
#8156 = EDGE_CURVE('',#8157,#8157,#8159,.T.);
#8157 = VERTEX_POINT('',#8158);
#8158 = CARTESIAN_POINT('',(65.405,-117.085,0.));
#8159 = CIRCLE('',#8160,2.15);
#8160 = AXIS2_PLACEMENT_3D('',#8161,#8162,#8163);
#8161 = CARTESIAN_POINT('',(65.405,-114.935,0.));
#8162 = DIRECTION('',(-0.,0.,-1.));
#8163 = DIRECTION('',(-0.,-1.,0.));
#8164 = FACE_BOUND('',#8165,.F.);
#8165 = EDGE_LOOP('',(#8166));
#8166 = ORIENTED_EDGE('',*,*,#8167,.T.);
#8167 = EDGE_CURVE('',#8168,#8168,#8170,.T.);
#8168 = VERTEX_POINT('',#8169);
#8169 = CARTESIAN_POINT('',(188.595,-117.085,0.));
#8170 = CIRCLE('',#8171,2.15);
#8171 = AXIS2_PLACEMENT_3D('',#8172,#8173,#8174);
#8172 = CARTESIAN_POINT('',(188.595,-114.935,0.));
#8173 = DIRECTION('',(-0.,0.,-1.));
#8174 = DIRECTION('',(-0.,-1.,0.));
#8175 = PLANE('',#8176);
#8176 = AXIS2_PLACEMENT_3D('',#8177,#8178,#8179);
#8177 = CARTESIAN_POINT('',(0.,0.,0.));
#8178 = DIRECTION('',(0.,0.,1.));
#8179 = DIRECTION('',(1.,0.,-0.));
#8180 = ADVANCED_FACE('',(#8181,#8201,#8212),#8223,.T.);
#8181 = FACE_BOUND('',#8182,.T.);
#8182 = EDGE_LOOP('',(#8183,#8184,#8185,#8194,#8200));
#8183 = ORIENTED_EDGE('',*,*,#8038,.F.);
#8184 = ORIENTED_EDGE('',*,*,#8080,.F.);
#8185 = ORIENTED_EDGE('',*,*,#8186,.F.);
#8186 = EDGE_CURVE('',#8187,#8073,#8189,.T.);
#8187 = VERTEX_POINT('',#8188);
#8188 = CARTESIAN_POINT('',(185.002903,-124.417713,1.6));
#8189 = CIRCLE('',#8190,100.13747984383);
#8190 = AXIS2_PLACEMENT_3D('',#8191,#8192,#8193);
#8191 = CARTESIAN_POINT('',(126.96541223326,-206.0214171743,1.6));
#8192 = DIRECTION('',(0.,0.,1.));
#8193 = DIRECTION('',(0.579578104594,0.814916695543,-0.));
#8194 = ORIENTED_EDGE('',*,*,#8195,.F.);
#8195 = EDGE_CURVE('',#8105,#8187,#8196,.T.);
#8196 = LINE('',#8197,#8198);
#8197 = CARTESIAN_POINT('',(185.,-124.425,1.6));
#8198 = VECTOR('',#8199,1.);
#8199 = DIRECTION('',(0.370093468095,0.928994523597,0.));
#8200 = ORIENTED_EDGE('',*,*,#8104,.F.);
#8201 = FACE_BOUND('',#8202,.T.);
#8202 = EDGE_LOOP('',(#8203));
#8203 = ORIENTED_EDGE('',*,*,#8204,.T.);
#8204 = EDGE_CURVE('',#8205,#8205,#8207,.T.);
#8205 = VERTEX_POINT('',#8206);
#8206 = CARTESIAN_POINT('',(65.405,-117.085,1.6));
#8207 = CIRCLE('',#8208,2.15);
#8208 = AXIS2_PLACEMENT_3D('',#8209,#8210,#8211);
#8209 = CARTESIAN_POINT('',(65.405,-114.935,1.6));
#8210 = DIRECTION('',(-0.,0.,-1.));
#8211 = DIRECTION('',(-0.,-1.,0.));
#8212 = FACE_BOUND('',#8213,.T.);
#8213 = EDGE_LOOP('',(#8214));
#8214 = ORIENTED_EDGE('',*,*,#8215,.T.);
#8215 = EDGE_CURVE('',#8216,#8216,#8218,.T.);
#8216 = VERTEX_POINT('',#8217);
#8217 = CARTESIAN_POINT('',(188.595,-117.085,1.6));
#8218 = CIRCLE('',#8219,2.15);
#8219 = AXIS2_PLACEMENT_3D('',#8220,#8221,#8222);
#8220 = CARTESIAN_POINT('',(188.595,-114.935,1.6));
#8221 = DIRECTION('',(-0.,0.,-1.));
#8222 = DIRECTION('',(-0.,-1.,0.));
#8223 = PLANE('',#8224);
#8224 = AXIS2_PLACEMENT_3D('',#8225,#8226,#8227);
#8225 = CARTESIAN_POINT('',(0.,0.,1.6));
#8226 = DIRECTION('',(0.,0.,1.));
#8227 = DIRECTION('',(1.,0.,-0.));
#8228 = ADVANCED_FACE('',(#8229),#8240,.F.);
#8229 = FACE_BOUND('',#8230,.T.);
#8230 = EDGE_LOOP('',(#8231,#8237,#8238,#8239));
#8231 = ORIENTED_EDGE('',*,*,#8232,.T.);
#8232 = EDGE_CURVE('',#8139,#8187,#8233,.T.);
#8233 = LINE('',#8234,#8235);
#8234 = CARTESIAN_POINT('',(185.002903,-124.417713,0.));
#8235 = VECTOR('',#8236,1.);
#8236 = DIRECTION('',(0.,0.,1.));
#8237 = ORIENTED_EDGE('',*,*,#8186,.T.);
#8238 = ORIENTED_EDGE('',*,*,#8070,.F.);
#8239 = ORIENTED_EDGE('',*,*,#8138,.F.);
#8240 = CYLINDRICAL_SURFACE('',#8241,100.13747984383);
#8241 = AXIS2_PLACEMENT_3D('',#8242,#8243,#8244);
#8242 = CARTESIAN_POINT('',(126.96541223326,-206.0214171743,0.));
#8243 = DIRECTION('',(-0.,-0.,-1.));
#8244 = DIRECTION('',(0.579578104594,0.814916695543,-0.));
#8245 = ADVANCED_FACE('',(#8246),#8252,.T.);
#8246 = FACE_BOUND('',#8247,.T.);
#8247 = EDGE_LOOP('',(#8248,#8249,#8250,#8251));
#8248 = ORIENTED_EDGE('',*,*,#8113,.T.);
#8249 = ORIENTED_EDGE('',*,*,#8195,.T.);
#8250 = ORIENTED_EDGE('',*,*,#8232,.F.);
#8251 = ORIENTED_EDGE('',*,*,#8147,.F.);
#8252 = PLANE('',#8253);
#8253 = AXIS2_PLACEMENT_3D('',#8254,#8255,#8256);
#8254 = CARTESIAN_POINT('',(185.,-124.425,0.));
#8255 = DIRECTION('',(-0.928994523597,0.370093468095,0.));
#8256 = DIRECTION('',(0.370093468095,0.928994523597,0.));
#8257 = ADVANCED_FACE('',(#8258),#8269,.F.);
#8258 = FACE_BOUND('',#8259,.T.);
#8259 = EDGE_LOOP('',(#8260,#8261,#8267,#8268));
#8260 = ORIENTED_EDGE('',*,*,#8156,.T.);
#8261 = ORIENTED_EDGE('',*,*,#8262,.T.);
#8262 = EDGE_CURVE('',#8157,#8205,#8263,.T.);
#8263 = LINE('',#8264,#8265);
#8264 = CARTESIAN_POINT('',(65.405,-117.085,-4.5E-02));
#8265 = VECTOR('',#8266,1.);
#8266 = DIRECTION('',(0.,0.,1.));
#8267 = ORIENTED_EDGE('',*,*,#8204,.F.);
#8268 = ORIENTED_EDGE('',*,*,#8262,.F.);
#8269 = CYLINDRICAL_SURFACE('',#8270,2.15);
#8270 = AXIS2_PLACEMENT_3D('',#8271,#8272,#8273);
#8271 = CARTESIAN_POINT('',(65.405,-114.935,-4.5E-02));
#8272 = DIRECTION('',(-0.,-0.,-1.));
#8273 = DIRECTION('',(-0.,-1.,0.));
#8274 = ADVANCED_FACE('',(#8275),#8286,.F.);
#8275 = FACE_BOUND('',#8276,.T.);
#8276 = EDGE_LOOP('',(#8277,#8278,#8284,#8285));
#8277 = ORIENTED_EDGE('',*,*,#8167,.T.);
#8278 = ORIENTED_EDGE('',*,*,#8279,.T.);
#8279 = EDGE_CURVE('',#8168,#8216,#8280,.T.);
#8280 = LINE('',#8281,#8282);
#8281 = CARTESIAN_POINT('',(188.595,-117.085,-4.5E-02));
#8282 = VECTOR('',#8283,1.);
#8283 = DIRECTION('',(0.,0.,1.));
#8284 = ORIENTED_EDGE('',*,*,#8215,.F.);
#8285 = ORIENTED_EDGE('',*,*,#8279,.F.);
#8286 = CYLINDRICAL_SURFACE('',#8287,2.15);
#8287 = AXIS2_PLACEMENT_3D('',#8288,#8289,#8290);
#8288 = CARTESIAN_POINT('',(188.595,-114.935,-4.5E-02));
#8289 = DIRECTION('',(-0.,-0.,-1.));
#8290 = DIRECTION('',(-0.,-1.,0.));
#8291 = ( GEOMETRIC_REPRESENTATION_CONTEXT(3) 
GLOBAL_UNCERTAINTY_ASSIGNED_CONTEXT((#8295)) 
GLOBAL_UNIT_ASSIGNED_CONTEXT((#8292,#8293,#8294)) REPRESENTATION_CONTEXT
('Context #1','3D Context with UNIT and UNCERTAINTY') );
#8292 = ( LENGTH_UNIT() NAMED_UNIT(*) SI_UNIT(.MILLI.,.METRE.) );
#8293 = ( NAMED_UNIT(*) PLANE_ANGLE_UNIT() SI_UNIT($,.RADIAN.) );
#8294 = ( NAMED_UNIT(*) SI_UNIT($,.STERADIAN.) SOLID_ANGLE_UNIT() );
#8295 = UNCERTAINTY_MEASURE_WITH_UNIT(LENGTH_MEASURE(1.E-07),#8292,
  'distance_accuracy_value','confusion accuracy');
#8296 = CONTEXT_DEPENDENT_SHAPE_REPRESENTATION(#8297,#8299);
#8297 = ( REPRESENTATION_RELATIONSHIP('','',#8021,#10) 
REPRESENTATION_RELATIONSHIP_WITH_TRANSFORMATION(#8298) 
SHAPE_REPRESENTATION_RELATIONSHIP() );
#8298 = ITEM_DEFINED_TRANSFORMATION('','',#11,#71);
#8299 = PRODUCT_DEFINITION_SHAPE('Placement','Placement of an item',
  #8300);
#8300 = NEXT_ASSEMBLY_USAGE_OCCURRENCE('19','=>[0:1:1:10]','',#5,#8016,$
  );
#8301 = PRODUCT_RELATED_PRODUCT_CATEGORY('part',$,(#8018));
#8302 = MECHANICAL_DESIGN_GEOMETRIC_PRESENTATION_REPRESENTATION('',(
    #8303,#8311,#8318,#8325,#8332,#8339,#8346,#8353,#8361,#8368,#8375,
    #8382,#8389,#8396,#8404,#8411,#8418,#8425,#8432,#8439,#8446,#8453,
    #8460,#8467,#8474,#8481),#5444);
#8303 = STYLED_ITEM('color',(#8304),#4656);
#8304 = PRESENTATION_STYLE_ASSIGNMENT((#8305));
#8305 = SURFACE_STYLE_USAGE(.BOTH.,#8306);
#8306 = SURFACE_SIDE_STYLE('',(#8307));
#8307 = SURFACE_STYLE_FILL_AREA(#8308);
#8308 = FILL_AREA_STYLE('',(#8309));
#8309 = FILL_AREA_STYLE_COLOUR('',#8310);
#8310 = COLOUR_RGB('',0.823999987314,0.819999987296,0.781000009244);
#8311 = STYLED_ITEM('color',(#8312),#4696);
#8312 = PRESENTATION_STYLE_ASSIGNMENT((#8313));
#8313 = SURFACE_STYLE_USAGE(.BOTH.,#8314);
#8314 = SURFACE_SIDE_STYLE('',(#8315));
#8315 = SURFACE_STYLE_FILL_AREA(#8316);
#8316 = FILL_AREA_STYLE('',(#8317));
#8317 = FILL_AREA_STYLE_COLOUR('',#8310);
#8318 = STYLED_ITEM('color',(#8319),#4779);
#8319 = PRESENTATION_STYLE_ASSIGNMENT((#8320));
#8320 = SURFACE_STYLE_USAGE(.BOTH.,#8321);
#8321 = SURFACE_SIDE_STYLE('',(#8322));
#8322 = SURFACE_STYLE_FILL_AREA(#8323);
#8323 = FILL_AREA_STYLE('',(#8324));
#8324 = FILL_AREA_STYLE_COLOUR('',#8310);
#8325 = STYLED_ITEM('color',(#8326),#4804);
#8326 = PRESENTATION_STYLE_ASSIGNMENT((#8327));
#8327 = SURFACE_STYLE_USAGE(.BOTH.,#8328);
#8328 = SURFACE_SIDE_STYLE('',(#8329));
#8329 = SURFACE_STYLE_FILL_AREA(#8330);
#8330 = FILL_AREA_STYLE('',(#8331));
#8331 = FILL_AREA_STYLE_COLOUR('',#8310);
#8332 = STYLED_ITEM('color',(#8333),#4829);
#8333 = PRESENTATION_STYLE_ASSIGNMENT((#8334));
#8334 = SURFACE_STYLE_USAGE(.BOTH.,#8335);
#8335 = SURFACE_SIDE_STYLE('',(#8336));
#8336 = SURFACE_STYLE_FILL_AREA(#8337);
#8337 = FILL_AREA_STYLE('',(#8338));
#8338 = FILL_AREA_STYLE_COLOUR('',#8310);
#8339 = STYLED_ITEM('color',(#8340),#4896);
#8340 = PRESENTATION_STYLE_ASSIGNMENT((#8341));
#8341 = SURFACE_STYLE_USAGE(.BOTH.,#8342);
#8342 = SURFACE_SIDE_STYLE('',(#8343));
#8343 = SURFACE_STYLE_FILL_AREA(#8344);
#8344 = FILL_AREA_STYLE('',(#8345));
#8345 = FILL_AREA_STYLE_COLOUR('',#8310);
#8346 = STYLED_ITEM('color',(#8347),#4913);
#8347 = PRESENTATION_STYLE_ASSIGNMENT((#8348));
#8348 = SURFACE_STYLE_USAGE(.BOTH.,#8349);
#8349 = SURFACE_SIDE_STYLE('',(#8350));
#8350 = SURFACE_STYLE_FILL_AREA(#8351);
#8351 = FILL_AREA_STYLE('',(#8352));
#8352 = FILL_AREA_STYLE_COLOUR('',#8310);
#8353 = STYLED_ITEM('color',(#8354),#4930);
#8354 = PRESENTATION_STYLE_ASSIGNMENT((#8355));
#8355 = SURFACE_STYLE_USAGE(.BOTH.,#8356);
#8356 = SURFACE_SIDE_STYLE('',(#8357));
#8357 = SURFACE_STYLE_FILL_AREA(#8358);
#8358 = FILL_AREA_STYLE('',(#8359));
#8359 = FILL_AREA_STYLE_COLOUR('',#8360);
#8360 = COLOUR_RGB('',0.894999966383,0.890999961016,0.813000030345);
#8361 = STYLED_ITEM('color',(#8362),#4979);
#8362 = PRESENTATION_STYLE_ASSIGNMENT((#8363));
#8363 = SURFACE_STYLE_USAGE(.BOTH.,#8364);
#8364 = SURFACE_SIDE_STYLE('',(#8365));
#8365 = SURFACE_STYLE_FILL_AREA(#8366);
#8366 = FILL_AREA_STYLE('',(#8367));
#8367 = FILL_AREA_STYLE_COLOUR('',#8310);
#8368 = STYLED_ITEM('color',(#8369),#4996);
#8369 = PRESENTATION_STYLE_ASSIGNMENT((#8370));
#8370 = SURFACE_STYLE_USAGE(.BOTH.,#8371);
#8371 = SURFACE_SIDE_STYLE('',(#8372));
#8372 = SURFACE_STYLE_FILL_AREA(#8373);
#8373 = FILL_AREA_STYLE('',(#8374));
#8374 = FILL_AREA_STYLE_COLOUR('',#8310);
#8375 = STYLED_ITEM('color',(#8376),#5013);
#8376 = PRESENTATION_STYLE_ASSIGNMENT((#8377));
#8377 = SURFACE_STYLE_USAGE(.BOTH.,#8378);
#8378 = SURFACE_SIDE_STYLE('',(#8379));
#8379 = SURFACE_STYLE_FILL_AREA(#8380);
#8380 = FILL_AREA_STYLE('',(#8381));
#8381 = FILL_AREA_STYLE_COLOUR('',#8360);
#8382 = STYLED_ITEM('color',(#8383),#5062);
#8383 = PRESENTATION_STYLE_ASSIGNMENT((#8384));
#8384 = SURFACE_STYLE_USAGE(.BOTH.,#8385);
#8385 = SURFACE_SIDE_STYLE('',(#8386));
#8386 = SURFACE_STYLE_FILL_AREA(#8387);
#8387 = FILL_AREA_STYLE('',(#8388));
#8388 = FILL_AREA_STYLE_COLOUR('',#8360);
#8389 = STYLED_ITEM('color',(#8390),#5079);
#8390 = PRESENTATION_STYLE_ASSIGNMENT((#8391));
#8391 = SURFACE_STYLE_USAGE(.BOTH.,#8392);
#8392 = SURFACE_SIDE_STYLE('',(#8393));
#8393 = SURFACE_STYLE_FILL_AREA(#8394);
#8394 = FILL_AREA_STYLE('',(#8395));
#8395 = FILL_AREA_STYLE_COLOUR('',#8310);
#8396 = STYLED_ITEM('color',(#8397),#5148);
#8397 = PRESENTATION_STYLE_ASSIGNMENT((#8398));
#8398 = SURFACE_STYLE_USAGE(.BOTH.,#8399);
#8399 = SURFACE_SIDE_STYLE('',(#8400));
#8400 = SURFACE_STYLE_FILL_AREA(#8401);
#8401 = FILL_AREA_STYLE('',(#8402));
#8402 = FILL_AREA_STYLE_COLOUR('',#8403);
#8403 = COLOUR_RGB('',8.200000279077E-02,8.600000121357E-02,
  9.399999706163E-02);
#8404 = STYLED_ITEM('color',(#8405),#5179);
#8405 = PRESENTATION_STYLE_ASSIGNMENT((#8406));
#8406 = SURFACE_STYLE_USAGE(.BOTH.,#8407);
#8407 = SURFACE_SIDE_STYLE('',(#8408));
#8408 = SURFACE_STYLE_FILL_AREA(#8409);
#8409 = FILL_AREA_STYLE('',(#8410));
#8410 = FILL_AREA_STYLE_COLOUR('',#8403);
#8411 = STYLED_ITEM('color',(#8412),#5203);
#8412 = PRESENTATION_STYLE_ASSIGNMENT((#8413));
#8413 = SURFACE_STYLE_USAGE(.BOTH.,#8414);
#8414 = SURFACE_SIDE_STYLE('',(#8415));
#8415 = SURFACE_STYLE_FILL_AREA(#8416);
#8416 = FILL_AREA_STYLE('',(#8417));
#8417 = FILL_AREA_STYLE_COLOUR('',#8310);
#8418 = STYLED_ITEM('color',(#8419),#5272);
#8419 = PRESENTATION_STYLE_ASSIGNMENT((#8420));
#8420 = SURFACE_STYLE_USAGE(.BOTH.,#8421);
#8421 = SURFACE_SIDE_STYLE('',(#8422));
#8422 = SURFACE_STYLE_FILL_AREA(#8423);
#8423 = FILL_AREA_STYLE('',(#8424));
#8424 = FILL_AREA_STYLE_COLOUR('',#8403);
#8425 = STYLED_ITEM('color',(#8426),#5296);
#8426 = PRESENTATION_STYLE_ASSIGNMENT((#8427));
#8427 = SURFACE_STYLE_USAGE(.BOTH.,#8428);
#8428 = SURFACE_SIDE_STYLE('',(#8429));
#8429 = SURFACE_STYLE_FILL_AREA(#8430);
#8430 = FILL_AREA_STYLE('',(#8431));
#8431 = FILL_AREA_STYLE_COLOUR('',#8310);
#8432 = STYLED_ITEM('color',(#8433),#5313);
#8433 = PRESENTATION_STYLE_ASSIGNMENT((#8434));
#8434 = SURFACE_STYLE_USAGE(.BOTH.,#8435);
#8435 = SURFACE_SIDE_STYLE('',(#8436));
#8436 = SURFACE_STYLE_FILL_AREA(#8437);
#8437 = FILL_AREA_STYLE('',(#8438));
#8438 = FILL_AREA_STYLE_COLOUR('',#8310);
#8439 = STYLED_ITEM('color',(#8440),#5330);
#8440 = PRESENTATION_STYLE_ASSIGNMENT((#8441));
#8441 = SURFACE_STYLE_USAGE(.BOTH.,#8442);
#8442 = SURFACE_SIDE_STYLE('',(#8443));
#8443 = SURFACE_STYLE_FILL_AREA(#8444);
#8444 = FILL_AREA_STYLE('',(#8445));
#8445 = FILL_AREA_STYLE_COLOUR('',#8310);
#8446 = STYLED_ITEM('color',(#8447),#5347);
#8447 = PRESENTATION_STYLE_ASSIGNMENT((#8448));
#8448 = SURFACE_STYLE_USAGE(.BOTH.,#8449);
#8449 = SURFACE_SIDE_STYLE('',(#8450));
#8450 = SURFACE_STYLE_FILL_AREA(#8451);
#8451 = FILL_AREA_STYLE('',(#8452));
#8452 = FILL_AREA_STYLE_COLOUR('',#8310);
#8453 = STYLED_ITEM('color',(#8454),#5364);
#8454 = PRESENTATION_STYLE_ASSIGNMENT((#8455));
#8455 = SURFACE_STYLE_USAGE(.BOTH.,#8456);
#8456 = SURFACE_SIDE_STYLE('',(#8457));
#8457 = SURFACE_STYLE_FILL_AREA(#8458);
#8458 = FILL_AREA_STYLE('',(#8459));
#8459 = FILL_AREA_STYLE_COLOUR('',#8310);
#8460 = STYLED_ITEM('color',(#8461),#5381);
#8461 = PRESENTATION_STYLE_ASSIGNMENT((#8462));
#8462 = SURFACE_STYLE_USAGE(.BOTH.,#8463);
#8463 = SURFACE_SIDE_STYLE('',(#8464));
#8464 = SURFACE_STYLE_FILL_AREA(#8465);
#8465 = FILL_AREA_STYLE('',(#8466));
#8466 = FILL_AREA_STYLE_COLOUR('',#8310);
#8467 = STYLED_ITEM('color',(#8468),#5398);
#8468 = PRESENTATION_STYLE_ASSIGNMENT((#8469));
#8469 = SURFACE_STYLE_USAGE(.BOTH.,#8470);
#8470 = SURFACE_SIDE_STYLE('',(#8471));
#8471 = SURFACE_STYLE_FILL_AREA(#8472);
#8472 = FILL_AREA_STYLE('',(#8473));
#8473 = FILL_AREA_STYLE_COLOUR('',#8310);
#8474 = STYLED_ITEM('color',(#8475),#5415);
#8475 = PRESENTATION_STYLE_ASSIGNMENT((#8476));
#8476 = SURFACE_STYLE_USAGE(.BOTH.,#8477);
#8477 = SURFACE_SIDE_STYLE('',(#8478));
#8478 = SURFACE_STYLE_FILL_AREA(#8479);
#8479 = FILL_AREA_STYLE('',(#8480));
#8480 = FILL_AREA_STYLE_COLOUR('',#8403);
#8481 = STYLED_ITEM('color',(#8482),#5432);
#8482 = PRESENTATION_STYLE_ASSIGNMENT((#8483));
#8483 = SURFACE_STYLE_USAGE(.BOTH.,#8484);
#8484 = SURFACE_SIDE_STYLE('',(#8485));
#8485 = SURFACE_STYLE_FILL_AREA(#8486);
#8486 = FILL_AREA_STYLE('',(#8487));
#8487 = FILL_AREA_STYLE_COLOUR('',#8403);
#8488 = MECHANICAL_DESIGN_GEOMETRIC_PRESENTATION_REPRESENTATION('',(
    #8489),#8291);
#8489 = STYLED_ITEM('color',(#8490),#8022);
#8490 = PRESENTATION_STYLE_ASSIGNMENT((#8491));
#8491 = SURFACE_STYLE_USAGE(.BOTH.,#8492);
#8492 = SURFACE_SIDE_STYLE('',(#8493));
#8493 = SURFACE_STYLE_FILL_AREA(#8494);
#8494 = FILL_AREA_STYLE('',(#8495));
#8495 = FILL_AREA_STYLE_COLOUR('',#8496);
#8496 = COLOUR_RGB('',0.313304153717,0.484529207832,0.410020903123);
#8497 = MECHANICAL_DESIGN_GEOMETRIC_PRESENTATION_REPRESENTATION('',(
    #8498,#8505,#8512,#8519,#8526,#8533,#8540,#8547,#8554,#8561,#8568,
    #8576,#8583,#8590,#8597,#8604,#8611,#8618,#8625,#8632,#8639,#8646,
    #8653,#8660,#8667,#8674,#8681,#8688),#4612);
#8498 = STYLED_ITEM('color',(#8499),#3760);
#8499 = PRESENTATION_STYLE_ASSIGNMENT((#8500));
#8500 = SURFACE_STYLE_USAGE(.BOTH.,#8501);
#8501 = SURFACE_SIDE_STYLE('',(#8502));
#8502 = SURFACE_STYLE_FILL_AREA(#8503);
#8503 = FILL_AREA_STYLE('',(#8504));
#8504 = FILL_AREA_STYLE_COLOUR('',#8310);
#8505 = STYLED_ITEM('color',(#8506),#3836);
#8506 = PRESENTATION_STYLE_ASSIGNMENT((#8507));
#8507 = SURFACE_STYLE_USAGE(.BOTH.,#8508);
#8508 = SURFACE_SIDE_STYLE('',(#8509));
#8509 = SURFACE_STYLE_FILL_AREA(#8510);
#8510 = FILL_AREA_STYLE('',(#8511));
#8511 = FILL_AREA_STYLE_COLOUR('',#8310);
#8512 = STYLED_ITEM('color',(#8513),#3867);
#8513 = PRESENTATION_STYLE_ASSIGNMENT((#8514));
#8514 = SURFACE_STYLE_USAGE(.BOTH.,#8515);
#8515 = SURFACE_SIDE_STYLE('',(#8516));
#8516 = SURFACE_STYLE_FILL_AREA(#8517);
#8517 = FILL_AREA_STYLE('',(#8518));
#8518 = FILL_AREA_STYLE_COLOUR('',#8310);
#8519 = STYLED_ITEM('color',(#8520),#3892);
#8520 = PRESENTATION_STYLE_ASSIGNMENT((#8521));
#8521 = SURFACE_STYLE_USAGE(.BOTH.,#8522);
#8522 = SURFACE_SIDE_STYLE('',(#8523));
#8523 = SURFACE_STYLE_FILL_AREA(#8524);
#8524 = FILL_AREA_STYLE('',(#8525));
#8525 = FILL_AREA_STYLE_COLOUR('',#8310);
#8526 = STYLED_ITEM('color',(#8527),#3917);
#8527 = PRESENTATION_STYLE_ASSIGNMENT((#8528));
#8528 = SURFACE_STYLE_USAGE(.BOTH.,#8529);
#8529 = SURFACE_SIDE_STYLE('',(#8530));
#8530 = SURFACE_STYLE_FILL_AREA(#8531);
#8531 = FILL_AREA_STYLE('',(#8532));
#8532 = FILL_AREA_STYLE_COLOUR('',#8310);
#8533 = STYLED_ITEM('color',(#8534),#3941);
#8534 = PRESENTATION_STYLE_ASSIGNMENT((#8535));
#8535 = SURFACE_STYLE_USAGE(.BOTH.,#8536);
#8536 = SURFACE_SIDE_STYLE('',(#8537));
#8537 = SURFACE_STYLE_FILL_AREA(#8538);
#8538 = FILL_AREA_STYLE('',(#8539));
#8539 = FILL_AREA_STYLE_COLOUR('',#8310);
#8540 = STYLED_ITEM('color',(#8541),#3965);
#8541 = PRESENTATION_STYLE_ASSIGNMENT((#8542));
#8542 = SURFACE_STYLE_USAGE(.BOTH.,#8543);
#8543 = SURFACE_SIDE_STYLE('',(#8544));
#8544 = SURFACE_STYLE_FILL_AREA(#8545);
#8545 = FILL_AREA_STYLE('',(#8546));
#8546 = FILL_AREA_STYLE_COLOUR('',#8310);
#8547 = STYLED_ITEM('color',(#8548),#3990);
#8548 = PRESENTATION_STYLE_ASSIGNMENT((#8549));
#8549 = SURFACE_STYLE_USAGE(.BOTH.,#8550);
#8550 = SURFACE_SIDE_STYLE('',(#8551));
#8551 = SURFACE_STYLE_FILL_AREA(#8552);
#8552 = FILL_AREA_STYLE('',(#8553));
#8553 = FILL_AREA_STYLE_COLOUR('',#8310);
#8554 = STYLED_ITEM('color',(#8555),#4015);
#8555 = PRESENTATION_STYLE_ASSIGNMENT((#8556));
#8556 = SURFACE_STYLE_USAGE(.BOTH.,#8557);
#8557 = SURFACE_SIDE_STYLE('',(#8558));
#8558 = SURFACE_STYLE_FILL_AREA(#8559);
#8559 = FILL_AREA_STYLE('',(#8560));
#8560 = FILL_AREA_STYLE_COLOUR('',#8310);
#8561 = STYLED_ITEM('color',(#8562),#4032);
#8562 = PRESENTATION_STYLE_ASSIGNMENT((#8563));
#8563 = SURFACE_STYLE_USAGE(.BOTH.,#8564);
#8564 = SURFACE_SIDE_STYLE('',(#8565));
#8565 = SURFACE_STYLE_FILL_AREA(#8566);
#8566 = FILL_AREA_STYLE('',(#8567));
#8567 = FILL_AREA_STYLE_COLOUR('',#8310);
#8568 = STYLED_ITEM('color',(#8569),#4118);
#8569 = PRESENTATION_STYLE_ASSIGNMENT((#8570));
#8570 = SURFACE_STYLE_USAGE(.BOTH.,#8571);
#8571 = SURFACE_SIDE_STYLE('',(#8572));
#8572 = SURFACE_STYLE_FILL_AREA(#8573);
#8573 = FILL_AREA_STYLE('',(#8574));
#8574 = FILL_AREA_STYLE_COLOUR('',#8575);
#8575 = COLOUR_RGB('',0.379000005575,0.270000008848,0.214999999939);
#8576 = STYLED_ITEM('color',(#8577),#4150);
#8577 = PRESENTATION_STYLE_ASSIGNMENT((#8578));
#8578 = SURFACE_STYLE_USAGE(.BOTH.,#8579);
#8579 = SURFACE_SIDE_STYLE('',(#8580));
#8580 = SURFACE_STYLE_FILL_AREA(#8581);
#8581 = FILL_AREA_STYLE('',(#8582));
#8582 = FILL_AREA_STYLE_COLOUR('',#8575);
#8583 = STYLED_ITEM('color',(#8584),#4174);
#8584 = PRESENTATION_STYLE_ASSIGNMENT((#8585));
#8585 = SURFACE_STYLE_USAGE(.BOTH.,#8586);
#8586 = SURFACE_SIDE_STYLE('',(#8587));
#8587 = SURFACE_STYLE_FILL_AREA(#8588);
#8588 = FILL_AREA_STYLE('',(#8589));
#8589 = FILL_AREA_STYLE_COLOUR('',#8575);
#8590 = STYLED_ITEM('color',(#8591),#4199);
#8591 = PRESENTATION_STYLE_ASSIGNMENT((#8592));
#8592 = SURFACE_STYLE_USAGE(.BOTH.,#8593);
#8593 = SURFACE_SIDE_STYLE('',(#8594));
#8594 = SURFACE_STYLE_FILL_AREA(#8595);
#8595 = FILL_AREA_STYLE('',(#8596));
#8596 = FILL_AREA_STYLE_COLOUR('',#8575);
#8597 = STYLED_ITEM('color',(#8598),#4223);
#8598 = PRESENTATION_STYLE_ASSIGNMENT((#8599));
#8599 = SURFACE_STYLE_USAGE(.BOTH.,#8600);
#8600 = SURFACE_SIDE_STYLE('',(#8601));
#8601 = SURFACE_STYLE_FILL_AREA(#8602);
#8602 = FILL_AREA_STYLE('',(#8603));
#8603 = FILL_AREA_STYLE_COLOUR('',#8575);
#8604 = STYLED_ITEM('color',(#8605),#4248);
#8605 = PRESENTATION_STYLE_ASSIGNMENT((#8606));
#8606 = SURFACE_STYLE_USAGE(.BOTH.,#8607);
#8607 = SURFACE_SIDE_STYLE('',(#8608));
#8608 = SURFACE_STYLE_FILL_AREA(#8609);
#8609 = FILL_AREA_STYLE('',(#8610));
#8610 = FILL_AREA_STYLE_COLOUR('',#8575);
#8611 = STYLED_ITEM('color',(#8612),#4272);
#8612 = PRESENTATION_STYLE_ASSIGNMENT((#8613));
#8613 = SURFACE_STYLE_USAGE(.BOTH.,#8614);
#8614 = SURFACE_SIDE_STYLE('',(#8615));
#8615 = SURFACE_STYLE_FILL_AREA(#8616);
#8616 = FILL_AREA_STYLE('',(#8617));
#8617 = FILL_AREA_STYLE_COLOUR('',#8575);
#8618 = STYLED_ITEM('color',(#8619),#4297);
#8619 = PRESENTATION_STYLE_ASSIGNMENT((#8620));
#8620 = SURFACE_STYLE_USAGE(.BOTH.,#8621);
#8621 = SURFACE_SIDE_STYLE('',(#8622));
#8622 = SURFACE_STYLE_FILL_AREA(#8623);
#8623 = FILL_AREA_STYLE('',(#8624));
#8624 = FILL_AREA_STYLE_COLOUR('',#8575);
#8625 = STYLED_ITEM('color',(#8626),#4314);
#8626 = PRESENTATION_STYLE_ASSIGNMENT((#8627));
#8627 = SURFACE_STYLE_USAGE(.BOTH.,#8628);
#8628 = SURFACE_SIDE_STYLE('',(#8629));
#8629 = SURFACE_STYLE_FILL_AREA(#8630);
#8630 = FILL_AREA_STYLE('',(#8631));
#8631 = FILL_AREA_STYLE_COLOUR('',#8310);
#8632 = STYLED_ITEM('color',(#8633),#4400);
#8633 = PRESENTATION_STYLE_ASSIGNMENT((#8634));
#8634 = SURFACE_STYLE_USAGE(.BOTH.,#8635);
#8635 = SURFACE_SIDE_STYLE('',(#8636));
#8636 = SURFACE_STYLE_FILL_AREA(#8637);
#8637 = FILL_AREA_STYLE('',(#8638));
#8638 = FILL_AREA_STYLE_COLOUR('',#8310);
#8639 = STYLED_ITEM('color',(#8640),#4431);
#8640 = PRESENTATION_STYLE_ASSIGNMENT((#8641));
#8641 = SURFACE_STYLE_USAGE(.BOTH.,#8642);
#8642 = SURFACE_SIDE_STYLE('',(#8643));
#8643 = SURFACE_STYLE_FILL_AREA(#8644);
#8644 = FILL_AREA_STYLE('',(#8645));
#8645 = FILL_AREA_STYLE_COLOUR('',#8310);
#8646 = STYLED_ITEM('color',(#8647),#4456);
#8647 = PRESENTATION_STYLE_ASSIGNMENT((#8648));
#8648 = SURFACE_STYLE_USAGE(.BOTH.,#8649);
#8649 = SURFACE_SIDE_STYLE('',(#8650));
#8650 = SURFACE_STYLE_FILL_AREA(#8651);
#8651 = FILL_AREA_STYLE('',(#8652));
#8652 = FILL_AREA_STYLE_COLOUR('',#8310);
#8653 = STYLED_ITEM('color',(#8654),#4481);
#8654 = PRESENTATION_STYLE_ASSIGNMENT((#8655));
#8655 = SURFACE_STYLE_USAGE(.BOTH.,#8656);
#8656 = SURFACE_SIDE_STYLE('',(#8657));
#8657 = SURFACE_STYLE_FILL_AREA(#8658);
#8658 = FILL_AREA_STYLE('',(#8659));
#8659 = FILL_AREA_STYLE_COLOUR('',#8310);
#8660 = STYLED_ITEM('color',(#8661),#4505);
#8661 = PRESENTATION_STYLE_ASSIGNMENT((#8662));
#8662 = SURFACE_STYLE_USAGE(.BOTH.,#8663);
#8663 = SURFACE_SIDE_STYLE('',(#8664));
#8664 = SURFACE_STYLE_FILL_AREA(#8665);
#8665 = FILL_AREA_STYLE('',(#8666));
#8666 = FILL_AREA_STYLE_COLOUR('',#8310);
#8667 = STYLED_ITEM('color',(#8668),#4529);
#8668 = PRESENTATION_STYLE_ASSIGNMENT((#8669));
#8669 = SURFACE_STYLE_USAGE(.BOTH.,#8670);
#8670 = SURFACE_SIDE_STYLE('',(#8671));
#8671 = SURFACE_STYLE_FILL_AREA(#8672);
#8672 = FILL_AREA_STYLE('',(#8673));
#8673 = FILL_AREA_STYLE_COLOUR('',#8310);
#8674 = STYLED_ITEM('color',(#8675),#4554);
#8675 = PRESENTATION_STYLE_ASSIGNMENT((#8676));
#8676 = SURFACE_STYLE_USAGE(.BOTH.,#8677);
#8677 = SURFACE_SIDE_STYLE('',(#8678));
#8678 = SURFACE_STYLE_FILL_AREA(#8679);
#8679 = FILL_AREA_STYLE('',(#8680));
#8680 = FILL_AREA_STYLE_COLOUR('',#8310);
#8681 = STYLED_ITEM('color',(#8682),#4579);
#8682 = PRESENTATION_STYLE_ASSIGNMENT((#8683));
#8683 = SURFACE_STYLE_USAGE(.BOTH.,#8684);
#8684 = SURFACE_SIDE_STYLE('',(#8685));
#8685 = SURFACE_STYLE_FILL_AREA(#8686);
#8686 = FILL_AREA_STYLE('',(#8687));
#8687 = FILL_AREA_STYLE_COLOUR('',#8310);
#8688 = STYLED_ITEM('color',(#8689),#4596);
#8689 = PRESENTATION_STYLE_ASSIGNMENT((#8690));
#8690 = SURFACE_STYLE_USAGE(.BOTH.,#8691);
#8691 = SURFACE_SIDE_STYLE('',(#8692));
#8692 = SURFACE_STYLE_FILL_AREA(#8693);
#8693 = FILL_AREA_STYLE('',(#8694));
#8694 = FILL_AREA_STYLE_COLOUR('',#8310);
#8695 = MECHANICAL_DESIGN_GEOMETRIC_PRESENTATION_REPRESENTATION('',(
    #8696,#8706),#7978);
#8696 = STYLED_ITEM('color',(#8697),#5486);
#8697 = PRESENTATION_STYLE_ASSIGNMENT((#8698,#8704));
#8698 = SURFACE_STYLE_USAGE(.BOTH.,#8699);
#8699 = SURFACE_SIDE_STYLE('',(#8700));
#8700 = SURFACE_STYLE_FILL_AREA(#8701);
#8701 = FILL_AREA_STYLE('',(#8702));
#8702 = FILL_AREA_STYLE_COLOUR('',#8703);
#8703 = COLOUR_RGB('',0.147999998088,0.145000001626,0.145000001626);
#8704 = CURVE_STYLE('',#8705,POSITIVE_LENGTH_MEASURE(0.1),#8703);
#8705 = DRAUGHTING_PRE_DEFINED_CURVE_FONT('continuous');
#8706 = STYLED_ITEM('color',(#8707),#5828);
#8707 = PRESENTATION_STYLE_ASSIGNMENT((#8708,#8713));
#8708 = SURFACE_STYLE_USAGE(.BOTH.,#8709);
#8709 = SURFACE_SIDE_STYLE('',(#8710));
#8710 = SURFACE_STYLE_FILL_AREA(#8711);
#8711 = FILL_AREA_STYLE('',(#8712));
#8712 = FILL_AREA_STYLE_COLOUR('',#8310);
#8713 = CURVE_STYLE('',#8714,POSITIVE_LENGTH_MEASURE(0.1),#8310);
#8714 = DRAUGHTING_PRE_DEFINED_CURVE_FONT('continuous');
#8715 = MECHANICAL_DESIGN_GEOMETRIC_PRESENTATION_REPRESENTATION('',(
    #8716,#8723,#8730,#8737,#8744,#8751,#8758,#8765,#8772,#8779,#8786,
    #8793,#8800,#8807,#8815,#8822,#8829,#8836,#8843,#8850,#8857,#8864,
    #8871,#8878,#8885,#8892,#8899,#8906,#8913,#8920,#8927,#8934,#8941,
    #8948,#8955,#8962,#8969,#8976,#8983,#8990,#8997,#9004,#9011,#9018,
    #9025,#9032,#9039,#9046,#9053,#9060,#9067,#9074,#9081,#9088,#9095,
    #9102,#9109,#9116,#9123,#9130,#9137,#9144,#9151,#9158,#9165,#9172,
    #9179,#9186,#9193,#9200,#9207,#9214,#9221,#9228,#9235,#9242,#9249,
    #9256,#9263,#9270,#9277,#9284,#9291,#9298,#9305,#9312,#9319,#9326,
    #9333,#9340,#9347,#9354,#9361,#9368,#9375,#9382,#9389,#9396,#9403,
    #9410),#3691);
#8716 = STYLED_ITEM('color',(#8717),#114);
#8717 = PRESENTATION_STYLE_ASSIGNMENT((#8718));
#8718 = SURFACE_STYLE_USAGE(.BOTH.,#8719);
#8719 = SURFACE_SIDE_STYLE('',(#8720));
#8720 = SURFACE_STYLE_FILL_AREA(#8721);
#8721 = FILL_AREA_STYLE('',(#8722));
#8722 = FILL_AREA_STYLE_COLOUR('',#8360);
#8723 = STYLED_ITEM('color',(#8724),#173);
#8724 = PRESENTATION_STYLE_ASSIGNMENT((#8725));
#8725 = SURFACE_STYLE_USAGE(.BOTH.,#8726);
#8726 = SURFACE_SIDE_STYLE('',(#8727));
#8727 = SURFACE_STYLE_FILL_AREA(#8728);
#8728 = FILL_AREA_STYLE('',(#8729));
#8729 = FILL_AREA_STYLE_COLOUR('',#8360);
#8730 = STYLED_ITEM('color',(#8731),#198);
#8731 = PRESENTATION_STYLE_ASSIGNMENT((#8732));
#8732 = SURFACE_STYLE_USAGE(.BOTH.,#8733);
#8733 = SURFACE_SIDE_STYLE('',(#8734));
#8734 = SURFACE_STYLE_FILL_AREA(#8735);
#8735 = FILL_AREA_STYLE('',(#8736));
#8736 = FILL_AREA_STYLE_COLOUR('',#8360);
#8737 = STYLED_ITEM('color',(#8738),#231);
#8738 = PRESENTATION_STYLE_ASSIGNMENT((#8739));
#8739 = SURFACE_STYLE_USAGE(.BOTH.,#8740);
#8740 = SURFACE_SIDE_STYLE('',(#8741));
#8741 = SURFACE_STYLE_FILL_AREA(#8742);
#8742 = FILL_AREA_STYLE('',(#8743));
#8743 = FILL_AREA_STYLE_COLOUR('',#8360);
#8744 = STYLED_ITEM('color',(#8745),#256);
#8745 = PRESENTATION_STYLE_ASSIGNMENT((#8746));
#8746 = SURFACE_STYLE_USAGE(.BOTH.,#8747);
#8747 = SURFACE_SIDE_STYLE('',(#8748));
#8748 = SURFACE_STYLE_FILL_AREA(#8749);
#8749 = FILL_AREA_STYLE('',(#8750));
#8750 = FILL_AREA_STYLE_COLOUR('',#8360);
#8751 = STYLED_ITEM('color',(#8752),#281);
#8752 = PRESENTATION_STYLE_ASSIGNMENT((#8753));
#8753 = SURFACE_STYLE_USAGE(.BOTH.,#8754);
#8754 = SURFACE_SIDE_STYLE('',(#8755));
#8755 = SURFACE_STYLE_FILL_AREA(#8756);
#8756 = FILL_AREA_STYLE('',(#8757));
#8757 = FILL_AREA_STYLE_COLOUR('',#8360);
#8758 = STYLED_ITEM('color',(#8759),#306);
#8759 = PRESENTATION_STYLE_ASSIGNMENT((#8760));
#8760 = SURFACE_STYLE_USAGE(.BOTH.,#8761);
#8761 = SURFACE_SIDE_STYLE('',(#8762));
#8762 = SURFACE_STYLE_FILL_AREA(#8763);
#8763 = FILL_AREA_STYLE('',(#8764));
#8764 = FILL_AREA_STYLE_COLOUR('',#8360);
#8765 = STYLED_ITEM('color',(#8766),#323);
#8766 = PRESENTATION_STYLE_ASSIGNMENT((#8767));
#8767 = SURFACE_STYLE_USAGE(.BOTH.,#8768);
#8768 = SURFACE_SIDE_STYLE('',(#8769));
#8769 = SURFACE_STYLE_FILL_AREA(#8770);
#8770 = FILL_AREA_STYLE('',(#8771));
#8771 = FILL_AREA_STYLE_COLOUR('',#8360);
#8772 = STYLED_ITEM('color',(#8773),#348);
#8773 = PRESENTATION_STYLE_ASSIGNMENT((#8774));
#8774 = SURFACE_STYLE_USAGE(.BOTH.,#8775);
#8775 = SURFACE_SIDE_STYLE('',(#8776));
#8776 = SURFACE_STYLE_FILL_AREA(#8777);
#8777 = FILL_AREA_STYLE('',(#8778));
#8778 = FILL_AREA_STYLE_COLOUR('',#8360);
#8779 = STYLED_ITEM('color',(#8780),#395);
#8780 = PRESENTATION_STYLE_ASSIGNMENT((#8781));
#8781 = SURFACE_STYLE_USAGE(.BOTH.,#8782);
#8782 = SURFACE_SIDE_STYLE('',(#8783));
#8783 = SURFACE_STYLE_FILL_AREA(#8784);
#8784 = FILL_AREA_STYLE('',(#8785));
#8785 = FILL_AREA_STYLE_COLOUR('',#8360);
#8786 = STYLED_ITEM('color',(#8787),#617);
#8787 = PRESENTATION_STYLE_ASSIGNMENT((#8788));
#8788 = SURFACE_STYLE_USAGE(.BOTH.,#8789);
#8789 = SURFACE_SIDE_STYLE('',(#8790));
#8790 = SURFACE_STYLE_FILL_AREA(#8791);
#8791 = FILL_AREA_STYLE('',(#8792));
#8792 = FILL_AREA_STYLE_COLOUR('',#8360);
#8793 = STYLED_ITEM('color',(#8794),#641);
#8794 = PRESENTATION_STYLE_ASSIGNMENT((#8795));
#8795 = SURFACE_STYLE_USAGE(.BOTH.,#8796);
#8796 = SURFACE_SIDE_STYLE('',(#8797));
#8797 = SURFACE_STYLE_FILL_AREA(#8798);
#8798 = FILL_AREA_STYLE('',(#8799));
#8799 = FILL_AREA_STYLE_COLOUR('',#8360);
#8800 = STYLED_ITEM('color',(#8801),#665);
#8801 = PRESENTATION_STYLE_ASSIGNMENT((#8802));
#8802 = SURFACE_STYLE_USAGE(.BOTH.,#8803);
#8803 = SURFACE_SIDE_STYLE('',(#8804));
#8804 = SURFACE_STYLE_FILL_AREA(#8805);
#8805 = FILL_AREA_STYLE('',(#8806));
#8806 = FILL_AREA_STYLE_COLOUR('',#8360);
#8807 = STYLED_ITEM('color',(#8808),#887);
#8808 = PRESENTATION_STYLE_ASSIGNMENT((#8809));
#8809 = SURFACE_STYLE_USAGE(.BOTH.,#8810);
#8810 = SURFACE_SIDE_STYLE('',(#8811));
#8811 = SURFACE_STYLE_FILL_AREA(#8812);
#8812 = FILL_AREA_STYLE('',(#8813));
#8813 = FILL_AREA_STYLE_COLOUR('',#8814);
#8814 = COLOUR_RGB('',0.136999991899,0.40200001271,0.726999997272);
#8815 = STYLED_ITEM('color',(#8816),#896);
#8816 = PRESENTATION_STYLE_ASSIGNMENT((#8817));
#8817 = SURFACE_STYLE_USAGE(.BOTH.,#8818);
#8818 = SURFACE_SIDE_STYLE('',(#8819));
#8819 = SURFACE_STYLE_FILL_AREA(#8820);
#8820 = FILL_AREA_STYLE('',(#8821));
#8821 = FILL_AREA_STYLE_COLOUR('',#8360);
#8822 = STYLED_ITEM('color',(#8823),#907);
#8823 = PRESENTATION_STYLE_ASSIGNMENT((#8824));
#8824 = SURFACE_STYLE_USAGE(.BOTH.,#8825);
#8825 = SURFACE_SIDE_STYLE('',(#8826));
#8826 = SURFACE_STYLE_FILL_AREA(#8827);
#8827 = FILL_AREA_STYLE('',(#8828));
#8828 = FILL_AREA_STYLE_COLOUR('',#8360);
#8829 = STYLED_ITEM('color',(#8830),#1261);
#8830 = PRESENTATION_STYLE_ASSIGNMENT((#8831));
#8831 = SURFACE_STYLE_USAGE(.BOTH.,#8832);
#8832 = SURFACE_SIDE_STYLE('',(#8833));
#8833 = SURFACE_STYLE_FILL_AREA(#8834);
#8834 = FILL_AREA_STYLE('',(#8835));
#8835 = FILL_AREA_STYLE_COLOUR('',#8310);
#8836 = STYLED_ITEM('color',(#8837),#1369);
#8837 = PRESENTATION_STYLE_ASSIGNMENT((#8838));
#8838 = SURFACE_STYLE_USAGE(.BOTH.,#8839);
#8839 = SURFACE_SIDE_STYLE('',(#8840));
#8840 = SURFACE_STYLE_FILL_AREA(#8841);
#8841 = FILL_AREA_STYLE('',(#8842));
#8842 = FILL_AREA_STYLE_COLOUR('',#8310);
#8843 = STYLED_ITEM('color',(#8844),#1394);
#8844 = PRESENTATION_STYLE_ASSIGNMENT((#8845));
#8845 = SURFACE_STYLE_USAGE(.BOTH.,#8846);
#8846 = SURFACE_SIDE_STYLE('',(#8847));
#8847 = SURFACE_STYLE_FILL_AREA(#8848);
#8848 = FILL_AREA_STYLE('',(#8849));
#8849 = FILL_AREA_STYLE_COLOUR('',#8310);
#8850 = STYLED_ITEM('color',(#8851),#1494);
#8851 = PRESENTATION_STYLE_ASSIGNMENT((#8852));
#8852 = SURFACE_STYLE_USAGE(.BOTH.,#8853);
#8853 = SURFACE_SIDE_STYLE('',(#8854));
#8854 = SURFACE_STYLE_FILL_AREA(#8855);
#8855 = FILL_AREA_STYLE('',(#8856));
#8856 = FILL_AREA_STYLE_COLOUR('',#8310);
#8857 = STYLED_ITEM('color',(#8858),#1602);
#8858 = PRESENTATION_STYLE_ASSIGNMENT((#8859));
#8859 = SURFACE_STYLE_USAGE(.BOTH.,#8860);
#8860 = SURFACE_SIDE_STYLE('',(#8861));
#8861 = SURFACE_STYLE_FILL_AREA(#8862);
#8862 = FILL_AREA_STYLE('',(#8863));
#8863 = FILL_AREA_STYLE_COLOUR('',#8310);
#8864 = STYLED_ITEM('color',(#8865),#1627);
#8865 = PRESENTATION_STYLE_ASSIGNMENT((#8866));
#8866 = SURFACE_STYLE_USAGE(.BOTH.,#8867);
#8867 = SURFACE_SIDE_STYLE('',(#8868));
#8868 = SURFACE_STYLE_FILL_AREA(#8869);
#8869 = FILL_AREA_STYLE('',(#8870));
#8870 = FILL_AREA_STYLE_COLOUR('',#8310);
#8871 = STYLED_ITEM('color',(#8872),#1727);
#8872 = PRESENTATION_STYLE_ASSIGNMENT((#8873));
#8873 = SURFACE_STYLE_USAGE(.BOTH.,#8874);
#8874 = SURFACE_SIDE_STYLE('',(#8875));
#8875 = SURFACE_STYLE_FILL_AREA(#8876);
#8876 = FILL_AREA_STYLE('',(#8877));
#8877 = FILL_AREA_STYLE_COLOUR('',#8310);
#8878 = STYLED_ITEM('color',(#8879),#1835);
#8879 = PRESENTATION_STYLE_ASSIGNMENT((#8880));
#8880 = SURFACE_STYLE_USAGE(.BOTH.,#8881);
#8881 = SURFACE_SIDE_STYLE('',(#8882));
#8882 = SURFACE_STYLE_FILL_AREA(#8883);
#8883 = FILL_AREA_STYLE('',(#8884));
#8884 = FILL_AREA_STYLE_COLOUR('',#8310);
#8885 = STYLED_ITEM('color',(#8886),#1860);
#8886 = PRESENTATION_STYLE_ASSIGNMENT((#8887));
#8887 = SURFACE_STYLE_USAGE(.BOTH.,#8888);
#8888 = SURFACE_SIDE_STYLE('',(#8889));
#8889 = SURFACE_STYLE_FILL_AREA(#8890);
#8890 = FILL_AREA_STYLE('',(#8891));
#8891 = FILL_AREA_STYLE_COLOUR('',#8310);
#8892 = STYLED_ITEM('color',(#8893),#1960);
#8893 = PRESENTATION_STYLE_ASSIGNMENT((#8894));
#8894 = SURFACE_STYLE_USAGE(.BOTH.,#8895);
#8895 = SURFACE_SIDE_STYLE('',(#8896));
#8896 = SURFACE_STYLE_FILL_AREA(#8897);
#8897 = FILL_AREA_STYLE('',(#8898));
#8898 = FILL_AREA_STYLE_COLOUR('',#8310);
#8899 = STYLED_ITEM('color',(#8900),#1977);
#8900 = PRESENTATION_STYLE_ASSIGNMENT((#8901));
#8901 = SURFACE_STYLE_USAGE(.BOTH.,#8902);
#8902 = SURFACE_SIDE_STYLE('',(#8903));
#8903 = SURFACE_STYLE_FILL_AREA(#8904);
#8904 = FILL_AREA_STYLE('',(#8905));
#8905 = FILL_AREA_STYLE_COLOUR('',#8310);
#8906 = STYLED_ITEM('color',(#8907),#1994);
#8907 = PRESENTATION_STYLE_ASSIGNMENT((#8908));
#8908 = SURFACE_STYLE_USAGE(.BOTH.,#8909);
#8909 = SURFACE_SIDE_STYLE('',(#8910));
#8910 = SURFACE_STYLE_FILL_AREA(#8911);
#8911 = FILL_AREA_STYLE('',(#8912));
#8912 = FILL_AREA_STYLE_COLOUR('',#8310);
#8913 = STYLED_ITEM('color',(#8914),#2011);
#8914 = PRESENTATION_STYLE_ASSIGNMENT((#8915));
#8915 = SURFACE_STYLE_USAGE(.BOTH.,#8916);
#8916 = SURFACE_SIDE_STYLE('',(#8917));
#8917 = SURFACE_STYLE_FILL_AREA(#8918);
#8918 = FILL_AREA_STYLE('',(#8919));
#8919 = FILL_AREA_STYLE_COLOUR('',#8310);
#8920 = STYLED_ITEM('color',(#8921),#2028);
#8921 = PRESENTATION_STYLE_ASSIGNMENT((#8922));
#8922 = SURFACE_STYLE_USAGE(.BOTH.,#8923);
#8923 = SURFACE_SIDE_STYLE('',(#8924));
#8924 = SURFACE_STYLE_FILL_AREA(#8925);
#8925 = FILL_AREA_STYLE('',(#8926));
#8926 = FILL_AREA_STYLE_COLOUR('',#8310);
#8927 = STYLED_ITEM('color',(#8928),#2045);
#8928 = PRESENTATION_STYLE_ASSIGNMENT((#8929));
#8929 = SURFACE_STYLE_USAGE(.BOTH.,#8930);
#8930 = SURFACE_SIDE_STYLE('',(#8931));
#8931 = SURFACE_STYLE_FILL_AREA(#8932);
#8932 = FILL_AREA_STYLE('',(#8933));
#8933 = FILL_AREA_STYLE_COLOUR('',#8310);
#8934 = STYLED_ITEM('color',(#8935),#2062);
#8935 = PRESENTATION_STYLE_ASSIGNMENT((#8936));
#8936 = SURFACE_STYLE_USAGE(.BOTH.,#8937);
#8937 = SURFACE_SIDE_STYLE('',(#8938));
#8938 = SURFACE_STYLE_FILL_AREA(#8939);
#8939 = FILL_AREA_STYLE('',(#8940));
#8940 = FILL_AREA_STYLE_COLOUR('',#8310);
#8941 = STYLED_ITEM('color',(#8942),#2170);
#8942 = PRESENTATION_STYLE_ASSIGNMENT((#8943));
#8943 = SURFACE_STYLE_USAGE(.BOTH.,#8944);
#8944 = SURFACE_SIDE_STYLE('',(#8945));
#8945 = SURFACE_STYLE_FILL_AREA(#8946);
#8946 = FILL_AREA_STYLE('',(#8947));
#8947 = FILL_AREA_STYLE_COLOUR('',#8310);
#8948 = STYLED_ITEM('color',(#8949),#2195);
#8949 = PRESENTATION_STYLE_ASSIGNMENT((#8950));
#8950 = SURFACE_STYLE_USAGE(.BOTH.,#8951);
#8951 = SURFACE_SIDE_STYLE('',(#8952));
#8952 = SURFACE_STYLE_FILL_AREA(#8953);
#8953 = FILL_AREA_STYLE('',(#8954));
#8954 = FILL_AREA_STYLE_COLOUR('',#8310);
#8955 = STYLED_ITEM('color',(#8956),#2295);
#8956 = PRESENTATION_STYLE_ASSIGNMENT((#8957));
#8957 = SURFACE_STYLE_USAGE(.BOTH.,#8958);
#8958 = SURFACE_SIDE_STYLE('',(#8959));
#8959 = SURFACE_STYLE_FILL_AREA(#8960);
#8960 = FILL_AREA_STYLE('',(#8961));
#8961 = FILL_AREA_STYLE_COLOUR('',#8310);
#8962 = STYLED_ITEM('color',(#8963),#2403);
#8963 = PRESENTATION_STYLE_ASSIGNMENT((#8964));
#8964 = SURFACE_STYLE_USAGE(.BOTH.,#8965);
#8965 = SURFACE_SIDE_STYLE('',(#8966));
#8966 = SURFACE_STYLE_FILL_AREA(#8967);
#8967 = FILL_AREA_STYLE('',(#8968));
#8968 = FILL_AREA_STYLE_COLOUR('',#8310);
#8969 = STYLED_ITEM('color',(#8970),#2428);
#8970 = PRESENTATION_STYLE_ASSIGNMENT((#8971));
#8971 = SURFACE_STYLE_USAGE(.BOTH.,#8972);
#8972 = SURFACE_SIDE_STYLE('',(#8973));
#8973 = SURFACE_STYLE_FILL_AREA(#8974);
#8974 = FILL_AREA_STYLE('',(#8975));
#8975 = FILL_AREA_STYLE_COLOUR('',#8310);
#8976 = STYLED_ITEM('color',(#8977),#2528);
#8977 = PRESENTATION_STYLE_ASSIGNMENT((#8978));
#8978 = SURFACE_STYLE_USAGE(.BOTH.,#8979);
#8979 = SURFACE_SIDE_STYLE('',(#8980));
#8980 = SURFACE_STYLE_FILL_AREA(#8981);
#8981 = FILL_AREA_STYLE('',(#8982));
#8982 = FILL_AREA_STYLE_COLOUR('',#8310);
#8983 = STYLED_ITEM('color',(#8984),#2636);
#8984 = PRESENTATION_STYLE_ASSIGNMENT((#8985));
#8985 = SURFACE_STYLE_USAGE(.BOTH.,#8986);
#8986 = SURFACE_SIDE_STYLE('',(#8987));
#8987 = SURFACE_STYLE_FILL_AREA(#8988);
#8988 = FILL_AREA_STYLE('',(#8989));
#8989 = FILL_AREA_STYLE_COLOUR('',#8310);
#8990 = STYLED_ITEM('color',(#8991),#2661);
#8991 = PRESENTATION_STYLE_ASSIGNMENT((#8992));
#8992 = SURFACE_STYLE_USAGE(.BOTH.,#8993);
#8993 = SURFACE_SIDE_STYLE('',(#8994));
#8994 = SURFACE_STYLE_FILL_AREA(#8995);
#8995 = FILL_AREA_STYLE('',(#8996));
#8996 = FILL_AREA_STYLE_COLOUR('',#8310);
#8997 = STYLED_ITEM('color',(#8998),#2761);
#8998 = PRESENTATION_STYLE_ASSIGNMENT((#8999));
#8999 = SURFACE_STYLE_USAGE(.BOTH.,#9000);
#9000 = SURFACE_SIDE_STYLE('',(#9001));
#9001 = SURFACE_STYLE_FILL_AREA(#9002);
#9002 = FILL_AREA_STYLE('',(#9003));
#9003 = FILL_AREA_STYLE_COLOUR('',#8310);
#9004 = STYLED_ITEM('color',(#9005),#2778);
#9005 = PRESENTATION_STYLE_ASSIGNMENT((#9006));
#9006 = SURFACE_STYLE_USAGE(.BOTH.,#9007);
#9007 = SURFACE_SIDE_STYLE('',(#9008));
#9008 = SURFACE_STYLE_FILL_AREA(#9009);
#9009 = FILL_AREA_STYLE('',(#9010));
#9010 = FILL_AREA_STYLE_COLOUR('',#8310);
#9011 = STYLED_ITEM('color',(#9012),#2795);
#9012 = PRESENTATION_STYLE_ASSIGNMENT((#9013));
#9013 = SURFACE_STYLE_USAGE(.BOTH.,#9014);
#9014 = SURFACE_SIDE_STYLE('',(#9015));
#9015 = SURFACE_STYLE_FILL_AREA(#9016);
#9016 = FILL_AREA_STYLE('',(#9017));
#9017 = FILL_AREA_STYLE_COLOUR('',#8310);
#9018 = STYLED_ITEM('color',(#9019),#2812);
#9019 = PRESENTATION_STYLE_ASSIGNMENT((#9020));
#9020 = SURFACE_STYLE_USAGE(.BOTH.,#9021);
#9021 = SURFACE_SIDE_STYLE('',(#9022));
#9022 = SURFACE_STYLE_FILL_AREA(#9023);
#9023 = FILL_AREA_STYLE('',(#9024));
#9024 = FILL_AREA_STYLE_COLOUR('',#8310);
#9025 = STYLED_ITEM('color',(#9026),#2829);
#9026 = PRESENTATION_STYLE_ASSIGNMENT((#9027));
#9027 = SURFACE_STYLE_USAGE(.BOTH.,#9028);
#9028 = SURFACE_SIDE_STYLE('',(#9029));
#9029 = SURFACE_STYLE_FILL_AREA(#9030);
#9030 = FILL_AREA_STYLE('',(#9031));
#9031 = FILL_AREA_STYLE_COLOUR('',#8310);
#9032 = STYLED_ITEM('color',(#9033),#2846);
#9033 = PRESENTATION_STYLE_ASSIGNMENT((#9034));
#9034 = SURFACE_STYLE_USAGE(.BOTH.,#9035);
#9035 = SURFACE_SIDE_STYLE('',(#9036));
#9036 = SURFACE_STYLE_FILL_AREA(#9037);
#9037 = FILL_AREA_STYLE('',(#9038));
#9038 = FILL_AREA_STYLE_COLOUR('',#8310);
#9039 = STYLED_ITEM('color',(#9040),#2863);
#9040 = PRESENTATION_STYLE_ASSIGNMENT((#9041));
#9041 = SURFACE_STYLE_USAGE(.BOTH.,#9042);
#9042 = SURFACE_SIDE_STYLE('',(#9043));
#9043 = SURFACE_STYLE_FILL_AREA(#9044);
#9044 = FILL_AREA_STYLE('',(#9045));
#9045 = FILL_AREA_STYLE_COLOUR('',#8310);
#9046 = STYLED_ITEM('color',(#9047),#2880);
#9047 = PRESENTATION_STYLE_ASSIGNMENT((#9048));
#9048 = SURFACE_STYLE_USAGE(.BOTH.,#9049);
#9049 = SURFACE_SIDE_STYLE('',(#9050));
#9050 = SURFACE_STYLE_FILL_AREA(#9051);
#9051 = FILL_AREA_STYLE('',(#9052));
#9052 = FILL_AREA_STYLE_COLOUR('',#8310);
#9053 = STYLED_ITEM('color',(#9054),#2897);
#9054 = PRESENTATION_STYLE_ASSIGNMENT((#9055));
#9055 = SURFACE_STYLE_USAGE(.BOTH.,#9056);
#9056 = SURFACE_SIDE_STYLE('',(#9057));
#9057 = SURFACE_STYLE_FILL_AREA(#9058);
#9058 = FILL_AREA_STYLE('',(#9059));
#9059 = FILL_AREA_STYLE_COLOUR('',#8310);
#9060 = STYLED_ITEM('color',(#9061),#2914);
#9061 = PRESENTATION_STYLE_ASSIGNMENT((#9062));
#9062 = SURFACE_STYLE_USAGE(.BOTH.,#9063);
#9063 = SURFACE_SIDE_STYLE('',(#9064));
#9064 = SURFACE_STYLE_FILL_AREA(#9065);
#9065 = FILL_AREA_STYLE('',(#9066));
#9066 = FILL_AREA_STYLE_COLOUR('',#8310);
#9067 = STYLED_ITEM('color',(#9068),#2931);
#9068 = PRESENTATION_STYLE_ASSIGNMENT((#9069));
#9069 = SURFACE_STYLE_USAGE(.BOTH.,#9070);
#9070 = SURFACE_SIDE_STYLE('',(#9071));
#9071 = SURFACE_STYLE_FILL_AREA(#9072);
#9072 = FILL_AREA_STYLE('',(#9073));
#9073 = FILL_AREA_STYLE_COLOUR('',#8310);
#9074 = STYLED_ITEM('color',(#9075),#2948);
#9075 = PRESENTATION_STYLE_ASSIGNMENT((#9076));
#9076 = SURFACE_STYLE_USAGE(.BOTH.,#9077);
#9077 = SURFACE_SIDE_STYLE('',(#9078));
#9078 = SURFACE_STYLE_FILL_AREA(#9079);
#9079 = FILL_AREA_STYLE('',(#9080));
#9080 = FILL_AREA_STYLE_COLOUR('',#8310);
#9081 = STYLED_ITEM('color',(#9082),#2965);
#9082 = PRESENTATION_STYLE_ASSIGNMENT((#9083));
#9083 = SURFACE_STYLE_USAGE(.BOTH.,#9084);
#9084 = SURFACE_SIDE_STYLE('',(#9085));
#9085 = SURFACE_STYLE_FILL_AREA(#9086);
#9086 = FILL_AREA_STYLE('',(#9087));
#9087 = FILL_AREA_STYLE_COLOUR('',#8310);
#9088 = STYLED_ITEM('color',(#9089),#2982);
#9089 = PRESENTATION_STYLE_ASSIGNMENT((#9090));
#9090 = SURFACE_STYLE_USAGE(.BOTH.,#9091);
#9091 = SURFACE_SIDE_STYLE('',(#9092));
#9092 = SURFACE_STYLE_FILL_AREA(#9093);
#9093 = FILL_AREA_STYLE('',(#9094));
#9094 = FILL_AREA_STYLE_COLOUR('',#8310);
#9095 = STYLED_ITEM('color',(#9096),#2999);
#9096 = PRESENTATION_STYLE_ASSIGNMENT((#9097));
#9097 = SURFACE_STYLE_USAGE(.BOTH.,#9098);
#9098 = SURFACE_SIDE_STYLE('',(#9099));
#9099 = SURFACE_STYLE_FILL_AREA(#9100);
#9100 = FILL_AREA_STYLE('',(#9101));
#9101 = FILL_AREA_STYLE_COLOUR('',#8310);
#9102 = STYLED_ITEM('color',(#9103),#3016);
#9103 = PRESENTATION_STYLE_ASSIGNMENT((#9104));
#9104 = SURFACE_STYLE_USAGE(.BOTH.,#9105);
#9105 = SURFACE_SIDE_STYLE('',(#9106));
#9106 = SURFACE_STYLE_FILL_AREA(#9107);
#9107 = FILL_AREA_STYLE('',(#9108));
#9108 = FILL_AREA_STYLE_COLOUR('',#8310);
#9109 = STYLED_ITEM('color',(#9110),#3033);
#9110 = PRESENTATION_STYLE_ASSIGNMENT((#9111));
#9111 = SURFACE_STYLE_USAGE(.BOTH.,#9112);
#9112 = SURFACE_SIDE_STYLE('',(#9113));
#9113 = SURFACE_STYLE_FILL_AREA(#9114);
#9114 = FILL_AREA_STYLE('',(#9115));
#9115 = FILL_AREA_STYLE_COLOUR('',#8310);
#9116 = STYLED_ITEM('color',(#9117),#3050);
#9117 = PRESENTATION_STYLE_ASSIGNMENT((#9118));
#9118 = SURFACE_STYLE_USAGE(.BOTH.,#9119);
#9119 = SURFACE_SIDE_STYLE('',(#9120));
#9120 = SURFACE_STYLE_FILL_AREA(#9121);
#9121 = FILL_AREA_STYLE('',(#9122));
#9122 = FILL_AREA_STYLE_COLOUR('',#8310);
#9123 = STYLED_ITEM('color',(#9124),#3067);
#9124 = PRESENTATION_STYLE_ASSIGNMENT((#9125));
#9125 = SURFACE_STYLE_USAGE(.BOTH.,#9126);
#9126 = SURFACE_SIDE_STYLE('',(#9127));
#9127 = SURFACE_STYLE_FILL_AREA(#9128);
#9128 = FILL_AREA_STYLE('',(#9129));
#9129 = FILL_AREA_STYLE_COLOUR('',#8310);
#9130 = STYLED_ITEM('color',(#9131),#3084);
#9131 = PRESENTATION_STYLE_ASSIGNMENT((#9132));
#9132 = SURFACE_STYLE_USAGE(.BOTH.,#9133);
#9133 = SURFACE_SIDE_STYLE('',(#9134));
#9134 = SURFACE_STYLE_FILL_AREA(#9135);
#9135 = FILL_AREA_STYLE('',(#9136));
#9136 = FILL_AREA_STYLE_COLOUR('',#8310);
#9137 = STYLED_ITEM('color',(#9138),#3101);
#9138 = PRESENTATION_STYLE_ASSIGNMENT((#9139));
#9139 = SURFACE_STYLE_USAGE(.BOTH.,#9140);
#9140 = SURFACE_SIDE_STYLE('',(#9141));
#9141 = SURFACE_STYLE_FILL_AREA(#9142);
#9142 = FILL_AREA_STYLE('',(#9143));
#9143 = FILL_AREA_STYLE_COLOUR('',#8310);
#9144 = STYLED_ITEM('color',(#9145),#3118);
#9145 = PRESENTATION_STYLE_ASSIGNMENT((#9146));
#9146 = SURFACE_STYLE_USAGE(.BOTH.,#9147);
#9147 = SURFACE_SIDE_STYLE('',(#9148));
#9148 = SURFACE_STYLE_FILL_AREA(#9149);
#9149 = FILL_AREA_STYLE('',(#9150));
#9150 = FILL_AREA_STYLE_COLOUR('',#8310);
#9151 = STYLED_ITEM('color',(#9152),#3135);
#9152 = PRESENTATION_STYLE_ASSIGNMENT((#9153));
#9153 = SURFACE_STYLE_USAGE(.BOTH.,#9154);
#9154 = SURFACE_SIDE_STYLE('',(#9155));
#9155 = SURFACE_STYLE_FILL_AREA(#9156);
#9156 = FILL_AREA_STYLE('',(#9157));
#9157 = FILL_AREA_STYLE_COLOUR('',#8310);
#9158 = STYLED_ITEM('color',(#9159),#3152);
#9159 = PRESENTATION_STYLE_ASSIGNMENT((#9160));
#9160 = SURFACE_STYLE_USAGE(.BOTH.,#9161);
#9161 = SURFACE_SIDE_STYLE('',(#9162));
#9162 = SURFACE_STYLE_FILL_AREA(#9163);
#9163 = FILL_AREA_STYLE('',(#9164));
#9164 = FILL_AREA_STYLE_COLOUR('',#8310);
#9165 = STYLED_ITEM('color',(#9166),#3169);
#9166 = PRESENTATION_STYLE_ASSIGNMENT((#9167));
#9167 = SURFACE_STYLE_USAGE(.BOTH.,#9168);
#9168 = SURFACE_SIDE_STYLE('',(#9169));
#9169 = SURFACE_STYLE_FILL_AREA(#9170);
#9170 = FILL_AREA_STYLE('',(#9171));
#9171 = FILL_AREA_STYLE_COLOUR('',#8310);
#9172 = STYLED_ITEM('color',(#9173),#3191);
#9173 = PRESENTATION_STYLE_ASSIGNMENT((#9174));
#9174 = SURFACE_STYLE_USAGE(.BOTH.,#9175);
#9175 = SURFACE_SIDE_STYLE('',(#9176));
#9176 = SURFACE_STYLE_FILL_AREA(#9177);
#9177 = FILL_AREA_STYLE('',(#9178));
#9178 = FILL_AREA_STYLE_COLOUR('',#8310);
#9179 = STYLED_ITEM('color',(#9180),#3203);
#9180 = PRESENTATION_STYLE_ASSIGNMENT((#9181));
#9181 = SURFACE_STYLE_USAGE(.BOTH.,#9182);
#9182 = SURFACE_SIDE_STYLE('',(#9183));
#9183 = SURFACE_STYLE_FILL_AREA(#9184);
#9184 = FILL_AREA_STYLE('',(#9185));
#9185 = FILL_AREA_STYLE_COLOUR('',#8310);
#9186 = STYLED_ITEM('color',(#9187),#3215);
#9187 = PRESENTATION_STYLE_ASSIGNMENT((#9188));
#9188 = SURFACE_STYLE_USAGE(.BOTH.,#9189);
#9189 = SURFACE_SIDE_STYLE('',(#9190));
#9190 = SURFACE_STYLE_FILL_AREA(#9191);
#9191 = FILL_AREA_STYLE('',(#9192));
#9192 = FILL_AREA_STYLE_COLOUR('',#8310);
#9193 = STYLED_ITEM('color',(#9194),#3227);
#9194 = PRESENTATION_STYLE_ASSIGNMENT((#9195));
#9195 = SURFACE_STYLE_USAGE(.BOTH.,#9196);
#9196 = SURFACE_SIDE_STYLE('',(#9197));
#9197 = SURFACE_STYLE_FILL_AREA(#9198);
#9198 = FILL_AREA_STYLE('',(#9199));
#9199 = FILL_AREA_STYLE_COLOUR('',#8310);
#9200 = STYLED_ITEM('color',(#9201),#3244);
#9201 = PRESENTATION_STYLE_ASSIGNMENT((#9202));
#9202 = SURFACE_STYLE_USAGE(.BOTH.,#9203);
#9203 = SURFACE_SIDE_STYLE('',(#9204));
#9204 = SURFACE_STYLE_FILL_AREA(#9205);
#9205 = FILL_AREA_STYLE('',(#9206));
#9206 = FILL_AREA_STYLE_COLOUR('',#8310);
#9207 = STYLED_ITEM('color',(#9208),#3256);
#9208 = PRESENTATION_STYLE_ASSIGNMENT((#9209));
#9209 = SURFACE_STYLE_USAGE(.BOTH.,#9210);
#9210 = SURFACE_SIDE_STYLE('',(#9211));
#9211 = SURFACE_STYLE_FILL_AREA(#9212);
#9212 = FILL_AREA_STYLE('',(#9213));
#9213 = FILL_AREA_STYLE_COLOUR('',#8310);
#9214 = STYLED_ITEM('color',(#9215),#3278);
#9215 = PRESENTATION_STYLE_ASSIGNMENT((#9216));
#9216 = SURFACE_STYLE_USAGE(.BOTH.,#9217);
#9217 = SURFACE_SIDE_STYLE('',(#9218));
#9218 = SURFACE_STYLE_FILL_AREA(#9219);
#9219 = FILL_AREA_STYLE('',(#9220));
#9220 = FILL_AREA_STYLE_COLOUR('',#8310);
#9221 = STYLED_ITEM('color',(#9222),#3290);
#9222 = PRESENTATION_STYLE_ASSIGNMENT((#9223));
#9223 = SURFACE_STYLE_USAGE(.BOTH.,#9224);
#9224 = SURFACE_SIDE_STYLE('',(#9225));
#9225 = SURFACE_STYLE_FILL_AREA(#9226);
#9226 = FILL_AREA_STYLE('',(#9227));
#9227 = FILL_AREA_STYLE_COLOUR('',#8310);
#9228 = STYLED_ITEM('color',(#9229),#3302);
#9229 = PRESENTATION_STYLE_ASSIGNMENT((#9230));
#9230 = SURFACE_STYLE_USAGE(.BOTH.,#9231);
#9231 = SURFACE_SIDE_STYLE('',(#9232));
#9232 = SURFACE_STYLE_FILL_AREA(#9233);
#9233 = FILL_AREA_STYLE('',(#9234));
#9234 = FILL_AREA_STYLE_COLOUR('',#8310);
#9235 = STYLED_ITEM('color',(#9236),#3314);
#9236 = PRESENTATION_STYLE_ASSIGNMENT((#9237));
#9237 = SURFACE_STYLE_USAGE(.BOTH.,#9238);
#9238 = SURFACE_SIDE_STYLE('',(#9239));
#9239 = SURFACE_STYLE_FILL_AREA(#9240);
#9240 = FILL_AREA_STYLE('',(#9241));
#9241 = FILL_AREA_STYLE_COLOUR('',#8310);
#9242 = STYLED_ITEM('color',(#9243),#3331);
#9243 = PRESENTATION_STYLE_ASSIGNMENT((#9244));
#9244 = SURFACE_STYLE_USAGE(.BOTH.,#9245);
#9245 = SURFACE_SIDE_STYLE('',(#9246));
#9246 = SURFACE_STYLE_FILL_AREA(#9247);
#9247 = FILL_AREA_STYLE('',(#9248));
#9248 = FILL_AREA_STYLE_COLOUR('',#8310);
#9249 = STYLED_ITEM('color',(#9250),#3343);
#9250 = PRESENTATION_STYLE_ASSIGNMENT((#9251));
#9251 = SURFACE_STYLE_USAGE(.BOTH.,#9252);
#9252 = SURFACE_SIDE_STYLE('',(#9253));
#9253 = SURFACE_STYLE_FILL_AREA(#9254);
#9254 = FILL_AREA_STYLE('',(#9255));
#9255 = FILL_AREA_STYLE_COLOUR('',#8310);
#9256 = STYLED_ITEM('color',(#9257),#3365);
#9257 = PRESENTATION_STYLE_ASSIGNMENT((#9258));
#9258 = SURFACE_STYLE_USAGE(.BOTH.,#9259);
#9259 = SURFACE_SIDE_STYLE('',(#9260));
#9260 = SURFACE_STYLE_FILL_AREA(#9261);
#9261 = FILL_AREA_STYLE('',(#9262));
#9262 = FILL_AREA_STYLE_COLOUR('',#8310);
#9263 = STYLED_ITEM('color',(#9264),#3377);
#9264 = PRESENTATION_STYLE_ASSIGNMENT((#9265));
#9265 = SURFACE_STYLE_USAGE(.BOTH.,#9266);
#9266 = SURFACE_SIDE_STYLE('',(#9267));
#9267 = SURFACE_STYLE_FILL_AREA(#9268);
#9268 = FILL_AREA_STYLE('',(#9269));
#9269 = FILL_AREA_STYLE_COLOUR('',#8310);
#9270 = STYLED_ITEM('color',(#9271),#3389);
#9271 = PRESENTATION_STYLE_ASSIGNMENT((#9272));
#9272 = SURFACE_STYLE_USAGE(.BOTH.,#9273);
#9273 = SURFACE_SIDE_STYLE('',(#9274));
#9274 = SURFACE_STYLE_FILL_AREA(#9275);
#9275 = FILL_AREA_STYLE('',(#9276));
#9276 = FILL_AREA_STYLE_COLOUR('',#8310);
#9277 = STYLED_ITEM('color',(#9278),#3401);
#9278 = PRESENTATION_STYLE_ASSIGNMENT((#9279));
#9279 = SURFACE_STYLE_USAGE(.BOTH.,#9280);
#9280 = SURFACE_SIDE_STYLE('',(#9281));
#9281 = SURFACE_STYLE_FILL_AREA(#9282);
#9282 = FILL_AREA_STYLE('',(#9283));
#9283 = FILL_AREA_STYLE_COLOUR('',#8310);
#9284 = STYLED_ITEM('color',(#9285),#3418);
#9285 = PRESENTATION_STYLE_ASSIGNMENT((#9286));
#9286 = SURFACE_STYLE_USAGE(.BOTH.,#9287);
#9287 = SURFACE_SIDE_STYLE('',(#9288));
#9288 = SURFACE_STYLE_FILL_AREA(#9289);
#9289 = FILL_AREA_STYLE('',(#9290));
#9290 = FILL_AREA_STYLE_COLOUR('',#8310);
#9291 = STYLED_ITEM('color',(#9292),#3430);
#9292 = PRESENTATION_STYLE_ASSIGNMENT((#9293));
#9293 = SURFACE_STYLE_USAGE(.BOTH.,#9294);
#9294 = SURFACE_SIDE_STYLE('',(#9295));
#9295 = SURFACE_STYLE_FILL_AREA(#9296);
#9296 = FILL_AREA_STYLE('',(#9297));
#9297 = FILL_AREA_STYLE_COLOUR('',#8310);
#9298 = STYLED_ITEM('color',(#9299),#3452);
#9299 = PRESENTATION_STYLE_ASSIGNMENT((#9300));
#9300 = SURFACE_STYLE_USAGE(.BOTH.,#9301);
#9301 = SURFACE_SIDE_STYLE('',(#9302));
#9302 = SURFACE_STYLE_FILL_AREA(#9303);
#9303 = FILL_AREA_STYLE('',(#9304));
#9304 = FILL_AREA_STYLE_COLOUR('',#8310);
#9305 = STYLED_ITEM('color',(#9306),#3464);
#9306 = PRESENTATION_STYLE_ASSIGNMENT((#9307));
#9307 = SURFACE_STYLE_USAGE(.BOTH.,#9308);
#9308 = SURFACE_SIDE_STYLE('',(#9309));
#9309 = SURFACE_STYLE_FILL_AREA(#9310);
#9310 = FILL_AREA_STYLE('',(#9311));
#9311 = FILL_AREA_STYLE_COLOUR('',#8310);
#9312 = STYLED_ITEM('color',(#9313),#3476);
#9313 = PRESENTATION_STYLE_ASSIGNMENT((#9314));
#9314 = SURFACE_STYLE_USAGE(.BOTH.,#9315);
#9315 = SURFACE_SIDE_STYLE('',(#9316));
#9316 = SURFACE_STYLE_FILL_AREA(#9317);
#9317 = FILL_AREA_STYLE('',(#9318));
#9318 = FILL_AREA_STYLE_COLOUR('',#8310);
#9319 = STYLED_ITEM('color',(#9320),#3488);
#9320 = PRESENTATION_STYLE_ASSIGNMENT((#9321));
#9321 = SURFACE_STYLE_USAGE(.BOTH.,#9322);
#9322 = SURFACE_SIDE_STYLE('',(#9323));
#9323 = SURFACE_STYLE_FILL_AREA(#9324);
#9324 = FILL_AREA_STYLE('',(#9325));
#9325 = FILL_AREA_STYLE_COLOUR('',#8310);
#9326 = STYLED_ITEM('color',(#9327),#3505);
#9327 = PRESENTATION_STYLE_ASSIGNMENT((#9328));
#9328 = SURFACE_STYLE_USAGE(.BOTH.,#9329);
#9329 = SURFACE_SIDE_STYLE('',(#9330));
#9330 = SURFACE_STYLE_FILL_AREA(#9331);
#9331 = FILL_AREA_STYLE('',(#9332));
#9332 = FILL_AREA_STYLE_COLOUR('',#8310);
#9333 = STYLED_ITEM('color',(#9334),#3517);
#9334 = PRESENTATION_STYLE_ASSIGNMENT((#9335));
#9335 = SURFACE_STYLE_USAGE(.BOTH.,#9336);
#9336 = SURFACE_SIDE_STYLE('',(#9337));
#9337 = SURFACE_STYLE_FILL_AREA(#9338);
#9338 = FILL_AREA_STYLE('',(#9339));
#9339 = FILL_AREA_STYLE_COLOUR('',#8310);
#9340 = STYLED_ITEM('color',(#9341),#3539);
#9341 = PRESENTATION_STYLE_ASSIGNMENT((#9342));
#9342 = SURFACE_STYLE_USAGE(.BOTH.,#9343);
#9343 = SURFACE_SIDE_STYLE('',(#9344));
#9344 = SURFACE_STYLE_FILL_AREA(#9345);
#9345 = FILL_AREA_STYLE('',(#9346));
#9346 = FILL_AREA_STYLE_COLOUR('',#8310);
#9347 = STYLED_ITEM('color',(#9348),#3551);
#9348 = PRESENTATION_STYLE_ASSIGNMENT((#9349));
#9349 = SURFACE_STYLE_USAGE(.BOTH.,#9350);
#9350 = SURFACE_SIDE_STYLE('',(#9351));
#9351 = SURFACE_STYLE_FILL_AREA(#9352);
#9352 = FILL_AREA_STYLE('',(#9353));
#9353 = FILL_AREA_STYLE_COLOUR('',#8310);
#9354 = STYLED_ITEM('color',(#9355),#3563);
#9355 = PRESENTATION_STYLE_ASSIGNMENT((#9356));
#9356 = SURFACE_STYLE_USAGE(.BOTH.,#9357);
#9357 = SURFACE_SIDE_STYLE('',(#9358));
#9358 = SURFACE_STYLE_FILL_AREA(#9359);
#9359 = FILL_AREA_STYLE('',(#9360));
#9360 = FILL_AREA_STYLE_COLOUR('',#8310);
#9361 = STYLED_ITEM('color',(#9362),#3575);
#9362 = PRESENTATION_STYLE_ASSIGNMENT((#9363));
#9363 = SURFACE_STYLE_USAGE(.BOTH.,#9364);
#9364 = SURFACE_SIDE_STYLE('',(#9365));
#9365 = SURFACE_STYLE_FILL_AREA(#9366);
#9366 = FILL_AREA_STYLE('',(#9367));
#9367 = FILL_AREA_STYLE_COLOUR('',#8310);
#9368 = STYLED_ITEM('color',(#9369),#3592);
#9369 = PRESENTATION_STYLE_ASSIGNMENT((#9370));
#9370 = SURFACE_STYLE_USAGE(.BOTH.,#9371);
#9371 = SURFACE_SIDE_STYLE('',(#9372));
#9372 = SURFACE_STYLE_FILL_AREA(#9373);
#9373 = FILL_AREA_STYLE('',(#9374));
#9374 = FILL_AREA_STYLE_COLOUR('',#8310);
#9375 = STYLED_ITEM('color',(#9376),#3604);
#9376 = PRESENTATION_STYLE_ASSIGNMENT((#9377));
#9377 = SURFACE_STYLE_USAGE(.BOTH.,#9378);
#9378 = SURFACE_SIDE_STYLE('',(#9379));
#9379 = SURFACE_STYLE_FILL_AREA(#9380);
#9380 = FILL_AREA_STYLE('',(#9381));
#9381 = FILL_AREA_STYLE_COLOUR('',#8310);
#9382 = STYLED_ITEM('color',(#9383),#3626);
#9383 = PRESENTATION_STYLE_ASSIGNMENT((#9384));
#9384 = SURFACE_STYLE_USAGE(.BOTH.,#9385);
#9385 = SURFACE_SIDE_STYLE('',(#9386));
#9386 = SURFACE_STYLE_FILL_AREA(#9387);
#9387 = FILL_AREA_STYLE('',(#9388));
#9388 = FILL_AREA_STYLE_COLOUR('',#8310);
#9389 = STYLED_ITEM('color',(#9390),#3638);
#9390 = PRESENTATION_STYLE_ASSIGNMENT((#9391));
#9391 = SURFACE_STYLE_USAGE(.BOTH.,#9392);
#9392 = SURFACE_SIDE_STYLE('',(#9393));
#9393 = SURFACE_STYLE_FILL_AREA(#9394);
#9394 = FILL_AREA_STYLE('',(#9395));
#9395 = FILL_AREA_STYLE_COLOUR('',#8310);
#9396 = STYLED_ITEM('color',(#9397),#3650);
#9397 = PRESENTATION_STYLE_ASSIGNMENT((#9398));
#9398 = SURFACE_STYLE_USAGE(.BOTH.,#9399);
#9399 = SURFACE_SIDE_STYLE('',(#9400));
#9400 = SURFACE_STYLE_FILL_AREA(#9401);
#9401 = FILL_AREA_STYLE('',(#9402));
#9402 = FILL_AREA_STYLE_COLOUR('',#8310);
#9403 = STYLED_ITEM('color',(#9404),#3662);
#9404 = PRESENTATION_STYLE_ASSIGNMENT((#9405));
#9405 = SURFACE_STYLE_USAGE(.BOTH.,#9406);
#9406 = SURFACE_SIDE_STYLE('',(#9407));
#9407 = SURFACE_STYLE_FILL_AREA(#9408);
#9408 = FILL_AREA_STYLE('',(#9409));
#9409 = FILL_AREA_STYLE_COLOUR('',#8310);
#9410 = STYLED_ITEM('color',(#9411),#3679);
#9411 = PRESENTATION_STYLE_ASSIGNMENT((#9412));
#9412 = SURFACE_STYLE_USAGE(.BOTH.,#9413);
#9413 = SURFACE_SIDE_STYLE('',(#9414));
#9414 = SURFACE_STYLE_FILL_AREA(#9415);
#9415 = FILL_AREA_STYLE('',(#9416));
#9416 = FILL_AREA_STYLE_COLOUR('',#8310);
ENDSEC;
END-ISO-10303-21;
