ISO-10303-21;
HEADER;
FILE_DESCRIPTION(('KiCad electronic assembly'),'2;1');
FILE_NAME('TSAL_LITE.step','2026-01-27T22:19:09',('Pcbnew'),('Kicad'),
  'Open CASCADE STEP processor 7.9','KiCad to STEP converter','Unknown'
  );
FILE_SCHEMA(('AUTOMOTIVE_DESIGN { 1 0 10303 214 1 1 1 1 }'));
ENDSEC;
DATA;
#1 = APPLICATION_PROTOCOL_DEFINITION('international standard',
  'automotive_design',2000,#2);
#2 = APPLICATION_CONTEXT(
  'core data for automotive mechanical design processes');
#3 = SHAPE_DEFINITION_REPRESENTATION(#4,#10);
#4 = PRODUCT_DEFINITION_SHAPE('','',#5);
#5 = PRODUCT_DEFINITION('design','',#6,#9);
#6 = PRODUCT_DEFINITION_FORMATION('','',#7);
#7 = PRODUCT('TSAL_LITE 1','TSAL_LITE 1','',(#8));
#8 = PRODUCT_CONTEXT('',#2,'mechanical');
#9 = PRODUCT_DEFINITION_CONTEXT('part definition',#2,'design');
#10 = SHAPE_REPRESENTATION('',(#11,#15,#19,#23,#27,#31,#35,#39,#43,#47,
    #51,#55,#59,#63,#67),#71);
#11 = AXIS2_PLACEMENT_3D('',#12,#13,#14);
#12 = CARTESIAN_POINT('',(0.,0.,0.));
#13 = DIRECTION('',(0.,0.,1.));
#14 = DIRECTION('',(1.,0.,-0.));
#15 = AXIS2_PLACEMENT_3D('',#16,#17,#18);
#16 = CARTESIAN_POINT('',(195.,-52.375,1.595));
#17 = DIRECTION('',(0.,0.,1.));
#18 = DIRECTION('',(1.,0.,0.));
#19 = AXIS2_PLACEMENT_3D('',#20,#21,#22);
#20 = CARTESIAN_POINT('',(202.5,-52.375,1.595));
#21 = DIRECTION('',(0.,0.,1.));
#22 = DIRECTION('',(1.,0.,0.));
#23 = AXIS2_PLACEMENT_3D('',#24,#25,#26);
#24 = CARTESIAN_POINT('',(187.5,-58.875,1.595));
#25 = DIRECTION('',(0.,0.,1.));
#26 = DIRECTION('',(1.,0.,0.));
#27 = AXIS2_PLACEMENT_3D('',#28,#29,#30);
#28 = CARTESIAN_POINT('',(195.,-58.875,1.595));
#29 = DIRECTION('',(0.,0.,1.));
#30 = DIRECTION('',(1.,0.,0.));
#31 = AXIS2_PLACEMENT_3D('',#32,#33,#34);
#32 = CARTESIAN_POINT('',(187.5,-52.375,1.595));
#33 = DIRECTION('',(0.,0.,1.));
#34 = DIRECTION('',(1.,0.,0.));
#35 = AXIS2_PLACEMENT_3D('',#36,#37,#38);
#36 = CARTESIAN_POINT('',(202.500483,-58.836634,1.595));
#37 = DIRECTION('',(0.,0.,1.));
#38 = DIRECTION('',(1.,0.,0.));
#39 = AXIS2_PLACEMENT_3D('',#40,#41,#42);
#40 = CARTESIAN_POINT('',(208.5,-50.,-8.5E-02));
#41 = DIRECTION('',(0.,-1.224646799147E-16,-1.));
#42 = DIRECTION('',(1.,0.,0.));
#43 = AXIS2_PLACEMENT_3D('',#44,#45,#46);
#44 = CARTESIAN_POINT('',(195.1,-50.215,-8.5E-02));
#45 = DIRECTION('',(-1.,1.110223024625E-16,-2.334869823773E-16));
#46 = DIRECTION('',(1.110223024625E-16,1.,0.));
#47 = AXIS2_PLACEMENT_3D('',#48,#49,#50);
#48 = CARTESIAN_POINT('',(182.,-49.,-8.5E-02));
#49 = DIRECTION('',(0.,-1.224646799147E-16,-1.));
#50 = DIRECTION('',(1.,0.,0.));
#51 = AXIS2_PLACEMENT_3D('',#52,#53,#54);
#52 = CARTESIAN_POINT('',(182.5,-60.5,-8.5E-02));
#53 = DIRECTION('',(-1.224646799147E-16,-1.359631073447E-32,-1.));
#54 = DIRECTION('',(1.110223024625E-16,-1.,0.));
#55 = AXIS2_PLACEMENT_3D('',#56,#57,#58);
#56 = CARTESIAN_POINT('',(182.,-52.5,-8.5E-02));
#57 = DIRECTION('',(1.499759782662E-32,1.224646799147E-16,-1.));
#58 = DIRECTION('',(-1.,1.224646799147E-16,0.));
#59 = AXIS2_PLACEMENT_3D('',#60,#61,#62);
#60 = CARTESIAN_POINT('',(207.5,-53.175,-8.5E-02));
#61 = DIRECTION('',(1.224646799147E-16,-1.359631073447E-32,-1.));
#62 = DIRECTION('',(1.110223024625E-16,1.,0.));
#63 = AXIS2_PLACEMENT_3D('',#64,#65,#66);
#64 = CARTESIAN_POINT('',(181.5,-64.,-8.5E-02));
#65 = DIRECTION('',(1.499759782662E-32,1.224646799147E-16,-1.));
#66 = DIRECTION('',(-1.,1.224646799147E-16,0.));
#67 = AXIS2_PLACEMENT_3D('',#68,#69,#70);
#68 = CARTESIAN_POINT('',(0.,0.,0.));
#69 = DIRECTION('',(0.,0.,1.));
#70 = DIRECTION('',(1.,0.,-0.));
#71 = ( GEOMETRIC_REPRESENTATION_CONTEXT(3) 
GLOBAL_UNCERTAINTY_ASSIGNED_CONTEXT((#75)) GLOBAL_UNIT_ASSIGNED_CONTEXT(
(#72,#73,#74)) REPRESENTATION_CONTEXT('Context #1',
  '3D Context with UNIT and UNCERTAINTY') );
#72 = ( LENGTH_UNIT() NAMED_UNIT(*) SI_UNIT(.MILLI.,.METRE.) );
#73 = ( NAMED_UNIT(*) PLANE_ANGLE_UNIT() SI_UNIT($,.RADIAN.) );
#74 = ( NAMED_UNIT(*) SI_UNIT($,.STERADIAN.) SOLID_ANGLE_UNIT() );
#75 = UNCERTAINTY_MEASURE_WITH_UNIT(LENGTH_MEASURE(1.E-07),#72,
  'distance_accuracy_value','confusion accuracy');
#76 = PRODUCT_RELATED_PRODUCT_CATEGORY('part',$,(#7));
#77 = SHAPE_DEFINITION_REPRESENTATION(#78,#84);
#78 = PRODUCT_DEFINITION_SHAPE('','',#79);
#79 = PRODUCT_DEFINITION('design','',#80,#83);
#80 = PRODUCT_DEFINITION_FORMATION('','',#81);
#81 = PRODUCT('GR_CS8PM1.23-KPKR-1','GR_CS8PM1.23-KPKR-1','',(#82));
#82 = PRODUCT_CONTEXT('',#2,'mechanical');
#83 = PRODUCT_DEFINITION_CONTEXT('part definition',#2,'design');
#84 = SHAPE_REPRESENTATION('',(#11,#85,#89),#93);
#85 = AXIS2_PLACEMENT_3D('',#86,#87,#88);
#86 = CARTESIAN_POINT('',(0.,0.,0.1));
#87 = DIRECTION('',(0.,0.,1.));
#88 = DIRECTION('',(1.,0.,0.));
#89 = AXIS2_PLACEMENT_3D('',#90,#91,#92);
#90 = CARTESIAN_POINT('',(0.,0.,0.));
#91 = DIRECTION('',(0.,0.,1.));
#92 = DIRECTION('',(1.,0.,0.));
#93 = ( GEOMETRIC_REPRESENTATION_CONTEXT(3) 
GLOBAL_UNCERTAINTY_ASSIGNED_CONTEXT((#97)) GLOBAL_UNIT_ASSIGNED_CONTEXT(
(#94,#95,#96)) REPRESENTATION_CONTEXT('Context #1',
  '3D Context with UNIT and UNCERTAINTY') );
#94 = ( LENGTH_UNIT() NAMED_UNIT(*) SI_UNIT(.MILLI.,.METRE.) );
#95 = ( NAMED_UNIT(*) PLANE_ANGLE_UNIT() SI_UNIT($,.RADIAN.) );
#96 = ( NAMED_UNIT(*) SI_UNIT($,.STERADIAN.) SOLID_ANGLE_UNIT() );
#97 = UNCERTAINTY_MEASURE_WITH_UNIT(LENGTH_MEASURE(1.E-07),#94,
  'distance_accuracy_value','confusion accuracy');
#98 = CONTEXT_DEPENDENT_SHAPE_REPRESENTATION(#99,#101);
#99 = ( REPRESENTATION_RELATIONSHIP('','',#84,#10) 
REPRESENTATION_RELATIONSHIP_WITH_TRANSFORMATION(#100) 
SHAPE_REPRESENTATION_RELATIONSHIP() );
#100 = ITEM_DEFINED_TRANSFORMATION('','',#11,#15);
#101 = PRODUCT_DEFINITION_SHAPE('Placement','Placement of an item',#102
  );
#102 = NEXT_ASSEMBLY_USAGE_OCCURRENCE('3','LED5','',#5,#79,$);
#103 = PRODUCT_RELATED_PRODUCT_CATEGORY('part',$,(#81));
#104 = SHAPE_DEFINITION_REPRESENTATION(#105,#111);
#105 = PRODUCT_DEFINITION_SHAPE('','',#106);
#106 = PRODUCT_DEFINITION('design','',#107,#110);
#107 = PRODUCT_DEFINITION_FORMATION('','',#108);
#108 = PRODUCT('Body','Body','',(#109));
#109 = PRODUCT_CONTEXT('',#2,'mechanical');
#110 = PRODUCT_DEFINITION_CONTEXT('part definition',#2,'design');
#111 = ADVANCED_BREP_SHAPE_REPRESENTATION('',(#11,#112),#262);
#112 = MANIFOLD_SOLID_BREP('',#113);
#113 = CLOSED_SHELL('',(#114,#154,#185,#216,#238,#250));
#114 = ADVANCED_FACE('',(#115),#149,.T.);
#115 = FACE_BOUND('',#116,.T.);
#116 = EDGE_LOOP('',(#117,#127,#135,#143));
#117 = ORIENTED_EDGE('',*,*,#118,.T.);
#118 = EDGE_CURVE('',#119,#121,#123,.T.);
#119 = VERTEX_POINT('',#120);
#120 = CARTESIAN_POINT('',(-1.5,1.5,0.));
#121 = VERTEX_POINT('',#122);
#122 = CARTESIAN_POINT('',(-1.5,1.5,2.31));
#123 = LINE('',#124,#125);
#124 = CARTESIAN_POINT('',(-1.5,1.5,0.));
#125 = VECTOR('',#126,1.);
#126 = DIRECTION('',(0.,0.,1.));
#127 = ORIENTED_EDGE('',*,*,#128,.T.);
#128 = EDGE_CURVE('',#121,#129,#131,.T.);
#129 = VERTEX_POINT('',#130);
#130 = CARTESIAN_POINT('',(1.5,1.5,2.31));
#131 = LINE('',#132,#133);
#132 = CARTESIAN_POINT('',(-1.5,1.5,2.31));
#133 = VECTOR('',#134,1.);
#134 = DIRECTION('',(1.,0.,0.));
#135 = ORIENTED_EDGE('',*,*,#136,.F.);
#136 = EDGE_CURVE('',#137,#129,#139,.T.);
#137 = VERTEX_POINT('',#138);
#138 = CARTESIAN_POINT('',(1.5,1.5,0.));
#139 = LINE('',#140,#141);
#140 = CARTESIAN_POINT('',(1.5,1.5,0.));
#141 = VECTOR('',#142,1.);
#142 = DIRECTION('',(0.,0.,1.));
#143 = ORIENTED_EDGE('',*,*,#144,.F.);
#144 = EDGE_CURVE('',#119,#137,#145,.T.);
#145 = LINE('',#146,#147);
#146 = CARTESIAN_POINT('',(-1.5,1.5,0.));
#147 = VECTOR('',#148,1.);
#148 = DIRECTION('',(1.,0.,0.));
#149 = PLANE('',#150);
#150 = AXIS2_PLACEMENT_3D('',#151,#152,#153);
#151 = CARTESIAN_POINT('',(-1.5,1.5,0.));
#152 = DIRECTION('',(0.,1.,0.));
#153 = DIRECTION('',(1.,0.,0.));
#154 = ADVANCED_FACE('',(#155),#180,.T.);
#155 = FACE_BOUND('',#156,.T.);
#156 = EDGE_LOOP('',(#157,#158,#166,#174));
#157 = ORIENTED_EDGE('',*,*,#136,.T.);
#158 = ORIENTED_EDGE('',*,*,#159,.T.);
#159 = EDGE_CURVE('',#129,#160,#162,.T.);
#160 = VERTEX_POINT('',#161);
#161 = CARTESIAN_POINT('',(1.5,-1.5,2.31));
#162 = LINE('',#163,#164);
#163 = CARTESIAN_POINT('',(1.5,1.5,2.31));
#164 = VECTOR('',#165,1.);
#165 = DIRECTION('',(0.,-1.,0.));
#166 = ORIENTED_EDGE('',*,*,#167,.F.);
#167 = EDGE_CURVE('',#168,#160,#170,.T.);
#168 = VERTEX_POINT('',#169);
#169 = CARTESIAN_POINT('',(1.5,-1.5,0.));
#170 = LINE('',#171,#172);
#171 = CARTESIAN_POINT('',(1.5,-1.5,0.));
#172 = VECTOR('',#173,1.);
#173 = DIRECTION('',(0.,0.,1.));
#174 = ORIENTED_EDGE('',*,*,#175,.F.);
#175 = EDGE_CURVE('',#137,#168,#176,.T.);
#176 = LINE('',#177,#178);
#177 = CARTESIAN_POINT('',(1.5,1.5,0.));
#178 = VECTOR('',#179,1.);
#179 = DIRECTION('',(0.,-1.,0.));
#180 = PLANE('',#181);
#181 = AXIS2_PLACEMENT_3D('',#182,#183,#184);
#182 = CARTESIAN_POINT('',(1.5,1.5,0.));
#183 = DIRECTION('',(1.,0.,-0.));
#184 = DIRECTION('',(0.,-1.,0.));
#185 = ADVANCED_FACE('',(#186),#211,.T.);
#186 = FACE_BOUND('',#187,.T.);
#187 = EDGE_LOOP('',(#188,#189,#197,#205));
#188 = ORIENTED_EDGE('',*,*,#167,.T.);
#189 = ORIENTED_EDGE('',*,*,#190,.T.);
#190 = EDGE_CURVE('',#160,#191,#193,.T.);
#191 = VERTEX_POINT('',#192);
#192 = CARTESIAN_POINT('',(-1.5,-1.5,2.31));
#193 = LINE('',#194,#195);
#194 = CARTESIAN_POINT('',(1.5,-1.5,2.31));
#195 = VECTOR('',#196,1.);
#196 = DIRECTION('',(-1.,0.,0.));
#197 = ORIENTED_EDGE('',*,*,#198,.F.);
#198 = EDGE_CURVE('',#199,#191,#201,.T.);
#199 = VERTEX_POINT('',#200);
#200 = CARTESIAN_POINT('',(-1.5,-1.5,0.));
#201 = LINE('',#202,#203);
#202 = CARTESIAN_POINT('',(-1.5,-1.5,0.));
#203 = VECTOR('',#204,1.);
#204 = DIRECTION('',(0.,0.,1.));
#205 = ORIENTED_EDGE('',*,*,#206,.F.);
#206 = EDGE_CURVE('',#168,#199,#207,.T.);
#207 = LINE('',#208,#209);
#208 = CARTESIAN_POINT('',(1.5,-1.5,0.));
#209 = VECTOR('',#210,1.);
#210 = DIRECTION('',(-1.,0.,0.));
#211 = PLANE('',#212);
#212 = AXIS2_PLACEMENT_3D('',#213,#214,#215);
#213 = CARTESIAN_POINT('',(1.5,-1.5,0.));
#214 = DIRECTION('',(0.,-1.,0.));
#215 = DIRECTION('',(-1.,0.,0.));
#216 = ADVANCED_FACE('',(#217),#233,.T.);
#217 = FACE_BOUND('',#218,.T.);
#218 = EDGE_LOOP('',(#219,#220,#226,#227));
#219 = ORIENTED_EDGE('',*,*,#198,.T.);
#220 = ORIENTED_EDGE('',*,*,#221,.T.);
#221 = EDGE_CURVE('',#191,#121,#222,.T.);
#222 = LINE('',#223,#224);
#223 = CARTESIAN_POINT('',(-1.5,-1.5,2.31));
#224 = VECTOR('',#225,1.);
#225 = DIRECTION('',(0.,1.,0.));
#226 = ORIENTED_EDGE('',*,*,#118,.F.);
#227 = ORIENTED_EDGE('',*,*,#228,.F.);
#228 = EDGE_CURVE('',#199,#119,#229,.T.);
#229 = LINE('',#230,#231);
#230 = CARTESIAN_POINT('',(-1.5,-1.5,0.));
#231 = VECTOR('',#232,1.);
#232 = DIRECTION('',(0.,1.,0.));
#233 = PLANE('',#234);
#234 = AXIS2_PLACEMENT_3D('',#235,#236,#237);
#235 = CARTESIAN_POINT('',(-1.5,-1.5,0.));
#236 = DIRECTION('',(-1.,0.,0.));
#237 = DIRECTION('',(0.,1.,0.));
#238 = ADVANCED_FACE('',(#239),#245,.T.);
#239 = FACE_BOUND('',#240,.T.);
#240 = EDGE_LOOP('',(#241,#242,#243,#244));
#241 = ORIENTED_EDGE('',*,*,#144,.T.);
#242 = ORIENTED_EDGE('',*,*,#175,.T.);
#243 = ORIENTED_EDGE('',*,*,#206,.T.);
#244 = ORIENTED_EDGE('',*,*,#228,.T.);
#245 = PLANE('',#246);
#246 = AXIS2_PLACEMENT_3D('',#247,#248,#249);
#247 = CARTESIAN_POINT('',(0.,0.,1.387778780781E-17));
#248 = DIRECTION('',(-0.,-0.,-1.));
#249 = DIRECTION('',(-1.,0.,0.));
#250 = ADVANCED_FACE('',(#251),#257,.F.);
#251 = FACE_BOUND('',#252,.F.);
#252 = EDGE_LOOP('',(#253,#254,#255,#256));
#253 = ORIENTED_EDGE('',*,*,#128,.T.);
#254 = ORIENTED_EDGE('',*,*,#159,.T.);
#255 = ORIENTED_EDGE('',*,*,#190,.T.);
#256 = ORIENTED_EDGE('',*,*,#221,.T.);
#257 = PLANE('',#258);
#258 = AXIS2_PLACEMENT_3D('',#259,#260,#261);
#259 = CARTESIAN_POINT('',(0.,0.,2.31));
#260 = DIRECTION('',(-0.,-0.,-1.));
#261 = DIRECTION('',(-1.,0.,0.));
#262 = ( GEOMETRIC_REPRESENTATION_CONTEXT(3) 
GLOBAL_UNCERTAINTY_ASSIGNED_CONTEXT((#266)) GLOBAL_UNIT_ASSIGNED_CONTEXT
((#263,#264,#265)) REPRESENTATION_CONTEXT('Context #1',
  '3D Context with UNIT and UNCERTAINTY') );
#263 = ( LENGTH_UNIT() NAMED_UNIT(*) SI_UNIT(.MILLI.,.METRE.) );
#264 = ( NAMED_UNIT(*) PLANE_ANGLE_UNIT() SI_UNIT($,.RADIAN.) );
#265 = ( NAMED_UNIT(*) SI_UNIT($,.STERADIAN.) SOLID_ANGLE_UNIT() );
#266 = UNCERTAINTY_MEASURE_WITH_UNIT(LENGTH_MEASURE(1.E-07),#263,
  'distance_accuracy_value','confusion accuracy');
#267 = CONTEXT_DEPENDENT_SHAPE_REPRESENTATION(#268,#270);
#268 = ( REPRESENTATION_RELATIONSHIP('','',#111,#84) 
REPRESENTATION_RELATIONSHIP_WITH_TRANSFORMATION(#269) 
SHAPE_REPRESENTATION_RELATIONSHIP() );
#269 = ITEM_DEFINED_TRANSFORMATION('','',#11,#85);
#270 = PRODUCT_DEFINITION_SHAPE('Placement','Placement of an item',#271
  );
#271 = NEXT_ASSEMBLY_USAGE_OCCURRENCE('1','=>[0:1:1:2]','',#79,#106,$);
#272 = PRODUCT_RELATED_PRODUCT_CATEGORY('part',$,(#108));
#273 = SHAPE_DEFINITION_REPRESENTATION(#274,#280);
#274 = PRODUCT_DEFINITION_SHAPE('','',#275);
#275 = PRODUCT_DEFINITION('design','',#276,#279);
#276 = PRODUCT_DEFINITION_FORMATION('','',#277);
#277 = PRODUCT('Pins','Pins','',(#278));
#278 = PRODUCT_CONTEXT('',#2,'mechanical');
#279 = PRODUCT_DEFINITION_CONTEXT('part definition',#2,'design');
#280 = SHAPE_REPRESENTATION('',(#11,#281,#431,#581),#731);
#281 = MANIFOLD_SOLID_BREP('',#282);
#282 = CLOSED_SHELL('',(#283,#323,#363,#385,#407,#419));
#283 = ADVANCED_FACE('',(#284),#318,.F.);
#284 = FACE_BOUND('',#285,.F.);
#285 = EDGE_LOOP('',(#286,#296,#304,#312));
#286 = ORIENTED_EDGE('',*,*,#287,.F.);
#287 = EDGE_CURVE('',#288,#290,#292,.T.);
#288 = VERTEX_POINT('',#289);
#289 = CARTESIAN_POINT('',(-1.345,-1.345,0.));
#290 = VERTEX_POINT('',#291);
#291 = CARTESIAN_POINT('',(-1.345,-1.345,0.1));
#292 = LINE('',#293,#294);
#293 = CARTESIAN_POINT('',(-1.345,-1.345,0.));
#294 = VECTOR('',#295,1.);
#295 = DIRECTION('',(0.,0.,1.));
#296 = ORIENTED_EDGE('',*,*,#297,.T.);
#297 = EDGE_CURVE('',#288,#298,#300,.T.);
#298 = VERTEX_POINT('',#299);
#299 = CARTESIAN_POINT('',(-1.345,-0.905,0.));
#300 = LINE('',#301,#302);
#301 = CARTESIAN_POINT('',(-1.345,-1.345,0.));
#302 = VECTOR('',#303,1.);
#303 = DIRECTION('',(0.,1.,0.));
#304 = ORIENTED_EDGE('',*,*,#305,.T.);
#305 = EDGE_CURVE('',#298,#306,#308,.T.);
#306 = VERTEX_POINT('',#307);
#307 = CARTESIAN_POINT('',(-1.345,-0.905,0.1));
#308 = LINE('',#309,#310);
#309 = CARTESIAN_POINT('',(-1.345,-0.905,0.));
#310 = VECTOR('',#311,1.);
#311 = DIRECTION('',(0.,0.,1.));
#312 = ORIENTED_EDGE('',*,*,#313,.F.);
#313 = EDGE_CURVE('',#290,#306,#314,.T.);
#314 = LINE('',#315,#316);
#315 = CARTESIAN_POINT('',(-1.345,-1.345,0.1));
#316 = VECTOR('',#317,1.);
#317 = DIRECTION('',(0.,1.,0.));
#318 = PLANE('',#319);
#319 = AXIS2_PLACEMENT_3D('',#320,#321,#322);
#320 = CARTESIAN_POINT('',(-1.345,-1.345,0.));
#321 = DIRECTION('',(1.,0.,0.));
#322 = DIRECTION('',(0.,0.,1.));
#323 = ADVANCED_FACE('',(#324),#358,.T.);
#324 = FACE_BOUND('',#325,.T.);
#325 = EDGE_LOOP('',(#326,#336,#344,#352));
#326 = ORIENTED_EDGE('',*,*,#327,.F.);
#327 = EDGE_CURVE('',#328,#330,#332,.T.);
#328 = VERTEX_POINT('',#329);
#329 = CARTESIAN_POINT('',(1.345,-1.345,0.));
#330 = VERTEX_POINT('',#331);
#331 = CARTESIAN_POINT('',(1.345,-1.345,0.1));
#332 = LINE('',#333,#334);
#333 = CARTESIAN_POINT('',(1.345,-1.345,0.));
#334 = VECTOR('',#335,1.);
#335 = DIRECTION('',(0.,0.,1.));
#336 = ORIENTED_EDGE('',*,*,#337,.T.);
#337 = EDGE_CURVE('',#328,#338,#340,.T.);
#338 = VERTEX_POINT('',#339);
#339 = CARTESIAN_POINT('',(1.345,-0.905,0.));
#340 = LINE('',#341,#342);
#341 = CARTESIAN_POINT('',(1.345,-1.345,0.));
#342 = VECTOR('',#343,1.);
#343 = DIRECTION('',(0.,1.,0.));
#344 = ORIENTED_EDGE('',*,*,#345,.T.);
#345 = EDGE_CURVE('',#338,#346,#348,.T.);
#346 = VERTEX_POINT('',#347);
#347 = CARTESIAN_POINT('',(1.345,-0.905,0.1));
#348 = LINE('',#349,#350);
#349 = CARTESIAN_POINT('',(1.345,-0.905,0.));
#350 = VECTOR('',#351,1.);
#351 = DIRECTION('',(0.,0.,1.));
#352 = ORIENTED_EDGE('',*,*,#353,.F.);
#353 = EDGE_CURVE('',#330,#346,#354,.T.);
#354 = LINE('',#355,#356);
#355 = CARTESIAN_POINT('',(1.345,-1.345,0.1));
#356 = VECTOR('',#357,1.);
#357 = DIRECTION('',(0.,1.,0.));
#358 = PLANE('',#359);
#359 = AXIS2_PLACEMENT_3D('',#360,#361,#362);
#360 = CARTESIAN_POINT('',(1.345,-1.345,0.));
#361 = DIRECTION('',(1.,0.,0.));
#362 = DIRECTION('',(0.,0.,1.));
#363 = ADVANCED_FACE('',(#364),#380,.F.);
#364 = FACE_BOUND('',#365,.F.);
#365 = EDGE_LOOP('',(#366,#372,#373,#379));
#366 = ORIENTED_EDGE('',*,*,#367,.F.);
#367 = EDGE_CURVE('',#288,#328,#368,.T.);
#368 = LINE('',#369,#370);
#369 = CARTESIAN_POINT('',(-1.345,-1.345,0.));
#370 = VECTOR('',#371,1.);
#371 = DIRECTION('',(1.,0.,0.));
#372 = ORIENTED_EDGE('',*,*,#287,.T.);
#373 = ORIENTED_EDGE('',*,*,#374,.T.);
#374 = EDGE_CURVE('',#290,#330,#375,.T.);
#375 = LINE('',#376,#377);
#376 = CARTESIAN_POINT('',(-1.345,-1.345,0.1));
#377 = VECTOR('',#378,1.);
#378 = DIRECTION('',(1.,0.,0.));
#379 = ORIENTED_EDGE('',*,*,#327,.F.);
#380 = PLANE('',#381);
#381 = AXIS2_PLACEMENT_3D('',#382,#383,#384);
#382 = CARTESIAN_POINT('',(-1.345,-1.345,0.));
#383 = DIRECTION('',(0.,1.,0.));
#384 = DIRECTION('',(0.,-0.,1.));
#385 = ADVANCED_FACE('',(#386),#402,.T.);
#386 = FACE_BOUND('',#387,.T.);
#387 = EDGE_LOOP('',(#388,#394,#395,#401));
#388 = ORIENTED_EDGE('',*,*,#389,.F.);
#389 = EDGE_CURVE('',#298,#338,#390,.T.);
#390 = LINE('',#391,#392);
#391 = CARTESIAN_POINT('',(-1.345,-0.905,0.));
#392 = VECTOR('',#393,1.);
#393 = DIRECTION('',(1.,0.,0.));
#394 = ORIENTED_EDGE('',*,*,#305,.T.);
#395 = ORIENTED_EDGE('',*,*,#396,.T.);
#396 = EDGE_CURVE('',#306,#346,#397,.T.);
#397 = LINE('',#398,#399);
#398 = CARTESIAN_POINT('',(-1.345,-0.905,0.1));
#399 = VECTOR('',#400,1.);
#400 = DIRECTION('',(1.,0.,0.));
#401 = ORIENTED_EDGE('',*,*,#345,.F.);
#402 = PLANE('',#403);
#403 = AXIS2_PLACEMENT_3D('',#404,#405,#406);
#404 = CARTESIAN_POINT('',(-1.345,-0.905,0.));
#405 = DIRECTION('',(0.,1.,0.));
#406 = DIRECTION('',(0.,-0.,1.));
#407 = ADVANCED_FACE('',(#408),#414,.F.);
#408 = FACE_BOUND('',#409,.F.);
#409 = EDGE_LOOP('',(#410,#411,#412,#413));
#410 = ORIENTED_EDGE('',*,*,#297,.F.);
#411 = ORIENTED_EDGE('',*,*,#367,.T.);
#412 = ORIENTED_EDGE('',*,*,#337,.T.);
#413 = ORIENTED_EDGE('',*,*,#389,.F.);
#414 = PLANE('',#415);
#415 = AXIS2_PLACEMENT_3D('',#416,#417,#418);
#416 = CARTESIAN_POINT('',(-1.345,-1.345,0.));
#417 = DIRECTION('',(0.,0.,1.));
#418 = DIRECTION('',(1.,0.,-0.));
#419 = ADVANCED_FACE('',(#420),#426,.T.);
#420 = FACE_BOUND('',#421,.T.);
#421 = EDGE_LOOP('',(#422,#423,#424,#425));
#422 = ORIENTED_EDGE('',*,*,#313,.F.);
#423 = ORIENTED_EDGE('',*,*,#374,.T.);
#424 = ORIENTED_EDGE('',*,*,#353,.T.);
#425 = ORIENTED_EDGE('',*,*,#396,.F.);
#426 = PLANE('',#427);
#427 = AXIS2_PLACEMENT_3D('',#428,#429,#430);
#428 = CARTESIAN_POINT('',(-1.345,-1.345,0.1));
#429 = DIRECTION('',(0.,0.,1.));
#430 = DIRECTION('',(1.,0.,-0.));
#431 = MANIFOLD_SOLID_BREP('',#432);
#432 = CLOSED_SHELL('',(#433,#473,#513,#535,#557,#569));
#433 = ADVANCED_FACE('',(#434),#468,.F.);
#434 = FACE_BOUND('',#435,.F.);
#435 = EDGE_LOOP('',(#436,#446,#454,#462));
#436 = ORIENTED_EDGE('',*,*,#437,.F.);
#437 = EDGE_CURVE('',#438,#440,#442,.T.);
#438 = VERTEX_POINT('',#439);
#439 = CARTESIAN_POINT('',(-1.345,0.905,0.));
#440 = VERTEX_POINT('',#441);
#441 = CARTESIAN_POINT('',(-1.345,0.905,0.1));
#442 = LINE('',#443,#444);
#443 = CARTESIAN_POINT('',(-1.345,0.905,0.));
#444 = VECTOR('',#445,1.);
#445 = DIRECTION('',(0.,0.,1.));
#446 = ORIENTED_EDGE('',*,*,#447,.T.);
#447 = EDGE_CURVE('',#438,#448,#450,.T.);
#448 = VERTEX_POINT('',#449);
#449 = CARTESIAN_POINT('',(-1.345,1.345,0.));
#450 = LINE('',#451,#452);
#451 = CARTESIAN_POINT('',(-1.345,0.905,0.));
#452 = VECTOR('',#453,1.);
#453 = DIRECTION('',(0.,1.,0.));
#454 = ORIENTED_EDGE('',*,*,#455,.T.);
#455 = EDGE_CURVE('',#448,#456,#458,.T.);
#456 = VERTEX_POINT('',#457);
#457 = CARTESIAN_POINT('',(-1.345,1.345,0.1));
#458 = LINE('',#459,#460);
#459 = CARTESIAN_POINT('',(-1.345,1.345,0.));
#460 = VECTOR('',#461,1.);
#461 = DIRECTION('',(0.,0.,1.));
#462 = ORIENTED_EDGE('',*,*,#463,.F.);
#463 = EDGE_CURVE('',#440,#456,#464,.T.);
#464 = LINE('',#465,#466);
#465 = CARTESIAN_POINT('',(-1.345,0.905,0.1));
#466 = VECTOR('',#467,1.);
#467 = DIRECTION('',(0.,1.,0.));
#468 = PLANE('',#469);
#469 = AXIS2_PLACEMENT_3D('',#470,#471,#472);
#470 = CARTESIAN_POINT('',(-1.345,0.905,0.));
#471 = DIRECTION('',(1.,0.,0.));
#472 = DIRECTION('',(0.,0.,1.));
#473 = ADVANCED_FACE('',(#474),#508,.T.);
#474 = FACE_BOUND('',#475,.T.);
#475 = EDGE_LOOP('',(#476,#486,#494,#502));
#476 = ORIENTED_EDGE('',*,*,#477,.F.);
#477 = EDGE_CURVE('',#478,#480,#482,.T.);
#478 = VERTEX_POINT('',#479);
#479 = CARTESIAN_POINT('',(1.345,0.905,0.));
#480 = VERTEX_POINT('',#481);
#481 = CARTESIAN_POINT('',(1.345,0.905,0.1));
#482 = LINE('',#483,#484);
#483 = CARTESIAN_POINT('',(1.345,0.905,0.));
#484 = VECTOR('',#485,1.);
#485 = DIRECTION('',(0.,0.,1.));
#486 = ORIENTED_EDGE('',*,*,#487,.T.);
#487 = EDGE_CURVE('',#478,#488,#490,.T.);
#488 = VERTEX_POINT('',#489);
#489 = CARTESIAN_POINT('',(1.345,1.345,0.));
#490 = LINE('',#491,#492);
#491 = CARTESIAN_POINT('',(1.345,0.905,0.));
#492 = VECTOR('',#493,1.);
#493 = DIRECTION('',(0.,1.,0.));
#494 = ORIENTED_EDGE('',*,*,#495,.T.);
#495 = EDGE_CURVE('',#488,#496,#498,.T.);
#496 = VERTEX_POINT('',#497);
#497 = CARTESIAN_POINT('',(1.345,1.345,0.1));
#498 = LINE('',#499,#500);
#499 = CARTESIAN_POINT('',(1.345,1.345,0.));
#500 = VECTOR('',#501,1.);
#501 = DIRECTION('',(0.,0.,1.));
#502 = ORIENTED_EDGE('',*,*,#503,.F.);
#503 = EDGE_CURVE('',#480,#496,#504,.T.);
#504 = LINE('',#505,#506);
#505 = CARTESIAN_POINT('',(1.345,0.905,0.1));
#506 = VECTOR('',#507,1.);
#507 = DIRECTION('',(0.,1.,0.));
#508 = PLANE('',#509);
#509 = AXIS2_PLACEMENT_3D('',#510,#511,#512);
#510 = CARTESIAN_POINT('',(1.345,0.905,0.));
#511 = DIRECTION('',(1.,0.,0.));
#512 = DIRECTION('',(0.,0.,1.));
#513 = ADVANCED_FACE('',(#514),#530,.F.);
#514 = FACE_BOUND('',#515,.F.);
#515 = EDGE_LOOP('',(#516,#522,#523,#529));
#516 = ORIENTED_EDGE('',*,*,#517,.F.);
#517 = EDGE_CURVE('',#438,#478,#518,.T.);
#518 = LINE('',#519,#520);
#519 = CARTESIAN_POINT('',(-1.345,0.905,0.));
#520 = VECTOR('',#521,1.);
#521 = DIRECTION('',(1.,0.,0.));
#522 = ORIENTED_EDGE('',*,*,#437,.T.);
#523 = ORIENTED_EDGE('',*,*,#524,.T.);
#524 = EDGE_CURVE('',#440,#480,#525,.T.);
#525 = LINE('',#526,#527);
#526 = CARTESIAN_POINT('',(-1.345,0.905,0.1));
#527 = VECTOR('',#528,1.);
#528 = DIRECTION('',(1.,0.,0.));
#529 = ORIENTED_EDGE('',*,*,#477,.F.);
#530 = PLANE('',#531);
#531 = AXIS2_PLACEMENT_3D('',#532,#533,#534);
#532 = CARTESIAN_POINT('',(-1.345,0.905,0.));
#533 = DIRECTION('',(0.,1.,0.));
#534 = DIRECTION('',(0.,-0.,1.));
#535 = ADVANCED_FACE('',(#536),#552,.T.);
#536 = FACE_BOUND('',#537,.T.);
#537 = EDGE_LOOP('',(#538,#544,#545,#551));
#538 = ORIENTED_EDGE('',*,*,#539,.F.);
#539 = EDGE_CURVE('',#448,#488,#540,.T.);
#540 = LINE('',#541,#542);
#541 = CARTESIAN_POINT('',(-1.345,1.345,0.));
#542 = VECTOR('',#543,1.);
#543 = DIRECTION('',(1.,0.,0.));
#544 = ORIENTED_EDGE('',*,*,#455,.T.);
#545 = ORIENTED_EDGE('',*,*,#546,.T.);
#546 = EDGE_CURVE('',#456,#496,#547,.T.);
#547 = LINE('',#548,#549);
#548 = CARTESIAN_POINT('',(-1.345,1.345,0.1));
#549 = VECTOR('',#550,1.);
#550 = DIRECTION('',(1.,0.,0.));
#551 = ORIENTED_EDGE('',*,*,#495,.F.);
#552 = PLANE('',#553);
#553 = AXIS2_PLACEMENT_3D('',#554,#555,#556);
#554 = CARTESIAN_POINT('',(-1.345,1.345,0.));
#555 = DIRECTION('',(0.,1.,0.));
#556 = DIRECTION('',(0.,-0.,1.));
#557 = ADVANCED_FACE('',(#558),#564,.F.);
#558 = FACE_BOUND('',#559,.F.);
#559 = EDGE_LOOP('',(#560,#561,#562,#563));
#560 = ORIENTED_EDGE('',*,*,#447,.F.);
#561 = ORIENTED_EDGE('',*,*,#517,.T.);
#562 = ORIENTED_EDGE('',*,*,#487,.T.);
#563 = ORIENTED_EDGE('',*,*,#539,.F.);
#564 = PLANE('',#565);
#565 = AXIS2_PLACEMENT_3D('',#566,#567,#568);
#566 = CARTESIAN_POINT('',(-1.345,0.905,0.));
#567 = DIRECTION('',(0.,0.,1.));
#568 = DIRECTION('',(1.,0.,-0.));
#569 = ADVANCED_FACE('',(#570),#576,.T.);
#570 = FACE_BOUND('',#571,.T.);
#571 = EDGE_LOOP('',(#572,#573,#574,#575));
#572 = ORIENTED_EDGE('',*,*,#463,.F.);
#573 = ORIENTED_EDGE('',*,*,#524,.T.);
#574 = ORIENTED_EDGE('',*,*,#503,.T.);
#575 = ORIENTED_EDGE('',*,*,#546,.F.);
#576 = PLANE('',#577);
#577 = AXIS2_PLACEMENT_3D('',#578,#579,#580);
#578 = CARTESIAN_POINT('',(-1.345,0.905,0.1));
#579 = DIRECTION('',(0.,0.,1.));
#580 = DIRECTION('',(1.,0.,-0.));
#581 = MANIFOLD_SOLID_BREP('',#582);
#582 = CLOSED_SHELL('',(#583,#623,#663,#685,#707,#719));
#583 = ADVANCED_FACE('',(#584),#618,.F.);
#584 = FACE_BOUND('',#585,.F.);
#585 = EDGE_LOOP('',(#586,#596,#604,#612));
#586 = ORIENTED_EDGE('',*,*,#587,.F.);
#587 = EDGE_CURVE('',#588,#590,#592,.T.);
#588 = VERTEX_POINT('',#589);
#589 = CARTESIAN_POINT('',(-1.3,-0.4,0.));
#590 = VERTEX_POINT('',#591);
#591 = CARTESIAN_POINT('',(-1.3,-0.4,0.1));
#592 = LINE('',#593,#594);
#593 = CARTESIAN_POINT('',(-1.3,-0.4,0.));
#594 = VECTOR('',#595,1.);
#595 = DIRECTION('',(0.,0.,1.));
#596 = ORIENTED_EDGE('',*,*,#597,.T.);
#597 = EDGE_CURVE('',#588,#598,#600,.T.);
#598 = VERTEX_POINT('',#599);
#599 = CARTESIAN_POINT('',(-1.3,0.4,0.));
#600 = LINE('',#601,#602);
#601 = CARTESIAN_POINT('',(-1.3,-0.4,0.));
#602 = VECTOR('',#603,1.);
#603 = DIRECTION('',(0.,1.,0.));
#604 = ORIENTED_EDGE('',*,*,#605,.T.);
#605 = EDGE_CURVE('',#598,#606,#608,.T.);
#606 = VERTEX_POINT('',#607);
#607 = CARTESIAN_POINT('',(-1.3,0.4,0.1));
#608 = LINE('',#609,#610);
#609 = CARTESIAN_POINT('',(-1.3,0.4,0.));
#610 = VECTOR('',#611,1.);
#611 = DIRECTION('',(0.,0.,1.));
#612 = ORIENTED_EDGE('',*,*,#613,.F.);
#613 = EDGE_CURVE('',#590,#606,#614,.T.);
#614 = LINE('',#615,#616);
#615 = CARTESIAN_POINT('',(-1.3,-0.4,0.1));
#616 = VECTOR('',#617,1.);
#617 = DIRECTION('',(0.,1.,0.));
#618 = PLANE('',#619);
#619 = AXIS2_PLACEMENT_3D('',#620,#621,#622);
#620 = CARTESIAN_POINT('',(-1.3,-0.4,0.));
#621 = DIRECTION('',(1.,0.,0.));
#622 = DIRECTION('',(0.,0.,1.));
#623 = ADVANCED_FACE('',(#624),#658,.T.);
#624 = FACE_BOUND('',#625,.T.);
#625 = EDGE_LOOP('',(#626,#636,#644,#652));
#626 = ORIENTED_EDGE('',*,*,#627,.F.);
#627 = EDGE_CURVE('',#628,#630,#632,.T.);
#628 = VERTEX_POINT('',#629);
#629 = CARTESIAN_POINT('',(1.3,-0.4,0.));
#630 = VERTEX_POINT('',#631);
#631 = CARTESIAN_POINT('',(1.3,-0.4,0.1));
#632 = LINE('',#633,#634);
#633 = CARTESIAN_POINT('',(1.3,-0.4,0.));
#634 = VECTOR('',#635,1.);
#635 = DIRECTION('',(0.,0.,1.));
#636 = ORIENTED_EDGE('',*,*,#637,.T.);
#637 = EDGE_CURVE('',#628,#638,#640,.T.);
#638 = VERTEX_POINT('',#639);
#639 = CARTESIAN_POINT('',(1.3,0.4,0.));
#640 = LINE('',#641,#642);
#641 = CARTESIAN_POINT('',(1.3,-0.4,0.));
#642 = VECTOR('',#643,1.);
#643 = DIRECTION('',(0.,1.,0.));
#644 = ORIENTED_EDGE('',*,*,#645,.T.);
#645 = EDGE_CURVE('',#638,#646,#648,.T.);
#646 = VERTEX_POINT('',#647);
#647 = CARTESIAN_POINT('',(1.3,0.4,0.1));
#648 = LINE('',#649,#650);
#649 = CARTESIAN_POINT('',(1.3,0.4,0.));
#650 = VECTOR('',#651,1.);
#651 = DIRECTION('',(0.,0.,1.));
#652 = ORIENTED_EDGE('',*,*,#653,.F.);
#653 = EDGE_CURVE('',#630,#646,#654,.T.);
#654 = LINE('',#655,#656);
#655 = CARTESIAN_POINT('',(1.3,-0.4,0.1));
#656 = VECTOR('',#657,1.);
#657 = DIRECTION('',(0.,1.,0.));
#658 = PLANE('',#659);
#659 = AXIS2_PLACEMENT_3D('',#660,#661,#662);
#660 = CARTESIAN_POINT('',(1.3,-0.4,0.));
#661 = DIRECTION('',(1.,0.,0.));
#662 = DIRECTION('',(0.,0.,1.));
#663 = ADVANCED_FACE('',(#664),#680,.F.);
#664 = FACE_BOUND('',#665,.F.);
#665 = EDGE_LOOP('',(#666,#672,#673,#679));
#666 = ORIENTED_EDGE('',*,*,#667,.F.);
#667 = EDGE_CURVE('',#588,#628,#668,.T.);
#668 = LINE('',#669,#670);
#669 = CARTESIAN_POINT('',(-1.3,-0.4,0.));
#670 = VECTOR('',#671,1.);
#671 = DIRECTION('',(1.,0.,0.));
#672 = ORIENTED_EDGE('',*,*,#587,.T.);
#673 = ORIENTED_EDGE('',*,*,#674,.T.);
#674 = EDGE_CURVE('',#590,#630,#675,.T.);
#675 = LINE('',#676,#677);
#676 = CARTESIAN_POINT('',(-1.3,-0.4,0.1));
#677 = VECTOR('',#678,1.);
#678 = DIRECTION('',(1.,0.,0.));
#679 = ORIENTED_EDGE('',*,*,#627,.F.);
#680 = PLANE('',#681);
#681 = AXIS2_PLACEMENT_3D('',#682,#683,#684);
#682 = CARTESIAN_POINT('',(-1.3,-0.4,0.));
#683 = DIRECTION('',(0.,1.,0.));
#684 = DIRECTION('',(0.,-0.,1.));
#685 = ADVANCED_FACE('',(#686),#702,.T.);
#686 = FACE_BOUND('',#687,.T.);
#687 = EDGE_LOOP('',(#688,#694,#695,#701));
#688 = ORIENTED_EDGE('',*,*,#689,.F.);
#689 = EDGE_CURVE('',#598,#638,#690,.T.);
#690 = LINE('',#691,#692);
#691 = CARTESIAN_POINT('',(-1.3,0.4,0.));
#692 = VECTOR('',#693,1.);
#693 = DIRECTION('',(1.,0.,0.));
#694 = ORIENTED_EDGE('',*,*,#605,.T.);
#695 = ORIENTED_EDGE('',*,*,#696,.T.);
#696 = EDGE_CURVE('',#606,#646,#697,.T.);
#697 = LINE('',#698,#699);
#698 = CARTESIAN_POINT('',(-1.3,0.4,0.1));
#699 = VECTOR('',#700,1.);
#700 = DIRECTION('',(1.,0.,0.));
#701 = ORIENTED_EDGE('',*,*,#645,.F.);
#702 = PLANE('',#703);
#703 = AXIS2_PLACEMENT_3D('',#704,#705,#706);
#704 = CARTESIAN_POINT('',(-1.3,0.4,0.));
#705 = DIRECTION('',(0.,1.,0.));
#706 = DIRECTION('',(0.,-0.,1.));
#707 = ADVANCED_FACE('',(#708),#714,.F.);
#708 = FACE_BOUND('',#709,.F.);
#709 = EDGE_LOOP('',(#710,#711,#712,#713));
#710 = ORIENTED_EDGE('',*,*,#597,.F.);
#711 = ORIENTED_EDGE('',*,*,#667,.T.);
#712 = ORIENTED_EDGE('',*,*,#637,.T.);
#713 = ORIENTED_EDGE('',*,*,#689,.F.);
#714 = PLANE('',#715);
#715 = AXIS2_PLACEMENT_3D('',#716,#717,#718);
#716 = CARTESIAN_POINT('',(-1.3,-0.4,0.));
#717 = DIRECTION('',(0.,0.,1.));
#718 = DIRECTION('',(1.,0.,-0.));
#719 = ADVANCED_FACE('',(#720),#726,.T.);
#720 = FACE_BOUND('',#721,.T.);
#721 = EDGE_LOOP('',(#722,#723,#724,#725));
#722 = ORIENTED_EDGE('',*,*,#613,.F.);
#723 = ORIENTED_EDGE('',*,*,#674,.T.);
#724 = ORIENTED_EDGE('',*,*,#653,.T.);
#725 = ORIENTED_EDGE('',*,*,#696,.F.);
#726 = PLANE('',#727);
#727 = AXIS2_PLACEMENT_3D('',#728,#729,#730);
#728 = CARTESIAN_POINT('',(-1.3,-0.4,0.1));
#729 = DIRECTION('',(0.,0.,1.));
#730 = DIRECTION('',(1.,0.,-0.));
#731 = ( GEOMETRIC_REPRESENTATION_CONTEXT(3) 
GLOBAL_UNCERTAINTY_ASSIGNED_CONTEXT((#735)) GLOBAL_UNIT_ASSIGNED_CONTEXT
((#732,#733,#734)) REPRESENTATION_CONTEXT('Context #1',
  '3D Context with UNIT and UNCERTAINTY') );
#732 = ( LENGTH_UNIT() NAMED_UNIT(*) SI_UNIT(.MILLI.,.METRE.) );
#733 = ( NAMED_UNIT(*) PLANE_ANGLE_UNIT() SI_UNIT($,.RADIAN.) );
#734 = ( NAMED_UNIT(*) SI_UNIT($,.STERADIAN.) SOLID_ANGLE_UNIT() );
#735 = UNCERTAINTY_MEASURE_WITH_UNIT(LENGTH_MEASURE(1.E-07),#732,
  'distance_accuracy_value','confusion accuracy');
#736 = CONTEXT_DEPENDENT_SHAPE_REPRESENTATION(#737,#739);
#737 = ( REPRESENTATION_RELATIONSHIP('','',#280,#84) 
REPRESENTATION_RELATIONSHIP_WITH_TRANSFORMATION(#738) 
SHAPE_REPRESENTATION_RELATIONSHIP() );
#738 = ITEM_DEFINED_TRANSFORMATION('','',#11,#89);
#739 = PRODUCT_DEFINITION_SHAPE('Placement','Placement of an item',#740
  );
#740 = NEXT_ASSEMBLY_USAGE_OCCURRENCE('2','=>[0:1:1:3]','',#79,#275,$);
#741 = PRODUCT_RELATED_PRODUCT_CATEGORY('part',$,(#277));
#742 = SHAPE_DEFINITION_REPRESENTATION(#743,#749);
#743 = PRODUCT_DEFINITION_SHAPE('','',#744);
#744 = PRODUCT_DEFINITION('design','',#745,#748);
#745 = PRODUCT_DEFINITION_FORMATION('','',#746);
#746 = PRODUCT('GT_CS8PM1.13-LSLU-26-1','GT_CS8PM1.13-LSLU-26-1','',(
    #747));
#747 = PRODUCT_CONTEXT('',#2,'mechanical');
#748 = PRODUCT_DEFINITION_CONTEXT('part definition',#2,'design');
#749 = SHAPE_REPRESENTATION('',(#11,#750,#754),#758);
#750 = AXIS2_PLACEMENT_3D('',#751,#752,#753);
#751 = CARTESIAN_POINT('',(0.,0.,0.1));
#752 = DIRECTION('',(0.,0.,1.));
#753 = DIRECTION('',(1.,0.,0.));
#754 = AXIS2_PLACEMENT_3D('',#755,#756,#757);
#755 = CARTESIAN_POINT('',(0.,0.,0.));
#756 = DIRECTION('',(0.,0.,1.));
#757 = DIRECTION('',(1.,0.,0.));
#758 = ( GEOMETRIC_REPRESENTATION_CONTEXT(3) 
GLOBAL_UNCERTAINTY_ASSIGNED_CONTEXT((#762)) GLOBAL_UNIT_ASSIGNED_CONTEXT
((#759,#760,#761)) REPRESENTATION_CONTEXT('Context #1',
  '3D Context with UNIT and UNCERTAINTY') );
#759 = ( LENGTH_UNIT() NAMED_UNIT(*) SI_UNIT(.MILLI.,.METRE.) );
#760 = ( NAMED_UNIT(*) PLANE_ANGLE_UNIT() SI_UNIT($,.RADIAN.) );
#761 = ( NAMED_UNIT(*) SI_UNIT($,.STERADIAN.) SOLID_ANGLE_UNIT() );
#762 = UNCERTAINTY_MEASURE_WITH_UNIT(LENGTH_MEASURE(1.E-07),#759,
  'distance_accuracy_value','confusion accuracy');
#763 = CONTEXT_DEPENDENT_SHAPE_REPRESENTATION(#764,#766);
#764 = ( REPRESENTATION_RELATIONSHIP('','',#749,#10) 
REPRESENTATION_RELATIONSHIP_WITH_TRANSFORMATION(#765) 
SHAPE_REPRESENTATION_RELATIONSHIP() );
#765 = ITEM_DEFINED_TRANSFORMATION('','',#11,#19);
#766 = PRODUCT_DEFINITION_SHAPE('Placement','Placement of an item',#767
  );
#767 = NEXT_ASSEMBLY_USAGE_OCCURRENCE('6','LED4','',#5,#744,$);
#768 = PRODUCT_RELATED_PRODUCT_CATEGORY('part',$,(#746));
#769 = SHAPE_DEFINITION_REPRESENTATION(#770,#776);
#770 = PRODUCT_DEFINITION_SHAPE('','',#771);
#771 = PRODUCT_DEFINITION('design','',#772,#775);
#772 = PRODUCT_DEFINITION_FORMATION('','',#773);
#773 = PRODUCT('Body','Body','',(#774));
#774 = PRODUCT_CONTEXT('',#2,'mechanical');
#775 = PRODUCT_DEFINITION_CONTEXT('part definition',#2,'design');
#776 = ADVANCED_BREP_SHAPE_REPRESENTATION('',(#11,#777),#927);
#777 = MANIFOLD_SOLID_BREP('',#778);
#778 = CLOSED_SHELL('',(#779,#819,#850,#881,#903,#915));
#779 = ADVANCED_FACE('',(#780),#814,.T.);
#780 = FACE_BOUND('',#781,.T.);
#781 = EDGE_LOOP('',(#782,#792,#800,#808));
#782 = ORIENTED_EDGE('',*,*,#783,.T.);
#783 = EDGE_CURVE('',#784,#786,#788,.T.);
#784 = VERTEX_POINT('',#785);
#785 = CARTESIAN_POINT('',(-1.5,1.5,0.));
#786 = VERTEX_POINT('',#787);
#787 = CARTESIAN_POINT('',(-1.5,1.5,2.31));
#788 = LINE('',#789,#790);
#789 = CARTESIAN_POINT('',(-1.5,1.5,0.));
#790 = VECTOR('',#791,1.);
#791 = DIRECTION('',(0.,0.,1.));
#792 = ORIENTED_EDGE('',*,*,#793,.T.);
#793 = EDGE_CURVE('',#786,#794,#796,.T.);
#794 = VERTEX_POINT('',#795);
#795 = CARTESIAN_POINT('',(1.5,1.5,2.31));
#796 = LINE('',#797,#798);
#797 = CARTESIAN_POINT('',(-1.5,1.5,2.31));
#798 = VECTOR('',#799,1.);
#799 = DIRECTION('',(1.,0.,0.));
#800 = ORIENTED_EDGE('',*,*,#801,.F.);
#801 = EDGE_CURVE('',#802,#794,#804,.T.);
#802 = VERTEX_POINT('',#803);
#803 = CARTESIAN_POINT('',(1.5,1.5,0.));
#804 = LINE('',#805,#806);
#805 = CARTESIAN_POINT('',(1.5,1.5,0.));
#806 = VECTOR('',#807,1.);
#807 = DIRECTION('',(0.,0.,1.));
#808 = ORIENTED_EDGE('',*,*,#809,.F.);
#809 = EDGE_CURVE('',#784,#802,#810,.T.);
#810 = LINE('',#811,#812);
#811 = CARTESIAN_POINT('',(-1.5,1.5,0.));
#812 = VECTOR('',#813,1.);
#813 = DIRECTION('',(1.,0.,0.));
#814 = PLANE('',#815);
#815 = AXIS2_PLACEMENT_3D('',#816,#817,#818);
#816 = CARTESIAN_POINT('',(-1.5,1.5,0.));
#817 = DIRECTION('',(0.,1.,0.));
#818 = DIRECTION('',(1.,0.,0.));
#819 = ADVANCED_FACE('',(#820),#845,.T.);
#820 = FACE_BOUND('',#821,.T.);
#821 = EDGE_LOOP('',(#822,#823,#831,#839));
#822 = ORIENTED_EDGE('',*,*,#801,.T.);
#823 = ORIENTED_EDGE('',*,*,#824,.T.);
#824 = EDGE_CURVE('',#794,#825,#827,.T.);
#825 = VERTEX_POINT('',#826);
#826 = CARTESIAN_POINT('',(1.5,-1.5,2.31));
#827 = LINE('',#828,#829);
#828 = CARTESIAN_POINT('',(1.5,1.5,2.31));
#829 = VECTOR('',#830,1.);
#830 = DIRECTION('',(0.,-1.,0.));
#831 = ORIENTED_EDGE('',*,*,#832,.F.);
#832 = EDGE_CURVE('',#833,#825,#835,.T.);
#833 = VERTEX_POINT('',#834);
#834 = CARTESIAN_POINT('',(1.5,-1.5,0.));
#835 = LINE('',#836,#837);
#836 = CARTESIAN_POINT('',(1.5,-1.5,0.));
#837 = VECTOR('',#838,1.);
#838 = DIRECTION('',(0.,0.,1.));
#839 = ORIENTED_EDGE('',*,*,#840,.F.);
#840 = EDGE_CURVE('',#802,#833,#841,.T.);
#841 = LINE('',#842,#843);
#842 = CARTESIAN_POINT('',(1.5,1.5,0.));
#843 = VECTOR('',#844,1.);
#844 = DIRECTION('',(0.,-1.,0.));
#845 = PLANE('',#846);
#846 = AXIS2_PLACEMENT_3D('',#847,#848,#849);
#847 = CARTESIAN_POINT('',(1.5,1.5,0.));
#848 = DIRECTION('',(1.,0.,-0.));
#849 = DIRECTION('',(0.,-1.,0.));
#850 = ADVANCED_FACE('',(#851),#876,.T.);
#851 = FACE_BOUND('',#852,.T.);
#852 = EDGE_LOOP('',(#853,#854,#862,#870));
#853 = ORIENTED_EDGE('',*,*,#832,.T.);
#854 = ORIENTED_EDGE('',*,*,#855,.T.);
#855 = EDGE_CURVE('',#825,#856,#858,.T.);
#856 = VERTEX_POINT('',#857);
#857 = CARTESIAN_POINT('',(-1.5,-1.5,2.31));
#858 = LINE('',#859,#860);
#859 = CARTESIAN_POINT('',(1.5,-1.5,2.31));
#860 = VECTOR('',#861,1.);
#861 = DIRECTION('',(-1.,0.,0.));
#862 = ORIENTED_EDGE('',*,*,#863,.F.);
#863 = EDGE_CURVE('',#864,#856,#866,.T.);
#864 = VERTEX_POINT('',#865);
#865 = CARTESIAN_POINT('',(-1.5,-1.5,0.));
#866 = LINE('',#867,#868);
#867 = CARTESIAN_POINT('',(-1.5,-1.5,0.));
#868 = VECTOR('',#869,1.);
#869 = DIRECTION('',(0.,0.,1.));
#870 = ORIENTED_EDGE('',*,*,#871,.F.);
#871 = EDGE_CURVE('',#833,#864,#872,.T.);
#872 = LINE('',#873,#874);
#873 = CARTESIAN_POINT('',(1.5,-1.5,0.));
#874 = VECTOR('',#875,1.);
#875 = DIRECTION('',(-1.,0.,0.));
#876 = PLANE('',#877);
#877 = AXIS2_PLACEMENT_3D('',#878,#879,#880);
#878 = CARTESIAN_POINT('',(1.5,-1.5,0.));
#879 = DIRECTION('',(0.,-1.,0.));
#880 = DIRECTION('',(-1.,0.,0.));
#881 = ADVANCED_FACE('',(#882),#898,.T.);
#882 = FACE_BOUND('',#883,.T.);
#883 = EDGE_LOOP('',(#884,#885,#891,#892));
#884 = ORIENTED_EDGE('',*,*,#863,.T.);
#885 = ORIENTED_EDGE('',*,*,#886,.T.);
#886 = EDGE_CURVE('',#856,#786,#887,.T.);
#887 = LINE('',#888,#889);
#888 = CARTESIAN_POINT('',(-1.5,-1.5,2.31));
#889 = VECTOR('',#890,1.);
#890 = DIRECTION('',(0.,1.,0.));
#891 = ORIENTED_EDGE('',*,*,#783,.F.);
#892 = ORIENTED_EDGE('',*,*,#893,.F.);
#893 = EDGE_CURVE('',#864,#784,#894,.T.);
#894 = LINE('',#895,#896);
#895 = CARTESIAN_POINT('',(-1.5,-1.5,0.));
#896 = VECTOR('',#897,1.);
#897 = DIRECTION('',(0.,1.,0.));
#898 = PLANE('',#899);
#899 = AXIS2_PLACEMENT_3D('',#900,#901,#902);
#900 = CARTESIAN_POINT('',(-1.5,-1.5,0.));
#901 = DIRECTION('',(-1.,0.,0.));
#902 = DIRECTION('',(0.,1.,0.));
#903 = ADVANCED_FACE('',(#904),#910,.T.);
#904 = FACE_BOUND('',#905,.T.);
#905 = EDGE_LOOP('',(#906,#907,#908,#909));
#906 = ORIENTED_EDGE('',*,*,#809,.T.);
#907 = ORIENTED_EDGE('',*,*,#840,.T.);
#908 = ORIENTED_EDGE('',*,*,#871,.T.);
#909 = ORIENTED_EDGE('',*,*,#893,.T.);
#910 = PLANE('',#911);
#911 = AXIS2_PLACEMENT_3D('',#912,#913,#914);
#912 = CARTESIAN_POINT('',(0.,0.,1.387778780781E-17));
#913 = DIRECTION('',(-0.,-0.,-1.));
#914 = DIRECTION('',(-1.,0.,0.));
#915 = ADVANCED_FACE('',(#916),#922,.F.);
#916 = FACE_BOUND('',#917,.F.);
#917 = EDGE_LOOP('',(#918,#919,#920,#921));
#918 = ORIENTED_EDGE('',*,*,#793,.T.);
#919 = ORIENTED_EDGE('',*,*,#824,.T.);
#920 = ORIENTED_EDGE('',*,*,#855,.T.);
#921 = ORIENTED_EDGE('',*,*,#886,.T.);
#922 = PLANE('',#923);
#923 = AXIS2_PLACEMENT_3D('',#924,#925,#926);
#924 = CARTESIAN_POINT('',(0.,0.,2.31));
#925 = DIRECTION('',(-0.,-0.,-1.));
#926 = DIRECTION('',(-1.,0.,0.));
#927 = ( GEOMETRIC_REPRESENTATION_CONTEXT(3) 
GLOBAL_UNCERTAINTY_ASSIGNED_CONTEXT((#931)) GLOBAL_UNIT_ASSIGNED_CONTEXT
((#928,#929,#930)) REPRESENTATION_CONTEXT('Context #1',
  '3D Context with UNIT and UNCERTAINTY') );
#928 = ( LENGTH_UNIT() NAMED_UNIT(*) SI_UNIT(.MILLI.,.METRE.) );
#929 = ( NAMED_UNIT(*) PLANE_ANGLE_UNIT() SI_UNIT($,.RADIAN.) );
#930 = ( NAMED_UNIT(*) SI_UNIT($,.STERADIAN.) SOLID_ANGLE_UNIT() );
#931 = UNCERTAINTY_MEASURE_WITH_UNIT(LENGTH_MEASURE(1.E-07),#928,
  'distance_accuracy_value','confusion accuracy');
#932 = CONTEXT_DEPENDENT_SHAPE_REPRESENTATION(#933,#935);
#933 = ( REPRESENTATION_RELATIONSHIP('','',#776,#749) 
REPRESENTATION_RELATIONSHIP_WITH_TRANSFORMATION(#934) 
SHAPE_REPRESENTATION_RELATIONSHIP() );
#934 = ITEM_DEFINED_TRANSFORMATION('','',#11,#750);
#935 = PRODUCT_DEFINITION_SHAPE('Placement','Placement of an item',#936
  );
#936 = NEXT_ASSEMBLY_USAGE_OCCURRENCE('4','=>[0:1:1:2]','',#744,#771,$);
#937 = PRODUCT_RELATED_PRODUCT_CATEGORY('part',$,(#773));
#938 = SHAPE_DEFINITION_REPRESENTATION(#939,#945);
#939 = PRODUCT_DEFINITION_SHAPE('','',#940);
#940 = PRODUCT_DEFINITION('design','',#941,#944);
#941 = PRODUCT_DEFINITION_FORMATION('','',#942);
#942 = PRODUCT('Pins','Pins','',(#943));
#943 = PRODUCT_CONTEXT('',#2,'mechanical');
#944 = PRODUCT_DEFINITION_CONTEXT('part definition',#2,'design');
#945 = SHAPE_REPRESENTATION('',(#11,#946,#1096,#1246),#1396);
#946 = MANIFOLD_SOLID_BREP('',#947);
#947 = CLOSED_SHELL('',(#948,#988,#1028,#1050,#1072,#1084));
#948 = ADVANCED_FACE('',(#949),#983,.F.);
#949 = FACE_BOUND('',#950,.F.);
#950 = EDGE_LOOP('',(#951,#961,#969,#977));
#951 = ORIENTED_EDGE('',*,*,#952,.F.);
#952 = EDGE_CURVE('',#953,#955,#957,.T.);
#953 = VERTEX_POINT('',#954);
#954 = CARTESIAN_POINT('',(-1.345,-1.345,0.));
#955 = VERTEX_POINT('',#956);
#956 = CARTESIAN_POINT('',(-1.345,-1.345,0.1));
#957 = LINE('',#958,#959);
#958 = CARTESIAN_POINT('',(-1.345,-1.345,0.));
#959 = VECTOR('',#960,1.);
#960 = DIRECTION('',(0.,0.,1.));
#961 = ORIENTED_EDGE('',*,*,#962,.T.);
#962 = EDGE_CURVE('',#953,#963,#965,.T.);
#963 = VERTEX_POINT('',#964);
#964 = CARTESIAN_POINT('',(-1.345,-0.905,0.));
#965 = LINE('',#966,#967);
#966 = CARTESIAN_POINT('',(-1.345,-1.345,0.));
#967 = VECTOR('',#968,1.);
#968 = DIRECTION('',(0.,1.,0.));
#969 = ORIENTED_EDGE('',*,*,#970,.T.);
#970 = EDGE_CURVE('',#963,#971,#973,.T.);
#971 = VERTEX_POINT('',#972);
#972 = CARTESIAN_POINT('',(-1.345,-0.905,0.1));
#973 = LINE('',#974,#975);
#974 = CARTESIAN_POINT('',(-1.345,-0.905,0.));
#975 = VECTOR('',#976,1.);
#976 = DIRECTION('',(0.,0.,1.));
#977 = ORIENTED_EDGE('',*,*,#978,.F.);
#978 = EDGE_CURVE('',#955,#971,#979,.T.);
#979 = LINE('',#980,#981);
#980 = CARTESIAN_POINT('',(-1.345,-1.345,0.1));
#981 = VECTOR('',#982,1.);
#982 = DIRECTION('',(0.,1.,0.));
#983 = PLANE('',#984);
#984 = AXIS2_PLACEMENT_3D('',#985,#986,#987);
#985 = CARTESIAN_POINT('',(-1.345,-1.345,0.));
#986 = DIRECTION('',(1.,0.,0.));
#987 = DIRECTION('',(0.,0.,1.));
#988 = ADVANCED_FACE('',(#989),#1023,.T.);
#989 = FACE_BOUND('',#990,.T.);
#990 = EDGE_LOOP('',(#991,#1001,#1009,#1017));
#991 = ORIENTED_EDGE('',*,*,#992,.F.);
#992 = EDGE_CURVE('',#993,#995,#997,.T.);
#993 = VERTEX_POINT('',#994);
#994 = CARTESIAN_POINT('',(1.345,-1.345,0.));
#995 = VERTEX_POINT('',#996);
#996 = CARTESIAN_POINT('',(1.345,-1.345,0.1));
#997 = LINE('',#998,#999);
#998 = CARTESIAN_POINT('',(1.345,-1.345,0.));
#999 = VECTOR('',#1000,1.);
#1000 = DIRECTION('',(0.,0.,1.));
#1001 = ORIENTED_EDGE('',*,*,#1002,.T.);
#1002 = EDGE_CURVE('',#993,#1003,#1005,.T.);
#1003 = VERTEX_POINT('',#1004);
#1004 = CARTESIAN_POINT('',(1.345,-0.905,0.));
#1005 = LINE('',#1006,#1007);
#1006 = CARTESIAN_POINT('',(1.345,-1.345,0.));
#1007 = VECTOR('',#1008,1.);
#1008 = DIRECTION('',(0.,1.,0.));
#1009 = ORIENTED_EDGE('',*,*,#1010,.T.);
#1010 = EDGE_CURVE('',#1003,#1011,#1013,.T.);
#1011 = VERTEX_POINT('',#1012);
#1012 = CARTESIAN_POINT('',(1.345,-0.905,0.1));
#1013 = LINE('',#1014,#1015);
#1014 = CARTESIAN_POINT('',(1.345,-0.905,0.));
#1015 = VECTOR('',#1016,1.);
#1016 = DIRECTION('',(0.,0.,1.));
#1017 = ORIENTED_EDGE('',*,*,#1018,.F.);
#1018 = EDGE_CURVE('',#995,#1011,#1019,.T.);
#1019 = LINE('',#1020,#1021);
#1020 = CARTESIAN_POINT('',(1.345,-1.345,0.1));
#1021 = VECTOR('',#1022,1.);
#1022 = DIRECTION('',(0.,1.,0.));
#1023 = PLANE('',#1024);
#1024 = AXIS2_PLACEMENT_3D('',#1025,#1026,#1027);
#1025 = CARTESIAN_POINT('',(1.345,-1.345,0.));
#1026 = DIRECTION('',(1.,0.,0.));
#1027 = DIRECTION('',(0.,0.,1.));
#1028 = ADVANCED_FACE('',(#1029),#1045,.F.);
#1029 = FACE_BOUND('',#1030,.F.);
#1030 = EDGE_LOOP('',(#1031,#1037,#1038,#1044));
#1031 = ORIENTED_EDGE('',*,*,#1032,.F.);
#1032 = EDGE_CURVE('',#953,#993,#1033,.T.);
#1033 = LINE('',#1034,#1035);
#1034 = CARTESIAN_POINT('',(-1.345,-1.345,0.));
#1035 = VECTOR('',#1036,1.);
#1036 = DIRECTION('',(1.,0.,0.));
#1037 = ORIENTED_EDGE('',*,*,#952,.T.);
#1038 = ORIENTED_EDGE('',*,*,#1039,.T.);
#1039 = EDGE_CURVE('',#955,#995,#1040,.T.);
#1040 = LINE('',#1041,#1042);
#1041 = CARTESIAN_POINT('',(-1.345,-1.345,0.1));
#1042 = VECTOR('',#1043,1.);
#1043 = DIRECTION('',(1.,0.,0.));
#1044 = ORIENTED_EDGE('',*,*,#992,.F.);
#1045 = PLANE('',#1046);
#1046 = AXIS2_PLACEMENT_3D('',#1047,#1048,#1049);
#1047 = CARTESIAN_POINT('',(-1.345,-1.345,0.));
#1048 = DIRECTION('',(0.,1.,0.));
#1049 = DIRECTION('',(0.,-0.,1.));
#1050 = ADVANCED_FACE('',(#1051),#1067,.T.);
#1051 = FACE_BOUND('',#1052,.T.);
#1052 = EDGE_LOOP('',(#1053,#1059,#1060,#1066));
#1053 = ORIENTED_EDGE('',*,*,#1054,.F.);
#1054 = EDGE_CURVE('',#963,#1003,#1055,.T.);
#1055 = LINE('',#1056,#1057);
#1056 = CARTESIAN_POINT('',(-1.345,-0.905,0.));
#1057 = VECTOR('',#1058,1.);
#1058 = DIRECTION('',(1.,0.,0.));
#1059 = ORIENTED_EDGE('',*,*,#970,.T.);
#1060 = ORIENTED_EDGE('',*,*,#1061,.T.);
#1061 = EDGE_CURVE('',#971,#1011,#1062,.T.);
#1062 = LINE('',#1063,#1064);
#1063 = CARTESIAN_POINT('',(-1.345,-0.905,0.1));
#1064 = VECTOR('',#1065,1.);
#1065 = DIRECTION('',(1.,0.,0.));
#1066 = ORIENTED_EDGE('',*,*,#1010,.F.);
#1067 = PLANE('',#1068);
#1068 = AXIS2_PLACEMENT_3D('',#1069,#1070,#1071);
#1069 = CARTESIAN_POINT('',(-1.345,-0.905,0.));
#1070 = DIRECTION('',(0.,1.,0.));
#1071 = DIRECTION('',(0.,-0.,1.));
#1072 = ADVANCED_FACE('',(#1073),#1079,.F.);
#1073 = FACE_BOUND('',#1074,.F.);
#1074 = EDGE_LOOP('',(#1075,#1076,#1077,#1078));
#1075 = ORIENTED_EDGE('',*,*,#962,.F.);
#1076 = ORIENTED_EDGE('',*,*,#1032,.T.);
#1077 = ORIENTED_EDGE('',*,*,#1002,.T.);
#1078 = ORIENTED_EDGE('',*,*,#1054,.F.);
#1079 = PLANE('',#1080);
#1080 = AXIS2_PLACEMENT_3D('',#1081,#1082,#1083);
#1081 = CARTESIAN_POINT('',(-1.345,-1.345,0.));
#1082 = DIRECTION('',(0.,0.,1.));
#1083 = DIRECTION('',(1.,0.,-0.));
#1084 = ADVANCED_FACE('',(#1085),#1091,.T.);
#1085 = FACE_BOUND('',#1086,.T.);
#1086 = EDGE_LOOP('',(#1087,#1088,#1089,#1090));
#1087 = ORIENTED_EDGE('',*,*,#978,.F.);
#1088 = ORIENTED_EDGE('',*,*,#1039,.T.);
#1089 = ORIENTED_EDGE('',*,*,#1018,.T.);
#1090 = ORIENTED_EDGE('',*,*,#1061,.F.);
#1091 = PLANE('',#1092);
#1092 = AXIS2_PLACEMENT_3D('',#1093,#1094,#1095);
#1093 = CARTESIAN_POINT('',(-1.345,-1.345,0.1));
#1094 = DIRECTION('',(0.,0.,1.));
#1095 = DIRECTION('',(1.,0.,-0.));
#1096 = MANIFOLD_SOLID_BREP('',#1097);
#1097 = CLOSED_SHELL('',(#1098,#1138,#1178,#1200,#1222,#1234));
#1098 = ADVANCED_FACE('',(#1099),#1133,.F.);
#1099 = FACE_BOUND('',#1100,.F.);
#1100 = EDGE_LOOP('',(#1101,#1111,#1119,#1127));
#1101 = ORIENTED_EDGE('',*,*,#1102,.F.);
#1102 = EDGE_CURVE('',#1103,#1105,#1107,.T.);
#1103 = VERTEX_POINT('',#1104);
#1104 = CARTESIAN_POINT('',(-1.345,0.905,0.));
#1105 = VERTEX_POINT('',#1106);
#1106 = CARTESIAN_POINT('',(-1.345,0.905,0.1));
#1107 = LINE('',#1108,#1109);
#1108 = CARTESIAN_POINT('',(-1.345,0.905,0.));
#1109 = VECTOR('',#1110,1.);
#1110 = DIRECTION('',(0.,0.,1.));
#1111 = ORIENTED_EDGE('',*,*,#1112,.T.);
#1112 = EDGE_CURVE('',#1103,#1113,#1115,.T.);
#1113 = VERTEX_POINT('',#1114);
#1114 = CARTESIAN_POINT('',(-1.345,1.345,0.));
#1115 = LINE('',#1116,#1117);
#1116 = CARTESIAN_POINT('',(-1.345,0.905,0.));
#1117 = VECTOR('',#1118,1.);
#1118 = DIRECTION('',(0.,1.,0.));
#1119 = ORIENTED_EDGE('',*,*,#1120,.T.);
#1120 = EDGE_CURVE('',#1113,#1121,#1123,.T.);
#1121 = VERTEX_POINT('',#1122);
#1122 = CARTESIAN_POINT('',(-1.345,1.345,0.1));
#1123 = LINE('',#1124,#1125);
#1124 = CARTESIAN_POINT('',(-1.345,1.345,0.));
#1125 = VECTOR('',#1126,1.);
#1126 = DIRECTION('',(0.,0.,1.));
#1127 = ORIENTED_EDGE('',*,*,#1128,.F.);
#1128 = EDGE_CURVE('',#1105,#1121,#1129,.T.);
#1129 = LINE('',#1130,#1131);
#1130 = CARTESIAN_POINT('',(-1.345,0.905,0.1));
#1131 = VECTOR('',#1132,1.);
#1132 = DIRECTION('',(0.,1.,0.));
#1133 = PLANE('',#1134);
#1134 = AXIS2_PLACEMENT_3D('',#1135,#1136,#1137);
#1135 = CARTESIAN_POINT('',(-1.345,0.905,0.));
#1136 = DIRECTION('',(1.,0.,0.));
#1137 = DIRECTION('',(0.,0.,1.));
#1138 = ADVANCED_FACE('',(#1139),#1173,.T.);
#1139 = FACE_BOUND('',#1140,.T.);
#1140 = EDGE_LOOP('',(#1141,#1151,#1159,#1167));
#1141 = ORIENTED_EDGE('',*,*,#1142,.F.);
#1142 = EDGE_CURVE('',#1143,#1145,#1147,.T.);
#1143 = VERTEX_POINT('',#1144);
#1144 = CARTESIAN_POINT('',(1.345,0.905,0.));
#1145 = VERTEX_POINT('',#1146);
#1146 = CARTESIAN_POINT('',(1.345,0.905,0.1));
#1147 = LINE('',#1148,#1149);
#1148 = CARTESIAN_POINT('',(1.345,0.905,0.));
#1149 = VECTOR('',#1150,1.);
#1150 = DIRECTION('',(0.,0.,1.));
#1151 = ORIENTED_EDGE('',*,*,#1152,.T.);
#1152 = EDGE_CURVE('',#1143,#1153,#1155,.T.);
#1153 = VERTEX_POINT('',#1154);
#1154 = CARTESIAN_POINT('',(1.345,1.345,0.));
#1155 = LINE('',#1156,#1157);
#1156 = CARTESIAN_POINT('',(1.345,0.905,0.));
#1157 = VECTOR('',#1158,1.);
#1158 = DIRECTION('',(0.,1.,0.));
#1159 = ORIENTED_EDGE('',*,*,#1160,.T.);
#1160 = EDGE_CURVE('',#1153,#1161,#1163,.T.);
#1161 = VERTEX_POINT('',#1162);
#1162 = CARTESIAN_POINT('',(1.345,1.345,0.1));
#1163 = LINE('',#1164,#1165);
#1164 = CARTESIAN_POINT('',(1.345,1.345,0.));
#1165 = VECTOR('',#1166,1.);
#1166 = DIRECTION('',(0.,0.,1.));
#1167 = ORIENTED_EDGE('',*,*,#1168,.F.);
#1168 = EDGE_CURVE('',#1145,#1161,#1169,.T.);
#1169 = LINE('',#1170,#1171);
#1170 = CARTESIAN_POINT('',(1.345,0.905,0.1));
#1171 = VECTOR('',#1172,1.);
#1172 = DIRECTION('',(0.,1.,0.));
#1173 = PLANE('',#1174);
#1174 = AXIS2_PLACEMENT_3D('',#1175,#1176,#1177);
#1175 = CARTESIAN_POINT('',(1.345,0.905,0.));
#1176 = DIRECTION('',(1.,0.,0.));
#1177 = DIRECTION('',(0.,0.,1.));
#1178 = ADVANCED_FACE('',(#1179),#1195,.F.);
#1179 = FACE_BOUND('',#1180,.F.);
#1180 = EDGE_LOOP('',(#1181,#1187,#1188,#1194));
#1181 = ORIENTED_EDGE('',*,*,#1182,.F.);
#1182 = EDGE_CURVE('',#1103,#1143,#1183,.T.);
#1183 = LINE('',#1184,#1185);
#1184 = CARTESIAN_POINT('',(-1.345,0.905,0.));
#1185 = VECTOR('',#1186,1.);
#1186 = DIRECTION('',(1.,0.,0.));
#1187 = ORIENTED_EDGE('',*,*,#1102,.T.);
#1188 = ORIENTED_EDGE('',*,*,#1189,.T.);
#1189 = EDGE_CURVE('',#1105,#1145,#1190,.T.);
#1190 = LINE('',#1191,#1192);
#1191 = CARTESIAN_POINT('',(-1.345,0.905,0.1));
#1192 = VECTOR('',#1193,1.);
#1193 = DIRECTION('',(1.,0.,0.));
#1194 = ORIENTED_EDGE('',*,*,#1142,.F.);
#1195 = PLANE('',#1196);
#1196 = AXIS2_PLACEMENT_3D('',#1197,#1198,#1199);
#1197 = CARTESIAN_POINT('',(-1.345,0.905,0.));
#1198 = DIRECTION('',(0.,1.,0.));
#1199 = DIRECTION('',(0.,-0.,1.));
#1200 = ADVANCED_FACE('',(#1201),#1217,.T.);
#1201 = FACE_BOUND('',#1202,.T.);
#1202 = EDGE_LOOP('',(#1203,#1209,#1210,#1216));
#1203 = ORIENTED_EDGE('',*,*,#1204,.F.);
#1204 = EDGE_CURVE('',#1113,#1153,#1205,.T.);
#1205 = LINE('',#1206,#1207);
#1206 = CARTESIAN_POINT('',(-1.345,1.345,0.));
#1207 = VECTOR('',#1208,1.);
#1208 = DIRECTION('',(1.,0.,0.));
#1209 = ORIENTED_EDGE('',*,*,#1120,.T.);
#1210 = ORIENTED_EDGE('',*,*,#1211,.T.);
#1211 = EDGE_CURVE('',#1121,#1161,#1212,.T.);
#1212 = LINE('',#1213,#1214);
#1213 = CARTESIAN_POINT('',(-1.345,1.345,0.1));
#1214 = VECTOR('',#1215,1.);
#1215 = DIRECTION('',(1.,0.,0.));
#1216 = ORIENTED_EDGE('',*,*,#1160,.F.);
#1217 = PLANE('',#1218);
#1218 = AXIS2_PLACEMENT_3D('',#1219,#1220,#1221);
#1219 = CARTESIAN_POINT('',(-1.345,1.345,0.));
#1220 = DIRECTION('',(0.,1.,0.));
#1221 = DIRECTION('',(0.,-0.,1.));
#1222 = ADVANCED_FACE('',(#1223),#1229,.F.);
#1223 = FACE_BOUND('',#1224,.F.);
#1224 = EDGE_LOOP('',(#1225,#1226,#1227,#1228));
#1225 = ORIENTED_EDGE('',*,*,#1112,.F.);
#1226 = ORIENTED_EDGE('',*,*,#1182,.T.);
#1227 = ORIENTED_EDGE('',*,*,#1152,.T.);
#1228 = ORIENTED_EDGE('',*,*,#1204,.F.);
#1229 = PLANE('',#1230);
#1230 = AXIS2_PLACEMENT_3D('',#1231,#1232,#1233);
#1231 = CARTESIAN_POINT('',(-1.345,0.905,0.));
#1232 = DIRECTION('',(0.,0.,1.));
#1233 = DIRECTION('',(1.,0.,-0.));
#1234 = ADVANCED_FACE('',(#1235),#1241,.T.);
#1235 = FACE_BOUND('',#1236,.T.);
#1236 = EDGE_LOOP('',(#1237,#1238,#1239,#1240));
#1237 = ORIENTED_EDGE('',*,*,#1128,.F.);
#1238 = ORIENTED_EDGE('',*,*,#1189,.T.);
#1239 = ORIENTED_EDGE('',*,*,#1168,.T.);
#1240 = ORIENTED_EDGE('',*,*,#1211,.F.);
#1241 = PLANE('',#1242);
#1242 = AXIS2_PLACEMENT_3D('',#1243,#1244,#1245);
#1243 = CARTESIAN_POINT('',(-1.345,0.905,0.1));
#1244 = DIRECTION('',(0.,0.,1.));
#1245 = DIRECTION('',(1.,0.,-0.));
#1246 = MANIFOLD_SOLID_BREP('',#1247);
#1247 = CLOSED_SHELL('',(#1248,#1288,#1328,#1350,#1372,#1384));
#1248 = ADVANCED_FACE('',(#1249),#1283,.F.);
#1249 = FACE_BOUND('',#1250,.F.);
#1250 = EDGE_LOOP('',(#1251,#1261,#1269,#1277));
#1251 = ORIENTED_EDGE('',*,*,#1252,.F.);
#1252 = EDGE_CURVE('',#1253,#1255,#1257,.T.);
#1253 = VERTEX_POINT('',#1254);
#1254 = CARTESIAN_POINT('',(-1.3,-0.4,0.));
#1255 = VERTEX_POINT('',#1256);
#1256 = CARTESIAN_POINT('',(-1.3,-0.4,0.1));
#1257 = LINE('',#1258,#1259);
#1258 = CARTESIAN_POINT('',(-1.3,-0.4,0.));
#1259 = VECTOR('',#1260,1.);
#1260 = DIRECTION('',(0.,0.,1.));
#1261 = ORIENTED_EDGE('',*,*,#1262,.T.);
#1262 = EDGE_CURVE('',#1253,#1263,#1265,.T.);
#1263 = VERTEX_POINT('',#1264);
#1264 = CARTESIAN_POINT('',(-1.3,0.4,0.));
#1265 = LINE('',#1266,#1267);
#1266 = CARTESIAN_POINT('',(-1.3,-0.4,0.));
#1267 = VECTOR('',#1268,1.);
#1268 = DIRECTION('',(0.,1.,0.));
#1269 = ORIENTED_EDGE('',*,*,#1270,.T.);
#1270 = EDGE_CURVE('',#1263,#1271,#1273,.T.);
#1271 = VERTEX_POINT('',#1272);
#1272 = CARTESIAN_POINT('',(-1.3,0.4,0.1));
#1273 = LINE('',#1274,#1275);
#1274 = CARTESIAN_POINT('',(-1.3,0.4,0.));
#1275 = VECTOR('',#1276,1.);
#1276 = DIRECTION('',(0.,0.,1.));
#1277 = ORIENTED_EDGE('',*,*,#1278,.F.);
#1278 = EDGE_CURVE('',#1255,#1271,#1279,.T.);
#1279 = LINE('',#1280,#1281);
#1280 = CARTESIAN_POINT('',(-1.3,-0.4,0.1));
#1281 = VECTOR('',#1282,1.);
#1282 = DIRECTION('',(0.,1.,0.));
#1283 = PLANE('',#1284);
#1284 = AXIS2_PLACEMENT_3D('',#1285,#1286,#1287);
#1285 = CARTESIAN_POINT('',(-1.3,-0.4,0.));
#1286 = DIRECTION('',(1.,0.,0.));
#1287 = DIRECTION('',(0.,0.,1.));
#1288 = ADVANCED_FACE('',(#1289),#1323,.T.);
#1289 = FACE_BOUND('',#1290,.T.);
#1290 = EDGE_LOOP('',(#1291,#1301,#1309,#1317));
#1291 = ORIENTED_EDGE('',*,*,#1292,.F.);
#1292 = EDGE_CURVE('',#1293,#1295,#1297,.T.);
#1293 = VERTEX_POINT('',#1294);
#1294 = CARTESIAN_POINT('',(1.3,-0.4,0.));
#1295 = VERTEX_POINT('',#1296);
#1296 = CARTESIAN_POINT('',(1.3,-0.4,0.1));
#1297 = LINE('',#1298,#1299);
#1298 = CARTESIAN_POINT('',(1.3,-0.4,0.));
#1299 = VECTOR('',#1300,1.);
#1300 = DIRECTION('',(0.,0.,1.));
#1301 = ORIENTED_EDGE('',*,*,#1302,.T.);
#1302 = EDGE_CURVE('',#1293,#1303,#1305,.T.);
#1303 = VERTEX_POINT('',#1304);
#1304 = CARTESIAN_POINT('',(1.3,0.4,0.));
#1305 = LINE('',#1306,#1307);
#1306 = CARTESIAN_POINT('',(1.3,-0.4,0.));
#1307 = VECTOR('',#1308,1.);
#1308 = DIRECTION('',(0.,1.,0.));
#1309 = ORIENTED_EDGE('',*,*,#1310,.T.);
#1310 = EDGE_CURVE('',#1303,#1311,#1313,.T.);
#1311 = VERTEX_POINT('',#1312);
#1312 = CARTESIAN_POINT('',(1.3,0.4,0.1));
#1313 = LINE('',#1314,#1315);
#1314 = CARTESIAN_POINT('',(1.3,0.4,0.));
#1315 = VECTOR('',#1316,1.);
#1316 = DIRECTION('',(0.,0.,1.));
#1317 = ORIENTED_EDGE('',*,*,#1318,.F.);
#1318 = EDGE_CURVE('',#1295,#1311,#1319,.T.);
#1319 = LINE('',#1320,#1321);
#1320 = CARTESIAN_POINT('',(1.3,-0.4,0.1));
#1321 = VECTOR('',#1322,1.);
#1322 = DIRECTION('',(0.,1.,0.));
#1323 = PLANE('',#1324);
#1324 = AXIS2_PLACEMENT_3D('',#1325,#1326,#1327);
#1325 = CARTESIAN_POINT('',(1.3,-0.4,0.));
#1326 = DIRECTION('',(1.,0.,0.));
#1327 = DIRECTION('',(0.,0.,1.));
#1328 = ADVANCED_FACE('',(#1329),#1345,.F.);
#1329 = FACE_BOUND('',#1330,.F.);
#1330 = EDGE_LOOP('',(#1331,#1337,#1338,#1344));
#1331 = ORIENTED_EDGE('',*,*,#1332,.F.);
#1332 = EDGE_CURVE('',#1253,#1293,#1333,.T.);
#1333 = LINE('',#1334,#1335);
#1334 = CARTESIAN_POINT('',(-1.3,-0.4,0.));
#1335 = VECTOR('',#1336,1.);
#1336 = DIRECTION('',(1.,0.,0.));
#1337 = ORIENTED_EDGE('',*,*,#1252,.T.);
#1338 = ORIENTED_EDGE('',*,*,#1339,.T.);
#1339 = EDGE_CURVE('',#1255,#1295,#1340,.T.);
#1340 = LINE('',#1341,#1342);
#1341 = CARTESIAN_POINT('',(-1.3,-0.4,0.1));
#1342 = VECTOR('',#1343,1.);
#1343 = DIRECTION('',(1.,0.,0.));
#1344 = ORIENTED_EDGE('',*,*,#1292,.F.);
#1345 = PLANE('',#1346);
#1346 = AXIS2_PLACEMENT_3D('',#1347,#1348,#1349);
#1347 = CARTESIAN_POINT('',(-1.3,-0.4,0.));
#1348 = DIRECTION('',(0.,1.,0.));
#1349 = DIRECTION('',(0.,-0.,1.));
#1350 = ADVANCED_FACE('',(#1351),#1367,.T.);
#1351 = FACE_BOUND('',#1352,.T.);
#1352 = EDGE_LOOP('',(#1353,#1359,#1360,#1366));
#1353 = ORIENTED_EDGE('',*,*,#1354,.F.);
#1354 = EDGE_CURVE('',#1263,#1303,#1355,.T.);
#1355 = LINE('',#1356,#1357);
#1356 = CARTESIAN_POINT('',(-1.3,0.4,0.));
#1357 = VECTOR('',#1358,1.);
#1358 = DIRECTION('',(1.,0.,0.));
#1359 = ORIENTED_EDGE('',*,*,#1270,.T.);
#1360 = ORIENTED_EDGE('',*,*,#1361,.T.);
#1361 = EDGE_CURVE('',#1271,#1311,#1362,.T.);
#1362 = LINE('',#1363,#1364);
#1363 = CARTESIAN_POINT('',(-1.3,0.4,0.1));
#1364 = VECTOR('',#1365,1.);
#1365 = DIRECTION('',(1.,0.,0.));
#1366 = ORIENTED_EDGE('',*,*,#1310,.F.);
#1367 = PLANE('',#1368);
#1368 = AXIS2_PLACEMENT_3D('',#1369,#1370,#1371);
#1369 = CARTESIAN_POINT('',(-1.3,0.4,0.));
#1370 = DIRECTION('',(0.,1.,0.));
#1371 = DIRECTION('',(0.,-0.,1.));
#1372 = ADVANCED_FACE('',(#1373),#1379,.F.);
#1373 = FACE_BOUND('',#1374,.F.);
#1374 = EDGE_LOOP('',(#1375,#1376,#1377,#1378));
#1375 = ORIENTED_EDGE('',*,*,#1262,.F.);
#1376 = ORIENTED_EDGE('',*,*,#1332,.T.);
#1377 = ORIENTED_EDGE('',*,*,#1302,.T.);
#1378 = ORIENTED_EDGE('',*,*,#1354,.F.);
#1379 = PLANE('',#1380);
#1380 = AXIS2_PLACEMENT_3D('',#1381,#1382,#1383);
#1381 = CARTESIAN_POINT('',(-1.3,-0.4,0.));
#1382 = DIRECTION('',(0.,0.,1.));
#1383 = DIRECTION('',(1.,0.,-0.));
#1384 = ADVANCED_FACE('',(#1385),#1391,.T.);
#1385 = FACE_BOUND('',#1386,.T.);
#1386 = EDGE_LOOP('',(#1387,#1388,#1389,#1390));
#1387 = ORIENTED_EDGE('',*,*,#1278,.F.);
#1388 = ORIENTED_EDGE('',*,*,#1339,.T.);
#1389 = ORIENTED_EDGE('',*,*,#1318,.T.);
#1390 = ORIENTED_EDGE('',*,*,#1361,.F.);
#1391 = PLANE('',#1392);
#1392 = AXIS2_PLACEMENT_3D('',#1393,#1394,#1395);
#1393 = CARTESIAN_POINT('',(-1.3,-0.4,0.1));
#1394 = DIRECTION('',(0.,0.,1.));
#1395 = DIRECTION('',(1.,0.,-0.));
#1396 = ( GEOMETRIC_REPRESENTATION_CONTEXT(3) 
GLOBAL_UNCERTAINTY_ASSIGNED_CONTEXT((#1400)) 
GLOBAL_UNIT_ASSIGNED_CONTEXT((#1397,#1398,#1399)) REPRESENTATION_CONTEXT
('Context #1','3D Context with UNIT and UNCERTAINTY') );
#1397 = ( LENGTH_UNIT() NAMED_UNIT(*) SI_UNIT(.MILLI.,.METRE.) );
#1398 = ( NAMED_UNIT(*) PLANE_ANGLE_UNIT() SI_UNIT($,.RADIAN.) );
#1399 = ( NAMED_UNIT(*) SI_UNIT($,.STERADIAN.) SOLID_ANGLE_UNIT() );
#1400 = UNCERTAINTY_MEASURE_WITH_UNIT(LENGTH_MEASURE(1.E-07),#1397,
  'distance_accuracy_value','confusion accuracy');
#1401 = CONTEXT_DEPENDENT_SHAPE_REPRESENTATION(#1402,#1404);
#1402 = ( REPRESENTATION_RELATIONSHIP('','',#945,#749) 
REPRESENTATION_RELATIONSHIP_WITH_TRANSFORMATION(#1403) 
SHAPE_REPRESENTATION_RELATIONSHIP() );
#1403 = ITEM_DEFINED_TRANSFORMATION('','',#11,#754);
#1404 = PRODUCT_DEFINITION_SHAPE('Placement','Placement of an item',
  #1405);
#1405 = NEXT_ASSEMBLY_USAGE_OCCURRENCE('5','=>[0:1:1:3]','',#744,#940,$
  );
#1406 = PRODUCT_RELATED_PRODUCT_CATEGORY('part',$,(#942));
#1407 = CONTEXT_DEPENDENT_SHAPE_REPRESENTATION(#1408,#1410);
#1408 = ( REPRESENTATION_RELATIONSHIP('','',#84,#10) 
REPRESENTATION_RELATIONSHIP_WITH_TRANSFORMATION(#1409) 
SHAPE_REPRESENTATION_RELATIONSHIP() );
#1409 = ITEM_DEFINED_TRANSFORMATION('','',#11,#23);
#1410 = PRODUCT_DEFINITION_SHAPE('Placement','Placement of an item',
  #1411);
#1411 = NEXT_ASSEMBLY_USAGE_OCCURRENCE('7','LED2','',#5,#79,$);
#1412 = CONTEXT_DEPENDENT_SHAPE_REPRESENTATION(#1413,#1415);
#1413 = ( REPRESENTATION_RELATIONSHIP('','',#749,#10) 
REPRESENTATION_RELATIONSHIP_WITH_TRANSFORMATION(#1414) 
SHAPE_REPRESENTATION_RELATIONSHIP() );
#1414 = ITEM_DEFINED_TRANSFORMATION('','',#11,#27);
#1415 = PRODUCT_DEFINITION_SHAPE('Placement','Placement of an item',
  #1416);
#1416 = NEXT_ASSEMBLY_USAGE_OCCURRENCE('8','LED3','',#5,#744,$);
#1417 = CONTEXT_DEPENDENT_SHAPE_REPRESENTATION(#1418,#1420);
#1418 = ( REPRESENTATION_RELATIONSHIP('','',#749,#10) 
REPRESENTATION_RELATIONSHIP_WITH_TRANSFORMATION(#1419) 
SHAPE_REPRESENTATION_RELATIONSHIP() );
#1419 = ITEM_DEFINED_TRANSFORMATION('','',#11,#31);
#1420 = PRODUCT_DEFINITION_SHAPE('Placement','Placement of an item',
  #1421);
#1421 = NEXT_ASSEMBLY_USAGE_OCCURRENCE('9','LED1','',#5,#744,$);
#1422 = CONTEXT_DEPENDENT_SHAPE_REPRESENTATION(#1423,#1425);
#1423 = ( REPRESENTATION_RELATIONSHIP('','',#84,#10) 
REPRESENTATION_RELATIONSHIP_WITH_TRANSFORMATION(#1424) 
SHAPE_REPRESENTATION_RELATIONSHIP() );
#1424 = ITEM_DEFINED_TRANSFORMATION('','',#11,#35);
#1425 = PRODUCT_DEFINITION_SHAPE('Placement','Placement of an item',
  #1426);
#1426 = NEXT_ASSEMBLY_USAGE_OCCURRENCE('10','LED6','',#5,#79,$);
#1427 = SHAPE_DEFINITION_REPRESENTATION(#1428,#1434);
#1428 = PRODUCT_DEFINITION_SHAPE('','',#1429);
#1429 = PRODUCT_DEFINITION('design','',#1430,#1433);
#1430 = PRODUCT_DEFINITION_FORMATION('','',#1431);
#1431 = PRODUCT('C_0603_1608Metric','C_0603_1608Metric','',(#1432));
#1432 = PRODUCT_CONTEXT('',#2,'mechanical');
#1433 = PRODUCT_DEFINITION_CONTEXT('part definition',#2,'design');
#1434 = ADVANCED_BREP_SHAPE_REPRESENTATION('',(#11,#1435),#2289);
#1435 = MANIFOLD_SOLID_BREP('',#1436);
#1436 = CLOSED_SHELL('',(#1437,#1513,#1544,#1569,#1594,#1618,#1642,#1667
    ,#1692,#1709,#1795,#1827,#1851,#1876,#1900,#1925,#1949,#1974,#1991,
    #2077,#2108,#2133,#2158,#2182,#2206,#2231,#2256,#2273));
#1437 = ADVANCED_FACE('',(#1438),#1508,.F.);
#1438 = FACE_BOUND('',#1439,.F.);
#1439 = EDGE_LOOP('',(#1440,#1450,#1459,#1467,#1476,#1484,#1493,#1501));
#1440 = ORIENTED_EDGE('',*,*,#1441,.F.);
#1441 = EDGE_CURVE('',#1442,#1444,#1446,.T.);
#1442 = VERTEX_POINT('',#1443);
#1443 = CARTESIAN_POINT('',(-0.8,-0.4,3.E-02));
#1444 = VERTEX_POINT('',#1445);
#1445 = CARTESIAN_POINT('',(-0.8,-0.4,0.77));
#1446 = LINE('',#1447,#1448);
#1447 = CARTESIAN_POINT('',(-0.8,-0.4,0.));
#1448 = VECTOR('',#1449,1.);
#1449 = DIRECTION('',(0.,0.,1.));
#1450 = ORIENTED_EDGE('',*,*,#1451,.T.);
#1451 = EDGE_CURVE('',#1442,#1452,#1454,.T.);
#1452 = VERTEX_POINT('',#1453);
#1453 = CARTESIAN_POINT('',(-0.8,-0.37,0.));
#1454 = CIRCLE('',#1455,3.E-02);
#1455 = AXIS2_PLACEMENT_3D('',#1456,#1457,#1458);
#1456 = CARTESIAN_POINT('',(-0.8,-0.37,3.E-02));
#1457 = DIRECTION('',(1.,0.,-0.));
#1458 = DIRECTION('',(0.,0.,1.));
#1459 = ORIENTED_EDGE('',*,*,#1460,.T.);
#1460 = EDGE_CURVE('',#1452,#1461,#1463,.T.);
#1461 = VERTEX_POINT('',#1462);
#1462 = CARTESIAN_POINT('',(-0.8,0.37,0.));
#1463 = LINE('',#1464,#1465);
#1464 = CARTESIAN_POINT('',(-0.8,-0.4,0.));
#1465 = VECTOR('',#1466,1.);
#1466 = DIRECTION('',(0.,1.,0.));
#1467 = ORIENTED_EDGE('',*,*,#1468,.F.);
#1468 = EDGE_CURVE('',#1469,#1461,#1471,.T.);
#1469 = VERTEX_POINT('',#1470);
#1470 = CARTESIAN_POINT('',(-0.8,0.4,3.E-02));
#1471 = CIRCLE('',#1472,3.E-02);
#1472 = AXIS2_PLACEMENT_3D('',#1473,#1474,#1475);
#1473 = CARTESIAN_POINT('',(-0.8,0.37,3.E-02));
#1474 = DIRECTION('',(-1.,0.,0.));
#1475 = DIRECTION('',(0.,0.,1.));
#1476 = ORIENTED_EDGE('',*,*,#1477,.T.);
#1477 = EDGE_CURVE('',#1469,#1478,#1480,.T.);
#1478 = VERTEX_POINT('',#1479);
#1479 = CARTESIAN_POINT('',(-0.8,0.4,0.77));
#1480 = LINE('',#1481,#1482);
#1481 = CARTESIAN_POINT('',(-0.8,0.4,0.));
#1482 = VECTOR('',#1483,1.);
#1483 = DIRECTION('',(0.,0.,1.));
#1484 = ORIENTED_EDGE('',*,*,#1485,.T.);
#1485 = EDGE_CURVE('',#1478,#1486,#1488,.T.);
#1486 = VERTEX_POINT('',#1487);
#1487 = CARTESIAN_POINT('',(-0.8,0.37,0.8));
#1488 = CIRCLE('',#1489,3.E-02);
#1489 = AXIS2_PLACEMENT_3D('',#1490,#1491,#1492);
#1490 = CARTESIAN_POINT('',(-0.8,0.37,0.77));
#1491 = DIRECTION('',(1.,0.,-0.));
#1492 = DIRECTION('',(0.,0.,1.));
#1493 = ORIENTED_EDGE('',*,*,#1494,.F.);
#1494 = EDGE_CURVE('',#1495,#1486,#1497,.T.);
#1495 = VERTEX_POINT('',#1496);
#1496 = CARTESIAN_POINT('',(-0.8,-0.37,0.8));
#1497 = LINE('',#1498,#1499);
#1498 = CARTESIAN_POINT('',(-0.8,-0.4,0.8));
#1499 = VECTOR('',#1500,1.);
#1500 = DIRECTION('',(0.,1.,0.));
#1501 = ORIENTED_EDGE('',*,*,#1502,.F.);
#1502 = EDGE_CURVE('',#1444,#1495,#1503,.T.);
#1503 = CIRCLE('',#1504,3.E-02);
#1504 = AXIS2_PLACEMENT_3D('',#1505,#1506,#1507);
#1505 = CARTESIAN_POINT('',(-0.8,-0.37,0.77));
#1506 = DIRECTION('',(-1.,0.,0.));
#1507 = DIRECTION('',(0.,0.,1.));
#1508 = PLANE('',#1509);
#1509 = AXIS2_PLACEMENT_3D('',#1510,#1511,#1512);
#1510 = CARTESIAN_POINT('',(-0.8,-0.4,0.));
#1511 = DIRECTION('',(1.,0.,0.));
#1512 = DIRECTION('',(0.,0.,1.));
#1513 = ADVANCED_FACE('',(#1514),#1539,.F.);
#1514 = FACE_BOUND('',#1515,.F.);
#1515 = EDGE_LOOP('',(#1516,#1526,#1532,#1533));
#1516 = ORIENTED_EDGE('',*,*,#1517,.F.);
#1517 = EDGE_CURVE('',#1518,#1520,#1522,.T.);
#1518 = VERTEX_POINT('',#1519);
#1519 = CARTESIAN_POINT('',(-0.5,-0.4,3.E-02));
#1520 = VERTEX_POINT('',#1521);
#1521 = CARTESIAN_POINT('',(-0.5,-0.4,0.77));
#1522 = LINE('',#1523,#1524);
#1523 = CARTESIAN_POINT('',(-0.5,-0.4,0.));
#1524 = VECTOR('',#1525,1.);
#1525 = DIRECTION('',(0.,0.,1.));
#1526 = ORIENTED_EDGE('',*,*,#1527,.F.);
#1527 = EDGE_CURVE('',#1442,#1518,#1528,.T.);
#1528 = LINE('',#1529,#1530);
#1529 = CARTESIAN_POINT('',(-0.8,-0.4,3.E-02));
#1530 = VECTOR('',#1531,1.);
#1531 = DIRECTION('',(1.,0.,0.));
#1532 = ORIENTED_EDGE('',*,*,#1441,.T.);
#1533 = ORIENTED_EDGE('',*,*,#1534,.T.);
#1534 = EDGE_CURVE('',#1444,#1520,#1535,.T.);
#1535 = LINE('',#1536,#1537);
#1536 = CARTESIAN_POINT('',(-0.8,-0.4,0.77));
#1537 = VECTOR('',#1538,1.);
#1538 = DIRECTION('',(1.,0.,0.));
#1539 = PLANE('',#1540);
#1540 = AXIS2_PLACEMENT_3D('',#1541,#1542,#1543);
#1541 = CARTESIAN_POINT('',(-0.8,-0.4,0.));
#1542 = DIRECTION('',(0.,1.,0.));
#1543 = DIRECTION('',(0.,-0.,1.));
#1544 = ADVANCED_FACE('',(#1545),#1564,.T.);
#1545 = FACE_BOUND('',#1546,.T.);
#1546 = EDGE_LOOP('',(#1547,#1548,#1556,#1563));
#1547 = ORIENTED_EDGE('',*,*,#1451,.T.);
#1548 = ORIENTED_EDGE('',*,*,#1549,.T.);
#1549 = EDGE_CURVE('',#1452,#1550,#1552,.T.);
#1550 = VERTEX_POINT('',#1551);
#1551 = CARTESIAN_POINT('',(-0.5,-0.37,0.));
#1552 = LINE('',#1553,#1554);
#1553 = CARTESIAN_POINT('',(-0.8,-0.37,0.));
#1554 = VECTOR('',#1555,1.);
#1555 = DIRECTION('',(1.,0.,0.));
#1556 = ORIENTED_EDGE('',*,*,#1557,.F.);
#1557 = EDGE_CURVE('',#1518,#1550,#1558,.T.);
#1558 = CIRCLE('',#1559,3.E-02);
#1559 = AXIS2_PLACEMENT_3D('',#1560,#1561,#1562);
#1560 = CARTESIAN_POINT('',(-0.5,-0.37,3.E-02));
#1561 = DIRECTION('',(1.,0.,-0.));
#1562 = DIRECTION('',(0.,0.,1.));
#1563 = ORIENTED_EDGE('',*,*,#1527,.F.);
#1564 = CYLINDRICAL_SURFACE('',#1565,3.E-02);
#1565 = AXIS2_PLACEMENT_3D('',#1566,#1567,#1568);
#1566 = CARTESIAN_POINT('',(-0.8,-0.37,3.E-02));
#1567 = DIRECTION('',(1.,0.,0.));
#1568 = DIRECTION('',(0.,-1.,0.));
#1569 = ADVANCED_FACE('',(#1570),#1589,.T.);
#1570 = FACE_BOUND('',#1571,.T.);
#1571 = EDGE_LOOP('',(#1572,#1573,#1582,#1588));
#1572 = ORIENTED_EDGE('',*,*,#1534,.T.);
#1573 = ORIENTED_EDGE('',*,*,#1574,.T.);
#1574 = EDGE_CURVE('',#1520,#1575,#1577,.T.);
#1575 = VERTEX_POINT('',#1576);
#1576 = CARTESIAN_POINT('',(-0.5,-0.37,0.8));
#1577 = CIRCLE('',#1578,3.E-02);
#1578 = AXIS2_PLACEMENT_3D('',#1579,#1580,#1581);
#1579 = CARTESIAN_POINT('',(-0.5,-0.37,0.77));
#1580 = DIRECTION('',(-1.,0.,0.));
#1581 = DIRECTION('',(0.,0.,1.));
#1582 = ORIENTED_EDGE('',*,*,#1583,.F.);
#1583 = EDGE_CURVE('',#1495,#1575,#1584,.T.);
#1584 = LINE('',#1585,#1586);
#1585 = CARTESIAN_POINT('',(-0.8,-0.37,0.8));
#1586 = VECTOR('',#1587,1.);
#1587 = DIRECTION('',(1.,0.,0.));
#1588 = ORIENTED_EDGE('',*,*,#1502,.F.);
#1589 = CYLINDRICAL_SURFACE('',#1590,3.E-02);
#1590 = AXIS2_PLACEMENT_3D('',#1591,#1592,#1593);
#1591 = CARTESIAN_POINT('',(-0.8,-0.37,0.77));
#1592 = DIRECTION('',(1.,0.,0.));
#1593 = DIRECTION('',(0.,-1.,0.));
#1594 = ADVANCED_FACE('',(#1595),#1613,.F.);
#1595 = FACE_BOUND('',#1596,.F.);
#1596 = EDGE_LOOP('',(#1597,#1598,#1599,#1607));
#1597 = ORIENTED_EDGE('',*,*,#1460,.F.);
#1598 = ORIENTED_EDGE('',*,*,#1549,.T.);
#1599 = ORIENTED_EDGE('',*,*,#1600,.T.);
#1600 = EDGE_CURVE('',#1550,#1601,#1603,.T.);
#1601 = VERTEX_POINT('',#1602);
#1602 = CARTESIAN_POINT('',(-0.5,0.37,0.));
#1603 = LINE('',#1604,#1605);
#1604 = CARTESIAN_POINT('',(-0.5,-0.4,0.));
#1605 = VECTOR('',#1606,1.);
#1606 = DIRECTION('',(0.,1.,0.));
#1607 = ORIENTED_EDGE('',*,*,#1608,.F.);
#1608 = EDGE_CURVE('',#1461,#1601,#1609,.T.);
#1609 = LINE('',#1610,#1611);
#1610 = CARTESIAN_POINT('',(-0.8,0.37,0.));
#1611 = VECTOR('',#1612,1.);
#1612 = DIRECTION('',(1.,0.,0.));
#1613 = PLANE('',#1614);
#1614 = AXIS2_PLACEMENT_3D('',#1615,#1616,#1617);
#1615 = CARTESIAN_POINT('',(-0.8,-0.4,0.));
#1616 = DIRECTION('',(0.,0.,1.));
#1617 = DIRECTION('',(1.,0.,-0.));
#1618 = ADVANCED_FACE('',(#1619),#1637,.T.);
#1619 = FACE_BOUND('',#1620,.T.);
#1620 = EDGE_LOOP('',(#1621,#1622,#1623,#1631));
#1621 = ORIENTED_EDGE('',*,*,#1494,.F.);
#1622 = ORIENTED_EDGE('',*,*,#1583,.T.);
#1623 = ORIENTED_EDGE('',*,*,#1624,.T.);
#1624 = EDGE_CURVE('',#1575,#1625,#1627,.T.);
#1625 = VERTEX_POINT('',#1626);
#1626 = CARTESIAN_POINT('',(-0.5,0.37,0.8));
#1627 = LINE('',#1628,#1629);
#1628 = CARTESIAN_POINT('',(-0.5,-0.4,0.8));
#1629 = VECTOR('',#1630,1.);
#1630 = DIRECTION('',(0.,1.,0.));
#1631 = ORIENTED_EDGE('',*,*,#1632,.F.);
#1632 = EDGE_CURVE('',#1486,#1625,#1633,.T.);
#1633 = LINE('',#1634,#1635);
#1634 = CARTESIAN_POINT('',(-0.8,0.37,0.8));
#1635 = VECTOR('',#1636,1.);
#1636 = DIRECTION('',(1.,0.,0.));
#1637 = PLANE('',#1638);
#1638 = AXIS2_PLACEMENT_3D('',#1639,#1640,#1641);
#1639 = CARTESIAN_POINT('',(-0.8,-0.4,0.8));
#1640 = DIRECTION('',(0.,0.,1.));
#1641 = DIRECTION('',(1.,0.,-0.));
#1642 = ADVANCED_FACE('',(#1643),#1662,.T.);
#1643 = FACE_BOUND('',#1644,.T.);
#1644 = EDGE_LOOP('',(#1645,#1653,#1660,#1661));
#1645 = ORIENTED_EDGE('',*,*,#1646,.T.);
#1646 = EDGE_CURVE('',#1469,#1647,#1649,.T.);
#1647 = VERTEX_POINT('',#1648);
#1648 = CARTESIAN_POINT('',(-0.5,0.4,3.E-02));
#1649 = LINE('',#1650,#1651);
#1650 = CARTESIAN_POINT('',(-0.8,0.4,3.E-02));
#1651 = VECTOR('',#1652,1.);
#1652 = DIRECTION('',(1.,0.,0.));
#1653 = ORIENTED_EDGE('',*,*,#1654,.T.);
#1654 = EDGE_CURVE('',#1647,#1601,#1655,.T.);
#1655 = CIRCLE('',#1656,3.E-02);
#1656 = AXIS2_PLACEMENT_3D('',#1657,#1658,#1659);
#1657 = CARTESIAN_POINT('',(-0.5,0.37,3.E-02));
#1658 = DIRECTION('',(-1.,0.,0.));
#1659 = DIRECTION('',(0.,0.,1.));
#1660 = ORIENTED_EDGE('',*,*,#1608,.F.);
#1661 = ORIENTED_EDGE('',*,*,#1468,.F.);
#1662 = CYLINDRICAL_SURFACE('',#1663,3.E-02);
#1663 = AXIS2_PLACEMENT_3D('',#1664,#1665,#1666);
#1664 = CARTESIAN_POINT('',(-0.8,0.37,3.E-02));
#1665 = DIRECTION('',(1.,0.,0.));
#1666 = DIRECTION('',(-0.,1.,0.));
#1667 = ADVANCED_FACE('',(#1668),#1687,.T.);
#1668 = FACE_BOUND('',#1669,.T.);
#1669 = EDGE_LOOP('',(#1670,#1671,#1672,#1681));
#1670 = ORIENTED_EDGE('',*,*,#1485,.T.);
#1671 = ORIENTED_EDGE('',*,*,#1632,.T.);
#1672 = ORIENTED_EDGE('',*,*,#1673,.F.);
#1673 = EDGE_CURVE('',#1674,#1625,#1676,.T.);
#1674 = VERTEX_POINT('',#1675);
#1675 = CARTESIAN_POINT('',(-0.5,0.4,0.77));
#1676 = CIRCLE('',#1677,3.E-02);
#1677 = AXIS2_PLACEMENT_3D('',#1678,#1679,#1680);
#1678 = CARTESIAN_POINT('',(-0.5,0.37,0.77));
#1679 = DIRECTION('',(1.,0.,-0.));
#1680 = DIRECTION('',(0.,0.,1.));
#1681 = ORIENTED_EDGE('',*,*,#1682,.F.);
#1682 = EDGE_CURVE('',#1478,#1674,#1683,.T.);
#1683 = LINE('',#1684,#1685);
#1684 = CARTESIAN_POINT('',(-0.8,0.4,0.77));
#1685 = VECTOR('',#1686,1.);
#1686 = DIRECTION('',(1.,0.,0.));
#1687 = CYLINDRICAL_SURFACE('',#1688,3.E-02);
#1688 = AXIS2_PLACEMENT_3D('',#1689,#1690,#1691);
#1689 = CARTESIAN_POINT('',(-0.8,0.37,0.77));
#1690 = DIRECTION('',(1.,0.,0.));
#1691 = DIRECTION('',(-0.,1.,0.));
#1692 = ADVANCED_FACE('',(#1693),#1704,.T.);
#1693 = FACE_BOUND('',#1694,.T.);
#1694 = EDGE_LOOP('',(#1695,#1701,#1702,#1703));
#1695 = ORIENTED_EDGE('',*,*,#1696,.F.);
#1696 = EDGE_CURVE('',#1647,#1674,#1697,.T.);
#1697 = LINE('',#1698,#1699);
#1698 = CARTESIAN_POINT('',(-0.5,0.4,0.));
#1699 = VECTOR('',#1700,1.);
#1700 = DIRECTION('',(0.,0.,1.));
#1701 = ORIENTED_EDGE('',*,*,#1646,.F.);
#1702 = ORIENTED_EDGE('',*,*,#1477,.T.);
#1703 = ORIENTED_EDGE('',*,*,#1682,.T.);
#1704 = PLANE('',#1705);
#1705 = AXIS2_PLACEMENT_3D('',#1706,#1707,#1708);
#1706 = CARTESIAN_POINT('',(-0.8,0.4,0.));
#1707 = DIRECTION('',(0.,1.,0.));
#1708 = DIRECTION('',(0.,-0.,1.));
#1709 = ADVANCED_FACE('',(#1710,#1720),#1790,.T.);
#1710 = FACE_BOUND('',#1711,.T.);
#1711 = EDGE_LOOP('',(#1712,#1713,#1714,#1715,#1716,#1717,#1718,#1719));
#1712 = ORIENTED_EDGE('',*,*,#1517,.F.);
#1713 = ORIENTED_EDGE('',*,*,#1557,.T.);
#1714 = ORIENTED_EDGE('',*,*,#1600,.T.);
#1715 = ORIENTED_EDGE('',*,*,#1654,.F.);
#1716 = ORIENTED_EDGE('',*,*,#1696,.T.);
#1717 = ORIENTED_EDGE('',*,*,#1673,.T.);
#1718 = ORIENTED_EDGE('',*,*,#1624,.F.);
#1719 = ORIENTED_EDGE('',*,*,#1574,.F.);
#1720 = FACE_BOUND('',#1721,.T.);
#1721 = EDGE_LOOP('',(#1722,#1733,#1741,#1750,#1758,#1767,#1775,#1784));
#1722 = ORIENTED_EDGE('',*,*,#1723,.F.);
#1723 = EDGE_CURVE('',#1724,#1726,#1728,.T.);
#1724 = VERTEX_POINT('',#1725);
#1725 = CARTESIAN_POINT('',(-0.5,-0.37,6.E-02));
#1726 = VERTEX_POINT('',#1727);
#1727 = CARTESIAN_POINT('',(-0.5,-0.34,3.E-02));
#1728 = CIRCLE('',#1729,3.E-02);
#1729 = AXIS2_PLACEMENT_3D('',#1730,#1731,#1732);
#1730 = CARTESIAN_POINT('',(-0.5,-0.34,6.E-02));
#1731 = DIRECTION('',(1.,0.,-0.));
#1732 = DIRECTION('',(0.,0.,1.));
#1733 = ORIENTED_EDGE('',*,*,#1734,.T.);
#1734 = EDGE_CURVE('',#1724,#1735,#1737,.T.);
#1735 = VERTEX_POINT('',#1736);
#1736 = CARTESIAN_POINT('',(-0.5,-0.37,0.74));
#1737 = LINE('',#1738,#1739);
#1738 = CARTESIAN_POINT('',(-0.5,-0.37,3.E-02));
#1739 = VECTOR('',#1740,1.);
#1740 = DIRECTION('',(0.,0.,1.));
#1741 = ORIENTED_EDGE('',*,*,#1742,.T.);
#1742 = EDGE_CURVE('',#1735,#1743,#1745,.T.);
#1743 = VERTEX_POINT('',#1744);
#1744 = CARTESIAN_POINT('',(-0.5,-0.34,0.77));
#1745 = CIRCLE('',#1746,3.E-02);
#1746 = AXIS2_PLACEMENT_3D('',#1747,#1748,#1749);
#1747 = CARTESIAN_POINT('',(-0.5,-0.34,0.74));
#1748 = DIRECTION('',(-1.,0.,0.));
#1749 = DIRECTION('',(0.,0.,1.));
#1750 = ORIENTED_EDGE('',*,*,#1751,.T.);
#1751 = EDGE_CURVE('',#1743,#1752,#1754,.T.);
#1752 = VERTEX_POINT('',#1753);
#1753 = CARTESIAN_POINT('',(-0.5,0.34,0.77));
#1754 = LINE('',#1755,#1756);
#1755 = CARTESIAN_POINT('',(-0.5,-0.37,0.77));
#1756 = VECTOR('',#1757,1.);
#1757 = DIRECTION('',(0.,1.,0.));
#1758 = ORIENTED_EDGE('',*,*,#1759,.F.);
#1759 = EDGE_CURVE('',#1760,#1752,#1762,.T.);
#1760 = VERTEX_POINT('',#1761);
#1761 = CARTESIAN_POINT('',(-0.5,0.37,0.74));
#1762 = CIRCLE('',#1763,3.E-02);
#1763 = AXIS2_PLACEMENT_3D('',#1764,#1765,#1766);
#1764 = CARTESIAN_POINT('',(-0.5,0.34,0.74));
#1765 = DIRECTION('',(1.,0.,-0.));
#1766 = DIRECTION('',(0.,0.,1.));
#1767 = ORIENTED_EDGE('',*,*,#1768,.F.);
#1768 = EDGE_CURVE('',#1769,#1760,#1771,.T.);
#1769 = VERTEX_POINT('',#1770);
#1770 = CARTESIAN_POINT('',(-0.5,0.37,6.E-02));
#1771 = LINE('',#1772,#1773);
#1772 = CARTESIAN_POINT('',(-0.5,0.37,3.E-02));
#1773 = VECTOR('',#1774,1.);
#1774 = DIRECTION('',(0.,0.,1.));
#1775 = ORIENTED_EDGE('',*,*,#1776,.T.);
#1776 = EDGE_CURVE('',#1769,#1777,#1779,.T.);
#1777 = VERTEX_POINT('',#1778);
#1778 = CARTESIAN_POINT('',(-0.5,0.34,3.E-02));
#1779 = CIRCLE('',#1780,3.E-02);
#1780 = AXIS2_PLACEMENT_3D('',#1781,#1782,#1783);
#1781 = CARTESIAN_POINT('',(-0.5,0.34,6.E-02));
#1782 = DIRECTION('',(-1.,0.,0.));
#1783 = DIRECTION('',(0.,0.,1.));
#1784 = ORIENTED_EDGE('',*,*,#1785,.F.);
#1785 = EDGE_CURVE('',#1726,#1777,#1786,.T.);
#1786 = LINE('',#1787,#1788);
#1787 = CARTESIAN_POINT('',(-0.5,-0.37,3.E-02));
#1788 = VECTOR('',#1789,1.);
#1789 = DIRECTION('',(0.,1.,0.));
#1790 = PLANE('',#1791);
#1791 = AXIS2_PLACEMENT_3D('',#1792,#1793,#1794);
#1792 = CARTESIAN_POINT('',(-0.5,-0.4,0.));
#1793 = DIRECTION('',(1.,0.,0.));
#1794 = DIRECTION('',(0.,0.,1.));
#1795 = ADVANCED_FACE('',(#1796),#1822,.T.);
#1796 = FACE_BOUND('',#1797,.T.);
#1797 = EDGE_LOOP('',(#1798,#1799,#1807,#1816));
#1798 = ORIENTED_EDGE('',*,*,#1723,.T.);
#1799 = ORIENTED_EDGE('',*,*,#1800,.T.);
#1800 = EDGE_CURVE('',#1726,#1801,#1803,.T.);
#1801 = VERTEX_POINT('',#1802);
#1802 = CARTESIAN_POINT('',(0.5,-0.34,3.E-02));
#1803 = LINE('',#1804,#1805);
#1804 = CARTESIAN_POINT('',(-0.5,-0.34,3.E-02));
#1805 = VECTOR('',#1806,1.);
#1806 = DIRECTION('',(1.,0.,0.));
#1807 = ORIENTED_EDGE('',*,*,#1808,.F.);
#1808 = EDGE_CURVE('',#1809,#1801,#1811,.T.);
#1809 = VERTEX_POINT('',#1810);
#1810 = CARTESIAN_POINT('',(0.5,-0.37,6.E-02));
#1811 = CIRCLE('',#1812,3.E-02);
#1812 = AXIS2_PLACEMENT_3D('',#1813,#1814,#1815);
#1813 = CARTESIAN_POINT('',(0.5,-0.34,6.E-02));
#1814 = DIRECTION('',(1.,0.,-0.));
#1815 = DIRECTION('',(0.,0.,1.));
#1816 = ORIENTED_EDGE('',*,*,#1817,.F.);
#1817 = EDGE_CURVE('',#1724,#1809,#1818,.T.);
#1818 = LINE('',#1819,#1820);
#1819 = CARTESIAN_POINT('',(-0.5,-0.37,6.E-02));
#1820 = VECTOR('',#1821,1.);
#1821 = DIRECTION('',(1.,0.,0.));
#1822 = CYLINDRICAL_SURFACE('',#1823,3.E-02);
#1823 = AXIS2_PLACEMENT_3D('',#1824,#1825,#1826);
#1824 = CARTESIAN_POINT('',(-0.5,-0.34,6.E-02));
#1825 = DIRECTION('',(1.,0.,0.));
#1826 = DIRECTION('',(0.,-1.,0.));
#1827 = ADVANCED_FACE('',(#1828),#1846,.F.);
#1828 = FACE_BOUND('',#1829,.F.);
#1829 = EDGE_LOOP('',(#1830,#1831,#1832,#1840));
#1830 = ORIENTED_EDGE('',*,*,#1785,.F.);
#1831 = ORIENTED_EDGE('',*,*,#1800,.T.);
#1832 = ORIENTED_EDGE('',*,*,#1833,.T.);
#1833 = EDGE_CURVE('',#1801,#1834,#1836,.T.);
#1834 = VERTEX_POINT('',#1835);
#1835 = CARTESIAN_POINT('',(0.5,0.34,3.E-02));
#1836 = LINE('',#1837,#1838);
#1837 = CARTESIAN_POINT('',(0.5,-0.37,3.E-02));
#1838 = VECTOR('',#1839,1.);
#1839 = DIRECTION('',(0.,1.,0.));
#1840 = ORIENTED_EDGE('',*,*,#1841,.F.);
#1841 = EDGE_CURVE('',#1777,#1834,#1842,.T.);
#1842 = LINE('',#1843,#1844);
#1843 = CARTESIAN_POINT('',(-0.5,0.34,3.E-02));
#1844 = VECTOR('',#1845,1.);
#1845 = DIRECTION('',(1.,0.,0.));
#1846 = PLANE('',#1847);
#1847 = AXIS2_PLACEMENT_3D('',#1848,#1849,#1850);
#1848 = CARTESIAN_POINT('',(-0.5,-0.37,3.E-02));
#1849 = DIRECTION('',(0.,0.,1.));
#1850 = DIRECTION('',(1.,0.,-0.));
#1851 = ADVANCED_FACE('',(#1852),#1871,.T.);
#1852 = FACE_BOUND('',#1853,.T.);
#1853 = EDGE_LOOP('',(#1854,#1862,#1869,#1870));
#1854 = ORIENTED_EDGE('',*,*,#1855,.T.);
#1855 = EDGE_CURVE('',#1769,#1856,#1858,.T.);
#1856 = VERTEX_POINT('',#1857);
#1857 = CARTESIAN_POINT('',(0.5,0.37,6.E-02));
#1858 = LINE('',#1859,#1860);
#1859 = CARTESIAN_POINT('',(-0.5,0.37,6.E-02));
#1860 = VECTOR('',#1861,1.);
#1861 = DIRECTION('',(1.,0.,0.));
#1862 = ORIENTED_EDGE('',*,*,#1863,.T.);
#1863 = EDGE_CURVE('',#1856,#1834,#1864,.T.);
#1864 = CIRCLE('',#1865,3.E-02);
#1865 = AXIS2_PLACEMENT_3D('',#1866,#1867,#1868);
#1866 = CARTESIAN_POINT('',(0.5,0.34,6.E-02));
#1867 = DIRECTION('',(-1.,0.,0.));
#1868 = DIRECTION('',(0.,0.,1.));
#1869 = ORIENTED_EDGE('',*,*,#1841,.F.);
#1870 = ORIENTED_EDGE('',*,*,#1776,.F.);
#1871 = CYLINDRICAL_SURFACE('',#1872,3.E-02);
#1872 = AXIS2_PLACEMENT_3D('',#1873,#1874,#1875);
#1873 = CARTESIAN_POINT('',(-0.5,0.34,6.E-02));
#1874 = DIRECTION('',(1.,0.,0.));
#1875 = DIRECTION('',(-0.,1.,0.));
#1876 = ADVANCED_FACE('',(#1877),#1895,.T.);
#1877 = FACE_BOUND('',#1878,.T.);
#1878 = EDGE_LOOP('',(#1879,#1887,#1888,#1889));
#1879 = ORIENTED_EDGE('',*,*,#1880,.F.);
#1880 = EDGE_CURVE('',#1856,#1881,#1883,.T.);
#1881 = VERTEX_POINT('',#1882);
#1882 = CARTESIAN_POINT('',(0.5,0.37,0.74));
#1883 = LINE('',#1884,#1885);
#1884 = CARTESIAN_POINT('',(0.5,0.37,3.E-02));
#1885 = VECTOR('',#1886,1.);
#1886 = DIRECTION('',(0.,0.,1.));
#1887 = ORIENTED_EDGE('',*,*,#1855,.F.);
#1888 = ORIENTED_EDGE('',*,*,#1768,.T.);
#1889 = ORIENTED_EDGE('',*,*,#1890,.T.);
#1890 = EDGE_CURVE('',#1760,#1881,#1891,.T.);
#1891 = LINE('',#1892,#1893);
#1892 = CARTESIAN_POINT('',(-0.5,0.37,0.74));
#1893 = VECTOR('',#1894,1.);
#1894 = DIRECTION('',(1.,0.,0.));
#1895 = PLANE('',#1896);
#1896 = AXIS2_PLACEMENT_3D('',#1897,#1898,#1899);
#1897 = CARTESIAN_POINT('',(-0.5,0.37,3.E-02));
#1898 = DIRECTION('',(0.,1.,0.));
#1899 = DIRECTION('',(0.,-0.,1.));
#1900 = ADVANCED_FACE('',(#1901),#1920,.T.);
#1901 = FACE_BOUND('',#1902,.T.);
#1902 = EDGE_LOOP('',(#1903,#1904,#1912,#1919));
#1903 = ORIENTED_EDGE('',*,*,#1759,.T.);
#1904 = ORIENTED_EDGE('',*,*,#1905,.T.);
#1905 = EDGE_CURVE('',#1752,#1906,#1908,.T.);
#1906 = VERTEX_POINT('',#1907);
#1907 = CARTESIAN_POINT('',(0.5,0.34,0.77));
#1908 = LINE('',#1909,#1910);
#1909 = CARTESIAN_POINT('',(-0.5,0.34,0.77));
#1910 = VECTOR('',#1911,1.);
#1911 = DIRECTION('',(1.,0.,0.));
#1912 = ORIENTED_EDGE('',*,*,#1913,.F.);
#1913 = EDGE_CURVE('',#1881,#1906,#1914,.T.);
#1914 = CIRCLE('',#1915,3.E-02);
#1915 = AXIS2_PLACEMENT_3D('',#1916,#1917,#1918);
#1916 = CARTESIAN_POINT('',(0.5,0.34,0.74));
#1917 = DIRECTION('',(1.,0.,-0.));
#1918 = DIRECTION('',(0.,0.,1.));
#1919 = ORIENTED_EDGE('',*,*,#1890,.F.);
#1920 = CYLINDRICAL_SURFACE('',#1921,3.E-02);
#1921 = AXIS2_PLACEMENT_3D('',#1922,#1923,#1924);
#1922 = CARTESIAN_POINT('',(-0.5,0.34,0.74));
#1923 = DIRECTION('',(1.,0.,0.));
#1924 = DIRECTION('',(-0.,1.,0.));
#1925 = ADVANCED_FACE('',(#1926),#1944,.T.);
#1926 = FACE_BOUND('',#1927,.T.);
#1927 = EDGE_LOOP('',(#1928,#1929,#1937,#1943));
#1928 = ORIENTED_EDGE('',*,*,#1751,.F.);
#1929 = ORIENTED_EDGE('',*,*,#1930,.T.);
#1930 = EDGE_CURVE('',#1743,#1931,#1933,.T.);
#1931 = VERTEX_POINT('',#1932);
#1932 = CARTESIAN_POINT('',(0.5,-0.34,0.77));
#1933 = LINE('',#1934,#1935);
#1934 = CARTESIAN_POINT('',(-0.5,-0.34,0.77));
#1935 = VECTOR('',#1936,1.);
#1936 = DIRECTION('',(1.,0.,0.));
#1937 = ORIENTED_EDGE('',*,*,#1938,.T.);
#1938 = EDGE_CURVE('',#1931,#1906,#1939,.T.);
#1939 = LINE('',#1940,#1941);
#1940 = CARTESIAN_POINT('',(0.5,-0.37,0.77));
#1941 = VECTOR('',#1942,1.);
#1942 = DIRECTION('',(0.,1.,0.));
#1943 = ORIENTED_EDGE('',*,*,#1905,.F.);
#1944 = PLANE('',#1945);
#1945 = AXIS2_PLACEMENT_3D('',#1946,#1947,#1948);
#1946 = CARTESIAN_POINT('',(-0.5,-0.37,0.77));
#1947 = DIRECTION('',(0.,0.,1.));
#1948 = DIRECTION('',(1.,0.,-0.));
#1949 = ADVANCED_FACE('',(#1950),#1969,.T.);
#1950 = FACE_BOUND('',#1951,.T.);
#1951 = EDGE_LOOP('',(#1952,#1960,#1967,#1968));
#1952 = ORIENTED_EDGE('',*,*,#1953,.T.);
#1953 = EDGE_CURVE('',#1735,#1954,#1956,.T.);
#1954 = VERTEX_POINT('',#1955);
#1955 = CARTESIAN_POINT('',(0.5,-0.37,0.74));
#1956 = LINE('',#1957,#1958);
#1957 = CARTESIAN_POINT('',(-0.5,-0.37,0.74));
#1958 = VECTOR('',#1959,1.);
#1959 = DIRECTION('',(1.,0.,0.));
#1960 = ORIENTED_EDGE('',*,*,#1961,.T.);
#1961 = EDGE_CURVE('',#1954,#1931,#1962,.T.);
#1962 = CIRCLE('',#1963,3.E-02);
#1963 = AXIS2_PLACEMENT_3D('',#1964,#1965,#1966);
#1964 = CARTESIAN_POINT('',(0.5,-0.34,0.74));
#1965 = DIRECTION('',(-1.,0.,0.));
#1966 = DIRECTION('',(0.,0.,1.));
#1967 = ORIENTED_EDGE('',*,*,#1930,.F.);
#1968 = ORIENTED_EDGE('',*,*,#1742,.F.);
#1969 = CYLINDRICAL_SURFACE('',#1970,3.E-02);
#1970 = AXIS2_PLACEMENT_3D('',#1971,#1972,#1973);
#1971 = CARTESIAN_POINT('',(-0.5,-0.34,0.74));
#1972 = DIRECTION('',(1.,0.,0.));
#1973 = DIRECTION('',(0.,-1.,0.));
#1974 = ADVANCED_FACE('',(#1975),#1986,.F.);
#1975 = FACE_BOUND('',#1976,.F.);
#1976 = EDGE_LOOP('',(#1977,#1983,#1984,#1985));
#1977 = ORIENTED_EDGE('',*,*,#1978,.F.);
#1978 = EDGE_CURVE('',#1809,#1954,#1979,.T.);
#1979 = LINE('',#1980,#1981);
#1980 = CARTESIAN_POINT('',(0.5,-0.37,3.E-02));
#1981 = VECTOR('',#1982,1.);
#1982 = DIRECTION('',(0.,0.,1.));
#1983 = ORIENTED_EDGE('',*,*,#1817,.F.);
#1984 = ORIENTED_EDGE('',*,*,#1734,.T.);
#1985 = ORIENTED_EDGE('',*,*,#1953,.T.);
#1986 = PLANE('',#1987);
#1987 = AXIS2_PLACEMENT_3D('',#1988,#1989,#1990);
#1988 = CARTESIAN_POINT('',(-0.5,-0.37,3.E-02));
#1989 = DIRECTION('',(0.,1.,0.));
#1990 = DIRECTION('',(0.,-0.,1.));
#1991 = ADVANCED_FACE('',(#1992,#2062),#2072,.F.);
#1992 = FACE_BOUND('',#1993,.F.);
#1993 = EDGE_LOOP('',(#1994,#2004,#2013,#2021,#2030,#2038,#2047,#2055));
#1994 = ORIENTED_EDGE('',*,*,#1995,.F.);
#1995 = EDGE_CURVE('',#1996,#1998,#2000,.T.);
#1996 = VERTEX_POINT('',#1997);
#1997 = CARTESIAN_POINT('',(0.5,-0.4,3.E-02));
#1998 = VERTEX_POINT('',#1999);
#1999 = CARTESIAN_POINT('',(0.5,-0.4,0.77));
#2000 = LINE('',#2001,#2002);
#2001 = CARTESIAN_POINT('',(0.5,-0.4,0.));
#2002 = VECTOR('',#2003,1.);
#2003 = DIRECTION('',(0.,0.,1.));
#2004 = ORIENTED_EDGE('',*,*,#2005,.T.);
#2005 = EDGE_CURVE('',#1996,#2006,#2008,.T.);
#2006 = VERTEX_POINT('',#2007);
#2007 = CARTESIAN_POINT('',(0.5,-0.37,0.));
#2008 = CIRCLE('',#2009,3.E-02);
#2009 = AXIS2_PLACEMENT_3D('',#2010,#2011,#2012);
#2010 = CARTESIAN_POINT('',(0.5,-0.37,3.E-02));
#2011 = DIRECTION('',(1.,0.,-0.));
#2012 = DIRECTION('',(0.,0.,1.));
#2013 = ORIENTED_EDGE('',*,*,#2014,.T.);
#2014 = EDGE_CURVE('',#2006,#2015,#2017,.T.);
#2015 = VERTEX_POINT('',#2016);
#2016 = CARTESIAN_POINT('',(0.5,0.37,0.));
#2017 = LINE('',#2018,#2019);
#2018 = CARTESIAN_POINT('',(0.5,-0.4,0.));
#2019 = VECTOR('',#2020,1.);
#2020 = DIRECTION('',(0.,1.,0.));
#2021 = ORIENTED_EDGE('',*,*,#2022,.F.);
#2022 = EDGE_CURVE('',#2023,#2015,#2025,.T.);
#2023 = VERTEX_POINT('',#2024);
#2024 = CARTESIAN_POINT('',(0.5,0.4,3.E-02));
#2025 = CIRCLE('',#2026,3.E-02);
#2026 = AXIS2_PLACEMENT_3D('',#2027,#2028,#2029);
#2027 = CARTESIAN_POINT('',(0.5,0.37,3.E-02));
#2028 = DIRECTION('',(-1.,0.,0.));
#2029 = DIRECTION('',(0.,0.,1.));
#2030 = ORIENTED_EDGE('',*,*,#2031,.T.);
#2031 = EDGE_CURVE('',#2023,#2032,#2034,.T.);
#2032 = VERTEX_POINT('',#2033);
#2033 = CARTESIAN_POINT('',(0.5,0.4,0.77));
#2034 = LINE('',#2035,#2036);
#2035 = CARTESIAN_POINT('',(0.5,0.4,0.));
#2036 = VECTOR('',#2037,1.);
#2037 = DIRECTION('',(0.,0.,1.));
#2038 = ORIENTED_EDGE('',*,*,#2039,.T.);
#2039 = EDGE_CURVE('',#2032,#2040,#2042,.T.);
#2040 = VERTEX_POINT('',#2041);
#2041 = CARTESIAN_POINT('',(0.5,0.37,0.8));
#2042 = CIRCLE('',#2043,3.E-02);
#2043 = AXIS2_PLACEMENT_3D('',#2044,#2045,#2046);
#2044 = CARTESIAN_POINT('',(0.5,0.37,0.77));
#2045 = DIRECTION('',(1.,0.,-0.));
#2046 = DIRECTION('',(0.,0.,1.));
#2047 = ORIENTED_EDGE('',*,*,#2048,.F.);
#2048 = EDGE_CURVE('',#2049,#2040,#2051,.T.);
#2049 = VERTEX_POINT('',#2050);
#2050 = CARTESIAN_POINT('',(0.5,-0.37,0.8));
#2051 = LINE('',#2052,#2053);
#2052 = CARTESIAN_POINT('',(0.5,-0.4,0.8));
#2053 = VECTOR('',#2054,1.);
#2054 = DIRECTION('',(0.,1.,0.));
#2055 = ORIENTED_EDGE('',*,*,#2056,.F.);
#2056 = EDGE_CURVE('',#1998,#2049,#2057,.T.);
#2057 = CIRCLE('',#2058,3.E-02);
#2058 = AXIS2_PLACEMENT_3D('',#2059,#2060,#2061);
#2059 = CARTESIAN_POINT('',(0.5,-0.37,0.77));
#2060 = DIRECTION('',(-1.,0.,0.));
#2061 = DIRECTION('',(0.,0.,1.));
#2062 = FACE_BOUND('',#2063,.F.);
#2063 = EDGE_LOOP('',(#2064,#2065,#2066,#2067,#2068,#2069,#2070,#2071));
#2064 = ORIENTED_EDGE('',*,*,#1808,.F.);
#2065 = ORIENTED_EDGE('',*,*,#1978,.T.);
#2066 = ORIENTED_EDGE('',*,*,#1961,.T.);
#2067 = ORIENTED_EDGE('',*,*,#1938,.T.);
#2068 = ORIENTED_EDGE('',*,*,#1913,.F.);
#2069 = ORIENTED_EDGE('',*,*,#1880,.F.);
#2070 = ORIENTED_EDGE('',*,*,#1863,.T.);
#2071 = ORIENTED_EDGE('',*,*,#1833,.F.);
#2072 = PLANE('',#2073);
#2073 = AXIS2_PLACEMENT_3D('',#2074,#2075,#2076);
#2074 = CARTESIAN_POINT('',(0.5,-0.4,0.));
#2075 = DIRECTION('',(1.,0.,0.));
#2076 = DIRECTION('',(0.,0.,1.));
#2077 = ADVANCED_FACE('',(#2078),#2103,.F.);
#2078 = FACE_BOUND('',#2079,.F.);
#2079 = EDGE_LOOP('',(#2080,#2090,#2096,#2097));
#2080 = ORIENTED_EDGE('',*,*,#2081,.F.);
#2081 = EDGE_CURVE('',#2082,#2084,#2086,.T.);
#2082 = VERTEX_POINT('',#2083);
#2083 = CARTESIAN_POINT('',(0.8,-0.4,3.E-02));
#2084 = VERTEX_POINT('',#2085);
#2085 = CARTESIAN_POINT('',(0.8,-0.4,0.77));
#2086 = LINE('',#2087,#2088);
#2087 = CARTESIAN_POINT('',(0.8,-0.4,0.));
#2088 = VECTOR('',#2089,1.);
#2089 = DIRECTION('',(0.,0.,1.));
#2090 = ORIENTED_EDGE('',*,*,#2091,.F.);
#2091 = EDGE_CURVE('',#1996,#2082,#2092,.T.);
#2092 = LINE('',#2093,#2094);
#2093 = CARTESIAN_POINT('',(0.5,-0.4,3.E-02));
#2094 = VECTOR('',#2095,1.);
#2095 = DIRECTION('',(1.,0.,0.));
#2096 = ORIENTED_EDGE('',*,*,#1995,.T.);
#2097 = ORIENTED_EDGE('',*,*,#2098,.T.);
#2098 = EDGE_CURVE('',#1998,#2084,#2099,.T.);
#2099 = LINE('',#2100,#2101);
#2100 = CARTESIAN_POINT('',(0.5,-0.4,0.77));
#2101 = VECTOR('',#2102,1.);
#2102 = DIRECTION('',(1.,0.,0.));
#2103 = PLANE('',#2104);
#2104 = AXIS2_PLACEMENT_3D('',#2105,#2106,#2107);
#2105 = CARTESIAN_POINT('',(0.5,-0.4,0.));
#2106 = DIRECTION('',(0.,1.,0.));
#2107 = DIRECTION('',(0.,-0.,1.));
#2108 = ADVANCED_FACE('',(#2109),#2128,.T.);
#2109 = FACE_BOUND('',#2110,.T.);
#2110 = EDGE_LOOP('',(#2111,#2112,#2120,#2127));
#2111 = ORIENTED_EDGE('',*,*,#2005,.T.);
#2112 = ORIENTED_EDGE('',*,*,#2113,.T.);
#2113 = EDGE_CURVE('',#2006,#2114,#2116,.T.);
#2114 = VERTEX_POINT('',#2115);
#2115 = CARTESIAN_POINT('',(0.8,-0.37,0.));
#2116 = LINE('',#2117,#2118);
#2117 = CARTESIAN_POINT('',(0.5,-0.37,0.));
#2118 = VECTOR('',#2119,1.);
#2119 = DIRECTION('',(1.,0.,0.));
#2120 = ORIENTED_EDGE('',*,*,#2121,.F.);
#2121 = EDGE_CURVE('',#2082,#2114,#2122,.T.);
#2122 = CIRCLE('',#2123,3.E-02);
#2123 = AXIS2_PLACEMENT_3D('',#2124,#2125,#2126);
#2124 = CARTESIAN_POINT('',(0.8,-0.37,3.E-02));
#2125 = DIRECTION('',(1.,0.,-0.));
#2126 = DIRECTION('',(0.,0.,1.));
#2127 = ORIENTED_EDGE('',*,*,#2091,.F.);
#2128 = CYLINDRICAL_SURFACE('',#2129,3.E-02);
#2129 = AXIS2_PLACEMENT_3D('',#2130,#2131,#2132);
#2130 = CARTESIAN_POINT('',(0.5,-0.37,3.E-02));
#2131 = DIRECTION('',(1.,0.,0.));
#2132 = DIRECTION('',(0.,-1.,0.));
#2133 = ADVANCED_FACE('',(#2134),#2153,.T.);
#2134 = FACE_BOUND('',#2135,.T.);
#2135 = EDGE_LOOP('',(#2136,#2137,#2146,#2152));
#2136 = ORIENTED_EDGE('',*,*,#2098,.T.);
#2137 = ORIENTED_EDGE('',*,*,#2138,.T.);
#2138 = EDGE_CURVE('',#2084,#2139,#2141,.T.);
#2139 = VERTEX_POINT('',#2140);
#2140 = CARTESIAN_POINT('',(0.8,-0.37,0.8));
#2141 = CIRCLE('',#2142,3.E-02);
#2142 = AXIS2_PLACEMENT_3D('',#2143,#2144,#2145);
#2143 = CARTESIAN_POINT('',(0.8,-0.37,0.77));
#2144 = DIRECTION('',(-1.,0.,0.));
#2145 = DIRECTION('',(0.,0.,1.));
#2146 = ORIENTED_EDGE('',*,*,#2147,.F.);
#2147 = EDGE_CURVE('',#2049,#2139,#2148,.T.);
#2148 = LINE('',#2149,#2150);
#2149 = CARTESIAN_POINT('',(0.5,-0.37,0.8));
#2150 = VECTOR('',#2151,1.);
#2151 = DIRECTION('',(1.,0.,0.));
#2152 = ORIENTED_EDGE('',*,*,#2056,.F.);
#2153 = CYLINDRICAL_SURFACE('',#2154,3.E-02);
#2154 = AXIS2_PLACEMENT_3D('',#2155,#2156,#2157);
#2155 = CARTESIAN_POINT('',(0.5,-0.37,0.77));
#2156 = DIRECTION('',(1.,0.,0.));
#2157 = DIRECTION('',(0.,-1.,0.));
#2158 = ADVANCED_FACE('',(#2159),#2177,.F.);
#2159 = FACE_BOUND('',#2160,.F.);
#2160 = EDGE_LOOP('',(#2161,#2162,#2163,#2171));
#2161 = ORIENTED_EDGE('',*,*,#2014,.F.);
#2162 = ORIENTED_EDGE('',*,*,#2113,.T.);
#2163 = ORIENTED_EDGE('',*,*,#2164,.T.);
#2164 = EDGE_CURVE('',#2114,#2165,#2167,.T.);
#2165 = VERTEX_POINT('',#2166);
#2166 = CARTESIAN_POINT('',(0.8,0.37,0.));
#2167 = LINE('',#2168,#2169);
#2168 = CARTESIAN_POINT('',(0.8,-0.4,0.));
#2169 = VECTOR('',#2170,1.);
#2170 = DIRECTION('',(0.,1.,0.));
#2171 = ORIENTED_EDGE('',*,*,#2172,.F.);
#2172 = EDGE_CURVE('',#2015,#2165,#2173,.T.);
#2173 = LINE('',#2174,#2175);
#2174 = CARTESIAN_POINT('',(0.5,0.37,0.));
#2175 = VECTOR('',#2176,1.);
#2176 = DIRECTION('',(1.,0.,0.));
#2177 = PLANE('',#2178);
#2178 = AXIS2_PLACEMENT_3D('',#2179,#2180,#2181);
#2179 = CARTESIAN_POINT('',(0.5,-0.4,0.));
#2180 = DIRECTION('',(0.,0.,1.));
#2181 = DIRECTION('',(1.,0.,-0.));
#2182 = ADVANCED_FACE('',(#2183),#2201,.T.);
#2183 = FACE_BOUND('',#2184,.T.);
#2184 = EDGE_LOOP('',(#2185,#2186,#2187,#2195));
#2185 = ORIENTED_EDGE('',*,*,#2048,.F.);
#2186 = ORIENTED_EDGE('',*,*,#2147,.T.);
#2187 = ORIENTED_EDGE('',*,*,#2188,.T.);
#2188 = EDGE_CURVE('',#2139,#2189,#2191,.T.);
#2189 = VERTEX_POINT('',#2190);
#2190 = CARTESIAN_POINT('',(0.8,0.37,0.8));
#2191 = LINE('',#2192,#2193);
#2192 = CARTESIAN_POINT('',(0.8,-0.4,0.8));
#2193 = VECTOR('',#2194,1.);
#2194 = DIRECTION('',(0.,1.,0.));
#2195 = ORIENTED_EDGE('',*,*,#2196,.F.);
#2196 = EDGE_CURVE('',#2040,#2189,#2197,.T.);
#2197 = LINE('',#2198,#2199);
#2198 = CARTESIAN_POINT('',(0.5,0.37,0.8));
#2199 = VECTOR('',#2200,1.);
#2200 = DIRECTION('',(1.,0.,0.));
#2201 = PLANE('',#2202);
#2202 = AXIS2_PLACEMENT_3D('',#2203,#2204,#2205);
#2203 = CARTESIAN_POINT('',(0.5,-0.4,0.8));
#2204 = DIRECTION('',(0.,0.,1.));
#2205 = DIRECTION('',(1.,0.,-0.));
#2206 = ADVANCED_FACE('',(#2207),#2226,.T.);
#2207 = FACE_BOUND('',#2208,.T.);
#2208 = EDGE_LOOP('',(#2209,#2217,#2224,#2225));
#2209 = ORIENTED_EDGE('',*,*,#2210,.T.);
#2210 = EDGE_CURVE('',#2023,#2211,#2213,.T.);
#2211 = VERTEX_POINT('',#2212);
#2212 = CARTESIAN_POINT('',(0.8,0.4,3.E-02));
#2213 = LINE('',#2214,#2215);
#2214 = CARTESIAN_POINT('',(0.5,0.4,3.E-02));
#2215 = VECTOR('',#2216,1.);
#2216 = DIRECTION('',(1.,0.,0.));
#2217 = ORIENTED_EDGE('',*,*,#2218,.T.);
#2218 = EDGE_CURVE('',#2211,#2165,#2219,.T.);
#2219 = CIRCLE('',#2220,3.E-02);
#2220 = AXIS2_PLACEMENT_3D('',#2221,#2222,#2223);
#2221 = CARTESIAN_POINT('',(0.8,0.37,3.E-02));
#2222 = DIRECTION('',(-1.,0.,0.));
#2223 = DIRECTION('',(0.,0.,1.));
#2224 = ORIENTED_EDGE('',*,*,#2172,.F.);
#2225 = ORIENTED_EDGE('',*,*,#2022,.F.);
#2226 = CYLINDRICAL_SURFACE('',#2227,3.E-02);
#2227 = AXIS2_PLACEMENT_3D('',#2228,#2229,#2230);
#2228 = CARTESIAN_POINT('',(0.5,0.37,3.E-02));
#2229 = DIRECTION('',(1.,0.,0.));
#2230 = DIRECTION('',(-0.,1.,0.));
#2231 = ADVANCED_FACE('',(#2232),#2251,.T.);
#2232 = FACE_BOUND('',#2233,.T.);
#2233 = EDGE_LOOP('',(#2234,#2235,#2236,#2245));
#2234 = ORIENTED_EDGE('',*,*,#2039,.T.);
#2235 = ORIENTED_EDGE('',*,*,#2196,.T.);
#2236 = ORIENTED_EDGE('',*,*,#2237,.F.);
#2237 = EDGE_CURVE('',#2238,#2189,#2240,.T.);
#2238 = VERTEX_POINT('',#2239);
#2239 = CARTESIAN_POINT('',(0.8,0.4,0.77));
#2240 = CIRCLE('',#2241,3.E-02);
#2241 = AXIS2_PLACEMENT_3D('',#2242,#2243,#2244);
#2242 = CARTESIAN_POINT('',(0.8,0.37,0.77));
#2243 = DIRECTION('',(1.,0.,-0.));
#2244 = DIRECTION('',(0.,0.,1.));
#2245 = ORIENTED_EDGE('',*,*,#2246,.F.);
#2246 = EDGE_CURVE('',#2032,#2238,#2247,.T.);
#2247 = LINE('',#2248,#2249);
#2248 = CARTESIAN_POINT('',(0.5,0.4,0.77));
#2249 = VECTOR('',#2250,1.);
#2250 = DIRECTION('',(1.,0.,0.));
#2251 = CYLINDRICAL_SURFACE('',#2252,3.E-02);
#2252 = AXIS2_PLACEMENT_3D('',#2253,#2254,#2255);
#2253 = CARTESIAN_POINT('',(0.5,0.37,0.77));
#2254 = DIRECTION('',(1.,0.,0.));
#2255 = DIRECTION('',(-0.,1.,0.));
#2256 = ADVANCED_FACE('',(#2257),#2268,.T.);
#2257 = FACE_BOUND('',#2258,.T.);
#2258 = EDGE_LOOP('',(#2259,#2265,#2266,#2267));
#2259 = ORIENTED_EDGE('',*,*,#2260,.F.);
#2260 = EDGE_CURVE('',#2211,#2238,#2261,.T.);
#2261 = LINE('',#2262,#2263);
#2262 = CARTESIAN_POINT('',(0.8,0.4,0.));
#2263 = VECTOR('',#2264,1.);
#2264 = DIRECTION('',(0.,0.,1.));
#2265 = ORIENTED_EDGE('',*,*,#2210,.F.);
#2266 = ORIENTED_EDGE('',*,*,#2031,.T.);
#2267 = ORIENTED_EDGE('',*,*,#2246,.T.);
#2268 = PLANE('',#2269);
#2269 = AXIS2_PLACEMENT_3D('',#2270,#2271,#2272);
#2270 = CARTESIAN_POINT('',(0.5,0.4,0.));
#2271 = DIRECTION('',(0.,1.,0.));
#2272 = DIRECTION('',(0.,-0.,1.));
#2273 = ADVANCED_FACE('',(#2274),#2284,.T.);
#2274 = FACE_BOUND('',#2275,.T.);
#2275 = EDGE_LOOP('',(#2276,#2277,#2278,#2279,#2280,#2281,#2282,#2283));
#2276 = ORIENTED_EDGE('',*,*,#2081,.F.);
#2277 = ORIENTED_EDGE('',*,*,#2121,.T.);
#2278 = ORIENTED_EDGE('',*,*,#2164,.T.);
#2279 = ORIENTED_EDGE('',*,*,#2218,.F.);
#2280 = ORIENTED_EDGE('',*,*,#2260,.T.);
#2281 = ORIENTED_EDGE('',*,*,#2237,.T.);
#2282 = ORIENTED_EDGE('',*,*,#2188,.F.);
#2283 = ORIENTED_EDGE('',*,*,#2138,.F.);
#2284 = PLANE('',#2285);
#2285 = AXIS2_PLACEMENT_3D('',#2286,#2287,#2288);
#2286 = CARTESIAN_POINT('',(0.8,-0.4,0.));
#2287 = DIRECTION('',(1.,0.,0.));
#2288 = DIRECTION('',(0.,0.,1.));
#2289 = ( GEOMETRIC_REPRESENTATION_CONTEXT(3) 
GLOBAL_UNCERTAINTY_ASSIGNED_CONTEXT((#2293)) 
GLOBAL_UNIT_ASSIGNED_CONTEXT((#2290,#2291,#2292)) REPRESENTATION_CONTEXT
('Context #1','3D Context with UNIT and UNCERTAINTY') );
#2290 = ( LENGTH_UNIT() NAMED_UNIT(*) SI_UNIT(.MILLI.,.METRE.) );
#2291 = ( NAMED_UNIT(*) PLANE_ANGLE_UNIT() SI_UNIT($,.RADIAN.) );
#2292 = ( NAMED_UNIT(*) SI_UNIT($,.STERADIAN.) SOLID_ANGLE_UNIT() );
#2293 = UNCERTAINTY_MEASURE_WITH_UNIT(LENGTH_MEASURE(1.E-07),#2290,
  'distance_accuracy_value','confusion accuracy');
#2294 = CONTEXT_DEPENDENT_SHAPE_REPRESENTATION(#2295,#2297);
#2295 = ( REPRESENTATION_RELATIONSHIP('','',#1434,#10) 
REPRESENTATION_RELATIONSHIP_WITH_TRANSFORMATION(#2296) 
SHAPE_REPRESENTATION_RELATIONSHIP() );
#2296 = ITEM_DEFINED_TRANSFORMATION('','',#11,#39);
#2297 = PRODUCT_DEFINITION_SHAPE('Placement','Placement of an item',
  #2298);
#2298 = NEXT_ASSEMBLY_USAGE_OCCURRENCE('11','C2','',#5,#1429,$);
#2299 = PRODUCT_RELATED_PRODUCT_CATEGORY('part',$,(#1431));
#2300 = SHAPE_DEFINITION_REPRESENTATION(#2301,#2307);
#2301 = PRODUCT_DEFINITION_SHAPE('','',#2302);
#2302 = PRODUCT_DEFINITION('design','',#2303,#2306);
#2303 = PRODUCT_DEFINITION_FORMATION('','',#2304);
#2304 = PRODUCT('NSI45090JDT4G','NSI45090JDT4G','',(#2305));
#2305 = PRODUCT_CONTEXT('',#2,'mechanical');
#2306 = PRODUCT_DEFINITION_CONTEXT('part definition',#2,'design');
#2307 = SHAPE_REPRESENTATION('',(#11,#2308,#2312,#2316,#2320,#2324),
  #2328);
#2308 = AXIS2_PLACEMENT_3D('',#2309,#2310,#2311);
#2309 = CARTESIAN_POINT('',(0.,0.,0.));
#2310 = DIRECTION('',(0.,0.,1.));
#2311 = DIRECTION('',(1.,0.,0.));
#2312 = AXIS2_PLACEMENT_3D('',#2313,#2314,#2315);
#2313 = CARTESIAN_POINT('',(0.,0.,0.));
#2314 = DIRECTION('',(0.,0.,1.));
#2315 = DIRECTION('',(1.,0.,0.));
#2316 = AXIS2_PLACEMENT_3D('',#2317,#2318,#2319);
#2317 = CARTESIAN_POINT('',(0.,0.,0.));
#2318 = DIRECTION('',(0.,0.,1.));
#2319 = DIRECTION('',(1.,0.,0.));
#2320 = AXIS2_PLACEMENT_3D('',#2321,#2322,#2323);
#2321 = CARTESIAN_POINT('',(0.,0.,0.));
#2322 = DIRECTION('',(0.,0.,1.));
#2323 = DIRECTION('',(1.,0.,0.));
#2324 = AXIS2_PLACEMENT_3D('',#2325,#2326,#2327);
#2325 = CARTESIAN_POINT('',(0.,0.,0.));
#2326 = DIRECTION('',(0.,0.,1.));
#2327 = DIRECTION('',(1.,0.,0.));
#2328 = ( GEOMETRIC_REPRESENTATION_CONTEXT(3) 
GLOBAL_UNCERTAINTY_ASSIGNED_CONTEXT((#2332)) 
GLOBAL_UNIT_ASSIGNED_CONTEXT((#2329,#2330,#2331)) REPRESENTATION_CONTEXT
('Context #1','3D Context with UNIT and UNCERTAINTY') );
#2329 = ( LENGTH_UNIT() NAMED_UNIT(*) SI_UNIT(.MILLI.,.METRE.) );
#2330 = ( NAMED_UNIT(*) PLANE_ANGLE_UNIT() SI_UNIT($,.RADIAN.) );
#2331 = ( NAMED_UNIT(*) SI_UNIT($,.STERADIAN.) SOLID_ANGLE_UNIT() );
#2332 = UNCERTAINTY_MEASURE_WITH_UNIT(LENGTH_MEASURE(1.E-07),#2329,
  'distance_accuracy_value','confusion accuracy');
#2333 = CONTEXT_DEPENDENT_SHAPE_REPRESENTATION(#2334,#2336);
#2334 = ( REPRESENTATION_RELATIONSHIP('','',#2307,#10) 
REPRESENTATION_RELATIONSHIP_WITH_TRANSFORMATION(#2335) 
SHAPE_REPRESENTATION_RELATIONSHIP() );
#2335 = ITEM_DEFINED_TRANSFORMATION('','',#11,#43);
#2336 = PRODUCT_DEFINITION_SHAPE('Placement','Placement of an item',
  #2337);
#2337 = NEXT_ASSEMBLY_USAGE_OCCURRENCE('17','IC1','',#5,#2302,$);
#2338 = PRODUCT_RELATED_PRODUCT_CATEGORY('part',$,(#2304));
#2339 = SHAPE_DEFINITION_REPRESENTATION(#2340,#2346);
#2340 = PRODUCT_DEFINITION_SHAPE('','',#2341);
#2341 = PRODUCT_DEFINITION('design','',#2342,#2345);
#2342 = PRODUCT_DEFINITION_FORMATION('','',#2343);
#2343 = PRODUCT('MAC4DCMT4G_5','MAC4DCMT4G_5','',(#2344));
#2344 = PRODUCT_CONTEXT('',#2,'mechanical');
#2345 = PRODUCT_DEFINITION_CONTEXT('part definition',#2,'design');
#2346 = ADVANCED_BREP_SHAPE_REPRESENTATION('',(#11,#2347),#2725);
#2347 = MANIFOLD_SOLID_BREP('',#2348);
#2348 = CLOSED_SHELL('',(#2349,#2389,#2420,#2444,#2468,#2485,#2516,#2540
    ,#2596,#2613,#2648,#2679,#2701,#2713));
#2349 = ADVANCED_FACE('',(#2350),#2384,.T.);
#2350 = FACE_BOUND('',#2351,.T.);
#2351 = EDGE_LOOP('',(#2352,#2362,#2370,#2378));
#2352 = ORIENTED_EDGE('',*,*,#2353,.T.);
#2353 = EDGE_CURVE('',#2354,#2356,#2358,.T.);
#2354 = VERTEX_POINT('',#2355);
#2355 = CARTESIAN_POINT('',(3.66935085043,2.3876,-3.05975085043));
#2356 = VERTEX_POINT('',#2357);
#2357 = CARTESIAN_POINT('',(-2.00565085043,2.3876,-3.05975085043));
#2358 = LINE('',#2359,#2360);
#2359 = CARTESIAN_POINT('',(0.,2.3876,-3.05975085043));
#2360 = VECTOR('',#2361,1.);
#2361 = DIRECTION('',(-1.,-0.,0.));
#2362 = ORIENTED_EDGE('',*,*,#2363,.T.);
#2363 = EDGE_CURVE('',#2356,#2364,#2366,.T.);
#2364 = VERTEX_POINT('',#2365);
#2365 = CARTESIAN_POINT('',(-2.00565085043,2.3876,3.05975085043));
#2366 = LINE('',#2367,#2368);
#2367 = CARTESIAN_POINT('',(-2.00565085043,2.3876,0.));
#2368 = VECTOR('',#2369,1.);
#2369 = DIRECTION('',(0.,-0.,1.));
#2370 = ORIENTED_EDGE('',*,*,#2371,.T.);
#2371 = EDGE_CURVE('',#2364,#2372,#2374,.T.);
#2372 = VERTEX_POINT('',#2373);
#2373 = CARTESIAN_POINT('',(3.66935085043,2.3876,3.05975085043));
#2374 = LINE('',#2375,#2376);
#2375 = CARTESIAN_POINT('',(0.,2.3876,3.05975085043));
#2376 = VECTOR('',#2377,1.);
#2377 = DIRECTION('',(1.,0.,-0.));
#2378 = ORIENTED_EDGE('',*,*,#2379,.T.);
#2379 = EDGE_CURVE('',#2372,#2354,#2380,.T.);
#2380 = LINE('',#2381,#2382);
#2381 = CARTESIAN_POINT('',(3.66935085043,2.3876,0.));
#2382 = VECTOR('',#2383,1.);
#2383 = DIRECTION('',(-0.,0.,-1.));
#2384 = PLANE('',#2385);
#2385 = AXIS2_PLACEMENT_3D('',#2386,#2387,#2388);
#2386 = CARTESIAN_POINT('',(0.,2.3876,0.));
#2387 = DIRECTION('',(0.,1.,0.));
#2388 = DIRECTION('',(0.,-0.,1.));
#2389 = ADVANCED_FACE('',(#2390),#2415,.T.);
#2390 = FACE_BOUND('',#2391,.T.);
#2391 = EDGE_LOOP('',(#2392,#2402,#2408,#2409));
#2392 = ORIENTED_EDGE('',*,*,#2393,.T.);
#2393 = EDGE_CURVE('',#2394,#2396,#2398,.T.);
#2394 = VERTEX_POINT('',#2395);
#2395 = CARTESIAN_POINT('',(-2.21615,1.1938,-3.27025));
#2396 = VERTEX_POINT('',#2397);
#2397 = CARTESIAN_POINT('',(-2.21615,1.1938,3.27025));
#2398 = LINE('',#2399,#2400);
#2399 = CARTESIAN_POINT('',(-2.21615,1.1938,-3.27025));
#2400 = VECTOR('',#2401,1.);
#2401 = DIRECTION('',(1.286151794762E-16,-2.267832627032E-17,1.));
#2402 = ORIENTED_EDGE('',*,*,#2403,.T.);
#2403 = EDGE_CURVE('',#2396,#2364,#2404,.T.);
#2404 = LINE('',#2405,#2406);
#2405 = CARTESIAN_POINT('',(-2.21615,1.1938,3.27025));
#2406 = VECTOR('',#2407,1.);
#2407 = DIRECTION('',(0.171087869746,0.970287525248,-0.171087869746));
#2408 = ORIENTED_EDGE('',*,*,#2363,.F.);
#2409 = ORIENTED_EDGE('',*,*,#2410,.T.);
#2410 = EDGE_CURVE('',#2356,#2394,#2411,.T.);
#2411 = LINE('',#2412,#2413);
#2412 = CARTESIAN_POINT('',(-2.00565085043,2.3876,-3.05975085043));
#2413 = VECTOR('',#2414,1.);
#2414 = DIRECTION('',(-0.171087869746,-0.970287525248,-0.171087869746));
#2415 = PLANE('',#2416);
#2416 = AXIS2_PLACEMENT_3D('',#2417,#2418,#2419);
#2417 = CARTESIAN_POINT('',(-2.21615,1.1938,-3.27025));
#2418 = DIRECTION('',(-0.984807753012,0.173648177667,1.305992759326E-16)
  );
#2419 = DIRECTION('',(-0.173648177667,-0.984807753012,0.));
#2420 = ADVANCED_FACE('',(#2421),#2439,.T.);
#2421 = FACE_BOUND('',#2422,.T.);
#2422 = EDGE_LOOP('',(#2423,#2431,#2432,#2433));
#2423 = ORIENTED_EDGE('',*,*,#2424,.T.);
#2424 = EDGE_CURVE('',#2425,#2394,#2427,.T.);
#2425 = VERTEX_POINT('',#2426);
#2426 = CARTESIAN_POINT('',(3.87985,1.1938,-3.27025));
#2427 = LINE('',#2428,#2429);
#2428 = CARTESIAN_POINT('',(-2.21615,1.1938,-3.27025));
#2429 = VECTOR('',#2430,1.);
#2430 = DIRECTION('',(-1.,2.433195422753E-17,-1.379933696463E-16));
#2431 = ORIENTED_EDGE('',*,*,#2410,.F.);
#2432 = ORIENTED_EDGE('',*,*,#2353,.F.);
#2433 = ORIENTED_EDGE('',*,*,#2434,.T.);
#2434 = EDGE_CURVE('',#2354,#2425,#2435,.T.);
#2435 = LINE('',#2436,#2437);
#2436 = CARTESIAN_POINT('',(3.66935085043,2.3876,-3.05975085043));
#2437 = VECTOR('',#2438,1.);
#2438 = DIRECTION('',(0.171087869746,-0.970287525248,-0.171087869746));
#2439 = PLANE('',#2440);
#2440 = AXIS2_PLACEMENT_3D('',#2441,#2442,#2443);
#2441 = CARTESIAN_POINT('',(-2.21615,1.1938,-3.27025));
#2442 = DIRECTION('',(1.401221398027E-16,0.173648177667,-0.984807753012)
  );
#2443 = DIRECTION('',(0.,0.984807753012,0.173648177667));
#2444 = ADVANCED_FACE('',(#2445),#2463,.T.);
#2445 = FACE_BOUND('',#2446,.T.);
#2446 = EDGE_LOOP('',(#2447,#2455,#2456,#2457));
#2447 = ORIENTED_EDGE('',*,*,#2448,.T.);
#2448 = EDGE_CURVE('',#2449,#2425,#2451,.T.);
#2449 = VERTEX_POINT('',#2450);
#2450 = CARTESIAN_POINT('',(3.87985,1.1938,3.27025));
#2451 = LINE('',#2452,#2453);
#2452 = CARTESIAN_POINT('',(3.87985,1.1938,-3.27025));
#2453 = VECTOR('',#2454,1.);
#2454 = DIRECTION('',(-1.286151794762E-16,-2.267832627032E-17,-1.));
#2455 = ORIENTED_EDGE('',*,*,#2434,.F.);
#2456 = ORIENTED_EDGE('',*,*,#2379,.F.);
#2457 = ORIENTED_EDGE('',*,*,#2458,.T.);
#2458 = EDGE_CURVE('',#2372,#2449,#2459,.T.);
#2459 = LINE('',#2460,#2461);
#2460 = CARTESIAN_POINT('',(3.66935085043,2.3876,3.05975085043));
#2461 = VECTOR('',#2462,1.);
#2462 = DIRECTION('',(0.171087869746,-0.970287525248,0.171087869746));
#2463 = PLANE('',#2464);
#2464 = AXIS2_PLACEMENT_3D('',#2465,#2466,#2467);
#2465 = CARTESIAN_POINT('',(3.87985,1.1938,-3.27025));
#2466 = DIRECTION('',(0.984807753012,0.173648177667,-1.305992759326E-16)
  );
#2467 = DIRECTION('',(-0.173648177667,0.984807753012,0.));
#2468 = ADVANCED_FACE('',(#2469),#2480,.T.);
#2469 = FACE_BOUND('',#2470,.T.);
#2470 = EDGE_LOOP('',(#2471,#2477,#2478,#2479));
#2471 = ORIENTED_EDGE('',*,*,#2472,.T.);
#2472 = EDGE_CURVE('',#2396,#2449,#2473,.T.);
#2473 = LINE('',#2474,#2475);
#2474 = CARTESIAN_POINT('',(-2.21615,1.1938,3.27025));
#2475 = VECTOR('',#2476,1.);
#2476 = DIRECTION('',(1.,2.433195422753E-17,1.379933696463E-16));
#2477 = ORIENTED_EDGE('',*,*,#2458,.F.);
#2478 = ORIENTED_EDGE('',*,*,#2371,.F.);
#2479 = ORIENTED_EDGE('',*,*,#2403,.F.);
#2480 = PLANE('',#2481);
#2481 = AXIS2_PLACEMENT_3D('',#2482,#2483,#2484);
#2482 = CARTESIAN_POINT('',(-2.21615,1.1938,3.27025));
#2483 = DIRECTION('',(-1.401221398027E-16,0.173648177667,0.984807753012)
  );
#2484 = DIRECTION('',(0.,-0.984807753012,0.173648177667));
#2485 = ADVANCED_FACE('',(#2486),#2511,.T.);
#2486 = FACE_BOUND('',#2487,.T.);
#2487 = EDGE_LOOP('',(#2488,#2489,#2497,#2505));
#2488 = ORIENTED_EDGE('',*,*,#2393,.F.);
#2489 = ORIENTED_EDGE('',*,*,#2490,.T.);
#2490 = EDGE_CURVE('',#2394,#2491,#2493,.T.);
#2491 = VERTEX_POINT('',#2492);
#2492 = CARTESIAN_POINT('',(-2.00565085043,-1.623399282029E-16,
    -3.05975085043));
#2493 = LINE('',#2494,#2495);
#2494 = CARTESIAN_POINT('',(-2.21615,1.1938,-3.27025));
#2495 = VECTOR('',#2496,1.);
#2496 = DIRECTION('',(0.171087869746,-0.970287525248,0.171087869746));
#2497 = ORIENTED_EDGE('',*,*,#2498,.T.);
#2498 = EDGE_CURVE('',#2491,#2499,#2501,.T.);
#2499 = VERTEX_POINT('',#2500);
#2500 = CARTESIAN_POINT('',(-2.00565085043,-4.448015145371E-17,
    3.05975085043));
#2501 = LINE('',#2502,#2503);
#2502 = CARTESIAN_POINT('',(-2.00565085043,-4.336808689942E-16,-3.27025)
  );
#2503 = VECTOR('',#2504,1.);
#2504 = DIRECTION('',(1.286151794762E-16,2.267832627032E-17,1.));
#2505 = ORIENTED_EDGE('',*,*,#2506,.T.);
#2506 = EDGE_CURVE('',#2499,#2396,#2507,.T.);
#2507 = LINE('',#2508,#2509);
#2508 = CARTESIAN_POINT('',(-2.00565085043,-7.328660991967E-17,
    3.05975085043));
#2509 = VECTOR('',#2510,1.);
#2510 = DIRECTION('',(-0.171087869746,0.970287525248,0.171087869746));
#2511 = PLANE('',#2512);
#2512 = AXIS2_PLACEMENT_3D('',#2513,#2514,#2515);
#2513 = CARTESIAN_POINT('',(-2.21615,1.1938,-3.27025));
#2514 = DIRECTION('',(-0.984807753012,-0.173648177667,1.305992759326E-16
    ));
#2515 = DIRECTION('',(0.173648177667,-0.984807753012,0.));
#2516 = ADVANCED_FACE('',(#2517),#2535,.T.);
#2517 = FACE_BOUND('',#2518,.T.);
#2518 = EDGE_LOOP('',(#2519,#2520,#2528,#2534));
#2519 = ORIENTED_EDGE('',*,*,#2424,.F.);
#2520 = ORIENTED_EDGE('',*,*,#2521,.T.);
#2521 = EDGE_CURVE('',#2425,#2522,#2524,.T.);
#2522 = VERTEX_POINT('',#2523);
#2523 = CARTESIAN_POINT('',(3.66935085043,7.832971434209E-17,
    -3.05975085043));
#2524 = LINE('',#2525,#2526);
#2525 = CARTESIAN_POINT('',(3.87985,1.1938,-3.27025));
#2526 = VECTOR('',#2527,1.);
#2527 = DIRECTION('',(-0.171087869746,-0.970287525248,0.171087869746));
#2528 = ORIENTED_EDGE('',*,*,#2529,.T.);
#2529 = EDGE_CURVE('',#2522,#2491,#2530,.T.);
#2530 = LINE('',#2531,#2532);
#2531 = CARTESIAN_POINT('',(-2.21615,-2.168404344971E-16,-3.05975085043)
  );
#2532 = VECTOR('',#2533,1.);
#2533 = DIRECTION('',(-1.,-2.433195422753E-17,-1.379933696463E-16));
#2534 = ORIENTED_EDGE('',*,*,#2490,.F.);
#2535 = PLANE('',#2536);
#2536 = AXIS2_PLACEMENT_3D('',#2537,#2538,#2539);
#2537 = CARTESIAN_POINT('',(-2.21615,1.1938,-3.27025));
#2538 = DIRECTION('',(1.401221398027E-16,-0.173648177667,-0.984807753012
    ));
#2539 = DIRECTION('',(0.,0.984807753012,-0.173648177667));
#2540 = ADVANCED_FACE('',(#2541),#2591,.T.);
#2541 = FACE_BOUND('',#2542,.T.);
#2542 = EDGE_LOOP('',(#2543,#2551,#2559,#2567,#2575,#2583,#2589,#2590));
#2543 = ORIENTED_EDGE('',*,*,#2544,.T.);
#2544 = EDGE_CURVE('',#2449,#2545,#2547,.T.);
#2545 = VERTEX_POINT('',#2546);
#2546 = CARTESIAN_POINT('',(3.66935085043,9.679930795187E-17,
    3.05975085043));
#2547 = LINE('',#2548,#2549);
#2548 = CARTESIAN_POINT('',(3.87985,1.1938,3.27025));
#2549 = VECTOR('',#2550,1.);
#2550 = DIRECTION('',(-0.171087869746,-0.970287525248,-0.171087869746));
#2551 = ORIENTED_EDGE('',*,*,#2552,.T.);
#2552 = EDGE_CURVE('',#2545,#2553,#2555,.T.);
#2553 = VERTEX_POINT('',#2554);
#2554 = CARTESIAN_POINT('',(3.66935085043,4.780611401076E-17,2.50825));
#2555 = LINE('',#2556,#2557);
#2556 = CARTESIAN_POINT('',(3.66935085043,2.168404344971E-16,-3.27025));
#2557 = VECTOR('',#2558,1.);
#2558 = DIRECTION('',(-1.286151794762E-16,2.267832627032E-17,-1.));
#2559 = ORIENTED_EDGE('',*,*,#2560,.T.);
#2560 = EDGE_CURVE('',#2553,#2561,#2563,.T.);
#2561 = VERTEX_POINT('',#2562);
#2562 = CARTESIAN_POINT('',(3.761164309285,0.5207,2.50825));
#2563 = LINE('',#2564,#2565);
#2564 = CARTESIAN_POINT('',(3.66935085043,0.,2.50825));
#2565 = VECTOR('',#2566,1.);
#2566 = DIRECTION('',(0.173648177667,0.984807753012,0.));
#2567 = ORIENTED_EDGE('',*,*,#2568,.T.);
#2568 = EDGE_CURVE('',#2561,#2569,#2571,.T.);
#2569 = VERTEX_POINT('',#2570);
#2570 = CARTESIAN_POINT('',(3.761164309285,0.5207,-2.50825));
#2571 = LINE('',#2572,#2573);
#2572 = CARTESIAN_POINT('',(3.761164309285,0.5207,-3.27025));
#2573 = VECTOR('',#2574,1.);
#2574 = DIRECTION('',(-1.286151794762E-16,2.267832627032E-17,-1.));
#2575 = ORIENTED_EDGE('',*,*,#2576,.T.);
#2576 = EDGE_CURVE('',#2569,#2577,#2579,.T.);
#2577 = VERTEX_POINT('',#2578);
#2578 = CARTESIAN_POINT('',(3.66935085043,1.333651609834E-16,-2.50825));
#2579 = LINE('',#2580,#2581);
#2580 = CARTESIAN_POINT('',(3.761164309285,0.5207,-2.50825));
#2581 = VECTOR('',#2582,1.);
#2582 = DIRECTION('',(-0.173648177667,-0.984807753012,0.));
#2583 = ORIENTED_EDGE('',*,*,#2584,.T.);
#2584 = EDGE_CURVE('',#2577,#2522,#2585,.T.);
#2585 = LINE('',#2586,#2587);
#2586 = CARTESIAN_POINT('',(3.66935085043,2.168404344971E-16,-3.27025));
#2587 = VECTOR('',#2588,1.);
#2588 = DIRECTION('',(-1.286151794762E-16,2.267832627032E-17,-1.));
#2589 = ORIENTED_EDGE('',*,*,#2521,.F.);
#2590 = ORIENTED_EDGE('',*,*,#2448,.F.);
#2591 = PLANE('',#2592);
#2592 = AXIS2_PLACEMENT_3D('',#2593,#2594,#2595);
#2593 = CARTESIAN_POINT('',(3.87985,1.1938,-3.27025));
#2594 = DIRECTION('',(0.984807753012,-0.173648177667,-1.305992759326E-16
    ));
#2595 = DIRECTION('',(0.173648177667,0.984807753012,0.));
#2596 = ADVANCED_FACE('',(#2597),#2608,.T.);
#2597 = FACE_BOUND('',#2598,.T.);
#2598 = EDGE_LOOP('',(#2599,#2600,#2601,#2607));
#2599 = ORIENTED_EDGE('',*,*,#2472,.F.);
#2600 = ORIENTED_EDGE('',*,*,#2506,.F.);
#2601 = ORIENTED_EDGE('',*,*,#2602,.T.);
#2602 = EDGE_CURVE('',#2499,#2545,#2603,.T.);
#2603 = LINE('',#2604,#2605);
#2604 = CARTESIAN_POINT('',(-2.21615,2.168404344971E-16,3.05975085043));
#2605 = VECTOR('',#2606,1.);
#2606 = DIRECTION('',(1.,-2.433195422753E-17,1.379933696463E-16));
#2607 = ORIENTED_EDGE('',*,*,#2544,.F.);
#2608 = PLANE('',#2609);
#2609 = AXIS2_PLACEMENT_3D('',#2610,#2611,#2612);
#2610 = CARTESIAN_POINT('',(-2.21615,1.1938,3.27025));
#2611 = DIRECTION('',(-1.401221398027E-16,-0.173648177667,0.984807753012
    ));
#2612 = DIRECTION('',(0.,-0.984807753012,-0.173648177667));
#2613 = ADVANCED_FACE('',(#2614),#2643,.F.);
#2614 = FACE_BOUND('',#2615,.T.);
#2615 = EDGE_LOOP('',(#2616,#2624,#2625,#2626,#2627,#2628,#2629,#2637));
#2616 = ORIENTED_EDGE('',*,*,#2617,.F.);
#2617 = EDGE_CURVE('',#2553,#2618,#2620,.T.);
#2618 = VERTEX_POINT('',#2619);
#2619 = CARTESIAN_POINT('',(-5.715E-02,0.,2.50825));
#2620 = LINE('',#2621,#2622);
#2621 = CARTESIAN_POINT('',(0.,0.,2.50825));
#2622 = VECTOR('',#2623,1.);
#2623 = DIRECTION('',(-1.,-0.,0.));
#2624 = ORIENTED_EDGE('',*,*,#2552,.F.);
#2625 = ORIENTED_EDGE('',*,*,#2602,.F.);
#2626 = ORIENTED_EDGE('',*,*,#2498,.F.);
#2627 = ORIENTED_EDGE('',*,*,#2529,.F.);
#2628 = ORIENTED_EDGE('',*,*,#2584,.F.);
#2629 = ORIENTED_EDGE('',*,*,#2630,.F.);
#2630 = EDGE_CURVE('',#2631,#2577,#2633,.T.);
#2631 = VERTEX_POINT('',#2632);
#2632 = CARTESIAN_POINT('',(-5.715E-02,0.,-2.50825));
#2633 = LINE('',#2634,#2635);
#2634 = CARTESIAN_POINT('',(0.,0.,-2.50825));
#2635 = VECTOR('',#2636,1.);
#2636 = DIRECTION('',(1.,0.,-0.));
#2637 = ORIENTED_EDGE('',*,*,#2638,.F.);
#2638 = EDGE_CURVE('',#2618,#2631,#2639,.T.);
#2639 = LINE('',#2640,#2641);
#2640 = CARTESIAN_POINT('',(-5.715E-02,0.,0.));
#2641 = VECTOR('',#2642,1.);
#2642 = DIRECTION('',(-0.,0.,-1.));
#2643 = PLANE('',#2644);
#2644 = AXIS2_PLACEMENT_3D('',#2645,#2646,#2647);
#2645 = CARTESIAN_POINT('',(0.,0.,0.));
#2646 = DIRECTION('',(0.,1.,0.));
#2647 = DIRECTION('',(0.,-0.,1.));
#2648 = ADVANCED_FACE('',(#2649),#2674,.F.);
#2649 = FACE_BOUND('',#2650,.T.);
#2650 = EDGE_LOOP('',(#2651,#2659,#2667,#2673));
#2651 = ORIENTED_EDGE('',*,*,#2652,.F.);
#2652 = EDGE_CURVE('',#2653,#2561,#2655,.T.);
#2653 = VERTEX_POINT('',#2654);
#2654 = CARTESIAN_POINT('',(-5.715E-02,0.5207,2.50825));
#2655 = LINE('',#2656,#2657);
#2656 = CARTESIAN_POINT('',(0.,0.5207,2.50825));
#2657 = VECTOR('',#2658,1.);
#2658 = DIRECTION('',(1.,0.,-0.));
#2659 = ORIENTED_EDGE('',*,*,#2660,.F.);
#2660 = EDGE_CURVE('',#2661,#2653,#2663,.T.);
#2661 = VERTEX_POINT('',#2662);
#2662 = CARTESIAN_POINT('',(-5.715E-02,0.5207,-2.50825));
#2663 = LINE('',#2664,#2665);
#2664 = CARTESIAN_POINT('',(-5.715E-02,0.5207,0.));
#2665 = VECTOR('',#2666,1.);
#2666 = DIRECTION('',(0.,-0.,1.));
#2667 = ORIENTED_EDGE('',*,*,#2668,.F.);
#2668 = EDGE_CURVE('',#2569,#2661,#2669,.T.);
#2669 = LINE('',#2670,#2671);
#2670 = CARTESIAN_POINT('',(0.,0.5207,-2.50825));
#2671 = VECTOR('',#2672,1.);
#2672 = DIRECTION('',(-1.,-0.,0.));
#2673 = ORIENTED_EDGE('',*,*,#2568,.F.);
#2674 = PLANE('',#2675);
#2675 = AXIS2_PLACEMENT_3D('',#2676,#2677,#2678);
#2676 = CARTESIAN_POINT('',(0.,0.5207,0.));
#2677 = DIRECTION('',(0.,1.,0.));
#2678 = DIRECTION('',(0.,-0.,1.));
#2679 = ADVANCED_FACE('',(#2680),#2696,.F.);
#2680 = FACE_BOUND('',#2681,.T.);
#2681 = EDGE_LOOP('',(#2682,#2688,#2689,#2695));
#2682 = ORIENTED_EDGE('',*,*,#2683,.F.);
#2683 = EDGE_CURVE('',#2661,#2631,#2684,.T.);
#2684 = LINE('',#2685,#2686);
#2685 = CARTESIAN_POINT('',(-5.715E-02,0.5207,-2.50825));
#2686 = VECTOR('',#2687,1.);
#2687 = DIRECTION('',(-0.,-1.,0.));
#2688 = ORIENTED_EDGE('',*,*,#2660,.T.);
#2689 = ORIENTED_EDGE('',*,*,#2690,.F.);
#2690 = EDGE_CURVE('',#2618,#2653,#2691,.T.);
#2691 = LINE('',#2692,#2693);
#2692 = CARTESIAN_POINT('',(-5.715E-02,0.5207,2.50825));
#2693 = VECTOR('',#2694,1.);
#2694 = DIRECTION('',(0.,1.,-0.));
#2695 = ORIENTED_EDGE('',*,*,#2638,.T.);
#2696 = PLANE('',#2697);
#2697 = AXIS2_PLACEMENT_3D('',#2698,#2699,#2700);
#2698 = CARTESIAN_POINT('',(-5.715E-02,0.5207,-2.50825));
#2699 = DIRECTION('',(-1.,0.,0.));
#2700 = DIRECTION('',(0.,0.,1.));
#2701 = ADVANCED_FACE('',(#2702),#2708,.F.);
#2702 = FACE_BOUND('',#2703,.T.);
#2703 = EDGE_LOOP('',(#2704,#2705,#2706,#2707));
#2704 = ORIENTED_EDGE('',*,*,#2617,.T.);
#2705 = ORIENTED_EDGE('',*,*,#2690,.T.);
#2706 = ORIENTED_EDGE('',*,*,#2652,.T.);
#2707 = ORIENTED_EDGE('',*,*,#2560,.F.);
#2708 = PLANE('',#2709);
#2709 = AXIS2_PLACEMENT_3D('',#2710,#2711,#2712);
#2710 = CARTESIAN_POINT('',(-5.715E-02,0.5207,2.50825));
#2711 = DIRECTION('',(0.,0.,1.));
#2712 = DIRECTION('',(1.,0.,-0.));
#2713 = ADVANCED_FACE('',(#2714),#2720,.F.);
#2714 = FACE_BOUND('',#2715,.T.);
#2715 = EDGE_LOOP('',(#2716,#2717,#2718,#2719));
#2716 = ORIENTED_EDGE('',*,*,#2668,.T.);
#2717 = ORIENTED_EDGE('',*,*,#2683,.T.);
#2718 = ORIENTED_EDGE('',*,*,#2630,.T.);
#2719 = ORIENTED_EDGE('',*,*,#2576,.F.);
#2720 = PLANE('',#2721);
#2721 = AXIS2_PLACEMENT_3D('',#2722,#2723,#2724);
#2722 = CARTESIAN_POINT('',(-5.715E-02,0.5207,-2.50825));
#2723 = DIRECTION('',(0.,0.,-1.));
#2724 = DIRECTION('',(-1.,0.,-0.));
#2725 = ( GEOMETRIC_REPRESENTATION_CONTEXT(3) 
GLOBAL_UNCERTAINTY_ASSIGNED_CONTEXT((#2729)) 
GLOBAL_UNIT_ASSIGNED_CONTEXT((#2726,#2727,#2728)) REPRESENTATION_CONTEXT
('Context #1','3D Context with UNIT and UNCERTAINTY') );
#2726 = ( LENGTH_UNIT() NAMED_UNIT(*) SI_UNIT(.MILLI.,.METRE.) );
#2727 = ( NAMED_UNIT(*) PLANE_ANGLE_UNIT() SI_UNIT($,.RADIAN.) );
#2728 = ( NAMED_UNIT(*) SI_UNIT($,.STERADIAN.) SOLID_ANGLE_UNIT() );
#2729 = UNCERTAINTY_MEASURE_WITH_UNIT(LENGTH_MEASURE(1.E-07),#2726,
  'distance_accuracy_value','confusion accuracy');
#2730 = CONTEXT_DEPENDENT_SHAPE_REPRESENTATION(#2731,#2733);
#2731 = ( REPRESENTATION_RELATIONSHIP('','',#2346,#2307) 
REPRESENTATION_RELATIONSHIP_WITH_TRANSFORMATION(#2732) 
SHAPE_REPRESENTATION_RELATIONSHIP() );
#2732 = ITEM_DEFINED_TRANSFORMATION('','',#11,#2308);
#2733 = PRODUCT_DEFINITION_SHAPE('Placement','Placement of an item',
  #2734);
#2734 = NEXT_ASSEMBLY_USAGE_OCCURRENCE('12','NAUO1','',#2302,#2341,$);
#2735 = PRODUCT_RELATED_PRODUCT_CATEGORY('part',$,(#2343));
#2736 = SHAPE_DEFINITION_REPRESENTATION(#2737,#2743);
#2737 = PRODUCT_DEFINITION_SHAPE('','',#2738);
#2738 = PRODUCT_DEFINITION('design','',#2739,#2742);
#2739 = PRODUCT_DEFINITION_FORMATION('','',#2740);
#2740 = PRODUCT('MAC4DCMT4G','MAC4DCMT4G','',(#2741));
#2741 = PRODUCT_CONTEXT('',#2,'mechanical');
#2742 = PRODUCT_DEFINITION_CONTEXT('part definition',#2,'design');
#2743 = ADVANCED_BREP_SHAPE_REPRESENTATION('',(#11,#2744),#2960);
#2744 = MANIFOLD_SOLID_BREP('',#2745);
#2745 = CLOSED_SHELL('',(#2746,#2802,#2833,#2857,#2881,#2905,#2929,#2946
    ));
#2746 = ADVANCED_FACE('',(#2747),#2797,.T.);
#2747 = FACE_BOUND('',#2748,.T.);
#2748 = EDGE_LOOP('',(#2749,#2759,#2767,#2775,#2783,#2791));
#2749 = ORIENTED_EDGE('',*,*,#2750,.T.);
#2750 = EDGE_CURVE('',#2751,#2753,#2755,.T.);
#2751 = VERTEX_POINT('',#2752);
#2752 = CARTESIAN_POINT('',(4.95935,0.5207,-1.74625));
#2753 = VERTEX_POINT('',#2754);
#2754 = CARTESIAN_POINT('',(4.19735,0.5207,-2.50825));
#2755 = LINE('',#2756,#2757);
#2756 = CARTESIAN_POINT('',(4.95935,0.5207,-1.74625));
#2757 = VECTOR('',#2758,1.);
#2758 = DIRECTION('',(-0.707106781187,0.,-0.707106781187));
#2759 = ORIENTED_EDGE('',*,*,#2760,.T.);
#2760 = EDGE_CURVE('',#2753,#2761,#2763,.T.);
#2761 = VERTEX_POINT('',#2762);
#2762 = CARTESIAN_POINT('',(-5.715E-02,0.5207,-2.50825));
#2763 = LINE('',#2764,#2765);
#2764 = CARTESIAN_POINT('',(0.,0.5207,-2.50825));
#2765 = VECTOR('',#2766,1.);
#2766 = DIRECTION('',(-1.,-0.,0.));
#2767 = ORIENTED_EDGE('',*,*,#2768,.T.);
#2768 = EDGE_CURVE('',#2761,#2769,#2771,.T.);
#2769 = VERTEX_POINT('',#2770);
#2770 = CARTESIAN_POINT('',(-5.715E-02,0.5207,2.50825));
#2771 = LINE('',#2772,#2773);
#2772 = CARTESIAN_POINT('',(-5.715E-02,0.5207,0.));
#2773 = VECTOR('',#2774,1.);
#2774 = DIRECTION('',(0.,-0.,1.));
#2775 = ORIENTED_EDGE('',*,*,#2776,.T.);
#2776 = EDGE_CURVE('',#2769,#2777,#2779,.T.);
#2777 = VERTEX_POINT('',#2778);
#2778 = CARTESIAN_POINT('',(4.19735,0.5207,2.50825));
#2779 = LINE('',#2780,#2781);
#2780 = CARTESIAN_POINT('',(0.,0.5207,2.50825));
#2781 = VECTOR('',#2782,1.);
#2782 = DIRECTION('',(1.,0.,-0.));
#2783 = ORIENTED_EDGE('',*,*,#2784,.T.);
#2784 = EDGE_CURVE('',#2777,#2785,#2787,.T.);
#2785 = VERTEX_POINT('',#2786);
#2786 = CARTESIAN_POINT('',(4.95935,0.5207,1.74625));
#2787 = LINE('',#2788,#2789);
#2788 = CARTESIAN_POINT('',(4.19735,0.5207,2.50825));
#2789 = VECTOR('',#2790,1.);
#2790 = DIRECTION('',(0.707106781187,0.,-0.707106781187));
#2791 = ORIENTED_EDGE('',*,*,#2792,.T.);
#2792 = EDGE_CURVE('',#2785,#2751,#2793,.T.);
#2793 = LINE('',#2794,#2795);
#2794 = CARTESIAN_POINT('',(4.95935,0.5207,0.));
#2795 = VECTOR('',#2796,1.);
#2796 = DIRECTION('',(-0.,0.,-1.));
#2797 = PLANE('',#2798);
#2798 = AXIS2_PLACEMENT_3D('',#2799,#2800,#2801);
#2799 = CARTESIAN_POINT('',(0.,0.5207,0.));
#2800 = DIRECTION('',(0.,1.,0.));
#2801 = DIRECTION('',(0.,-0.,1.));
#2802 = ADVANCED_FACE('',(#2803),#2828,.T.);
#2803 = FACE_BOUND('',#2804,.T.);
#2804 = EDGE_LOOP('',(#2805,#2813,#2821,#2827));
#2805 = ORIENTED_EDGE('',*,*,#2806,.T.);
#2806 = EDGE_CURVE('',#2753,#2807,#2809,.T.);
#2807 = VERTEX_POINT('',#2808);
#2808 = CARTESIAN_POINT('',(4.19735,0.,-2.50825));
#2809 = LINE('',#2810,#2811);
#2810 = CARTESIAN_POINT('',(4.19735,7.615102335645,-2.50825));
#2811 = VECTOR('',#2812,1.);
#2812 = DIRECTION('',(-0.,-1.,-0.));
#2813 = ORIENTED_EDGE('',*,*,#2814,.T.);
#2814 = EDGE_CURVE('',#2807,#2815,#2817,.T.);
#2815 = VERTEX_POINT('',#2816);
#2816 = CARTESIAN_POINT('',(-5.715E-02,0.,-2.50825));
#2817 = LINE('',#2818,#2819);
#2818 = CARTESIAN_POINT('',(-5.715E-02,0.,-2.50825));
#2819 = VECTOR('',#2820,1.);
#2820 = DIRECTION('',(-1.,0.,-0.));
#2821 = ORIENTED_EDGE('',*,*,#2822,.T.);
#2822 = EDGE_CURVE('',#2815,#2761,#2823,.T.);
#2823 = LINE('',#2824,#2825);
#2824 = CARTESIAN_POINT('',(-5.715E-02,7.615102335645,-2.50825));
#2825 = VECTOR('',#2826,1.);
#2826 = DIRECTION('',(0.,1.,0.));
#2827 = ORIENTED_EDGE('',*,*,#2760,.F.);
#2828 = PLANE('',#2829);
#2829 = AXIS2_PLACEMENT_3D('',#2830,#2831,#2832);
#2830 = CARTESIAN_POINT('',(-5.715E-02,7.615102335645,-2.50825));
#2831 = DIRECTION('',(0.,0.,-1.));
#2832 = DIRECTION('',(-1.,0.,-0.));
#2833 = ADVANCED_FACE('',(#2834),#2852,.T.);
#2834 = FACE_BOUND('',#2835,.T.);
#2835 = EDGE_LOOP('',(#2836,#2844,#2850,#2851));
#2836 = ORIENTED_EDGE('',*,*,#2837,.T.);
#2837 = EDGE_CURVE('',#2751,#2838,#2840,.T.);
#2838 = VERTEX_POINT('',#2839);
#2839 = CARTESIAN_POINT('',(4.95935,0.,-1.74625));
#2840 = LINE('',#2841,#2842);
#2841 = CARTESIAN_POINT('',(4.95935,7.615102335645,-1.74625));
#2842 = VECTOR('',#2843,1.);
#2843 = DIRECTION('',(-0.,-1.,-0.));
#2844 = ORIENTED_EDGE('',*,*,#2845,.T.);
#2845 = EDGE_CURVE('',#2838,#2807,#2846,.T.);
#2846 = LINE('',#2847,#2848);
#2847 = CARTESIAN_POINT('',(4.19735,0.,-2.50825));
#2848 = VECTOR('',#2849,1.);
#2849 = DIRECTION('',(-0.707106781187,0.,-0.707106781187));
#2850 = ORIENTED_EDGE('',*,*,#2806,.F.);
#2851 = ORIENTED_EDGE('',*,*,#2750,.F.);
#2852 = PLANE('',#2853);
#2853 = AXIS2_PLACEMENT_3D('',#2854,#2855,#2856);
#2854 = CARTESIAN_POINT('',(4.19735,7.615102335645,-2.50825));
#2855 = DIRECTION('',(0.707106781187,0.,-0.707106781187));
#2856 = DIRECTION('',(-0.707106781187,0.,-0.707106781187));
#2857 = ADVANCED_FACE('',(#2858),#2876,.T.);
#2858 = FACE_BOUND('',#2859,.T.);
#2859 = EDGE_LOOP('',(#2860,#2868,#2874,#2875));
#2860 = ORIENTED_EDGE('',*,*,#2861,.T.);
#2861 = EDGE_CURVE('',#2785,#2862,#2864,.T.);
#2862 = VERTEX_POINT('',#2863);
#2863 = CARTESIAN_POINT('',(4.95935,0.,1.74625));
#2864 = LINE('',#2865,#2866);
#2865 = CARTESIAN_POINT('',(4.95935,7.615102335645,1.74625));
#2866 = VECTOR('',#2867,1.);
#2867 = DIRECTION('',(-0.,-1.,-0.));
#2868 = ORIENTED_EDGE('',*,*,#2869,.T.);
#2869 = EDGE_CURVE('',#2862,#2838,#2870,.T.);
#2870 = LINE('',#2871,#2872);
#2871 = CARTESIAN_POINT('',(4.95935,0.,-1.74625));
#2872 = VECTOR('',#2873,1.);
#2873 = DIRECTION('',(-0.,0.,-1.));
#2874 = ORIENTED_EDGE('',*,*,#2837,.F.);
#2875 = ORIENTED_EDGE('',*,*,#2792,.F.);
#2876 = PLANE('',#2877);
#2877 = AXIS2_PLACEMENT_3D('',#2878,#2879,#2880);
#2878 = CARTESIAN_POINT('',(4.95935,7.615102335645,-1.74625));
#2879 = DIRECTION('',(1.,0.,-0.));
#2880 = DIRECTION('',(-0.,0.,-1.));
#2881 = ADVANCED_FACE('',(#2882),#2900,.T.);
#2882 = FACE_BOUND('',#2883,.T.);
#2883 = EDGE_LOOP('',(#2884,#2892,#2898,#2899));
#2884 = ORIENTED_EDGE('',*,*,#2885,.T.);
#2885 = EDGE_CURVE('',#2777,#2886,#2888,.T.);
#2886 = VERTEX_POINT('',#2887);
#2887 = CARTESIAN_POINT('',(4.19735,0.,2.50825));
#2888 = LINE('',#2889,#2890);
#2889 = CARTESIAN_POINT('',(4.19735,7.615102335645,2.50825));
#2890 = VECTOR('',#2891,1.);
#2891 = DIRECTION('',(0.,-1.,-0.));
#2892 = ORIENTED_EDGE('',*,*,#2893,.T.);
#2893 = EDGE_CURVE('',#2886,#2862,#2894,.T.);
#2894 = LINE('',#2895,#2896);
#2895 = CARTESIAN_POINT('',(4.19735,0.,2.50825));
#2896 = VECTOR('',#2897,1.);
#2897 = DIRECTION('',(0.707106781187,0.,-0.707106781187));
#2898 = ORIENTED_EDGE('',*,*,#2861,.F.);
#2899 = ORIENTED_EDGE('',*,*,#2784,.F.);
#2900 = PLANE('',#2901);
#2901 = AXIS2_PLACEMENT_3D('',#2902,#2903,#2904);
#2902 = CARTESIAN_POINT('',(4.19735,7.615102335645,2.50825));
#2903 = DIRECTION('',(0.707106781187,0.,0.707106781187));
#2904 = DIRECTION('',(0.707106781187,0.,-0.707106781187));
#2905 = ADVANCED_FACE('',(#2906),#2924,.T.);
#2906 = FACE_BOUND('',#2907,.T.);
#2907 = EDGE_LOOP('',(#2908,#2916,#2922,#2923));
#2908 = ORIENTED_EDGE('',*,*,#2909,.T.);
#2909 = EDGE_CURVE('',#2769,#2910,#2912,.T.);
#2910 = VERTEX_POINT('',#2911);
#2911 = CARTESIAN_POINT('',(-5.715E-02,0.,2.50825));
#2912 = LINE('',#2913,#2914);
#2913 = CARTESIAN_POINT('',(-5.715E-02,7.615102335645,2.50825));
#2914 = VECTOR('',#2915,1.);
#2915 = DIRECTION('',(-0.,-1.,0.));
#2916 = ORIENTED_EDGE('',*,*,#2917,.T.);
#2917 = EDGE_CURVE('',#2910,#2886,#2918,.T.);
#2918 = LINE('',#2919,#2920);
#2919 = CARTESIAN_POINT('',(-5.715E-02,0.,2.50825));
#2920 = VECTOR('',#2921,1.);
#2921 = DIRECTION('',(1.,0.,0.));
#2922 = ORIENTED_EDGE('',*,*,#2885,.F.);
#2923 = ORIENTED_EDGE('',*,*,#2776,.F.);
#2924 = PLANE('',#2925);
#2925 = AXIS2_PLACEMENT_3D('',#2926,#2927,#2928);
#2926 = CARTESIAN_POINT('',(-5.715E-02,7.615102335645,2.50825));
#2927 = DIRECTION('',(-0.,0.,1.));
#2928 = DIRECTION('',(1.,0.,0.));
#2929 = ADVANCED_FACE('',(#2930),#2941,.T.);
#2930 = FACE_BOUND('',#2931,.T.);
#2931 = EDGE_LOOP('',(#2932,#2933,#2939,#2940));
#2932 = ORIENTED_EDGE('',*,*,#2822,.F.);
#2933 = ORIENTED_EDGE('',*,*,#2934,.T.);
#2934 = EDGE_CURVE('',#2815,#2910,#2935,.T.);
#2935 = LINE('',#2936,#2937);
#2936 = CARTESIAN_POINT('',(-5.715E-02,0.,-2.50825));
#2937 = VECTOR('',#2938,1.);
#2938 = DIRECTION('',(0.,0.,1.));
#2939 = ORIENTED_EDGE('',*,*,#2909,.F.);
#2940 = ORIENTED_EDGE('',*,*,#2768,.F.);
#2941 = PLANE('',#2942);
#2942 = AXIS2_PLACEMENT_3D('',#2943,#2944,#2945);
#2943 = CARTESIAN_POINT('',(-5.715E-02,7.615102335645,-2.50825));
#2944 = DIRECTION('',(-1.,0.,0.));
#2945 = DIRECTION('',(0.,0.,1.));
#2946 = ADVANCED_FACE('',(#2947),#2955,.F.);
#2947 = FACE_BOUND('',#2948,.T.);
#2948 = EDGE_LOOP('',(#2949,#2950,#2951,#2952,#2953,#2954));
#2949 = ORIENTED_EDGE('',*,*,#2814,.F.);
#2950 = ORIENTED_EDGE('',*,*,#2845,.F.);
#2951 = ORIENTED_EDGE('',*,*,#2869,.F.);
#2952 = ORIENTED_EDGE('',*,*,#2893,.F.);
#2953 = ORIENTED_EDGE('',*,*,#2917,.F.);
#2954 = ORIENTED_EDGE('',*,*,#2934,.F.);
#2955 = PLANE('',#2956);
#2956 = AXIS2_PLACEMENT_3D('',#2957,#2958,#2959);
#2957 = CARTESIAN_POINT('',(0.,0.,0.));
#2958 = DIRECTION('',(0.,1.,0.));
#2959 = DIRECTION('',(0.,-0.,1.));
#2960 = ( GEOMETRIC_REPRESENTATION_CONTEXT(3) 
GLOBAL_UNCERTAINTY_ASSIGNED_CONTEXT((#2964)) 
GLOBAL_UNIT_ASSIGNED_CONTEXT((#2961,#2962,#2963)) REPRESENTATION_CONTEXT
('Context #1','3D Context with UNIT and UNCERTAINTY') );
#2961 = ( LENGTH_UNIT() NAMED_UNIT(*) SI_UNIT(.MILLI.,.METRE.) );
#2962 = ( NAMED_UNIT(*) PLANE_ANGLE_UNIT() SI_UNIT($,.RADIAN.) );
#2963 = ( NAMED_UNIT(*) SI_UNIT($,.STERADIAN.) SOLID_ANGLE_UNIT() );
#2964 = UNCERTAINTY_MEASURE_WITH_UNIT(LENGTH_MEASURE(1.E-07),#2961,
  'distance_accuracy_value','confusion accuracy');
#2965 = CONTEXT_DEPENDENT_SHAPE_REPRESENTATION(#2966,#2968);
#2966 = ( REPRESENTATION_RELATIONSHIP('','',#2743,#2307) 
REPRESENTATION_RELATIONSHIP_WITH_TRANSFORMATION(#2967) 
SHAPE_REPRESENTATION_RELATIONSHIP() );
#2967 = ITEM_DEFINED_TRANSFORMATION('','',#11,#2312);
#2968 = PRODUCT_DEFINITION_SHAPE('Placement','Placement of an item',
  #2969);
#2969 = NEXT_ASSEMBLY_USAGE_OCCURRENCE('13','NAUO2','',#2302,#2738,$);
#2970 = PRODUCT_RELATED_PRODUCT_CATEGORY('part',$,(#2740));
#2971 = SHAPE_DEFINITION_REPRESENTATION(#2972,#2978);
#2972 = PRODUCT_DEFINITION_SHAPE('','',#2973);
#2973 = PRODUCT_DEFINITION('design','',#2974,#2977);
#2974 = PRODUCT_DEFINITION_FORMATION('','',#2975);
#2975 = PRODUCT('MAC4DCMT4G_4','MAC4DCMT4G_4','',(#2976));
#2976 = PRODUCT_CONTEXT('',#2,'mechanical');
#2977 = PRODUCT_DEFINITION_CONTEXT('part definition',#2,'design');
#2978 = ADVANCED_BREP_SHAPE_REPRESENTATION('',(#11,#2979),#3162);
#2979 = MANIFOLD_SOLID_BREP('',#2980);
#2980 = CLOSED_SHELL('',(#2981,#3021,#3060,#3084,#3116,#3133,#3150));
#2981 = ADVANCED_FACE('',(#2982),#3016,.F.);
#2982 = FACE_BOUND('',#2983,.T.);
#2983 = EDGE_LOOP('',(#2984,#2994,#3002,#3010));
#2984 = ORIENTED_EDGE('',*,*,#2985,.F.);
#2985 = EDGE_CURVE('',#2986,#2988,#2990,.T.);
#2986 = VERTEX_POINT('',#2987);
#2987 = CARTESIAN_POINT('',(-3.04165,1.4605,0.3937));
#2988 = VERTEX_POINT('',#2989);
#2989 = CARTESIAN_POINT('',(-3.04165,1.4605,-0.3937));
#2990 = LINE('',#2991,#2992);
#2991 = CARTESIAN_POINT('',(-3.04165,1.4605,0.3937));
#2992 = VECTOR('',#2993,1.);
#2993 = DIRECTION('',(0.,-0.,-1.));
#2994 = ORIENTED_EDGE('',*,*,#2995,.F.);
#2995 = EDGE_CURVE('',#2996,#2986,#2998,.T.);
#2996 = VERTEX_POINT('',#2997);
#2997 = CARTESIAN_POINT('',(-2.169123594245,1.4605,0.3937));
#2998 = LINE('',#2999,#3000);
#2999 = CARTESIAN_POINT('',(-2.169123594245,1.4605,0.3937));
#3000 = VECTOR('',#3001,1.);
#3001 = DIRECTION('',(-1.,-0.,-0.));
#3002 = ORIENTED_EDGE('',*,*,#3003,.F.);
#3003 = EDGE_CURVE('',#3004,#2996,#3006,.T.);
#3004 = VERTEX_POINT('',#3005);
#3005 = CARTESIAN_POINT('',(-2.169123594245,1.4605,-0.3937));
#3006 = LINE('',#3007,#3008);
#3007 = CARTESIAN_POINT('',(-2.169123594245,1.4605,0.3937));
#3008 = VECTOR('',#3009,1.);
#3009 = DIRECTION('',(-0.,0.,1.));
#3010 = ORIENTED_EDGE('',*,*,#3011,.F.);
#3011 = EDGE_CURVE('',#2988,#3004,#3012,.T.);
#3012 = LINE('',#3013,#3014);
#3013 = CARTESIAN_POINT('',(-2.169123594245,1.4605,-0.3937));
#3014 = VECTOR('',#3015,1.);
#3015 = DIRECTION('',(1.,0.,0.));
#3016 = PLANE('',#3017);
#3017 = AXIS2_PLACEMENT_3D('',#3018,#3019,#3020);
#3018 = CARTESIAN_POINT('',(-2.169123594245,1.4605,0.3937));
#3019 = DIRECTION('',(0.,-1.,0.));
#3020 = DIRECTION('',(0.,-0.,-1.));
#3021 = ADVANCED_FACE('',(#3022),#3055,.F.);
#3022 = FACE_BOUND('',#3023,.T.);
#3023 = EDGE_LOOP('',(#3024,#3034,#3042,#3048,#3049));
#3024 = ORIENTED_EDGE('',*,*,#3025,.F.);
#3025 = EDGE_CURVE('',#3026,#3028,#3030,.T.);
#3026 = VERTEX_POINT('',#3027);
#3027 = CARTESIAN_POINT('',(-2.1713629469,0.9398,-0.3937));
#3028 = VERTEX_POINT('',#3029);
#3029 = CARTESIAN_POINT('',(-2.21615,1.1938,-0.3937));
#3030 = LINE('',#3031,#3032);
#3031 = CARTESIAN_POINT('',(-2.1713629469,0.9398,-0.3937));
#3032 = VECTOR('',#3033,1.);
#3033 = DIRECTION('',(-0.173648177667,0.984807753012,0.));
#3034 = ORIENTED_EDGE('',*,*,#3035,.F.);
#3035 = EDGE_CURVE('',#3036,#3026,#3038,.T.);
#3036 = VERTEX_POINT('',#3037);
#3037 = CARTESIAN_POINT('',(-3.04165,0.9398,-0.3937));
#3038 = LINE('',#3039,#3040);
#3039 = CARTESIAN_POINT('',(0.,0.9398,-0.3937));
#3040 = VECTOR('',#3041,1.);
#3041 = DIRECTION('',(1.,0.,-0.));
#3042 = ORIENTED_EDGE('',*,*,#3043,.F.);
#3043 = EDGE_CURVE('',#2988,#3036,#3044,.T.);
#3044 = LINE('',#3045,#3046);
#3045 = CARTESIAN_POINT('',(-3.04165,0.,-0.3937));
#3046 = VECTOR('',#3047,1.);
#3047 = DIRECTION('',(-0.,-1.,-0.));
#3048 = ORIENTED_EDGE('',*,*,#3011,.T.);
#3049 = ORIENTED_EDGE('',*,*,#3050,.F.);
#3050 = EDGE_CURVE('',#3028,#3004,#3051,.T.);
#3051 = LINE('',#3052,#3053);
#3052 = CARTESIAN_POINT('',(-2.21615,1.1938,-0.3937));
#3053 = VECTOR('',#3054,1.);
#3054 = DIRECTION('',(0.173648177667,0.984807753012,0.));
#3055 = PLANE('',#3056);
#3056 = AXIS2_PLACEMENT_3D('',#3057,#3058,#3059);
#3057 = CARTESIAN_POINT('',(0.,0.,-0.3937));
#3058 = DIRECTION('',(0.,-0.,1.));
#3059 = DIRECTION('',(1.,0.,0.));
#3060 = ADVANCED_FACE('',(#3061),#3079,.F.);
#3061 = FACE_BOUND('',#3062,.T.);
#3062 = EDGE_LOOP('',(#3063,#3071,#3077,#3078));
#3063 = ORIENTED_EDGE('',*,*,#3064,.F.);
#3064 = EDGE_CURVE('',#3065,#3036,#3067,.T.);
#3065 = VERTEX_POINT('',#3066);
#3066 = CARTESIAN_POINT('',(-3.04165,0.9398,0.3937));
#3067 = LINE('',#3068,#3069);
#3068 = CARTESIAN_POINT('',(-3.04165,0.9398,0.3937));
#3069 = VECTOR('',#3070,1.);
#3070 = DIRECTION('',(-0.,0.,-1.));
#3071 = ORIENTED_EDGE('',*,*,#3072,.F.);
#3072 = EDGE_CURVE('',#2986,#3065,#3073,.T.);
#3073 = LINE('',#3074,#3075);
#3074 = CARTESIAN_POINT('',(-3.04165,1.4605,0.3937));
#3075 = VECTOR('',#3076,1.);
#3076 = DIRECTION('',(-0.,-1.,-0.));
#3077 = ORIENTED_EDGE('',*,*,#2985,.T.);
#3078 = ORIENTED_EDGE('',*,*,#3043,.T.);
#3079 = PLANE('',#3080);
#3080 = AXIS2_PLACEMENT_3D('',#3081,#3082,#3083);
#3081 = CARTESIAN_POINT('',(-3.04165,1.4605,0.3937));
#3082 = DIRECTION('',(1.,0.,-0.));
#3083 = DIRECTION('',(-0.,0.,-1.));
#3084 = ADVANCED_FACE('',(#3085),#3111,.T.);
#3085 = FACE_BOUND('',#3086,.T.);
#3086 = EDGE_LOOP('',(#3087,#3095,#3103,#3109,#3110));
#3087 = ORIENTED_EDGE('',*,*,#3088,.T.);
#3088 = EDGE_CURVE('',#3065,#3089,#3091,.T.);
#3089 = VERTEX_POINT('',#3090);
#3090 = CARTESIAN_POINT('',(-2.1713629469,0.9398,0.3937));
#3091 = LINE('',#3092,#3093);
#3092 = CARTESIAN_POINT('',(0.,0.9398,0.3937));
#3093 = VECTOR('',#3094,1.);
#3094 = DIRECTION('',(1.,0.,-0.));
#3095 = ORIENTED_EDGE('',*,*,#3096,.T.);
#3096 = EDGE_CURVE('',#3089,#3097,#3099,.T.);
#3097 = VERTEX_POINT('',#3098);
#3098 = CARTESIAN_POINT('',(-2.21615,1.1938,0.3937));
#3099 = LINE('',#3100,#3101);
#3100 = CARTESIAN_POINT('',(-2.1713629469,0.9398,0.3937));
#3101 = VECTOR('',#3102,1.);
#3102 = DIRECTION('',(-0.173648177667,0.984807753012,0.));
#3103 = ORIENTED_EDGE('',*,*,#3104,.T.);
#3104 = EDGE_CURVE('',#3097,#2996,#3105,.T.);
#3105 = LINE('',#3106,#3107);
#3106 = CARTESIAN_POINT('',(-2.21615,1.1938,0.3937));
#3107 = VECTOR('',#3108,1.);
#3108 = DIRECTION('',(0.173648177667,0.984807753012,0.));
#3109 = ORIENTED_EDGE('',*,*,#2995,.T.);
#3110 = ORIENTED_EDGE('',*,*,#3072,.T.);
#3111 = PLANE('',#3112);
#3112 = AXIS2_PLACEMENT_3D('',#3113,#3114,#3115);
#3113 = CARTESIAN_POINT('',(0.,0.,0.3937));
#3114 = DIRECTION('',(0.,-0.,1.));
#3115 = DIRECTION('',(1.,0.,0.));
#3116 = ADVANCED_FACE('',(#3117),#3128,.F.);
#3117 = FACE_BOUND('',#3118,.T.);
#3118 = EDGE_LOOP('',(#3119,#3120,#3121,#3127));
#3119 = ORIENTED_EDGE('',*,*,#3003,.T.);
#3120 = ORIENTED_EDGE('',*,*,#3104,.F.);
#3121 = ORIENTED_EDGE('',*,*,#3122,.F.);
#3122 = EDGE_CURVE('',#3028,#3097,#3123,.T.);
#3123 = LINE('',#3124,#3125);
#3124 = CARTESIAN_POINT('',(-2.21615,1.1938,0.3937));
#3125 = VECTOR('',#3126,1.);
#3126 = DIRECTION('',(0.,0.,1.));
#3127 = ORIENTED_EDGE('',*,*,#3050,.T.);
#3128 = PLANE('',#3129);
#3129 = AXIS2_PLACEMENT_3D('',#3130,#3131,#3132);
#3130 = CARTESIAN_POINT('',(-2.21615,1.1938,0.3937));
#3131 = DIRECTION('',(-0.984807753012,0.173648177667,0.));
#3132 = DIRECTION('',(-0.173648177667,-0.984807753012,0.));
#3133 = ADVANCED_FACE('',(#3134),#3145,.F.);
#3134 = FACE_BOUND('',#3135,.T.);
#3135 = EDGE_LOOP('',(#3136,#3137,#3138,#3144));
#3136 = ORIENTED_EDGE('',*,*,#3122,.T.);
#3137 = ORIENTED_EDGE('',*,*,#3096,.F.);
#3138 = ORIENTED_EDGE('',*,*,#3139,.F.);
#3139 = EDGE_CURVE('',#3026,#3089,#3140,.T.);
#3140 = LINE('',#3141,#3142);
#3141 = CARTESIAN_POINT('',(-2.1713629469,0.9398,0.3937));
#3142 = VECTOR('',#3143,1.);
#3143 = DIRECTION('',(0.,0.,1.));
#3144 = ORIENTED_EDGE('',*,*,#3025,.T.);
#3145 = PLANE('',#3146);
#3146 = AXIS2_PLACEMENT_3D('',#3147,#3148,#3149);
#3147 = CARTESIAN_POINT('',(-2.1713629469,0.9398,0.3937));
#3148 = DIRECTION('',(-0.984807753012,-0.173648177667,0.));
#3149 = DIRECTION('',(0.173648177667,-0.984807753012,0.));
#3150 = ADVANCED_FACE('',(#3151),#3157,.F.);
#3151 = FACE_BOUND('',#3152,.T.);
#3152 = EDGE_LOOP('',(#3153,#3154,#3155,#3156));
#3153 = ORIENTED_EDGE('',*,*,#3139,.T.);
#3154 = ORIENTED_EDGE('',*,*,#3088,.F.);
#3155 = ORIENTED_EDGE('',*,*,#3064,.T.);
#3156 = ORIENTED_EDGE('',*,*,#3035,.T.);
#3157 = PLANE('',#3158);
#3158 = AXIS2_PLACEMENT_3D('',#3159,#3160,#3161);
#3159 = CARTESIAN_POINT('',(-3.04165,0.9398,0.3937));
#3160 = DIRECTION('',(-1.245798347365E-16,1.,0.));
#3161 = DIRECTION('',(-1.,-1.245798347365E-16,0.));
#3162 = ( GEOMETRIC_REPRESENTATION_CONTEXT(3) 
GLOBAL_UNCERTAINTY_ASSIGNED_CONTEXT((#3166)) 
GLOBAL_UNIT_ASSIGNED_CONTEXT((#3163,#3164,#3165)) REPRESENTATION_CONTEXT
('Context #1','3D Context with UNIT and UNCERTAINTY') );
#3163 = ( LENGTH_UNIT() NAMED_UNIT(*) SI_UNIT(.MILLI.,.METRE.) );
#3164 = ( NAMED_UNIT(*) PLANE_ANGLE_UNIT() SI_UNIT($,.RADIAN.) );
#3165 = ( NAMED_UNIT(*) SI_UNIT($,.STERADIAN.) SOLID_ANGLE_UNIT() );
#3166 = UNCERTAINTY_MEASURE_WITH_UNIT(LENGTH_MEASURE(1.E-07),#3163,
  'distance_accuracy_value','confusion accuracy');
#3167 = CONTEXT_DEPENDENT_SHAPE_REPRESENTATION(#3168,#3170);
#3168 = ( REPRESENTATION_RELATIONSHIP('','',#2978,#2307) 
REPRESENTATION_RELATIONSHIP_WITH_TRANSFORMATION(#3169) 
SHAPE_REPRESENTATION_RELATIONSHIP() );
#3169 = ITEM_DEFINED_TRANSFORMATION('','',#11,#2316);
#3170 = PRODUCT_DEFINITION_SHAPE('Placement','Placement of an item',
  #3171);
#3171 = NEXT_ASSEMBLY_USAGE_OCCURRENCE('14','NAUO3','',#2302,#2973,$);
#3172 = PRODUCT_RELATED_PRODUCT_CATEGORY('part',$,(#2975));
#3173 = SHAPE_DEFINITION_REPRESENTATION(#3174,#3180);
#3174 = PRODUCT_DEFINITION_SHAPE('','',#3175);
#3175 = PRODUCT_DEFINITION('design','',#3176,#3179);
#3176 = PRODUCT_DEFINITION_FORMATION('','',#3177);
#3177 = PRODUCT('MAC4DCMT4G_3','MAC4DCMT4G_3','',(#3178));
#3178 = PRODUCT_CONTEXT('',#2,'mechanical');
#3179 = PRODUCT_DEFINITION_CONTEXT('part definition',#2,'design');
#3180 = ADVANCED_BREP_SHAPE_REPRESENTATION('',(#11,#3181),#3868);
#3181 = MANIFOLD_SOLID_BREP('',#3182);
#3182 = CLOSED_SHELL('',(#3183,#3239,#3306,#3347,#3371,#3404,#3435,#3469
    ,#3493,#3542,#3566,#3615,#3632,#3674,#3693,#3726,#3750,#3776,#3793,
    #3810,#3827,#3839,#3856));
#3183 = ADVANCED_FACE('',(#3184),#3234,.F.);
#3184 = FACE_BOUND('',#3185,.T.);
#3185 = EDGE_LOOP('',(#3186,#3196,#3204,#3212,#3220,#3228));
#3186 = ORIENTED_EDGE('',*,*,#3187,.F.);
#3187 = EDGE_CURVE('',#3188,#3190,#3192,.T.);
#3188 = VERTEX_POINT('',#3189);
#3189 = CARTESIAN_POINT('',(-4.234360512242,0.610579988722,-2.8067));
#3190 = VERTEX_POINT('',#3191);
#3191 = CARTESIAN_POINT('',(-3.626829988722,1.218110512242,-2.8067));
#3192 = LINE('',#3193,#3194);
#3193 = CARTESIAN_POINT('',(-3.626829988722,1.218110512242,-2.8067));
#3194 = VECTOR('',#3195,1.);
#3195 = DIRECTION('',(0.707106781187,0.707106781187,0.));
#3196 = ORIENTED_EDGE('',*,*,#3197,.F.);
#3197 = EDGE_CURVE('',#3198,#3188,#3200,.T.);
#3198 = VERTEX_POINT('',#3199);
#3199 = CARTESIAN_POINT('',(-4.234360512242,0.610579988722,-2.6797));
#3200 = LINE('',#3201,#3202);
#3201 = CARTESIAN_POINT('',(-4.234360512242,0.610579988722,-1.8923));
#3202 = VECTOR('',#3203,1.);
#3203 = DIRECTION('',(0.,-0.,-1.));
#3204 = ORIENTED_EDGE('',*,*,#3205,.F.);
#3205 = EDGE_CURVE('',#3206,#3198,#3208,.T.);
#3206 = VERTEX_POINT('',#3207);
#3207 = CARTESIAN_POINT('',(-4.234360512242,0.610579988722,-1.8923));
#3208 = LINE('',#3209,#3210);
#3209 = CARTESIAN_POINT('',(-4.234360512242,0.610579988722,-1.8923));
#3210 = VECTOR('',#3211,1.);
#3211 = DIRECTION('',(0.,-0.,-1.));
#3212 = ORIENTED_EDGE('',*,*,#3213,.F.);
#3213 = EDGE_CURVE('',#3214,#3206,#3216,.T.);
#3214 = VERTEX_POINT('',#3215);
#3215 = CARTESIAN_POINT('',(-4.234360512242,0.610579988722,-1.7653));
#3216 = LINE('',#3217,#3218);
#3217 = CARTESIAN_POINT('',(-4.234360512242,0.610579988722,-1.8923));
#3218 = VECTOR('',#3219,1.);
#3219 = DIRECTION('',(0.,-0.,-1.));
#3220 = ORIENTED_EDGE('',*,*,#3221,.F.);
#3221 = EDGE_CURVE('',#3222,#3214,#3224,.T.);
#3222 = VERTEX_POINT('',#3223);
#3223 = CARTESIAN_POINT('',(-3.626829988722,1.218110512242,-1.7653));
#3224 = LINE('',#3225,#3226);
#3225 = CARTESIAN_POINT('',(-3.626829988722,1.218110512242,-1.7653));
#3226 = VECTOR('',#3227,1.);
#3227 = DIRECTION('',(-0.707106781187,-0.707106781187,-0.));
#3228 = ORIENTED_EDGE('',*,*,#3229,.F.);
#3229 = EDGE_CURVE('',#3190,#3222,#3230,.T.);
#3230 = LINE('',#3231,#3232);
#3231 = CARTESIAN_POINT('',(-3.626829988722,1.218110512242,-1.8923));
#3232 = VECTOR('',#3233,1.);
#3233 = DIRECTION('',(-0.,0.,1.));
#3234 = PLANE('',#3235);
#3235 = AXIS2_PLACEMENT_3D('',#3236,#3237,#3238);
#3236 = CARTESIAN_POINT('',(-3.626829988722,1.218110512242,-1.8923));
#3237 = DIRECTION('',(0.707106781187,-0.707106781187,0.));
#3238 = DIRECTION('',(0.707106781187,0.707106781187,0.));
#3239 = ADVANCED_FACE('',(#3240),#3301,.T.);
#3240 = FACE_BOUND('',#3241,.T.);
#3241 = EDGE_LOOP('',(#3242,#3252,#3259,#3260,#3269,#3277,#3286,#3294));
#3242 = ORIENTED_EDGE('',*,*,#3243,.T.);
#3243 = EDGE_CURVE('',#3244,#3246,#3248,.T.);
#3244 = VERTEX_POINT('',#3245);
#3245 = CARTESIAN_POINT('',(-3.35834712778,1.397505024571,-2.6797));
#3246 = VERTEX_POINT('',#3247);
#3247 = CARTESIAN_POINT('',(-3.35834712778,1.397505024571,-2.8067));
#3248 = LINE('',#3249,#3250);
#3249 = CARTESIAN_POINT('',(-3.35834712778,1.397505024571,-1.8923));
#3250 = VECTOR('',#3251,1.);
#3251 = DIRECTION('',(-0.,-0.,-1.));
#3252 = ORIENTED_EDGE('',*,*,#3253,.T.);
#3253 = EDGE_CURVE('',#3246,#3190,#3254,.T.);
#3254 = CIRCLE('',#3255,0.82756947648);
#3255 = AXIS2_PLACEMENT_3D('',#3256,#3257,#3258);
#3256 = CARTESIAN_POINT('',(-3.04165,0.63293052352,-2.8067));
#3257 = DIRECTION('',(0.,0.,1.));
#3258 = DIRECTION('',(-1.,-9.170728770331E-16,0.));
#3259 = ORIENTED_EDGE('',*,*,#3229,.T.);
#3260 = ORIENTED_EDGE('',*,*,#3261,.T.);
#3261 = EDGE_CURVE('',#3222,#3262,#3264,.T.);
#3262 = VERTEX_POINT('',#3263);
#3263 = CARTESIAN_POINT('',(-3.35834712778,1.397505024571,-1.7653));
#3264 = CIRCLE('',#3265,0.82756947648);
#3265 = AXIS2_PLACEMENT_3D('',#3266,#3267,#3268);
#3266 = CARTESIAN_POINT('',(-3.04165,0.63293052352,-1.7653));
#3267 = DIRECTION('',(-0.,0.,-1.));
#3268 = DIRECTION('',(-1.,0.,0.));
#3269 = ORIENTED_EDGE('',*,*,#3270,.T.);
#3270 = EDGE_CURVE('',#3262,#3271,#3273,.T.);
#3271 = VERTEX_POINT('',#3272);
#3272 = CARTESIAN_POINT('',(-3.35834712778,1.397505024571,-1.8923));
#3273 = LINE('',#3274,#3275);
#3274 = CARTESIAN_POINT('',(-3.35834712778,1.397505024571,-1.8923));
#3275 = VECTOR('',#3276,1.);
#3276 = DIRECTION('',(-0.,-0.,-1.));
#3277 = ORIENTED_EDGE('',*,*,#3278,.T.);
#3278 = EDGE_CURVE('',#3271,#3279,#3281,.T.);
#3279 = VERTEX_POINT('',#3280);
#3280 = CARTESIAN_POINT('',(-3.04165,1.4605,-1.8923));
#3281 = CIRCLE('',#3282,0.82756947648);
#3282 = AXIS2_PLACEMENT_3D('',#3283,#3284,#3285);
#3283 = CARTESIAN_POINT('',(-3.04165,0.63293052352,-1.8923));
#3284 = DIRECTION('',(-0.,0.,-1.));
#3285 = DIRECTION('',(-1.,0.,0.));
#3286 = ORIENTED_EDGE('',*,*,#3287,.T.);
#3287 = EDGE_CURVE('',#3279,#3288,#3290,.T.);
#3288 = VERTEX_POINT('',#3289);
#3289 = CARTESIAN_POINT('',(-3.04165,1.4605,-2.6797));
#3290 = LINE('',#3291,#3292);
#3291 = CARTESIAN_POINT('',(-3.04165,1.4605,-1.8923));
#3292 = VECTOR('',#3293,1.);
#3293 = DIRECTION('',(-0.,-0.,-1.));
#3294 = ORIENTED_EDGE('',*,*,#3295,.T.);
#3295 = EDGE_CURVE('',#3288,#3244,#3296,.T.);
#3296 = CIRCLE('',#3297,0.82756947648);
#3297 = AXIS2_PLACEMENT_3D('',#3298,#3299,#3300);
#3298 = CARTESIAN_POINT('',(-3.04165,0.63293052352,-2.6797));
#3299 = DIRECTION('',(0.,0.,1.));
#3300 = DIRECTION('',(-1.,0.,0.));
#3301 = CYLINDRICAL_SURFACE('',#3302,0.82756947648);
#3302 = AXIS2_PLACEMENT_3D('',#3303,#3304,#3305);
#3303 = CARTESIAN_POINT('',(-3.04165,0.63293052352,-1.8923));
#3304 = DIRECTION('',(-0.,-0.,-1.));
#3305 = DIRECTION('',(-1.,0.,0.));
#3306 = ADVANCED_FACE('',(#3307),#3342,.T.);
#3307 = FACE_BOUND('',#3308,.T.);
#3308 = EDGE_LOOP('',(#3309,#3310,#3318,#3326,#3335,#3341));
#3309 = ORIENTED_EDGE('',*,*,#3253,.F.);
#3310 = ORIENTED_EDGE('',*,*,#3311,.T.);
#3311 = EDGE_CURVE('',#3246,#3312,#3314,.T.);
#3312 = VERTEX_POINT('',#3313);
#3313 = CARTESIAN_POINT('',(-3.258639487758,0.849920011278,-2.8067));
#3314 = LINE('',#3315,#3316);
#3315 = CARTESIAN_POINT('',(-3.35834712778,1.397505024571,-2.8067));
#3316 = VECTOR('',#3317,1.);
#3317 = DIRECTION('',(0.179140617397,-0.983823479695,0.));
#3318 = ORIENTED_EDGE('',*,*,#3319,.T.);
#3319 = EDGE_CURVE('',#3312,#3320,#3322,.T.);
#3320 = VERTEX_POINT('',#3321);
#3321 = CARTESIAN_POINT('',(-3.866170011278,0.242389487758,-2.8067));
#3322 = LINE('',#3323,#3324);
#3323 = CARTESIAN_POINT('',(-3.258639487758,0.849920011278,-2.8067));
#3324 = VECTOR('',#3325,1.);
#3325 = DIRECTION('',(-0.707106781187,-0.707106781187,0.));
#3326 = ORIENTED_EDGE('',*,*,#3327,.T.);
#3327 = EDGE_CURVE('',#3320,#3328,#3330,.T.);
#3328 = VERTEX_POINT('',#3329);
#3329 = CARTESIAN_POINT('',(-4.13465287222,6.299497542901E-02,-2.8067));
#3330 = CIRCLE('',#3331,0.82756947648);
#3331 = AXIS2_PLACEMENT_3D('',#3332,#3333,#3334);
#3332 = CARTESIAN_POINT('',(-4.45135,0.82756947648,-2.8067));
#3333 = DIRECTION('',(-0.,0.,-1.));
#3334 = DIRECTION('',(-1.,0.,0.));
#3335 = ORIENTED_EDGE('',*,*,#3336,.T.);
#3336 = EDGE_CURVE('',#3328,#3188,#3337,.T.);
#3337 = LINE('',#3338,#3339);
#3338 = CARTESIAN_POINT('',(-4.13465287222,6.299497542901E-02,-2.8067));
#3339 = VECTOR('',#3340,1.);
#3340 = DIRECTION('',(-0.179140617397,0.983823479695,0.));
#3341 = ORIENTED_EDGE('',*,*,#3187,.T.);
#3342 = PLANE('',#3343);
#3343 = AXIS2_PLACEMENT_3D('',#3344,#3345,#3346);
#3344 = CARTESIAN_POINT('',(-3.04165,0.63293052352,-2.8067));
#3345 = DIRECTION('',(0.,0.,-1.));
#3346 = DIRECTION('',(-1.,0.,-0.));
#3347 = ADVANCED_FACE('',(#3348),#3366,.F.);
#3348 = FACE_BOUND('',#3349,.T.);
#3349 = EDGE_LOOP('',(#3350,#3358,#3359,#3360));
#3350 = ORIENTED_EDGE('',*,*,#3351,.F.);
#3351 = EDGE_CURVE('',#3198,#3352,#3354,.T.);
#3352 = VERTEX_POINT('',#3353);
#3353 = CARTESIAN_POINT('',(-4.13465287222,6.299497542901E-02,-2.6797));
#3354 = LINE('',#3355,#3356);
#3355 = CARTESIAN_POINT('',(-4.234360512242,0.610579988722,-2.6797));
#3356 = VECTOR('',#3357,1.);
#3357 = DIRECTION('',(0.179140617397,-0.983823479695,-0.));
#3358 = ORIENTED_EDGE('',*,*,#3197,.T.);
#3359 = ORIENTED_EDGE('',*,*,#3336,.F.);
#3360 = ORIENTED_EDGE('',*,*,#3361,.F.);
#3361 = EDGE_CURVE('',#3352,#3328,#3362,.T.);
#3362 = LINE('',#3363,#3364);
#3363 = CARTESIAN_POINT('',(-4.13465287222,6.299497542901E-02,-1.7653));
#3364 = VECTOR('',#3365,1.);
#3365 = DIRECTION('',(-0.,-0.,-1.));
#3366 = PLANE('',#3367);
#3367 = AXIS2_PLACEMENT_3D('',#3368,#3369,#3370);
#3368 = CARTESIAN_POINT('',(-4.234360512242,0.610579988722,-1.7653));
#3369 = DIRECTION('',(0.983823479695,0.179140617397,-0.));
#3370 = DIRECTION('',(-0.179140617397,0.983823479695,0.));
#3371 = ADVANCED_FACE('',(#3372),#3399,.F.);
#3372 = FACE_BOUND('',#3373,.F.);
#3373 = EDGE_LOOP('',(#3374,#3383,#3384,#3393));
#3374 = ORIENTED_EDGE('',*,*,#3375,.T.);
#3375 = EDGE_CURVE('',#3376,#3198,#3378,.T.);
#3376 = VERTEX_POINT('',#3377);
#3377 = CARTESIAN_POINT('',(-4.45135,0.5207,-2.6797));
#3378 = CIRCLE('',#3379,0.30686947648);
#3379 = AXIS2_PLACEMENT_3D('',#3380,#3381,#3382);
#3380 = CARTESIAN_POINT('',(-4.45135,0.82756947648,-2.6797));
#3381 = DIRECTION('',(0.,0.,1.));
#3382 = DIRECTION('',(-1.,-3.533105295853E-15,0.));
#3383 = ORIENTED_EDGE('',*,*,#3205,.F.);
#3384 = ORIENTED_EDGE('',*,*,#3385,.T.);
#3385 = EDGE_CURVE('',#3206,#3386,#3388,.T.);
#3386 = VERTEX_POINT('',#3387);
#3387 = CARTESIAN_POINT('',(-4.45135,0.5207,-1.8923));
#3388 = CIRCLE('',#3389,0.30686947648);
#3389 = AXIS2_PLACEMENT_3D('',#3390,#3391,#3392);
#3390 = CARTESIAN_POINT('',(-4.45135,0.82756947648,-1.8923));
#3391 = DIRECTION('',(-0.,0.,-1.));
#3392 = DIRECTION('',(-1.,0.,0.));
#3393 = ORIENTED_EDGE('',*,*,#3394,.T.);
#3394 = EDGE_CURVE('',#3386,#3376,#3395,.T.);
#3395 = LINE('',#3396,#3397);
#3396 = CARTESIAN_POINT('',(-4.45135,0.5207,-1.8923));
#3397 = VECTOR('',#3398,1.);
#3398 = DIRECTION('',(-0.,-0.,-1.));
#3399 = CYLINDRICAL_SURFACE('',#3400,0.30686947648);
#3400 = AXIS2_PLACEMENT_3D('',#3401,#3402,#3403);
#3401 = CARTESIAN_POINT('',(-4.45135,0.82756947648,-1.8923));
#3402 = DIRECTION('',(-0.,-0.,-1.));
#3403 = DIRECTION('',(-1.,0.,0.));
#3404 = ADVANCED_FACE('',(#3405),#3430,.F.);
#3405 = FACE_BOUND('',#3406,.T.);
#3406 = EDGE_LOOP('',(#3407,#3417,#3423,#3424));
#3407 = ORIENTED_EDGE('',*,*,#3408,.F.);
#3408 = EDGE_CURVE('',#3409,#3411,#3413,.T.);
#3409 = VERTEX_POINT('',#3410);
#3410 = CARTESIAN_POINT('',(-4.13465287222,6.299497542901E-02,-1.7653));
#3411 = VERTEX_POINT('',#3412);
#3412 = CARTESIAN_POINT('',(-4.13465287222,6.299497542901E-02,-1.8923));
#3413 = LINE('',#3414,#3415);
#3414 = CARTESIAN_POINT('',(-4.13465287222,6.299497542901E-02,-1.7653));
#3415 = VECTOR('',#3416,1.);
#3416 = DIRECTION('',(-0.,-0.,-1.));
#3417 = ORIENTED_EDGE('',*,*,#3418,.F.);
#3418 = EDGE_CURVE('',#3214,#3409,#3419,.T.);
#3419 = LINE('',#3420,#3421);
#3420 = CARTESIAN_POINT('',(-4.234360512242,0.610579988722,-1.7653));
#3421 = VECTOR('',#3422,1.);
#3422 = DIRECTION('',(0.179140617397,-0.983823479695,-0.));
#3423 = ORIENTED_EDGE('',*,*,#3213,.T.);
#3424 = ORIENTED_EDGE('',*,*,#3425,.F.);
#3425 = EDGE_CURVE('',#3411,#3206,#3426,.T.);
#3426 = LINE('',#3427,#3428);
#3427 = CARTESIAN_POINT('',(-4.234360512242,0.610579988722,-1.8923));
#3428 = VECTOR('',#3429,1.);
#3429 = DIRECTION('',(-0.179140617397,0.983823479695,0.));
#3430 = PLANE('',#3431);
#3431 = AXIS2_PLACEMENT_3D('',#3432,#3433,#3434);
#3432 = CARTESIAN_POINT('',(-4.234360512242,0.610579988722,-1.7653));
#3433 = DIRECTION('',(0.983823479695,0.179140617397,-0.));
#3434 = DIRECTION('',(-0.179140617397,0.983823479695,0.));
#3435 = ADVANCED_FACE('',(#3436),#3464,.F.);
#3436 = FACE_BOUND('',#3437,.T.);
#3437 = EDGE_LOOP('',(#3438,#3446,#3447,#3448,#3449,#3458));
#3438 = ORIENTED_EDGE('',*,*,#3439,.F.);
#3439 = EDGE_CURVE('',#3262,#3440,#3442,.T.);
#3440 = VERTEX_POINT('',#3441);
#3441 = CARTESIAN_POINT('',(-3.258639487758,0.849920011278,-1.7653));
#3442 = LINE('',#3443,#3444);
#3443 = CARTESIAN_POINT('',(-3.35834712778,1.397505024571,-1.7653));
#3444 = VECTOR('',#3445,1.);
#3445 = DIRECTION('',(0.179140617397,-0.983823479695,0.));
#3446 = ORIENTED_EDGE('',*,*,#3261,.F.);
#3447 = ORIENTED_EDGE('',*,*,#3221,.T.);
#3448 = ORIENTED_EDGE('',*,*,#3418,.T.);
#3449 = ORIENTED_EDGE('',*,*,#3450,.F.);
#3450 = EDGE_CURVE('',#3451,#3409,#3453,.T.);
#3451 = VERTEX_POINT('',#3452);
#3452 = CARTESIAN_POINT('',(-3.866170011278,0.242389487758,-1.7653));
#3453 = CIRCLE('',#3454,0.82756947648);
#3454 = AXIS2_PLACEMENT_3D('',#3455,#3456,#3457);
#3455 = CARTESIAN_POINT('',(-4.45135,0.82756947648,-1.7653));
#3456 = DIRECTION('',(-0.,0.,-1.));
#3457 = DIRECTION('',(-1.,0.,0.));
#3458 = ORIENTED_EDGE('',*,*,#3459,.F.);
#3459 = EDGE_CURVE('',#3440,#3451,#3460,.T.);
#3460 = LINE('',#3461,#3462);
#3461 = CARTESIAN_POINT('',(-3.258639487758,0.849920011278,-1.7653));
#3462 = VECTOR('',#3463,1.);
#3463 = DIRECTION('',(-0.707106781187,-0.707106781187,0.));
#3464 = PLANE('',#3465);
#3465 = AXIS2_PLACEMENT_3D('',#3466,#3467,#3468);
#3466 = CARTESIAN_POINT('',(-3.04165,0.63293052352,-1.7653));
#3467 = DIRECTION('',(0.,0.,-1.));
#3468 = DIRECTION('',(-1.,0.,-0.));
#3469 = ADVANCED_FACE('',(#3470),#3488,.F.);
#3470 = FACE_BOUND('',#3471,.T.);
#3471 = EDGE_LOOP('',(#3472,#3480,#3486,#3487));
#3472 = ORIENTED_EDGE('',*,*,#3473,.F.);
#3473 = EDGE_CURVE('',#3474,#3244,#3476,.T.);
#3474 = VERTEX_POINT('',#3475);
#3475 = CARTESIAN_POINT('',(-3.258639487758,0.849920011278,-2.6797));
#3476 = LINE('',#3477,#3478);
#3477 = CARTESIAN_POINT('',(-3.258639487758,0.849920011278,-2.6797));
#3478 = VECTOR('',#3479,1.);
#3479 = DIRECTION('',(-0.179140617397,0.983823479695,-0.));
#3480 = ORIENTED_EDGE('',*,*,#3481,.F.);
#3481 = EDGE_CURVE('',#3312,#3474,#3482,.T.);
#3482 = LINE('',#3483,#3484);
#3483 = CARTESIAN_POINT('',(-3.258639487758,0.849920011278,-1.7653));
#3484 = VECTOR('',#3485,1.);
#3485 = DIRECTION('',(0.,0.,1.));
#3486 = ORIENTED_EDGE('',*,*,#3311,.F.);
#3487 = ORIENTED_EDGE('',*,*,#3243,.F.);
#3488 = PLANE('',#3489);
#3489 = AXIS2_PLACEMENT_3D('',#3490,#3491,#3492);
#3490 = CARTESIAN_POINT('',(-3.258639487758,0.849920011278,-1.7653));
#3491 = DIRECTION('',(-0.983823479695,-0.179140617397,0.));
#3492 = DIRECTION('',(0.179140617397,-0.983823479695,0.));
#3493 = ADVANCED_FACE('',(#3494),#3537,.F.);
#3494 = FACE_BOUND('',#3495,.T.);
#3495 = EDGE_LOOP('',(#3496,#3497,#3505,#3513,#3521,#3529,#3536));
#3496 = ORIENTED_EDGE('',*,*,#3295,.F.);
#3497 = ORIENTED_EDGE('',*,*,#3498,.F.);
#3498 = EDGE_CURVE('',#3499,#3288,#3501,.T.);
#3499 = VERTEX_POINT('',#3500);
#3500 = CARTESIAN_POINT('',(-2.169123594245,1.4605,-2.6797));
#3501 = LINE('',#3502,#3503);
#3502 = CARTESIAN_POINT('',(-3.04165,1.4605,-2.6797));
#3503 = VECTOR('',#3504,1.);
#3504 = DIRECTION('',(-1.,-0.,0.));
#3505 = ORIENTED_EDGE('',*,*,#3506,.F.);
#3506 = EDGE_CURVE('',#3507,#3499,#3509,.T.);
#3507 = VERTEX_POINT('',#3508);
#3508 = CARTESIAN_POINT('',(-2.21615,1.1938,-2.6797));
#3509 = LINE('',#3510,#3511);
#3510 = CARTESIAN_POINT('',(-2.21615,1.1938,-2.6797));
#3511 = VECTOR('',#3512,1.);
#3512 = DIRECTION('',(0.173648177667,0.984807753012,0.));
#3513 = ORIENTED_EDGE('',*,*,#3514,.F.);
#3514 = EDGE_CURVE('',#3515,#3507,#3517,.T.);
#3515 = VERTEX_POINT('',#3516);
#3516 = CARTESIAN_POINT('',(-2.1713629469,0.9398,-2.6797));
#3517 = LINE('',#3518,#3519);
#3518 = CARTESIAN_POINT('',(-2.1713629469,0.9398,-2.6797));
#3519 = VECTOR('',#3520,1.);
#3520 = DIRECTION('',(-0.173648177667,0.984807753012,0.));
#3521 = ORIENTED_EDGE('',*,*,#3522,.F.);
#3522 = EDGE_CURVE('',#3523,#3515,#3525,.T.);
#3523 = VERTEX_POINT('',#3524);
#3524 = CARTESIAN_POINT('',(-3.04165,0.9398,-2.6797));
#3525 = LINE('',#3526,#3527);
#3526 = CARTESIAN_POINT('',(-3.04165,0.9398,-2.6797));
#3527 = VECTOR('',#3528,1.);
#3528 = DIRECTION('',(1.,0.,-0.));
#3529 = ORIENTED_EDGE('',*,*,#3530,.F.);
#3530 = EDGE_CURVE('',#3474,#3523,#3531,.T.);
#3531 = CIRCLE('',#3532,0.30686947648);
#3532 = AXIS2_PLACEMENT_3D('',#3533,#3534,#3535);
#3533 = CARTESIAN_POINT('',(-3.04165,0.63293052352,-2.6797));
#3534 = DIRECTION('',(-0.,0.,-1.));
#3535 = DIRECTION('',(-1.,0.,0.));
#3536 = ORIENTED_EDGE('',*,*,#3473,.T.);
#3537 = PLANE('',#3538);
#3538 = AXIS2_PLACEMENT_3D('',#3539,#3540,#3541);
#3539 = CARTESIAN_POINT('',(-3.04165,0.63293052352,-2.6797));
#3540 = DIRECTION('',(0.,0.,1.));
#3541 = DIRECTION('',(1.,0.,-0.));
#3542 = ADVANCED_FACE('',(#3543),#3561,.F.);
#3543 = FACE_BOUND('',#3544,.T.);
#3544 = EDGE_LOOP('',(#3545,#3546,#3554,#3560));
#3545 = ORIENTED_EDGE('',*,*,#3287,.F.);
#3546 = ORIENTED_EDGE('',*,*,#3547,.F.);
#3547 = EDGE_CURVE('',#3548,#3279,#3550,.T.);
#3548 = VERTEX_POINT('',#3549);
#3549 = CARTESIAN_POINT('',(-2.169123594245,1.4605,-1.8923));
#3550 = LINE('',#3551,#3552);
#3551 = CARTESIAN_POINT('',(-2.169123594245,1.4605,-1.8923));
#3552 = VECTOR('',#3553,1.);
#3553 = DIRECTION('',(-1.,-0.,-0.));
#3554 = ORIENTED_EDGE('',*,*,#3555,.F.);
#3555 = EDGE_CURVE('',#3499,#3548,#3556,.T.);
#3556 = LINE('',#3557,#3558);
#3557 = CARTESIAN_POINT('',(-2.169123594245,1.4605,-1.8923));
#3558 = VECTOR('',#3559,1.);
#3559 = DIRECTION('',(-0.,0.,1.));
#3560 = ORIENTED_EDGE('',*,*,#3498,.T.);
#3561 = PLANE('',#3562);
#3562 = AXIS2_PLACEMENT_3D('',#3563,#3564,#3565);
#3563 = CARTESIAN_POINT('',(-2.169123594245,1.4605,-1.8923));
#3564 = DIRECTION('',(0.,-1.,0.));
#3565 = DIRECTION('',(0.,-0.,-1.));
#3566 = ADVANCED_FACE('',(#3567),#3610,.T.);
#3567 = FACE_BOUND('',#3568,.T.);
#3568 = EDGE_LOOP('',(#3569,#3577,#3578,#3579,#3587,#3596,#3604));
#3569 = ORIENTED_EDGE('',*,*,#3570,.T.);
#3570 = EDGE_CURVE('',#3571,#3548,#3573,.T.);
#3571 = VERTEX_POINT('',#3572);
#3572 = CARTESIAN_POINT('',(-2.21615,1.1938,-1.8923));
#3573 = LINE('',#3574,#3575);
#3574 = CARTESIAN_POINT('',(-2.21615,1.1938,-1.8923));
#3575 = VECTOR('',#3576,1.);
#3576 = DIRECTION('',(0.173648177667,0.984807753012,0.));
#3577 = ORIENTED_EDGE('',*,*,#3547,.T.);
#3578 = ORIENTED_EDGE('',*,*,#3278,.F.);
#3579 = ORIENTED_EDGE('',*,*,#3580,.T.);
#3580 = EDGE_CURVE('',#3271,#3581,#3583,.T.);
#3581 = VERTEX_POINT('',#3582);
#3582 = CARTESIAN_POINT('',(-3.258639487758,0.849920011278,-1.8923));
#3583 = LINE('',#3584,#3585);
#3584 = CARTESIAN_POINT('',(-3.35834712778,1.397505024571,-1.8923));
#3585 = VECTOR('',#3586,1.);
#3586 = DIRECTION('',(0.179140617397,-0.983823479695,0.));
#3587 = ORIENTED_EDGE('',*,*,#3588,.T.);
#3588 = EDGE_CURVE('',#3581,#3589,#3591,.T.);
#3589 = VERTEX_POINT('',#3590);
#3590 = CARTESIAN_POINT('',(-3.04165,0.9398,-1.8923));
#3591 = CIRCLE('',#3592,0.30686947648);
#3592 = AXIS2_PLACEMENT_3D('',#3593,#3594,#3595);
#3593 = CARTESIAN_POINT('',(-3.04165,0.63293052352,-1.8923));
#3594 = DIRECTION('',(-0.,0.,-1.));
#3595 = DIRECTION('',(-1.,0.,0.));
#3596 = ORIENTED_EDGE('',*,*,#3597,.T.);
#3597 = EDGE_CURVE('',#3589,#3598,#3600,.T.);
#3598 = VERTEX_POINT('',#3599);
#3599 = CARTESIAN_POINT('',(-2.1713629469,0.9398,-1.8923));
#3600 = LINE('',#3601,#3602);
#3601 = CARTESIAN_POINT('',(-3.04165,0.9398,-1.8923));
#3602 = VECTOR('',#3603,1.);
#3603 = DIRECTION('',(1.,0.,-0.));
#3604 = ORIENTED_EDGE('',*,*,#3605,.T.);
#3605 = EDGE_CURVE('',#3598,#3571,#3606,.T.);
#3606 = LINE('',#3607,#3608);
#3607 = CARTESIAN_POINT('',(-2.1713629469,0.9398,-1.8923));
#3608 = VECTOR('',#3609,1.);
#3609 = DIRECTION('',(-0.173648177667,0.984807753012,0.));
#3610 = PLANE('',#3611);
#3611 = AXIS2_PLACEMENT_3D('',#3612,#3613,#3614);
#3612 = CARTESIAN_POINT('',(-3.04165,0.63293052352,-1.8923));
#3613 = DIRECTION('',(0.,0.,1.));
#3614 = DIRECTION('',(1.,0.,-0.));
#3615 = ADVANCED_FACE('',(#3616),#3627,.F.);
#3616 = FACE_BOUND('',#3617,.T.);
#3617 = EDGE_LOOP('',(#3618,#3619,#3620,#3626));
#3618 = ORIENTED_EDGE('',*,*,#3270,.F.);
#3619 = ORIENTED_EDGE('',*,*,#3439,.T.);
#3620 = ORIENTED_EDGE('',*,*,#3621,.F.);
#3621 = EDGE_CURVE('',#3581,#3440,#3622,.T.);
#3622 = LINE('',#3623,#3624);
#3623 = CARTESIAN_POINT('',(-3.258639487758,0.849920011278,-1.7653));
#3624 = VECTOR('',#3625,1.);
#3625 = DIRECTION('',(0.,0.,1.));
#3626 = ORIENTED_EDGE('',*,*,#3580,.F.);
#3627 = PLANE('',#3628);
#3628 = AXIS2_PLACEMENT_3D('',#3629,#3630,#3631);
#3629 = CARTESIAN_POINT('',(-3.258639487758,0.849920011278,-1.7653));
#3630 = DIRECTION('',(-0.983823479695,-0.179140617397,0.));
#3631 = DIRECTION('',(0.179140617397,-0.983823479695,0.));
#3632 = ADVANCED_FACE('',(#3633),#3669,.T.);
#3633 = FACE_BOUND('',#3634,.T.);
#3634 = EDGE_LOOP('',(#3635,#3636,#3637,#3643,#3644,#3645,#3654,#3662));
#3635 = ORIENTED_EDGE('',*,*,#3361,.T.);
#3636 = ORIENTED_EDGE('',*,*,#3327,.F.);
#3637 = ORIENTED_EDGE('',*,*,#3638,.T.);
#3638 = EDGE_CURVE('',#3320,#3451,#3639,.T.);
#3639 = LINE('',#3640,#3641);
#3640 = CARTESIAN_POINT('',(-3.866170011278,0.242389487758,-1.8923));
#3641 = VECTOR('',#3642,1.);
#3642 = DIRECTION('',(0.,0.,1.));
#3643 = ORIENTED_EDGE('',*,*,#3450,.T.);
#3644 = ORIENTED_EDGE('',*,*,#3408,.T.);
#3645 = ORIENTED_EDGE('',*,*,#3646,.T.);
#3646 = EDGE_CURVE('',#3411,#3647,#3649,.T.);
#3647 = VERTEX_POINT('',#3648);
#3648 = CARTESIAN_POINT('',(-4.45135,-2.710505431214E-16,-1.8923));
#3649 = CIRCLE('',#3650,0.82756947648);
#3650 = AXIS2_PLACEMENT_3D('',#3651,#3652,#3653);
#3651 = CARTESIAN_POINT('',(-4.45135,0.82756947648,-1.8923));
#3652 = DIRECTION('',(-0.,0.,-1.));
#3653 = DIRECTION('',(-1.,0.,0.));
#3654 = ORIENTED_EDGE('',*,*,#3655,.T.);
#3655 = EDGE_CURVE('',#3647,#3656,#3658,.T.);
#3656 = VERTEX_POINT('',#3657);
#3657 = CARTESIAN_POINT('',(-4.45135,-2.710505431214E-16,-2.6797));
#3658 = LINE('',#3659,#3660);
#3659 = CARTESIAN_POINT('',(-4.45135,-5.421010862428E-16,-1.8923));
#3660 = VECTOR('',#3661,1.);
#3661 = DIRECTION('',(-0.,-0.,-1.));
#3662 = ORIENTED_EDGE('',*,*,#3663,.T.);
#3663 = EDGE_CURVE('',#3656,#3352,#3664,.T.);
#3664 = CIRCLE('',#3665,0.82756947648);
#3665 = AXIS2_PLACEMENT_3D('',#3666,#3667,#3668);
#3666 = CARTESIAN_POINT('',(-4.45135,0.82756947648,-2.6797));
#3667 = DIRECTION('',(0.,0.,1.));
#3668 = DIRECTION('',(-1.,9.170728770331E-16,0.));
#3669 = CYLINDRICAL_SURFACE('',#3670,0.82756947648);
#3670 = AXIS2_PLACEMENT_3D('',#3671,#3672,#3673);
#3671 = CARTESIAN_POINT('',(-4.45135,0.82756947648,-1.8923));
#3672 = DIRECTION('',(-0.,-0.,-1.));
#3673 = DIRECTION('',(-1.,0.,0.));
#3674 = ADVANCED_FACE('',(#3675),#3688,.F.);
#3675 = FACE_BOUND('',#3676,.T.);
#3676 = EDGE_LOOP('',(#3677,#3678,#3679,#3685,#3686,#3687));
#3677 = ORIENTED_EDGE('',*,*,#3319,.F.);
#3678 = ORIENTED_EDGE('',*,*,#3481,.T.);
#3679 = ORIENTED_EDGE('',*,*,#3680,.F.);
#3680 = EDGE_CURVE('',#3581,#3474,#3681,.T.);
#3681 = LINE('',#3682,#3683);
#3682 = CARTESIAN_POINT('',(-3.258639487758,0.849920011278,-1.8923));
#3683 = VECTOR('',#3684,1.);
#3684 = DIRECTION('',(-0.,-0.,-1.));
#3685 = ORIENTED_EDGE('',*,*,#3621,.T.);
#3686 = ORIENTED_EDGE('',*,*,#3459,.T.);
#3687 = ORIENTED_EDGE('',*,*,#3638,.F.);
#3688 = PLANE('',#3689);
#3689 = AXIS2_PLACEMENT_3D('',#3690,#3691,#3692);
#3690 = CARTESIAN_POINT('',(-3.258639487758,0.849920011278,-1.8923));
#3691 = DIRECTION('',(-0.707106781187,0.707106781187,0.));
#3692 = DIRECTION('',(-0.707106781187,-0.707106781187,0.));
#3693 = ADVANCED_FACE('',(#3694),#3721,.F.);
#3694 = FACE_BOUND('',#3695,.T.);
#3695 = EDGE_LOOP('',(#3696,#3697,#3705,#3713,#3719,#3720));
#3696 = ORIENTED_EDGE('',*,*,#3663,.F.);
#3697 = ORIENTED_EDGE('',*,*,#3698,.F.);
#3698 = EDGE_CURVE('',#3699,#3656,#3701,.T.);
#3699 = VERTEX_POINT('',#3700);
#3700 = CARTESIAN_POINT('',(-4.95935,-1.807003620809E-17,-2.6797));
#3701 = LINE('',#3702,#3703);
#3702 = CARTESIAN_POINT('',(-3.04165,0.,-2.6797));
#3703 = VECTOR('',#3704,1.);
#3704 = DIRECTION('',(1.,0.,-0.));
#3705 = ORIENTED_EDGE('',*,*,#3706,.F.);
#3706 = EDGE_CURVE('',#3707,#3699,#3709,.T.);
#3707 = VERTEX_POINT('',#3708);
#3708 = CARTESIAN_POINT('',(-4.95935,0.5207,-2.6797));
#3709 = LINE('',#3710,#3711);
#3710 = CARTESIAN_POINT('',(-4.95935,0.63293052352,-2.6797));
#3711 = VECTOR('',#3712,1.);
#3712 = DIRECTION('',(0.,-1.,-0.));
#3713 = ORIENTED_EDGE('',*,*,#3714,.F.);
#3714 = EDGE_CURVE('',#3376,#3707,#3715,.T.);
#3715 = LINE('',#3716,#3717);
#3716 = CARTESIAN_POINT('',(-3.04165,0.5207,-2.6797));
#3717 = VECTOR('',#3718,1.);
#3718 = DIRECTION('',(-1.,-0.,0.));
#3719 = ORIENTED_EDGE('',*,*,#3375,.T.);
#3720 = ORIENTED_EDGE('',*,*,#3351,.T.);
#3721 = PLANE('',#3722);
#3722 = AXIS2_PLACEMENT_3D('',#3723,#3724,#3725);
#3723 = CARTESIAN_POINT('',(-3.04165,0.63293052352,-2.6797));
#3724 = DIRECTION('',(0.,0.,1.));
#3725 = DIRECTION('',(1.,0.,-0.));
#3726 = ADVANCED_FACE('',(#3727),#3745,.F.);
#3727 = FACE_BOUND('',#3728,.T.);
#3728 = EDGE_LOOP('',(#3729,#3737,#3743,#3744));
#3729 = ORIENTED_EDGE('',*,*,#3730,.F.);
#3730 = EDGE_CURVE('',#3731,#3707,#3733,.T.);
#3731 = VERTEX_POINT('',#3732);
#3732 = CARTESIAN_POINT('',(-4.95935,0.5207,-1.8923));
#3733 = LINE('',#3734,#3735);
#3734 = CARTESIAN_POINT('',(-4.95935,0.5207,-1.8923));
#3735 = VECTOR('',#3736,1.);
#3736 = DIRECTION('',(0.,-0.,-1.));
#3737 = ORIENTED_EDGE('',*,*,#3738,.F.);
#3738 = EDGE_CURVE('',#3386,#3731,#3739,.T.);
#3739 = LINE('',#3740,#3741);
#3740 = CARTESIAN_POINT('',(-4.45135,0.5207,-1.8923));
#3741 = VECTOR('',#3742,1.);
#3742 = DIRECTION('',(-1.,-4.2685124901E-16,-0.));
#3743 = ORIENTED_EDGE('',*,*,#3394,.T.);
#3744 = ORIENTED_EDGE('',*,*,#3714,.T.);
#3745 = PLANE('',#3746);
#3746 = AXIS2_PLACEMENT_3D('',#3747,#3748,#3749);
#3747 = CARTESIAN_POINT('',(-4.45135,0.5207,-1.8923));
#3748 = DIRECTION('',(4.2685124901E-16,-1.,0.));
#3749 = DIRECTION('',(1.,4.2685124901E-16,0.));
#3750 = ADVANCED_FACE('',(#3751),#3771,.T.);
#3751 = FACE_BOUND('',#3752,.T.);
#3752 = EDGE_LOOP('',(#3753,#3761,#3767,#3768,#3769,#3770));
#3753 = ORIENTED_EDGE('',*,*,#3754,.T.);
#3754 = EDGE_CURVE('',#3731,#3755,#3757,.T.);
#3755 = VERTEX_POINT('',#3756);
#3756 = CARTESIAN_POINT('',(-4.95935,-1.807003620809E-17,-1.8923));
#3757 = LINE('',#3758,#3759);
#3758 = CARTESIAN_POINT('',(-4.95935,0.63293052352,-1.8923));
#3759 = VECTOR('',#3760,1.);
#3760 = DIRECTION('',(0.,-1.,-0.));
#3761 = ORIENTED_EDGE('',*,*,#3762,.T.);
#3762 = EDGE_CURVE('',#3755,#3647,#3763,.T.);
#3763 = LINE('',#3764,#3765);
#3764 = CARTESIAN_POINT('',(-3.04165,0.,-1.8923));
#3765 = VECTOR('',#3766,1.);
#3766 = DIRECTION('',(1.,0.,-0.));
#3767 = ORIENTED_EDGE('',*,*,#3646,.F.);
#3768 = ORIENTED_EDGE('',*,*,#3425,.T.);
#3769 = ORIENTED_EDGE('',*,*,#3385,.T.);
#3770 = ORIENTED_EDGE('',*,*,#3738,.T.);
#3771 = PLANE('',#3772);
#3772 = AXIS2_PLACEMENT_3D('',#3773,#3774,#3775);
#3773 = CARTESIAN_POINT('',(-3.04165,0.63293052352,-1.8923));
#3774 = DIRECTION('',(0.,0.,1.));
#3775 = DIRECTION('',(1.,0.,-0.));
#3776 = ADVANCED_FACE('',(#3777),#3788,.F.);
#3777 = FACE_BOUND('',#3778,.T.);
#3778 = EDGE_LOOP('',(#3779,#3780,#3781,#3787));
#3779 = ORIENTED_EDGE('',*,*,#3555,.T.);
#3780 = ORIENTED_EDGE('',*,*,#3570,.F.);
#3781 = ORIENTED_EDGE('',*,*,#3782,.F.);
#3782 = EDGE_CURVE('',#3507,#3571,#3783,.T.);
#3783 = LINE('',#3784,#3785);
#3784 = CARTESIAN_POINT('',(-2.21615,1.1938,-1.8923));
#3785 = VECTOR('',#3786,1.);
#3786 = DIRECTION('',(0.,0.,1.));
#3787 = ORIENTED_EDGE('',*,*,#3506,.T.);
#3788 = PLANE('',#3789);
#3789 = AXIS2_PLACEMENT_3D('',#3790,#3791,#3792);
#3790 = CARTESIAN_POINT('',(-2.169123594245,1.4605,-1.8923));
#3791 = DIRECTION('',(-0.984807753012,0.173648177667,0.));
#3792 = DIRECTION('',(-0.173648177667,-0.984807753012,0.));
#3793 = ADVANCED_FACE('',(#3794),#3805,.F.);
#3794 = FACE_BOUND('',#3795,.T.);
#3795 = EDGE_LOOP('',(#3796,#3797,#3798,#3804));
#3796 = ORIENTED_EDGE('',*,*,#3782,.T.);
#3797 = ORIENTED_EDGE('',*,*,#3605,.F.);
#3798 = ORIENTED_EDGE('',*,*,#3799,.F.);
#3799 = EDGE_CURVE('',#3515,#3598,#3800,.T.);
#3800 = LINE('',#3801,#3802);
#3801 = CARTESIAN_POINT('',(-2.1713629469,0.9398,-1.8923));
#3802 = VECTOR('',#3803,1.);
#3803 = DIRECTION('',(0.,0.,1.));
#3804 = ORIENTED_EDGE('',*,*,#3514,.T.);
#3805 = PLANE('',#3806);
#3806 = AXIS2_PLACEMENT_3D('',#3807,#3808,#3809);
#3807 = CARTESIAN_POINT('',(-2.1713629469,0.9398,-1.8923));
#3808 = DIRECTION('',(-0.984807753012,-0.173648177667,0.));
#3809 = DIRECTION('',(0.173648177667,-0.984807753012,0.));
#3810 = ADVANCED_FACE('',(#3811),#3822,.F.);
#3811 = FACE_BOUND('',#3812,.T.);
#3812 = EDGE_LOOP('',(#3813,#3814,#3815,#3821));
#3813 = ORIENTED_EDGE('',*,*,#3799,.T.);
#3814 = ORIENTED_EDGE('',*,*,#3597,.F.);
#3815 = ORIENTED_EDGE('',*,*,#3816,.F.);
#3816 = EDGE_CURVE('',#3523,#3589,#3817,.T.);
#3817 = LINE('',#3818,#3819);
#3818 = CARTESIAN_POINT('',(-3.04165,0.9398,-1.8923));
#3819 = VECTOR('',#3820,1.);
#3820 = DIRECTION('',(0.,0.,1.));
#3821 = ORIENTED_EDGE('',*,*,#3522,.T.);
#3822 = PLANE('',#3823);
#3823 = AXIS2_PLACEMENT_3D('',#3824,#3825,#3826);
#3824 = CARTESIAN_POINT('',(-2.1713629469,0.9398,-1.8923));
#3825 = DIRECTION('',(-1.245798347365E-16,1.,0.));
#3826 = DIRECTION('',(-1.,-1.245798347365E-16,0.));
#3827 = ADVANCED_FACE('',(#3828),#3834,.F.);
#3828 = FACE_BOUND('',#3829,.F.);
#3829 = EDGE_LOOP('',(#3830,#3831,#3832,#3833));
#3830 = ORIENTED_EDGE('',*,*,#3530,.F.);
#3831 = ORIENTED_EDGE('',*,*,#3680,.F.);
#3832 = ORIENTED_EDGE('',*,*,#3588,.T.);
#3833 = ORIENTED_EDGE('',*,*,#3816,.F.);
#3834 = CYLINDRICAL_SURFACE('',#3835,0.30686947648);
#3835 = AXIS2_PLACEMENT_3D('',#3836,#3837,#3838);
#3836 = CARTESIAN_POINT('',(-3.04165,0.63293052352,-1.8923));
#3837 = DIRECTION('',(-0.,-0.,-1.));
#3838 = DIRECTION('',(-1.,0.,0.));
#3839 = ADVANCED_FACE('',(#3840),#3851,.F.);
#3840 = FACE_BOUND('',#3841,.T.);
#3841 = EDGE_LOOP('',(#3842,#3843,#3844,#3850));
#3842 = ORIENTED_EDGE('',*,*,#3655,.F.);
#3843 = ORIENTED_EDGE('',*,*,#3762,.F.);
#3844 = ORIENTED_EDGE('',*,*,#3845,.F.);
#3845 = EDGE_CURVE('',#3699,#3755,#3846,.T.);
#3846 = LINE('',#3847,#3848);
#3847 = CARTESIAN_POINT('',(-4.95935,-5.421010862428E-17,-1.8923));
#3848 = VECTOR('',#3849,1.);
#3849 = DIRECTION('',(0.,0.,1.));
#3850 = ORIENTED_EDGE('',*,*,#3698,.T.);
#3851 = PLANE('',#3852);
#3852 = AXIS2_PLACEMENT_3D('',#3853,#3854,#3855);
#3853 = CARTESIAN_POINT('',(-4.45135,-1.044203398358E-16,-1.8923));
#3854 = DIRECTION('',(9.883903781788E-17,1.,-0.));
#3855 = DIRECTION('',(-1.,9.883903781788E-17,0.));
#3856 = ADVANCED_FACE('',(#3857),#3863,.F.);
#3857 = FACE_BOUND('',#3858,.T.);
#3858 = EDGE_LOOP('',(#3859,#3860,#3861,#3862));
#3859 = ORIENTED_EDGE('',*,*,#3845,.T.);
#3860 = ORIENTED_EDGE('',*,*,#3754,.F.);
#3861 = ORIENTED_EDGE('',*,*,#3730,.T.);
#3862 = ORIENTED_EDGE('',*,*,#3706,.T.);
#3863 = PLANE('',#3864);
#3864 = AXIS2_PLACEMENT_3D('',#3865,#3866,#3867);
#3865 = CARTESIAN_POINT('',(-4.95935,0.5207,-1.8923));
#3866 = DIRECTION('',(1.,0.,-0.));
#3867 = DIRECTION('',(-0.,0.,-1.));
#3868 = ( GEOMETRIC_REPRESENTATION_CONTEXT(3) 
GLOBAL_UNCERTAINTY_ASSIGNED_CONTEXT((#3872)) 
GLOBAL_UNIT_ASSIGNED_CONTEXT((#3869,#3870,#3871)) REPRESENTATION_CONTEXT
('Context #1','3D Context with UNIT and UNCERTAINTY') );
#3869 = ( LENGTH_UNIT() NAMED_UNIT(*) SI_UNIT(.MILLI.,.METRE.) );
#3870 = ( NAMED_UNIT(*) PLANE_ANGLE_UNIT() SI_UNIT($,.RADIAN.) );
#3871 = ( NAMED_UNIT(*) SI_UNIT($,.STERADIAN.) SOLID_ANGLE_UNIT() );
#3872 = UNCERTAINTY_MEASURE_WITH_UNIT(LENGTH_MEASURE(1.E-07),#3869,
  'distance_accuracy_value','confusion accuracy');
#3873 = CONTEXT_DEPENDENT_SHAPE_REPRESENTATION(#3874,#3876);
#3874 = ( REPRESENTATION_RELATIONSHIP('','',#3180,#2307) 
REPRESENTATION_RELATIONSHIP_WITH_TRANSFORMATION(#3875) 
SHAPE_REPRESENTATION_RELATIONSHIP() );
#3875 = ITEM_DEFINED_TRANSFORMATION('','',#11,#2320);
#3876 = PRODUCT_DEFINITION_SHAPE('Placement','Placement of an item',
  #3877);
#3877 = NEXT_ASSEMBLY_USAGE_OCCURRENCE('15','NAUO4','',#2302,#3175,$);
#3878 = PRODUCT_RELATED_PRODUCT_CATEGORY('part',$,(#3177));
#3879 = SHAPE_DEFINITION_REPRESENTATION(#3880,#3886);
#3880 = PRODUCT_DEFINITION_SHAPE('','',#3881);
#3881 = PRODUCT_DEFINITION('design','',#3882,#3885);
#3882 = PRODUCT_DEFINITION_FORMATION('','',#3883);
#3883 = PRODUCT('MAC4DCMT4G_2','MAC4DCMT4G_2','',(#3884));
#3884 = PRODUCT_CONTEXT('',#2,'mechanical');
#3885 = PRODUCT_DEFINITION_CONTEXT('part definition',#2,'design');
#3886 = ADVANCED_BREP_SHAPE_REPRESENTATION('',(#11,#3887),#4574);
#3887 = MANIFOLD_SOLID_BREP('',#3888);
#3888 = CLOSED_SHELL('',(#3889,#3945,#4012,#4053,#4077,#4110,#4141,#4175
    ,#4199,#4248,#4272,#4321,#4338,#4362,#4399,#4432,#4465,#4482,#4499,
    #4516,#4533,#4545,#4562));
#3889 = ADVANCED_FACE('',(#3890),#3940,.F.);
#3890 = FACE_BOUND('',#3891,.T.);
#3891 = EDGE_LOOP('',(#3892,#3902,#3910,#3918,#3926,#3934));
#3892 = ORIENTED_EDGE('',*,*,#3893,.F.);
#3893 = EDGE_CURVE('',#3894,#3896,#3898,.T.);
#3894 = VERTEX_POINT('',#3895);
#3895 = CARTESIAN_POINT('',(-4.234360512242,0.610579988722,1.7653));
#3896 = VERTEX_POINT('',#3897);
#3897 = CARTESIAN_POINT('',(-3.626829988722,1.218110512242,1.7653));
#3898 = LINE('',#3899,#3900);
#3899 = CARTESIAN_POINT('',(-3.626829988722,1.218110512242,1.7653));
#3900 = VECTOR('',#3901,1.);
#3901 = DIRECTION('',(0.707106781187,0.707106781187,0.));
#3902 = ORIENTED_EDGE('',*,*,#3903,.F.);
#3903 = EDGE_CURVE('',#3904,#3894,#3906,.T.);
#3904 = VERTEX_POINT('',#3905);
#3905 = CARTESIAN_POINT('',(-4.234360512242,0.610579988722,1.8923));
#3906 = LINE('',#3907,#3908);
#3907 = CARTESIAN_POINT('',(-4.234360512242,0.610579988722,1.8923));
#3908 = VECTOR('',#3909,1.);
#3909 = DIRECTION('',(0.,-0.,-1.));
#3910 = ORIENTED_EDGE('',*,*,#3911,.F.);
#3911 = EDGE_CURVE('',#3912,#3904,#3914,.T.);
#3912 = VERTEX_POINT('',#3913);
#3913 = CARTESIAN_POINT('',(-4.234360512242,0.610579988722,2.6797));
#3914 = LINE('',#3915,#3916);
#3915 = CARTESIAN_POINT('',(-4.234360512242,0.610579988722,1.8923));
#3916 = VECTOR('',#3917,1.);
#3917 = DIRECTION('',(0.,-0.,-1.));
#3918 = ORIENTED_EDGE('',*,*,#3919,.F.);
#3919 = EDGE_CURVE('',#3920,#3912,#3922,.T.);
#3920 = VERTEX_POINT('',#3921);
#3921 = CARTESIAN_POINT('',(-4.234360512242,0.610579988722,2.8067));
#3922 = LINE('',#3923,#3924);
#3923 = CARTESIAN_POINT('',(-4.234360512242,0.610579988722,1.8923));
#3924 = VECTOR('',#3925,1.);
#3925 = DIRECTION('',(0.,-0.,-1.));
#3926 = ORIENTED_EDGE('',*,*,#3927,.F.);
#3927 = EDGE_CURVE('',#3928,#3920,#3930,.T.);
#3928 = VERTEX_POINT('',#3929);
#3929 = CARTESIAN_POINT('',(-3.626829988722,1.218110512242,2.8067));
#3930 = LINE('',#3931,#3932);
#3931 = CARTESIAN_POINT('',(-3.626829988722,1.218110512242,2.8067));
#3932 = VECTOR('',#3933,1.);
#3933 = DIRECTION('',(-0.707106781187,-0.707106781187,-0.));
#3934 = ORIENTED_EDGE('',*,*,#3935,.F.);
#3935 = EDGE_CURVE('',#3896,#3928,#3936,.T.);
#3936 = LINE('',#3937,#3938);
#3937 = CARTESIAN_POINT('',(-3.626829988722,1.218110512242,1.8923));
#3938 = VECTOR('',#3939,1.);
#3939 = DIRECTION('',(-0.,0.,1.));
#3940 = PLANE('',#3941);
#3941 = AXIS2_PLACEMENT_3D('',#3942,#3943,#3944);
#3942 = CARTESIAN_POINT('',(-3.626829988722,1.218110512242,1.8923));
#3943 = DIRECTION('',(0.707106781187,-0.707106781187,0.));
#3944 = DIRECTION('',(0.707106781187,0.707106781187,0.));
#3945 = ADVANCED_FACE('',(#3946),#4007,.T.);
#3946 = FACE_BOUND('',#3947,.T.);
#3947 = EDGE_LOOP('',(#3948,#3958,#3965,#3966,#3975,#3983,#3992,#4000));
#3948 = ORIENTED_EDGE('',*,*,#3949,.T.);
#3949 = EDGE_CURVE('',#3950,#3952,#3954,.T.);
#3950 = VERTEX_POINT('',#3951);
#3951 = CARTESIAN_POINT('',(-3.35834712778,1.397505024571,1.8923));
#3952 = VERTEX_POINT('',#3953);
#3953 = CARTESIAN_POINT('',(-3.35834712778,1.397505024571,1.7653));
#3954 = LINE('',#3955,#3956);
#3955 = CARTESIAN_POINT('',(-3.35834712778,1.397505024571,1.8923));
#3956 = VECTOR('',#3957,1.);
#3957 = DIRECTION('',(0.,0.,-1.));
#3958 = ORIENTED_EDGE('',*,*,#3959,.T.);
#3959 = EDGE_CURVE('',#3952,#3896,#3960,.T.);
#3960 = CIRCLE('',#3961,0.82756947648);
#3961 = AXIS2_PLACEMENT_3D('',#3962,#3963,#3964);
#3962 = CARTESIAN_POINT('',(-3.04165,0.63293052352,1.7653));
#3963 = DIRECTION('',(0.,-0.,1.));
#3964 = DIRECTION('',(1.,0.,0.));
#3965 = ORIENTED_EDGE('',*,*,#3935,.T.);
#3966 = ORIENTED_EDGE('',*,*,#3967,.T.);
#3967 = EDGE_CURVE('',#3928,#3968,#3970,.T.);
#3968 = VERTEX_POINT('',#3969);
#3969 = CARTESIAN_POINT('',(-3.35834712778,1.397505024571,2.8067));
#3970 = CIRCLE('',#3971,0.82756947648);
#3971 = AXIS2_PLACEMENT_3D('',#3972,#3973,#3974);
#3972 = CARTESIAN_POINT('',(-3.04165,0.63293052352,2.8067));
#3973 = DIRECTION('',(0.,0.,-1.));
#3974 = DIRECTION('',(1.,5.371426851194E-15,0.));
#3975 = ORIENTED_EDGE('',*,*,#3976,.T.);
#3976 = EDGE_CURVE('',#3968,#3977,#3979,.T.);
#3977 = VERTEX_POINT('',#3978);
#3978 = CARTESIAN_POINT('',(-3.35834712778,1.397505024571,2.6797));
#3979 = LINE('',#3980,#3981);
#3980 = CARTESIAN_POINT('',(-3.35834712778,1.397505024571,1.8923));
#3981 = VECTOR('',#3982,1.);
#3982 = DIRECTION('',(0.,0.,-1.));
#3983 = ORIENTED_EDGE('',*,*,#3984,.T.);
#3984 = EDGE_CURVE('',#3977,#3985,#3987,.T.);
#3985 = VERTEX_POINT('',#3986);
#3986 = CARTESIAN_POINT('',(-3.04165,1.4605,2.6797));
#3987 = CIRCLE('',#3988,0.82756947648);
#3988 = AXIS2_PLACEMENT_3D('',#3989,#3990,#3991);
#3989 = CARTESIAN_POINT('',(-3.04165,0.63293052352,2.6797));
#3990 = DIRECTION('',(0.,0.,-1.));
#3991 = DIRECTION('',(1.,0.,0.));
#3992 = ORIENTED_EDGE('',*,*,#3993,.T.);
#3993 = EDGE_CURVE('',#3985,#3994,#3996,.T.);
#3994 = VERTEX_POINT('',#3995);
#3995 = CARTESIAN_POINT('',(-3.04165,1.4605,1.8923));
#3996 = LINE('',#3997,#3998);
#3997 = CARTESIAN_POINT('',(-3.04165,1.4605,1.8923));
#3998 = VECTOR('',#3999,1.);
#3999 = DIRECTION('',(0.,0.,-1.));
#4000 = ORIENTED_EDGE('',*,*,#4001,.T.);
#4001 = EDGE_CURVE('',#3994,#3950,#4002,.T.);
#4002 = CIRCLE('',#4003,0.82756947648);
#4003 = AXIS2_PLACEMENT_3D('',#4004,#4005,#4006);
#4004 = CARTESIAN_POINT('',(-3.04165,0.63293052352,1.8923));
#4005 = DIRECTION('',(0.,-0.,1.));
#4006 = DIRECTION('',(1.,0.,0.));
#4007 = CYLINDRICAL_SURFACE('',#4008,0.82756947648);
#4008 = AXIS2_PLACEMENT_3D('',#4009,#4010,#4011);
#4009 = CARTESIAN_POINT('',(-3.04165,0.63293052352,1.8923));
#4010 = DIRECTION('',(-0.,-0.,1.));
#4011 = DIRECTION('',(1.,0.,0.));
#4012 = ADVANCED_FACE('',(#4013),#4048,.F.);
#4013 = FACE_BOUND('',#4014,.T.);
#4014 = EDGE_LOOP('',(#4015,#4026,#4032,#4033,#4034,#4042));
#4015 = ORIENTED_EDGE('',*,*,#4016,.F.);
#4016 = EDGE_CURVE('',#4017,#4019,#4021,.T.);
#4017 = VERTEX_POINT('',#4018);
#4018 = CARTESIAN_POINT('',(-4.13465287222,6.299497542901E-02,1.7653));
#4019 = VERTEX_POINT('',#4020);
#4020 = CARTESIAN_POINT('',(-3.866170011278,0.242389487758,1.7653));
#4021 = CIRCLE('',#4022,0.82756947648);
#4022 = AXIS2_PLACEMENT_3D('',#4023,#4024,#4025);
#4023 = CARTESIAN_POINT('',(-4.45135,0.82756947648,1.7653));
#4024 = DIRECTION('',(0.,-0.,1.));
#4025 = DIRECTION('',(1.,0.,0.));
#4026 = ORIENTED_EDGE('',*,*,#4027,.F.);
#4027 = EDGE_CURVE('',#3894,#4017,#4028,.T.);
#4028 = LINE('',#4029,#4030);
#4029 = CARTESIAN_POINT('',(-4.234360512242,0.610579988722,1.7653));
#4030 = VECTOR('',#4031,1.);
#4031 = DIRECTION('',(0.179140617397,-0.983823479695,0.));
#4032 = ORIENTED_EDGE('',*,*,#3893,.T.);
#4033 = ORIENTED_EDGE('',*,*,#3959,.F.);
#4034 = ORIENTED_EDGE('',*,*,#4035,.F.);
#4035 = EDGE_CURVE('',#4036,#3952,#4038,.T.);
#4036 = VERTEX_POINT('',#4037);
#4037 = CARTESIAN_POINT('',(-3.258639487758,0.849920011278,1.7653));
#4038 = LINE('',#4039,#4040);
#4039 = CARTESIAN_POINT('',(-3.258639487758,0.849920011278,1.7653));
#4040 = VECTOR('',#4041,1.);
#4041 = DIRECTION('',(-0.179140617397,0.983823479695,0.));
#4042 = ORIENTED_EDGE('',*,*,#4043,.F.);
#4043 = EDGE_CURVE('',#4019,#4036,#4044,.T.);
#4044 = LINE('',#4045,#4046);
#4045 = CARTESIAN_POINT('',(-3.866170011278,0.242389487758,1.7653));
#4046 = VECTOR('',#4047,1.);
#4047 = DIRECTION('',(0.707106781187,0.707106781187,0.));
#4048 = PLANE('',#4049);
#4049 = AXIS2_PLACEMENT_3D('',#4050,#4051,#4052);
#4050 = CARTESIAN_POINT('',(-3.04165,0.63293052352,1.7653));
#4051 = DIRECTION('',(0.,0.,1.));
#4052 = DIRECTION('',(1.,0.,-0.));
#4053 = ADVANCED_FACE('',(#4054),#4072,.F.);
#4054 = FACE_BOUND('',#4055,.T.);
#4055 = EDGE_LOOP('',(#4056,#4057,#4058,#4066));
#4056 = ORIENTED_EDGE('',*,*,#3903,.T.);
#4057 = ORIENTED_EDGE('',*,*,#4027,.T.);
#4058 = ORIENTED_EDGE('',*,*,#4059,.F.);
#4059 = EDGE_CURVE('',#4060,#4017,#4062,.T.);
#4060 = VERTEX_POINT('',#4061);
#4061 = CARTESIAN_POINT('',(-4.13465287222,6.299497542901E-02,1.8923));
#4062 = LINE('',#4063,#4064);
#4063 = CARTESIAN_POINT('',(-4.13465287222,6.299497542901E-02,1.7653));
#4064 = VECTOR('',#4065,1.);
#4065 = DIRECTION('',(-0.,0.,-1.));
#4066 = ORIENTED_EDGE('',*,*,#4067,.F.);
#4067 = EDGE_CURVE('',#3904,#4060,#4068,.T.);
#4068 = LINE('',#4069,#4070);
#4069 = CARTESIAN_POINT('',(-4.234360512242,0.610579988722,1.8923));
#4070 = VECTOR('',#4071,1.);
#4071 = DIRECTION('',(0.179140617397,-0.983823479695,-0.));
#4072 = PLANE('',#4073);
#4073 = AXIS2_PLACEMENT_3D('',#4074,#4075,#4076);
#4074 = CARTESIAN_POINT('',(-4.234360512242,0.610579988722,1.7653));
#4075 = DIRECTION('',(0.983823479695,0.179140617397,0.));
#4076 = DIRECTION('',(-0.179140617397,0.983823479695,0.));
#4077 = ADVANCED_FACE('',(#4078),#4105,.F.);
#4078 = FACE_BOUND('',#4079,.F.);
#4079 = EDGE_LOOP('',(#4080,#4089,#4097,#4104));
#4080 = ORIENTED_EDGE('',*,*,#4081,.T.);
#4081 = EDGE_CURVE('',#3912,#4082,#4084,.T.);
#4082 = VERTEX_POINT('',#4083);
#4083 = CARTESIAN_POINT('',(-4.45135,0.5207,2.6797));
#4084 = CIRCLE('',#4085,0.30686947648);
#4085 = AXIS2_PLACEMENT_3D('',#4086,#4087,#4088);
#4086 = CARTESIAN_POINT('',(-4.45135,0.82756947648,2.6797));
#4087 = DIRECTION('',(0.,0.,-1.));
#4088 = DIRECTION('',(1.,3.533105295853E-15,0.));
#4089 = ORIENTED_EDGE('',*,*,#4090,.T.);
#4090 = EDGE_CURVE('',#4082,#4091,#4093,.T.);
#4091 = VERTEX_POINT('',#4092);
#4092 = CARTESIAN_POINT('',(-4.45135,0.5207,1.8923));
#4093 = LINE('',#4094,#4095);
#4094 = CARTESIAN_POINT('',(-4.45135,0.5207,1.8923));
#4095 = VECTOR('',#4096,1.);
#4096 = DIRECTION('',(0.,0.,-1.));
#4097 = ORIENTED_EDGE('',*,*,#4098,.T.);
#4098 = EDGE_CURVE('',#4091,#3904,#4099,.T.);
#4099 = CIRCLE('',#4100,0.30686947648);
#4100 = AXIS2_PLACEMENT_3D('',#4101,#4102,#4103);
#4101 = CARTESIAN_POINT('',(-4.45135,0.82756947648,1.8923));
#4102 = DIRECTION('',(0.,-0.,1.));
#4103 = DIRECTION('',(1.,0.,0.));
#4104 = ORIENTED_EDGE('',*,*,#3911,.F.);
#4105 = CYLINDRICAL_SURFACE('',#4106,0.30686947648);
#4106 = AXIS2_PLACEMENT_3D('',#4107,#4108,#4109);
#4107 = CARTESIAN_POINT('',(-4.45135,0.82756947648,1.8923));
#4108 = DIRECTION('',(-0.,-0.,1.));
#4109 = DIRECTION('',(1.,0.,0.));
#4110 = ADVANCED_FACE('',(#4111),#4136,.F.);
#4111 = FACE_BOUND('',#4112,.T.);
#4112 = EDGE_LOOP('',(#4113,#4121,#4122,#4130));
#4113 = ORIENTED_EDGE('',*,*,#4114,.F.);
#4114 = EDGE_CURVE('',#3920,#4115,#4117,.T.);
#4115 = VERTEX_POINT('',#4116);
#4116 = CARTESIAN_POINT('',(-4.13465287222,6.299497542901E-02,2.8067));
#4117 = LINE('',#4118,#4119);
#4118 = CARTESIAN_POINT('',(-4.234360512242,0.610579988722,2.8067));
#4119 = VECTOR('',#4120,1.);
#4120 = DIRECTION('',(0.179140617397,-0.983823479695,-0.));
#4121 = ORIENTED_EDGE('',*,*,#3919,.T.);
#4122 = ORIENTED_EDGE('',*,*,#4123,.F.);
#4123 = EDGE_CURVE('',#4124,#3912,#4126,.T.);
#4124 = VERTEX_POINT('',#4125);
#4125 = CARTESIAN_POINT('',(-4.13465287222,6.299497542901E-02,2.6797));
#4126 = LINE('',#4127,#4128);
#4127 = CARTESIAN_POINT('',(-4.234360512242,0.610579988722,2.6797));
#4128 = VECTOR('',#4129,1.);
#4129 = DIRECTION('',(-0.179140617397,0.983823479695,0.));
#4130 = ORIENTED_EDGE('',*,*,#4131,.F.);
#4131 = EDGE_CURVE('',#4115,#4124,#4132,.T.);
#4132 = LINE('',#4133,#4134);
#4133 = CARTESIAN_POINT('',(-4.13465287222,6.299497542901E-02,1.7653));
#4134 = VECTOR('',#4135,1.);
#4135 = DIRECTION('',(-0.,0.,-1.));
#4136 = PLANE('',#4137);
#4137 = AXIS2_PLACEMENT_3D('',#4138,#4139,#4140);
#4138 = CARTESIAN_POINT('',(-4.234360512242,0.610579988722,1.7653));
#4139 = DIRECTION('',(0.983823479695,0.179140617397,0.));
#4140 = DIRECTION('',(-0.179140617397,0.983823479695,0.));
#4141 = ADVANCED_FACE('',(#4142),#4170,.T.);
#4142 = FACE_BOUND('',#4143,.T.);
#4143 = EDGE_LOOP('',(#4144,#4145,#4154,#4162,#4168,#4169));
#4144 = ORIENTED_EDGE('',*,*,#4114,.T.);
#4145 = ORIENTED_EDGE('',*,*,#4146,.T.);
#4146 = EDGE_CURVE('',#4115,#4147,#4149,.T.);
#4147 = VERTEX_POINT('',#4148);
#4148 = CARTESIAN_POINT('',(-3.866170011278,0.242389487758,2.8067));
#4149 = CIRCLE('',#4150,0.82756947648);
#4150 = AXIS2_PLACEMENT_3D('',#4151,#4152,#4153);
#4151 = CARTESIAN_POINT('',(-4.45135,0.82756947648,2.8067));
#4152 = DIRECTION('',(0.,-0.,1.));
#4153 = DIRECTION('',(1.,0.,0.));
#4154 = ORIENTED_EDGE('',*,*,#4155,.T.);
#4155 = EDGE_CURVE('',#4147,#4156,#4158,.T.);
#4156 = VERTEX_POINT('',#4157);
#4157 = CARTESIAN_POINT('',(-3.258639487758,0.849920011278,2.8067));
#4158 = LINE('',#4159,#4160);
#4159 = CARTESIAN_POINT('',(-3.866170011278,0.242389487758,2.8067));
#4160 = VECTOR('',#4161,1.);
#4161 = DIRECTION('',(0.707106781187,0.707106781187,0.));
#4162 = ORIENTED_EDGE('',*,*,#4163,.T.);
#4163 = EDGE_CURVE('',#4156,#3968,#4164,.T.);
#4164 = LINE('',#4165,#4166);
#4165 = CARTESIAN_POINT('',(-3.258639487758,0.849920011278,2.8067));
#4166 = VECTOR('',#4167,1.);
#4167 = DIRECTION('',(-0.179140617397,0.983823479695,0.));
#4168 = ORIENTED_EDGE('',*,*,#3967,.F.);
#4169 = ORIENTED_EDGE('',*,*,#3927,.T.);
#4170 = PLANE('',#4171);
#4171 = AXIS2_PLACEMENT_3D('',#4172,#4173,#4174);
#4172 = CARTESIAN_POINT('',(-3.04165,0.63293052352,2.8067));
#4173 = DIRECTION('',(0.,0.,1.));
#4174 = DIRECTION('',(1.,0.,-0.));
#4175 = ADVANCED_FACE('',(#4176),#4194,.F.);
#4176 = FACE_BOUND('',#4177,.T.);
#4177 = EDGE_LOOP('',(#4178,#4186,#4187,#4188));
#4178 = ORIENTED_EDGE('',*,*,#4179,.F.);
#4179 = EDGE_CURVE('',#4036,#4180,#4182,.T.);
#4180 = VERTEX_POINT('',#4181);
#4181 = CARTESIAN_POINT('',(-3.258639487758,0.849920011278,1.8923));
#4182 = LINE('',#4183,#4184);
#4183 = CARTESIAN_POINT('',(-3.258639487758,0.849920011278,1.7653));
#4184 = VECTOR('',#4185,1.);
#4185 = DIRECTION('',(0.,0.,1.));
#4186 = ORIENTED_EDGE('',*,*,#4035,.T.);
#4187 = ORIENTED_EDGE('',*,*,#3949,.F.);
#4188 = ORIENTED_EDGE('',*,*,#4189,.F.);
#4189 = EDGE_CURVE('',#4180,#3950,#4190,.T.);
#4190 = LINE('',#4191,#4192);
#4191 = CARTESIAN_POINT('',(-3.258639487758,0.849920011278,1.8923));
#4192 = VECTOR('',#4193,1.);
#4193 = DIRECTION('',(-0.179140617397,0.983823479695,-0.));
#4194 = PLANE('',#4195);
#4195 = AXIS2_PLACEMENT_3D('',#4196,#4197,#4198);
#4196 = CARTESIAN_POINT('',(-3.258639487758,0.849920011278,1.7653));
#4197 = DIRECTION('',(-0.983823479695,-0.179140617397,0.));
#4198 = DIRECTION('',(0.179140617397,-0.983823479695,0.));
#4199 = ADVANCED_FACE('',(#4200),#4243,.T.);
#4200 = FACE_BOUND('',#4201,.T.);
#4201 = EDGE_LOOP('',(#4202,#4211,#4212,#4213,#4221,#4229,#4237));
#4202 = ORIENTED_EDGE('',*,*,#4203,.T.);
#4203 = EDGE_CURVE('',#4204,#4180,#4206,.T.);
#4204 = VERTEX_POINT('',#4205);
#4205 = CARTESIAN_POINT('',(-3.04165,0.9398,1.8923));
#4206 = CIRCLE('',#4207,0.30686947648);
#4207 = AXIS2_PLACEMENT_3D('',#4208,#4209,#4210);
#4208 = CARTESIAN_POINT('',(-3.04165,0.63293052352,1.8923));
#4209 = DIRECTION('',(0.,-0.,1.));
#4210 = DIRECTION('',(1.,0.,0.));
#4211 = ORIENTED_EDGE('',*,*,#4189,.T.);
#4212 = ORIENTED_EDGE('',*,*,#4001,.F.);
#4213 = ORIENTED_EDGE('',*,*,#4214,.T.);
#4214 = EDGE_CURVE('',#3994,#4215,#4217,.T.);
#4215 = VERTEX_POINT('',#4216);
#4216 = CARTESIAN_POINT('',(-2.169123594245,1.4605,1.8923));
#4217 = LINE('',#4218,#4219);
#4218 = CARTESIAN_POINT('',(-3.04165,1.4605,1.8923));
#4219 = VECTOR('',#4220,1.);
#4220 = DIRECTION('',(1.,-0.,0.));
#4221 = ORIENTED_EDGE('',*,*,#4222,.T.);
#4222 = EDGE_CURVE('',#4215,#4223,#4225,.T.);
#4223 = VERTEX_POINT('',#4224);
#4224 = CARTESIAN_POINT('',(-2.21615,1.1938,1.8923));
#4225 = LINE('',#4226,#4227);
#4226 = CARTESIAN_POINT('',(-2.169123594245,1.4605,1.8923));
#4227 = VECTOR('',#4228,1.);
#4228 = DIRECTION('',(-0.173648177667,-0.984807753012,0.));
#4229 = ORIENTED_EDGE('',*,*,#4230,.T.);
#4230 = EDGE_CURVE('',#4223,#4231,#4233,.T.);
#4231 = VERTEX_POINT('',#4232);
#4232 = CARTESIAN_POINT('',(-2.1713629469,0.9398,1.8923));
#4233 = LINE('',#4234,#4235);
#4234 = CARTESIAN_POINT('',(-2.21615,1.1938,1.8923));
#4235 = VECTOR('',#4236,1.);
#4236 = DIRECTION('',(0.173648177667,-0.984807753012,0.));
#4237 = ORIENTED_EDGE('',*,*,#4238,.T.);
#4238 = EDGE_CURVE('',#4231,#4204,#4239,.T.);
#4239 = LINE('',#4240,#4241);
#4240 = CARTESIAN_POINT('',(-3.04165,0.9398,1.8923));
#4241 = VECTOR('',#4242,1.);
#4242 = DIRECTION('',(-1.,0.,-0.));
#4243 = PLANE('',#4244);
#4244 = AXIS2_PLACEMENT_3D('',#4245,#4246,#4247);
#4245 = CARTESIAN_POINT('',(-3.04165,0.63293052352,1.8923));
#4246 = DIRECTION('',(0.,0.,-1.));
#4247 = DIRECTION('',(-1.,0.,-0.));
#4248 = ADVANCED_FACE('',(#4249),#4267,.F.);
#4249 = FACE_BOUND('',#4250,.T.);
#4250 = EDGE_LOOP('',(#4251,#4259,#4260,#4261));
#4251 = ORIENTED_EDGE('',*,*,#4252,.F.);
#4252 = EDGE_CURVE('',#4215,#4253,#4255,.T.);
#4253 = VERTEX_POINT('',#4254);
#4254 = CARTESIAN_POINT('',(-2.169123594245,1.4605,2.6797));
#4255 = LINE('',#4256,#4257);
#4256 = CARTESIAN_POINT('',(-2.169123594245,1.4605,1.8923));
#4257 = VECTOR('',#4258,1.);
#4258 = DIRECTION('',(-0.,0.,1.));
#4259 = ORIENTED_EDGE('',*,*,#4214,.F.);
#4260 = ORIENTED_EDGE('',*,*,#3993,.F.);
#4261 = ORIENTED_EDGE('',*,*,#4262,.F.);
#4262 = EDGE_CURVE('',#4253,#3985,#4263,.T.);
#4263 = LINE('',#4264,#4265);
#4264 = CARTESIAN_POINT('',(-2.169123594245,1.4605,2.6797));
#4265 = VECTOR('',#4266,1.);
#4266 = DIRECTION('',(-1.,-0.,-0.));
#4267 = PLANE('',#4268);
#4268 = AXIS2_PLACEMENT_3D('',#4269,#4270,#4271);
#4269 = CARTESIAN_POINT('',(-2.169123594245,1.4605,1.8923));
#4270 = DIRECTION('',(0.,-1.,0.));
#4271 = DIRECTION('',(0.,-0.,-1.));
#4272 = ADVANCED_FACE('',(#4273),#4316,.F.);
#4273 = FACE_BOUND('',#4274,.T.);
#4274 = EDGE_LOOP('',(#4275,#4286,#4294,#4302,#4308,#4309,#4310));
#4275 = ORIENTED_EDGE('',*,*,#4276,.F.);
#4276 = EDGE_CURVE('',#4277,#4279,#4281,.T.);
#4277 = VERTEX_POINT('',#4278);
#4278 = CARTESIAN_POINT('',(-3.04165,0.9398,2.6797));
#4279 = VERTEX_POINT('',#4280);
#4280 = CARTESIAN_POINT('',(-3.258639487758,0.849920011278,2.6797));
#4281 = CIRCLE('',#4282,0.30686947648);
#4282 = AXIS2_PLACEMENT_3D('',#4283,#4284,#4285);
#4283 = CARTESIAN_POINT('',(-3.04165,0.63293052352,2.6797));
#4284 = DIRECTION('',(0.,-0.,1.));
#4285 = DIRECTION('',(1.,0.,0.));
#4286 = ORIENTED_EDGE('',*,*,#4287,.F.);
#4287 = EDGE_CURVE('',#4288,#4277,#4290,.T.);
#4288 = VERTEX_POINT('',#4289);
#4289 = CARTESIAN_POINT('',(-2.1713629469,0.9398,2.6797));
#4290 = LINE('',#4291,#4292);
#4291 = CARTESIAN_POINT('',(-3.04165,0.9398,2.6797));
#4292 = VECTOR('',#4293,1.);
#4293 = DIRECTION('',(-1.,0.,-0.));
#4294 = ORIENTED_EDGE('',*,*,#4295,.F.);
#4295 = EDGE_CURVE('',#4296,#4288,#4298,.T.);
#4296 = VERTEX_POINT('',#4297);
#4297 = CARTESIAN_POINT('',(-2.21615,1.1938,2.6797));
#4298 = LINE('',#4299,#4300);
#4299 = CARTESIAN_POINT('',(-2.21615,1.1938,2.6797));
#4300 = VECTOR('',#4301,1.);
#4301 = DIRECTION('',(0.173648177667,-0.984807753012,0.));
#4302 = ORIENTED_EDGE('',*,*,#4303,.F.);
#4303 = EDGE_CURVE('',#4253,#4296,#4304,.T.);
#4304 = LINE('',#4305,#4306);
#4305 = CARTESIAN_POINT('',(-2.169123594245,1.4605,2.6797));
#4306 = VECTOR('',#4307,1.);
#4307 = DIRECTION('',(-0.173648177667,-0.984807753012,0.));
#4308 = ORIENTED_EDGE('',*,*,#4262,.T.);
#4309 = ORIENTED_EDGE('',*,*,#3984,.F.);
#4310 = ORIENTED_EDGE('',*,*,#4311,.F.);
#4311 = EDGE_CURVE('',#4279,#3977,#4312,.T.);
#4312 = LINE('',#4313,#4314);
#4313 = CARTESIAN_POINT('',(-3.258639487758,0.849920011278,2.6797));
#4314 = VECTOR('',#4315,1.);
#4315 = DIRECTION('',(-0.179140617397,0.983823479695,0.));
#4316 = PLANE('',#4317);
#4317 = AXIS2_PLACEMENT_3D('',#4318,#4319,#4320);
#4318 = CARTESIAN_POINT('',(-3.04165,0.63293052352,2.6797));
#4319 = DIRECTION('',(0.,0.,-1.));
#4320 = DIRECTION('',(-1.,0.,-0.));
#4321 = ADVANCED_FACE('',(#4322),#4333,.F.);
#4322 = FACE_BOUND('',#4323,.T.);
#4323 = EDGE_LOOP('',(#4324,#4325,#4331,#4332));
#4324 = ORIENTED_EDGE('',*,*,#4163,.F.);
#4325 = ORIENTED_EDGE('',*,*,#4326,.F.);
#4326 = EDGE_CURVE('',#4279,#4156,#4327,.T.);
#4327 = LINE('',#4328,#4329);
#4328 = CARTESIAN_POINT('',(-3.258639487758,0.849920011278,1.7653));
#4329 = VECTOR('',#4330,1.);
#4330 = DIRECTION('',(0.,0.,1.));
#4331 = ORIENTED_EDGE('',*,*,#4311,.T.);
#4332 = ORIENTED_EDGE('',*,*,#3976,.F.);
#4333 = PLANE('',#4334);
#4334 = AXIS2_PLACEMENT_3D('',#4335,#4336,#4337);
#4335 = CARTESIAN_POINT('',(-3.258639487758,0.849920011278,1.7653));
#4336 = DIRECTION('',(-0.983823479695,-0.179140617397,0.));
#4337 = DIRECTION('',(0.179140617397,-0.983823479695,0.));
#4338 = ADVANCED_FACE('',(#4339),#4357,.F.);
#4339 = FACE_BOUND('',#4340,.T.);
#4340 = EDGE_LOOP('',(#4341,#4342,#4343,#4349,#4350,#4351));
#4341 = ORIENTED_EDGE('',*,*,#4043,.T.);
#4342 = ORIENTED_EDGE('',*,*,#4179,.T.);
#4343 = ORIENTED_EDGE('',*,*,#4344,.F.);
#4344 = EDGE_CURVE('',#4279,#4180,#4345,.T.);
#4345 = LINE('',#4346,#4347);
#4346 = CARTESIAN_POINT('',(-3.258639487758,0.849920011278,1.8923));
#4347 = VECTOR('',#4348,1.);
#4348 = DIRECTION('',(-0.,-0.,-1.));
#4349 = ORIENTED_EDGE('',*,*,#4326,.T.);
#4350 = ORIENTED_EDGE('',*,*,#4155,.F.);
#4351 = ORIENTED_EDGE('',*,*,#4352,.F.);
#4352 = EDGE_CURVE('',#4019,#4147,#4353,.T.);
#4353 = LINE('',#4354,#4355);
#4354 = CARTESIAN_POINT('',(-3.866170011278,0.242389487758,1.8923));
#4355 = VECTOR('',#4356,1.);
#4356 = DIRECTION('',(0.,0.,1.));
#4357 = PLANE('',#4358);
#4358 = AXIS2_PLACEMENT_3D('',#4359,#4360,#4361);
#4359 = CARTESIAN_POINT('',(-3.258639487758,0.849920011278,1.8923));
#4360 = DIRECTION('',(-0.707106781187,0.707106781187,0.));
#4361 = DIRECTION('',(-0.707106781187,-0.707106781187,0.));
#4362 = ADVANCED_FACE('',(#4363),#4394,.T.);
#4363 = FACE_BOUND('',#4364,.T.);
#4364 = EDGE_LOOP('',(#4365,#4366,#4367,#4368,#4369,#4370,#4379,#4387));
#4365 = ORIENTED_EDGE('',*,*,#4059,.T.);
#4366 = ORIENTED_EDGE('',*,*,#4016,.T.);
#4367 = ORIENTED_EDGE('',*,*,#4352,.T.);
#4368 = ORIENTED_EDGE('',*,*,#4146,.F.);
#4369 = ORIENTED_EDGE('',*,*,#4131,.T.);
#4370 = ORIENTED_EDGE('',*,*,#4371,.T.);
#4371 = EDGE_CURVE('',#4124,#4372,#4374,.T.);
#4372 = VERTEX_POINT('',#4373);
#4373 = CARTESIAN_POINT('',(-4.45135,-3.252606517457E-16,2.6797));
#4374 = CIRCLE('',#4375,0.82756947648);
#4375 = AXIS2_PLACEMENT_3D('',#4376,#4377,#4378);
#4376 = CARTESIAN_POINT('',(-4.45135,0.82756947648,2.6797));
#4377 = DIRECTION('',(0.,0.,-1.));
#4378 = DIRECTION('',(1.,1.834145754066E-15,0.));
#4379 = ORIENTED_EDGE('',*,*,#4380,.T.);
#4380 = EDGE_CURVE('',#4372,#4381,#4383,.T.);
#4381 = VERTEX_POINT('',#4382);
#4382 = CARTESIAN_POINT('',(-4.45135,-3.252606517457E-16,1.8923));
#4383 = LINE('',#4384,#4385);
#4384 = CARTESIAN_POINT('',(-4.45135,-5.421010862428E-16,1.8923));
#4385 = VECTOR('',#4386,1.);
#4386 = DIRECTION('',(0.,0.,-1.));
#4387 = ORIENTED_EDGE('',*,*,#4388,.T.);
#4388 = EDGE_CURVE('',#4381,#4060,#4389,.T.);
#4389 = CIRCLE('',#4390,0.82756947648);
#4390 = AXIS2_PLACEMENT_3D('',#4391,#4392,#4393);
#4391 = CARTESIAN_POINT('',(-4.45135,0.82756947648,1.8923));
#4392 = DIRECTION('',(0.,-0.,1.));
#4393 = DIRECTION('',(1.,0.,0.));
#4394 = CYLINDRICAL_SURFACE('',#4395,0.82756947648);
#4395 = AXIS2_PLACEMENT_3D('',#4396,#4397,#4398);
#4396 = CARTESIAN_POINT('',(-4.45135,0.82756947648,1.8923));
#4397 = DIRECTION('',(-0.,-0.,1.));
#4398 = DIRECTION('',(1.,0.,0.));
#4399 = ADVANCED_FACE('',(#4400),#4427,.T.);
#4400 = FACE_BOUND('',#4401,.T.);
#4401 = EDGE_LOOP('',(#4402,#4403,#4404,#4405,#4413,#4421));
#4402 = ORIENTED_EDGE('',*,*,#4098,.T.);
#4403 = ORIENTED_EDGE('',*,*,#4067,.T.);
#4404 = ORIENTED_EDGE('',*,*,#4388,.F.);
#4405 = ORIENTED_EDGE('',*,*,#4406,.T.);
#4406 = EDGE_CURVE('',#4381,#4407,#4409,.T.);
#4407 = VERTEX_POINT('',#4408);
#4408 = CARTESIAN_POINT('',(-4.95935,-9.035018104046E-17,1.8923));
#4409 = LINE('',#4410,#4411);
#4410 = CARTESIAN_POINT('',(-3.04165,-1.084202172486E-16,1.8923));
#4411 = VECTOR('',#4412,1.);
#4412 = DIRECTION('',(-1.,0.,-0.));
#4413 = ORIENTED_EDGE('',*,*,#4414,.T.);
#4414 = EDGE_CURVE('',#4407,#4415,#4417,.T.);
#4415 = VERTEX_POINT('',#4416);
#4416 = CARTESIAN_POINT('',(-4.95935,0.5207,1.8923));
#4417 = LINE('',#4418,#4419);
#4418 = CARTESIAN_POINT('',(-4.95935,0.63293052352,1.8923));
#4419 = VECTOR('',#4420,1.);
#4420 = DIRECTION('',(0.,1.,0.));
#4421 = ORIENTED_EDGE('',*,*,#4422,.T.);
#4422 = EDGE_CURVE('',#4415,#4091,#4423,.T.);
#4423 = LINE('',#4424,#4425);
#4424 = CARTESIAN_POINT('',(-3.04165,0.5207,1.8923));
#4425 = VECTOR('',#4426,1.);
#4426 = DIRECTION('',(1.,-0.,0.));
#4427 = PLANE('',#4428);
#4428 = AXIS2_PLACEMENT_3D('',#4429,#4430,#4431);
#4429 = CARTESIAN_POINT('',(-3.04165,0.63293052352,1.8923));
#4430 = DIRECTION('',(0.,0.,-1.));
#4431 = DIRECTION('',(-1.,0.,-0.));
#4432 = ADVANCED_FACE('',(#4433),#4460,.F.);
#4433 = FACE_BOUND('',#4434,.T.);
#4434 = EDGE_LOOP('',(#4435,#4436,#4444,#4452,#4458,#4459));
#4435 = ORIENTED_EDGE('',*,*,#4081,.T.);
#4436 = ORIENTED_EDGE('',*,*,#4437,.F.);
#4437 = EDGE_CURVE('',#4438,#4082,#4440,.T.);
#4438 = VERTEX_POINT('',#4439);
#4439 = CARTESIAN_POINT('',(-4.95935,0.5207,2.6797));
#4440 = LINE('',#4441,#4442);
#4441 = CARTESIAN_POINT('',(-3.04165,0.5207,2.6797));
#4442 = VECTOR('',#4443,1.);
#4443 = DIRECTION('',(1.,-0.,0.));
#4444 = ORIENTED_EDGE('',*,*,#4445,.F.);
#4445 = EDGE_CURVE('',#4446,#4438,#4448,.T.);
#4446 = VERTEX_POINT('',#4447);
#4447 = CARTESIAN_POINT('',(-4.95935,-9.035018104046E-17,2.6797));
#4448 = LINE('',#4449,#4450);
#4449 = CARTESIAN_POINT('',(-4.95935,0.63293052352,2.6797));
#4450 = VECTOR('',#4451,1.);
#4451 = DIRECTION('',(0.,1.,0.));
#4452 = ORIENTED_EDGE('',*,*,#4453,.F.);
#4453 = EDGE_CURVE('',#4372,#4446,#4454,.T.);
#4454 = LINE('',#4455,#4456);
#4455 = CARTESIAN_POINT('',(-3.04165,-1.084202172486E-16,2.6797));
#4456 = VECTOR('',#4457,1.);
#4457 = DIRECTION('',(-1.,0.,-0.));
#4458 = ORIENTED_EDGE('',*,*,#4371,.F.);
#4459 = ORIENTED_EDGE('',*,*,#4123,.T.);
#4460 = PLANE('',#4461);
#4461 = AXIS2_PLACEMENT_3D('',#4462,#4463,#4464);
#4462 = CARTESIAN_POINT('',(-3.04165,0.63293052352,2.6797));
#4463 = DIRECTION('',(0.,0.,-1.));
#4464 = DIRECTION('',(-1.,0.,-0.));
#4465 = ADVANCED_FACE('',(#4466),#4477,.F.);
#4466 = FACE_BOUND('',#4467,.T.);
#4467 = EDGE_LOOP('',(#4468,#4469,#4470,#4476));
#4468 = ORIENTED_EDGE('',*,*,#4090,.T.);
#4469 = ORIENTED_EDGE('',*,*,#4422,.F.);
#4470 = ORIENTED_EDGE('',*,*,#4471,.F.);
#4471 = EDGE_CURVE('',#4438,#4415,#4472,.T.);
#4472 = LINE('',#4473,#4474);
#4473 = CARTESIAN_POINT('',(-4.95935,0.5207,1.8923));
#4474 = VECTOR('',#4475,1.);
#4475 = DIRECTION('',(0.,-0.,-1.));
#4476 = ORIENTED_EDGE('',*,*,#4437,.T.);
#4477 = PLANE('',#4478);
#4478 = AXIS2_PLACEMENT_3D('',#4479,#4480,#4481);
#4479 = CARTESIAN_POINT('',(-4.45135,0.5207,1.8923));
#4480 = DIRECTION('',(4.2685124901E-16,-1.,0.));
#4481 = DIRECTION('',(1.,4.2685124901E-16,0.));
#4482 = ADVANCED_FACE('',(#4483),#4494,.F.);
#4483 = FACE_BOUND('',#4484,.F.);
#4484 = EDGE_LOOP('',(#4485,#4486,#4492,#4493));
#4485 = ORIENTED_EDGE('',*,*,#4276,.F.);
#4486 = ORIENTED_EDGE('',*,*,#4487,.T.);
#4487 = EDGE_CURVE('',#4277,#4204,#4488,.T.);
#4488 = LINE('',#4489,#4490);
#4489 = CARTESIAN_POINT('',(-3.04165,0.9398,1.8923));
#4490 = VECTOR('',#4491,1.);
#4491 = DIRECTION('',(0.,0.,-1.));
#4492 = ORIENTED_EDGE('',*,*,#4203,.T.);
#4493 = ORIENTED_EDGE('',*,*,#4344,.F.);
#4494 = CYLINDRICAL_SURFACE('',#4495,0.30686947648);
#4495 = AXIS2_PLACEMENT_3D('',#4496,#4497,#4498);
#4496 = CARTESIAN_POINT('',(-3.04165,0.63293052352,1.8923));
#4497 = DIRECTION('',(-0.,-0.,1.));
#4498 = DIRECTION('',(1.,0.,0.));
#4499 = ADVANCED_FACE('',(#4500),#4511,.F.);
#4500 = FACE_BOUND('',#4501,.T.);
#4501 = EDGE_LOOP('',(#4502,#4503,#4504,#4510));
#4502 = ORIENTED_EDGE('',*,*,#4487,.T.);
#4503 = ORIENTED_EDGE('',*,*,#4238,.F.);
#4504 = ORIENTED_EDGE('',*,*,#4505,.F.);
#4505 = EDGE_CURVE('',#4288,#4231,#4506,.T.);
#4506 = LINE('',#4507,#4508);
#4507 = CARTESIAN_POINT('',(-2.1713629469,0.9398,1.8923));
#4508 = VECTOR('',#4509,1.);
#4509 = DIRECTION('',(-0.,-0.,-1.));
#4510 = ORIENTED_EDGE('',*,*,#4287,.T.);
#4511 = PLANE('',#4512);
#4512 = AXIS2_PLACEMENT_3D('',#4513,#4514,#4515);
#4513 = CARTESIAN_POINT('',(-2.1713629469,0.9398,1.8923));
#4514 = DIRECTION('',(-1.245798347365E-16,1.,0.));
#4515 = DIRECTION('',(-1.,-1.245798347365E-16,0.));
#4516 = ADVANCED_FACE('',(#4517),#4528,.F.);
#4517 = FACE_BOUND('',#4518,.T.);
#4518 = EDGE_LOOP('',(#4519,#4520,#4521,#4527));
#4519 = ORIENTED_EDGE('',*,*,#4505,.T.);
#4520 = ORIENTED_EDGE('',*,*,#4230,.F.);
#4521 = ORIENTED_EDGE('',*,*,#4522,.F.);
#4522 = EDGE_CURVE('',#4296,#4223,#4523,.T.);
#4523 = LINE('',#4524,#4525);
#4524 = CARTESIAN_POINT('',(-2.21615,1.1938,1.8923));
#4525 = VECTOR('',#4526,1.);
#4526 = DIRECTION('',(-0.,-0.,-1.));
#4527 = ORIENTED_EDGE('',*,*,#4295,.T.);
#4528 = PLANE('',#4529);
#4529 = AXIS2_PLACEMENT_3D('',#4530,#4531,#4532);
#4530 = CARTESIAN_POINT('',(-2.1713629469,0.9398,1.8923));
#4531 = DIRECTION('',(-0.984807753012,-0.173648177667,0.));
#4532 = DIRECTION('',(0.173648177667,-0.984807753012,0.));
#4533 = ADVANCED_FACE('',(#4534),#4540,.F.);
#4534 = FACE_BOUND('',#4535,.T.);
#4535 = EDGE_LOOP('',(#4536,#4537,#4538,#4539));
#4536 = ORIENTED_EDGE('',*,*,#4522,.T.);
#4537 = ORIENTED_EDGE('',*,*,#4222,.F.);
#4538 = ORIENTED_EDGE('',*,*,#4252,.T.);
#4539 = ORIENTED_EDGE('',*,*,#4303,.T.);
#4540 = PLANE('',#4541);
#4541 = AXIS2_PLACEMENT_3D('',#4542,#4543,#4544);
#4542 = CARTESIAN_POINT('',(-2.169123594245,1.4605,1.8923));
#4543 = DIRECTION('',(-0.984807753012,0.173648177667,0.));
#4544 = DIRECTION('',(-0.173648177667,-0.984807753012,0.));
#4545 = ADVANCED_FACE('',(#4546),#4557,.F.);
#4546 = FACE_BOUND('',#4547,.T.);
#4547 = EDGE_LOOP('',(#4548,#4554,#4555,#4556));
#4548 = ORIENTED_EDGE('',*,*,#4549,.F.);
#4549 = EDGE_CURVE('',#4407,#4446,#4550,.T.);
#4550 = LINE('',#4551,#4552);
#4551 = CARTESIAN_POINT('',(-4.95935,-5.421010862428E-17,1.8923));
#4552 = VECTOR('',#4553,1.);
#4553 = DIRECTION('',(0.,-0.,1.));
#4554 = ORIENTED_EDGE('',*,*,#4406,.F.);
#4555 = ORIENTED_EDGE('',*,*,#4380,.F.);
#4556 = ORIENTED_EDGE('',*,*,#4453,.T.);
#4557 = PLANE('',#4558);
#4558 = AXIS2_PLACEMENT_3D('',#4559,#4560,#4561);
#4559 = CARTESIAN_POINT('',(-4.45135,-1.044203398358E-16,1.8923));
#4560 = DIRECTION('',(9.883903781788E-17,1.,0.));
#4561 = DIRECTION('',(-1.,9.883903781788E-17,0.));
#4562 = ADVANCED_FACE('',(#4563),#4569,.F.);
#4563 = FACE_BOUND('',#4564,.T.);
#4564 = EDGE_LOOP('',(#4565,#4566,#4567,#4568));
#4565 = ORIENTED_EDGE('',*,*,#4471,.T.);
#4566 = ORIENTED_EDGE('',*,*,#4414,.F.);
#4567 = ORIENTED_EDGE('',*,*,#4549,.T.);
#4568 = ORIENTED_EDGE('',*,*,#4445,.T.);
#4569 = PLANE('',#4570);
#4570 = AXIS2_PLACEMENT_3D('',#4571,#4572,#4573);
#4571 = CARTESIAN_POINT('',(-4.95935,0.5207,1.8923));
#4572 = DIRECTION('',(1.,0.,-0.));
#4573 = DIRECTION('',(-0.,0.,-1.));
#4574 = ( GEOMETRIC_REPRESENTATION_CONTEXT(3) 
GLOBAL_UNCERTAINTY_ASSIGNED_CONTEXT((#4578)) 
GLOBAL_UNIT_ASSIGNED_CONTEXT((#4575,#4576,#4577)) REPRESENTATION_CONTEXT
('Context #1','3D Context with UNIT and UNCERTAINTY') );
#4575 = ( LENGTH_UNIT() NAMED_UNIT(*) SI_UNIT(.MILLI.,.METRE.) );
#4576 = ( NAMED_UNIT(*) PLANE_ANGLE_UNIT() SI_UNIT($,.RADIAN.) );
#4577 = ( NAMED_UNIT(*) SI_UNIT($,.STERADIAN.) SOLID_ANGLE_UNIT() );
#4578 = UNCERTAINTY_MEASURE_WITH_UNIT(LENGTH_MEASURE(1.E-07),#4575,
  'distance_accuracy_value','confusion accuracy');
#4579 = CONTEXT_DEPENDENT_SHAPE_REPRESENTATION(#4580,#4582);
#4580 = ( REPRESENTATION_RELATIONSHIP('','',#3886,#2307) 
REPRESENTATION_RELATIONSHIP_WITH_TRANSFORMATION(#4581) 
SHAPE_REPRESENTATION_RELATIONSHIP() );
#4581 = ITEM_DEFINED_TRANSFORMATION('','',#11,#2324);
#4582 = PRODUCT_DEFINITION_SHAPE('Placement','Placement of an item',
  #4583);
#4583 = NEXT_ASSEMBLY_USAGE_OCCURRENCE('16','NAUO5','',#2302,#3881,$);
#4584 = PRODUCT_RELATED_PRODUCT_CATEGORY('part',$,(#3883));
#4585 = SHAPE_DEFINITION_REPRESENTATION(#4586,#4592);
#4586 = PRODUCT_DEFINITION_SHAPE('','',#4587);
#4587 = PRODUCT_DEFINITION('design','',#4588,#4591);
#4588 = PRODUCT_DEFINITION_FORMATION('','',#4589);
#4589 = PRODUCT('R_0603_1608Metric','R_0603_1608Metric','',(#4590));
#4590 = PRODUCT_CONTEXT('',#2,'mechanical');
#4591 = PRODUCT_DEFINITION_CONTEXT('part definition',#2,'design');
#4592 = ADVANCED_BREP_SHAPE_REPRESENTATION('',(#11,#4593),#5383);
#4593 = MANIFOLD_SOLID_BREP('',#4594);
#4594 = CLOSED_SHELL('',(#4595,#4635,#4718,#4743,#4768,#4835,#4852,#4869
    ,#4918,#4935,#4952,#5001,#5018,#5087,#5118,#5142,#5211,#5235,#5252,
    #5269,#5286,#5303,#5320,#5337,#5354,#5371));
#4595 = ADVANCED_FACE('',(#4596),#4630,.F.);
#4596 = FACE_BOUND('',#4597,.F.);
#4597 = EDGE_LOOP('',(#4598,#4608,#4616,#4624));
#4598 = ORIENTED_EDGE('',*,*,#4599,.F.);
#4599 = EDGE_CURVE('',#4600,#4602,#4604,.T.);
#4600 = VERTEX_POINT('',#4601);
#4601 = CARTESIAN_POINT('',(-0.8,-0.4,4.5E-02));
#4602 = VERTEX_POINT('',#4603);
#4603 = CARTESIAN_POINT('',(-0.8,-0.4,0.405));
#4604 = LINE('',#4605,#4606);
#4605 = CARTESIAN_POINT('',(-0.8,-0.4,0.));
#4606 = VECTOR('',#4607,1.);
#4607 = DIRECTION('',(0.,0.,1.));
#4608 = ORIENTED_EDGE('',*,*,#4609,.T.);
#4609 = EDGE_CURVE('',#4600,#4610,#4612,.T.);
#4610 = VERTEX_POINT('',#4611);
#4611 = CARTESIAN_POINT('',(-0.8,0.4,4.5E-02));
#4612 = LINE('',#4613,#4614);
#4613 = CARTESIAN_POINT('',(-0.8,-0.4,4.5E-02));
#4614 = VECTOR('',#4615,1.);
#4615 = DIRECTION('',(0.,1.,0.));
#4616 = ORIENTED_EDGE('',*,*,#4617,.T.);
#4617 = EDGE_CURVE('',#4610,#4618,#4620,.T.);
#4618 = VERTEX_POINT('',#4619);
#4619 = CARTESIAN_POINT('',(-0.8,0.4,0.405));
#4620 = LINE('',#4621,#4622);
#4621 = CARTESIAN_POINT('',(-0.8,0.4,0.));
#4622 = VECTOR('',#4623,1.);
#4623 = DIRECTION('',(0.,0.,1.));
#4624 = ORIENTED_EDGE('',*,*,#4625,.F.);
#4625 = EDGE_CURVE('',#4602,#4618,#4626,.T.);
#4626 = LINE('',#4627,#4628);
#4627 = CARTESIAN_POINT('',(-0.8,-0.4,0.405));
#4628 = VECTOR('',#4629,1.);
#4629 = DIRECTION('',(0.,1.,0.));
#4630 = PLANE('',#4631);
#4631 = AXIS2_PLACEMENT_3D('',#4632,#4633,#4634);
#4632 = CARTESIAN_POINT('',(-0.8,-0.4,0.));
#4633 = DIRECTION('',(1.,0.,0.));
#4634 = DIRECTION('',(0.,0.,1.));
#4635 = ADVANCED_FACE('',(#4636),#4713,.F.);
#4636 = FACE_BOUND('',#4637,.F.);
#4637 = EDGE_LOOP('',(#4638,#4648,#4655,#4656,#4665,#4673,#4682,#4690,
    #4698,#4706));
#4638 = ORIENTED_EDGE('',*,*,#4639,.F.);
#4639 = EDGE_CURVE('',#4640,#4642,#4644,.T.);
#4640 = VERTEX_POINT('',#4641);
#4641 = CARTESIAN_POINT('',(-0.755,-0.4,-2.775557561563E-17));
#4642 = VERTEX_POINT('',#4643);
#4643 = CARTESIAN_POINT('',(-0.545,-0.4,-2.775557561563E-17));
#4644 = LINE('',#4645,#4646);
#4645 = CARTESIAN_POINT('',(-0.8,-0.4,0.));
#4646 = VECTOR('',#4647,1.);
#4647 = DIRECTION('',(1.,0.,0.));
#4648 = ORIENTED_EDGE('',*,*,#4649,.F.);
#4649 = EDGE_CURVE('',#4600,#4640,#4650,.T.);
#4650 = CIRCLE('',#4651,4.5E-02);
#4651 = AXIS2_PLACEMENT_3D('',#4652,#4653,#4654);
#4652 = CARTESIAN_POINT('',(-0.755,-0.4,4.5E-02));
#4653 = DIRECTION('',(0.,-1.,0.));
#4654 = DIRECTION('',(0.,0.,1.));
#4655 = ORIENTED_EDGE('',*,*,#4599,.T.);
#4656 = ORIENTED_EDGE('',*,*,#4657,.T.);
#4657 = EDGE_CURVE('',#4602,#4658,#4660,.T.);
#4658 = VERTEX_POINT('',#4659);
#4659 = CARTESIAN_POINT('',(-0.755,-0.4,0.45));
#4660 = CIRCLE('',#4661,4.5E-02);
#4661 = AXIS2_PLACEMENT_3D('',#4662,#4663,#4664);
#4662 = CARTESIAN_POINT('',(-0.755,-0.4,0.405));
#4663 = DIRECTION('',(0.,1.,0.));
#4664 = DIRECTION('',(0.,-0.,1.));
#4665 = ORIENTED_EDGE('',*,*,#4666,.T.);
#4666 = EDGE_CURVE('',#4658,#4667,#4669,.T.);
#4667 = VERTEX_POINT('',#4668);
#4668 = CARTESIAN_POINT('',(-0.545,-0.4,0.45));
#4669 = LINE('',#4670,#4671);
#4670 = CARTESIAN_POINT('',(-0.8,-0.4,0.45));
#4671 = VECTOR('',#4672,1.);
#4672 = DIRECTION('',(1.,0.,0.));
#4673 = ORIENTED_EDGE('',*,*,#4674,.F.);
#4674 = EDGE_CURVE('',#4675,#4667,#4677,.T.);
#4675 = VERTEX_POINT('',#4676);
#4676 = CARTESIAN_POINT('',(-0.5,-0.4,0.405));
#4677 = CIRCLE('',#4678,4.5E-02);
#4678 = AXIS2_PLACEMENT_3D('',#4679,#4680,#4681);
#4679 = CARTESIAN_POINT('',(-0.545,-0.4,0.405));
#4680 = DIRECTION('',(0.,-1.,0.));
#4681 = DIRECTION('',(0.,0.,1.));
#4682 = ORIENTED_EDGE('',*,*,#4683,.F.);
#4683 = EDGE_CURVE('',#4684,#4675,#4686,.T.);
#4684 = VERTEX_POINT('',#4685);
#4685 = CARTESIAN_POINT('',(-0.755,-0.4,0.405));
#4686 = LINE('',#4687,#4688);
#4687 = CARTESIAN_POINT('',(-0.755,-0.4,0.405));
#4688 = VECTOR('',#4689,1.);
#4689 = DIRECTION('',(1.,0.,0.));
#4690 = ORIENTED_EDGE('',*,*,#4691,.F.);
#4691 = EDGE_CURVE('',#4692,#4684,#4694,.T.);
#4692 = VERTEX_POINT('',#4693);
#4693 = CARTESIAN_POINT('',(-0.755,-0.4,4.5E-02));
#4694 = LINE('',#4695,#4696);
#4695 = CARTESIAN_POINT('',(-0.755,-0.4,4.5E-02));
#4696 = VECTOR('',#4697,1.);
#4697 = DIRECTION('',(0.,0.,1.));
#4698 = ORIENTED_EDGE('',*,*,#4699,.T.);
#4699 = EDGE_CURVE('',#4692,#4700,#4702,.T.);
#4700 = VERTEX_POINT('',#4701);
#4701 = CARTESIAN_POINT('',(-0.5,-0.4,4.5E-02));
#4702 = LINE('',#4703,#4704);
#4703 = CARTESIAN_POINT('',(-0.755,-0.4,4.5E-02));
#4704 = VECTOR('',#4705,1.);
#4705 = DIRECTION('',(1.,0.,0.));
#4706 = ORIENTED_EDGE('',*,*,#4707,.T.);
#4707 = EDGE_CURVE('',#4700,#4642,#4708,.T.);
#4708 = CIRCLE('',#4709,4.5E-02);
#4709 = AXIS2_PLACEMENT_3D('',#4710,#4711,#4712);
#4710 = CARTESIAN_POINT('',(-0.545,-0.4,4.5E-02));
#4711 = DIRECTION('',(0.,1.,0.));
#4712 = DIRECTION('',(0.,-0.,1.));
#4713 = PLANE('',#4714);
#4714 = AXIS2_PLACEMENT_3D('',#4715,#4716,#4717);
#4715 = CARTESIAN_POINT('',(-0.8,-0.4,0.));
#4716 = DIRECTION('',(0.,1.,0.));
#4717 = DIRECTION('',(0.,-0.,1.));
#4718 = ADVANCED_FACE('',(#4719),#4738,.T.);
#4719 = FACE_BOUND('',#4720,.T.);
#4720 = EDGE_LOOP('',(#4721,#4722,#4731,#4737));
#4721 = ORIENTED_EDGE('',*,*,#4609,.T.);
#4722 = ORIENTED_EDGE('',*,*,#4723,.T.);
#4723 = EDGE_CURVE('',#4610,#4724,#4726,.T.);
#4724 = VERTEX_POINT('',#4725);
#4725 = CARTESIAN_POINT('',(-0.755,0.4,-2.775557561563E-17));
#4726 = CIRCLE('',#4727,4.5E-02);
#4727 = AXIS2_PLACEMENT_3D('',#4728,#4729,#4730);
#4728 = CARTESIAN_POINT('',(-0.755,0.4,4.5E-02));
#4729 = DIRECTION('',(0.,-1.,0.));
#4730 = DIRECTION('',(0.,0.,1.));
#4731 = ORIENTED_EDGE('',*,*,#4732,.F.);
#4732 = EDGE_CURVE('',#4640,#4724,#4733,.T.);
#4733 = LINE('',#4734,#4735);
#4734 = CARTESIAN_POINT('',(-0.755,-0.4,-2.775557561563E-17));
#4735 = VECTOR('',#4736,1.);
#4736 = DIRECTION('',(0.,1.,0.));
#4737 = ORIENTED_EDGE('',*,*,#4649,.F.);
#4738 = CYLINDRICAL_SURFACE('',#4739,4.5E-02);
#4739 = AXIS2_PLACEMENT_3D('',#4740,#4741,#4742);
#4740 = CARTESIAN_POINT('',(-0.755,-0.4,4.5E-02));
#4741 = DIRECTION('',(0.,1.,0.));
#4742 = DIRECTION('',(-1.,0.,0.));
#4743 = ADVANCED_FACE('',(#4744),#4763,.T.);
#4744 = FACE_BOUND('',#4745,.T.);
#4745 = EDGE_LOOP('',(#4746,#4747,#4755,#4762));
#4746 = ORIENTED_EDGE('',*,*,#4657,.T.);
#4747 = ORIENTED_EDGE('',*,*,#4748,.T.);
#4748 = EDGE_CURVE('',#4658,#4749,#4751,.T.);
#4749 = VERTEX_POINT('',#4750);
#4750 = CARTESIAN_POINT('',(-0.755,0.4,0.45));
#4751 = LINE('',#4752,#4753);
#4752 = CARTESIAN_POINT('',(-0.755,-0.4,0.45));
#4753 = VECTOR('',#4754,1.);
#4754 = DIRECTION('',(0.,1.,0.));
#4755 = ORIENTED_EDGE('',*,*,#4756,.F.);
#4756 = EDGE_CURVE('',#4618,#4749,#4757,.T.);
#4757 = CIRCLE('',#4758,4.5E-02);
#4758 = AXIS2_PLACEMENT_3D('',#4759,#4760,#4761);
#4759 = CARTESIAN_POINT('',(-0.755,0.4,0.405));
#4760 = DIRECTION('',(0.,1.,0.));
#4761 = DIRECTION('',(0.,-0.,1.));
#4762 = ORIENTED_EDGE('',*,*,#4625,.F.);
#4763 = CYLINDRICAL_SURFACE('',#4764,4.5E-02);
#4764 = AXIS2_PLACEMENT_3D('',#4765,#4766,#4767);
#4765 = CARTESIAN_POINT('',(-0.755,-0.4,0.405));
#4766 = DIRECTION('',(0.,1.,0.));
#4767 = DIRECTION('',(-1.,0.,0.));
#4768 = ADVANCED_FACE('',(#4769),#4830,.T.);
#4769 = FACE_BOUND('',#4770,.T.);
#4770 = EDGE_LOOP('',(#4771,#4779,#4780,#4781,#4782,#4790,#4799,#4807,
    #4815,#4823));
#4771 = ORIENTED_EDGE('',*,*,#4772,.F.);
#4772 = EDGE_CURVE('',#4724,#4773,#4775,.T.);
#4773 = VERTEX_POINT('',#4774);
#4774 = CARTESIAN_POINT('',(-0.545,0.4,-2.775557561563E-17));
#4775 = LINE('',#4776,#4777);
#4776 = CARTESIAN_POINT('',(-0.8,0.4,0.));
#4777 = VECTOR('',#4778,1.);
#4778 = DIRECTION('',(1.,0.,0.));
#4779 = ORIENTED_EDGE('',*,*,#4723,.F.);
#4780 = ORIENTED_EDGE('',*,*,#4617,.T.);
#4781 = ORIENTED_EDGE('',*,*,#4756,.T.);
#4782 = ORIENTED_EDGE('',*,*,#4783,.T.);
#4783 = EDGE_CURVE('',#4749,#4784,#4786,.T.);
#4784 = VERTEX_POINT('',#4785);
#4785 = CARTESIAN_POINT('',(-0.545,0.4,0.45));
#4786 = LINE('',#4787,#4788);
#4787 = CARTESIAN_POINT('',(-0.8,0.4,0.45));
#4788 = VECTOR('',#4789,1.);
#4789 = DIRECTION('',(1.,0.,0.));
#4790 = ORIENTED_EDGE('',*,*,#4791,.F.);
#4791 = EDGE_CURVE('',#4792,#4784,#4794,.T.);
#4792 = VERTEX_POINT('',#4793);
#4793 = CARTESIAN_POINT('',(-0.5,0.4,0.405));
#4794 = CIRCLE('',#4795,4.5E-02);
#4795 = AXIS2_PLACEMENT_3D('',#4796,#4797,#4798);
#4796 = CARTESIAN_POINT('',(-0.545,0.4,0.405));
#4797 = DIRECTION('',(0.,-1.,0.));
#4798 = DIRECTION('',(0.,0.,1.));
#4799 = ORIENTED_EDGE('',*,*,#4800,.F.);
#4800 = EDGE_CURVE('',#4801,#4792,#4803,.T.);
#4801 = VERTEX_POINT('',#4802);
#4802 = CARTESIAN_POINT('',(-0.755,0.4,0.405));
#4803 = LINE('',#4804,#4805);
#4804 = CARTESIAN_POINT('',(-0.755,0.4,0.405));
#4805 = VECTOR('',#4806,1.);
#4806 = DIRECTION('',(1.,0.,0.));
#4807 = ORIENTED_EDGE('',*,*,#4808,.F.);
#4808 = EDGE_CURVE('',#4809,#4801,#4811,.T.);
#4809 = VERTEX_POINT('',#4810);
#4810 = CARTESIAN_POINT('',(-0.755,0.4,4.5E-02));
#4811 = LINE('',#4812,#4813);
#4812 = CARTESIAN_POINT('',(-0.755,0.4,4.5E-02));
#4813 = VECTOR('',#4814,1.);
#4814 = DIRECTION('',(0.,0.,1.));
#4815 = ORIENTED_EDGE('',*,*,#4816,.T.);
#4816 = EDGE_CURVE('',#4809,#4817,#4819,.T.);
#4817 = VERTEX_POINT('',#4818);
#4818 = CARTESIAN_POINT('',(-0.5,0.4,4.5E-02));
#4819 = LINE('',#4820,#4821);
#4820 = CARTESIAN_POINT('',(-0.755,0.4,4.5E-02));
#4821 = VECTOR('',#4822,1.);
#4822 = DIRECTION('',(1.,0.,0.));
#4823 = ORIENTED_EDGE('',*,*,#4824,.T.);
#4824 = EDGE_CURVE('',#4817,#4773,#4825,.T.);
#4825 = CIRCLE('',#4826,4.5E-02);
#4826 = AXIS2_PLACEMENT_3D('',#4827,#4828,#4829);
#4827 = CARTESIAN_POINT('',(-0.545,0.4,4.5E-02));
#4828 = DIRECTION('',(0.,1.,0.));
#4829 = DIRECTION('',(0.,-0.,1.));
#4830 = PLANE('',#4831);
#4831 = AXIS2_PLACEMENT_3D('',#4832,#4833,#4834);
#4832 = CARTESIAN_POINT('',(-0.8,0.4,0.));
#4833 = DIRECTION('',(0.,1.,0.));
#4834 = DIRECTION('',(0.,-0.,1.));
#4835 = ADVANCED_FACE('',(#4836),#4847,.F.);
#4836 = FACE_BOUND('',#4837,.F.);
#4837 = EDGE_LOOP('',(#4838,#4839,#4840,#4841));
#4838 = ORIENTED_EDGE('',*,*,#4772,.F.);
#4839 = ORIENTED_EDGE('',*,*,#4732,.F.);
#4840 = ORIENTED_EDGE('',*,*,#4639,.T.);
#4841 = ORIENTED_EDGE('',*,*,#4842,.T.);
#4842 = EDGE_CURVE('',#4642,#4773,#4843,.T.);
#4843 = LINE('',#4844,#4845);
#4844 = CARTESIAN_POINT('',(-0.545,-0.4,-2.775557561563E-17));
#4845 = VECTOR('',#4846,1.);
#4846 = DIRECTION('',(0.,1.,0.));
#4847 = PLANE('',#4848);
#4848 = AXIS2_PLACEMENT_3D('',#4849,#4850,#4851);
#4849 = CARTESIAN_POINT('',(-0.8,-0.4,0.));
#4850 = DIRECTION('',(0.,0.,1.));
#4851 = DIRECTION('',(1.,0.,-0.));
#4852 = ADVANCED_FACE('',(#4853),#4864,.T.);
#4853 = FACE_BOUND('',#4854,.T.);
#4854 = EDGE_LOOP('',(#4855,#4856,#4857,#4858));
#4855 = ORIENTED_EDGE('',*,*,#4707,.T.);
#4856 = ORIENTED_EDGE('',*,*,#4842,.T.);
#4857 = ORIENTED_EDGE('',*,*,#4824,.F.);
#4858 = ORIENTED_EDGE('',*,*,#4859,.F.);
#4859 = EDGE_CURVE('',#4700,#4817,#4860,.T.);
#4860 = LINE('',#4861,#4862);
#4861 = CARTESIAN_POINT('',(-0.5,-0.4,4.5E-02));
#4862 = VECTOR('',#4863,1.);
#4863 = DIRECTION('',(0.,1.,0.));
#4864 = CYLINDRICAL_SURFACE('',#4865,4.5E-02);
#4865 = AXIS2_PLACEMENT_3D('',#4866,#4867,#4868);
#4866 = CARTESIAN_POINT('',(-0.545,-0.4,4.5E-02));
#4867 = DIRECTION('',(0.,1.,0.));
#4868 = DIRECTION('',(1.,0.,0.));
#4869 = ADVANCED_FACE('',(#4870),#4913,.F.);
#4870 = FACE_BOUND('',#4871,.F.);
#4871 = EDGE_LOOP('',(#4872,#4873,#4874,#4875,#4883,#4891,#4899,#4907));
#4872 = ORIENTED_EDGE('',*,*,#4699,.F.);
#4873 = ORIENTED_EDGE('',*,*,#4691,.T.);
#4874 = ORIENTED_EDGE('',*,*,#4683,.T.);
#4875 = ORIENTED_EDGE('',*,*,#4876,.T.);
#4876 = EDGE_CURVE('',#4675,#4877,#4879,.T.);
#4877 = VERTEX_POINT('',#4878);
#4878 = CARTESIAN_POINT('',(0.5,-0.4,0.405));
#4879 = LINE('',#4880,#4881);
#4880 = CARTESIAN_POINT('',(-0.5,-0.4,0.405));
#4881 = VECTOR('',#4882,1.);
#4882 = DIRECTION('',(1.,0.,0.));
#4883 = ORIENTED_EDGE('',*,*,#4884,.T.);
#4884 = EDGE_CURVE('',#4877,#4885,#4887,.T.);
#4885 = VERTEX_POINT('',#4886);
#4886 = CARTESIAN_POINT('',(0.755,-0.4,0.405));
#4887 = LINE('',#4888,#4889);
#4888 = CARTESIAN_POINT('',(-0.755,-0.4,0.405));
#4889 = VECTOR('',#4890,1.);
#4890 = DIRECTION('',(1.,0.,0.));
#4891 = ORIENTED_EDGE('',*,*,#4892,.F.);
#4892 = EDGE_CURVE('',#4893,#4885,#4895,.T.);
#4893 = VERTEX_POINT('',#4894);
#4894 = CARTESIAN_POINT('',(0.755,-0.4,4.5E-02));
#4895 = LINE('',#4896,#4897);
#4896 = CARTESIAN_POINT('',(0.755,-0.4,4.5E-02));
#4897 = VECTOR('',#4898,1.);
#4898 = DIRECTION('',(0.,0.,1.));
#4899 = ORIENTED_EDGE('',*,*,#4900,.F.);
#4900 = EDGE_CURVE('',#4901,#4893,#4903,.T.);
#4901 = VERTEX_POINT('',#4902);
#4902 = CARTESIAN_POINT('',(0.5,-0.4,4.5E-02));
#4903 = LINE('',#4904,#4905);
#4904 = CARTESIAN_POINT('',(-0.755,-0.4,4.5E-02));
#4905 = VECTOR('',#4906,1.);
#4906 = DIRECTION('',(1.,0.,0.));
#4907 = ORIENTED_EDGE('',*,*,#4908,.F.);
#4908 = EDGE_CURVE('',#4700,#4901,#4909,.T.);
#4909 = LINE('',#4910,#4911);
#4910 = CARTESIAN_POINT('',(-0.755,-0.4,4.5E-02));
#4911 = VECTOR('',#4912,1.);
#4912 = DIRECTION('',(1.,0.,0.));
#4913 = PLANE('',#4914);
#4914 = AXIS2_PLACEMENT_3D('',#4915,#4916,#4917);
#4915 = CARTESIAN_POINT('',(-0.755,-0.4,4.5E-02));
#4916 = DIRECTION('',(0.,1.,0.));
#4917 = DIRECTION('',(0.,-0.,1.));
#4918 = ADVANCED_FACE('',(#4919),#4930,.T.);
#4919 = FACE_BOUND('',#4920,.T.);
#4920 = EDGE_LOOP('',(#4921,#4922,#4923,#4924));
#4921 = ORIENTED_EDGE('',*,*,#4783,.F.);
#4922 = ORIENTED_EDGE('',*,*,#4748,.F.);
#4923 = ORIENTED_EDGE('',*,*,#4666,.T.);
#4924 = ORIENTED_EDGE('',*,*,#4925,.T.);
#4925 = EDGE_CURVE('',#4667,#4784,#4926,.T.);
#4926 = LINE('',#4927,#4928);
#4927 = CARTESIAN_POINT('',(-0.545,-0.4,0.45));
#4928 = VECTOR('',#4929,1.);
#4929 = DIRECTION('',(0.,1.,0.));
#4930 = PLANE('',#4931);
#4931 = AXIS2_PLACEMENT_3D('',#4932,#4933,#4934);
#4932 = CARTESIAN_POINT('',(-0.8,-0.4,0.45));
#4933 = DIRECTION('',(0.,0.,1.));
#4934 = DIRECTION('',(1.,0.,-0.));
#4935 = ADVANCED_FACE('',(#4936),#4947,.T.);
#4936 = FACE_BOUND('',#4937,.T.);
#4937 = EDGE_LOOP('',(#4938,#4944,#4945,#4946));
#4938 = ORIENTED_EDGE('',*,*,#4939,.T.);
#4939 = EDGE_CURVE('',#4675,#4792,#4940,.T.);
#4940 = LINE('',#4941,#4942);
#4941 = CARTESIAN_POINT('',(-0.5,-0.4,0.405));
#4942 = VECTOR('',#4943,1.);
#4943 = DIRECTION('',(0.,1.,0.));
#4944 = ORIENTED_EDGE('',*,*,#4791,.T.);
#4945 = ORIENTED_EDGE('',*,*,#4925,.F.);
#4946 = ORIENTED_EDGE('',*,*,#4674,.F.);
#4947 = CYLINDRICAL_SURFACE('',#4948,4.5E-02);
#4948 = AXIS2_PLACEMENT_3D('',#4949,#4950,#4951);
#4949 = CARTESIAN_POINT('',(-0.545,-0.4,0.405));
#4950 = DIRECTION('',(0.,1.,0.));
#4951 = DIRECTION('',(1.,0.,0.));
#4952 = ADVANCED_FACE('',(#4953),#4996,.T.);
#4953 = FACE_BOUND('',#4954,.T.);
#4954 = EDGE_LOOP('',(#4955,#4956,#4957,#4958,#4966,#4974,#4982,#4990));
#4955 = ORIENTED_EDGE('',*,*,#4816,.F.);
#4956 = ORIENTED_EDGE('',*,*,#4808,.T.);
#4957 = ORIENTED_EDGE('',*,*,#4800,.T.);
#4958 = ORIENTED_EDGE('',*,*,#4959,.T.);
#4959 = EDGE_CURVE('',#4792,#4960,#4962,.T.);
#4960 = VERTEX_POINT('',#4961);
#4961 = CARTESIAN_POINT('',(0.5,0.4,0.405));
#4962 = LINE('',#4963,#4964);
#4963 = CARTESIAN_POINT('',(-0.5,0.4,0.405));
#4964 = VECTOR('',#4965,1.);
#4965 = DIRECTION('',(1.,0.,0.));
#4966 = ORIENTED_EDGE('',*,*,#4967,.T.);
#4967 = EDGE_CURVE('',#4960,#4968,#4970,.T.);
#4968 = VERTEX_POINT('',#4969);
#4969 = CARTESIAN_POINT('',(0.755,0.4,0.405));
#4970 = LINE('',#4971,#4972);
#4971 = CARTESIAN_POINT('',(-0.755,0.4,0.405));
#4972 = VECTOR('',#4973,1.);
#4973 = DIRECTION('',(1.,0.,0.));
#4974 = ORIENTED_EDGE('',*,*,#4975,.F.);
#4975 = EDGE_CURVE('',#4976,#4968,#4978,.T.);
#4976 = VERTEX_POINT('',#4977);
#4977 = CARTESIAN_POINT('',(0.755,0.4,4.5E-02));
#4978 = LINE('',#4979,#4980);
#4979 = CARTESIAN_POINT('',(0.755,0.4,4.5E-02));
#4980 = VECTOR('',#4981,1.);
#4981 = DIRECTION('',(0.,0.,1.));
#4982 = ORIENTED_EDGE('',*,*,#4983,.F.);
#4983 = EDGE_CURVE('',#4984,#4976,#4986,.T.);
#4984 = VERTEX_POINT('',#4985);
#4985 = CARTESIAN_POINT('',(0.5,0.4,4.5E-02));
#4986 = LINE('',#4987,#4988);
#4987 = CARTESIAN_POINT('',(-0.755,0.4,4.5E-02));
#4988 = VECTOR('',#4989,1.);
#4989 = DIRECTION('',(1.,0.,0.));
#4990 = ORIENTED_EDGE('',*,*,#4991,.F.);
#4991 = EDGE_CURVE('',#4817,#4984,#4992,.T.);
#4992 = LINE('',#4993,#4994);
#4993 = CARTESIAN_POINT('',(-0.755,0.4,4.5E-02));
#4994 = VECTOR('',#4995,1.);
#4995 = DIRECTION('',(1.,0.,0.));
#4996 = PLANE('',#4997);
#4997 = AXIS2_PLACEMENT_3D('',#4998,#4999,#5000);
#4998 = CARTESIAN_POINT('',(-0.755,0.4,4.5E-02));
#4999 = DIRECTION('',(0.,1.,0.));
#5000 = DIRECTION('',(0.,-0.,1.));
#5001 = ADVANCED_FACE('',(#5002),#5013,.F.);
#5002 = FACE_BOUND('',#5003,.F.);
#5003 = EDGE_LOOP('',(#5004,#5005,#5006,#5012));
#5004 = ORIENTED_EDGE('',*,*,#4859,.F.);
#5005 = ORIENTED_EDGE('',*,*,#4908,.T.);
#5006 = ORIENTED_EDGE('',*,*,#5007,.T.);
#5007 = EDGE_CURVE('',#4901,#4984,#5008,.T.);
#5008 = LINE('',#5009,#5010);
#5009 = CARTESIAN_POINT('',(0.5,-0.4,4.5E-02));
#5010 = VECTOR('',#5011,1.);
#5011 = DIRECTION('',(0.,1.,0.));
#5012 = ORIENTED_EDGE('',*,*,#4991,.F.);
#5013 = PLANE('',#5014);
#5014 = AXIS2_PLACEMENT_3D('',#5015,#5016,#5017);
#5015 = CARTESIAN_POINT('',(-0.755,-0.4,4.5E-02));
#5016 = DIRECTION('',(0.,0.,1.));
#5017 = DIRECTION('',(1.,0.,-0.));
#5018 = ADVANCED_FACE('',(#5019),#5082,.F.);
#5019 = FACE_BOUND('',#5020,.F.);
#5020 = EDGE_LOOP('',(#5021,#5031,#5038,#5039,#5040,#5041,#5050,#5058,
    #5067,#5075));
#5021 = ORIENTED_EDGE('',*,*,#5022,.F.);
#5022 = EDGE_CURVE('',#5023,#5025,#5027,.T.);
#5023 = VERTEX_POINT('',#5024);
#5024 = CARTESIAN_POINT('',(0.545,-0.4,-2.775557561563E-17));
#5025 = VERTEX_POINT('',#5026);
#5026 = CARTESIAN_POINT('',(0.755,-0.4,-2.775557561563E-17));
#5027 = LINE('',#5028,#5029);
#5028 = CARTESIAN_POINT('',(0.5,-0.4,0.));
#5029 = VECTOR('',#5030,1.);
#5030 = DIRECTION('',(1.,0.,0.));
#5031 = ORIENTED_EDGE('',*,*,#5032,.F.);
#5032 = EDGE_CURVE('',#4901,#5023,#5033,.T.);
#5033 = CIRCLE('',#5034,4.5E-02);
#5034 = AXIS2_PLACEMENT_3D('',#5035,#5036,#5037);
#5035 = CARTESIAN_POINT('',(0.545,-0.4,4.5E-02));
#5036 = DIRECTION('',(0.,-1.,0.));
#5037 = DIRECTION('',(0.,0.,1.));
#5038 = ORIENTED_EDGE('',*,*,#4900,.T.);
#5039 = ORIENTED_EDGE('',*,*,#4892,.T.);
#5040 = ORIENTED_EDGE('',*,*,#4884,.F.);
#5041 = ORIENTED_EDGE('',*,*,#5042,.T.);
#5042 = EDGE_CURVE('',#4877,#5043,#5045,.T.);
#5043 = VERTEX_POINT('',#5044);
#5044 = CARTESIAN_POINT('',(0.545,-0.4,0.45));
#5045 = CIRCLE('',#5046,4.5E-02);
#5046 = AXIS2_PLACEMENT_3D('',#5047,#5048,#5049);
#5047 = CARTESIAN_POINT('',(0.545,-0.4,0.405));
#5048 = DIRECTION('',(0.,1.,0.));
#5049 = DIRECTION('',(0.,-0.,1.));
#5050 = ORIENTED_EDGE('',*,*,#5051,.T.);
#5051 = EDGE_CURVE('',#5043,#5052,#5054,.T.);
#5052 = VERTEX_POINT('',#5053);
#5053 = CARTESIAN_POINT('',(0.755,-0.4,0.45));
#5054 = LINE('',#5055,#5056);
#5055 = CARTESIAN_POINT('',(0.5,-0.4,0.45));
#5056 = VECTOR('',#5057,1.);
#5057 = DIRECTION('',(1.,0.,0.));
#5058 = ORIENTED_EDGE('',*,*,#5059,.F.);
#5059 = EDGE_CURVE('',#5060,#5052,#5062,.T.);
#5060 = VERTEX_POINT('',#5061);
#5061 = CARTESIAN_POINT('',(0.8,-0.4,0.405));
#5062 = CIRCLE('',#5063,4.5E-02);
#5063 = AXIS2_PLACEMENT_3D('',#5064,#5065,#5066);
#5064 = CARTESIAN_POINT('',(0.755,-0.4,0.405));
#5065 = DIRECTION('',(0.,-1.,0.));
#5066 = DIRECTION('',(0.,0.,1.));
#5067 = ORIENTED_EDGE('',*,*,#5068,.F.);
#5068 = EDGE_CURVE('',#5069,#5060,#5071,.T.);
#5069 = VERTEX_POINT('',#5070);
#5070 = CARTESIAN_POINT('',(0.8,-0.4,4.5E-02));
#5071 = LINE('',#5072,#5073);
#5072 = CARTESIAN_POINT('',(0.8,-0.4,0.));
#5073 = VECTOR('',#5074,1.);
#5074 = DIRECTION('',(0.,0.,1.));
#5075 = ORIENTED_EDGE('',*,*,#5076,.T.);
#5076 = EDGE_CURVE('',#5069,#5025,#5077,.T.);
#5077 = CIRCLE('',#5078,4.5E-02);
#5078 = AXIS2_PLACEMENT_3D('',#5079,#5080,#5081);
#5079 = CARTESIAN_POINT('',(0.755,-0.4,4.5E-02));
#5080 = DIRECTION('',(0.,1.,0.));
#5081 = DIRECTION('',(0.,-0.,1.));
#5082 = PLANE('',#5083);
#5083 = AXIS2_PLACEMENT_3D('',#5084,#5085,#5086);
#5084 = CARTESIAN_POINT('',(0.5,-0.4,0.));
#5085 = DIRECTION('',(0.,1.,0.));
#5086 = DIRECTION('',(0.,-0.,1.));
#5087 = ADVANCED_FACE('',(#5088),#5113,.F.);
#5088 = FACE_BOUND('',#5089,.F.);
#5089 = EDGE_LOOP('',(#5090,#5091,#5099,#5107));
#5090 = ORIENTED_EDGE('',*,*,#4876,.F.);
#5091 = ORIENTED_EDGE('',*,*,#5092,.T.);
#5092 = EDGE_CURVE('',#4675,#5093,#5095,.T.);
#5093 = VERTEX_POINT('',#5094);
#5094 = CARTESIAN_POINT('',(-0.5,-0.4,0.45));
#5095 = LINE('',#5096,#5097);
#5096 = CARTESIAN_POINT('',(-0.5,-0.4,0.405));
#5097 = VECTOR('',#5098,1.);
#5098 = DIRECTION('',(0.,0.,1.));
#5099 = ORIENTED_EDGE('',*,*,#5100,.T.);
#5100 = EDGE_CURVE('',#5093,#5101,#5103,.T.);
#5101 = VERTEX_POINT('',#5102);
#5102 = CARTESIAN_POINT('',(0.5,-0.4,0.45));
#5103 = LINE('',#5104,#5105);
#5104 = CARTESIAN_POINT('',(-0.5,-0.4,0.45));
#5105 = VECTOR('',#5106,1.);
#5106 = DIRECTION('',(1.,0.,0.));
#5107 = ORIENTED_EDGE('',*,*,#5108,.F.);
#5108 = EDGE_CURVE('',#4877,#5101,#5109,.T.);
#5109 = LINE('',#5110,#5111);
#5110 = CARTESIAN_POINT('',(0.5,-0.4,0.405));
#5111 = VECTOR('',#5112,1.);
#5112 = DIRECTION('',(0.,0.,1.));
#5113 = PLANE('',#5114);
#5114 = AXIS2_PLACEMENT_3D('',#5115,#5116,#5117);
#5115 = CARTESIAN_POINT('',(-0.5,-0.4,0.405));
#5116 = DIRECTION('',(0.,1.,0.));
#5117 = DIRECTION('',(0.,-0.,1.));
#5118 = ADVANCED_FACE('',(#5119),#5137,.F.);
#5119 = FACE_BOUND('',#5120,.F.);
#5120 = EDGE_LOOP('',(#5121,#5122,#5123,#5131));
#5121 = ORIENTED_EDGE('',*,*,#5092,.F.);
#5122 = ORIENTED_EDGE('',*,*,#4939,.T.);
#5123 = ORIENTED_EDGE('',*,*,#5124,.T.);
#5124 = EDGE_CURVE('',#4792,#5125,#5127,.T.);
#5125 = VERTEX_POINT('',#5126);
#5126 = CARTESIAN_POINT('',(-0.5,0.4,0.45));
#5127 = LINE('',#5128,#5129);
#5128 = CARTESIAN_POINT('',(-0.5,0.4,0.405));
#5129 = VECTOR('',#5130,1.);
#5130 = DIRECTION('',(0.,0.,1.));
#5131 = ORIENTED_EDGE('',*,*,#5132,.F.);
#5132 = EDGE_CURVE('',#5093,#5125,#5133,.T.);
#5133 = LINE('',#5134,#5135);
#5134 = CARTESIAN_POINT('',(-0.5,-0.4,0.45));
#5135 = VECTOR('',#5136,1.);
#5136 = DIRECTION('',(0.,1.,0.));
#5137 = PLANE('',#5138);
#5138 = AXIS2_PLACEMENT_3D('',#5139,#5140,#5141);
#5139 = CARTESIAN_POINT('',(-0.5,-0.4,0.405));
#5140 = DIRECTION('',(1.,0.,0.));
#5141 = DIRECTION('',(0.,0.,1.));
#5142 = ADVANCED_FACE('',(#5143),#5206,.T.);
#5143 = FACE_BOUND('',#5144,.T.);
#5144 = EDGE_LOOP('',(#5145,#5155,#5162,#5163,#5164,#5165,#5174,#5182,
    #5191,#5199));
#5145 = ORIENTED_EDGE('',*,*,#5146,.F.);
#5146 = EDGE_CURVE('',#5147,#5149,#5151,.T.);
#5147 = VERTEX_POINT('',#5148);
#5148 = CARTESIAN_POINT('',(0.545,0.4,-2.775557561563E-17));
#5149 = VERTEX_POINT('',#5150);
#5150 = CARTESIAN_POINT('',(0.755,0.4,-2.775557561563E-17));
#5151 = LINE('',#5152,#5153);
#5152 = CARTESIAN_POINT('',(0.5,0.4,0.));
#5153 = VECTOR('',#5154,1.);
#5154 = DIRECTION('',(1.,0.,0.));
#5155 = ORIENTED_EDGE('',*,*,#5156,.F.);
#5156 = EDGE_CURVE('',#4984,#5147,#5157,.T.);
#5157 = CIRCLE('',#5158,4.5E-02);
#5158 = AXIS2_PLACEMENT_3D('',#5159,#5160,#5161);
#5159 = CARTESIAN_POINT('',(0.545,0.4,4.5E-02));
#5160 = DIRECTION('',(0.,-1.,0.));
#5161 = DIRECTION('',(0.,0.,1.));
#5162 = ORIENTED_EDGE('',*,*,#4983,.T.);
#5163 = ORIENTED_EDGE('',*,*,#4975,.T.);
#5164 = ORIENTED_EDGE('',*,*,#4967,.F.);
#5165 = ORIENTED_EDGE('',*,*,#5166,.T.);
#5166 = EDGE_CURVE('',#4960,#5167,#5169,.T.);
#5167 = VERTEX_POINT('',#5168);
#5168 = CARTESIAN_POINT('',(0.545,0.4,0.45));
#5169 = CIRCLE('',#5170,4.5E-02);
#5170 = AXIS2_PLACEMENT_3D('',#5171,#5172,#5173);
#5171 = CARTESIAN_POINT('',(0.545,0.4,0.405));
#5172 = DIRECTION('',(0.,1.,0.));
#5173 = DIRECTION('',(0.,-0.,1.));
#5174 = ORIENTED_EDGE('',*,*,#5175,.T.);
#5175 = EDGE_CURVE('',#5167,#5176,#5178,.T.);
#5176 = VERTEX_POINT('',#5177);
#5177 = CARTESIAN_POINT('',(0.755,0.4,0.45));
#5178 = LINE('',#5179,#5180);
#5179 = CARTESIAN_POINT('',(0.5,0.4,0.45));
#5180 = VECTOR('',#5181,1.);
#5181 = DIRECTION('',(1.,0.,0.));
#5182 = ORIENTED_EDGE('',*,*,#5183,.F.);
#5183 = EDGE_CURVE('',#5184,#5176,#5186,.T.);
#5184 = VERTEX_POINT('',#5185);
#5185 = CARTESIAN_POINT('',(0.8,0.4,0.405));
#5186 = CIRCLE('',#5187,4.5E-02);
#5187 = AXIS2_PLACEMENT_3D('',#5188,#5189,#5190);
#5188 = CARTESIAN_POINT('',(0.755,0.4,0.405));
#5189 = DIRECTION('',(0.,-1.,0.));
#5190 = DIRECTION('',(0.,0.,1.));
#5191 = ORIENTED_EDGE('',*,*,#5192,.F.);
#5192 = EDGE_CURVE('',#5193,#5184,#5195,.T.);
#5193 = VERTEX_POINT('',#5194);
#5194 = CARTESIAN_POINT('',(0.8,0.4,4.5E-02));
#5195 = LINE('',#5196,#5197);
#5196 = CARTESIAN_POINT('',(0.8,0.4,0.));
#5197 = VECTOR('',#5198,1.);
#5198 = DIRECTION('',(0.,0.,1.));
#5199 = ORIENTED_EDGE('',*,*,#5200,.T.);
#5200 = EDGE_CURVE('',#5193,#5149,#5201,.T.);
#5201 = CIRCLE('',#5202,4.5E-02);
#5202 = AXIS2_PLACEMENT_3D('',#5203,#5204,#5205);
#5203 = CARTESIAN_POINT('',(0.755,0.4,4.5E-02));
#5204 = DIRECTION('',(0.,1.,0.));
#5205 = DIRECTION('',(0.,-0.,1.));
#5206 = PLANE('',#5207);
#5207 = AXIS2_PLACEMENT_3D('',#5208,#5209,#5210);
#5208 = CARTESIAN_POINT('',(0.5,0.4,0.));
#5209 = DIRECTION('',(0.,1.,0.));
#5210 = DIRECTION('',(0.,-0.,1.));
#5211 = ADVANCED_FACE('',(#5212),#5230,.T.);
#5212 = FACE_BOUND('',#5213,.T.);
#5213 = EDGE_LOOP('',(#5214,#5215,#5216,#5224));
#5214 = ORIENTED_EDGE('',*,*,#4959,.F.);
#5215 = ORIENTED_EDGE('',*,*,#5124,.T.);
#5216 = ORIENTED_EDGE('',*,*,#5217,.T.);
#5217 = EDGE_CURVE('',#5125,#5218,#5220,.T.);
#5218 = VERTEX_POINT('',#5219);
#5219 = CARTESIAN_POINT('',(0.5,0.4,0.45));
#5220 = LINE('',#5221,#5222);
#5221 = CARTESIAN_POINT('',(-0.5,0.4,0.45));
#5222 = VECTOR('',#5223,1.);
#5223 = DIRECTION('',(1.,0.,0.));
#5224 = ORIENTED_EDGE('',*,*,#5225,.F.);
#5225 = EDGE_CURVE('',#4960,#5218,#5226,.T.);
#5226 = LINE('',#5227,#5228);
#5227 = CARTESIAN_POINT('',(0.5,0.4,0.405));
#5228 = VECTOR('',#5229,1.);
#5229 = DIRECTION('',(0.,0.,1.));
#5230 = PLANE('',#5231);
#5231 = AXIS2_PLACEMENT_3D('',#5232,#5233,#5234);
#5232 = CARTESIAN_POINT('',(-0.5,0.4,0.405));
#5233 = DIRECTION('',(0.,1.,0.));
#5234 = DIRECTION('',(0.,-0.,1.));
#5235 = ADVANCED_FACE('',(#5236),#5247,.T.);
#5236 = FACE_BOUND('',#5237,.T.);
#5237 = EDGE_LOOP('',(#5238,#5239,#5240,#5246));
#5238 = ORIENTED_EDGE('',*,*,#5007,.T.);
#5239 = ORIENTED_EDGE('',*,*,#5156,.T.);
#5240 = ORIENTED_EDGE('',*,*,#5241,.F.);
#5241 = EDGE_CURVE('',#5023,#5147,#5242,.T.);
#5242 = LINE('',#5243,#5244);
#5243 = CARTESIAN_POINT('',(0.545,-0.4,-2.775557561563E-17));
#5244 = VECTOR('',#5245,1.);
#5245 = DIRECTION('',(0.,1.,0.));
#5246 = ORIENTED_EDGE('',*,*,#5032,.F.);
#5247 = CYLINDRICAL_SURFACE('',#5248,4.5E-02);
#5248 = AXIS2_PLACEMENT_3D('',#5249,#5250,#5251);
#5249 = CARTESIAN_POINT('',(0.545,-0.4,4.5E-02));
#5250 = DIRECTION('',(0.,1.,0.));
#5251 = DIRECTION('',(-1.,0.,0.));
#5252 = ADVANCED_FACE('',(#5253),#5264,.F.);
#5253 = FACE_BOUND('',#5254,.F.);
#5254 = EDGE_LOOP('',(#5255,#5256,#5257,#5258));
#5255 = ORIENTED_EDGE('',*,*,#5146,.F.);
#5256 = ORIENTED_EDGE('',*,*,#5241,.F.);
#5257 = ORIENTED_EDGE('',*,*,#5022,.T.);
#5258 = ORIENTED_EDGE('',*,*,#5259,.T.);
#5259 = EDGE_CURVE('',#5025,#5149,#5260,.T.);
#5260 = LINE('',#5261,#5262);
#5261 = CARTESIAN_POINT('',(0.755,-0.4,-2.775557561563E-17));
#5262 = VECTOR('',#5263,1.);
#5263 = DIRECTION('',(0.,1.,0.));
#5264 = PLANE('',#5265);
#5265 = AXIS2_PLACEMENT_3D('',#5266,#5267,#5268);
#5266 = CARTESIAN_POINT('',(0.5,-0.4,0.));
#5267 = DIRECTION('',(0.,0.,1.));
#5268 = DIRECTION('',(1.,0.,-0.));
#5269 = ADVANCED_FACE('',(#5270),#5281,.T.);
#5270 = FACE_BOUND('',#5271,.T.);
#5271 = EDGE_LOOP('',(#5272,#5273,#5274,#5275));
#5272 = ORIENTED_EDGE('',*,*,#5076,.T.);
#5273 = ORIENTED_EDGE('',*,*,#5259,.T.);
#5274 = ORIENTED_EDGE('',*,*,#5200,.F.);
#5275 = ORIENTED_EDGE('',*,*,#5276,.F.);
#5276 = EDGE_CURVE('',#5069,#5193,#5277,.T.);
#5277 = LINE('',#5278,#5279);
#5278 = CARTESIAN_POINT('',(0.8,-0.4,4.5E-02));
#5279 = VECTOR('',#5280,1.);
#5280 = DIRECTION('',(0.,1.,0.));
#5281 = CYLINDRICAL_SURFACE('',#5282,4.5E-02);
#5282 = AXIS2_PLACEMENT_3D('',#5283,#5284,#5285);
#5283 = CARTESIAN_POINT('',(0.755,-0.4,4.5E-02));
#5284 = DIRECTION('',(0.,1.,0.));
#5285 = DIRECTION('',(1.,0.,0.));
#5286 = ADVANCED_FACE('',(#5287),#5298,.T.);
#5287 = FACE_BOUND('',#5288,.T.);
#5288 = EDGE_LOOP('',(#5289,#5290,#5291,#5292));
#5289 = ORIENTED_EDGE('',*,*,#5068,.F.);
#5290 = ORIENTED_EDGE('',*,*,#5276,.T.);
#5291 = ORIENTED_EDGE('',*,*,#5192,.T.);
#5292 = ORIENTED_EDGE('',*,*,#5293,.F.);
#5293 = EDGE_CURVE('',#5060,#5184,#5294,.T.);
#5294 = LINE('',#5295,#5296);
#5295 = CARTESIAN_POINT('',(0.8,-0.4,0.405));
#5296 = VECTOR('',#5297,1.);
#5297 = DIRECTION('',(0.,1.,0.));
#5298 = PLANE('',#5299);
#5299 = AXIS2_PLACEMENT_3D('',#5300,#5301,#5302);
#5300 = CARTESIAN_POINT('',(0.8,-0.4,0.));
#5301 = DIRECTION('',(1.,0.,0.));
#5302 = DIRECTION('',(0.,0.,1.));
#5303 = ADVANCED_FACE('',(#5304),#5315,.T.);
#5304 = FACE_BOUND('',#5305,.T.);
#5305 = EDGE_LOOP('',(#5306,#5307,#5308,#5314));
#5306 = ORIENTED_EDGE('',*,*,#5293,.T.);
#5307 = ORIENTED_EDGE('',*,*,#5183,.T.);
#5308 = ORIENTED_EDGE('',*,*,#5309,.F.);
#5309 = EDGE_CURVE('',#5052,#5176,#5310,.T.);
#5310 = LINE('',#5311,#5312);
#5311 = CARTESIAN_POINT('',(0.755,-0.4,0.45));
#5312 = VECTOR('',#5313,1.);
#5313 = DIRECTION('',(0.,1.,0.));
#5314 = ORIENTED_EDGE('',*,*,#5059,.F.);
#5315 = CYLINDRICAL_SURFACE('',#5316,4.5E-02);
#5316 = AXIS2_PLACEMENT_3D('',#5317,#5318,#5319);
#5317 = CARTESIAN_POINT('',(0.755,-0.4,0.405));
#5318 = DIRECTION('',(0.,1.,0.));
#5319 = DIRECTION('',(1.,0.,0.));
#5320 = ADVANCED_FACE('',(#5321),#5332,.T.);
#5321 = FACE_BOUND('',#5322,.T.);
#5322 = EDGE_LOOP('',(#5323,#5324,#5330,#5331));
#5323 = ORIENTED_EDGE('',*,*,#5175,.F.);
#5324 = ORIENTED_EDGE('',*,*,#5325,.F.);
#5325 = EDGE_CURVE('',#5043,#5167,#5326,.T.);
#5326 = LINE('',#5327,#5328);
#5327 = CARTESIAN_POINT('',(0.545,-0.4,0.45));
#5328 = VECTOR('',#5329,1.);
#5329 = DIRECTION('',(0.,1.,0.));
#5330 = ORIENTED_EDGE('',*,*,#5051,.T.);
#5331 = ORIENTED_EDGE('',*,*,#5309,.T.);
#5332 = PLANE('',#5333);
#5333 = AXIS2_PLACEMENT_3D('',#5334,#5335,#5336);
#5334 = CARTESIAN_POINT('',(0.5,-0.4,0.45));
#5335 = DIRECTION('',(0.,0.,1.));
#5336 = DIRECTION('',(1.,0.,-0.));
#5337 = ADVANCED_FACE('',(#5338),#5349,.T.);
#5338 = FACE_BOUND('',#5339,.T.);
#5339 = EDGE_LOOP('',(#5340,#5341,#5342,#5343));
#5340 = ORIENTED_EDGE('',*,*,#5042,.T.);
#5341 = ORIENTED_EDGE('',*,*,#5325,.T.);
#5342 = ORIENTED_EDGE('',*,*,#5166,.F.);
#5343 = ORIENTED_EDGE('',*,*,#5344,.F.);
#5344 = EDGE_CURVE('',#4877,#4960,#5345,.T.);
#5345 = LINE('',#5346,#5347);
#5346 = CARTESIAN_POINT('',(0.5,-0.4,0.405));
#5347 = VECTOR('',#5348,1.);
#5348 = DIRECTION('',(0.,1.,0.));
#5349 = CYLINDRICAL_SURFACE('',#5350,4.5E-02);
#5350 = AXIS2_PLACEMENT_3D('',#5351,#5352,#5353);
#5351 = CARTESIAN_POINT('',(0.545,-0.4,0.405));
#5352 = DIRECTION('',(0.,1.,0.));
#5353 = DIRECTION('',(-1.,0.,0.));
#5354 = ADVANCED_FACE('',(#5355),#5366,.T.);
#5355 = FACE_BOUND('',#5356,.T.);
#5356 = EDGE_LOOP('',(#5357,#5358,#5359,#5360));
#5357 = ORIENTED_EDGE('',*,*,#5108,.F.);
#5358 = ORIENTED_EDGE('',*,*,#5344,.T.);
#5359 = ORIENTED_EDGE('',*,*,#5225,.T.);
#5360 = ORIENTED_EDGE('',*,*,#5361,.F.);
#5361 = EDGE_CURVE('',#5101,#5218,#5362,.T.);
#5362 = LINE('',#5363,#5364);
#5363 = CARTESIAN_POINT('',(0.5,-0.4,0.45));
#5364 = VECTOR('',#5365,1.);
#5365 = DIRECTION('',(0.,1.,0.));
#5366 = PLANE('',#5367);
#5367 = AXIS2_PLACEMENT_3D('',#5368,#5369,#5370);
#5368 = CARTESIAN_POINT('',(0.5,-0.4,0.405));
#5369 = DIRECTION('',(1.,0.,0.));
#5370 = DIRECTION('',(0.,0.,1.));
#5371 = ADVANCED_FACE('',(#5372),#5378,.T.);
#5372 = FACE_BOUND('',#5373,.T.);
#5373 = EDGE_LOOP('',(#5374,#5375,#5376,#5377));
#5374 = ORIENTED_EDGE('',*,*,#5132,.F.);
#5375 = ORIENTED_EDGE('',*,*,#5100,.T.);
#5376 = ORIENTED_EDGE('',*,*,#5361,.T.);
#5377 = ORIENTED_EDGE('',*,*,#5217,.F.);
#5378 = PLANE('',#5379);
#5379 = AXIS2_PLACEMENT_3D('',#5380,#5381,#5382);
#5380 = CARTESIAN_POINT('',(-0.5,-0.4,0.45));
#5381 = DIRECTION('',(0.,0.,1.));
#5382 = DIRECTION('',(1.,0.,-0.));
#5383 = ( GEOMETRIC_REPRESENTATION_CONTEXT(3) 
GLOBAL_UNCERTAINTY_ASSIGNED_CONTEXT((#5387)) 
GLOBAL_UNIT_ASSIGNED_CONTEXT((#5384,#5385,#5386)) REPRESENTATION_CONTEXT
('Context #1','3D Context with UNIT and UNCERTAINTY') );
#5384 = ( LENGTH_UNIT() NAMED_UNIT(*) SI_UNIT(.MILLI.,.METRE.) );
#5385 = ( NAMED_UNIT(*) PLANE_ANGLE_UNIT() SI_UNIT($,.RADIAN.) );
#5386 = ( NAMED_UNIT(*) SI_UNIT($,.STERADIAN.) SOLID_ANGLE_UNIT() );
#5387 = UNCERTAINTY_MEASURE_WITH_UNIT(LENGTH_MEASURE(1.E-07),#5384,
  'distance_accuracy_value','confusion accuracy');
#5388 = CONTEXT_DEPENDENT_SHAPE_REPRESENTATION(#5389,#5391);
#5389 = ( REPRESENTATION_RELATIONSHIP('','',#4592,#10) 
REPRESENTATION_RELATIONSHIP_WITH_TRANSFORMATION(#5390) 
SHAPE_REPRESENTATION_RELATIONSHIP() );
#5390 = ITEM_DEFINED_TRANSFORMATION('','',#11,#47);
#5391 = PRODUCT_DEFINITION_SHAPE('Placement','Placement of an item',
  #5392);
#5392 = NEXT_ASSEMBLY_USAGE_OCCURRENCE('18','R1','',#5,#4587,$);
#5393 = PRODUCT_RELATED_PRODUCT_CATEGORY('part',$,(#4589));
#5394 = CONTEXT_DEPENDENT_SHAPE_REPRESENTATION(#5395,#5397);
#5395 = ( REPRESENTATION_RELATIONSHIP('','',#4592,#10) 
REPRESENTATION_RELATIONSHIP_WITH_TRANSFORMATION(#5396) 
SHAPE_REPRESENTATION_RELATIONSHIP() );
#5396 = ITEM_DEFINED_TRANSFORMATION('','',#11,#51);
#5397 = PRODUCT_DEFINITION_SHAPE('Placement','Placement of an item',
  #5398);
#5398 = NEXT_ASSEMBLY_USAGE_OCCURRENCE('19','R2','',#5,#4587,$);
#5399 = CONTEXT_DEPENDENT_SHAPE_REPRESENTATION(#5400,#5402);
#5400 = ( REPRESENTATION_RELATIONSHIP('','',#1434,#10) 
REPRESENTATION_RELATIONSHIP_WITH_TRANSFORMATION(#5401) 
SHAPE_REPRESENTATION_RELATIONSHIP() );
#5401 = ITEM_DEFINED_TRANSFORMATION('','',#11,#55);
#5402 = PRODUCT_DEFINITION_SHAPE('Placement','Placement of an item',
  #5403);
#5403 = NEXT_ASSEMBLY_USAGE_OCCURRENCE('20','C3','',#5,#1429,$);
#5404 = CONTEXT_DEPENDENT_SHAPE_REPRESENTATION(#5405,#5407);
#5405 = ( REPRESENTATION_RELATIONSHIP('','',#4592,#10) 
REPRESENTATION_RELATIONSHIP_WITH_TRANSFORMATION(#5406) 
SHAPE_REPRESENTATION_RELATIONSHIP() );
#5406 = ITEM_DEFINED_TRANSFORMATION('','',#11,#59);
#5407 = PRODUCT_DEFINITION_SHAPE('Placement','Placement of an item',
  #5408);
#5408 = NEXT_ASSEMBLY_USAGE_OCCURRENCE('21','R3','',#5,#4587,$);
#5409 = CONTEXT_DEPENDENT_SHAPE_REPRESENTATION(#5410,#5412);
#5410 = ( REPRESENTATION_RELATIONSHIP('','',#1434,#10) 
REPRESENTATION_RELATIONSHIP_WITH_TRANSFORMATION(#5411) 
SHAPE_REPRESENTATION_RELATIONSHIP() );
#5411 = ITEM_DEFINED_TRANSFORMATION('','',#11,#63);
#5412 = PRODUCT_DEFINITION_SHAPE('Placement','Placement of an item',
  #5413);
#5413 = NEXT_ASSEMBLY_USAGE_OCCURRENCE('22','C1','',#5,#1429,$);
#5414 = SHAPE_DEFINITION_REPRESENTATION(#5415,#5421);
#5415 = PRODUCT_DEFINITION_SHAPE('','',#5416);
#5416 = PRODUCT_DEFINITION('design','',#5417,#5420);
#5417 = PRODUCT_DEFINITION_FORMATION('','',#5418);
#5418 = PRODUCT('TSAL_LITE_PCB','TSAL_LITE_PCB','',(#5419));
#5419 = PRODUCT_CONTEXT('',#2,'mechanical');
#5420 = PRODUCT_DEFINITION_CONTEXT('part definition',#2,'design');
#5421 = ADVANCED_BREP_SHAPE_REPRESENTATION('',(#11,#5422),#10402);
#5422 = MANIFOLD_SOLID_BREP('',#5423);
#5423 = CLOSED_SHELL('',(#5424,#5464,#5495,#5526,#6717,#7908,#7925,#7942
    ,#7959,#7976,#7993,#8010,#8027,#8044,#8061,#8078,#8095,#8112,#8129,
    #8146,#8163,#8180,#8197,#8214,#8231,#8248,#8265,#8282,#8299,#8316,
    #8333,#8350,#8367,#8384,#8401,#8418,#8435,#8452,#8469,#8486,#8503,
    #8520,#8537,#8554,#8571,#8588,#8605,#8622,#8639,#8656,#8673,#8690,
    #8707,#8724,#8741,#8758,#8775,#8792,#8809,#8826,#8843,#8860,#8877,
    #8894,#8911,#8928,#8945,#8962,#8979,#8996,#9013,#9030,#9047,#9064,
    #9081,#9098,#9115,#9132,#9149,#9166,#9183,#9200,#9217,#9234,#9251,
    #9268,#9285,#9302,#9319,#9336,#9353,#9370,#9387,#9404,#9421,#9438,
    #9455,#9472,#9489,#9506,#9523,#9540,#9557,#9574,#9591,#9608,#9625,
    #9642,#9659,#9676,#9693,#9710,#9727,#9744,#9761,#9778,#9795,#9812,
    #9829,#9846,#9863,#9880,#9897,#9914,#9931,#9948,#9965,#9982,#9999,
    #10016,#10033,#10050,#10067,#10084,#10101,#10118,#10135,#10152,
    #10169,#10186,#10203,#10220,#10237,#10254,#10271,#10288,#10305,
    #10322,#10339,#10356,#10368,#10385));
#5424 = ADVANCED_FACE('',(#5425),#5459,.T.);
#5425 = FACE_BOUND('',#5426,.T.);
#5426 = EDGE_LOOP('',(#5427,#5437,#5445,#5453));
#5427 = ORIENTED_EDGE('',*,*,#5428,.T.);
#5428 = EDGE_CURVE('',#5429,#5431,#5433,.T.);
#5429 = VERTEX_POINT('',#5430);
#5430 = CARTESIAN_POINT('',(195.203443,-45.001864,0.));
#5431 = VERTEX_POINT('',#5432);
#5432 = CARTESIAN_POINT('',(195.203443,-45.001864,1.51));
#5433 = LINE('',#5434,#5435);
#5434 = CARTESIAN_POINT('',(195.203443,-45.001864,0.));
#5435 = VECTOR('',#5436,1.);
#5436 = DIRECTION('',(0.,0.,1.));
#5437 = ORIENTED_EDGE('',*,*,#5438,.T.);
#5438 = EDGE_CURVE('',#5431,#5439,#5441,.T.);
#5439 = VERTEX_POINT('',#5440);
#5440 = CARTESIAN_POINT('',(196.253339,-45.031126,1.51));
#5441 = LINE('',#5442,#5443);
#5442 = CARTESIAN_POINT('',(195.203443,-45.001864,1.51));
#5443 = VECTOR('',#5444,1.);
#5444 = DIRECTION('',(0.999611820568,-2.786051293981E-02,0.));
#5445 = ORIENTED_EDGE('',*,*,#5446,.F.);
#5446 = EDGE_CURVE('',#5447,#5439,#5449,.T.);
#5447 = VERTEX_POINT('',#5448);
#5448 = CARTESIAN_POINT('',(196.253339,-45.031126,0.));
#5449 = LINE('',#5450,#5451);
#5450 = CARTESIAN_POINT('',(196.253339,-45.031126,0.));
#5451 = VECTOR('',#5452,1.);
#5452 = DIRECTION('',(0.,0.,1.));
#5453 = ORIENTED_EDGE('',*,*,#5454,.F.);
#5454 = EDGE_CURVE('',#5429,#5447,#5455,.T.);
#5455 = LINE('',#5456,#5457);
#5456 = CARTESIAN_POINT('',(195.203443,-45.001864,0.));
#5457 = VECTOR('',#5458,1.);
#5458 = DIRECTION('',(0.999611820568,-2.786051293981E-02,0.));
#5459 = PLANE('',#5460);
#5460 = AXIS2_PLACEMENT_3D('',#5461,#5462,#5463);
#5461 = CARTESIAN_POINT('',(195.203443,-45.001864,0.));
#5462 = DIRECTION('',(2.786051293981E-02,0.999611820568,-0.));
#5463 = DIRECTION('',(0.999611820568,-2.786051293981E-02,0.));
#5464 = ADVANCED_FACE('',(#5465),#5490,.T.);
#5465 = FACE_BOUND('',#5466,.T.);
#5466 = EDGE_LOOP('',(#5467,#5477,#5483,#5484));
#5467 = ORIENTED_EDGE('',*,*,#5468,.T.);
#5468 = EDGE_CURVE('',#5469,#5471,#5473,.T.);
#5469 = VERTEX_POINT('',#5470);
#5470 = CARTESIAN_POINT('',(195.,-45.,0.));
#5471 = VERTEX_POINT('',#5472);
#5472 = CARTESIAN_POINT('',(195.,-45.,1.51));
#5473 = LINE('',#5474,#5475);
#5474 = CARTESIAN_POINT('',(195.,-45.,0.));
#5475 = VECTOR('',#5476,1.);
#5476 = DIRECTION('',(0.,0.,1.));
#5477 = ORIENTED_EDGE('',*,*,#5478,.T.);
#5478 = EDGE_CURVE('',#5471,#5431,#5479,.T.);
#5479 = LINE('',#5480,#5481);
#5480 = CARTESIAN_POINT('',(195.,-45.,1.51));
#5481 = VECTOR('',#5482,1.);
#5482 = DIRECTION('',(0.999958029033,-9.161886946787E-03,0.));
#5483 = ORIENTED_EDGE('',*,*,#5428,.F.);
#5484 = ORIENTED_EDGE('',*,*,#5485,.F.);
#5485 = EDGE_CURVE('',#5469,#5429,#5486,.T.);
#5486 = LINE('',#5487,#5488);
#5487 = CARTESIAN_POINT('',(195.,-45.,0.));
#5488 = VECTOR('',#5489,1.);
#5489 = DIRECTION('',(0.999958029033,-9.161886946787E-03,0.));
#5490 = PLANE('',#5491);
#5491 = AXIS2_PLACEMENT_3D('',#5492,#5493,#5494);
#5492 = CARTESIAN_POINT('',(195.,-45.,0.));
#5493 = DIRECTION('',(9.161886946787E-03,0.999958029033,-0.));
#5494 = DIRECTION('',(0.999958029033,-9.161886946787E-03,0.));
#5495 = ADVANCED_FACE('',(#5496),#5521,.T.);
#5496 = FACE_BOUND('',#5497,.T.);
#5497 = EDGE_LOOP('',(#5498,#5499,#5507,#5515));
#5498 = ORIENTED_EDGE('',*,*,#5446,.T.);
#5499 = ORIENTED_EDGE('',*,*,#5500,.T.);
#5500 = EDGE_CURVE('',#5439,#5501,#5503,.T.);
#5501 = VERTEX_POINT('',#5502);
#5502 = CARTESIAN_POINT('',(197.618458,-45.101156,1.51));
#5503 = LINE('',#5504,#5505);
#5504 = CARTESIAN_POINT('',(196.253339,-45.031126,1.51));
#5505 = VECTOR('',#5506,1.);
#5506 = DIRECTION('',(0.998686769124,-5.123218887273E-02,0.));
#5507 = ORIENTED_EDGE('',*,*,#5508,.F.);
#5508 = EDGE_CURVE('',#5509,#5501,#5511,.T.);
#5509 = VERTEX_POINT('',#5510);
#5510 = CARTESIAN_POINT('',(197.618458,-45.101156,0.));
#5511 = LINE('',#5512,#5513);
#5512 = CARTESIAN_POINT('',(197.618458,-45.101156,0.));
#5513 = VECTOR('',#5514,1.);
#5514 = DIRECTION('',(0.,0.,1.));
#5515 = ORIENTED_EDGE('',*,*,#5516,.F.);
#5516 = EDGE_CURVE('',#5447,#5509,#5517,.T.);
#5517 = LINE('',#5518,#5519);
#5518 = CARTESIAN_POINT('',(196.253339,-45.031126,0.));
#5519 = VECTOR('',#5520,1.);
#5520 = DIRECTION('',(0.998686769124,-5.123218887273E-02,0.));
#5521 = PLANE('',#5522);
#5522 = AXIS2_PLACEMENT_3D('',#5523,#5524,#5525);
#5523 = CARTESIAN_POINT('',(196.253339,-45.031126,0.));
#5524 = DIRECTION('',(5.123218887273E-02,0.998686769124,-0.));
#5525 = DIRECTION('',(0.998686769124,-5.123218887273E-02,0.));
#5526 = ADVANCED_FACE('',(#5527,#6690,#6701),#6712,.F.);
#5527 = FACE_BOUND('',#5528,.F.);
#5528 = EDGE_LOOP('',(#5529,#5530,#5531,#5539,#5547,#5555,#5563,#5571,
    #5579,#5587,#5595,#5603,#5611,#5619,#5627,#5635,#5643,#5651,#5659,
    #5667,#5675,#5683,#5691,#5699,#5707,#5715,#5723,#5731,#5739,#5747,
    #5755,#5763,#5771,#5779,#5787,#5795,#5803,#5811,#5819,#5827,#5835,
    #5843,#5851,#5859,#5867,#5875,#5883,#5891,#5899,#5907,#5915,#5923,
    #5931,#5939,#5947,#5955,#5963,#5971,#5979,#5987,#5995,#6003,#6011,
    #6019,#6027,#6035,#6043,#6051,#6059,#6067,#6075,#6083,#6091,#6099,
    #6107,#6115,#6123,#6131,#6139,#6147,#6155,#6163,#6171,#6179,#6187,
    #6195,#6203,#6211,#6219,#6227,#6235,#6243,#6251,#6259,#6267,#6275,
    #6283,#6291,#6299,#6307,#6315,#6323,#6331,#6339,#6347,#6355,#6363,
    #6371,#6379,#6387,#6395,#6403,#6411,#6419,#6427,#6435,#6443,#6451,
    #6459,#6467,#6475,#6483,#6491,#6499,#6507,#6515,#6523,#6531,#6539,
    #6547,#6555,#6563,#6571,#6579,#6587,#6595,#6603,#6611,#6619,#6627,
    #6635,#6643,#6651,#6659,#6667,#6675,#6683,#6689));
#5529 = ORIENTED_EDGE('',*,*,#5454,.F.);
#5530 = ORIENTED_EDGE('',*,*,#5485,.F.);
#5531 = ORIENTED_EDGE('',*,*,#5532,.F.);
#5532 = EDGE_CURVE('',#5533,#5469,#5535,.T.);
#5533 = VERTEX_POINT('',#5534);
#5534 = CARTESIAN_POINT('',(194.796557,-45.001864,0.));
#5535 = LINE('',#5536,#5537);
#5536 = CARTESIAN_POINT('',(194.796557,-45.001864,0.));
#5537 = VECTOR('',#5538,1.);
#5538 = DIRECTION('',(0.999958029033,9.161886946787E-03,0.));
#5539 = ORIENTED_EDGE('',*,*,#5540,.F.);
#5540 = EDGE_CURVE('',#5541,#5533,#5543,.T.);
#5541 = VERTEX_POINT('',#5542);
#5542 = CARTESIAN_POINT('',(193.746661,-45.031126,0.));
#5543 = LINE('',#5544,#5545);
#5544 = CARTESIAN_POINT('',(193.746661,-45.031126,0.));
#5545 = VECTOR('',#5546,1.);
#5546 = DIRECTION('',(0.999611820568,2.786051293981E-02,0.));
#5547 = ORIENTED_EDGE('',*,*,#5548,.F.);
#5548 = EDGE_CURVE('',#5549,#5541,#5551,.T.);
#5549 = VERTEX_POINT('',#5550);
#5550 = CARTESIAN_POINT('',(192.381542,-45.101156,0.));
#5551 = LINE('',#5552,#5553);
#5552 = CARTESIAN_POINT('',(192.381542,-45.101156,0.));
#5553 = VECTOR('',#5554,1.);
#5554 = DIRECTION('',(0.998686769124,5.123218887273E-02,0.));
#5555 = ORIENTED_EDGE('',*,*,#5556,.F.);
#5556 = EDGE_CURVE('',#5557,#5549,#5559,.T.);
#5557 = VERTEX_POINT('',#5558);
#5558 = CARTESIAN_POINT('',(190.909973,-45.210894,0.));
#5559 = LINE('',#5560,#5561);
#5560 = CARTESIAN_POINT('',(190.909973,-45.210894,0.));
#5561 = VECTOR('',#5562,1.);
#5562 = DIRECTION('',(0.997231043761,7.436561947163E-02,0.));
#5563 = ORIENTED_EDGE('',*,*,#5564,.F.);
#5564 = EDGE_CURVE('',#5565,#5557,#5567,.T.);
#5565 = VERTEX_POINT('',#5566);
#5566 = CARTESIAN_POINT('',(189.415284,-45.357568,0.));
#5567 = LINE('',#5568,#5569);
#5568 = CARTESIAN_POINT('',(189.415284,-45.357568,0.));
#5569 = VECTOR('',#5570,1.);
#5570 = DIRECTION('',(0.995219736648,9.766102490429E-02,0.));
#5571 = ORIENTED_EDGE('',*,*,#5572,.F.);
#5572 = EDGE_CURVE('',#5573,#5565,#5575,.T.);
#5573 = VERTEX_POINT('',#5574);
#5574 = CARTESIAN_POINT('',(187.939435,-45.538204,0.));
#5575 = LINE('',#5576,#5577);
#5576 = CARTESIAN_POINT('',(187.939435,-45.538204,0.));
#5577 = VECTOR('',#5578,1.);
#5578 = DIRECTION('',(0.992592894823,0.121488045287,0.));
#5579 = ORIENTED_EDGE('',*,*,#5580,.F.);
#5580 = EDGE_CURVE('',#5581,#5573,#5583,.T.);
#5581 = VERTEX_POINT('',#5582);
#5582 = CARTESIAN_POINT('',(186.505851,-45.749921,0.));
#5583 = LINE('',#5584,#5585);
#5584 = CARTESIAN_POINT('',(186.505851,-45.749921,0.));
#5585 = VECTOR('',#5586,1.);
#5586 = DIRECTION('',(0.989269966072,0.146099056216,0.));
#5587 = ORIENTED_EDGE('',*,*,#5588,.F.);
#5588 = EDGE_CURVE('',#5589,#5581,#5591,.T.);
#5589 = VERTEX_POINT('',#5590);
#5590 = CARTESIAN_POINT('',(185.128181,-45.990007,0.));
#5591 = LINE('',#5592,#5593);
#5592 = CARTESIAN_POINT('',(185.128181,-45.990007,0.));
#5593 = VECTOR('',#5594,1.);
#5594 = DIRECTION('',(0.985152400113,0.171682114827,0.));
#5595 = ORIENTED_EDGE('',*,*,#5596,.F.);
#5596 = EDGE_CURVE('',#5597,#5589,#5599,.T.);
#5597 = VERTEX_POINT('',#5598);
#5598 = CARTESIAN_POINT('',(183.814364,-46.255937,0.));
#5599 = LINE('',#5600,#5601);
#5600 = CARTESIAN_POINT('',(183.814364,-46.255937,0.));
#5601 = VECTOR('',#5602,1.);
#5602 = DIRECTION('',(0.980123751974,0.198387073209,0.));
#5603 = ORIENTED_EDGE('',*,*,#5604,.F.);
#5604 = EDGE_CURVE('',#5605,#5597,#5607,.T.);
#5605 = VERTEX_POINT('',#5606);
#5606 = CARTESIAN_POINT('',(182.568777,-46.545369,0.));
#5607 = LINE('',#5608,#5609);
#5608 = CARTESIAN_POINT('',(182.568777,-46.545369,0.));
#5609 = VECTOR('',#5610,1.);
#5610 = DIRECTION('',(0.974049313619,0.226335888974,0.));
#5611 = ORIENTED_EDGE('',*,*,#5612,.F.);
#5612 = EDGE_CURVE('',#5613,#5605,#5615,.T.);
#5613 = VERTEX_POINT('',#5614);
#5614 = CARTESIAN_POINT('',(181.393464,-46.856142,0.));
#5615 = LINE('',#5616,#5617);
#5616 = CARTESIAN_POINT('',(181.393464,-46.856142,0.));
#5617 = VECTOR('',#5618,1.);
#5618 = DIRECTION('',(0.966774226508,0.255631756557,0.));
#5619 = ORIENTED_EDGE('',*,*,#5620,.F.);
#5620 = EDGE_CURVE('',#5621,#5613,#5623,.T.);
#5621 = VERTEX_POINT('',#5622);
#5622 = CARTESIAN_POINT('',(180.288899,-47.186273,0.));
#5623 = LINE('',#5624,#5625);
#5624 = CARTESIAN_POINT('',(180.288899,-47.186273,0.));
#5625 = VECTOR('',#5626,1.);
#5626 = DIRECTION('',(0.958121456847,0.286362137738,0.));
#5627 = ORIENTED_EDGE('',*,*,#5628,.F.);
#5628 = EDGE_CURVE('',#5629,#5621,#5631,.T.);
#5629 = VERTEX_POINT('',#5630);
#5630 = CARTESIAN_POINT('',(179.254474,-47.533948,0.));
#5631 = LINE('',#5632,#5633);
#5632 = CARTESIAN_POINT('',(179.254474,-47.533948,0.));
#5633 = VECTOR('',#5634,1.);
#5634 = DIRECTION('',(0.947892293753,0.318590959451,0.));
#5635 = ORIENTED_EDGE('',*,*,#5636,.F.);
#5636 = EDGE_CURVE('',#5637,#5629,#5639,.T.);
#5637 = VERTEX_POINT('',#5638);
#5638 = CARTESIAN_POINT('',(178.288833,-47.897521,0.));
#5639 = LINE('',#5640,#5641);
#5640 = CARTESIAN_POINT('',(178.288833,-47.897521,0.));
#5641 = VECTOR('',#5642,1.);
#5642 = DIRECTION('',(0.935863916771,0.352361645593,0.));
#5643 = ORIENTED_EDGE('',*,*,#5644,.F.);
#5644 = EDGE_CURVE('',#5645,#5637,#5647,.T.);
#5645 = VERTEX_POINT('',#5646);
#5646 = CARTESIAN_POINT('',(177.390099,-48.275512,0.));
#5647 = LINE('',#5648,#5649);
#5648 = CARTESIAN_POINT('',(177.390099,-48.275512,0.));
#5649 = VECTOR('',#5650,1.);
#5650 = DIRECTION('',(0.921790583031,0.387688175,0.));
#5651 = ORIENTED_EDGE('',*,*,#5652,.F.);
#5652 = EDGE_CURVE('',#5653,#5645,#5655,.T.);
#5653 = VERTEX_POINT('',#5654);
#5654 = CARTESIAN_POINT('',(176.556046,-48.666608,0.));
#5655 = LINE('',#5656,#5657);
#5656 = CARTESIAN_POINT('',(176.556046,-48.666608,0.));
#5657 = VECTOR('',#5658,1.);
#5658 = DIRECTION('',(0.905403168958,0.4245528255,0.));
#5659 = ORIENTED_EDGE('',*,*,#5660,.F.);
#5660 = EDGE_CURVE('',#5661,#5653,#5663,.T.);
#5661 = VERTEX_POINT('',#5662);
#5662 = CARTESIAN_POINT('',(175.784221,-49.069663,0.));
#5663 = LINE('',#5664,#5665);
#5664 = CARTESIAN_POINT('',(175.784221,-49.069663,0.));
#5665 = VECTOR('',#5666,1.);
#5666 = DIRECTION('',(0.88641348842,0.46289429414,0.));
#5667 = ORIENTED_EDGE('',*,*,#5668,.F.);
#5668 = EDGE_CURVE('',#5669,#5661,#5671,.T.);
#5669 = VERTEX_POINT('',#5670);
#5670 = CARTESIAN_POINT('',(175.072037,-49.483701,0.));
#5671 = LINE('',#5672,#5673);
#5672 = CARTESIAN_POINT('',(175.072037,-49.483701,0.));
#5673 = VECTOR('',#5674,1.);
#5674 = DIRECTION('',(0.864519035937,0.502600076106,0.));
#5675 = ORIENTED_EDGE('',*,*,#5676,.F.);
#5676 = EDGE_CURVE('',#5677,#5669,#5679,.T.);
#5677 = VERTEX_POINT('',#5678);
#5678 = CARTESIAN_POINT('',(174.416854,-49.907917,0.));
#5679 = LINE('',#5680,#5681);
#5680 = CARTESIAN_POINT('',(174.416854,-49.907917,0.));
#5681 = VECTOR('',#5682,1.);
#5682 = DIRECTION('',(0.839409975797,0.543498751178,0.));
#5683 = ORIENTED_EDGE('',*,*,#5684,.F.);
#5684 = EDGE_CURVE('',#5685,#5677,#5687,.T.);
#5685 = VERTEX_POINT('',#5686);
#5686 = CARTESIAN_POINT('',(173.816034,-50.341685,0.));
#5687 = LINE('',#5688,#5689);
#5688 = CARTESIAN_POINT('',(173.816034,-50.341685,0.));
#5689 = VECTOR('',#5690,1.);
#5690 = DIRECTION('',(0.810780132671,0.585350814867,0.));
#5691 = ORIENTED_EDGE('',*,*,#5692,.F.);
#5692 = EDGE_CURVE('',#5693,#5685,#5695,.T.);
#5693 = VERTEX_POINT('',#5694);
#5694 = CARTESIAN_POINT('',(173.266996,-50.784557,0.));
#5695 = LINE('',#5696,#5697);
#5696 = CARTESIAN_POINT('',(173.266996,-50.784557,0.));
#5697 = VECTOR('',#5698,1.);
#5698 = DIRECTION('',(0.778344163419,0.627837847912,0.));
#5699 = ORIENTED_EDGE('',*,*,#5700,.F.);
#5700 = EDGE_CURVE('',#5701,#5693,#5703,.T.);
#5701 = VERTEX_POINT('',#5702);
#5702 = CARTESIAN_POINT('',(172.767259,-51.236272,0.));
#5703 = LINE('',#5704,#5705);
#5704 = CARTESIAN_POINT('',(172.767259,-51.236272,0.));
#5705 = VECTOR('',#5706,1.);
#5706 = DIRECTION('',(0.741851792052,0.670563881095,0.));
#5707 = ORIENTED_EDGE('',*,*,#5708,.F.);
#5708 = EDGE_CURVE('',#5709,#5701,#5711,.T.);
#5709 = VERTEX_POINT('',#5710);
#5710 = CARTESIAN_POINT('',(172.314482,-51.696754,0.));
#5711 = LINE('',#5712,#5713);
#5712 = CARTESIAN_POINT('',(172.314482,-51.696754,0.));
#5713 = VECTOR('',#5714,1.);
#5714 = DIRECTION('',(0.701116097701,0.71304713557,0.));
#5715 = ORIENTED_EDGE('',*,*,#5716,.F.);
#5716 = EDGE_CURVE('',#5717,#5709,#5719,.T.);
#5717 = VERTEX_POINT('',#5718);
#5718 = CARTESIAN_POINT('',(171.906504,-52.166117,0.));
#5719 = LINE('',#5720,#5721);
#5720 = CARTESIAN_POINT('',(171.906504,-52.166117,0.));
#5721 = VECTOR('',#5722,1.);
#5722 = DIRECTION('',(0.656028775412,0.754735878193,0.));
#5723 = ORIENTED_EDGE('',*,*,#5724,.F.);
#5724 = EDGE_CURVE('',#5725,#5717,#5727,.T.);
#5725 = VERTEX_POINT('',#5726);
#5726 = CARTESIAN_POINT('',(171.541371,-52.644663,0.));
#5727 = LINE('',#5728,#5729);
#5728 = CARTESIAN_POINT('',(171.541371,-52.644663,0.));
#5729 = VECTOR('',#5730,1.);
#5730 = DIRECTION('',(0.60659651125,0.795009856882,0.));
#5731 = ORIENTED_EDGE('',*,*,#5732,.F.);
#5732 = EDGE_CURVE('',#5733,#5725,#5735,.T.);
#5733 = VERTEX_POINT('',#5734);
#5734 = CARTESIAN_POINT('',(171.217373,-53.132883,0.));
#5735 = LINE('',#5736,#5737);
#5736 = CARTESIAN_POINT('',(171.217373,-53.132883,0.));
#5737 = VECTOR('',#5738,1.);
#5738 = DIRECTION('',(0.552947955248,0.83321579365,0.));
#5739 = ORIENTED_EDGE('',*,*,#5740,.F.);
#5740 = EDGE_CURVE('',#5741,#5733,#5743,.T.);
#5741 = VERTEX_POINT('',#5742);
#5742 = CARTESIAN_POINT('',(170.933069,-53.631445,0.));
#5743 = LINE('',#5744,#5745);
#5744 = CARTESIAN_POINT('',(170.933069,-53.631445,0.));
#5745 = VECTOR('',#5746,1.);
#5746 = DIRECTION('',(0.495365660993,0.868684558346,0.));
#5747 = ORIENTED_EDGE('',*,*,#5748,.F.);
#5748 = EDGE_CURVE('',#5749,#5741,#5751,.T.);
#5749 = VERTEX_POINT('',#5750);
#5750 = CARTESIAN_POINT('',(170.687315,-54.141193,0.));
#5751 = LINE('',#5752,#5753);
#5752 = CARTESIAN_POINT('',(170.687315,-54.141193,0.));
#5753 = VECTOR('',#5754,1.);
#5754 = DIRECTION('',(0.434274298736,0.900780679998,0.));
#5755 = ORIENTED_EDGE('',*,*,#5756,.F.);
#5756 = EDGE_CURVE('',#5757,#5749,#5759,.T.);
#5757 = VERTEX_POINT('',#5758);
#5758 = CARTESIAN_POINT('',(170.479283,-54.663129,0.));
#5759 = LINE('',#5760,#5761);
#5760 = CARTESIAN_POINT('',(170.479283,-54.663129,0.));
#5761 = VECTOR('',#5762,1.);
#5762 = DIRECTION('',(0.370251337229,0.928931616041,0.));
#5763 = ORIENTED_EDGE('',*,*,#5764,.F.);
#5764 = EDGE_CURVE('',#5765,#5757,#5767,.T.);
#5765 = VERTEX_POINT('',#5766);
#5766 = CARTESIAN_POINT('',(170.308481,-55.198402,0.));
#5767 = LINE('',#5768,#5769);
#5768 = CARTESIAN_POINT('',(170.308481,-55.198402,0.));
#5769 = VECTOR('',#5770,1.);
#5770 = DIRECTION('',(0.303992024695,0.952674576612,0.));
#5771 = ORIENTED_EDGE('',*,*,#5772,.F.);
#5772 = EDGE_CURVE('',#5773,#5765,#5775,.T.);
#5773 = VERTEX_POINT('',#5774);
#5774 = CARTESIAN_POINT('',(170.174765,-55.748293,0.));
#5775 = LINE('',#5776,#5777);
#5776 = CARTESIAN_POINT('',(170.174765,-55.748293,0.));
#5777 = VECTOR('',#5778,1.);
#5778 = DIRECTION('',(0.236282725794,0.971684348691,0.));
#5779 = ORIENTED_EDGE('',*,*,#5780,.F.);
#5780 = EDGE_CURVE('',#5781,#5773,#5783,.T.);
#5781 = VERTEX_POINT('',#5782);
#5782 = CARTESIAN_POINT('',(170.121921,-56.028821,0.));
#5783 = LINE('',#5784,#5785);
#5784 = CARTESIAN_POINT('',(170.121921,-56.028821,0.));
#5785 = VECTOR('',#5786,1.);
#5786 = DIRECTION('',(0.185117579484,0.982716379107,0.));
#5787 = ORIENTED_EDGE('',*,*,#5788,.F.);
#5788 = EDGE_CURVE('',#5789,#5781,#5791,.T.);
#5789 = VERTEX_POINT('',#5790);
#5790 = CARTESIAN_POINT('',(170.078343,-56.314189,0.));
#5791 = LINE('',#5792,#5793);
#5792 = CARTESIAN_POINT('',(170.078343,-56.314189,0.));
#5793 = VECTOR('',#5794,1.);
#5794 = DIRECTION('',(0.150958072955,0.98854016621,0.));
#5795 = ORIENTED_EDGE('',*,*,#5796,.F.);
#5796 = EDGE_CURVE('',#5797,#5789,#5799,.T.);
#5797 = VERTEX_POINT('',#5798);
#5798 = CARTESIAN_POINT('',(170.044297,-56.603437,0.));
#5799 = LINE('',#5800,#5801);
#5800 = CARTESIAN_POINT('',(170.044297,-56.603437,0.));
#5801 = VECTOR('',#5802,1.);
#5802 = DIRECTION('',(0.116898223007,0.993143899673,0.));
#5803 = ORIENTED_EDGE('',*,*,#5804,.F.);
#5804 = EDGE_CURVE('',#5805,#5797,#5807,.T.);
#5805 = VERTEX_POINT('',#5806);
#5806 = CARTESIAN_POINT('',(170.019782,-56.897573,0.));
#5807 = LINE('',#5808,#5809);
#5808 = CARTESIAN_POINT('',(170.019782,-56.897573,0.));
#5809 = VECTOR('',#5810,1.);
#5810 = DIRECTION('',(8.30578169886E-02,0.996544730073,0.));
#5811 = ORIENTED_EDGE('',*,*,#5812,.F.);
#5812 = EDGE_CURVE('',#5813,#5805,#5815,.T.);
#5813 = VERTEX_POINT('',#5814);
#5814 = CARTESIAN_POINT('',(170.004973,-57.196307,0.));
#5815 = LINE('',#5816,#5817);
#5816 = CARTESIAN_POINT('',(170.004973,-57.196307,0.));
#5817 = VECTOR('',#5818,1.);
#5818 = DIRECTION('',(4.951173078993E-02,0.998773542158,0.));
#5819 = ORIENTED_EDGE('',*,*,#5820,.F.);
#5820 = EDGE_CURVE('',#5821,#5813,#5823,.T.);
#5821 = VERTEX_POINT('',#5822);
#5822 = CARTESIAN_POINT('',(170.,-57.5,0.));
#5823 = LINE('',#5824,#5825);
#5824 = CARTESIAN_POINT('',(170.,-57.5,0.));
#5825 = VECTOR('',#5826,1.);
#5826 = DIRECTION('',(1.637289432132E-02,0.999865955182,0.));
#5827 = ORIENTED_EDGE('',*,*,#5828,.F.);
#5828 = EDGE_CURVE('',#5829,#5821,#5831,.T.);
#5829 = VERTEX_POINT('',#5830);
#5830 = CARTESIAN_POINT('',(170.004973,-57.803693,0.));
#5831 = LINE('',#5832,#5833);
#5832 = CARTESIAN_POINT('',(170.004973,-57.803693,0.));
#5833 = VECTOR('',#5834,1.);
#5834 = DIRECTION('',(-1.637289432132E-02,0.999865955182,0.));
#5835 = ORIENTED_EDGE('',*,*,#5836,.F.);
#5836 = EDGE_CURVE('',#5837,#5829,#5839,.T.);
#5837 = VERTEX_POINT('',#5838);
#5838 = CARTESIAN_POINT('',(170.019782,-58.102427,0.));
#5839 = LINE('',#5840,#5841);
#5840 = CARTESIAN_POINT('',(170.019782,-58.102427,0.));
#5841 = VECTOR('',#5842,1.);
#5842 = DIRECTION('',(-4.951173078993E-02,0.998773542158,0.));
#5843 = ORIENTED_EDGE('',*,*,#5844,.F.);
#5844 = EDGE_CURVE('',#5845,#5837,#5847,.T.);
#5845 = VERTEX_POINT('',#5846);
#5846 = CARTESIAN_POINT('',(170.044297,-58.396563,0.));
#5847 = LINE('',#5848,#5849);
#5848 = CARTESIAN_POINT('',(170.044297,-58.396563,0.));
#5849 = VECTOR('',#5850,1.);
#5850 = DIRECTION('',(-8.30578169886E-02,0.996544730073,0.));
#5851 = ORIENTED_EDGE('',*,*,#5852,.F.);
#5852 = EDGE_CURVE('',#5853,#5845,#5855,.T.);
#5853 = VERTEX_POINT('',#5854);
#5854 = CARTESIAN_POINT('',(170.078343,-58.685811,0.));
#5855 = LINE('',#5856,#5857);
#5856 = CARTESIAN_POINT('',(170.078343,-58.685811,0.));
#5857 = VECTOR('',#5858,1.);
#5858 = DIRECTION('',(-0.116898223007,0.993143899673,0.));
#5859 = ORIENTED_EDGE('',*,*,#5860,.F.);
#5860 = EDGE_CURVE('',#5861,#5853,#5863,.T.);
#5861 = VERTEX_POINT('',#5862);
#5862 = CARTESIAN_POINT('',(170.121921,-58.971179,0.));
#5863 = LINE('',#5864,#5865);
#5864 = CARTESIAN_POINT('',(170.121921,-58.971179,0.));
#5865 = VECTOR('',#5866,1.);
#5866 = DIRECTION('',(-0.150958072955,0.98854016621,0.));
#5867 = ORIENTED_EDGE('',*,*,#5868,.F.);
#5868 = EDGE_CURVE('',#5869,#5861,#5871,.T.);
#5869 = VERTEX_POINT('',#5870);
#5870 = CARTESIAN_POINT('',(170.174765,-59.251707,0.));
#5871 = LINE('',#5872,#5873);
#5872 = CARTESIAN_POINT('',(170.174765,-59.251707,0.));
#5873 = VECTOR('',#5874,1.);
#5874 = DIRECTION('',(-0.185117579484,0.982716379107,0.));
#5875 = ORIENTED_EDGE('',*,*,#5876,.F.);
#5876 = EDGE_CURVE('',#5877,#5869,#5879,.T.);
#5877 = VERTEX_POINT('',#5878);
#5878 = CARTESIAN_POINT('',(170.308481,-59.801598,0.));
#5879 = LINE('',#5880,#5881);
#5880 = CARTESIAN_POINT('',(170.308481,-59.801598,0.));
#5881 = VECTOR('',#5882,1.);
#5882 = DIRECTION('',(-0.236282725794,0.971684348691,0.));
#5883 = ORIENTED_EDGE('',*,*,#5884,.F.);
#5884 = EDGE_CURVE('',#5885,#5877,#5887,.T.);
#5885 = VERTEX_POINT('',#5886);
#5886 = CARTESIAN_POINT('',(170.479283,-60.336871,0.));
#5887 = LINE('',#5888,#5889);
#5888 = CARTESIAN_POINT('',(170.479283,-60.336871,0.));
#5889 = VECTOR('',#5890,1.);
#5890 = DIRECTION('',(-0.303992024695,0.952674576612,0.));
#5891 = ORIENTED_EDGE('',*,*,#5892,.F.);
#5892 = EDGE_CURVE('',#5893,#5885,#5895,.T.);
#5893 = VERTEX_POINT('',#5894);
#5894 = CARTESIAN_POINT('',(170.687315,-60.858807,0.));
#5895 = LINE('',#5896,#5897);
#5896 = CARTESIAN_POINT('',(170.687315,-60.858807,0.));
#5897 = VECTOR('',#5898,1.);
#5898 = DIRECTION('',(-0.370251337229,0.928931616041,0.));
#5899 = ORIENTED_EDGE('',*,*,#5900,.F.);
#5900 = EDGE_CURVE('',#5901,#5893,#5903,.T.);
#5901 = VERTEX_POINT('',#5902);
#5902 = CARTESIAN_POINT('',(170.933069,-61.368555,0.));
#5903 = LINE('',#5904,#5905);
#5904 = CARTESIAN_POINT('',(170.933069,-61.368555,0.));
#5905 = VECTOR('',#5906,1.);
#5906 = DIRECTION('',(-0.434274298736,0.900780679998,0.));
#5907 = ORIENTED_EDGE('',*,*,#5908,.F.);
#5908 = EDGE_CURVE('',#5909,#5901,#5911,.T.);
#5909 = VERTEX_POINT('',#5910);
#5910 = CARTESIAN_POINT('',(171.217373,-61.867117,0.));
#5911 = LINE('',#5912,#5913);
#5912 = CARTESIAN_POINT('',(171.217373,-61.867117,0.));
#5913 = VECTOR('',#5914,1.);
#5914 = DIRECTION('',(-0.495365660993,0.868684558346,0.));
#5915 = ORIENTED_EDGE('',*,*,#5916,.F.);
#5916 = EDGE_CURVE('',#5917,#5909,#5919,.T.);
#5917 = VERTEX_POINT('',#5918);
#5918 = CARTESIAN_POINT('',(171.541371,-62.355337,0.));
#5919 = LINE('',#5920,#5921);
#5920 = CARTESIAN_POINT('',(171.541371,-62.355337,0.));
#5921 = VECTOR('',#5922,1.);
#5922 = DIRECTION('',(-0.552947955248,0.83321579365,0.));
#5923 = ORIENTED_EDGE('',*,*,#5924,.F.);
#5924 = EDGE_CURVE('',#5925,#5917,#5927,.T.);
#5925 = VERTEX_POINT('',#5926);
#5926 = CARTESIAN_POINT('',(171.906504,-62.833883,0.));
#5927 = LINE('',#5928,#5929);
#5928 = CARTESIAN_POINT('',(171.906504,-62.833883,0.));
#5929 = VECTOR('',#5930,1.);
#5930 = DIRECTION('',(-0.60659651125,0.795009856882,0.));
#5931 = ORIENTED_EDGE('',*,*,#5932,.F.);
#5932 = EDGE_CURVE('',#5933,#5925,#5935,.T.);
#5933 = VERTEX_POINT('',#5934);
#5934 = CARTESIAN_POINT('',(172.314482,-63.303246,0.));
#5935 = LINE('',#5936,#5937);
#5936 = CARTESIAN_POINT('',(172.314482,-63.303246,0.));
#5937 = VECTOR('',#5938,1.);
#5938 = DIRECTION('',(-0.656028775412,0.754735878193,0.));
#5939 = ORIENTED_EDGE('',*,*,#5940,.F.);
#5940 = EDGE_CURVE('',#5941,#5933,#5943,.T.);
#5941 = VERTEX_POINT('',#5942);
#5942 = CARTESIAN_POINT('',(172.767259,-63.763728,0.));
#5943 = LINE('',#5944,#5945);
#5944 = CARTESIAN_POINT('',(172.767259,-63.763728,0.));
#5945 = VECTOR('',#5946,1.);
#5946 = DIRECTION('',(-0.701116097701,0.71304713557,0.));
#5947 = ORIENTED_EDGE('',*,*,#5948,.F.);
#5948 = EDGE_CURVE('',#5949,#5941,#5951,.T.);
#5949 = VERTEX_POINT('',#5950);
#5950 = CARTESIAN_POINT('',(173.266996,-64.215443,0.));
#5951 = LINE('',#5952,#5953);
#5952 = CARTESIAN_POINT('',(173.266996,-64.215443,0.));
#5953 = VECTOR('',#5954,1.);
#5954 = DIRECTION('',(-0.741851792052,0.670563881095,0.));
#5955 = ORIENTED_EDGE('',*,*,#5956,.F.);
#5956 = EDGE_CURVE('',#5957,#5949,#5959,.T.);
#5957 = VERTEX_POINT('',#5958);
#5958 = CARTESIAN_POINT('',(173.816034,-64.658315,0.));
#5959 = LINE('',#5960,#5961);
#5960 = CARTESIAN_POINT('',(173.816034,-64.658315,0.));
#5961 = VECTOR('',#5962,1.);
#5962 = DIRECTION('',(-0.778344163419,0.627837847912,0.));
#5963 = ORIENTED_EDGE('',*,*,#5964,.F.);
#5964 = EDGE_CURVE('',#5965,#5957,#5967,.T.);
#5965 = VERTEX_POINT('',#5966);
#5966 = CARTESIAN_POINT('',(174.416854,-65.092083,0.));
#5967 = LINE('',#5968,#5969);
#5968 = CARTESIAN_POINT('',(174.416854,-65.092083,0.));
#5969 = VECTOR('',#5970,1.);
#5970 = DIRECTION('',(-0.810780132671,0.585350814867,0.));
#5971 = ORIENTED_EDGE('',*,*,#5972,.F.);
#5972 = EDGE_CURVE('',#5973,#5965,#5975,.T.);
#5973 = VERTEX_POINT('',#5974);
#5974 = CARTESIAN_POINT('',(175.072037,-65.516299,0.));
#5975 = LINE('',#5976,#5977);
#5976 = CARTESIAN_POINT('',(175.072037,-65.516299,0.));
#5977 = VECTOR('',#5978,1.);
#5978 = DIRECTION('',(-0.839409975797,0.543498751178,0.));
#5979 = ORIENTED_EDGE('',*,*,#5980,.F.);
#5980 = EDGE_CURVE('',#5981,#5973,#5983,.T.);
#5981 = VERTEX_POINT('',#5982);
#5982 = CARTESIAN_POINT('',(175.784221,-65.930337,0.));
#5983 = LINE('',#5984,#5985);
#5984 = CARTESIAN_POINT('',(175.784221,-65.930337,0.));
#5985 = VECTOR('',#5986,1.);
#5986 = DIRECTION('',(-0.864519035937,0.502600076106,0.));
#5987 = ORIENTED_EDGE('',*,*,#5988,.F.);
#5988 = EDGE_CURVE('',#5989,#5981,#5991,.T.);
#5989 = VERTEX_POINT('',#5990);
#5990 = CARTESIAN_POINT('',(176.556046,-66.333392,0.));
#5991 = LINE('',#5992,#5993);
#5992 = CARTESIAN_POINT('',(176.556046,-66.333392,0.));
#5993 = VECTOR('',#5994,1.);
#5994 = DIRECTION('',(-0.88641348842,0.46289429414,0.));
#5995 = ORIENTED_EDGE('',*,*,#5996,.F.);
#5996 = EDGE_CURVE('',#5997,#5989,#5999,.T.);
#5997 = VERTEX_POINT('',#5998);
#5998 = CARTESIAN_POINT('',(177.390099,-66.724488,0.));
#5999 = LINE('',#6000,#6001);
#6000 = CARTESIAN_POINT('',(177.390099,-66.724488,0.));
#6001 = VECTOR('',#6002,1.);
#6002 = DIRECTION('',(-0.905403168958,0.4245528255,0.));
#6003 = ORIENTED_EDGE('',*,*,#6004,.F.);
#6004 = EDGE_CURVE('',#6005,#5997,#6007,.T.);
#6005 = VERTEX_POINT('',#6006);
#6006 = CARTESIAN_POINT('',(178.288833,-67.102479,0.));
#6007 = LINE('',#6008,#6009);
#6008 = CARTESIAN_POINT('',(178.288833,-67.102479,0.));
#6009 = VECTOR('',#6010,1.);
#6010 = DIRECTION('',(-0.921790583031,0.387688175,0.));
#6011 = ORIENTED_EDGE('',*,*,#6012,.F.);
#6012 = EDGE_CURVE('',#6013,#6005,#6015,.T.);
#6013 = VERTEX_POINT('',#6014);
#6014 = CARTESIAN_POINT('',(179.254474,-67.466052,0.));
#6015 = LINE('',#6016,#6017);
#6016 = CARTESIAN_POINT('',(179.254474,-67.466052,0.));
#6017 = VECTOR('',#6018,1.);
#6018 = DIRECTION('',(-0.935863916771,0.352361645593,0.));
#6019 = ORIENTED_EDGE('',*,*,#6020,.F.);
#6020 = EDGE_CURVE('',#6021,#6013,#6023,.T.);
#6021 = VERTEX_POINT('',#6022);
#6022 = CARTESIAN_POINT('',(180.288899,-67.813727,0.));
#6023 = LINE('',#6024,#6025);
#6024 = CARTESIAN_POINT('',(180.288899,-67.813727,0.));
#6025 = VECTOR('',#6026,1.);
#6026 = DIRECTION('',(-0.947892293753,0.318590959451,0.));
#6027 = ORIENTED_EDGE('',*,*,#6028,.F.);
#6028 = EDGE_CURVE('',#6029,#6021,#6031,.T.);
#6029 = VERTEX_POINT('',#6030);
#6030 = CARTESIAN_POINT('',(181.393464,-68.143858,0.));
#6031 = LINE('',#6032,#6033);
#6032 = CARTESIAN_POINT('',(181.393464,-68.143858,0.));
#6033 = VECTOR('',#6034,1.);
#6034 = DIRECTION('',(-0.958121456847,0.286362137738,0.));
#6035 = ORIENTED_EDGE('',*,*,#6036,.F.);
#6036 = EDGE_CURVE('',#6037,#6029,#6039,.T.);
#6037 = VERTEX_POINT('',#6038);
#6038 = CARTESIAN_POINT('',(182.568777,-68.454631,0.));
#6039 = LINE('',#6040,#6041);
#6040 = CARTESIAN_POINT('',(182.568777,-68.454631,0.));
#6041 = VECTOR('',#6042,1.);
#6042 = DIRECTION('',(-0.966774226508,0.255631756557,0.));
#6043 = ORIENTED_EDGE('',*,*,#6044,.F.);
#6044 = EDGE_CURVE('',#6045,#6037,#6047,.T.);
#6045 = VERTEX_POINT('',#6046);
#6046 = CARTESIAN_POINT('',(183.814364,-68.744063,0.));
#6047 = LINE('',#6048,#6049);
#6048 = CARTESIAN_POINT('',(183.814364,-68.744063,0.));
#6049 = VECTOR('',#6050,1.);
#6050 = DIRECTION('',(-0.974049313619,0.226335888974,0.));
#6051 = ORIENTED_EDGE('',*,*,#6052,.F.);
#6052 = EDGE_CURVE('',#6053,#6045,#6055,.T.);
#6053 = VERTEX_POINT('',#6054);
#6054 = CARTESIAN_POINT('',(185.128181,-69.009993,0.));
#6055 = LINE('',#6056,#6057);
#6056 = CARTESIAN_POINT('',(185.128181,-69.009993,0.));
#6057 = VECTOR('',#6058,1.);
#6058 = DIRECTION('',(-0.980123751974,0.198387073209,0.));
#6059 = ORIENTED_EDGE('',*,*,#6060,.F.);
#6060 = EDGE_CURVE('',#6061,#6053,#6063,.T.);
#6061 = VERTEX_POINT('',#6062);
#6062 = CARTESIAN_POINT('',(186.505851,-69.250079,0.));
#6063 = LINE('',#6064,#6065);
#6064 = CARTESIAN_POINT('',(186.505851,-69.250079,0.));
#6065 = VECTOR('',#6066,1.);
#6066 = DIRECTION('',(-0.985152400113,0.171682114827,0.));
#6067 = ORIENTED_EDGE('',*,*,#6068,.F.);
#6068 = EDGE_CURVE('',#6069,#6061,#6071,.T.);
#6069 = VERTEX_POINT('',#6070);
#6070 = CARTESIAN_POINT('',(187.939435,-69.461796,0.));
#6071 = LINE('',#6072,#6073);
#6072 = CARTESIAN_POINT('',(187.939435,-69.461796,0.));
#6073 = VECTOR('',#6074,1.);
#6074 = DIRECTION('',(-0.989269966072,0.146099056216,0.));
#6075 = ORIENTED_EDGE('',*,*,#6076,.F.);
#6076 = EDGE_CURVE('',#6077,#6069,#6079,.T.);
#6077 = VERTEX_POINT('',#6078);
#6078 = CARTESIAN_POINT('',(189.415284,-69.642432,0.));
#6079 = LINE('',#6080,#6081);
#6080 = CARTESIAN_POINT('',(189.415284,-69.642432,0.));
#6081 = VECTOR('',#6082,1.);
#6082 = DIRECTION('',(-0.992592894823,0.121488045287,0.));
#6083 = ORIENTED_EDGE('',*,*,#6084,.F.);
#6084 = EDGE_CURVE('',#6085,#6077,#6087,.T.);
#6085 = VERTEX_POINT('',#6086);
#6086 = CARTESIAN_POINT('',(190.909973,-69.789106,0.));
#6087 = LINE('',#6088,#6089);
#6088 = CARTESIAN_POINT('',(190.909973,-69.789106,0.));
#6089 = VECTOR('',#6090,1.);
#6090 = DIRECTION('',(-0.995219736648,9.76610249043E-02,0.));
#6091 = ORIENTED_EDGE('',*,*,#6092,.F.);
#6092 = EDGE_CURVE('',#6093,#6085,#6095,.T.);
#6093 = VERTEX_POINT('',#6094);
#6094 = CARTESIAN_POINT('',(192.381542,-69.898844,0.));
#6095 = LINE('',#6096,#6097);
#6096 = CARTESIAN_POINT('',(192.381542,-69.898844,0.));
#6097 = VECTOR('',#6098,1.);
#6098 = DIRECTION('',(-0.997231043761,7.436561947162E-02,0.));
#6099 = ORIENTED_EDGE('',*,*,#6100,.F.);
#6100 = EDGE_CURVE('',#6101,#6093,#6103,.T.);
#6101 = VERTEX_POINT('',#6102);
#6102 = CARTESIAN_POINT('',(193.746661,-69.968874,0.));
#6103 = LINE('',#6104,#6105);
#6104 = CARTESIAN_POINT('',(193.746661,-69.968874,0.));
#6105 = VECTOR('',#6106,1.);
#6106 = DIRECTION('',(-0.998686769124,5.123218887273E-02,0.));
#6107 = ORIENTED_EDGE('',*,*,#6108,.F.);
#6108 = EDGE_CURVE('',#6109,#6101,#6111,.T.);
#6109 = VERTEX_POINT('',#6110);
#6110 = CARTESIAN_POINT('',(194.796557,-69.998136,0.));
#6111 = LINE('',#6112,#6113);
#6112 = CARTESIAN_POINT('',(194.796557,-69.998136,0.));
#6113 = VECTOR('',#6114,1.);
#6114 = DIRECTION('',(-0.999611820568,2.786051293981E-02,0.));
#6115 = ORIENTED_EDGE('',*,*,#6116,.F.);
#6116 = EDGE_CURVE('',#6117,#6109,#6119,.T.);
#6117 = VERTEX_POINT('',#6118);
#6118 = CARTESIAN_POINT('',(195.,-70.,0.));
#6119 = LINE('',#6120,#6121);
#6120 = CARTESIAN_POINT('',(195.,-70.,0.));
#6121 = VECTOR('',#6122,1.);
#6122 = DIRECTION('',(-0.999958029033,9.161886946787E-03,0.));
#6123 = ORIENTED_EDGE('',*,*,#6124,.F.);
#6124 = EDGE_CURVE('',#6125,#6117,#6127,.T.);
#6125 = VERTEX_POINT('',#6126);
#6126 = CARTESIAN_POINT('',(195.203443,-69.998136,0.));
#6127 = LINE('',#6128,#6129);
#6128 = CARTESIAN_POINT('',(195.203443,-69.998136,0.));
#6129 = VECTOR('',#6130,1.);
#6130 = DIRECTION('',(-0.999958029033,-9.161886946787E-03,0.));
#6131 = ORIENTED_EDGE('',*,*,#6132,.F.);
#6132 = EDGE_CURVE('',#6133,#6125,#6135,.T.);
#6133 = VERTEX_POINT('',#6134);
#6134 = CARTESIAN_POINT('',(196.253339,-69.968874,0.));
#6135 = LINE('',#6136,#6137);
#6136 = CARTESIAN_POINT('',(196.253339,-69.968874,0.));
#6137 = VECTOR('',#6138,1.);
#6138 = DIRECTION('',(-0.999611820568,-2.786051293981E-02,0.));
#6139 = ORIENTED_EDGE('',*,*,#6140,.F.);
#6140 = EDGE_CURVE('',#6141,#6133,#6143,.T.);
#6141 = VERTEX_POINT('',#6142);
#6142 = CARTESIAN_POINT('',(197.618458,-69.898844,0.));
#6143 = LINE('',#6144,#6145);
#6144 = CARTESIAN_POINT('',(197.618458,-69.898844,0.));
#6145 = VECTOR('',#6146,1.);
#6146 = DIRECTION('',(-0.998686769124,-5.123218887273E-02,0.));
#6147 = ORIENTED_EDGE('',*,*,#6148,.F.);
#6148 = EDGE_CURVE('',#6149,#6141,#6151,.T.);
#6149 = VERTEX_POINT('',#6150);
#6150 = CARTESIAN_POINT('',(199.090027,-69.789106,0.));
#6151 = LINE('',#6152,#6153);
#6152 = CARTESIAN_POINT('',(199.090027,-69.789106,0.));
#6153 = VECTOR('',#6154,1.);
#6154 = DIRECTION('',(-0.997231043761,-7.436561947162E-02,0.));
#6155 = ORIENTED_EDGE('',*,*,#6156,.F.);
#6156 = EDGE_CURVE('',#6157,#6149,#6159,.T.);
#6157 = VERTEX_POINT('',#6158);
#6158 = CARTESIAN_POINT('',(200.584716,-69.642432,0.));
#6159 = LINE('',#6160,#6161);
#6160 = CARTESIAN_POINT('',(200.584716,-69.642432,0.));
#6161 = VECTOR('',#6162,1.);
#6162 = DIRECTION('',(-0.995219736648,-9.76610249043E-02,0.));
#6163 = ORIENTED_EDGE('',*,*,#6164,.F.);
#6164 = EDGE_CURVE('',#6165,#6157,#6167,.T.);
#6165 = VERTEX_POINT('',#6166);
#6166 = CARTESIAN_POINT('',(202.060565,-69.461796,0.));
#6167 = LINE('',#6168,#6169);
#6168 = CARTESIAN_POINT('',(202.060565,-69.461796,0.));
#6169 = VECTOR('',#6170,1.);
#6170 = DIRECTION('',(-0.992592894823,-0.121488045287,0.));
#6171 = ORIENTED_EDGE('',*,*,#6172,.F.);
#6172 = EDGE_CURVE('',#6173,#6165,#6175,.T.);
#6173 = VERTEX_POINT('',#6174);
#6174 = CARTESIAN_POINT('',(203.494149,-69.250079,0.));
#6175 = LINE('',#6176,#6177);
#6176 = CARTESIAN_POINT('',(203.494149,-69.250079,0.));
#6177 = VECTOR('',#6178,1.);
#6178 = DIRECTION('',(-0.989269966072,-0.146099056216,0.));
#6179 = ORIENTED_EDGE('',*,*,#6180,.F.);
#6180 = EDGE_CURVE('',#6181,#6173,#6183,.T.);
#6181 = VERTEX_POINT('',#6182);
#6182 = CARTESIAN_POINT('',(204.871819,-69.009993,0.));
#6183 = LINE('',#6184,#6185);
#6184 = CARTESIAN_POINT('',(204.871819,-69.009993,0.));
#6185 = VECTOR('',#6186,1.);
#6186 = DIRECTION('',(-0.985152400113,-0.171682114827,0.));
#6187 = ORIENTED_EDGE('',*,*,#6188,.F.);
#6188 = EDGE_CURVE('',#6189,#6181,#6191,.T.);
#6189 = VERTEX_POINT('',#6190);
#6190 = CARTESIAN_POINT('',(206.185636,-68.744063,0.));
#6191 = LINE('',#6192,#6193);
#6192 = CARTESIAN_POINT('',(206.185636,-68.744063,0.));
#6193 = VECTOR('',#6194,1.);
#6194 = DIRECTION('',(-0.980123751974,-0.198387073209,0.));
#6195 = ORIENTED_EDGE('',*,*,#6196,.F.);
#6196 = EDGE_CURVE('',#6197,#6189,#6199,.T.);
#6197 = VERTEX_POINT('',#6198);
#6198 = CARTESIAN_POINT('',(207.431223,-68.454631,0.));
#6199 = LINE('',#6200,#6201);
#6200 = CARTESIAN_POINT('',(207.431223,-68.454631,0.));
#6201 = VECTOR('',#6202,1.);
#6202 = DIRECTION('',(-0.974049313619,-0.226335888974,0.));
#6203 = ORIENTED_EDGE('',*,*,#6204,.F.);
#6204 = EDGE_CURVE('',#6205,#6197,#6207,.T.);
#6205 = VERTEX_POINT('',#6206);
#6206 = CARTESIAN_POINT('',(208.606536,-68.143858,0.));
#6207 = LINE('',#6208,#6209);
#6208 = CARTESIAN_POINT('',(208.606536,-68.143858,0.));
#6209 = VECTOR('',#6210,1.);
#6210 = DIRECTION('',(-0.966774226508,-0.255631756557,0.));
#6211 = ORIENTED_EDGE('',*,*,#6212,.F.);
#6212 = EDGE_CURVE('',#6213,#6205,#6215,.T.);
#6213 = VERTEX_POINT('',#6214);
#6214 = CARTESIAN_POINT('',(209.711101,-67.813727,0.));
#6215 = LINE('',#6216,#6217);
#6216 = CARTESIAN_POINT('',(209.711101,-67.813727,0.));
#6217 = VECTOR('',#6218,1.);
#6218 = DIRECTION('',(-0.958121456847,-0.286362137738,0.));
#6219 = ORIENTED_EDGE('',*,*,#6220,.F.);
#6220 = EDGE_CURVE('',#6221,#6213,#6223,.T.);
#6221 = VERTEX_POINT('',#6222);
#6222 = CARTESIAN_POINT('',(210.745526,-67.466052,0.));
#6223 = LINE('',#6224,#6225);
#6224 = CARTESIAN_POINT('',(210.745526,-67.466052,0.));
#6225 = VECTOR('',#6226,1.);
#6226 = DIRECTION('',(-0.947892293753,-0.318590959451,0.));
#6227 = ORIENTED_EDGE('',*,*,#6228,.F.);
#6228 = EDGE_CURVE('',#6229,#6221,#6231,.T.);
#6229 = VERTEX_POINT('',#6230);
#6230 = CARTESIAN_POINT('',(211.711167,-67.102479,0.));
#6231 = LINE('',#6232,#6233);
#6232 = CARTESIAN_POINT('',(211.711167,-67.102479,0.));
#6233 = VECTOR('',#6234,1.);
#6234 = DIRECTION('',(-0.935863916771,-0.352361645593,0.));
#6235 = ORIENTED_EDGE('',*,*,#6236,.F.);
#6236 = EDGE_CURVE('',#6237,#6229,#6239,.T.);
#6237 = VERTEX_POINT('',#6238);
#6238 = CARTESIAN_POINT('',(212.609901,-66.724488,0.));
#6239 = LINE('',#6240,#6241);
#6240 = CARTESIAN_POINT('',(212.609901,-66.724488,0.));
#6241 = VECTOR('',#6242,1.);
#6242 = DIRECTION('',(-0.921790583031,-0.387688175,0.));
#6243 = ORIENTED_EDGE('',*,*,#6244,.F.);
#6244 = EDGE_CURVE('',#6245,#6237,#6247,.T.);
#6245 = VERTEX_POINT('',#6246);
#6246 = CARTESIAN_POINT('',(213.443954,-66.333392,0.));
#6247 = LINE('',#6248,#6249);
#6248 = CARTESIAN_POINT('',(213.443954,-66.333392,0.));
#6249 = VECTOR('',#6250,1.);
#6250 = DIRECTION('',(-0.905403168958,-0.4245528255,0.));
#6251 = ORIENTED_EDGE('',*,*,#6252,.F.);
#6252 = EDGE_CURVE('',#6253,#6245,#6255,.T.);
#6253 = VERTEX_POINT('',#6254);
#6254 = CARTESIAN_POINT('',(214.215779,-65.930337,0.));
#6255 = LINE('',#6256,#6257);
#6256 = CARTESIAN_POINT('',(214.215779,-65.930337,0.));
#6257 = VECTOR('',#6258,1.);
#6258 = DIRECTION('',(-0.88641348842,-0.46289429414,0.));
#6259 = ORIENTED_EDGE('',*,*,#6260,.F.);
#6260 = EDGE_CURVE('',#6261,#6253,#6263,.T.);
#6261 = VERTEX_POINT('',#6262);
#6262 = CARTESIAN_POINT('',(214.927963,-65.516299,0.));
#6263 = LINE('',#6264,#6265);
#6264 = CARTESIAN_POINT('',(214.927963,-65.516299,0.));
#6265 = VECTOR('',#6266,1.);
#6266 = DIRECTION('',(-0.864519035937,-0.502600076106,0.));
#6267 = ORIENTED_EDGE('',*,*,#6268,.F.);
#6268 = EDGE_CURVE('',#6269,#6261,#6271,.T.);
#6269 = VERTEX_POINT('',#6270);
#6270 = CARTESIAN_POINT('',(215.583146,-65.092083,0.));
#6271 = LINE('',#6272,#6273);
#6272 = CARTESIAN_POINT('',(215.583146,-65.092083,0.));
#6273 = VECTOR('',#6274,1.);
#6274 = DIRECTION('',(-0.839409975797,-0.543498751178,0.));
#6275 = ORIENTED_EDGE('',*,*,#6276,.F.);
#6276 = EDGE_CURVE('',#6277,#6269,#6279,.T.);
#6277 = VERTEX_POINT('',#6278);
#6278 = CARTESIAN_POINT('',(216.183966,-64.658315,0.));
#6279 = LINE('',#6280,#6281);
#6280 = CARTESIAN_POINT('',(216.183966,-64.658315,0.));
#6281 = VECTOR('',#6282,1.);
#6282 = DIRECTION('',(-0.810780132671,-0.585350814867,0.));
#6283 = ORIENTED_EDGE('',*,*,#6284,.F.);
#6284 = EDGE_CURVE('',#6285,#6277,#6287,.T.);
#6285 = VERTEX_POINT('',#6286);
#6286 = CARTESIAN_POINT('',(216.733004,-64.215443,0.));
#6287 = LINE('',#6288,#6289);
#6288 = CARTESIAN_POINT('',(216.733004,-64.215443,0.));
#6289 = VECTOR('',#6290,1.);
#6290 = DIRECTION('',(-0.778344163419,-0.627837847912,0.));
#6291 = ORIENTED_EDGE('',*,*,#6292,.F.);
#6292 = EDGE_CURVE('',#6293,#6285,#6295,.T.);
#6293 = VERTEX_POINT('',#6294);
#6294 = CARTESIAN_POINT('',(217.232741,-63.763728,0.));
#6295 = LINE('',#6296,#6297);
#6296 = CARTESIAN_POINT('',(217.232741,-63.763728,0.));
#6297 = VECTOR('',#6298,1.);
#6298 = DIRECTION('',(-0.741851792052,-0.670563881095,0.));
#6299 = ORIENTED_EDGE('',*,*,#6300,.F.);
#6300 = EDGE_CURVE('',#6301,#6293,#6303,.T.);
#6301 = VERTEX_POINT('',#6302);
#6302 = CARTESIAN_POINT('',(217.685518,-63.303246,0.));
#6303 = LINE('',#6304,#6305);
#6304 = CARTESIAN_POINT('',(217.685518,-63.303246,0.));
#6305 = VECTOR('',#6306,1.);
#6306 = DIRECTION('',(-0.701116097701,-0.71304713557,0.));
#6307 = ORIENTED_EDGE('',*,*,#6308,.F.);
#6308 = EDGE_CURVE('',#6309,#6301,#6311,.T.);
#6309 = VERTEX_POINT('',#6310);
#6310 = CARTESIAN_POINT('',(218.093496,-62.833883,0.));
#6311 = LINE('',#6312,#6313);
#6312 = CARTESIAN_POINT('',(218.093496,-62.833883,0.));
#6313 = VECTOR('',#6314,1.);
#6314 = DIRECTION('',(-0.656028775412,-0.754735878193,0.));
#6315 = ORIENTED_EDGE('',*,*,#6316,.F.);
#6316 = EDGE_CURVE('',#6317,#6309,#6319,.T.);
#6317 = VERTEX_POINT('',#6318);
#6318 = CARTESIAN_POINT('',(218.458629,-62.355337,0.));
#6319 = LINE('',#6320,#6321);
#6320 = CARTESIAN_POINT('',(218.458629,-62.355337,0.));
#6321 = VECTOR('',#6322,1.);
#6322 = DIRECTION('',(-0.60659651125,-0.795009856882,0.));
#6323 = ORIENTED_EDGE('',*,*,#6324,.F.);
#6324 = EDGE_CURVE('',#6325,#6317,#6327,.T.);
#6325 = VERTEX_POINT('',#6326);
#6326 = CARTESIAN_POINT('',(218.782627,-61.867117,0.));
#6327 = LINE('',#6328,#6329);
#6328 = CARTESIAN_POINT('',(218.782627,-61.867117,0.));
#6329 = VECTOR('',#6330,1.);
#6330 = DIRECTION('',(-0.552947955248,-0.83321579365,0.));
#6331 = ORIENTED_EDGE('',*,*,#6332,.F.);
#6332 = EDGE_CURVE('',#6333,#6325,#6335,.T.);
#6333 = VERTEX_POINT('',#6334);
#6334 = CARTESIAN_POINT('',(219.066931,-61.368555,0.));
#6335 = LINE('',#6336,#6337);
#6336 = CARTESIAN_POINT('',(219.066931,-61.368555,0.));
#6337 = VECTOR('',#6338,1.);
#6338 = DIRECTION('',(-0.495365660993,-0.868684558346,0.));
#6339 = ORIENTED_EDGE('',*,*,#6340,.F.);
#6340 = EDGE_CURVE('',#6341,#6333,#6343,.T.);
#6341 = VERTEX_POINT('',#6342);
#6342 = CARTESIAN_POINT('',(219.312685,-60.858807,0.));
#6343 = LINE('',#6344,#6345);
#6344 = CARTESIAN_POINT('',(219.312685,-60.858807,0.));
#6345 = VECTOR('',#6346,1.);
#6346 = DIRECTION('',(-0.434274298736,-0.900780679998,0.));
#6347 = ORIENTED_EDGE('',*,*,#6348,.F.);
#6348 = EDGE_CURVE('',#6349,#6341,#6351,.T.);
#6349 = VERTEX_POINT('',#6350);
#6350 = CARTESIAN_POINT('',(219.520717,-60.336871,0.));
#6351 = LINE('',#6352,#6353);
#6352 = CARTESIAN_POINT('',(219.520717,-60.336871,0.));
#6353 = VECTOR('',#6354,1.);
#6354 = DIRECTION('',(-0.370251337229,-0.928931616041,0.));
#6355 = ORIENTED_EDGE('',*,*,#6356,.F.);
#6356 = EDGE_CURVE('',#6357,#6349,#6359,.T.);
#6357 = VERTEX_POINT('',#6358);
#6358 = CARTESIAN_POINT('',(219.691519,-59.801598,0.));
#6359 = LINE('',#6360,#6361);
#6360 = CARTESIAN_POINT('',(219.691519,-59.801598,0.));
#6361 = VECTOR('',#6362,1.);
#6362 = DIRECTION('',(-0.303992024695,-0.952674576612,0.));
#6363 = ORIENTED_EDGE('',*,*,#6364,.F.);
#6364 = EDGE_CURVE('',#6365,#6357,#6367,.T.);
#6365 = VERTEX_POINT('',#6366);
#6366 = CARTESIAN_POINT('',(219.825235,-59.251707,0.));
#6367 = LINE('',#6368,#6369);
#6368 = CARTESIAN_POINT('',(219.825235,-59.251707,0.));
#6369 = VECTOR('',#6370,1.);
#6370 = DIRECTION('',(-0.236282725794,-0.971684348691,0.));
#6371 = ORIENTED_EDGE('',*,*,#6372,.F.);
#6372 = EDGE_CURVE('',#6373,#6365,#6375,.T.);
#6373 = VERTEX_POINT('',#6374);
#6374 = CARTESIAN_POINT('',(219.878079,-58.971179,0.));
#6375 = LINE('',#6376,#6377);
#6376 = CARTESIAN_POINT('',(219.878079,-58.971179,0.));
#6377 = VECTOR('',#6378,1.);
#6378 = DIRECTION('',(-0.185117579484,-0.982716379107,0.));
#6379 = ORIENTED_EDGE('',*,*,#6380,.F.);
#6380 = EDGE_CURVE('',#6381,#6373,#6383,.T.);
#6381 = VERTEX_POINT('',#6382);
#6382 = CARTESIAN_POINT('',(219.921657,-58.685811,0.));
#6383 = LINE('',#6384,#6385);
#6384 = CARTESIAN_POINT('',(219.921657,-58.685811,0.));
#6385 = VECTOR('',#6386,1.);
#6386 = DIRECTION('',(-0.150958072955,-0.98854016621,0.));
#6387 = ORIENTED_EDGE('',*,*,#6388,.F.);
#6388 = EDGE_CURVE('',#6389,#6381,#6391,.T.);
#6389 = VERTEX_POINT('',#6390);
#6390 = CARTESIAN_POINT('',(219.955703,-58.396563,0.));
#6391 = LINE('',#6392,#6393);
#6392 = CARTESIAN_POINT('',(219.955703,-58.396563,0.));
#6393 = VECTOR('',#6394,1.);
#6394 = DIRECTION('',(-0.116898223007,-0.993143899673,0.));
#6395 = ORIENTED_EDGE('',*,*,#6396,.F.);
#6396 = EDGE_CURVE('',#6397,#6389,#6399,.T.);
#6397 = VERTEX_POINT('',#6398);
#6398 = CARTESIAN_POINT('',(219.980218,-58.102427,0.));
#6399 = LINE('',#6400,#6401);
#6400 = CARTESIAN_POINT('',(219.980218,-58.102427,0.));
#6401 = VECTOR('',#6402,1.);
#6402 = DIRECTION('',(-8.30578169886E-02,-0.996544730073,0.));
#6403 = ORIENTED_EDGE('',*,*,#6404,.F.);
#6404 = EDGE_CURVE('',#6405,#6397,#6407,.T.);
#6405 = VERTEX_POINT('',#6406);
#6406 = CARTESIAN_POINT('',(219.995027,-57.803693,0.));
#6407 = LINE('',#6408,#6409);
#6408 = CARTESIAN_POINT('',(219.995027,-57.803693,0.));
#6409 = VECTOR('',#6410,1.);
#6410 = DIRECTION('',(-4.951173078993E-02,-0.998773542158,0.));
#6411 = ORIENTED_EDGE('',*,*,#6412,.F.);
#6412 = EDGE_CURVE('',#6413,#6405,#6415,.T.);
#6413 = VERTEX_POINT('',#6414);
#6414 = CARTESIAN_POINT('',(220.,-57.5,0.));
#6415 = LINE('',#6416,#6417);
#6416 = CARTESIAN_POINT('',(220.,-57.5,0.));
#6417 = VECTOR('',#6418,1.);
#6418 = DIRECTION('',(-1.637289432132E-02,-0.999865955182,0.));
#6419 = ORIENTED_EDGE('',*,*,#6420,.F.);
#6420 = EDGE_CURVE('',#6421,#6413,#6423,.T.);
#6421 = VERTEX_POINT('',#6422);
#6422 = CARTESIAN_POINT('',(219.995027,-57.196307,0.));
#6423 = LINE('',#6424,#6425);
#6424 = CARTESIAN_POINT('',(219.995027,-57.196307,0.));
#6425 = VECTOR('',#6426,1.);
#6426 = DIRECTION('',(1.637289432132E-02,-0.999865955182,0.));
#6427 = ORIENTED_EDGE('',*,*,#6428,.F.);
#6428 = EDGE_CURVE('',#6429,#6421,#6431,.T.);
#6429 = VERTEX_POINT('',#6430);
#6430 = CARTESIAN_POINT('',(219.980218,-56.897573,0.));
#6431 = LINE('',#6432,#6433);
#6432 = CARTESIAN_POINT('',(219.980218,-56.897573,0.));
#6433 = VECTOR('',#6434,1.);
#6434 = DIRECTION('',(4.951173078993E-02,-0.998773542158,0.));
#6435 = ORIENTED_EDGE('',*,*,#6436,.F.);
#6436 = EDGE_CURVE('',#6437,#6429,#6439,.T.);
#6437 = VERTEX_POINT('',#6438);
#6438 = CARTESIAN_POINT('',(219.955703,-56.603437,0.));
#6439 = LINE('',#6440,#6441);
#6440 = CARTESIAN_POINT('',(219.955703,-56.603437,0.));
#6441 = VECTOR('',#6442,1.);
#6442 = DIRECTION('',(8.30578169886E-02,-0.996544730073,0.));
#6443 = ORIENTED_EDGE('',*,*,#6444,.F.);
#6444 = EDGE_CURVE('',#6445,#6437,#6447,.T.);
#6445 = VERTEX_POINT('',#6446);
#6446 = CARTESIAN_POINT('',(219.921657,-56.314189,0.));
#6447 = LINE('',#6448,#6449);
#6448 = CARTESIAN_POINT('',(219.921657,-56.314189,0.));
#6449 = VECTOR('',#6450,1.);
#6450 = DIRECTION('',(0.116898223007,-0.993143899673,0.));
#6451 = ORIENTED_EDGE('',*,*,#6452,.F.);
#6452 = EDGE_CURVE('',#6453,#6445,#6455,.T.);
#6453 = VERTEX_POINT('',#6454);
#6454 = CARTESIAN_POINT('',(219.878079,-56.028821,0.));
#6455 = LINE('',#6456,#6457);
#6456 = CARTESIAN_POINT('',(219.878079,-56.028821,0.));
#6457 = VECTOR('',#6458,1.);
#6458 = DIRECTION('',(0.150958072955,-0.98854016621,0.));
#6459 = ORIENTED_EDGE('',*,*,#6460,.F.);
#6460 = EDGE_CURVE('',#6461,#6453,#6463,.T.);
#6461 = VERTEX_POINT('',#6462);
#6462 = CARTESIAN_POINT('',(219.825235,-55.748293,0.));
#6463 = LINE('',#6464,#6465);
#6464 = CARTESIAN_POINT('',(219.825235,-55.748293,0.));
#6465 = VECTOR('',#6466,1.);
#6466 = DIRECTION('',(0.185117579484,-0.982716379107,0.));
#6467 = ORIENTED_EDGE('',*,*,#6468,.F.);
#6468 = EDGE_CURVE('',#6469,#6461,#6471,.T.);
#6469 = VERTEX_POINT('',#6470);
#6470 = CARTESIAN_POINT('',(219.691519,-55.198402,0.));
#6471 = LINE('',#6472,#6473);
#6472 = CARTESIAN_POINT('',(219.691519,-55.198402,0.));
#6473 = VECTOR('',#6474,1.);
#6474 = DIRECTION('',(0.236282725794,-0.971684348691,0.));
#6475 = ORIENTED_EDGE('',*,*,#6476,.F.);
#6476 = EDGE_CURVE('',#6477,#6469,#6479,.T.);
#6477 = VERTEX_POINT('',#6478);
#6478 = CARTESIAN_POINT('',(219.520717,-54.663129,0.));
#6479 = LINE('',#6480,#6481);
#6480 = CARTESIAN_POINT('',(219.520717,-54.663129,0.));
#6481 = VECTOR('',#6482,1.);
#6482 = DIRECTION('',(0.303992024695,-0.952674576612,0.));
#6483 = ORIENTED_EDGE('',*,*,#6484,.F.);
#6484 = EDGE_CURVE('',#6485,#6477,#6487,.T.);
#6485 = VERTEX_POINT('',#6486);
#6486 = CARTESIAN_POINT('',(219.312685,-54.141193,0.));
#6487 = LINE('',#6488,#6489);
#6488 = CARTESIAN_POINT('',(219.312685,-54.141193,0.));
#6489 = VECTOR('',#6490,1.);
#6490 = DIRECTION('',(0.370251337229,-0.928931616041,0.));
#6491 = ORIENTED_EDGE('',*,*,#6492,.F.);
#6492 = EDGE_CURVE('',#6493,#6485,#6495,.T.);
#6493 = VERTEX_POINT('',#6494);
#6494 = CARTESIAN_POINT('',(219.066931,-53.631445,0.));
#6495 = LINE('',#6496,#6497);
#6496 = CARTESIAN_POINT('',(219.066931,-53.631445,0.));
#6497 = VECTOR('',#6498,1.);
#6498 = DIRECTION('',(0.434274298736,-0.900780679998,0.));
#6499 = ORIENTED_EDGE('',*,*,#6500,.F.);
#6500 = EDGE_CURVE('',#6501,#6493,#6503,.T.);
#6501 = VERTEX_POINT('',#6502);
#6502 = CARTESIAN_POINT('',(218.782627,-53.132883,0.));
#6503 = LINE('',#6504,#6505);
#6504 = CARTESIAN_POINT('',(218.782627,-53.132883,0.));
#6505 = VECTOR('',#6506,1.);
#6506 = DIRECTION('',(0.495365660993,-0.868684558346,0.));
#6507 = ORIENTED_EDGE('',*,*,#6508,.F.);
#6508 = EDGE_CURVE('',#6509,#6501,#6511,.T.);
#6509 = VERTEX_POINT('',#6510);
#6510 = CARTESIAN_POINT('',(218.458629,-52.644663,0.));
#6511 = LINE('',#6512,#6513);
#6512 = CARTESIAN_POINT('',(218.458629,-52.644663,0.));
#6513 = VECTOR('',#6514,1.);
#6514 = DIRECTION('',(0.552947955248,-0.83321579365,0.));
#6515 = ORIENTED_EDGE('',*,*,#6516,.F.);
#6516 = EDGE_CURVE('',#6517,#6509,#6519,.T.);
#6517 = VERTEX_POINT('',#6518);
#6518 = CARTESIAN_POINT('',(218.093496,-52.166117,0.));
#6519 = LINE('',#6520,#6521);
#6520 = CARTESIAN_POINT('',(218.093496,-52.166117,0.));
#6521 = VECTOR('',#6522,1.);
#6522 = DIRECTION('',(0.60659651125,-0.795009856882,0.));
#6523 = ORIENTED_EDGE('',*,*,#6524,.F.);
#6524 = EDGE_CURVE('',#6525,#6517,#6527,.T.);
#6525 = VERTEX_POINT('',#6526);
#6526 = CARTESIAN_POINT('',(217.685518,-51.696754,0.));
#6527 = LINE('',#6528,#6529);
#6528 = CARTESIAN_POINT('',(217.685518,-51.696754,0.));
#6529 = VECTOR('',#6530,1.);
#6530 = DIRECTION('',(0.656028775412,-0.754735878193,0.));
#6531 = ORIENTED_EDGE('',*,*,#6532,.F.);
#6532 = EDGE_CURVE('',#6533,#6525,#6535,.T.);
#6533 = VERTEX_POINT('',#6534);
#6534 = CARTESIAN_POINT('',(217.232741,-51.236272,0.));
#6535 = LINE('',#6536,#6537);
#6536 = CARTESIAN_POINT('',(217.232741,-51.236272,0.));
#6537 = VECTOR('',#6538,1.);
#6538 = DIRECTION('',(0.701116097701,-0.71304713557,0.));
#6539 = ORIENTED_EDGE('',*,*,#6540,.F.);
#6540 = EDGE_CURVE('',#6541,#6533,#6543,.T.);
#6541 = VERTEX_POINT('',#6542);
#6542 = CARTESIAN_POINT('',(216.733004,-50.784557,0.));
#6543 = LINE('',#6544,#6545);
#6544 = CARTESIAN_POINT('',(216.733004,-50.784557,0.));
#6545 = VECTOR('',#6546,1.);
#6546 = DIRECTION('',(0.741851792052,-0.670563881095,0.));
#6547 = ORIENTED_EDGE('',*,*,#6548,.F.);
#6548 = EDGE_CURVE('',#6549,#6541,#6551,.T.);
#6549 = VERTEX_POINT('',#6550);
#6550 = CARTESIAN_POINT('',(216.183966,-50.341685,0.));
#6551 = LINE('',#6552,#6553);
#6552 = CARTESIAN_POINT('',(216.183966,-50.341685,0.));
#6553 = VECTOR('',#6554,1.);
#6554 = DIRECTION('',(0.778344163419,-0.627837847912,0.));
#6555 = ORIENTED_EDGE('',*,*,#6556,.F.);
#6556 = EDGE_CURVE('',#6557,#6549,#6559,.T.);
#6557 = VERTEX_POINT('',#6558);
#6558 = CARTESIAN_POINT('',(215.583146,-49.907917,0.));
#6559 = LINE('',#6560,#6561);
#6560 = CARTESIAN_POINT('',(215.583146,-49.907917,0.));
#6561 = VECTOR('',#6562,1.);
#6562 = DIRECTION('',(0.810780132671,-0.585350814867,0.));
#6563 = ORIENTED_EDGE('',*,*,#6564,.F.);
#6564 = EDGE_CURVE('',#6565,#6557,#6567,.T.);
#6565 = VERTEX_POINT('',#6566);
#6566 = CARTESIAN_POINT('',(214.927963,-49.483701,0.));
#6567 = LINE('',#6568,#6569);
#6568 = CARTESIAN_POINT('',(214.927963,-49.483701,0.));
#6569 = VECTOR('',#6570,1.);
#6570 = DIRECTION('',(0.839409975797,-0.543498751178,0.));
#6571 = ORIENTED_EDGE('',*,*,#6572,.F.);
#6572 = EDGE_CURVE('',#6573,#6565,#6575,.T.);
#6573 = VERTEX_POINT('',#6574);
#6574 = CARTESIAN_POINT('',(214.215779,-49.069663,0.));
#6575 = LINE('',#6576,#6577);
#6576 = CARTESIAN_POINT('',(214.215779,-49.069663,0.));
#6577 = VECTOR('',#6578,1.);
#6578 = DIRECTION('',(0.864519035937,-0.502600076106,0.));
#6579 = ORIENTED_EDGE('',*,*,#6580,.F.);
#6580 = EDGE_CURVE('',#6581,#6573,#6583,.T.);
#6581 = VERTEX_POINT('',#6582);
#6582 = CARTESIAN_POINT('',(213.443954,-48.666608,0.));
#6583 = LINE('',#6584,#6585);
#6584 = CARTESIAN_POINT('',(213.443954,-48.666608,0.));
#6585 = VECTOR('',#6586,1.);
#6586 = DIRECTION('',(0.88641348842,-0.46289429414,0.));
#6587 = ORIENTED_EDGE('',*,*,#6588,.F.);
#6588 = EDGE_CURVE('',#6589,#6581,#6591,.T.);
#6589 = VERTEX_POINT('',#6590);
#6590 = CARTESIAN_POINT('',(212.609901,-48.275512,0.));
#6591 = LINE('',#6592,#6593);
#6592 = CARTESIAN_POINT('',(212.609901,-48.275512,0.));
#6593 = VECTOR('',#6594,1.);
#6594 = DIRECTION('',(0.905403168958,-0.4245528255,0.));
#6595 = ORIENTED_EDGE('',*,*,#6596,.F.);
#6596 = EDGE_CURVE('',#6597,#6589,#6599,.T.);
#6597 = VERTEX_POINT('',#6598);
#6598 = CARTESIAN_POINT('',(211.711167,-47.897521,0.));
#6599 = LINE('',#6600,#6601);
#6600 = CARTESIAN_POINT('',(211.711167,-47.897521,0.));
#6601 = VECTOR('',#6602,1.);
#6602 = DIRECTION('',(0.921790583031,-0.387688175,0.));
#6603 = ORIENTED_EDGE('',*,*,#6604,.F.);
#6604 = EDGE_CURVE('',#6605,#6597,#6607,.T.);
#6605 = VERTEX_POINT('',#6606);
#6606 = CARTESIAN_POINT('',(210.745526,-47.533948,0.));
#6607 = LINE('',#6608,#6609);
#6608 = CARTESIAN_POINT('',(210.745526,-47.533948,0.));
#6609 = VECTOR('',#6610,1.);
#6610 = DIRECTION('',(0.935863916771,-0.352361645593,0.));
#6611 = ORIENTED_EDGE('',*,*,#6612,.F.);
#6612 = EDGE_CURVE('',#6613,#6605,#6615,.T.);
#6613 = VERTEX_POINT('',#6614);
#6614 = CARTESIAN_POINT('',(209.711101,-47.186273,0.));
#6615 = LINE('',#6616,#6617);
#6616 = CARTESIAN_POINT('',(209.711101,-47.186273,0.));
#6617 = VECTOR('',#6618,1.);
#6618 = DIRECTION('',(0.947892293753,-0.318590959451,0.));
#6619 = ORIENTED_EDGE('',*,*,#6620,.F.);
#6620 = EDGE_CURVE('',#6621,#6613,#6623,.T.);
#6621 = VERTEX_POINT('',#6622);
#6622 = CARTESIAN_POINT('',(208.606536,-46.856142,0.));
#6623 = LINE('',#6624,#6625);
#6624 = CARTESIAN_POINT('',(208.606536,-46.856142,0.));
#6625 = VECTOR('',#6626,1.);
#6626 = DIRECTION('',(0.958121456847,-0.286362137738,0.));
#6627 = ORIENTED_EDGE('',*,*,#6628,.F.);
#6628 = EDGE_CURVE('',#6629,#6621,#6631,.T.);
#6629 = VERTEX_POINT('',#6630);
#6630 = CARTESIAN_POINT('',(207.431223,-46.545369,0.));
#6631 = LINE('',#6632,#6633);
#6632 = CARTESIAN_POINT('',(207.431223,-46.545369,0.));
#6633 = VECTOR('',#6634,1.);
#6634 = DIRECTION('',(0.966774226508,-0.255631756557,0.));
#6635 = ORIENTED_EDGE('',*,*,#6636,.F.);
#6636 = EDGE_CURVE('',#6637,#6629,#6639,.T.);
#6637 = VERTEX_POINT('',#6638);
#6638 = CARTESIAN_POINT('',(206.185636,-46.255937,0.));
#6639 = LINE('',#6640,#6641);
#6640 = CARTESIAN_POINT('',(206.185636,-46.255937,0.));
#6641 = VECTOR('',#6642,1.);
#6642 = DIRECTION('',(0.974049313619,-0.226335888974,0.));
#6643 = ORIENTED_EDGE('',*,*,#6644,.F.);
#6644 = EDGE_CURVE('',#6645,#6637,#6647,.T.);
#6645 = VERTEX_POINT('',#6646);
#6646 = CARTESIAN_POINT('',(204.871819,-45.990007,0.));
#6647 = LINE('',#6648,#6649);
#6648 = CARTESIAN_POINT('',(204.871819,-45.990007,0.));
#6649 = VECTOR('',#6650,1.);
#6650 = DIRECTION('',(0.980123751974,-0.198387073209,0.));
#6651 = ORIENTED_EDGE('',*,*,#6652,.F.);
#6652 = EDGE_CURVE('',#6653,#6645,#6655,.T.);
#6653 = VERTEX_POINT('',#6654);
#6654 = CARTESIAN_POINT('',(203.494149,-45.749921,0.));
#6655 = LINE('',#6656,#6657);
#6656 = CARTESIAN_POINT('',(203.494149,-45.749921,0.));
#6657 = VECTOR('',#6658,1.);
#6658 = DIRECTION('',(0.985152400113,-0.171682114827,0.));
#6659 = ORIENTED_EDGE('',*,*,#6660,.F.);
#6660 = EDGE_CURVE('',#6661,#6653,#6663,.T.);
#6661 = VERTEX_POINT('',#6662);
#6662 = CARTESIAN_POINT('',(202.060565,-45.538204,0.));
#6663 = LINE('',#6664,#6665);
#6664 = CARTESIAN_POINT('',(202.060565,-45.538204,0.));
#6665 = VECTOR('',#6666,1.);
#6666 = DIRECTION('',(0.989269966072,-0.146099056216,0.));
#6667 = ORIENTED_EDGE('',*,*,#6668,.F.);
#6668 = EDGE_CURVE('',#6669,#6661,#6671,.T.);
#6669 = VERTEX_POINT('',#6670);
#6670 = CARTESIAN_POINT('',(200.584716,-45.357568,0.));
#6671 = LINE('',#6672,#6673);
#6672 = CARTESIAN_POINT('',(200.584716,-45.357568,0.));
#6673 = VECTOR('',#6674,1.);
#6674 = DIRECTION('',(0.992592894823,-0.121488045287,0.));
#6675 = ORIENTED_EDGE('',*,*,#6676,.F.);
#6676 = EDGE_CURVE('',#6677,#6669,#6679,.T.);
#6677 = VERTEX_POINT('',#6678);
#6678 = CARTESIAN_POINT('',(199.090027,-45.210894,0.));
#6679 = LINE('',#6680,#6681);
#6680 = CARTESIAN_POINT('',(199.090027,-45.210894,0.));
#6681 = VECTOR('',#6682,1.);
#6682 = DIRECTION('',(0.995219736648,-9.766102490429E-02,0.));
#6683 = ORIENTED_EDGE('',*,*,#6684,.F.);
#6684 = EDGE_CURVE('',#5509,#6677,#6685,.T.);
#6685 = LINE('',#6686,#6687);
#6686 = CARTESIAN_POINT('',(197.618458,-45.101156,0.));
#6687 = VECTOR('',#6688,1.);
#6688 = DIRECTION('',(0.997231043761,-7.436561947163E-02,0.));
#6689 = ORIENTED_EDGE('',*,*,#5516,.F.);
#6690 = FACE_BOUND('',#6691,.F.);
#6691 = EDGE_LOOP('',(#6692));
#6692 = ORIENTED_EDGE('',*,*,#6693,.T.);
#6693 = EDGE_CURVE('',#6694,#6694,#6696,.T.);
#6694 = VERTEX_POINT('',#6695);
#6695 = CARTESIAN_POINT('',(173.5,-59.1,0.));
#6696 = CIRCLE('',#6697,1.6);
#6697 = AXIS2_PLACEMENT_3D('',#6698,#6699,#6700);
#6698 = CARTESIAN_POINT('',(173.5,-57.5,0.));
#6699 = DIRECTION('',(-0.,0.,-1.));
#6700 = DIRECTION('',(-0.,-1.,0.));
#6701 = FACE_BOUND('',#6702,.F.);
#6702 = EDGE_LOOP('',(#6703));
#6703 = ORIENTED_EDGE('',*,*,#6704,.T.);
#6704 = EDGE_CURVE('',#6705,#6705,#6707,.T.);
#6705 = VERTEX_POINT('',#6706);
#6706 = CARTESIAN_POINT('',(216.5,-59.1,0.));
#6707 = CIRCLE('',#6708,1.6);
#6708 = AXIS2_PLACEMENT_3D('',#6709,#6710,#6711);
#6709 = CARTESIAN_POINT('',(216.5,-57.5,0.));
#6710 = DIRECTION('',(-0.,0.,-1.));
#6711 = DIRECTION('',(-0.,-1.,0.));
#6712 = PLANE('',#6713);
#6713 = AXIS2_PLACEMENT_3D('',#6714,#6715,#6716);
#6714 = CARTESIAN_POINT('',(0.,0.,0.));
#6715 = DIRECTION('',(0.,0.,1.));
#6716 = DIRECTION('',(1.,0.,-0.));
#6717 = ADVANCED_FACE('',(#6718,#7881,#7892),#7903,.T.);
#6718 = FACE_BOUND('',#6719,.T.);
#6719 = EDGE_LOOP('',(#6720,#6721,#6722,#6730,#6738,#6746,#6754,#6762,
    #6770,#6778,#6786,#6794,#6802,#6810,#6818,#6826,#6834,#6842,#6850,
    #6858,#6866,#6874,#6882,#6890,#6898,#6906,#6914,#6922,#6930,#6938,
    #6946,#6954,#6962,#6970,#6978,#6986,#6994,#7002,#7010,#7018,#7026,
    #7034,#7042,#7050,#7058,#7066,#7074,#7082,#7090,#7098,#7106,#7114,
    #7122,#7130,#7138,#7146,#7154,#7162,#7170,#7178,#7186,#7194,#7202,
    #7210,#7218,#7226,#7234,#7242,#7250,#7258,#7266,#7274,#7282,#7290,
    #7298,#7306,#7314,#7322,#7330,#7338,#7346,#7354,#7362,#7370,#7378,
    #7386,#7394,#7402,#7410,#7418,#7426,#7434,#7442,#7450,#7458,#7466,
    #7474,#7482,#7490,#7498,#7506,#7514,#7522,#7530,#7538,#7546,#7554,
    #7562,#7570,#7578,#7586,#7594,#7602,#7610,#7618,#7626,#7634,#7642,
    #7650,#7658,#7666,#7674,#7682,#7690,#7698,#7706,#7714,#7722,#7730,
    #7738,#7746,#7754,#7762,#7770,#7778,#7786,#7794,#7802,#7810,#7818,
    #7826,#7834,#7842,#7850,#7858,#7866,#7874,#7880));
#6720 = ORIENTED_EDGE('',*,*,#5438,.F.);
#6721 = ORIENTED_EDGE('',*,*,#5478,.F.);
#6722 = ORIENTED_EDGE('',*,*,#6723,.F.);
#6723 = EDGE_CURVE('',#6724,#5471,#6726,.T.);
#6724 = VERTEX_POINT('',#6725);
#6725 = CARTESIAN_POINT('',(194.796557,-45.001864,1.51));
#6726 = LINE('',#6727,#6728);
#6727 = CARTESIAN_POINT('',(194.796557,-45.001864,1.51));
#6728 = VECTOR('',#6729,1.);
#6729 = DIRECTION('',(0.999958029033,9.161886946787E-03,0.));
#6730 = ORIENTED_EDGE('',*,*,#6731,.F.);
#6731 = EDGE_CURVE('',#6732,#6724,#6734,.T.);
#6732 = VERTEX_POINT('',#6733);
#6733 = CARTESIAN_POINT('',(193.746661,-45.031126,1.51));
#6734 = LINE('',#6735,#6736);
#6735 = CARTESIAN_POINT('',(193.746661,-45.031126,1.51));
#6736 = VECTOR('',#6737,1.);
#6737 = DIRECTION('',(0.999611820568,2.786051293981E-02,0.));
#6738 = ORIENTED_EDGE('',*,*,#6739,.F.);
#6739 = EDGE_CURVE('',#6740,#6732,#6742,.T.);
#6740 = VERTEX_POINT('',#6741);
#6741 = CARTESIAN_POINT('',(192.381542,-45.101156,1.51));
#6742 = LINE('',#6743,#6744);
#6743 = CARTESIAN_POINT('',(192.381542,-45.101156,1.51));
#6744 = VECTOR('',#6745,1.);
#6745 = DIRECTION('',(0.998686769124,5.123218887273E-02,0.));
#6746 = ORIENTED_EDGE('',*,*,#6747,.F.);
#6747 = EDGE_CURVE('',#6748,#6740,#6750,.T.);
#6748 = VERTEX_POINT('',#6749);
#6749 = CARTESIAN_POINT('',(190.909973,-45.210894,1.51));
#6750 = LINE('',#6751,#6752);
#6751 = CARTESIAN_POINT('',(190.909973,-45.210894,1.51));
#6752 = VECTOR('',#6753,1.);
#6753 = DIRECTION('',(0.997231043761,7.436561947163E-02,0.));
#6754 = ORIENTED_EDGE('',*,*,#6755,.F.);
#6755 = EDGE_CURVE('',#6756,#6748,#6758,.T.);
#6756 = VERTEX_POINT('',#6757);
#6757 = CARTESIAN_POINT('',(189.415284,-45.357568,1.51));
#6758 = LINE('',#6759,#6760);
#6759 = CARTESIAN_POINT('',(189.415284,-45.357568,1.51));
#6760 = VECTOR('',#6761,1.);
#6761 = DIRECTION('',(0.995219736648,9.766102490429E-02,0.));
#6762 = ORIENTED_EDGE('',*,*,#6763,.F.);
#6763 = EDGE_CURVE('',#6764,#6756,#6766,.T.);
#6764 = VERTEX_POINT('',#6765);
#6765 = CARTESIAN_POINT('',(187.939435,-45.538204,1.51));
#6766 = LINE('',#6767,#6768);
#6767 = CARTESIAN_POINT('',(187.939435,-45.538204,1.51));
#6768 = VECTOR('',#6769,1.);
#6769 = DIRECTION('',(0.992592894823,0.121488045287,0.));
#6770 = ORIENTED_EDGE('',*,*,#6771,.F.);
#6771 = EDGE_CURVE('',#6772,#6764,#6774,.T.);
#6772 = VERTEX_POINT('',#6773);
#6773 = CARTESIAN_POINT('',(186.505851,-45.749921,1.51));
#6774 = LINE('',#6775,#6776);
#6775 = CARTESIAN_POINT('',(186.505851,-45.749921,1.51));
#6776 = VECTOR('',#6777,1.);
#6777 = DIRECTION('',(0.989269966072,0.146099056216,0.));
#6778 = ORIENTED_EDGE('',*,*,#6779,.F.);
#6779 = EDGE_CURVE('',#6780,#6772,#6782,.T.);
#6780 = VERTEX_POINT('',#6781);
#6781 = CARTESIAN_POINT('',(185.128181,-45.990007,1.51));
#6782 = LINE('',#6783,#6784);
#6783 = CARTESIAN_POINT('',(185.128181,-45.990007,1.51));
#6784 = VECTOR('',#6785,1.);
#6785 = DIRECTION('',(0.985152400113,0.171682114827,0.));
#6786 = ORIENTED_EDGE('',*,*,#6787,.F.);
#6787 = EDGE_CURVE('',#6788,#6780,#6790,.T.);
#6788 = VERTEX_POINT('',#6789);
#6789 = CARTESIAN_POINT('',(183.814364,-46.255937,1.51));
#6790 = LINE('',#6791,#6792);
#6791 = CARTESIAN_POINT('',(183.814364,-46.255937,1.51));
#6792 = VECTOR('',#6793,1.);
#6793 = DIRECTION('',(0.980123751974,0.198387073209,0.));
#6794 = ORIENTED_EDGE('',*,*,#6795,.F.);
#6795 = EDGE_CURVE('',#6796,#6788,#6798,.T.);
#6796 = VERTEX_POINT('',#6797);
#6797 = CARTESIAN_POINT('',(182.568777,-46.545369,1.51));
#6798 = LINE('',#6799,#6800);
#6799 = CARTESIAN_POINT('',(182.568777,-46.545369,1.51));
#6800 = VECTOR('',#6801,1.);
#6801 = DIRECTION('',(0.974049313619,0.226335888974,0.));
#6802 = ORIENTED_EDGE('',*,*,#6803,.F.);
#6803 = EDGE_CURVE('',#6804,#6796,#6806,.T.);
#6804 = VERTEX_POINT('',#6805);
#6805 = CARTESIAN_POINT('',(181.393464,-46.856142,1.51));
#6806 = LINE('',#6807,#6808);
#6807 = CARTESIAN_POINT('',(181.393464,-46.856142,1.51));
#6808 = VECTOR('',#6809,1.);
#6809 = DIRECTION('',(0.966774226508,0.255631756557,0.));
#6810 = ORIENTED_EDGE('',*,*,#6811,.F.);
#6811 = EDGE_CURVE('',#6812,#6804,#6814,.T.);
#6812 = VERTEX_POINT('',#6813);
#6813 = CARTESIAN_POINT('',(180.288899,-47.186273,1.51));
#6814 = LINE('',#6815,#6816);
#6815 = CARTESIAN_POINT('',(180.288899,-47.186273,1.51));
#6816 = VECTOR('',#6817,1.);
#6817 = DIRECTION('',(0.958121456847,0.286362137738,0.));
#6818 = ORIENTED_EDGE('',*,*,#6819,.F.);
#6819 = EDGE_CURVE('',#6820,#6812,#6822,.T.);
#6820 = VERTEX_POINT('',#6821);
#6821 = CARTESIAN_POINT('',(179.254474,-47.533948,1.51));
#6822 = LINE('',#6823,#6824);
#6823 = CARTESIAN_POINT('',(179.254474,-47.533948,1.51));
#6824 = VECTOR('',#6825,1.);
#6825 = DIRECTION('',(0.947892293753,0.318590959451,0.));
#6826 = ORIENTED_EDGE('',*,*,#6827,.F.);
#6827 = EDGE_CURVE('',#6828,#6820,#6830,.T.);
#6828 = VERTEX_POINT('',#6829);
#6829 = CARTESIAN_POINT('',(178.288833,-47.897521,1.51));
#6830 = LINE('',#6831,#6832);
#6831 = CARTESIAN_POINT('',(178.288833,-47.897521,1.51));
#6832 = VECTOR('',#6833,1.);
#6833 = DIRECTION('',(0.935863916771,0.352361645593,0.));
#6834 = ORIENTED_EDGE('',*,*,#6835,.F.);
#6835 = EDGE_CURVE('',#6836,#6828,#6838,.T.);
#6836 = VERTEX_POINT('',#6837);
#6837 = CARTESIAN_POINT('',(177.390099,-48.275512,1.51));
#6838 = LINE('',#6839,#6840);
#6839 = CARTESIAN_POINT('',(177.390099,-48.275512,1.51));
#6840 = VECTOR('',#6841,1.);
#6841 = DIRECTION('',(0.921790583031,0.387688175,0.));
#6842 = ORIENTED_EDGE('',*,*,#6843,.F.);
#6843 = EDGE_CURVE('',#6844,#6836,#6846,.T.);
#6844 = VERTEX_POINT('',#6845);
#6845 = CARTESIAN_POINT('',(176.556046,-48.666608,1.51));
#6846 = LINE('',#6847,#6848);
#6847 = CARTESIAN_POINT('',(176.556046,-48.666608,1.51));
#6848 = VECTOR('',#6849,1.);
#6849 = DIRECTION('',(0.905403168958,0.4245528255,0.));
#6850 = ORIENTED_EDGE('',*,*,#6851,.F.);
#6851 = EDGE_CURVE('',#6852,#6844,#6854,.T.);
#6852 = VERTEX_POINT('',#6853);
#6853 = CARTESIAN_POINT('',(175.784221,-49.069663,1.51));
#6854 = LINE('',#6855,#6856);
#6855 = CARTESIAN_POINT('',(175.784221,-49.069663,1.51));
#6856 = VECTOR('',#6857,1.);
#6857 = DIRECTION('',(0.88641348842,0.46289429414,0.));
#6858 = ORIENTED_EDGE('',*,*,#6859,.F.);
#6859 = EDGE_CURVE('',#6860,#6852,#6862,.T.);
#6860 = VERTEX_POINT('',#6861);
#6861 = CARTESIAN_POINT('',(175.072037,-49.483701,1.51));
#6862 = LINE('',#6863,#6864);
#6863 = CARTESIAN_POINT('',(175.072037,-49.483701,1.51));
#6864 = VECTOR('',#6865,1.);
#6865 = DIRECTION('',(0.864519035937,0.502600076106,0.));
#6866 = ORIENTED_EDGE('',*,*,#6867,.F.);
#6867 = EDGE_CURVE('',#6868,#6860,#6870,.T.);
#6868 = VERTEX_POINT('',#6869);
#6869 = CARTESIAN_POINT('',(174.416854,-49.907917,1.51));
#6870 = LINE('',#6871,#6872);
#6871 = CARTESIAN_POINT('',(174.416854,-49.907917,1.51));
#6872 = VECTOR('',#6873,1.);
#6873 = DIRECTION('',(0.839409975797,0.543498751178,0.));
#6874 = ORIENTED_EDGE('',*,*,#6875,.F.);
#6875 = EDGE_CURVE('',#6876,#6868,#6878,.T.);
#6876 = VERTEX_POINT('',#6877);
#6877 = CARTESIAN_POINT('',(173.816034,-50.341685,1.51));
#6878 = LINE('',#6879,#6880);
#6879 = CARTESIAN_POINT('',(173.816034,-50.341685,1.51));
#6880 = VECTOR('',#6881,1.);
#6881 = DIRECTION('',(0.810780132671,0.585350814867,0.));
#6882 = ORIENTED_EDGE('',*,*,#6883,.F.);
#6883 = EDGE_CURVE('',#6884,#6876,#6886,.T.);
#6884 = VERTEX_POINT('',#6885);
#6885 = CARTESIAN_POINT('',(173.266996,-50.784557,1.51));
#6886 = LINE('',#6887,#6888);
#6887 = CARTESIAN_POINT('',(173.266996,-50.784557,1.51));
#6888 = VECTOR('',#6889,1.);
#6889 = DIRECTION('',(0.778344163419,0.627837847912,0.));
#6890 = ORIENTED_EDGE('',*,*,#6891,.F.);
#6891 = EDGE_CURVE('',#6892,#6884,#6894,.T.);
#6892 = VERTEX_POINT('',#6893);
#6893 = CARTESIAN_POINT('',(172.767259,-51.236272,1.51));
#6894 = LINE('',#6895,#6896);
#6895 = CARTESIAN_POINT('',(172.767259,-51.236272,1.51));
#6896 = VECTOR('',#6897,1.);
#6897 = DIRECTION('',(0.741851792052,0.670563881095,0.));
#6898 = ORIENTED_EDGE('',*,*,#6899,.F.);
#6899 = EDGE_CURVE('',#6900,#6892,#6902,.T.);
#6900 = VERTEX_POINT('',#6901);
#6901 = CARTESIAN_POINT('',(172.314482,-51.696754,1.51));
#6902 = LINE('',#6903,#6904);
#6903 = CARTESIAN_POINT('',(172.314482,-51.696754,1.51));
#6904 = VECTOR('',#6905,1.);
#6905 = DIRECTION('',(0.701116097701,0.71304713557,0.));
#6906 = ORIENTED_EDGE('',*,*,#6907,.F.);
#6907 = EDGE_CURVE('',#6908,#6900,#6910,.T.);
#6908 = VERTEX_POINT('',#6909);
#6909 = CARTESIAN_POINT('',(171.906504,-52.166117,1.51));
#6910 = LINE('',#6911,#6912);
#6911 = CARTESIAN_POINT('',(171.906504,-52.166117,1.51));
#6912 = VECTOR('',#6913,1.);
#6913 = DIRECTION('',(0.656028775412,0.754735878193,0.));
#6914 = ORIENTED_EDGE('',*,*,#6915,.F.);
#6915 = EDGE_CURVE('',#6916,#6908,#6918,.T.);
#6916 = VERTEX_POINT('',#6917);
#6917 = CARTESIAN_POINT('',(171.541371,-52.644663,1.51));
#6918 = LINE('',#6919,#6920);
#6919 = CARTESIAN_POINT('',(171.541371,-52.644663,1.51));
#6920 = VECTOR('',#6921,1.);
#6921 = DIRECTION('',(0.60659651125,0.795009856882,0.));
#6922 = ORIENTED_EDGE('',*,*,#6923,.F.);
#6923 = EDGE_CURVE('',#6924,#6916,#6926,.T.);
#6924 = VERTEX_POINT('',#6925);
#6925 = CARTESIAN_POINT('',(171.217373,-53.132883,1.51));
#6926 = LINE('',#6927,#6928);
#6927 = CARTESIAN_POINT('',(171.217373,-53.132883,1.51));
#6928 = VECTOR('',#6929,1.);
#6929 = DIRECTION('',(0.552947955248,0.83321579365,0.));
#6930 = ORIENTED_EDGE('',*,*,#6931,.F.);
#6931 = EDGE_CURVE('',#6932,#6924,#6934,.T.);
#6932 = VERTEX_POINT('',#6933);
#6933 = CARTESIAN_POINT('',(170.933069,-53.631445,1.51));
#6934 = LINE('',#6935,#6936);
#6935 = CARTESIAN_POINT('',(170.933069,-53.631445,1.51));
#6936 = VECTOR('',#6937,1.);
#6937 = DIRECTION('',(0.495365660993,0.868684558346,0.));
#6938 = ORIENTED_EDGE('',*,*,#6939,.F.);
#6939 = EDGE_CURVE('',#6940,#6932,#6942,.T.);
#6940 = VERTEX_POINT('',#6941);
#6941 = CARTESIAN_POINT('',(170.687315,-54.141193,1.51));
#6942 = LINE('',#6943,#6944);
#6943 = CARTESIAN_POINT('',(170.687315,-54.141193,1.51));
#6944 = VECTOR('',#6945,1.);
#6945 = DIRECTION('',(0.434274298736,0.900780679998,0.));
#6946 = ORIENTED_EDGE('',*,*,#6947,.F.);
#6947 = EDGE_CURVE('',#6948,#6940,#6950,.T.);
#6948 = VERTEX_POINT('',#6949);
#6949 = CARTESIAN_POINT('',(170.479283,-54.663129,1.51));
#6950 = LINE('',#6951,#6952);
#6951 = CARTESIAN_POINT('',(170.479283,-54.663129,1.51));
#6952 = VECTOR('',#6953,1.);
#6953 = DIRECTION('',(0.370251337229,0.928931616041,0.));
#6954 = ORIENTED_EDGE('',*,*,#6955,.F.);
#6955 = EDGE_CURVE('',#6956,#6948,#6958,.T.);
#6956 = VERTEX_POINT('',#6957);
#6957 = CARTESIAN_POINT('',(170.308481,-55.198402,1.51));
#6958 = LINE('',#6959,#6960);
#6959 = CARTESIAN_POINT('',(170.308481,-55.198402,1.51));
#6960 = VECTOR('',#6961,1.);
#6961 = DIRECTION('',(0.303992024695,0.952674576612,0.));
#6962 = ORIENTED_EDGE('',*,*,#6963,.F.);
#6963 = EDGE_CURVE('',#6964,#6956,#6966,.T.);
#6964 = VERTEX_POINT('',#6965);
#6965 = CARTESIAN_POINT('',(170.174765,-55.748293,1.51));
#6966 = LINE('',#6967,#6968);
#6967 = CARTESIAN_POINT('',(170.174765,-55.748293,1.51));
#6968 = VECTOR('',#6969,1.);
#6969 = DIRECTION('',(0.236282725794,0.971684348691,0.));
#6970 = ORIENTED_EDGE('',*,*,#6971,.F.);
#6971 = EDGE_CURVE('',#6972,#6964,#6974,.T.);
#6972 = VERTEX_POINT('',#6973);
#6973 = CARTESIAN_POINT('',(170.121921,-56.028821,1.51));
#6974 = LINE('',#6975,#6976);
#6975 = CARTESIAN_POINT('',(170.121921,-56.028821,1.51));
#6976 = VECTOR('',#6977,1.);
#6977 = DIRECTION('',(0.185117579484,0.982716379107,0.));
#6978 = ORIENTED_EDGE('',*,*,#6979,.F.);
#6979 = EDGE_CURVE('',#6980,#6972,#6982,.T.);
#6980 = VERTEX_POINT('',#6981);
#6981 = CARTESIAN_POINT('',(170.078343,-56.314189,1.51));
#6982 = LINE('',#6983,#6984);
#6983 = CARTESIAN_POINT('',(170.078343,-56.314189,1.51));
#6984 = VECTOR('',#6985,1.);
#6985 = DIRECTION('',(0.150958072955,0.98854016621,0.));
#6986 = ORIENTED_EDGE('',*,*,#6987,.F.);
#6987 = EDGE_CURVE('',#6988,#6980,#6990,.T.);
#6988 = VERTEX_POINT('',#6989);
#6989 = CARTESIAN_POINT('',(170.044297,-56.603437,1.51));
#6990 = LINE('',#6991,#6992);
#6991 = CARTESIAN_POINT('',(170.044297,-56.603437,1.51));
#6992 = VECTOR('',#6993,1.);
#6993 = DIRECTION('',(0.116898223007,0.993143899673,0.));
#6994 = ORIENTED_EDGE('',*,*,#6995,.F.);
#6995 = EDGE_CURVE('',#6996,#6988,#6998,.T.);
#6996 = VERTEX_POINT('',#6997);
#6997 = CARTESIAN_POINT('',(170.019782,-56.897573,1.51));
#6998 = LINE('',#6999,#7000);
#6999 = CARTESIAN_POINT('',(170.019782,-56.897573,1.51));
#7000 = VECTOR('',#7001,1.);
#7001 = DIRECTION('',(8.30578169886E-02,0.996544730073,0.));
#7002 = ORIENTED_EDGE('',*,*,#7003,.F.);
#7003 = EDGE_CURVE('',#7004,#6996,#7006,.T.);
#7004 = VERTEX_POINT('',#7005);
#7005 = CARTESIAN_POINT('',(170.004973,-57.196307,1.51));
#7006 = LINE('',#7007,#7008);
#7007 = CARTESIAN_POINT('',(170.004973,-57.196307,1.51));
#7008 = VECTOR('',#7009,1.);
#7009 = DIRECTION('',(4.951173078993E-02,0.998773542158,0.));
#7010 = ORIENTED_EDGE('',*,*,#7011,.F.);
#7011 = EDGE_CURVE('',#7012,#7004,#7014,.T.);
#7012 = VERTEX_POINT('',#7013);
#7013 = CARTESIAN_POINT('',(170.,-57.5,1.51));
#7014 = LINE('',#7015,#7016);
#7015 = CARTESIAN_POINT('',(170.,-57.5,1.51));
#7016 = VECTOR('',#7017,1.);
#7017 = DIRECTION('',(1.637289432132E-02,0.999865955182,0.));
#7018 = ORIENTED_EDGE('',*,*,#7019,.F.);
#7019 = EDGE_CURVE('',#7020,#7012,#7022,.T.);
#7020 = VERTEX_POINT('',#7021);
#7021 = CARTESIAN_POINT('',(170.004973,-57.803693,1.51));
#7022 = LINE('',#7023,#7024);
#7023 = CARTESIAN_POINT('',(170.004973,-57.803693,1.51));
#7024 = VECTOR('',#7025,1.);
#7025 = DIRECTION('',(-1.637289432132E-02,0.999865955182,0.));
#7026 = ORIENTED_EDGE('',*,*,#7027,.F.);
#7027 = EDGE_CURVE('',#7028,#7020,#7030,.T.);
#7028 = VERTEX_POINT('',#7029);
#7029 = CARTESIAN_POINT('',(170.019782,-58.102427,1.51));
#7030 = LINE('',#7031,#7032);
#7031 = CARTESIAN_POINT('',(170.019782,-58.102427,1.51));
#7032 = VECTOR('',#7033,1.);
#7033 = DIRECTION('',(-4.951173078993E-02,0.998773542158,0.));
#7034 = ORIENTED_EDGE('',*,*,#7035,.F.);
#7035 = EDGE_CURVE('',#7036,#7028,#7038,.T.);
#7036 = VERTEX_POINT('',#7037);
#7037 = CARTESIAN_POINT('',(170.044297,-58.396563,1.51));
#7038 = LINE('',#7039,#7040);
#7039 = CARTESIAN_POINT('',(170.044297,-58.396563,1.51));
#7040 = VECTOR('',#7041,1.);
#7041 = DIRECTION('',(-8.30578169886E-02,0.996544730073,0.));
#7042 = ORIENTED_EDGE('',*,*,#7043,.F.);
#7043 = EDGE_CURVE('',#7044,#7036,#7046,.T.);
#7044 = VERTEX_POINT('',#7045);
#7045 = CARTESIAN_POINT('',(170.078343,-58.685811,1.51));
#7046 = LINE('',#7047,#7048);
#7047 = CARTESIAN_POINT('',(170.078343,-58.685811,1.51));
#7048 = VECTOR('',#7049,1.);
#7049 = DIRECTION('',(-0.116898223007,0.993143899673,0.));
#7050 = ORIENTED_EDGE('',*,*,#7051,.F.);
#7051 = EDGE_CURVE('',#7052,#7044,#7054,.T.);
#7052 = VERTEX_POINT('',#7053);
#7053 = CARTESIAN_POINT('',(170.121921,-58.971179,1.51));
#7054 = LINE('',#7055,#7056);
#7055 = CARTESIAN_POINT('',(170.121921,-58.971179,1.51));
#7056 = VECTOR('',#7057,1.);
#7057 = DIRECTION('',(-0.150958072955,0.98854016621,0.));
#7058 = ORIENTED_EDGE('',*,*,#7059,.F.);
#7059 = EDGE_CURVE('',#7060,#7052,#7062,.T.);
#7060 = VERTEX_POINT('',#7061);
#7061 = CARTESIAN_POINT('',(170.174765,-59.251707,1.51));
#7062 = LINE('',#7063,#7064);
#7063 = CARTESIAN_POINT('',(170.174765,-59.251707,1.51));
#7064 = VECTOR('',#7065,1.);
#7065 = DIRECTION('',(-0.185117579484,0.982716379107,0.));
#7066 = ORIENTED_EDGE('',*,*,#7067,.F.);
#7067 = EDGE_CURVE('',#7068,#7060,#7070,.T.);
#7068 = VERTEX_POINT('',#7069);
#7069 = CARTESIAN_POINT('',(170.308481,-59.801598,1.51));
#7070 = LINE('',#7071,#7072);
#7071 = CARTESIAN_POINT('',(170.308481,-59.801598,1.51));
#7072 = VECTOR('',#7073,1.);
#7073 = DIRECTION('',(-0.236282725794,0.971684348691,0.));
#7074 = ORIENTED_EDGE('',*,*,#7075,.F.);
#7075 = EDGE_CURVE('',#7076,#7068,#7078,.T.);
#7076 = VERTEX_POINT('',#7077);
#7077 = CARTESIAN_POINT('',(170.479283,-60.336871,1.51));
#7078 = LINE('',#7079,#7080);
#7079 = CARTESIAN_POINT('',(170.479283,-60.336871,1.51));
#7080 = VECTOR('',#7081,1.);
#7081 = DIRECTION('',(-0.303992024695,0.952674576612,0.));
#7082 = ORIENTED_EDGE('',*,*,#7083,.F.);
#7083 = EDGE_CURVE('',#7084,#7076,#7086,.T.);
#7084 = VERTEX_POINT('',#7085);
#7085 = CARTESIAN_POINT('',(170.687315,-60.858807,1.51));
#7086 = LINE('',#7087,#7088);
#7087 = CARTESIAN_POINT('',(170.687315,-60.858807,1.51));
#7088 = VECTOR('',#7089,1.);
#7089 = DIRECTION('',(-0.370251337229,0.928931616041,0.));
#7090 = ORIENTED_EDGE('',*,*,#7091,.F.);
#7091 = EDGE_CURVE('',#7092,#7084,#7094,.T.);
#7092 = VERTEX_POINT('',#7093);
#7093 = CARTESIAN_POINT('',(170.933069,-61.368555,1.51));
#7094 = LINE('',#7095,#7096);
#7095 = CARTESIAN_POINT('',(170.933069,-61.368555,1.51));
#7096 = VECTOR('',#7097,1.);
#7097 = DIRECTION('',(-0.434274298736,0.900780679998,0.));
#7098 = ORIENTED_EDGE('',*,*,#7099,.F.);
#7099 = EDGE_CURVE('',#7100,#7092,#7102,.T.);
#7100 = VERTEX_POINT('',#7101);
#7101 = CARTESIAN_POINT('',(171.217373,-61.867117,1.51));
#7102 = LINE('',#7103,#7104);
#7103 = CARTESIAN_POINT('',(171.217373,-61.867117,1.51));
#7104 = VECTOR('',#7105,1.);
#7105 = DIRECTION('',(-0.495365660993,0.868684558346,0.));
#7106 = ORIENTED_EDGE('',*,*,#7107,.F.);
#7107 = EDGE_CURVE('',#7108,#7100,#7110,.T.);
#7108 = VERTEX_POINT('',#7109);
#7109 = CARTESIAN_POINT('',(171.541371,-62.355337,1.51));
#7110 = LINE('',#7111,#7112);
#7111 = CARTESIAN_POINT('',(171.541371,-62.355337,1.51));
#7112 = VECTOR('',#7113,1.);
#7113 = DIRECTION('',(-0.552947955248,0.83321579365,0.));
#7114 = ORIENTED_EDGE('',*,*,#7115,.F.);
#7115 = EDGE_CURVE('',#7116,#7108,#7118,.T.);
#7116 = VERTEX_POINT('',#7117);
#7117 = CARTESIAN_POINT('',(171.906504,-62.833883,1.51));
#7118 = LINE('',#7119,#7120);
#7119 = CARTESIAN_POINT('',(171.906504,-62.833883,1.51));
#7120 = VECTOR('',#7121,1.);
#7121 = DIRECTION('',(-0.60659651125,0.795009856882,0.));
#7122 = ORIENTED_EDGE('',*,*,#7123,.F.);
#7123 = EDGE_CURVE('',#7124,#7116,#7126,.T.);
#7124 = VERTEX_POINT('',#7125);
#7125 = CARTESIAN_POINT('',(172.314482,-63.303246,1.51));
#7126 = LINE('',#7127,#7128);
#7127 = CARTESIAN_POINT('',(172.314482,-63.303246,1.51));
#7128 = VECTOR('',#7129,1.);
#7129 = DIRECTION('',(-0.656028775412,0.754735878193,0.));
#7130 = ORIENTED_EDGE('',*,*,#7131,.F.);
#7131 = EDGE_CURVE('',#7132,#7124,#7134,.T.);
#7132 = VERTEX_POINT('',#7133);
#7133 = CARTESIAN_POINT('',(172.767259,-63.763728,1.51));
#7134 = LINE('',#7135,#7136);
#7135 = CARTESIAN_POINT('',(172.767259,-63.763728,1.51));
#7136 = VECTOR('',#7137,1.);
#7137 = DIRECTION('',(-0.701116097701,0.71304713557,0.));
#7138 = ORIENTED_EDGE('',*,*,#7139,.F.);
#7139 = EDGE_CURVE('',#7140,#7132,#7142,.T.);
#7140 = VERTEX_POINT('',#7141);
#7141 = CARTESIAN_POINT('',(173.266996,-64.215443,1.51));
#7142 = LINE('',#7143,#7144);
#7143 = CARTESIAN_POINT('',(173.266996,-64.215443,1.51));
#7144 = VECTOR('',#7145,1.);
#7145 = DIRECTION('',(-0.741851792052,0.670563881095,0.));
#7146 = ORIENTED_EDGE('',*,*,#7147,.F.);
#7147 = EDGE_CURVE('',#7148,#7140,#7150,.T.);
#7148 = VERTEX_POINT('',#7149);
#7149 = CARTESIAN_POINT('',(173.816034,-64.658315,1.51));
#7150 = LINE('',#7151,#7152);
#7151 = CARTESIAN_POINT('',(173.816034,-64.658315,1.51));
#7152 = VECTOR('',#7153,1.);
#7153 = DIRECTION('',(-0.778344163419,0.627837847912,0.));
#7154 = ORIENTED_EDGE('',*,*,#7155,.F.);
#7155 = EDGE_CURVE('',#7156,#7148,#7158,.T.);
#7156 = VERTEX_POINT('',#7157);
#7157 = CARTESIAN_POINT('',(174.416854,-65.092083,1.51));
#7158 = LINE('',#7159,#7160);
#7159 = CARTESIAN_POINT('',(174.416854,-65.092083,1.51));
#7160 = VECTOR('',#7161,1.);
#7161 = DIRECTION('',(-0.810780132671,0.585350814867,0.));
#7162 = ORIENTED_EDGE('',*,*,#7163,.F.);
#7163 = EDGE_CURVE('',#7164,#7156,#7166,.T.);
#7164 = VERTEX_POINT('',#7165);
#7165 = CARTESIAN_POINT('',(175.072037,-65.516299,1.51));
#7166 = LINE('',#7167,#7168);
#7167 = CARTESIAN_POINT('',(175.072037,-65.516299,1.51));
#7168 = VECTOR('',#7169,1.);
#7169 = DIRECTION('',(-0.839409975797,0.543498751178,0.));
#7170 = ORIENTED_EDGE('',*,*,#7171,.F.);
#7171 = EDGE_CURVE('',#7172,#7164,#7174,.T.);
#7172 = VERTEX_POINT('',#7173);
#7173 = CARTESIAN_POINT('',(175.784221,-65.930337,1.51));
#7174 = LINE('',#7175,#7176);
#7175 = CARTESIAN_POINT('',(175.784221,-65.930337,1.51));
#7176 = VECTOR('',#7177,1.);
#7177 = DIRECTION('',(-0.864519035937,0.502600076106,0.));
#7178 = ORIENTED_EDGE('',*,*,#7179,.F.);
#7179 = EDGE_CURVE('',#7180,#7172,#7182,.T.);
#7180 = VERTEX_POINT('',#7181);
#7181 = CARTESIAN_POINT('',(176.556046,-66.333392,1.51));
#7182 = LINE('',#7183,#7184);
#7183 = CARTESIAN_POINT('',(176.556046,-66.333392,1.51));
#7184 = VECTOR('',#7185,1.);
#7185 = DIRECTION('',(-0.88641348842,0.46289429414,0.));
#7186 = ORIENTED_EDGE('',*,*,#7187,.F.);
#7187 = EDGE_CURVE('',#7188,#7180,#7190,.T.);
#7188 = VERTEX_POINT('',#7189);
#7189 = CARTESIAN_POINT('',(177.390099,-66.724488,1.51));
#7190 = LINE('',#7191,#7192);
#7191 = CARTESIAN_POINT('',(177.390099,-66.724488,1.51));
#7192 = VECTOR('',#7193,1.);
#7193 = DIRECTION('',(-0.905403168958,0.4245528255,0.));
#7194 = ORIENTED_EDGE('',*,*,#7195,.F.);
#7195 = EDGE_CURVE('',#7196,#7188,#7198,.T.);
#7196 = VERTEX_POINT('',#7197);
#7197 = CARTESIAN_POINT('',(178.288833,-67.102479,1.51));
#7198 = LINE('',#7199,#7200);
#7199 = CARTESIAN_POINT('',(178.288833,-67.102479,1.51));
#7200 = VECTOR('',#7201,1.);
#7201 = DIRECTION('',(-0.921790583031,0.387688175,0.));
#7202 = ORIENTED_EDGE('',*,*,#7203,.F.);
#7203 = EDGE_CURVE('',#7204,#7196,#7206,.T.);
#7204 = VERTEX_POINT('',#7205);
#7205 = CARTESIAN_POINT('',(179.254474,-67.466052,1.51));
#7206 = LINE('',#7207,#7208);
#7207 = CARTESIAN_POINT('',(179.254474,-67.466052,1.51));
#7208 = VECTOR('',#7209,1.);
#7209 = DIRECTION('',(-0.935863916771,0.352361645593,0.));
#7210 = ORIENTED_EDGE('',*,*,#7211,.F.);
#7211 = EDGE_CURVE('',#7212,#7204,#7214,.T.);
#7212 = VERTEX_POINT('',#7213);
#7213 = CARTESIAN_POINT('',(180.288899,-67.813727,1.51));
#7214 = LINE('',#7215,#7216);
#7215 = CARTESIAN_POINT('',(180.288899,-67.813727,1.51));
#7216 = VECTOR('',#7217,1.);
#7217 = DIRECTION('',(-0.947892293753,0.318590959451,0.));
#7218 = ORIENTED_EDGE('',*,*,#7219,.F.);
#7219 = EDGE_CURVE('',#7220,#7212,#7222,.T.);
#7220 = VERTEX_POINT('',#7221);
#7221 = CARTESIAN_POINT('',(181.393464,-68.143858,1.51));
#7222 = LINE('',#7223,#7224);
#7223 = CARTESIAN_POINT('',(181.393464,-68.143858,1.51));
#7224 = VECTOR('',#7225,1.);
#7225 = DIRECTION('',(-0.958121456847,0.286362137738,0.));
#7226 = ORIENTED_EDGE('',*,*,#7227,.F.);
#7227 = EDGE_CURVE('',#7228,#7220,#7230,.T.);
#7228 = VERTEX_POINT('',#7229);
#7229 = CARTESIAN_POINT('',(182.568777,-68.454631,1.51));
#7230 = LINE('',#7231,#7232);
#7231 = CARTESIAN_POINT('',(182.568777,-68.454631,1.51));
#7232 = VECTOR('',#7233,1.);
#7233 = DIRECTION('',(-0.966774226508,0.255631756557,0.));
#7234 = ORIENTED_EDGE('',*,*,#7235,.F.);
#7235 = EDGE_CURVE('',#7236,#7228,#7238,.T.);
#7236 = VERTEX_POINT('',#7237);
#7237 = CARTESIAN_POINT('',(183.814364,-68.744063,1.51));
#7238 = LINE('',#7239,#7240);
#7239 = CARTESIAN_POINT('',(183.814364,-68.744063,1.51));
#7240 = VECTOR('',#7241,1.);
#7241 = DIRECTION('',(-0.974049313619,0.226335888974,0.));
#7242 = ORIENTED_EDGE('',*,*,#7243,.F.);
#7243 = EDGE_CURVE('',#7244,#7236,#7246,.T.);
#7244 = VERTEX_POINT('',#7245);
#7245 = CARTESIAN_POINT('',(185.128181,-69.009993,1.51));
#7246 = LINE('',#7247,#7248);
#7247 = CARTESIAN_POINT('',(185.128181,-69.009993,1.51));
#7248 = VECTOR('',#7249,1.);
#7249 = DIRECTION('',(-0.980123751974,0.198387073209,0.));
#7250 = ORIENTED_EDGE('',*,*,#7251,.F.);
#7251 = EDGE_CURVE('',#7252,#7244,#7254,.T.);
#7252 = VERTEX_POINT('',#7253);
#7253 = CARTESIAN_POINT('',(186.505851,-69.250079,1.51));
#7254 = LINE('',#7255,#7256);
#7255 = CARTESIAN_POINT('',(186.505851,-69.250079,1.51));
#7256 = VECTOR('',#7257,1.);
#7257 = DIRECTION('',(-0.985152400113,0.171682114827,0.));
#7258 = ORIENTED_EDGE('',*,*,#7259,.F.);
#7259 = EDGE_CURVE('',#7260,#7252,#7262,.T.);
#7260 = VERTEX_POINT('',#7261);
#7261 = CARTESIAN_POINT('',(187.939435,-69.461796,1.51));
#7262 = LINE('',#7263,#7264);
#7263 = CARTESIAN_POINT('',(187.939435,-69.461796,1.51));
#7264 = VECTOR('',#7265,1.);
#7265 = DIRECTION('',(-0.989269966072,0.146099056216,0.));
#7266 = ORIENTED_EDGE('',*,*,#7267,.F.);
#7267 = EDGE_CURVE('',#7268,#7260,#7270,.T.);
#7268 = VERTEX_POINT('',#7269);
#7269 = CARTESIAN_POINT('',(189.415284,-69.642432,1.51));
#7270 = LINE('',#7271,#7272);
#7271 = CARTESIAN_POINT('',(189.415284,-69.642432,1.51));
#7272 = VECTOR('',#7273,1.);
#7273 = DIRECTION('',(-0.992592894823,0.121488045287,0.));
#7274 = ORIENTED_EDGE('',*,*,#7275,.F.);
#7275 = EDGE_CURVE('',#7276,#7268,#7278,.T.);
#7276 = VERTEX_POINT('',#7277);
#7277 = CARTESIAN_POINT('',(190.909973,-69.789106,1.51));
#7278 = LINE('',#7279,#7280);
#7279 = CARTESIAN_POINT('',(190.909973,-69.789106,1.51));
#7280 = VECTOR('',#7281,1.);
#7281 = DIRECTION('',(-0.995219736648,9.76610249043E-02,0.));
#7282 = ORIENTED_EDGE('',*,*,#7283,.F.);
#7283 = EDGE_CURVE('',#7284,#7276,#7286,.T.);
#7284 = VERTEX_POINT('',#7285);
#7285 = CARTESIAN_POINT('',(192.381542,-69.898844,1.51));
#7286 = LINE('',#7287,#7288);
#7287 = CARTESIAN_POINT('',(192.381542,-69.898844,1.51));
#7288 = VECTOR('',#7289,1.);
#7289 = DIRECTION('',(-0.997231043761,7.436561947162E-02,0.));
#7290 = ORIENTED_EDGE('',*,*,#7291,.F.);
#7291 = EDGE_CURVE('',#7292,#7284,#7294,.T.);
#7292 = VERTEX_POINT('',#7293);
#7293 = CARTESIAN_POINT('',(193.746661,-69.968874,1.51));
#7294 = LINE('',#7295,#7296);
#7295 = CARTESIAN_POINT('',(193.746661,-69.968874,1.51));
#7296 = VECTOR('',#7297,1.);
#7297 = DIRECTION('',(-0.998686769124,5.123218887273E-02,0.));
#7298 = ORIENTED_EDGE('',*,*,#7299,.F.);
#7299 = EDGE_CURVE('',#7300,#7292,#7302,.T.);
#7300 = VERTEX_POINT('',#7301);
#7301 = CARTESIAN_POINT('',(194.796557,-69.998136,1.51));
#7302 = LINE('',#7303,#7304);
#7303 = CARTESIAN_POINT('',(194.796557,-69.998136,1.51));
#7304 = VECTOR('',#7305,1.);
#7305 = DIRECTION('',(-0.999611820568,2.786051293981E-02,0.));
#7306 = ORIENTED_EDGE('',*,*,#7307,.F.);
#7307 = EDGE_CURVE('',#7308,#7300,#7310,.T.);
#7308 = VERTEX_POINT('',#7309);
#7309 = CARTESIAN_POINT('',(195.,-70.,1.51));
#7310 = LINE('',#7311,#7312);
#7311 = CARTESIAN_POINT('',(195.,-70.,1.51));
#7312 = VECTOR('',#7313,1.);
#7313 = DIRECTION('',(-0.999958029033,9.161886946787E-03,0.));
#7314 = ORIENTED_EDGE('',*,*,#7315,.F.);
#7315 = EDGE_CURVE('',#7316,#7308,#7318,.T.);
#7316 = VERTEX_POINT('',#7317);
#7317 = CARTESIAN_POINT('',(195.203443,-69.998136,1.51));
#7318 = LINE('',#7319,#7320);
#7319 = CARTESIAN_POINT('',(195.203443,-69.998136,1.51));
#7320 = VECTOR('',#7321,1.);
#7321 = DIRECTION('',(-0.999958029033,-9.161886946787E-03,0.));
#7322 = ORIENTED_EDGE('',*,*,#7323,.F.);
#7323 = EDGE_CURVE('',#7324,#7316,#7326,.T.);
#7324 = VERTEX_POINT('',#7325);
#7325 = CARTESIAN_POINT('',(196.253339,-69.968874,1.51));
#7326 = LINE('',#7327,#7328);
#7327 = CARTESIAN_POINT('',(196.253339,-69.968874,1.51));
#7328 = VECTOR('',#7329,1.);
#7329 = DIRECTION('',(-0.999611820568,-2.786051293981E-02,0.));
#7330 = ORIENTED_EDGE('',*,*,#7331,.F.);
#7331 = EDGE_CURVE('',#7332,#7324,#7334,.T.);
#7332 = VERTEX_POINT('',#7333);
#7333 = CARTESIAN_POINT('',(197.618458,-69.898844,1.51));
#7334 = LINE('',#7335,#7336);
#7335 = CARTESIAN_POINT('',(197.618458,-69.898844,1.51));
#7336 = VECTOR('',#7337,1.);
#7337 = DIRECTION('',(-0.998686769124,-5.123218887273E-02,0.));
#7338 = ORIENTED_EDGE('',*,*,#7339,.F.);
#7339 = EDGE_CURVE('',#7340,#7332,#7342,.T.);
#7340 = VERTEX_POINT('',#7341);
#7341 = CARTESIAN_POINT('',(199.090027,-69.789106,1.51));
#7342 = LINE('',#7343,#7344);
#7343 = CARTESIAN_POINT('',(199.090027,-69.789106,1.51));
#7344 = VECTOR('',#7345,1.);
#7345 = DIRECTION('',(-0.997231043761,-7.436561947162E-02,0.));
#7346 = ORIENTED_EDGE('',*,*,#7347,.F.);
#7347 = EDGE_CURVE('',#7348,#7340,#7350,.T.);
#7348 = VERTEX_POINT('',#7349);
#7349 = CARTESIAN_POINT('',(200.584716,-69.642432,1.51));
#7350 = LINE('',#7351,#7352);
#7351 = CARTESIAN_POINT('',(200.584716,-69.642432,1.51));
#7352 = VECTOR('',#7353,1.);
#7353 = DIRECTION('',(-0.995219736648,-9.76610249043E-02,0.));
#7354 = ORIENTED_EDGE('',*,*,#7355,.F.);
#7355 = EDGE_CURVE('',#7356,#7348,#7358,.T.);
#7356 = VERTEX_POINT('',#7357);
#7357 = CARTESIAN_POINT('',(202.060565,-69.461796,1.51));
#7358 = LINE('',#7359,#7360);
#7359 = CARTESIAN_POINT('',(202.060565,-69.461796,1.51));
#7360 = VECTOR('',#7361,1.);
#7361 = DIRECTION('',(-0.992592894823,-0.121488045287,0.));
#7362 = ORIENTED_EDGE('',*,*,#7363,.F.);
#7363 = EDGE_CURVE('',#7364,#7356,#7366,.T.);
#7364 = VERTEX_POINT('',#7365);
#7365 = CARTESIAN_POINT('',(203.494149,-69.250079,1.51));
#7366 = LINE('',#7367,#7368);
#7367 = CARTESIAN_POINT('',(203.494149,-69.250079,1.51));
#7368 = VECTOR('',#7369,1.);
#7369 = DIRECTION('',(-0.989269966072,-0.146099056216,0.));
#7370 = ORIENTED_EDGE('',*,*,#7371,.F.);
#7371 = EDGE_CURVE('',#7372,#7364,#7374,.T.);
#7372 = VERTEX_POINT('',#7373);
#7373 = CARTESIAN_POINT('',(204.871819,-69.009993,1.51));
#7374 = LINE('',#7375,#7376);
#7375 = CARTESIAN_POINT('',(204.871819,-69.009993,1.51));
#7376 = VECTOR('',#7377,1.);
#7377 = DIRECTION('',(-0.985152400113,-0.171682114827,0.));
#7378 = ORIENTED_EDGE('',*,*,#7379,.F.);
#7379 = EDGE_CURVE('',#7380,#7372,#7382,.T.);
#7380 = VERTEX_POINT('',#7381);
#7381 = CARTESIAN_POINT('',(206.185636,-68.744063,1.51));
#7382 = LINE('',#7383,#7384);
#7383 = CARTESIAN_POINT('',(206.185636,-68.744063,1.51));
#7384 = VECTOR('',#7385,1.);
#7385 = DIRECTION('',(-0.980123751974,-0.198387073209,0.));
#7386 = ORIENTED_EDGE('',*,*,#7387,.F.);
#7387 = EDGE_CURVE('',#7388,#7380,#7390,.T.);
#7388 = VERTEX_POINT('',#7389);
#7389 = CARTESIAN_POINT('',(207.431223,-68.454631,1.51));
#7390 = LINE('',#7391,#7392);
#7391 = CARTESIAN_POINT('',(207.431223,-68.454631,1.51));
#7392 = VECTOR('',#7393,1.);
#7393 = DIRECTION('',(-0.974049313619,-0.226335888974,0.));
#7394 = ORIENTED_EDGE('',*,*,#7395,.F.);
#7395 = EDGE_CURVE('',#7396,#7388,#7398,.T.);
#7396 = VERTEX_POINT('',#7397);
#7397 = CARTESIAN_POINT('',(208.606536,-68.143858,1.51));
#7398 = LINE('',#7399,#7400);
#7399 = CARTESIAN_POINT('',(208.606536,-68.143858,1.51));
#7400 = VECTOR('',#7401,1.);
#7401 = DIRECTION('',(-0.966774226508,-0.255631756557,0.));
#7402 = ORIENTED_EDGE('',*,*,#7403,.F.);
#7403 = EDGE_CURVE('',#7404,#7396,#7406,.T.);
#7404 = VERTEX_POINT('',#7405);
#7405 = CARTESIAN_POINT('',(209.711101,-67.813727,1.51));
#7406 = LINE('',#7407,#7408);
#7407 = CARTESIAN_POINT('',(209.711101,-67.813727,1.51));
#7408 = VECTOR('',#7409,1.);
#7409 = DIRECTION('',(-0.958121456847,-0.286362137738,0.));
#7410 = ORIENTED_EDGE('',*,*,#7411,.F.);
#7411 = EDGE_CURVE('',#7412,#7404,#7414,.T.);
#7412 = VERTEX_POINT('',#7413);
#7413 = CARTESIAN_POINT('',(210.745526,-67.466052,1.51));
#7414 = LINE('',#7415,#7416);
#7415 = CARTESIAN_POINT('',(210.745526,-67.466052,1.51));
#7416 = VECTOR('',#7417,1.);
#7417 = DIRECTION('',(-0.947892293753,-0.318590959451,0.));
#7418 = ORIENTED_EDGE('',*,*,#7419,.F.);
#7419 = EDGE_CURVE('',#7420,#7412,#7422,.T.);
#7420 = VERTEX_POINT('',#7421);
#7421 = CARTESIAN_POINT('',(211.711167,-67.102479,1.51));
#7422 = LINE('',#7423,#7424);
#7423 = CARTESIAN_POINT('',(211.711167,-67.102479,1.51));
#7424 = VECTOR('',#7425,1.);
#7425 = DIRECTION('',(-0.935863916771,-0.352361645593,0.));
#7426 = ORIENTED_EDGE('',*,*,#7427,.F.);
#7427 = EDGE_CURVE('',#7428,#7420,#7430,.T.);
#7428 = VERTEX_POINT('',#7429);
#7429 = CARTESIAN_POINT('',(212.609901,-66.724488,1.51));
#7430 = LINE('',#7431,#7432);
#7431 = CARTESIAN_POINT('',(212.609901,-66.724488,1.51));
#7432 = VECTOR('',#7433,1.);
#7433 = DIRECTION('',(-0.921790583031,-0.387688175,0.));
#7434 = ORIENTED_EDGE('',*,*,#7435,.F.);
#7435 = EDGE_CURVE('',#7436,#7428,#7438,.T.);
#7436 = VERTEX_POINT('',#7437);
#7437 = CARTESIAN_POINT('',(213.443954,-66.333392,1.51));
#7438 = LINE('',#7439,#7440);
#7439 = CARTESIAN_POINT('',(213.443954,-66.333392,1.51));
#7440 = VECTOR('',#7441,1.);
#7441 = DIRECTION('',(-0.905403168958,-0.4245528255,0.));
#7442 = ORIENTED_EDGE('',*,*,#7443,.F.);
#7443 = EDGE_CURVE('',#7444,#7436,#7446,.T.);
#7444 = VERTEX_POINT('',#7445);
#7445 = CARTESIAN_POINT('',(214.215779,-65.930337,1.51));
#7446 = LINE('',#7447,#7448);
#7447 = CARTESIAN_POINT('',(214.215779,-65.930337,1.51));
#7448 = VECTOR('',#7449,1.);
#7449 = DIRECTION('',(-0.88641348842,-0.46289429414,0.));
#7450 = ORIENTED_EDGE('',*,*,#7451,.F.);
#7451 = EDGE_CURVE('',#7452,#7444,#7454,.T.);
#7452 = VERTEX_POINT('',#7453);
#7453 = CARTESIAN_POINT('',(214.927963,-65.516299,1.51));
#7454 = LINE('',#7455,#7456);
#7455 = CARTESIAN_POINT('',(214.927963,-65.516299,1.51));
#7456 = VECTOR('',#7457,1.);
#7457 = DIRECTION('',(-0.864519035937,-0.502600076106,0.));
#7458 = ORIENTED_EDGE('',*,*,#7459,.F.);
#7459 = EDGE_CURVE('',#7460,#7452,#7462,.T.);
#7460 = VERTEX_POINT('',#7461);
#7461 = CARTESIAN_POINT('',(215.583146,-65.092083,1.51));
#7462 = LINE('',#7463,#7464);
#7463 = CARTESIAN_POINT('',(215.583146,-65.092083,1.51));
#7464 = VECTOR('',#7465,1.);
#7465 = DIRECTION('',(-0.839409975797,-0.543498751178,0.));
#7466 = ORIENTED_EDGE('',*,*,#7467,.F.);
#7467 = EDGE_CURVE('',#7468,#7460,#7470,.T.);
#7468 = VERTEX_POINT('',#7469);
#7469 = CARTESIAN_POINT('',(216.183966,-64.658315,1.51));
#7470 = LINE('',#7471,#7472);
#7471 = CARTESIAN_POINT('',(216.183966,-64.658315,1.51));
#7472 = VECTOR('',#7473,1.);
#7473 = DIRECTION('',(-0.810780132671,-0.585350814867,0.));
#7474 = ORIENTED_EDGE('',*,*,#7475,.F.);
#7475 = EDGE_CURVE('',#7476,#7468,#7478,.T.);
#7476 = VERTEX_POINT('',#7477);
#7477 = CARTESIAN_POINT('',(216.733004,-64.215443,1.51));
#7478 = LINE('',#7479,#7480);
#7479 = CARTESIAN_POINT('',(216.733004,-64.215443,1.51));
#7480 = VECTOR('',#7481,1.);
#7481 = DIRECTION('',(-0.778344163419,-0.627837847912,0.));
#7482 = ORIENTED_EDGE('',*,*,#7483,.F.);
#7483 = EDGE_CURVE('',#7484,#7476,#7486,.T.);
#7484 = VERTEX_POINT('',#7485);
#7485 = CARTESIAN_POINT('',(217.232741,-63.763728,1.51));
#7486 = LINE('',#7487,#7488);
#7487 = CARTESIAN_POINT('',(217.232741,-63.763728,1.51));
#7488 = VECTOR('',#7489,1.);
#7489 = DIRECTION('',(-0.741851792052,-0.670563881095,0.));
#7490 = ORIENTED_EDGE('',*,*,#7491,.F.);
#7491 = EDGE_CURVE('',#7492,#7484,#7494,.T.);
#7492 = VERTEX_POINT('',#7493);
#7493 = CARTESIAN_POINT('',(217.685518,-63.303246,1.51));
#7494 = LINE('',#7495,#7496);
#7495 = CARTESIAN_POINT('',(217.685518,-63.303246,1.51));
#7496 = VECTOR('',#7497,1.);
#7497 = DIRECTION('',(-0.701116097701,-0.71304713557,0.));
#7498 = ORIENTED_EDGE('',*,*,#7499,.F.);
#7499 = EDGE_CURVE('',#7500,#7492,#7502,.T.);
#7500 = VERTEX_POINT('',#7501);
#7501 = CARTESIAN_POINT('',(218.093496,-62.833883,1.51));
#7502 = LINE('',#7503,#7504);
#7503 = CARTESIAN_POINT('',(218.093496,-62.833883,1.51));
#7504 = VECTOR('',#7505,1.);
#7505 = DIRECTION('',(-0.656028775412,-0.754735878193,0.));
#7506 = ORIENTED_EDGE('',*,*,#7507,.F.);
#7507 = EDGE_CURVE('',#7508,#7500,#7510,.T.);
#7508 = VERTEX_POINT('',#7509);
#7509 = CARTESIAN_POINT('',(218.458629,-62.355337,1.51));
#7510 = LINE('',#7511,#7512);
#7511 = CARTESIAN_POINT('',(218.458629,-62.355337,1.51));
#7512 = VECTOR('',#7513,1.);
#7513 = DIRECTION('',(-0.60659651125,-0.795009856882,0.));
#7514 = ORIENTED_EDGE('',*,*,#7515,.F.);
#7515 = EDGE_CURVE('',#7516,#7508,#7518,.T.);
#7516 = VERTEX_POINT('',#7517);
#7517 = CARTESIAN_POINT('',(218.782627,-61.867117,1.51));
#7518 = LINE('',#7519,#7520);
#7519 = CARTESIAN_POINT('',(218.782627,-61.867117,1.51));
#7520 = VECTOR('',#7521,1.);
#7521 = DIRECTION('',(-0.552947955248,-0.83321579365,0.));
#7522 = ORIENTED_EDGE('',*,*,#7523,.F.);
#7523 = EDGE_CURVE('',#7524,#7516,#7526,.T.);
#7524 = VERTEX_POINT('',#7525);
#7525 = CARTESIAN_POINT('',(219.066931,-61.368555,1.51));
#7526 = LINE('',#7527,#7528);
#7527 = CARTESIAN_POINT('',(219.066931,-61.368555,1.51));
#7528 = VECTOR('',#7529,1.);
#7529 = DIRECTION('',(-0.495365660993,-0.868684558346,0.));
#7530 = ORIENTED_EDGE('',*,*,#7531,.F.);
#7531 = EDGE_CURVE('',#7532,#7524,#7534,.T.);
#7532 = VERTEX_POINT('',#7533);
#7533 = CARTESIAN_POINT('',(219.312685,-60.858807,1.51));
#7534 = LINE('',#7535,#7536);
#7535 = CARTESIAN_POINT('',(219.312685,-60.858807,1.51));
#7536 = VECTOR('',#7537,1.);
#7537 = DIRECTION('',(-0.434274298736,-0.900780679998,0.));
#7538 = ORIENTED_EDGE('',*,*,#7539,.F.);
#7539 = EDGE_CURVE('',#7540,#7532,#7542,.T.);
#7540 = VERTEX_POINT('',#7541);
#7541 = CARTESIAN_POINT('',(219.520717,-60.336871,1.51));
#7542 = LINE('',#7543,#7544);
#7543 = CARTESIAN_POINT('',(219.520717,-60.336871,1.51));
#7544 = VECTOR('',#7545,1.);
#7545 = DIRECTION('',(-0.370251337229,-0.928931616041,0.));
#7546 = ORIENTED_EDGE('',*,*,#7547,.F.);
#7547 = EDGE_CURVE('',#7548,#7540,#7550,.T.);
#7548 = VERTEX_POINT('',#7549);
#7549 = CARTESIAN_POINT('',(219.691519,-59.801598,1.51));
#7550 = LINE('',#7551,#7552);
#7551 = CARTESIAN_POINT('',(219.691519,-59.801598,1.51));
#7552 = VECTOR('',#7553,1.);
#7553 = DIRECTION('',(-0.303992024695,-0.952674576612,0.));
#7554 = ORIENTED_EDGE('',*,*,#7555,.F.);
#7555 = EDGE_CURVE('',#7556,#7548,#7558,.T.);
#7556 = VERTEX_POINT('',#7557);
#7557 = CARTESIAN_POINT('',(219.825235,-59.251707,1.51));
#7558 = LINE('',#7559,#7560);
#7559 = CARTESIAN_POINT('',(219.825235,-59.251707,1.51));
#7560 = VECTOR('',#7561,1.);
#7561 = DIRECTION('',(-0.236282725794,-0.971684348691,0.));
#7562 = ORIENTED_EDGE('',*,*,#7563,.F.);
#7563 = EDGE_CURVE('',#7564,#7556,#7566,.T.);
#7564 = VERTEX_POINT('',#7565);
#7565 = CARTESIAN_POINT('',(219.878079,-58.971179,1.51));
#7566 = LINE('',#7567,#7568);
#7567 = CARTESIAN_POINT('',(219.878079,-58.971179,1.51));
#7568 = VECTOR('',#7569,1.);
#7569 = DIRECTION('',(-0.185117579484,-0.982716379107,0.));
#7570 = ORIENTED_EDGE('',*,*,#7571,.F.);
#7571 = EDGE_CURVE('',#7572,#7564,#7574,.T.);
#7572 = VERTEX_POINT('',#7573);
#7573 = CARTESIAN_POINT('',(219.921657,-58.685811,1.51));
#7574 = LINE('',#7575,#7576);
#7575 = CARTESIAN_POINT('',(219.921657,-58.685811,1.51));
#7576 = VECTOR('',#7577,1.);
#7577 = DIRECTION('',(-0.150958072955,-0.98854016621,0.));
#7578 = ORIENTED_EDGE('',*,*,#7579,.F.);
#7579 = EDGE_CURVE('',#7580,#7572,#7582,.T.);
#7580 = VERTEX_POINT('',#7581);
#7581 = CARTESIAN_POINT('',(219.955703,-58.396563,1.51));
#7582 = LINE('',#7583,#7584);
#7583 = CARTESIAN_POINT('',(219.955703,-58.396563,1.51));
#7584 = VECTOR('',#7585,1.);
#7585 = DIRECTION('',(-0.116898223007,-0.993143899673,0.));
#7586 = ORIENTED_EDGE('',*,*,#7587,.F.);
#7587 = EDGE_CURVE('',#7588,#7580,#7590,.T.);
#7588 = VERTEX_POINT('',#7589);
#7589 = CARTESIAN_POINT('',(219.980218,-58.102427,1.51));
#7590 = LINE('',#7591,#7592);
#7591 = CARTESIAN_POINT('',(219.980218,-58.102427,1.51));
#7592 = VECTOR('',#7593,1.);
#7593 = DIRECTION('',(-8.30578169886E-02,-0.996544730073,0.));
#7594 = ORIENTED_EDGE('',*,*,#7595,.F.);
#7595 = EDGE_CURVE('',#7596,#7588,#7598,.T.);
#7596 = VERTEX_POINT('',#7597);
#7597 = CARTESIAN_POINT('',(219.995027,-57.803693,1.51));
#7598 = LINE('',#7599,#7600);
#7599 = CARTESIAN_POINT('',(219.995027,-57.803693,1.51));
#7600 = VECTOR('',#7601,1.);
#7601 = DIRECTION('',(-4.951173078993E-02,-0.998773542158,0.));
#7602 = ORIENTED_EDGE('',*,*,#7603,.F.);
#7603 = EDGE_CURVE('',#7604,#7596,#7606,.T.);
#7604 = VERTEX_POINT('',#7605);
#7605 = CARTESIAN_POINT('',(220.,-57.5,1.51));
#7606 = LINE('',#7607,#7608);
#7607 = CARTESIAN_POINT('',(220.,-57.5,1.51));
#7608 = VECTOR('',#7609,1.);
#7609 = DIRECTION('',(-1.637289432132E-02,-0.999865955182,0.));
#7610 = ORIENTED_EDGE('',*,*,#7611,.F.);
#7611 = EDGE_CURVE('',#7612,#7604,#7614,.T.);
#7612 = VERTEX_POINT('',#7613);
#7613 = CARTESIAN_POINT('',(219.995027,-57.196307,1.51));
#7614 = LINE('',#7615,#7616);
#7615 = CARTESIAN_POINT('',(219.995027,-57.196307,1.51));
#7616 = VECTOR('',#7617,1.);
#7617 = DIRECTION('',(1.637289432132E-02,-0.999865955182,0.));
#7618 = ORIENTED_EDGE('',*,*,#7619,.F.);
#7619 = EDGE_CURVE('',#7620,#7612,#7622,.T.);
#7620 = VERTEX_POINT('',#7621);
#7621 = CARTESIAN_POINT('',(219.980218,-56.897573,1.51));
#7622 = LINE('',#7623,#7624);
#7623 = CARTESIAN_POINT('',(219.980218,-56.897573,1.51));
#7624 = VECTOR('',#7625,1.);
#7625 = DIRECTION('',(4.951173078993E-02,-0.998773542158,0.));
#7626 = ORIENTED_EDGE('',*,*,#7627,.F.);
#7627 = EDGE_CURVE('',#7628,#7620,#7630,.T.);
#7628 = VERTEX_POINT('',#7629);
#7629 = CARTESIAN_POINT('',(219.955703,-56.603437,1.51));
#7630 = LINE('',#7631,#7632);
#7631 = CARTESIAN_POINT('',(219.955703,-56.603437,1.51));
#7632 = VECTOR('',#7633,1.);
#7633 = DIRECTION('',(8.30578169886E-02,-0.996544730073,0.));
#7634 = ORIENTED_EDGE('',*,*,#7635,.F.);
#7635 = EDGE_CURVE('',#7636,#7628,#7638,.T.);
#7636 = VERTEX_POINT('',#7637);
#7637 = CARTESIAN_POINT('',(219.921657,-56.314189,1.51));
#7638 = LINE('',#7639,#7640);
#7639 = CARTESIAN_POINT('',(219.921657,-56.314189,1.51));
#7640 = VECTOR('',#7641,1.);
#7641 = DIRECTION('',(0.116898223007,-0.993143899673,0.));
#7642 = ORIENTED_EDGE('',*,*,#7643,.F.);
#7643 = EDGE_CURVE('',#7644,#7636,#7646,.T.);
#7644 = VERTEX_POINT('',#7645);
#7645 = CARTESIAN_POINT('',(219.878079,-56.028821,1.51));
#7646 = LINE('',#7647,#7648);
#7647 = CARTESIAN_POINT('',(219.878079,-56.028821,1.51));
#7648 = VECTOR('',#7649,1.);
#7649 = DIRECTION('',(0.150958072955,-0.98854016621,0.));
#7650 = ORIENTED_EDGE('',*,*,#7651,.F.);
#7651 = EDGE_CURVE('',#7652,#7644,#7654,.T.);
#7652 = VERTEX_POINT('',#7653);
#7653 = CARTESIAN_POINT('',(219.825235,-55.748293,1.51));
#7654 = LINE('',#7655,#7656);
#7655 = CARTESIAN_POINT('',(219.825235,-55.748293,1.51));
#7656 = VECTOR('',#7657,1.);
#7657 = DIRECTION('',(0.185117579484,-0.982716379107,0.));
#7658 = ORIENTED_EDGE('',*,*,#7659,.F.);
#7659 = EDGE_CURVE('',#7660,#7652,#7662,.T.);
#7660 = VERTEX_POINT('',#7661);
#7661 = CARTESIAN_POINT('',(219.691519,-55.198402,1.51));
#7662 = LINE('',#7663,#7664);
#7663 = CARTESIAN_POINT('',(219.691519,-55.198402,1.51));
#7664 = VECTOR('',#7665,1.);
#7665 = DIRECTION('',(0.236282725794,-0.971684348691,0.));
#7666 = ORIENTED_EDGE('',*,*,#7667,.F.);
#7667 = EDGE_CURVE('',#7668,#7660,#7670,.T.);
#7668 = VERTEX_POINT('',#7669);
#7669 = CARTESIAN_POINT('',(219.520717,-54.663129,1.51));
#7670 = LINE('',#7671,#7672);
#7671 = CARTESIAN_POINT('',(219.520717,-54.663129,1.51));
#7672 = VECTOR('',#7673,1.);
#7673 = DIRECTION('',(0.303992024695,-0.952674576612,0.));
#7674 = ORIENTED_EDGE('',*,*,#7675,.F.);
#7675 = EDGE_CURVE('',#7676,#7668,#7678,.T.);
#7676 = VERTEX_POINT('',#7677);
#7677 = CARTESIAN_POINT('',(219.312685,-54.141193,1.51));
#7678 = LINE('',#7679,#7680);
#7679 = CARTESIAN_POINT('',(219.312685,-54.141193,1.51));
#7680 = VECTOR('',#7681,1.);
#7681 = DIRECTION('',(0.370251337229,-0.928931616041,0.));
#7682 = ORIENTED_EDGE('',*,*,#7683,.F.);
#7683 = EDGE_CURVE('',#7684,#7676,#7686,.T.);
#7684 = VERTEX_POINT('',#7685);
#7685 = CARTESIAN_POINT('',(219.066931,-53.631445,1.51));
#7686 = LINE('',#7687,#7688);
#7687 = CARTESIAN_POINT('',(219.066931,-53.631445,1.51));
#7688 = VECTOR('',#7689,1.);
#7689 = DIRECTION('',(0.434274298736,-0.900780679998,0.));
#7690 = ORIENTED_EDGE('',*,*,#7691,.F.);
#7691 = EDGE_CURVE('',#7692,#7684,#7694,.T.);
#7692 = VERTEX_POINT('',#7693);
#7693 = CARTESIAN_POINT('',(218.782627,-53.132883,1.51));
#7694 = LINE('',#7695,#7696);
#7695 = CARTESIAN_POINT('',(218.782627,-53.132883,1.51));
#7696 = VECTOR('',#7697,1.);
#7697 = DIRECTION('',(0.495365660993,-0.868684558346,0.));
#7698 = ORIENTED_EDGE('',*,*,#7699,.F.);
#7699 = EDGE_CURVE('',#7700,#7692,#7702,.T.);
#7700 = VERTEX_POINT('',#7701);
#7701 = CARTESIAN_POINT('',(218.458629,-52.644663,1.51));
#7702 = LINE('',#7703,#7704);
#7703 = CARTESIAN_POINT('',(218.458629,-52.644663,1.51));
#7704 = VECTOR('',#7705,1.);
#7705 = DIRECTION('',(0.552947955248,-0.83321579365,0.));
#7706 = ORIENTED_EDGE('',*,*,#7707,.F.);
#7707 = EDGE_CURVE('',#7708,#7700,#7710,.T.);
#7708 = VERTEX_POINT('',#7709);
#7709 = CARTESIAN_POINT('',(218.093496,-52.166117,1.51));
#7710 = LINE('',#7711,#7712);
#7711 = CARTESIAN_POINT('',(218.093496,-52.166117,1.51));
#7712 = VECTOR('',#7713,1.);
#7713 = DIRECTION('',(0.60659651125,-0.795009856882,0.));
#7714 = ORIENTED_EDGE('',*,*,#7715,.F.);
#7715 = EDGE_CURVE('',#7716,#7708,#7718,.T.);
#7716 = VERTEX_POINT('',#7717);
#7717 = CARTESIAN_POINT('',(217.685518,-51.696754,1.51));
#7718 = LINE('',#7719,#7720);
#7719 = CARTESIAN_POINT('',(217.685518,-51.696754,1.51));
#7720 = VECTOR('',#7721,1.);
#7721 = DIRECTION('',(0.656028775412,-0.754735878193,0.));
#7722 = ORIENTED_EDGE('',*,*,#7723,.F.);
#7723 = EDGE_CURVE('',#7724,#7716,#7726,.T.);
#7724 = VERTEX_POINT('',#7725);
#7725 = CARTESIAN_POINT('',(217.232741,-51.236272,1.51));
#7726 = LINE('',#7727,#7728);
#7727 = CARTESIAN_POINT('',(217.232741,-51.236272,1.51));
#7728 = VECTOR('',#7729,1.);
#7729 = DIRECTION('',(0.701116097701,-0.71304713557,0.));
#7730 = ORIENTED_EDGE('',*,*,#7731,.F.);
#7731 = EDGE_CURVE('',#7732,#7724,#7734,.T.);
#7732 = VERTEX_POINT('',#7733);
#7733 = CARTESIAN_POINT('',(216.733004,-50.784557,1.51));
#7734 = LINE('',#7735,#7736);
#7735 = CARTESIAN_POINT('',(216.733004,-50.784557,1.51));
#7736 = VECTOR('',#7737,1.);
#7737 = DIRECTION('',(0.741851792052,-0.670563881095,0.));
#7738 = ORIENTED_EDGE('',*,*,#7739,.F.);
#7739 = EDGE_CURVE('',#7740,#7732,#7742,.T.);
#7740 = VERTEX_POINT('',#7741);
#7741 = CARTESIAN_POINT('',(216.183966,-50.341685,1.51));
#7742 = LINE('',#7743,#7744);
#7743 = CARTESIAN_POINT('',(216.183966,-50.341685,1.51));
#7744 = VECTOR('',#7745,1.);
#7745 = DIRECTION('',(0.778344163419,-0.627837847912,0.));
#7746 = ORIENTED_EDGE('',*,*,#7747,.F.);
#7747 = EDGE_CURVE('',#7748,#7740,#7750,.T.);
#7748 = VERTEX_POINT('',#7749);
#7749 = CARTESIAN_POINT('',(215.583146,-49.907917,1.51));
#7750 = LINE('',#7751,#7752);
#7751 = CARTESIAN_POINT('',(215.583146,-49.907917,1.51));
#7752 = VECTOR('',#7753,1.);
#7753 = DIRECTION('',(0.810780132671,-0.585350814867,0.));
#7754 = ORIENTED_EDGE('',*,*,#7755,.F.);
#7755 = EDGE_CURVE('',#7756,#7748,#7758,.T.);
#7756 = VERTEX_POINT('',#7757);
#7757 = CARTESIAN_POINT('',(214.927963,-49.483701,1.51));
#7758 = LINE('',#7759,#7760);
#7759 = CARTESIAN_POINT('',(214.927963,-49.483701,1.51));
#7760 = VECTOR('',#7761,1.);
#7761 = DIRECTION('',(0.839409975797,-0.543498751178,0.));
#7762 = ORIENTED_EDGE('',*,*,#7763,.F.);
#7763 = EDGE_CURVE('',#7764,#7756,#7766,.T.);
#7764 = VERTEX_POINT('',#7765);
#7765 = CARTESIAN_POINT('',(214.215779,-49.069663,1.51));
#7766 = LINE('',#7767,#7768);
#7767 = CARTESIAN_POINT('',(214.215779,-49.069663,1.51));
#7768 = VECTOR('',#7769,1.);
#7769 = DIRECTION('',(0.864519035937,-0.502600076106,0.));
#7770 = ORIENTED_EDGE('',*,*,#7771,.F.);
#7771 = EDGE_CURVE('',#7772,#7764,#7774,.T.);
#7772 = VERTEX_POINT('',#7773);
#7773 = CARTESIAN_POINT('',(213.443954,-48.666608,1.51));
#7774 = LINE('',#7775,#7776);
#7775 = CARTESIAN_POINT('',(213.443954,-48.666608,1.51));
#7776 = VECTOR('',#7777,1.);
#7777 = DIRECTION('',(0.88641348842,-0.46289429414,0.));
#7778 = ORIENTED_EDGE('',*,*,#7779,.F.);
#7779 = EDGE_CURVE('',#7780,#7772,#7782,.T.);
#7780 = VERTEX_POINT('',#7781);
#7781 = CARTESIAN_POINT('',(212.609901,-48.275512,1.51));
#7782 = LINE('',#7783,#7784);
#7783 = CARTESIAN_POINT('',(212.609901,-48.275512,1.51));
#7784 = VECTOR('',#7785,1.);
#7785 = DIRECTION('',(0.905403168958,-0.4245528255,0.));
#7786 = ORIENTED_EDGE('',*,*,#7787,.F.);
#7787 = EDGE_CURVE('',#7788,#7780,#7790,.T.);
#7788 = VERTEX_POINT('',#7789);
#7789 = CARTESIAN_POINT('',(211.711167,-47.897521,1.51));
#7790 = LINE('',#7791,#7792);
#7791 = CARTESIAN_POINT('',(211.711167,-47.897521,1.51));
#7792 = VECTOR('',#7793,1.);
#7793 = DIRECTION('',(0.921790583031,-0.387688175,0.));
#7794 = ORIENTED_EDGE('',*,*,#7795,.F.);
#7795 = EDGE_CURVE('',#7796,#7788,#7798,.T.);
#7796 = VERTEX_POINT('',#7797);
#7797 = CARTESIAN_POINT('',(210.745526,-47.533948,1.51));
#7798 = LINE('',#7799,#7800);
#7799 = CARTESIAN_POINT('',(210.745526,-47.533948,1.51));
#7800 = VECTOR('',#7801,1.);
#7801 = DIRECTION('',(0.935863916771,-0.352361645593,0.));
#7802 = ORIENTED_EDGE('',*,*,#7803,.F.);
#7803 = EDGE_CURVE('',#7804,#7796,#7806,.T.);
#7804 = VERTEX_POINT('',#7805);
#7805 = CARTESIAN_POINT('',(209.711101,-47.186273,1.51));
#7806 = LINE('',#7807,#7808);
#7807 = CARTESIAN_POINT('',(209.711101,-47.186273,1.51));
#7808 = VECTOR('',#7809,1.);
#7809 = DIRECTION('',(0.947892293753,-0.318590959451,0.));
#7810 = ORIENTED_EDGE('',*,*,#7811,.F.);
#7811 = EDGE_CURVE('',#7812,#7804,#7814,.T.);
#7812 = VERTEX_POINT('',#7813);
#7813 = CARTESIAN_POINT('',(208.606536,-46.856142,1.51));
#7814 = LINE('',#7815,#7816);
#7815 = CARTESIAN_POINT('',(208.606536,-46.856142,1.51));
#7816 = VECTOR('',#7817,1.);
#7817 = DIRECTION('',(0.958121456847,-0.286362137738,0.));
#7818 = ORIENTED_EDGE('',*,*,#7819,.F.);
#7819 = EDGE_CURVE('',#7820,#7812,#7822,.T.);
#7820 = VERTEX_POINT('',#7821);
#7821 = CARTESIAN_POINT('',(207.431223,-46.545369,1.51));
#7822 = LINE('',#7823,#7824);
#7823 = CARTESIAN_POINT('',(207.431223,-46.545369,1.51));
#7824 = VECTOR('',#7825,1.);
#7825 = DIRECTION('',(0.966774226508,-0.255631756557,0.));
#7826 = ORIENTED_EDGE('',*,*,#7827,.F.);
#7827 = EDGE_CURVE('',#7828,#7820,#7830,.T.);
#7828 = VERTEX_POINT('',#7829);
#7829 = CARTESIAN_POINT('',(206.185636,-46.255937,1.51));
#7830 = LINE('',#7831,#7832);
#7831 = CARTESIAN_POINT('',(206.185636,-46.255937,1.51));
#7832 = VECTOR('',#7833,1.);
#7833 = DIRECTION('',(0.974049313619,-0.226335888974,0.));
#7834 = ORIENTED_EDGE('',*,*,#7835,.F.);
#7835 = EDGE_CURVE('',#7836,#7828,#7838,.T.);
#7836 = VERTEX_POINT('',#7837);
#7837 = CARTESIAN_POINT('',(204.871819,-45.990007,1.51));
#7838 = LINE('',#7839,#7840);
#7839 = CARTESIAN_POINT('',(204.871819,-45.990007,1.51));
#7840 = VECTOR('',#7841,1.);
#7841 = DIRECTION('',(0.980123751974,-0.198387073209,0.));
#7842 = ORIENTED_EDGE('',*,*,#7843,.F.);
#7843 = EDGE_CURVE('',#7844,#7836,#7846,.T.);
#7844 = VERTEX_POINT('',#7845);
#7845 = CARTESIAN_POINT('',(203.494149,-45.749921,1.51));
#7846 = LINE('',#7847,#7848);
#7847 = CARTESIAN_POINT('',(203.494149,-45.749921,1.51));
#7848 = VECTOR('',#7849,1.);
#7849 = DIRECTION('',(0.985152400113,-0.171682114827,0.));
#7850 = ORIENTED_EDGE('',*,*,#7851,.F.);
#7851 = EDGE_CURVE('',#7852,#7844,#7854,.T.);
#7852 = VERTEX_POINT('',#7853);
#7853 = CARTESIAN_POINT('',(202.060565,-45.538204,1.51));
#7854 = LINE('',#7855,#7856);
#7855 = CARTESIAN_POINT('',(202.060565,-45.538204,1.51));
#7856 = VECTOR('',#7857,1.);
#7857 = DIRECTION('',(0.989269966072,-0.146099056216,0.));
#7858 = ORIENTED_EDGE('',*,*,#7859,.F.);
#7859 = EDGE_CURVE('',#7860,#7852,#7862,.T.);
#7860 = VERTEX_POINT('',#7861);
#7861 = CARTESIAN_POINT('',(200.584716,-45.357568,1.51));
#7862 = LINE('',#7863,#7864);
#7863 = CARTESIAN_POINT('',(200.584716,-45.357568,1.51));
#7864 = VECTOR('',#7865,1.);
#7865 = DIRECTION('',(0.992592894823,-0.121488045287,0.));
#7866 = ORIENTED_EDGE('',*,*,#7867,.F.);
#7867 = EDGE_CURVE('',#7868,#7860,#7870,.T.);
#7868 = VERTEX_POINT('',#7869);
#7869 = CARTESIAN_POINT('',(199.090027,-45.210894,1.51));
#7870 = LINE('',#7871,#7872);
#7871 = CARTESIAN_POINT('',(199.090027,-45.210894,1.51));
#7872 = VECTOR('',#7873,1.);
#7873 = DIRECTION('',(0.995219736648,-9.766102490429E-02,0.));
#7874 = ORIENTED_EDGE('',*,*,#7875,.F.);
#7875 = EDGE_CURVE('',#5501,#7868,#7876,.T.);
#7876 = LINE('',#7877,#7878);
#7877 = CARTESIAN_POINT('',(197.618458,-45.101156,1.51));
#7878 = VECTOR('',#7879,1.);
#7879 = DIRECTION('',(0.997231043761,-7.436561947163E-02,0.));
#7880 = ORIENTED_EDGE('',*,*,#5500,.F.);
#7881 = FACE_BOUND('',#7882,.T.);
#7882 = EDGE_LOOP('',(#7883));
#7883 = ORIENTED_EDGE('',*,*,#7884,.T.);
#7884 = EDGE_CURVE('',#7885,#7885,#7887,.T.);
#7885 = VERTEX_POINT('',#7886);
#7886 = CARTESIAN_POINT('',(173.5,-59.1,1.51));
#7887 = CIRCLE('',#7888,1.6);
#7888 = AXIS2_PLACEMENT_3D('',#7889,#7890,#7891);
#7889 = CARTESIAN_POINT('',(173.5,-57.5,1.51));
#7890 = DIRECTION('',(-0.,0.,-1.));
#7891 = DIRECTION('',(-0.,-1.,0.));
#7892 = FACE_BOUND('',#7893,.T.);
#7893 = EDGE_LOOP('',(#7894));
#7894 = ORIENTED_EDGE('',*,*,#7895,.T.);
#7895 = EDGE_CURVE('',#7896,#7896,#7898,.T.);
#7896 = VERTEX_POINT('',#7897);
#7897 = CARTESIAN_POINT('',(216.5,-59.1,1.51));
#7898 = CIRCLE('',#7899,1.6);
#7899 = AXIS2_PLACEMENT_3D('',#7900,#7901,#7902);
#7900 = CARTESIAN_POINT('',(216.5,-57.5,1.51));
#7901 = DIRECTION('',(-0.,0.,-1.));
#7902 = DIRECTION('',(-0.,-1.,0.));
#7903 = PLANE('',#7904);
#7904 = AXIS2_PLACEMENT_3D('',#7905,#7906,#7907);
#7905 = CARTESIAN_POINT('',(0.,0.,1.51));
#7906 = DIRECTION('',(0.,0.,1.));
#7907 = DIRECTION('',(1.,0.,-0.));
#7908 = ADVANCED_FACE('',(#7909),#7920,.T.);
#7909 = FACE_BOUND('',#7910,.T.);
#7910 = EDGE_LOOP('',(#7911,#7917,#7918,#7919));
#7911 = ORIENTED_EDGE('',*,*,#7912,.T.);
#7912 = EDGE_CURVE('',#5533,#6724,#7913,.T.);
#7913 = LINE('',#7914,#7915);
#7914 = CARTESIAN_POINT('',(194.796557,-45.001864,0.));
#7915 = VECTOR('',#7916,1.);
#7916 = DIRECTION('',(0.,0.,1.));
#7917 = ORIENTED_EDGE('',*,*,#6723,.T.);
#7918 = ORIENTED_EDGE('',*,*,#5468,.F.);
#7919 = ORIENTED_EDGE('',*,*,#5532,.F.);
#7920 = PLANE('',#7921);
#7921 = AXIS2_PLACEMENT_3D('',#7922,#7923,#7924);
#7922 = CARTESIAN_POINT('',(194.796557,-45.001864,0.));
#7923 = DIRECTION('',(-9.161886946787E-03,0.999958029033,0.));
#7924 = DIRECTION('',(0.999958029033,9.161886946787E-03,0.));
#7925 = ADVANCED_FACE('',(#7926),#7937,.T.);
#7926 = FACE_BOUND('',#7927,.T.);
#7927 = EDGE_LOOP('',(#7928,#7929,#7930,#7936));
#7928 = ORIENTED_EDGE('',*,*,#5508,.T.);
#7929 = ORIENTED_EDGE('',*,*,#7875,.T.);
#7930 = ORIENTED_EDGE('',*,*,#7931,.F.);
#7931 = EDGE_CURVE('',#6677,#7868,#7932,.T.);
#7932 = LINE('',#7933,#7934);
#7933 = CARTESIAN_POINT('',(199.090027,-45.210894,0.));
#7934 = VECTOR('',#7935,1.);
#7935 = DIRECTION('',(0.,0.,1.));
#7936 = ORIENTED_EDGE('',*,*,#6684,.F.);
#7937 = PLANE('',#7938);
#7938 = AXIS2_PLACEMENT_3D('',#7939,#7940,#7941);
#7939 = CARTESIAN_POINT('',(197.618458,-45.101156,0.));
#7940 = DIRECTION('',(7.436561947163E-02,0.997231043761,-0.));
#7941 = DIRECTION('',(0.997231043761,-7.436561947163E-02,0.));
#7942 = ADVANCED_FACE('',(#7943),#7954,.T.);
#7943 = FACE_BOUND('',#7944,.T.);
#7944 = EDGE_LOOP('',(#7945,#7951,#7952,#7953));
#7945 = ORIENTED_EDGE('',*,*,#7946,.T.);
#7946 = EDGE_CURVE('',#5541,#6732,#7947,.T.);
#7947 = LINE('',#7948,#7949);
#7948 = CARTESIAN_POINT('',(193.746661,-45.031126,0.));
#7949 = VECTOR('',#7950,1.);
#7950 = DIRECTION('',(0.,0.,1.));
#7951 = ORIENTED_EDGE('',*,*,#6731,.T.);
#7952 = ORIENTED_EDGE('',*,*,#7912,.F.);
#7953 = ORIENTED_EDGE('',*,*,#5540,.F.);
#7954 = PLANE('',#7955);
#7955 = AXIS2_PLACEMENT_3D('',#7956,#7957,#7958);
#7956 = CARTESIAN_POINT('',(193.746661,-45.031126,0.));
#7957 = DIRECTION('',(-2.786051293981E-02,0.999611820568,0.));
#7958 = DIRECTION('',(0.999611820568,2.786051293981E-02,0.));
#7959 = ADVANCED_FACE('',(#7960),#7971,.T.);
#7960 = FACE_BOUND('',#7961,.T.);
#7961 = EDGE_LOOP('',(#7962,#7963,#7964,#7970));
#7962 = ORIENTED_EDGE('',*,*,#7931,.T.);
#7963 = ORIENTED_EDGE('',*,*,#7867,.T.);
#7964 = ORIENTED_EDGE('',*,*,#7965,.F.);
#7965 = EDGE_CURVE('',#6669,#7860,#7966,.T.);
#7966 = LINE('',#7967,#7968);
#7967 = CARTESIAN_POINT('',(200.584716,-45.357568,0.));
#7968 = VECTOR('',#7969,1.);
#7969 = DIRECTION('',(0.,0.,1.));
#7970 = ORIENTED_EDGE('',*,*,#6676,.F.);
#7971 = PLANE('',#7972);
#7972 = AXIS2_PLACEMENT_3D('',#7973,#7974,#7975);
#7973 = CARTESIAN_POINT('',(199.090027,-45.210894,0.));
#7974 = DIRECTION('',(9.766102490429E-02,0.995219736648,-0.));
#7975 = DIRECTION('',(0.995219736648,-9.766102490429E-02,0.));
#7976 = ADVANCED_FACE('',(#7977),#7988,.T.);
#7977 = FACE_BOUND('',#7978,.T.);
#7978 = EDGE_LOOP('',(#7979,#7985,#7986,#7987));
#7979 = ORIENTED_EDGE('',*,*,#7980,.T.);
#7980 = EDGE_CURVE('',#5549,#6740,#7981,.T.);
#7981 = LINE('',#7982,#7983);
#7982 = CARTESIAN_POINT('',(192.381542,-45.101156,0.));
#7983 = VECTOR('',#7984,1.);
#7984 = DIRECTION('',(0.,0.,1.));
#7985 = ORIENTED_EDGE('',*,*,#6739,.T.);
#7986 = ORIENTED_EDGE('',*,*,#7946,.F.);
#7987 = ORIENTED_EDGE('',*,*,#5548,.F.);
#7988 = PLANE('',#7989);
#7989 = AXIS2_PLACEMENT_3D('',#7990,#7991,#7992);
#7990 = CARTESIAN_POINT('',(192.381542,-45.101156,0.));
#7991 = DIRECTION('',(-5.123218887273E-02,0.998686769124,0.));
#7992 = DIRECTION('',(0.998686769124,5.123218887273E-02,0.));
#7993 = ADVANCED_FACE('',(#7994),#8005,.T.);
#7994 = FACE_BOUND('',#7995,.T.);
#7995 = EDGE_LOOP('',(#7996,#7997,#7998,#8004));
#7996 = ORIENTED_EDGE('',*,*,#7965,.T.);
#7997 = ORIENTED_EDGE('',*,*,#7859,.T.);
#7998 = ORIENTED_EDGE('',*,*,#7999,.F.);
#7999 = EDGE_CURVE('',#6661,#7852,#8000,.T.);
#8000 = LINE('',#8001,#8002);
#8001 = CARTESIAN_POINT('',(202.060565,-45.538204,0.));
#8002 = VECTOR('',#8003,1.);
#8003 = DIRECTION('',(0.,0.,1.));
#8004 = ORIENTED_EDGE('',*,*,#6668,.F.);
#8005 = PLANE('',#8006);
#8006 = AXIS2_PLACEMENT_3D('',#8007,#8008,#8009);
#8007 = CARTESIAN_POINT('',(200.584716,-45.357568,0.));
#8008 = DIRECTION('',(0.121488045287,0.992592894823,-0.));
#8009 = DIRECTION('',(0.992592894823,-0.121488045287,0.));
#8010 = ADVANCED_FACE('',(#8011),#8022,.T.);
#8011 = FACE_BOUND('',#8012,.T.);
#8012 = EDGE_LOOP('',(#8013,#8019,#8020,#8021));
#8013 = ORIENTED_EDGE('',*,*,#8014,.T.);
#8014 = EDGE_CURVE('',#5557,#6748,#8015,.T.);
#8015 = LINE('',#8016,#8017);
#8016 = CARTESIAN_POINT('',(190.909973,-45.210894,0.));
#8017 = VECTOR('',#8018,1.);
#8018 = DIRECTION('',(0.,0.,1.));
#8019 = ORIENTED_EDGE('',*,*,#6747,.T.);
#8020 = ORIENTED_EDGE('',*,*,#7980,.F.);
#8021 = ORIENTED_EDGE('',*,*,#5556,.F.);
#8022 = PLANE('',#8023);
#8023 = AXIS2_PLACEMENT_3D('',#8024,#8025,#8026);
#8024 = CARTESIAN_POINT('',(190.909973,-45.210894,0.));
#8025 = DIRECTION('',(-7.436561947163E-02,0.997231043761,0.));
#8026 = DIRECTION('',(0.997231043761,7.436561947163E-02,0.));
#8027 = ADVANCED_FACE('',(#8028),#8039,.T.);
#8028 = FACE_BOUND('',#8029,.T.);
#8029 = EDGE_LOOP('',(#8030,#8031,#8032,#8038));
#8030 = ORIENTED_EDGE('',*,*,#7999,.T.);
#8031 = ORIENTED_EDGE('',*,*,#7851,.T.);
#8032 = ORIENTED_EDGE('',*,*,#8033,.F.);
#8033 = EDGE_CURVE('',#6653,#7844,#8034,.T.);
#8034 = LINE('',#8035,#8036);
#8035 = CARTESIAN_POINT('',(203.494149,-45.749921,0.));
#8036 = VECTOR('',#8037,1.);
#8037 = DIRECTION('',(0.,0.,1.));
#8038 = ORIENTED_EDGE('',*,*,#6660,.F.);
#8039 = PLANE('',#8040);
#8040 = AXIS2_PLACEMENT_3D('',#8041,#8042,#8043);
#8041 = CARTESIAN_POINT('',(202.060565,-45.538204,0.));
#8042 = DIRECTION('',(0.146099056216,0.989269966072,-0.));
#8043 = DIRECTION('',(0.989269966072,-0.146099056216,0.));
#8044 = ADVANCED_FACE('',(#8045),#8056,.T.);
#8045 = FACE_BOUND('',#8046,.T.);
#8046 = EDGE_LOOP('',(#8047,#8053,#8054,#8055));
#8047 = ORIENTED_EDGE('',*,*,#8048,.T.);
#8048 = EDGE_CURVE('',#5565,#6756,#8049,.T.);
#8049 = LINE('',#8050,#8051);
#8050 = CARTESIAN_POINT('',(189.415284,-45.357568,0.));
#8051 = VECTOR('',#8052,1.);
#8052 = DIRECTION('',(0.,0.,1.));
#8053 = ORIENTED_EDGE('',*,*,#6755,.T.);
#8054 = ORIENTED_EDGE('',*,*,#8014,.F.);
#8055 = ORIENTED_EDGE('',*,*,#5564,.F.);
#8056 = PLANE('',#8057);
#8057 = AXIS2_PLACEMENT_3D('',#8058,#8059,#8060);
#8058 = CARTESIAN_POINT('',(189.415284,-45.357568,0.));
#8059 = DIRECTION('',(-9.766102490429E-02,0.995219736648,0.));
#8060 = DIRECTION('',(0.995219736648,9.766102490429E-02,0.));
#8061 = ADVANCED_FACE('',(#8062),#8073,.T.);
#8062 = FACE_BOUND('',#8063,.T.);
#8063 = EDGE_LOOP('',(#8064,#8065,#8066,#8072));
#8064 = ORIENTED_EDGE('',*,*,#8033,.T.);
#8065 = ORIENTED_EDGE('',*,*,#7843,.T.);
#8066 = ORIENTED_EDGE('',*,*,#8067,.F.);
#8067 = EDGE_CURVE('',#6645,#7836,#8068,.T.);
#8068 = LINE('',#8069,#8070);
#8069 = CARTESIAN_POINT('',(204.871819,-45.990007,0.));
#8070 = VECTOR('',#8071,1.);
#8071 = DIRECTION('',(0.,0.,1.));
#8072 = ORIENTED_EDGE('',*,*,#6652,.F.);
#8073 = PLANE('',#8074);
#8074 = AXIS2_PLACEMENT_3D('',#8075,#8076,#8077);
#8075 = CARTESIAN_POINT('',(203.494149,-45.749921,0.));
#8076 = DIRECTION('',(0.171682114827,0.985152400113,-0.));
#8077 = DIRECTION('',(0.985152400113,-0.171682114827,0.));
#8078 = ADVANCED_FACE('',(#8079),#8090,.T.);
#8079 = FACE_BOUND('',#8080,.T.);
#8080 = EDGE_LOOP('',(#8081,#8087,#8088,#8089));
#8081 = ORIENTED_EDGE('',*,*,#8082,.T.);
#8082 = EDGE_CURVE('',#5573,#6764,#8083,.T.);
#8083 = LINE('',#8084,#8085);
#8084 = CARTESIAN_POINT('',(187.939435,-45.538204,0.));
#8085 = VECTOR('',#8086,1.);
#8086 = DIRECTION('',(0.,0.,1.));
#8087 = ORIENTED_EDGE('',*,*,#6763,.T.);
#8088 = ORIENTED_EDGE('',*,*,#8048,.F.);
#8089 = ORIENTED_EDGE('',*,*,#5572,.F.);
#8090 = PLANE('',#8091);
#8091 = AXIS2_PLACEMENT_3D('',#8092,#8093,#8094);
#8092 = CARTESIAN_POINT('',(187.939435,-45.538204,0.));
#8093 = DIRECTION('',(-0.121488045287,0.992592894823,0.));
#8094 = DIRECTION('',(0.992592894823,0.121488045287,0.));
#8095 = ADVANCED_FACE('',(#8096),#8107,.T.);
#8096 = FACE_BOUND('',#8097,.T.);
#8097 = EDGE_LOOP('',(#8098,#8099,#8100,#8106));
#8098 = ORIENTED_EDGE('',*,*,#8067,.T.);
#8099 = ORIENTED_EDGE('',*,*,#7835,.T.);
#8100 = ORIENTED_EDGE('',*,*,#8101,.F.);
#8101 = EDGE_CURVE('',#6637,#7828,#8102,.T.);
#8102 = LINE('',#8103,#8104);
#8103 = CARTESIAN_POINT('',(206.185636,-46.255937,0.));
#8104 = VECTOR('',#8105,1.);
#8105 = DIRECTION('',(0.,0.,1.));
#8106 = ORIENTED_EDGE('',*,*,#6644,.F.);
#8107 = PLANE('',#8108);
#8108 = AXIS2_PLACEMENT_3D('',#8109,#8110,#8111);
#8109 = CARTESIAN_POINT('',(204.871819,-45.990007,0.));
#8110 = DIRECTION('',(0.198387073209,0.980123751974,-0.));
#8111 = DIRECTION('',(0.980123751974,-0.198387073209,0.));
#8112 = ADVANCED_FACE('',(#8113),#8124,.T.);
#8113 = FACE_BOUND('',#8114,.T.);
#8114 = EDGE_LOOP('',(#8115,#8121,#8122,#8123));
#8115 = ORIENTED_EDGE('',*,*,#8116,.T.);
#8116 = EDGE_CURVE('',#5581,#6772,#8117,.T.);
#8117 = LINE('',#8118,#8119);
#8118 = CARTESIAN_POINT('',(186.505851,-45.749921,0.));
#8119 = VECTOR('',#8120,1.);
#8120 = DIRECTION('',(0.,0.,1.));
#8121 = ORIENTED_EDGE('',*,*,#6771,.T.);
#8122 = ORIENTED_EDGE('',*,*,#8082,.F.);
#8123 = ORIENTED_EDGE('',*,*,#5580,.F.);
#8124 = PLANE('',#8125);
#8125 = AXIS2_PLACEMENT_3D('',#8126,#8127,#8128);
#8126 = CARTESIAN_POINT('',(186.505851,-45.749921,0.));
#8127 = DIRECTION('',(-0.146099056216,0.989269966072,0.));
#8128 = DIRECTION('',(0.989269966072,0.146099056216,0.));
#8129 = ADVANCED_FACE('',(#8130),#8141,.T.);
#8130 = FACE_BOUND('',#8131,.T.);
#8131 = EDGE_LOOP('',(#8132,#8133,#8134,#8140));
#8132 = ORIENTED_EDGE('',*,*,#8101,.T.);
#8133 = ORIENTED_EDGE('',*,*,#7827,.T.);
#8134 = ORIENTED_EDGE('',*,*,#8135,.F.);
#8135 = EDGE_CURVE('',#6629,#7820,#8136,.T.);
#8136 = LINE('',#8137,#8138);
#8137 = CARTESIAN_POINT('',(207.431223,-46.545369,0.));
#8138 = VECTOR('',#8139,1.);
#8139 = DIRECTION('',(0.,0.,1.));
#8140 = ORIENTED_EDGE('',*,*,#6636,.F.);
#8141 = PLANE('',#8142);
#8142 = AXIS2_PLACEMENT_3D('',#8143,#8144,#8145);
#8143 = CARTESIAN_POINT('',(206.185636,-46.255937,0.));
#8144 = DIRECTION('',(0.226335888974,0.974049313619,-0.));
#8145 = DIRECTION('',(0.974049313619,-0.226335888974,0.));
#8146 = ADVANCED_FACE('',(#8147),#8158,.T.);
#8147 = FACE_BOUND('',#8148,.T.);
#8148 = EDGE_LOOP('',(#8149,#8155,#8156,#8157));
#8149 = ORIENTED_EDGE('',*,*,#8150,.T.);
#8150 = EDGE_CURVE('',#5589,#6780,#8151,.T.);
#8151 = LINE('',#8152,#8153);
#8152 = CARTESIAN_POINT('',(185.128181,-45.990007,0.));
#8153 = VECTOR('',#8154,1.);
#8154 = DIRECTION('',(0.,0.,1.));
#8155 = ORIENTED_EDGE('',*,*,#6779,.T.);
#8156 = ORIENTED_EDGE('',*,*,#8116,.F.);
#8157 = ORIENTED_EDGE('',*,*,#5588,.F.);
#8158 = PLANE('',#8159);
#8159 = AXIS2_PLACEMENT_3D('',#8160,#8161,#8162);
#8160 = CARTESIAN_POINT('',(185.128181,-45.990007,0.));
#8161 = DIRECTION('',(-0.171682114827,0.985152400113,0.));
#8162 = DIRECTION('',(0.985152400113,0.171682114827,0.));
#8163 = ADVANCED_FACE('',(#8164),#8175,.T.);
#8164 = FACE_BOUND('',#8165,.T.);
#8165 = EDGE_LOOP('',(#8166,#8167,#8168,#8174));
#8166 = ORIENTED_EDGE('',*,*,#8135,.T.);
#8167 = ORIENTED_EDGE('',*,*,#7819,.T.);
#8168 = ORIENTED_EDGE('',*,*,#8169,.F.);
#8169 = EDGE_CURVE('',#6621,#7812,#8170,.T.);
#8170 = LINE('',#8171,#8172);
#8171 = CARTESIAN_POINT('',(208.606536,-46.856142,0.));
#8172 = VECTOR('',#8173,1.);
#8173 = DIRECTION('',(0.,0.,1.));
#8174 = ORIENTED_EDGE('',*,*,#6628,.F.);
#8175 = PLANE('',#8176);
#8176 = AXIS2_PLACEMENT_3D('',#8177,#8178,#8179);
#8177 = CARTESIAN_POINT('',(207.431223,-46.545369,0.));
#8178 = DIRECTION('',(0.255631756557,0.966774226508,-0.));
#8179 = DIRECTION('',(0.966774226508,-0.255631756557,0.));
#8180 = ADVANCED_FACE('',(#8181),#8192,.T.);
#8181 = FACE_BOUND('',#8182,.T.);
#8182 = EDGE_LOOP('',(#8183,#8189,#8190,#8191));
#8183 = ORIENTED_EDGE('',*,*,#8184,.T.);
#8184 = EDGE_CURVE('',#5597,#6788,#8185,.T.);
#8185 = LINE('',#8186,#8187);
#8186 = CARTESIAN_POINT('',(183.814364,-46.255937,0.));
#8187 = VECTOR('',#8188,1.);
#8188 = DIRECTION('',(0.,0.,1.));
#8189 = ORIENTED_EDGE('',*,*,#6787,.T.);
#8190 = ORIENTED_EDGE('',*,*,#8150,.F.);
#8191 = ORIENTED_EDGE('',*,*,#5596,.F.);
#8192 = PLANE('',#8193);
#8193 = AXIS2_PLACEMENT_3D('',#8194,#8195,#8196);
#8194 = CARTESIAN_POINT('',(183.814364,-46.255937,0.));
#8195 = DIRECTION('',(-0.198387073209,0.980123751974,0.));
#8196 = DIRECTION('',(0.980123751974,0.198387073209,0.));
#8197 = ADVANCED_FACE('',(#8198),#8209,.T.);
#8198 = FACE_BOUND('',#8199,.T.);
#8199 = EDGE_LOOP('',(#8200,#8201,#8202,#8208));
#8200 = ORIENTED_EDGE('',*,*,#8169,.T.);
#8201 = ORIENTED_EDGE('',*,*,#7811,.T.);
#8202 = ORIENTED_EDGE('',*,*,#8203,.F.);
#8203 = EDGE_CURVE('',#6613,#7804,#8204,.T.);
#8204 = LINE('',#8205,#8206);
#8205 = CARTESIAN_POINT('',(209.711101,-47.186273,0.));
#8206 = VECTOR('',#8207,1.);
#8207 = DIRECTION('',(0.,0.,1.));
#8208 = ORIENTED_EDGE('',*,*,#6620,.F.);
#8209 = PLANE('',#8210);
#8210 = AXIS2_PLACEMENT_3D('',#8211,#8212,#8213);
#8211 = CARTESIAN_POINT('',(208.606536,-46.856142,0.));
#8212 = DIRECTION('',(0.286362137738,0.958121456847,-0.));
#8213 = DIRECTION('',(0.958121456847,-0.286362137738,0.));
#8214 = ADVANCED_FACE('',(#8215),#8226,.T.);
#8215 = FACE_BOUND('',#8216,.T.);
#8216 = EDGE_LOOP('',(#8217,#8223,#8224,#8225));
#8217 = ORIENTED_EDGE('',*,*,#8218,.T.);
#8218 = EDGE_CURVE('',#5605,#6796,#8219,.T.);
#8219 = LINE('',#8220,#8221);
#8220 = CARTESIAN_POINT('',(182.568777,-46.545369,0.));
#8221 = VECTOR('',#8222,1.);
#8222 = DIRECTION('',(0.,0.,1.));
#8223 = ORIENTED_EDGE('',*,*,#6795,.T.);
#8224 = ORIENTED_EDGE('',*,*,#8184,.F.);
#8225 = ORIENTED_EDGE('',*,*,#5604,.F.);
#8226 = PLANE('',#8227);
#8227 = AXIS2_PLACEMENT_3D('',#8228,#8229,#8230);
#8228 = CARTESIAN_POINT('',(182.568777,-46.545369,0.));
#8229 = DIRECTION('',(-0.226335888974,0.974049313619,0.));
#8230 = DIRECTION('',(0.974049313619,0.226335888974,0.));
#8231 = ADVANCED_FACE('',(#8232),#8243,.T.);
#8232 = FACE_BOUND('',#8233,.T.);
#8233 = EDGE_LOOP('',(#8234,#8235,#8236,#8242));
#8234 = ORIENTED_EDGE('',*,*,#8203,.T.);
#8235 = ORIENTED_EDGE('',*,*,#7803,.T.);
#8236 = ORIENTED_EDGE('',*,*,#8237,.F.);
#8237 = EDGE_CURVE('',#6605,#7796,#8238,.T.);
#8238 = LINE('',#8239,#8240);
#8239 = CARTESIAN_POINT('',(210.745526,-47.533948,0.));
#8240 = VECTOR('',#8241,1.);
#8241 = DIRECTION('',(0.,0.,1.));
#8242 = ORIENTED_EDGE('',*,*,#6612,.F.);
#8243 = PLANE('',#8244);
#8244 = AXIS2_PLACEMENT_3D('',#8245,#8246,#8247);
#8245 = CARTESIAN_POINT('',(209.711101,-47.186273,0.));
#8246 = DIRECTION('',(0.318590959451,0.947892293753,-0.));
#8247 = DIRECTION('',(0.947892293753,-0.318590959451,0.));
#8248 = ADVANCED_FACE('',(#8249),#8260,.T.);
#8249 = FACE_BOUND('',#8250,.T.);
#8250 = EDGE_LOOP('',(#8251,#8257,#8258,#8259));
#8251 = ORIENTED_EDGE('',*,*,#8252,.T.);
#8252 = EDGE_CURVE('',#5613,#6804,#8253,.T.);
#8253 = LINE('',#8254,#8255);
#8254 = CARTESIAN_POINT('',(181.393464,-46.856142,0.));
#8255 = VECTOR('',#8256,1.);
#8256 = DIRECTION('',(0.,0.,1.));
#8257 = ORIENTED_EDGE('',*,*,#6803,.T.);
#8258 = ORIENTED_EDGE('',*,*,#8218,.F.);
#8259 = ORIENTED_EDGE('',*,*,#5612,.F.);
#8260 = PLANE('',#8261);
#8261 = AXIS2_PLACEMENT_3D('',#8262,#8263,#8264);
#8262 = CARTESIAN_POINT('',(181.393464,-46.856142,0.));
#8263 = DIRECTION('',(-0.255631756557,0.966774226508,0.));
#8264 = DIRECTION('',(0.966774226508,0.255631756557,0.));
#8265 = ADVANCED_FACE('',(#8266),#8277,.T.);
#8266 = FACE_BOUND('',#8267,.T.);
#8267 = EDGE_LOOP('',(#8268,#8269,#8270,#8276));
#8268 = ORIENTED_EDGE('',*,*,#8237,.T.);
#8269 = ORIENTED_EDGE('',*,*,#7795,.T.);
#8270 = ORIENTED_EDGE('',*,*,#8271,.F.);
#8271 = EDGE_CURVE('',#6597,#7788,#8272,.T.);
#8272 = LINE('',#8273,#8274);
#8273 = CARTESIAN_POINT('',(211.711167,-47.897521,0.));
#8274 = VECTOR('',#8275,1.);
#8275 = DIRECTION('',(0.,0.,1.));
#8276 = ORIENTED_EDGE('',*,*,#6604,.F.);
#8277 = PLANE('',#8278);
#8278 = AXIS2_PLACEMENT_3D('',#8279,#8280,#8281);
#8279 = CARTESIAN_POINT('',(210.745526,-47.533948,0.));
#8280 = DIRECTION('',(0.352361645593,0.935863916771,-0.));
#8281 = DIRECTION('',(0.935863916771,-0.352361645593,0.));
#8282 = ADVANCED_FACE('',(#8283),#8294,.T.);
#8283 = FACE_BOUND('',#8284,.T.);
#8284 = EDGE_LOOP('',(#8285,#8291,#8292,#8293));
#8285 = ORIENTED_EDGE('',*,*,#8286,.T.);
#8286 = EDGE_CURVE('',#5621,#6812,#8287,.T.);
#8287 = LINE('',#8288,#8289);
#8288 = CARTESIAN_POINT('',(180.288899,-47.186273,0.));
#8289 = VECTOR('',#8290,1.);
#8290 = DIRECTION('',(0.,0.,1.));
#8291 = ORIENTED_EDGE('',*,*,#6811,.T.);
#8292 = ORIENTED_EDGE('',*,*,#8252,.F.);
#8293 = ORIENTED_EDGE('',*,*,#5620,.F.);
#8294 = PLANE('',#8295);
#8295 = AXIS2_PLACEMENT_3D('',#8296,#8297,#8298);
#8296 = CARTESIAN_POINT('',(180.288899,-47.186273,0.));
#8297 = DIRECTION('',(-0.286362137738,0.958121456847,0.));
#8298 = DIRECTION('',(0.958121456847,0.286362137738,0.));
#8299 = ADVANCED_FACE('',(#8300),#8311,.T.);
#8300 = FACE_BOUND('',#8301,.T.);
#8301 = EDGE_LOOP('',(#8302,#8303,#8304,#8310));
#8302 = ORIENTED_EDGE('',*,*,#8271,.T.);
#8303 = ORIENTED_EDGE('',*,*,#7787,.T.);
#8304 = ORIENTED_EDGE('',*,*,#8305,.F.);
#8305 = EDGE_CURVE('',#6589,#7780,#8306,.T.);
#8306 = LINE('',#8307,#8308);
#8307 = CARTESIAN_POINT('',(212.609901,-48.275512,0.));
#8308 = VECTOR('',#8309,1.);
#8309 = DIRECTION('',(0.,0.,1.));
#8310 = ORIENTED_EDGE('',*,*,#6596,.F.);
#8311 = PLANE('',#8312);
#8312 = AXIS2_PLACEMENT_3D('',#8313,#8314,#8315);
#8313 = CARTESIAN_POINT('',(211.711167,-47.897521,0.));
#8314 = DIRECTION('',(0.387688175,0.921790583031,-0.));
#8315 = DIRECTION('',(0.921790583031,-0.387688175,0.));
#8316 = ADVANCED_FACE('',(#8317),#8328,.T.);
#8317 = FACE_BOUND('',#8318,.T.);
#8318 = EDGE_LOOP('',(#8319,#8325,#8326,#8327));
#8319 = ORIENTED_EDGE('',*,*,#8320,.T.);
#8320 = EDGE_CURVE('',#5629,#6820,#8321,.T.);
#8321 = LINE('',#8322,#8323);
#8322 = CARTESIAN_POINT('',(179.254474,-47.533948,0.));
#8323 = VECTOR('',#8324,1.);
#8324 = DIRECTION('',(0.,0.,1.));
#8325 = ORIENTED_EDGE('',*,*,#6819,.T.);
#8326 = ORIENTED_EDGE('',*,*,#8286,.F.);
#8327 = ORIENTED_EDGE('',*,*,#5628,.F.);
#8328 = PLANE('',#8329);
#8329 = AXIS2_PLACEMENT_3D('',#8330,#8331,#8332);
#8330 = CARTESIAN_POINT('',(179.254474,-47.533948,0.));
#8331 = DIRECTION('',(-0.318590959451,0.947892293753,0.));
#8332 = DIRECTION('',(0.947892293753,0.318590959451,0.));
#8333 = ADVANCED_FACE('',(#8334),#8345,.T.);
#8334 = FACE_BOUND('',#8335,.T.);
#8335 = EDGE_LOOP('',(#8336,#8337,#8338,#8344));
#8336 = ORIENTED_EDGE('',*,*,#8305,.T.);
#8337 = ORIENTED_EDGE('',*,*,#7779,.T.);
#8338 = ORIENTED_EDGE('',*,*,#8339,.F.);
#8339 = EDGE_CURVE('',#6581,#7772,#8340,.T.);
#8340 = LINE('',#8341,#8342);
#8341 = CARTESIAN_POINT('',(213.443954,-48.666608,0.));
#8342 = VECTOR('',#8343,1.);
#8343 = DIRECTION('',(0.,0.,1.));
#8344 = ORIENTED_EDGE('',*,*,#6588,.F.);
#8345 = PLANE('',#8346);
#8346 = AXIS2_PLACEMENT_3D('',#8347,#8348,#8349);
#8347 = CARTESIAN_POINT('',(212.609901,-48.275512,0.));
#8348 = DIRECTION('',(0.4245528255,0.905403168958,-0.));
#8349 = DIRECTION('',(0.905403168958,-0.4245528255,0.));
#8350 = ADVANCED_FACE('',(#8351),#8362,.T.);
#8351 = FACE_BOUND('',#8352,.T.);
#8352 = EDGE_LOOP('',(#8353,#8359,#8360,#8361));
#8353 = ORIENTED_EDGE('',*,*,#8354,.T.);
#8354 = EDGE_CURVE('',#5637,#6828,#8355,.T.);
#8355 = LINE('',#8356,#8357);
#8356 = CARTESIAN_POINT('',(178.288833,-47.897521,0.));
#8357 = VECTOR('',#8358,1.);
#8358 = DIRECTION('',(0.,0.,1.));
#8359 = ORIENTED_EDGE('',*,*,#6827,.T.);
#8360 = ORIENTED_EDGE('',*,*,#8320,.F.);
#8361 = ORIENTED_EDGE('',*,*,#5636,.F.);
#8362 = PLANE('',#8363);
#8363 = AXIS2_PLACEMENT_3D('',#8364,#8365,#8366);
#8364 = CARTESIAN_POINT('',(178.288833,-47.897521,0.));
#8365 = DIRECTION('',(-0.352361645593,0.935863916771,0.));
#8366 = DIRECTION('',(0.935863916771,0.352361645593,0.));
#8367 = ADVANCED_FACE('',(#8368),#8379,.T.);
#8368 = FACE_BOUND('',#8369,.T.);
#8369 = EDGE_LOOP('',(#8370,#8371,#8372,#8378));
#8370 = ORIENTED_EDGE('',*,*,#8339,.T.);
#8371 = ORIENTED_EDGE('',*,*,#7771,.T.);
#8372 = ORIENTED_EDGE('',*,*,#8373,.F.);
#8373 = EDGE_CURVE('',#6573,#7764,#8374,.T.);
#8374 = LINE('',#8375,#8376);
#8375 = CARTESIAN_POINT('',(214.215779,-49.069663,0.));
#8376 = VECTOR('',#8377,1.);
#8377 = DIRECTION('',(0.,0.,1.));
#8378 = ORIENTED_EDGE('',*,*,#6580,.F.);
#8379 = PLANE('',#8380);
#8380 = AXIS2_PLACEMENT_3D('',#8381,#8382,#8383);
#8381 = CARTESIAN_POINT('',(213.443954,-48.666608,0.));
#8382 = DIRECTION('',(0.46289429414,0.88641348842,-0.));
#8383 = DIRECTION('',(0.88641348842,-0.46289429414,0.));
#8384 = ADVANCED_FACE('',(#8385),#8396,.T.);
#8385 = FACE_BOUND('',#8386,.T.);
#8386 = EDGE_LOOP('',(#8387,#8393,#8394,#8395));
#8387 = ORIENTED_EDGE('',*,*,#8388,.T.);
#8388 = EDGE_CURVE('',#5645,#6836,#8389,.T.);
#8389 = LINE('',#8390,#8391);
#8390 = CARTESIAN_POINT('',(177.390099,-48.275512,0.));
#8391 = VECTOR('',#8392,1.);
#8392 = DIRECTION('',(0.,0.,1.));
#8393 = ORIENTED_EDGE('',*,*,#6835,.T.);
#8394 = ORIENTED_EDGE('',*,*,#8354,.F.);
#8395 = ORIENTED_EDGE('',*,*,#5644,.F.);
#8396 = PLANE('',#8397);
#8397 = AXIS2_PLACEMENT_3D('',#8398,#8399,#8400);
#8398 = CARTESIAN_POINT('',(177.390099,-48.275512,0.));
#8399 = DIRECTION('',(-0.387688175,0.921790583031,0.));
#8400 = DIRECTION('',(0.921790583031,0.387688175,0.));
#8401 = ADVANCED_FACE('',(#8402),#8413,.T.);
#8402 = FACE_BOUND('',#8403,.T.);
#8403 = EDGE_LOOP('',(#8404,#8405,#8406,#8412));
#8404 = ORIENTED_EDGE('',*,*,#8373,.T.);
#8405 = ORIENTED_EDGE('',*,*,#7763,.T.);
#8406 = ORIENTED_EDGE('',*,*,#8407,.F.);
#8407 = EDGE_CURVE('',#6565,#7756,#8408,.T.);
#8408 = LINE('',#8409,#8410);
#8409 = CARTESIAN_POINT('',(214.927963,-49.483701,0.));
#8410 = VECTOR('',#8411,1.);
#8411 = DIRECTION('',(0.,0.,1.));
#8412 = ORIENTED_EDGE('',*,*,#6572,.F.);
#8413 = PLANE('',#8414);
#8414 = AXIS2_PLACEMENT_3D('',#8415,#8416,#8417);
#8415 = CARTESIAN_POINT('',(214.215779,-49.069663,0.));
#8416 = DIRECTION('',(0.502600076106,0.864519035937,-0.));
#8417 = DIRECTION('',(0.864519035937,-0.502600076106,0.));
#8418 = ADVANCED_FACE('',(#8419),#8430,.T.);
#8419 = FACE_BOUND('',#8420,.T.);
#8420 = EDGE_LOOP('',(#8421,#8427,#8428,#8429));
#8421 = ORIENTED_EDGE('',*,*,#8422,.T.);
#8422 = EDGE_CURVE('',#5653,#6844,#8423,.T.);
#8423 = LINE('',#8424,#8425);
#8424 = CARTESIAN_POINT('',(176.556046,-48.666608,0.));
#8425 = VECTOR('',#8426,1.);
#8426 = DIRECTION('',(0.,0.,1.));
#8427 = ORIENTED_EDGE('',*,*,#6843,.T.);
#8428 = ORIENTED_EDGE('',*,*,#8388,.F.);
#8429 = ORIENTED_EDGE('',*,*,#5652,.F.);
#8430 = PLANE('',#8431);
#8431 = AXIS2_PLACEMENT_3D('',#8432,#8433,#8434);
#8432 = CARTESIAN_POINT('',(176.556046,-48.666608,0.));
#8433 = DIRECTION('',(-0.4245528255,0.905403168958,0.));
#8434 = DIRECTION('',(0.905403168958,0.4245528255,0.));
#8435 = ADVANCED_FACE('',(#8436),#8447,.T.);
#8436 = FACE_BOUND('',#8437,.T.);
#8437 = EDGE_LOOP('',(#8438,#8439,#8440,#8446));
#8438 = ORIENTED_EDGE('',*,*,#8407,.T.);
#8439 = ORIENTED_EDGE('',*,*,#7755,.T.);
#8440 = ORIENTED_EDGE('',*,*,#8441,.F.);
#8441 = EDGE_CURVE('',#6557,#7748,#8442,.T.);
#8442 = LINE('',#8443,#8444);
#8443 = CARTESIAN_POINT('',(215.583146,-49.907917,0.));
#8444 = VECTOR('',#8445,1.);
#8445 = DIRECTION('',(0.,0.,1.));
#8446 = ORIENTED_EDGE('',*,*,#6564,.F.);
#8447 = PLANE('',#8448);
#8448 = AXIS2_PLACEMENT_3D('',#8449,#8450,#8451);
#8449 = CARTESIAN_POINT('',(214.927963,-49.483701,0.));
#8450 = DIRECTION('',(0.543498751178,0.839409975797,-0.));
#8451 = DIRECTION('',(0.839409975797,-0.543498751178,0.));
#8452 = ADVANCED_FACE('',(#8453),#8464,.T.);
#8453 = FACE_BOUND('',#8454,.T.);
#8454 = EDGE_LOOP('',(#8455,#8461,#8462,#8463));
#8455 = ORIENTED_EDGE('',*,*,#8456,.T.);
#8456 = EDGE_CURVE('',#5661,#6852,#8457,.T.);
#8457 = LINE('',#8458,#8459);
#8458 = CARTESIAN_POINT('',(175.784221,-49.069663,0.));
#8459 = VECTOR('',#8460,1.);
#8460 = DIRECTION('',(0.,0.,1.));
#8461 = ORIENTED_EDGE('',*,*,#6851,.T.);
#8462 = ORIENTED_EDGE('',*,*,#8422,.F.);
#8463 = ORIENTED_EDGE('',*,*,#5660,.F.);
#8464 = PLANE('',#8465);
#8465 = AXIS2_PLACEMENT_3D('',#8466,#8467,#8468);
#8466 = CARTESIAN_POINT('',(175.784221,-49.069663,0.));
#8467 = DIRECTION('',(-0.46289429414,0.88641348842,0.));
#8468 = DIRECTION('',(0.88641348842,0.46289429414,0.));
#8469 = ADVANCED_FACE('',(#8470),#8481,.T.);
#8470 = FACE_BOUND('',#8471,.T.);
#8471 = EDGE_LOOP('',(#8472,#8473,#8474,#8480));
#8472 = ORIENTED_EDGE('',*,*,#8441,.T.);
#8473 = ORIENTED_EDGE('',*,*,#7747,.T.);
#8474 = ORIENTED_EDGE('',*,*,#8475,.F.);
#8475 = EDGE_CURVE('',#6549,#7740,#8476,.T.);
#8476 = LINE('',#8477,#8478);
#8477 = CARTESIAN_POINT('',(216.183966,-50.341685,0.));
#8478 = VECTOR('',#8479,1.);
#8479 = DIRECTION('',(0.,0.,1.));
#8480 = ORIENTED_EDGE('',*,*,#6556,.F.);
#8481 = PLANE('',#8482);
#8482 = AXIS2_PLACEMENT_3D('',#8483,#8484,#8485);
#8483 = CARTESIAN_POINT('',(215.583146,-49.907917,0.));
#8484 = DIRECTION('',(0.585350814867,0.810780132671,-0.));
#8485 = DIRECTION('',(0.810780132671,-0.585350814867,0.));
#8486 = ADVANCED_FACE('',(#8487),#8498,.T.);
#8487 = FACE_BOUND('',#8488,.T.);
#8488 = EDGE_LOOP('',(#8489,#8495,#8496,#8497));
#8489 = ORIENTED_EDGE('',*,*,#8490,.T.);
#8490 = EDGE_CURVE('',#5669,#6860,#8491,.T.);
#8491 = LINE('',#8492,#8493);
#8492 = CARTESIAN_POINT('',(175.072037,-49.483701,0.));
#8493 = VECTOR('',#8494,1.);
#8494 = DIRECTION('',(0.,0.,1.));
#8495 = ORIENTED_EDGE('',*,*,#6859,.T.);
#8496 = ORIENTED_EDGE('',*,*,#8456,.F.);
#8497 = ORIENTED_EDGE('',*,*,#5668,.F.);
#8498 = PLANE('',#8499);
#8499 = AXIS2_PLACEMENT_3D('',#8500,#8501,#8502);
#8500 = CARTESIAN_POINT('',(175.072037,-49.483701,0.));
#8501 = DIRECTION('',(-0.502600076106,0.864519035937,0.));
#8502 = DIRECTION('',(0.864519035937,0.502600076106,0.));
#8503 = ADVANCED_FACE('',(#8504),#8515,.T.);
#8504 = FACE_BOUND('',#8505,.T.);
#8505 = EDGE_LOOP('',(#8506,#8507,#8508,#8514));
#8506 = ORIENTED_EDGE('',*,*,#8475,.T.);
#8507 = ORIENTED_EDGE('',*,*,#7739,.T.);
#8508 = ORIENTED_EDGE('',*,*,#8509,.F.);
#8509 = EDGE_CURVE('',#6541,#7732,#8510,.T.);
#8510 = LINE('',#8511,#8512);
#8511 = CARTESIAN_POINT('',(216.733004,-50.784557,0.));
#8512 = VECTOR('',#8513,1.);
#8513 = DIRECTION('',(0.,0.,1.));
#8514 = ORIENTED_EDGE('',*,*,#6548,.F.);
#8515 = PLANE('',#8516);
#8516 = AXIS2_PLACEMENT_3D('',#8517,#8518,#8519);
#8517 = CARTESIAN_POINT('',(216.183966,-50.341685,0.));
#8518 = DIRECTION('',(0.627837847912,0.778344163419,-0.));
#8519 = DIRECTION('',(0.778344163419,-0.627837847912,0.));
#8520 = ADVANCED_FACE('',(#8521),#8532,.T.);
#8521 = FACE_BOUND('',#8522,.T.);
#8522 = EDGE_LOOP('',(#8523,#8529,#8530,#8531));
#8523 = ORIENTED_EDGE('',*,*,#8524,.T.);
#8524 = EDGE_CURVE('',#5677,#6868,#8525,.T.);
#8525 = LINE('',#8526,#8527);
#8526 = CARTESIAN_POINT('',(174.416854,-49.907917,0.));
#8527 = VECTOR('',#8528,1.);
#8528 = DIRECTION('',(0.,0.,1.));
#8529 = ORIENTED_EDGE('',*,*,#6867,.T.);
#8530 = ORIENTED_EDGE('',*,*,#8490,.F.);
#8531 = ORIENTED_EDGE('',*,*,#5676,.F.);
#8532 = PLANE('',#8533);
#8533 = AXIS2_PLACEMENT_3D('',#8534,#8535,#8536);
#8534 = CARTESIAN_POINT('',(174.416854,-49.907917,0.));
#8535 = DIRECTION('',(-0.543498751178,0.839409975797,0.));
#8536 = DIRECTION('',(0.839409975797,0.543498751178,0.));
#8537 = ADVANCED_FACE('',(#8538),#8549,.T.);
#8538 = FACE_BOUND('',#8539,.T.);
#8539 = EDGE_LOOP('',(#8540,#8541,#8542,#8548));
#8540 = ORIENTED_EDGE('',*,*,#8509,.T.);
#8541 = ORIENTED_EDGE('',*,*,#7731,.T.);
#8542 = ORIENTED_EDGE('',*,*,#8543,.F.);
#8543 = EDGE_CURVE('',#6533,#7724,#8544,.T.);
#8544 = LINE('',#8545,#8546);
#8545 = CARTESIAN_POINT('',(217.232741,-51.236272,0.));
#8546 = VECTOR('',#8547,1.);
#8547 = DIRECTION('',(0.,0.,1.));
#8548 = ORIENTED_EDGE('',*,*,#6540,.F.);
#8549 = PLANE('',#8550);
#8550 = AXIS2_PLACEMENT_3D('',#8551,#8552,#8553);
#8551 = CARTESIAN_POINT('',(216.733004,-50.784557,0.));
#8552 = DIRECTION('',(0.670563881095,0.741851792052,-0.));
#8553 = DIRECTION('',(0.741851792052,-0.670563881095,0.));
#8554 = ADVANCED_FACE('',(#8555),#8566,.T.);
#8555 = FACE_BOUND('',#8556,.T.);
#8556 = EDGE_LOOP('',(#8557,#8563,#8564,#8565));
#8557 = ORIENTED_EDGE('',*,*,#8558,.T.);
#8558 = EDGE_CURVE('',#5685,#6876,#8559,.T.);
#8559 = LINE('',#8560,#8561);
#8560 = CARTESIAN_POINT('',(173.816034,-50.341685,0.));
#8561 = VECTOR('',#8562,1.);
#8562 = DIRECTION('',(0.,0.,1.));
#8563 = ORIENTED_EDGE('',*,*,#6875,.T.);
#8564 = ORIENTED_EDGE('',*,*,#8524,.F.);
#8565 = ORIENTED_EDGE('',*,*,#5684,.F.);
#8566 = PLANE('',#8567);
#8567 = AXIS2_PLACEMENT_3D('',#8568,#8569,#8570);
#8568 = CARTESIAN_POINT('',(173.816034,-50.341685,0.));
#8569 = DIRECTION('',(-0.585350814867,0.810780132671,0.));
#8570 = DIRECTION('',(0.810780132671,0.585350814867,0.));
#8571 = ADVANCED_FACE('',(#8572),#8583,.T.);
#8572 = FACE_BOUND('',#8573,.T.);
#8573 = EDGE_LOOP('',(#8574,#8575,#8576,#8582));
#8574 = ORIENTED_EDGE('',*,*,#8543,.T.);
#8575 = ORIENTED_EDGE('',*,*,#7723,.T.);
#8576 = ORIENTED_EDGE('',*,*,#8577,.F.);
#8577 = EDGE_CURVE('',#6525,#7716,#8578,.T.);
#8578 = LINE('',#8579,#8580);
#8579 = CARTESIAN_POINT('',(217.685518,-51.696754,0.));
#8580 = VECTOR('',#8581,1.);
#8581 = DIRECTION('',(0.,0.,1.));
#8582 = ORIENTED_EDGE('',*,*,#6532,.F.);
#8583 = PLANE('',#8584);
#8584 = AXIS2_PLACEMENT_3D('',#8585,#8586,#8587);
#8585 = CARTESIAN_POINT('',(217.232741,-51.236272,0.));
#8586 = DIRECTION('',(0.71304713557,0.701116097701,-0.));
#8587 = DIRECTION('',(0.701116097701,-0.71304713557,0.));
#8588 = ADVANCED_FACE('',(#8589),#8600,.T.);
#8589 = FACE_BOUND('',#8590,.T.);
#8590 = EDGE_LOOP('',(#8591,#8597,#8598,#8599));
#8591 = ORIENTED_EDGE('',*,*,#8592,.T.);
#8592 = EDGE_CURVE('',#5693,#6884,#8593,.T.);
#8593 = LINE('',#8594,#8595);
#8594 = CARTESIAN_POINT('',(173.266996,-50.784557,0.));
#8595 = VECTOR('',#8596,1.);
#8596 = DIRECTION('',(0.,0.,1.));
#8597 = ORIENTED_EDGE('',*,*,#6883,.T.);
#8598 = ORIENTED_EDGE('',*,*,#8558,.F.);
#8599 = ORIENTED_EDGE('',*,*,#5692,.F.);
#8600 = PLANE('',#8601);
#8601 = AXIS2_PLACEMENT_3D('',#8602,#8603,#8604);
#8602 = CARTESIAN_POINT('',(173.266996,-50.784557,0.));
#8603 = DIRECTION('',(-0.627837847912,0.778344163419,0.));
#8604 = DIRECTION('',(0.778344163419,0.627837847912,0.));
#8605 = ADVANCED_FACE('',(#8606),#8617,.T.);
#8606 = FACE_BOUND('',#8607,.T.);
#8607 = EDGE_LOOP('',(#8608,#8609,#8610,#8616));
#8608 = ORIENTED_EDGE('',*,*,#8577,.T.);
#8609 = ORIENTED_EDGE('',*,*,#7715,.T.);
#8610 = ORIENTED_EDGE('',*,*,#8611,.F.);
#8611 = EDGE_CURVE('',#6517,#7708,#8612,.T.);
#8612 = LINE('',#8613,#8614);
#8613 = CARTESIAN_POINT('',(218.093496,-52.166117,0.));
#8614 = VECTOR('',#8615,1.);
#8615 = DIRECTION('',(0.,0.,1.));
#8616 = ORIENTED_EDGE('',*,*,#6524,.F.);
#8617 = PLANE('',#8618);
#8618 = AXIS2_PLACEMENT_3D('',#8619,#8620,#8621);
#8619 = CARTESIAN_POINT('',(217.685518,-51.696754,0.));
#8620 = DIRECTION('',(0.754735878193,0.656028775412,-0.));
#8621 = DIRECTION('',(0.656028775412,-0.754735878193,0.));
#8622 = ADVANCED_FACE('',(#8623),#8634,.T.);
#8623 = FACE_BOUND('',#8624,.T.);
#8624 = EDGE_LOOP('',(#8625,#8631,#8632,#8633));
#8625 = ORIENTED_EDGE('',*,*,#8626,.T.);
#8626 = EDGE_CURVE('',#5701,#6892,#8627,.T.);
#8627 = LINE('',#8628,#8629);
#8628 = CARTESIAN_POINT('',(172.767259,-51.236272,0.));
#8629 = VECTOR('',#8630,1.);
#8630 = DIRECTION('',(0.,0.,1.));
#8631 = ORIENTED_EDGE('',*,*,#6891,.T.);
#8632 = ORIENTED_EDGE('',*,*,#8592,.F.);
#8633 = ORIENTED_EDGE('',*,*,#5700,.F.);
#8634 = PLANE('',#8635);
#8635 = AXIS2_PLACEMENT_3D('',#8636,#8637,#8638);
#8636 = CARTESIAN_POINT('',(172.767259,-51.236272,0.));
#8637 = DIRECTION('',(-0.670563881095,0.741851792052,0.));
#8638 = DIRECTION('',(0.741851792052,0.670563881095,0.));
#8639 = ADVANCED_FACE('',(#8640),#8651,.T.);
#8640 = FACE_BOUND('',#8641,.T.);
#8641 = EDGE_LOOP('',(#8642,#8643,#8644,#8650));
#8642 = ORIENTED_EDGE('',*,*,#8611,.T.);
#8643 = ORIENTED_EDGE('',*,*,#7707,.T.);
#8644 = ORIENTED_EDGE('',*,*,#8645,.F.);
#8645 = EDGE_CURVE('',#6509,#7700,#8646,.T.);
#8646 = LINE('',#8647,#8648);
#8647 = CARTESIAN_POINT('',(218.458629,-52.644663,0.));
#8648 = VECTOR('',#8649,1.);
#8649 = DIRECTION('',(0.,0.,1.));
#8650 = ORIENTED_EDGE('',*,*,#6516,.F.);
#8651 = PLANE('',#8652);
#8652 = AXIS2_PLACEMENT_3D('',#8653,#8654,#8655);
#8653 = CARTESIAN_POINT('',(218.093496,-52.166117,0.));
#8654 = DIRECTION('',(0.795009856882,0.60659651125,-0.));
#8655 = DIRECTION('',(0.60659651125,-0.795009856882,0.));
#8656 = ADVANCED_FACE('',(#8657),#8668,.T.);
#8657 = FACE_BOUND('',#8658,.T.);
#8658 = EDGE_LOOP('',(#8659,#8665,#8666,#8667));
#8659 = ORIENTED_EDGE('',*,*,#8660,.T.);
#8660 = EDGE_CURVE('',#5709,#6900,#8661,.T.);
#8661 = LINE('',#8662,#8663);
#8662 = CARTESIAN_POINT('',(172.314482,-51.696754,0.));
#8663 = VECTOR('',#8664,1.);
#8664 = DIRECTION('',(0.,0.,1.));
#8665 = ORIENTED_EDGE('',*,*,#6899,.T.);
#8666 = ORIENTED_EDGE('',*,*,#8626,.F.);
#8667 = ORIENTED_EDGE('',*,*,#5708,.F.);
#8668 = PLANE('',#8669);
#8669 = AXIS2_PLACEMENT_3D('',#8670,#8671,#8672);
#8670 = CARTESIAN_POINT('',(172.314482,-51.696754,0.));
#8671 = DIRECTION('',(-0.71304713557,0.701116097701,0.));
#8672 = DIRECTION('',(0.701116097701,0.71304713557,0.));
#8673 = ADVANCED_FACE('',(#8674),#8685,.T.);
#8674 = FACE_BOUND('',#8675,.T.);
#8675 = EDGE_LOOP('',(#8676,#8677,#8678,#8684));
#8676 = ORIENTED_EDGE('',*,*,#8645,.T.);
#8677 = ORIENTED_EDGE('',*,*,#7699,.T.);
#8678 = ORIENTED_EDGE('',*,*,#8679,.F.);
#8679 = EDGE_CURVE('',#6501,#7692,#8680,.T.);
#8680 = LINE('',#8681,#8682);
#8681 = CARTESIAN_POINT('',(218.782627,-53.132883,0.));
#8682 = VECTOR('',#8683,1.);
#8683 = DIRECTION('',(0.,0.,1.));
#8684 = ORIENTED_EDGE('',*,*,#6508,.F.);
#8685 = PLANE('',#8686);
#8686 = AXIS2_PLACEMENT_3D('',#8687,#8688,#8689);
#8687 = CARTESIAN_POINT('',(218.458629,-52.644663,0.));
#8688 = DIRECTION('',(0.83321579365,0.552947955248,-0.));
#8689 = DIRECTION('',(0.552947955248,-0.83321579365,0.));
#8690 = ADVANCED_FACE('',(#8691),#8702,.T.);
#8691 = FACE_BOUND('',#8692,.T.);
#8692 = EDGE_LOOP('',(#8693,#8699,#8700,#8701));
#8693 = ORIENTED_EDGE('',*,*,#8694,.T.);
#8694 = EDGE_CURVE('',#5717,#6908,#8695,.T.);
#8695 = LINE('',#8696,#8697);
#8696 = CARTESIAN_POINT('',(171.906504,-52.166117,0.));
#8697 = VECTOR('',#8698,1.);
#8698 = DIRECTION('',(0.,0.,1.));
#8699 = ORIENTED_EDGE('',*,*,#6907,.T.);
#8700 = ORIENTED_EDGE('',*,*,#8660,.F.);
#8701 = ORIENTED_EDGE('',*,*,#5716,.F.);
#8702 = PLANE('',#8703);
#8703 = AXIS2_PLACEMENT_3D('',#8704,#8705,#8706);
#8704 = CARTESIAN_POINT('',(171.906504,-52.166117,0.));
#8705 = DIRECTION('',(-0.754735878193,0.656028775412,0.));
#8706 = DIRECTION('',(0.656028775412,0.754735878193,0.));
#8707 = ADVANCED_FACE('',(#8708),#8719,.T.);
#8708 = FACE_BOUND('',#8709,.T.);
#8709 = EDGE_LOOP('',(#8710,#8711,#8712,#8718));
#8710 = ORIENTED_EDGE('',*,*,#8679,.T.);
#8711 = ORIENTED_EDGE('',*,*,#7691,.T.);
#8712 = ORIENTED_EDGE('',*,*,#8713,.F.);
#8713 = EDGE_CURVE('',#6493,#7684,#8714,.T.);
#8714 = LINE('',#8715,#8716);
#8715 = CARTESIAN_POINT('',(219.066931,-53.631445,0.));
#8716 = VECTOR('',#8717,1.);
#8717 = DIRECTION('',(0.,0.,1.));
#8718 = ORIENTED_EDGE('',*,*,#6500,.F.);
#8719 = PLANE('',#8720);
#8720 = AXIS2_PLACEMENT_3D('',#8721,#8722,#8723);
#8721 = CARTESIAN_POINT('',(218.782627,-53.132883,0.));
#8722 = DIRECTION('',(0.868684558346,0.495365660993,-0.));
#8723 = DIRECTION('',(0.495365660993,-0.868684558346,0.));
#8724 = ADVANCED_FACE('',(#8725),#8736,.T.);
#8725 = FACE_BOUND('',#8726,.T.);
#8726 = EDGE_LOOP('',(#8727,#8733,#8734,#8735));
#8727 = ORIENTED_EDGE('',*,*,#8728,.T.);
#8728 = EDGE_CURVE('',#5725,#6916,#8729,.T.);
#8729 = LINE('',#8730,#8731);
#8730 = CARTESIAN_POINT('',(171.541371,-52.644663,0.));
#8731 = VECTOR('',#8732,1.);
#8732 = DIRECTION('',(0.,0.,1.));
#8733 = ORIENTED_EDGE('',*,*,#6915,.T.);
#8734 = ORIENTED_EDGE('',*,*,#8694,.F.);
#8735 = ORIENTED_EDGE('',*,*,#5724,.F.);
#8736 = PLANE('',#8737);
#8737 = AXIS2_PLACEMENT_3D('',#8738,#8739,#8740);
#8738 = CARTESIAN_POINT('',(171.541371,-52.644663,0.));
#8739 = DIRECTION('',(-0.795009856882,0.60659651125,0.));
#8740 = DIRECTION('',(0.60659651125,0.795009856882,0.));
#8741 = ADVANCED_FACE('',(#8742),#8753,.T.);
#8742 = FACE_BOUND('',#8743,.T.);
#8743 = EDGE_LOOP('',(#8744,#8745,#8746,#8752));
#8744 = ORIENTED_EDGE('',*,*,#8713,.T.);
#8745 = ORIENTED_EDGE('',*,*,#7683,.T.);
#8746 = ORIENTED_EDGE('',*,*,#8747,.F.);
#8747 = EDGE_CURVE('',#6485,#7676,#8748,.T.);
#8748 = LINE('',#8749,#8750);
#8749 = CARTESIAN_POINT('',(219.312685,-54.141193,0.));
#8750 = VECTOR('',#8751,1.);
#8751 = DIRECTION('',(0.,0.,1.));
#8752 = ORIENTED_EDGE('',*,*,#6492,.F.);
#8753 = PLANE('',#8754);
#8754 = AXIS2_PLACEMENT_3D('',#8755,#8756,#8757);
#8755 = CARTESIAN_POINT('',(219.066931,-53.631445,0.));
#8756 = DIRECTION('',(0.900780679998,0.434274298736,-0.));
#8757 = DIRECTION('',(0.434274298736,-0.900780679998,0.));
#8758 = ADVANCED_FACE('',(#8759),#8770,.T.);
#8759 = FACE_BOUND('',#8760,.T.);
#8760 = EDGE_LOOP('',(#8761,#8767,#8768,#8769));
#8761 = ORIENTED_EDGE('',*,*,#8762,.T.);
#8762 = EDGE_CURVE('',#5733,#6924,#8763,.T.);
#8763 = LINE('',#8764,#8765);
#8764 = CARTESIAN_POINT('',(171.217373,-53.132883,0.));
#8765 = VECTOR('',#8766,1.);
#8766 = DIRECTION('',(0.,0.,1.));
#8767 = ORIENTED_EDGE('',*,*,#6923,.T.);
#8768 = ORIENTED_EDGE('',*,*,#8728,.F.);
#8769 = ORIENTED_EDGE('',*,*,#5732,.F.);
#8770 = PLANE('',#8771);
#8771 = AXIS2_PLACEMENT_3D('',#8772,#8773,#8774);
#8772 = CARTESIAN_POINT('',(171.217373,-53.132883,0.));
#8773 = DIRECTION('',(-0.83321579365,0.552947955248,0.));
#8774 = DIRECTION('',(0.552947955248,0.83321579365,0.));
#8775 = ADVANCED_FACE('',(#8776),#8787,.T.);
#8776 = FACE_BOUND('',#8777,.T.);
#8777 = EDGE_LOOP('',(#8778,#8779,#8780,#8786));
#8778 = ORIENTED_EDGE('',*,*,#8747,.T.);
#8779 = ORIENTED_EDGE('',*,*,#7675,.T.);
#8780 = ORIENTED_EDGE('',*,*,#8781,.F.);
#8781 = EDGE_CURVE('',#6477,#7668,#8782,.T.);
#8782 = LINE('',#8783,#8784);
#8783 = CARTESIAN_POINT('',(219.520717,-54.663129,0.));
#8784 = VECTOR('',#8785,1.);
#8785 = DIRECTION('',(0.,0.,1.));
#8786 = ORIENTED_EDGE('',*,*,#6484,.F.);
#8787 = PLANE('',#8788);
#8788 = AXIS2_PLACEMENT_3D('',#8789,#8790,#8791);
#8789 = CARTESIAN_POINT('',(219.312685,-54.141193,0.));
#8790 = DIRECTION('',(0.928931616041,0.370251337229,-0.));
#8791 = DIRECTION('',(0.370251337229,-0.928931616041,0.));
#8792 = ADVANCED_FACE('',(#8793),#8804,.T.);
#8793 = FACE_BOUND('',#8794,.T.);
#8794 = EDGE_LOOP('',(#8795,#8801,#8802,#8803));
#8795 = ORIENTED_EDGE('',*,*,#8796,.T.);
#8796 = EDGE_CURVE('',#5741,#6932,#8797,.T.);
#8797 = LINE('',#8798,#8799);
#8798 = CARTESIAN_POINT('',(170.933069,-53.631445,0.));
#8799 = VECTOR('',#8800,1.);
#8800 = DIRECTION('',(0.,0.,1.));
#8801 = ORIENTED_EDGE('',*,*,#6931,.T.);
#8802 = ORIENTED_EDGE('',*,*,#8762,.F.);
#8803 = ORIENTED_EDGE('',*,*,#5740,.F.);
#8804 = PLANE('',#8805);
#8805 = AXIS2_PLACEMENT_3D('',#8806,#8807,#8808);
#8806 = CARTESIAN_POINT('',(170.933069,-53.631445,0.));
#8807 = DIRECTION('',(-0.868684558346,0.495365660993,0.));
#8808 = DIRECTION('',(0.495365660993,0.868684558346,0.));
#8809 = ADVANCED_FACE('',(#8810),#8821,.T.);
#8810 = FACE_BOUND('',#8811,.T.);
#8811 = EDGE_LOOP('',(#8812,#8813,#8814,#8820));
#8812 = ORIENTED_EDGE('',*,*,#8781,.T.);
#8813 = ORIENTED_EDGE('',*,*,#7667,.T.);
#8814 = ORIENTED_EDGE('',*,*,#8815,.F.);
#8815 = EDGE_CURVE('',#6469,#7660,#8816,.T.);
#8816 = LINE('',#8817,#8818);
#8817 = CARTESIAN_POINT('',(219.691519,-55.198402,0.));
#8818 = VECTOR('',#8819,1.);
#8819 = DIRECTION('',(0.,0.,1.));
#8820 = ORIENTED_EDGE('',*,*,#6476,.F.);
#8821 = PLANE('',#8822);
#8822 = AXIS2_PLACEMENT_3D('',#8823,#8824,#8825);
#8823 = CARTESIAN_POINT('',(219.520717,-54.663129,0.));
#8824 = DIRECTION('',(0.952674576612,0.303992024695,-0.));
#8825 = DIRECTION('',(0.303992024695,-0.952674576612,0.));
#8826 = ADVANCED_FACE('',(#8827),#8838,.T.);
#8827 = FACE_BOUND('',#8828,.T.);
#8828 = EDGE_LOOP('',(#8829,#8835,#8836,#8837));
#8829 = ORIENTED_EDGE('',*,*,#8830,.T.);
#8830 = EDGE_CURVE('',#5749,#6940,#8831,.T.);
#8831 = LINE('',#8832,#8833);
#8832 = CARTESIAN_POINT('',(170.687315,-54.141193,0.));
#8833 = VECTOR('',#8834,1.);
#8834 = DIRECTION('',(0.,0.,1.));
#8835 = ORIENTED_EDGE('',*,*,#6939,.T.);
#8836 = ORIENTED_EDGE('',*,*,#8796,.F.);
#8837 = ORIENTED_EDGE('',*,*,#5748,.F.);
#8838 = PLANE('',#8839);
#8839 = AXIS2_PLACEMENT_3D('',#8840,#8841,#8842);
#8840 = CARTESIAN_POINT('',(170.687315,-54.141193,0.));
#8841 = DIRECTION('',(-0.900780679998,0.434274298736,0.));
#8842 = DIRECTION('',(0.434274298736,0.900780679998,0.));
#8843 = ADVANCED_FACE('',(#8844),#8855,.T.);
#8844 = FACE_BOUND('',#8845,.T.);
#8845 = EDGE_LOOP('',(#8846,#8847,#8848,#8854));
#8846 = ORIENTED_EDGE('',*,*,#8815,.T.);
#8847 = ORIENTED_EDGE('',*,*,#7659,.T.);
#8848 = ORIENTED_EDGE('',*,*,#8849,.F.);
#8849 = EDGE_CURVE('',#6461,#7652,#8850,.T.);
#8850 = LINE('',#8851,#8852);
#8851 = CARTESIAN_POINT('',(219.825235,-55.748293,0.));
#8852 = VECTOR('',#8853,1.);
#8853 = DIRECTION('',(0.,0.,1.));
#8854 = ORIENTED_EDGE('',*,*,#6468,.F.);
#8855 = PLANE('',#8856);
#8856 = AXIS2_PLACEMENT_3D('',#8857,#8858,#8859);
#8857 = CARTESIAN_POINT('',(219.691519,-55.198402,0.));
#8858 = DIRECTION('',(0.971684348691,0.236282725794,-0.));
#8859 = DIRECTION('',(0.236282725794,-0.971684348691,0.));
#8860 = ADVANCED_FACE('',(#8861),#8872,.T.);
#8861 = FACE_BOUND('',#8862,.T.);
#8862 = EDGE_LOOP('',(#8863,#8869,#8870,#8871));
#8863 = ORIENTED_EDGE('',*,*,#8864,.T.);
#8864 = EDGE_CURVE('',#5757,#6948,#8865,.T.);
#8865 = LINE('',#8866,#8867);
#8866 = CARTESIAN_POINT('',(170.479283,-54.663129,0.));
#8867 = VECTOR('',#8868,1.);
#8868 = DIRECTION('',(0.,0.,1.));
#8869 = ORIENTED_EDGE('',*,*,#6947,.T.);
#8870 = ORIENTED_EDGE('',*,*,#8830,.F.);
#8871 = ORIENTED_EDGE('',*,*,#5756,.F.);
#8872 = PLANE('',#8873);
#8873 = AXIS2_PLACEMENT_3D('',#8874,#8875,#8876);
#8874 = CARTESIAN_POINT('',(170.479283,-54.663129,0.));
#8875 = DIRECTION('',(-0.928931616041,0.370251337229,0.));
#8876 = DIRECTION('',(0.370251337229,0.928931616041,0.));
#8877 = ADVANCED_FACE('',(#8878),#8889,.T.);
#8878 = FACE_BOUND('',#8879,.T.);
#8879 = EDGE_LOOP('',(#8880,#8881,#8882,#8888));
#8880 = ORIENTED_EDGE('',*,*,#8849,.T.);
#8881 = ORIENTED_EDGE('',*,*,#7651,.T.);
#8882 = ORIENTED_EDGE('',*,*,#8883,.F.);
#8883 = EDGE_CURVE('',#6453,#7644,#8884,.T.);
#8884 = LINE('',#8885,#8886);
#8885 = CARTESIAN_POINT('',(219.878079,-56.028821,0.));
#8886 = VECTOR('',#8887,1.);
#8887 = DIRECTION('',(0.,0.,1.));
#8888 = ORIENTED_EDGE('',*,*,#6460,.F.);
#8889 = PLANE('',#8890);
#8890 = AXIS2_PLACEMENT_3D('',#8891,#8892,#8893);
#8891 = CARTESIAN_POINT('',(219.825235,-55.748293,0.));
#8892 = DIRECTION('',(0.982716379107,0.185117579484,-0.));
#8893 = DIRECTION('',(0.185117579484,-0.982716379107,0.));
#8894 = ADVANCED_FACE('',(#8895),#8906,.T.);
#8895 = FACE_BOUND('',#8896,.T.);
#8896 = EDGE_LOOP('',(#8897,#8903,#8904,#8905));
#8897 = ORIENTED_EDGE('',*,*,#8898,.T.);
#8898 = EDGE_CURVE('',#5765,#6956,#8899,.T.);
#8899 = LINE('',#8900,#8901);
#8900 = CARTESIAN_POINT('',(170.308481,-55.198402,0.));
#8901 = VECTOR('',#8902,1.);
#8902 = DIRECTION('',(0.,0.,1.));
#8903 = ORIENTED_EDGE('',*,*,#6955,.T.);
#8904 = ORIENTED_EDGE('',*,*,#8864,.F.);
#8905 = ORIENTED_EDGE('',*,*,#5764,.F.);
#8906 = PLANE('',#8907);
#8907 = AXIS2_PLACEMENT_3D('',#8908,#8909,#8910);
#8908 = CARTESIAN_POINT('',(170.308481,-55.198402,0.));
#8909 = DIRECTION('',(-0.952674576612,0.303992024695,0.));
#8910 = DIRECTION('',(0.303992024695,0.952674576612,0.));
#8911 = ADVANCED_FACE('',(#8912),#8923,.T.);
#8912 = FACE_BOUND('',#8913,.T.);
#8913 = EDGE_LOOP('',(#8914,#8915,#8916,#8922));
#8914 = ORIENTED_EDGE('',*,*,#8883,.T.);
#8915 = ORIENTED_EDGE('',*,*,#7643,.T.);
#8916 = ORIENTED_EDGE('',*,*,#8917,.F.);
#8917 = EDGE_CURVE('',#6445,#7636,#8918,.T.);
#8918 = LINE('',#8919,#8920);
#8919 = CARTESIAN_POINT('',(219.921657,-56.314189,0.));
#8920 = VECTOR('',#8921,1.);
#8921 = DIRECTION('',(0.,0.,1.));
#8922 = ORIENTED_EDGE('',*,*,#6452,.F.);
#8923 = PLANE('',#8924);
#8924 = AXIS2_PLACEMENT_3D('',#8925,#8926,#8927);
#8925 = CARTESIAN_POINT('',(219.878079,-56.028821,0.));
#8926 = DIRECTION('',(0.98854016621,0.150958072955,-0.));
#8927 = DIRECTION('',(0.150958072955,-0.98854016621,0.));
#8928 = ADVANCED_FACE('',(#8929),#8940,.T.);
#8929 = FACE_BOUND('',#8930,.T.);
#8930 = EDGE_LOOP('',(#8931,#8937,#8938,#8939));
#8931 = ORIENTED_EDGE('',*,*,#8932,.T.);
#8932 = EDGE_CURVE('',#5773,#6964,#8933,.T.);
#8933 = LINE('',#8934,#8935);
#8934 = CARTESIAN_POINT('',(170.174765,-55.748293,0.));
#8935 = VECTOR('',#8936,1.);
#8936 = DIRECTION('',(0.,0.,1.));
#8937 = ORIENTED_EDGE('',*,*,#6963,.T.);
#8938 = ORIENTED_EDGE('',*,*,#8898,.F.);
#8939 = ORIENTED_EDGE('',*,*,#5772,.F.);
#8940 = PLANE('',#8941);
#8941 = AXIS2_PLACEMENT_3D('',#8942,#8943,#8944);
#8942 = CARTESIAN_POINT('',(170.174765,-55.748293,0.));
#8943 = DIRECTION('',(-0.971684348691,0.236282725794,0.));
#8944 = DIRECTION('',(0.236282725794,0.971684348691,0.));
#8945 = ADVANCED_FACE('',(#8946),#8957,.T.);
#8946 = FACE_BOUND('',#8947,.T.);
#8947 = EDGE_LOOP('',(#8948,#8949,#8950,#8956));
#8948 = ORIENTED_EDGE('',*,*,#8917,.T.);
#8949 = ORIENTED_EDGE('',*,*,#7635,.T.);
#8950 = ORIENTED_EDGE('',*,*,#8951,.F.);
#8951 = EDGE_CURVE('',#6437,#7628,#8952,.T.);
#8952 = LINE('',#8953,#8954);
#8953 = CARTESIAN_POINT('',(219.955703,-56.603437,0.));
#8954 = VECTOR('',#8955,1.);
#8955 = DIRECTION('',(0.,0.,1.));
#8956 = ORIENTED_EDGE('',*,*,#6444,.F.);
#8957 = PLANE('',#8958);
#8958 = AXIS2_PLACEMENT_3D('',#8959,#8960,#8961);
#8959 = CARTESIAN_POINT('',(219.921657,-56.314189,0.));
#8960 = DIRECTION('',(0.993143899673,0.116898223007,-0.));
#8961 = DIRECTION('',(0.116898223007,-0.993143899673,0.));
#8962 = ADVANCED_FACE('',(#8963),#8974,.T.);
#8963 = FACE_BOUND('',#8964,.T.);
#8964 = EDGE_LOOP('',(#8965,#8971,#8972,#8973));
#8965 = ORIENTED_EDGE('',*,*,#8966,.T.);
#8966 = EDGE_CURVE('',#5781,#6972,#8967,.T.);
#8967 = LINE('',#8968,#8969);
#8968 = CARTESIAN_POINT('',(170.121921,-56.028821,0.));
#8969 = VECTOR('',#8970,1.);
#8970 = DIRECTION('',(0.,0.,1.));
#8971 = ORIENTED_EDGE('',*,*,#6971,.T.);
#8972 = ORIENTED_EDGE('',*,*,#8932,.F.);
#8973 = ORIENTED_EDGE('',*,*,#5780,.F.);
#8974 = PLANE('',#8975);
#8975 = AXIS2_PLACEMENT_3D('',#8976,#8977,#8978);
#8976 = CARTESIAN_POINT('',(170.121921,-56.028821,0.));
#8977 = DIRECTION('',(-0.982716379107,0.185117579484,0.));
#8978 = DIRECTION('',(0.185117579484,0.982716379107,0.));
#8979 = ADVANCED_FACE('',(#8980),#8991,.T.);
#8980 = FACE_BOUND('',#8981,.T.);
#8981 = EDGE_LOOP('',(#8982,#8983,#8984,#8990));
#8982 = ORIENTED_EDGE('',*,*,#8951,.T.);
#8983 = ORIENTED_EDGE('',*,*,#7627,.T.);
#8984 = ORIENTED_EDGE('',*,*,#8985,.F.);
#8985 = EDGE_CURVE('',#6429,#7620,#8986,.T.);
#8986 = LINE('',#8987,#8988);
#8987 = CARTESIAN_POINT('',(219.980218,-56.897573,0.));
#8988 = VECTOR('',#8989,1.);
#8989 = DIRECTION('',(0.,0.,1.));
#8990 = ORIENTED_EDGE('',*,*,#6436,.F.);
#8991 = PLANE('',#8992);
#8992 = AXIS2_PLACEMENT_3D('',#8993,#8994,#8995);
#8993 = CARTESIAN_POINT('',(219.955703,-56.603437,0.));
#8994 = DIRECTION('',(0.996544730073,8.30578169886E-02,-0.));
#8995 = DIRECTION('',(8.30578169886E-02,-0.996544730073,0.));
#8996 = ADVANCED_FACE('',(#8997),#9008,.T.);
#8997 = FACE_BOUND('',#8998,.T.);
#8998 = EDGE_LOOP('',(#8999,#9005,#9006,#9007));
#8999 = ORIENTED_EDGE('',*,*,#9000,.T.);
#9000 = EDGE_CURVE('',#5789,#6980,#9001,.T.);
#9001 = LINE('',#9002,#9003);
#9002 = CARTESIAN_POINT('',(170.078343,-56.314189,0.));
#9003 = VECTOR('',#9004,1.);
#9004 = DIRECTION('',(0.,0.,1.));
#9005 = ORIENTED_EDGE('',*,*,#6979,.T.);
#9006 = ORIENTED_EDGE('',*,*,#8966,.F.);
#9007 = ORIENTED_EDGE('',*,*,#5788,.F.);
#9008 = PLANE('',#9009);
#9009 = AXIS2_PLACEMENT_3D('',#9010,#9011,#9012);
#9010 = CARTESIAN_POINT('',(170.078343,-56.314189,0.));
#9011 = DIRECTION('',(-0.98854016621,0.150958072955,0.));
#9012 = DIRECTION('',(0.150958072955,0.98854016621,0.));
#9013 = ADVANCED_FACE('',(#9014),#9025,.T.);
#9014 = FACE_BOUND('',#9015,.T.);
#9015 = EDGE_LOOP('',(#9016,#9017,#9018,#9024));
#9016 = ORIENTED_EDGE('',*,*,#8985,.T.);
#9017 = ORIENTED_EDGE('',*,*,#7619,.T.);
#9018 = ORIENTED_EDGE('',*,*,#9019,.F.);
#9019 = EDGE_CURVE('',#6421,#7612,#9020,.T.);
#9020 = LINE('',#9021,#9022);
#9021 = CARTESIAN_POINT('',(219.995027,-57.196307,0.));
#9022 = VECTOR('',#9023,1.);
#9023 = DIRECTION('',(0.,0.,1.));
#9024 = ORIENTED_EDGE('',*,*,#6428,.F.);
#9025 = PLANE('',#9026);
#9026 = AXIS2_PLACEMENT_3D('',#9027,#9028,#9029);
#9027 = CARTESIAN_POINT('',(219.980218,-56.897573,0.));
#9028 = DIRECTION('',(0.998773542158,4.951173078993E-02,-0.));
#9029 = DIRECTION('',(4.951173078993E-02,-0.998773542158,0.));
#9030 = ADVANCED_FACE('',(#9031),#9042,.T.);
#9031 = FACE_BOUND('',#9032,.T.);
#9032 = EDGE_LOOP('',(#9033,#9039,#9040,#9041));
#9033 = ORIENTED_EDGE('',*,*,#9034,.T.);
#9034 = EDGE_CURVE('',#5797,#6988,#9035,.T.);
#9035 = LINE('',#9036,#9037);
#9036 = CARTESIAN_POINT('',(170.044297,-56.603437,0.));
#9037 = VECTOR('',#9038,1.);
#9038 = DIRECTION('',(0.,0.,1.));
#9039 = ORIENTED_EDGE('',*,*,#6987,.T.);
#9040 = ORIENTED_EDGE('',*,*,#9000,.F.);
#9041 = ORIENTED_EDGE('',*,*,#5796,.F.);
#9042 = PLANE('',#9043);
#9043 = AXIS2_PLACEMENT_3D('',#9044,#9045,#9046);
#9044 = CARTESIAN_POINT('',(170.044297,-56.603437,0.));
#9045 = DIRECTION('',(-0.993143899673,0.116898223007,0.));
#9046 = DIRECTION('',(0.116898223007,0.993143899673,0.));
#9047 = ADVANCED_FACE('',(#9048),#9059,.T.);
#9048 = FACE_BOUND('',#9049,.T.);
#9049 = EDGE_LOOP('',(#9050,#9051,#9052,#9058));
#9050 = ORIENTED_EDGE('',*,*,#9019,.T.);
#9051 = ORIENTED_EDGE('',*,*,#7611,.T.);
#9052 = ORIENTED_EDGE('',*,*,#9053,.F.);
#9053 = EDGE_CURVE('',#6413,#7604,#9054,.T.);
#9054 = LINE('',#9055,#9056);
#9055 = CARTESIAN_POINT('',(220.,-57.5,0.));
#9056 = VECTOR('',#9057,1.);
#9057 = DIRECTION('',(0.,0.,1.));
#9058 = ORIENTED_EDGE('',*,*,#6420,.F.);
#9059 = PLANE('',#9060);
#9060 = AXIS2_PLACEMENT_3D('',#9061,#9062,#9063);
#9061 = CARTESIAN_POINT('',(219.995027,-57.196307,0.));
#9062 = DIRECTION('',(0.999865955182,1.637289432132E-02,-0.));
#9063 = DIRECTION('',(1.637289432132E-02,-0.999865955182,0.));
#9064 = ADVANCED_FACE('',(#9065),#9076,.T.);
#9065 = FACE_BOUND('',#9066,.T.);
#9066 = EDGE_LOOP('',(#9067,#9073,#9074,#9075));
#9067 = ORIENTED_EDGE('',*,*,#9068,.T.);
#9068 = EDGE_CURVE('',#5805,#6996,#9069,.T.);
#9069 = LINE('',#9070,#9071);
#9070 = CARTESIAN_POINT('',(170.019782,-56.897573,0.));
#9071 = VECTOR('',#9072,1.);
#9072 = DIRECTION('',(0.,0.,1.));
#9073 = ORIENTED_EDGE('',*,*,#6995,.T.);
#9074 = ORIENTED_EDGE('',*,*,#9034,.F.);
#9075 = ORIENTED_EDGE('',*,*,#5804,.F.);
#9076 = PLANE('',#9077);
#9077 = AXIS2_PLACEMENT_3D('',#9078,#9079,#9080);
#9078 = CARTESIAN_POINT('',(170.019782,-56.897573,0.));
#9079 = DIRECTION('',(-0.996544730073,8.30578169886E-02,0.));
#9080 = DIRECTION('',(8.30578169886E-02,0.996544730073,0.));
#9081 = ADVANCED_FACE('',(#9082),#9093,.T.);
#9082 = FACE_BOUND('',#9083,.T.);
#9083 = EDGE_LOOP('',(#9084,#9085,#9086,#9092));
#9084 = ORIENTED_EDGE('',*,*,#9053,.T.);
#9085 = ORIENTED_EDGE('',*,*,#7603,.T.);
#9086 = ORIENTED_EDGE('',*,*,#9087,.F.);
#9087 = EDGE_CURVE('',#6405,#7596,#9088,.T.);
#9088 = LINE('',#9089,#9090);
#9089 = CARTESIAN_POINT('',(219.995027,-57.803693,0.));
#9090 = VECTOR('',#9091,1.);
#9091 = DIRECTION('',(0.,0.,1.));
#9092 = ORIENTED_EDGE('',*,*,#6412,.F.);
#9093 = PLANE('',#9094);
#9094 = AXIS2_PLACEMENT_3D('',#9095,#9096,#9097);
#9095 = CARTESIAN_POINT('',(220.,-57.5,0.));
#9096 = DIRECTION('',(0.999865955182,-1.637289432132E-02,0.));
#9097 = DIRECTION('',(-1.637289432132E-02,-0.999865955182,0.));
#9098 = ADVANCED_FACE('',(#9099),#9110,.T.);
#9099 = FACE_BOUND('',#9100,.T.);
#9100 = EDGE_LOOP('',(#9101,#9107,#9108,#9109));
#9101 = ORIENTED_EDGE('',*,*,#9102,.T.);
#9102 = EDGE_CURVE('',#5813,#7004,#9103,.T.);
#9103 = LINE('',#9104,#9105);
#9104 = CARTESIAN_POINT('',(170.004973,-57.196307,0.));
#9105 = VECTOR('',#9106,1.);
#9106 = DIRECTION('',(0.,0.,1.));
#9107 = ORIENTED_EDGE('',*,*,#7003,.T.);
#9108 = ORIENTED_EDGE('',*,*,#9068,.F.);
#9109 = ORIENTED_EDGE('',*,*,#5812,.F.);
#9110 = PLANE('',#9111);
#9111 = AXIS2_PLACEMENT_3D('',#9112,#9113,#9114);
#9112 = CARTESIAN_POINT('',(170.004973,-57.196307,0.));
#9113 = DIRECTION('',(-0.998773542158,4.951173078993E-02,0.));
#9114 = DIRECTION('',(4.951173078993E-02,0.998773542158,0.));
#9115 = ADVANCED_FACE('',(#9116),#9127,.T.);
#9116 = FACE_BOUND('',#9117,.T.);
#9117 = EDGE_LOOP('',(#9118,#9119,#9120,#9126));
#9118 = ORIENTED_EDGE('',*,*,#9087,.T.);
#9119 = ORIENTED_EDGE('',*,*,#7595,.T.);
#9120 = ORIENTED_EDGE('',*,*,#9121,.F.);
#9121 = EDGE_CURVE('',#6397,#7588,#9122,.T.);
#9122 = LINE('',#9123,#9124);
#9123 = CARTESIAN_POINT('',(219.980218,-58.102427,0.));
#9124 = VECTOR('',#9125,1.);
#9125 = DIRECTION('',(0.,0.,1.));
#9126 = ORIENTED_EDGE('',*,*,#6404,.F.);
#9127 = PLANE('',#9128);
#9128 = AXIS2_PLACEMENT_3D('',#9129,#9130,#9131);
#9129 = CARTESIAN_POINT('',(219.995027,-57.803693,0.));
#9130 = DIRECTION('',(0.998773542158,-4.951173078993E-02,0.));
#9131 = DIRECTION('',(-4.951173078993E-02,-0.998773542158,0.));
#9132 = ADVANCED_FACE('',(#9133),#9144,.T.);
#9133 = FACE_BOUND('',#9134,.T.);
#9134 = EDGE_LOOP('',(#9135,#9141,#9142,#9143));
#9135 = ORIENTED_EDGE('',*,*,#9136,.T.);
#9136 = EDGE_CURVE('',#5821,#7012,#9137,.T.);
#9137 = LINE('',#9138,#9139);
#9138 = CARTESIAN_POINT('',(170.,-57.5,0.));
#9139 = VECTOR('',#9140,1.);
#9140 = DIRECTION('',(0.,0.,1.));
#9141 = ORIENTED_EDGE('',*,*,#7011,.T.);
#9142 = ORIENTED_EDGE('',*,*,#9102,.F.);
#9143 = ORIENTED_EDGE('',*,*,#5820,.F.);
#9144 = PLANE('',#9145);
#9145 = AXIS2_PLACEMENT_3D('',#9146,#9147,#9148);
#9146 = CARTESIAN_POINT('',(170.,-57.5,0.));
#9147 = DIRECTION('',(-0.999865955182,1.637289432132E-02,0.));
#9148 = DIRECTION('',(1.637289432132E-02,0.999865955182,0.));
#9149 = ADVANCED_FACE('',(#9150),#9161,.T.);
#9150 = FACE_BOUND('',#9151,.T.);
#9151 = EDGE_LOOP('',(#9152,#9153,#9154,#9160));
#9152 = ORIENTED_EDGE('',*,*,#9121,.T.);
#9153 = ORIENTED_EDGE('',*,*,#7587,.T.);
#9154 = ORIENTED_EDGE('',*,*,#9155,.F.);
#9155 = EDGE_CURVE('',#6389,#7580,#9156,.T.);
#9156 = LINE('',#9157,#9158);
#9157 = CARTESIAN_POINT('',(219.955703,-58.396563,0.));
#9158 = VECTOR('',#9159,1.);
#9159 = DIRECTION('',(0.,0.,1.));
#9160 = ORIENTED_EDGE('',*,*,#6396,.F.);
#9161 = PLANE('',#9162);
#9162 = AXIS2_PLACEMENT_3D('',#9163,#9164,#9165);
#9163 = CARTESIAN_POINT('',(219.980218,-58.102427,0.));
#9164 = DIRECTION('',(0.996544730073,-8.30578169886E-02,0.));
#9165 = DIRECTION('',(-8.30578169886E-02,-0.996544730073,0.));
#9166 = ADVANCED_FACE('',(#9167),#9178,.T.);
#9167 = FACE_BOUND('',#9168,.T.);
#9168 = EDGE_LOOP('',(#9169,#9175,#9176,#9177));
#9169 = ORIENTED_EDGE('',*,*,#9170,.T.);
#9170 = EDGE_CURVE('',#5829,#7020,#9171,.T.);
#9171 = LINE('',#9172,#9173);
#9172 = CARTESIAN_POINT('',(170.004973,-57.803693,0.));
#9173 = VECTOR('',#9174,1.);
#9174 = DIRECTION('',(0.,0.,1.));
#9175 = ORIENTED_EDGE('',*,*,#7019,.T.);
#9176 = ORIENTED_EDGE('',*,*,#9136,.F.);
#9177 = ORIENTED_EDGE('',*,*,#5828,.F.);
#9178 = PLANE('',#9179);
#9179 = AXIS2_PLACEMENT_3D('',#9180,#9181,#9182);
#9180 = CARTESIAN_POINT('',(170.004973,-57.803693,0.));
#9181 = DIRECTION('',(-0.999865955182,-1.637289432132E-02,0.));
#9182 = DIRECTION('',(-1.637289432132E-02,0.999865955182,0.));
#9183 = ADVANCED_FACE('',(#9184),#9195,.T.);
#9184 = FACE_BOUND('',#9185,.T.);
#9185 = EDGE_LOOP('',(#9186,#9187,#9188,#9194));
#9186 = ORIENTED_EDGE('',*,*,#9155,.T.);
#9187 = ORIENTED_EDGE('',*,*,#7579,.T.);
#9188 = ORIENTED_EDGE('',*,*,#9189,.F.);
#9189 = EDGE_CURVE('',#6381,#7572,#9190,.T.);
#9190 = LINE('',#9191,#9192);
#9191 = CARTESIAN_POINT('',(219.921657,-58.685811,0.));
#9192 = VECTOR('',#9193,1.);
#9193 = DIRECTION('',(0.,0.,1.));
#9194 = ORIENTED_EDGE('',*,*,#6388,.F.);
#9195 = PLANE('',#9196);
#9196 = AXIS2_PLACEMENT_3D('',#9197,#9198,#9199);
#9197 = CARTESIAN_POINT('',(219.955703,-58.396563,0.));
#9198 = DIRECTION('',(0.993143899673,-0.116898223007,0.));
#9199 = DIRECTION('',(-0.116898223007,-0.993143899673,0.));
#9200 = ADVANCED_FACE('',(#9201),#9212,.T.);
#9201 = FACE_BOUND('',#9202,.T.);
#9202 = EDGE_LOOP('',(#9203,#9209,#9210,#9211));
#9203 = ORIENTED_EDGE('',*,*,#9204,.T.);
#9204 = EDGE_CURVE('',#5837,#7028,#9205,.T.);
#9205 = LINE('',#9206,#9207);
#9206 = CARTESIAN_POINT('',(170.019782,-58.102427,0.));
#9207 = VECTOR('',#9208,1.);
#9208 = DIRECTION('',(0.,0.,1.));
#9209 = ORIENTED_EDGE('',*,*,#7027,.T.);
#9210 = ORIENTED_EDGE('',*,*,#9170,.F.);
#9211 = ORIENTED_EDGE('',*,*,#5836,.F.);
#9212 = PLANE('',#9213);
#9213 = AXIS2_PLACEMENT_3D('',#9214,#9215,#9216);
#9214 = CARTESIAN_POINT('',(170.019782,-58.102427,0.));
#9215 = DIRECTION('',(-0.998773542158,-4.951173078993E-02,0.));
#9216 = DIRECTION('',(-4.951173078993E-02,0.998773542158,0.));
#9217 = ADVANCED_FACE('',(#9218),#9229,.T.);
#9218 = FACE_BOUND('',#9219,.T.);
#9219 = EDGE_LOOP('',(#9220,#9221,#9222,#9228));
#9220 = ORIENTED_EDGE('',*,*,#9189,.T.);
#9221 = ORIENTED_EDGE('',*,*,#7571,.T.);
#9222 = ORIENTED_EDGE('',*,*,#9223,.F.);
#9223 = EDGE_CURVE('',#6373,#7564,#9224,.T.);
#9224 = LINE('',#9225,#9226);
#9225 = CARTESIAN_POINT('',(219.878079,-58.971179,0.));
#9226 = VECTOR('',#9227,1.);
#9227 = DIRECTION('',(0.,0.,1.));
#9228 = ORIENTED_EDGE('',*,*,#6380,.F.);
#9229 = PLANE('',#9230);
#9230 = AXIS2_PLACEMENT_3D('',#9231,#9232,#9233);
#9231 = CARTESIAN_POINT('',(219.921657,-58.685811,0.));
#9232 = DIRECTION('',(0.98854016621,-0.150958072955,0.));
#9233 = DIRECTION('',(-0.150958072955,-0.98854016621,0.));
#9234 = ADVANCED_FACE('',(#9235),#9246,.T.);
#9235 = FACE_BOUND('',#9236,.T.);
#9236 = EDGE_LOOP('',(#9237,#9243,#9244,#9245));
#9237 = ORIENTED_EDGE('',*,*,#9238,.T.);
#9238 = EDGE_CURVE('',#5845,#7036,#9239,.T.);
#9239 = LINE('',#9240,#9241);
#9240 = CARTESIAN_POINT('',(170.044297,-58.396563,0.));
#9241 = VECTOR('',#9242,1.);
#9242 = DIRECTION('',(0.,0.,1.));
#9243 = ORIENTED_EDGE('',*,*,#7035,.T.);
#9244 = ORIENTED_EDGE('',*,*,#9204,.F.);
#9245 = ORIENTED_EDGE('',*,*,#5844,.F.);
#9246 = PLANE('',#9247);
#9247 = AXIS2_PLACEMENT_3D('',#9248,#9249,#9250);
#9248 = CARTESIAN_POINT('',(170.044297,-58.396563,0.));
#9249 = DIRECTION('',(-0.996544730073,-8.30578169886E-02,0.));
#9250 = DIRECTION('',(-8.30578169886E-02,0.996544730073,0.));
#9251 = ADVANCED_FACE('',(#9252),#9263,.T.);
#9252 = FACE_BOUND('',#9253,.T.);
#9253 = EDGE_LOOP('',(#9254,#9255,#9256,#9262));
#9254 = ORIENTED_EDGE('',*,*,#9223,.T.);
#9255 = ORIENTED_EDGE('',*,*,#7563,.T.);
#9256 = ORIENTED_EDGE('',*,*,#9257,.F.);
#9257 = EDGE_CURVE('',#6365,#7556,#9258,.T.);
#9258 = LINE('',#9259,#9260);
#9259 = CARTESIAN_POINT('',(219.825235,-59.251707,0.));
#9260 = VECTOR('',#9261,1.);
#9261 = DIRECTION('',(0.,0.,1.));
#9262 = ORIENTED_EDGE('',*,*,#6372,.F.);
#9263 = PLANE('',#9264);
#9264 = AXIS2_PLACEMENT_3D('',#9265,#9266,#9267);
#9265 = CARTESIAN_POINT('',(219.878079,-58.971179,0.));
#9266 = DIRECTION('',(0.982716379107,-0.185117579484,0.));
#9267 = DIRECTION('',(-0.185117579484,-0.982716379107,0.));
#9268 = ADVANCED_FACE('',(#9269),#9280,.T.);
#9269 = FACE_BOUND('',#9270,.T.);
#9270 = EDGE_LOOP('',(#9271,#9277,#9278,#9279));
#9271 = ORIENTED_EDGE('',*,*,#9272,.T.);
#9272 = EDGE_CURVE('',#5853,#7044,#9273,.T.);
#9273 = LINE('',#9274,#9275);
#9274 = CARTESIAN_POINT('',(170.078343,-58.685811,0.));
#9275 = VECTOR('',#9276,1.);
#9276 = DIRECTION('',(0.,0.,1.));
#9277 = ORIENTED_EDGE('',*,*,#7043,.T.);
#9278 = ORIENTED_EDGE('',*,*,#9238,.F.);
#9279 = ORIENTED_EDGE('',*,*,#5852,.F.);
#9280 = PLANE('',#9281);
#9281 = AXIS2_PLACEMENT_3D('',#9282,#9283,#9284);
#9282 = CARTESIAN_POINT('',(170.078343,-58.685811,0.));
#9283 = DIRECTION('',(-0.993143899673,-0.116898223007,0.));
#9284 = DIRECTION('',(-0.116898223007,0.993143899673,0.));
#9285 = ADVANCED_FACE('',(#9286),#9297,.T.);
#9286 = FACE_BOUND('',#9287,.T.);
#9287 = EDGE_LOOP('',(#9288,#9289,#9290,#9296));
#9288 = ORIENTED_EDGE('',*,*,#9257,.T.);
#9289 = ORIENTED_EDGE('',*,*,#7555,.T.);
#9290 = ORIENTED_EDGE('',*,*,#9291,.F.);
#9291 = EDGE_CURVE('',#6357,#7548,#9292,.T.);
#9292 = LINE('',#9293,#9294);
#9293 = CARTESIAN_POINT('',(219.691519,-59.801598,0.));
#9294 = VECTOR('',#9295,1.);
#9295 = DIRECTION('',(0.,0.,1.));
#9296 = ORIENTED_EDGE('',*,*,#6364,.F.);
#9297 = PLANE('',#9298);
#9298 = AXIS2_PLACEMENT_3D('',#9299,#9300,#9301);
#9299 = CARTESIAN_POINT('',(219.825235,-59.251707,0.));
#9300 = DIRECTION('',(0.971684348691,-0.236282725794,0.));
#9301 = DIRECTION('',(-0.236282725794,-0.971684348691,0.));
#9302 = ADVANCED_FACE('',(#9303),#9314,.T.);
#9303 = FACE_BOUND('',#9304,.T.);
#9304 = EDGE_LOOP('',(#9305,#9311,#9312,#9313));
#9305 = ORIENTED_EDGE('',*,*,#9306,.T.);
#9306 = EDGE_CURVE('',#5861,#7052,#9307,.T.);
#9307 = LINE('',#9308,#9309);
#9308 = CARTESIAN_POINT('',(170.121921,-58.971179,0.));
#9309 = VECTOR('',#9310,1.);
#9310 = DIRECTION('',(0.,0.,1.));
#9311 = ORIENTED_EDGE('',*,*,#7051,.T.);
#9312 = ORIENTED_EDGE('',*,*,#9272,.F.);
#9313 = ORIENTED_EDGE('',*,*,#5860,.F.);
#9314 = PLANE('',#9315);
#9315 = AXIS2_PLACEMENT_3D('',#9316,#9317,#9318);
#9316 = CARTESIAN_POINT('',(170.121921,-58.971179,0.));
#9317 = DIRECTION('',(-0.98854016621,-0.150958072955,0.));
#9318 = DIRECTION('',(-0.150958072955,0.98854016621,0.));
#9319 = ADVANCED_FACE('',(#9320),#9331,.T.);
#9320 = FACE_BOUND('',#9321,.T.);
#9321 = EDGE_LOOP('',(#9322,#9323,#9324,#9330));
#9322 = ORIENTED_EDGE('',*,*,#9291,.T.);
#9323 = ORIENTED_EDGE('',*,*,#7547,.T.);
#9324 = ORIENTED_EDGE('',*,*,#9325,.F.);
#9325 = EDGE_CURVE('',#6349,#7540,#9326,.T.);
#9326 = LINE('',#9327,#9328);
#9327 = CARTESIAN_POINT('',(219.520717,-60.336871,0.));
#9328 = VECTOR('',#9329,1.);
#9329 = DIRECTION('',(0.,0.,1.));
#9330 = ORIENTED_EDGE('',*,*,#6356,.F.);
#9331 = PLANE('',#9332);
#9332 = AXIS2_PLACEMENT_3D('',#9333,#9334,#9335);
#9333 = CARTESIAN_POINT('',(219.691519,-59.801598,0.));
#9334 = DIRECTION('',(0.952674576612,-0.303992024695,0.));
#9335 = DIRECTION('',(-0.303992024695,-0.952674576612,0.));
#9336 = ADVANCED_FACE('',(#9337),#9348,.T.);
#9337 = FACE_BOUND('',#9338,.T.);
#9338 = EDGE_LOOP('',(#9339,#9345,#9346,#9347));
#9339 = ORIENTED_EDGE('',*,*,#9340,.T.);
#9340 = EDGE_CURVE('',#5869,#7060,#9341,.T.);
#9341 = LINE('',#9342,#9343);
#9342 = CARTESIAN_POINT('',(170.174765,-59.251707,0.));
#9343 = VECTOR('',#9344,1.);
#9344 = DIRECTION('',(0.,0.,1.));
#9345 = ORIENTED_EDGE('',*,*,#7059,.T.);
#9346 = ORIENTED_EDGE('',*,*,#9306,.F.);
#9347 = ORIENTED_EDGE('',*,*,#5868,.F.);
#9348 = PLANE('',#9349);
#9349 = AXIS2_PLACEMENT_3D('',#9350,#9351,#9352);
#9350 = CARTESIAN_POINT('',(170.174765,-59.251707,0.));
#9351 = DIRECTION('',(-0.982716379107,-0.185117579484,0.));
#9352 = DIRECTION('',(-0.185117579484,0.982716379107,0.));
#9353 = ADVANCED_FACE('',(#9354),#9365,.T.);
#9354 = FACE_BOUND('',#9355,.T.);
#9355 = EDGE_LOOP('',(#9356,#9357,#9358,#9364));
#9356 = ORIENTED_EDGE('',*,*,#9325,.T.);
#9357 = ORIENTED_EDGE('',*,*,#7539,.T.);
#9358 = ORIENTED_EDGE('',*,*,#9359,.F.);
#9359 = EDGE_CURVE('',#6341,#7532,#9360,.T.);
#9360 = LINE('',#9361,#9362);
#9361 = CARTESIAN_POINT('',(219.312685,-60.858807,0.));
#9362 = VECTOR('',#9363,1.);
#9363 = DIRECTION('',(0.,0.,1.));
#9364 = ORIENTED_EDGE('',*,*,#6348,.F.);
#9365 = PLANE('',#9366);
#9366 = AXIS2_PLACEMENT_3D('',#9367,#9368,#9369);
#9367 = CARTESIAN_POINT('',(219.520717,-60.336871,0.));
#9368 = DIRECTION('',(0.928931616041,-0.370251337229,0.));
#9369 = DIRECTION('',(-0.370251337229,-0.928931616041,0.));
#9370 = ADVANCED_FACE('',(#9371),#9382,.T.);
#9371 = FACE_BOUND('',#9372,.T.);
#9372 = EDGE_LOOP('',(#9373,#9379,#9380,#9381));
#9373 = ORIENTED_EDGE('',*,*,#9374,.T.);
#9374 = EDGE_CURVE('',#5877,#7068,#9375,.T.);
#9375 = LINE('',#9376,#9377);
#9376 = CARTESIAN_POINT('',(170.308481,-59.801598,0.));
#9377 = VECTOR('',#9378,1.);
#9378 = DIRECTION('',(0.,0.,1.));
#9379 = ORIENTED_EDGE('',*,*,#7067,.T.);
#9380 = ORIENTED_EDGE('',*,*,#9340,.F.);
#9381 = ORIENTED_EDGE('',*,*,#5876,.F.);
#9382 = PLANE('',#9383);
#9383 = AXIS2_PLACEMENT_3D('',#9384,#9385,#9386);
#9384 = CARTESIAN_POINT('',(170.308481,-59.801598,0.));
#9385 = DIRECTION('',(-0.971684348691,-0.236282725794,0.));
#9386 = DIRECTION('',(-0.236282725794,0.971684348691,0.));
#9387 = ADVANCED_FACE('',(#9388),#9399,.T.);
#9388 = FACE_BOUND('',#9389,.T.);
#9389 = EDGE_LOOP('',(#9390,#9391,#9392,#9398));
#9390 = ORIENTED_EDGE('',*,*,#9359,.T.);
#9391 = ORIENTED_EDGE('',*,*,#7531,.T.);
#9392 = ORIENTED_EDGE('',*,*,#9393,.F.);
#9393 = EDGE_CURVE('',#6333,#7524,#9394,.T.);
#9394 = LINE('',#9395,#9396);
#9395 = CARTESIAN_POINT('',(219.066931,-61.368555,0.));
#9396 = VECTOR('',#9397,1.);
#9397 = DIRECTION('',(0.,0.,1.));
#9398 = ORIENTED_EDGE('',*,*,#6340,.F.);
#9399 = PLANE('',#9400);
#9400 = AXIS2_PLACEMENT_3D('',#9401,#9402,#9403);
#9401 = CARTESIAN_POINT('',(219.312685,-60.858807,0.));
#9402 = DIRECTION('',(0.900780679998,-0.434274298736,0.));
#9403 = DIRECTION('',(-0.434274298736,-0.900780679998,0.));
#9404 = ADVANCED_FACE('',(#9405),#9416,.T.);
#9405 = FACE_BOUND('',#9406,.T.);
#9406 = EDGE_LOOP('',(#9407,#9413,#9414,#9415));
#9407 = ORIENTED_EDGE('',*,*,#9408,.T.);
#9408 = EDGE_CURVE('',#5885,#7076,#9409,.T.);
#9409 = LINE('',#9410,#9411);
#9410 = CARTESIAN_POINT('',(170.479283,-60.336871,0.));
#9411 = VECTOR('',#9412,1.);
#9412 = DIRECTION('',(0.,0.,1.));
#9413 = ORIENTED_EDGE('',*,*,#7075,.T.);
#9414 = ORIENTED_EDGE('',*,*,#9374,.F.);
#9415 = ORIENTED_EDGE('',*,*,#5884,.F.);
#9416 = PLANE('',#9417);
#9417 = AXIS2_PLACEMENT_3D('',#9418,#9419,#9420);
#9418 = CARTESIAN_POINT('',(170.479283,-60.336871,0.));
#9419 = DIRECTION('',(-0.952674576612,-0.303992024695,0.));
#9420 = DIRECTION('',(-0.303992024695,0.952674576612,0.));
#9421 = ADVANCED_FACE('',(#9422),#9433,.T.);
#9422 = FACE_BOUND('',#9423,.T.);
#9423 = EDGE_LOOP('',(#9424,#9425,#9426,#9432));
#9424 = ORIENTED_EDGE('',*,*,#9393,.T.);
#9425 = ORIENTED_EDGE('',*,*,#7523,.T.);
#9426 = ORIENTED_EDGE('',*,*,#9427,.F.);
#9427 = EDGE_CURVE('',#6325,#7516,#9428,.T.);
#9428 = LINE('',#9429,#9430);
#9429 = CARTESIAN_POINT('',(218.782627,-61.867117,0.));
#9430 = VECTOR('',#9431,1.);
#9431 = DIRECTION('',(0.,0.,1.));
#9432 = ORIENTED_EDGE('',*,*,#6332,.F.);
#9433 = PLANE('',#9434);
#9434 = AXIS2_PLACEMENT_3D('',#9435,#9436,#9437);
#9435 = CARTESIAN_POINT('',(219.066931,-61.368555,0.));
#9436 = DIRECTION('',(0.868684558346,-0.495365660993,0.));
#9437 = DIRECTION('',(-0.495365660993,-0.868684558346,0.));
#9438 = ADVANCED_FACE('',(#9439),#9450,.T.);
#9439 = FACE_BOUND('',#9440,.T.);
#9440 = EDGE_LOOP('',(#9441,#9447,#9448,#9449));
#9441 = ORIENTED_EDGE('',*,*,#9442,.T.);
#9442 = EDGE_CURVE('',#5893,#7084,#9443,.T.);
#9443 = LINE('',#9444,#9445);
#9444 = CARTESIAN_POINT('',(170.687315,-60.858807,0.));
#9445 = VECTOR('',#9446,1.);
#9446 = DIRECTION('',(0.,0.,1.));
#9447 = ORIENTED_EDGE('',*,*,#7083,.T.);
#9448 = ORIENTED_EDGE('',*,*,#9408,.F.);
#9449 = ORIENTED_EDGE('',*,*,#5892,.F.);
#9450 = PLANE('',#9451);
#9451 = AXIS2_PLACEMENT_3D('',#9452,#9453,#9454);
#9452 = CARTESIAN_POINT('',(170.687315,-60.858807,0.));
#9453 = DIRECTION('',(-0.928931616041,-0.370251337229,0.));
#9454 = DIRECTION('',(-0.370251337229,0.928931616041,0.));
#9455 = ADVANCED_FACE('',(#9456),#9467,.T.);
#9456 = FACE_BOUND('',#9457,.T.);
#9457 = EDGE_LOOP('',(#9458,#9459,#9460,#9466));
#9458 = ORIENTED_EDGE('',*,*,#9427,.T.);
#9459 = ORIENTED_EDGE('',*,*,#7515,.T.);
#9460 = ORIENTED_EDGE('',*,*,#9461,.F.);
#9461 = EDGE_CURVE('',#6317,#7508,#9462,.T.);
#9462 = LINE('',#9463,#9464);
#9463 = CARTESIAN_POINT('',(218.458629,-62.355337,0.));
#9464 = VECTOR('',#9465,1.);
#9465 = DIRECTION('',(0.,0.,1.));
#9466 = ORIENTED_EDGE('',*,*,#6324,.F.);
#9467 = PLANE('',#9468);
#9468 = AXIS2_PLACEMENT_3D('',#9469,#9470,#9471);
#9469 = CARTESIAN_POINT('',(218.782627,-61.867117,0.));
#9470 = DIRECTION('',(0.83321579365,-0.552947955248,0.));
#9471 = DIRECTION('',(-0.552947955248,-0.83321579365,0.));
#9472 = ADVANCED_FACE('',(#9473),#9484,.T.);
#9473 = FACE_BOUND('',#9474,.T.);
#9474 = EDGE_LOOP('',(#9475,#9481,#9482,#9483));
#9475 = ORIENTED_EDGE('',*,*,#9476,.T.);
#9476 = EDGE_CURVE('',#5901,#7092,#9477,.T.);
#9477 = LINE('',#9478,#9479);
#9478 = CARTESIAN_POINT('',(170.933069,-61.368555,0.));
#9479 = VECTOR('',#9480,1.);
#9480 = DIRECTION('',(0.,0.,1.));
#9481 = ORIENTED_EDGE('',*,*,#7091,.T.);
#9482 = ORIENTED_EDGE('',*,*,#9442,.F.);
#9483 = ORIENTED_EDGE('',*,*,#5900,.F.);
#9484 = PLANE('',#9485);
#9485 = AXIS2_PLACEMENT_3D('',#9486,#9487,#9488);
#9486 = CARTESIAN_POINT('',(170.933069,-61.368555,0.));
#9487 = DIRECTION('',(-0.900780679998,-0.434274298736,0.));
#9488 = DIRECTION('',(-0.434274298736,0.900780679998,0.));
#9489 = ADVANCED_FACE('',(#9490),#9501,.T.);
#9490 = FACE_BOUND('',#9491,.T.);
#9491 = EDGE_LOOP('',(#9492,#9493,#9494,#9500));
#9492 = ORIENTED_EDGE('',*,*,#9461,.T.);
#9493 = ORIENTED_EDGE('',*,*,#7507,.T.);
#9494 = ORIENTED_EDGE('',*,*,#9495,.F.);
#9495 = EDGE_CURVE('',#6309,#7500,#9496,.T.);
#9496 = LINE('',#9497,#9498);
#9497 = CARTESIAN_POINT('',(218.093496,-62.833883,0.));
#9498 = VECTOR('',#9499,1.);
#9499 = DIRECTION('',(0.,0.,1.));
#9500 = ORIENTED_EDGE('',*,*,#6316,.F.);
#9501 = PLANE('',#9502);
#9502 = AXIS2_PLACEMENT_3D('',#9503,#9504,#9505);
#9503 = CARTESIAN_POINT('',(218.458629,-62.355337,0.));
#9504 = DIRECTION('',(0.795009856882,-0.60659651125,0.));
#9505 = DIRECTION('',(-0.60659651125,-0.795009856882,0.));
#9506 = ADVANCED_FACE('',(#9507),#9518,.T.);
#9507 = FACE_BOUND('',#9508,.T.);
#9508 = EDGE_LOOP('',(#9509,#9515,#9516,#9517));
#9509 = ORIENTED_EDGE('',*,*,#9510,.T.);
#9510 = EDGE_CURVE('',#5909,#7100,#9511,.T.);
#9511 = LINE('',#9512,#9513);
#9512 = CARTESIAN_POINT('',(171.217373,-61.867117,0.));
#9513 = VECTOR('',#9514,1.);
#9514 = DIRECTION('',(0.,0.,1.));
#9515 = ORIENTED_EDGE('',*,*,#7099,.T.);
#9516 = ORIENTED_EDGE('',*,*,#9476,.F.);
#9517 = ORIENTED_EDGE('',*,*,#5908,.F.);
#9518 = PLANE('',#9519);
#9519 = AXIS2_PLACEMENT_3D('',#9520,#9521,#9522);
#9520 = CARTESIAN_POINT('',(171.217373,-61.867117,0.));
#9521 = DIRECTION('',(-0.868684558346,-0.495365660993,0.));
#9522 = DIRECTION('',(-0.495365660993,0.868684558346,0.));
#9523 = ADVANCED_FACE('',(#9524),#9535,.T.);
#9524 = FACE_BOUND('',#9525,.T.);
#9525 = EDGE_LOOP('',(#9526,#9527,#9528,#9534));
#9526 = ORIENTED_EDGE('',*,*,#9495,.T.);
#9527 = ORIENTED_EDGE('',*,*,#7499,.T.);
#9528 = ORIENTED_EDGE('',*,*,#9529,.F.);
#9529 = EDGE_CURVE('',#6301,#7492,#9530,.T.);
#9530 = LINE('',#9531,#9532);
#9531 = CARTESIAN_POINT('',(217.685518,-63.303246,0.));
#9532 = VECTOR('',#9533,1.);
#9533 = DIRECTION('',(0.,0.,1.));
#9534 = ORIENTED_EDGE('',*,*,#6308,.F.);
#9535 = PLANE('',#9536);
#9536 = AXIS2_PLACEMENT_3D('',#9537,#9538,#9539);
#9537 = CARTESIAN_POINT('',(218.093496,-62.833883,0.));
#9538 = DIRECTION('',(0.754735878193,-0.656028775412,0.));
#9539 = DIRECTION('',(-0.656028775412,-0.754735878193,0.));
#9540 = ADVANCED_FACE('',(#9541),#9552,.T.);
#9541 = FACE_BOUND('',#9542,.T.);
#9542 = EDGE_LOOP('',(#9543,#9549,#9550,#9551));
#9543 = ORIENTED_EDGE('',*,*,#9544,.T.);
#9544 = EDGE_CURVE('',#5917,#7108,#9545,.T.);
#9545 = LINE('',#9546,#9547);
#9546 = CARTESIAN_POINT('',(171.541371,-62.355337,0.));
#9547 = VECTOR('',#9548,1.);
#9548 = DIRECTION('',(0.,0.,1.));
#9549 = ORIENTED_EDGE('',*,*,#7107,.T.);
#9550 = ORIENTED_EDGE('',*,*,#9510,.F.);
#9551 = ORIENTED_EDGE('',*,*,#5916,.F.);
#9552 = PLANE('',#9553);
#9553 = AXIS2_PLACEMENT_3D('',#9554,#9555,#9556);
#9554 = CARTESIAN_POINT('',(171.541371,-62.355337,0.));
#9555 = DIRECTION('',(-0.83321579365,-0.552947955248,0.));
#9556 = DIRECTION('',(-0.552947955248,0.83321579365,0.));
#9557 = ADVANCED_FACE('',(#9558),#9569,.T.);
#9558 = FACE_BOUND('',#9559,.T.);
#9559 = EDGE_LOOP('',(#9560,#9561,#9562,#9568));
#9560 = ORIENTED_EDGE('',*,*,#9529,.T.);
#9561 = ORIENTED_EDGE('',*,*,#7491,.T.);
#9562 = ORIENTED_EDGE('',*,*,#9563,.F.);
#9563 = EDGE_CURVE('',#6293,#7484,#9564,.T.);
#9564 = LINE('',#9565,#9566);
#9565 = CARTESIAN_POINT('',(217.232741,-63.763728,0.));
#9566 = VECTOR('',#9567,1.);
#9567 = DIRECTION('',(0.,0.,1.));
#9568 = ORIENTED_EDGE('',*,*,#6300,.F.);
#9569 = PLANE('',#9570);
#9570 = AXIS2_PLACEMENT_3D('',#9571,#9572,#9573);
#9571 = CARTESIAN_POINT('',(217.685518,-63.303246,0.));
#9572 = DIRECTION('',(0.71304713557,-0.701116097701,0.));
#9573 = DIRECTION('',(-0.701116097701,-0.71304713557,0.));
#9574 = ADVANCED_FACE('',(#9575),#9586,.T.);
#9575 = FACE_BOUND('',#9576,.T.);
#9576 = EDGE_LOOP('',(#9577,#9583,#9584,#9585));
#9577 = ORIENTED_EDGE('',*,*,#9578,.T.);
#9578 = EDGE_CURVE('',#5925,#7116,#9579,.T.);
#9579 = LINE('',#9580,#9581);
#9580 = CARTESIAN_POINT('',(171.906504,-62.833883,0.));
#9581 = VECTOR('',#9582,1.);
#9582 = DIRECTION('',(0.,0.,1.));
#9583 = ORIENTED_EDGE('',*,*,#7115,.T.);
#9584 = ORIENTED_EDGE('',*,*,#9544,.F.);
#9585 = ORIENTED_EDGE('',*,*,#5924,.F.);
#9586 = PLANE('',#9587);
#9587 = AXIS2_PLACEMENT_3D('',#9588,#9589,#9590);
#9588 = CARTESIAN_POINT('',(171.906504,-62.833883,0.));
#9589 = DIRECTION('',(-0.795009856882,-0.60659651125,0.));
#9590 = DIRECTION('',(-0.60659651125,0.795009856882,0.));
#9591 = ADVANCED_FACE('',(#9592),#9603,.T.);
#9592 = FACE_BOUND('',#9593,.T.);
#9593 = EDGE_LOOP('',(#9594,#9595,#9596,#9602));
#9594 = ORIENTED_EDGE('',*,*,#9563,.T.);
#9595 = ORIENTED_EDGE('',*,*,#7483,.T.);
#9596 = ORIENTED_EDGE('',*,*,#9597,.F.);
#9597 = EDGE_CURVE('',#6285,#7476,#9598,.T.);
#9598 = LINE('',#9599,#9600);
#9599 = CARTESIAN_POINT('',(216.733004,-64.215443,0.));
#9600 = VECTOR('',#9601,1.);
#9601 = DIRECTION('',(0.,0.,1.));
#9602 = ORIENTED_EDGE('',*,*,#6292,.F.);
#9603 = PLANE('',#9604);
#9604 = AXIS2_PLACEMENT_3D('',#9605,#9606,#9607);
#9605 = CARTESIAN_POINT('',(217.232741,-63.763728,0.));
#9606 = DIRECTION('',(0.670563881095,-0.741851792052,0.));
#9607 = DIRECTION('',(-0.741851792052,-0.670563881095,0.));
#9608 = ADVANCED_FACE('',(#9609),#9620,.T.);
#9609 = FACE_BOUND('',#9610,.T.);
#9610 = EDGE_LOOP('',(#9611,#9617,#9618,#9619));
#9611 = ORIENTED_EDGE('',*,*,#9612,.T.);
#9612 = EDGE_CURVE('',#5933,#7124,#9613,.T.);
#9613 = LINE('',#9614,#9615);
#9614 = CARTESIAN_POINT('',(172.314482,-63.303246,0.));
#9615 = VECTOR('',#9616,1.);
#9616 = DIRECTION('',(0.,0.,1.));
#9617 = ORIENTED_EDGE('',*,*,#7123,.T.);
#9618 = ORIENTED_EDGE('',*,*,#9578,.F.);
#9619 = ORIENTED_EDGE('',*,*,#5932,.F.);
#9620 = PLANE('',#9621);
#9621 = AXIS2_PLACEMENT_3D('',#9622,#9623,#9624);
#9622 = CARTESIAN_POINT('',(172.314482,-63.303246,0.));
#9623 = DIRECTION('',(-0.754735878193,-0.656028775412,0.));
#9624 = DIRECTION('',(-0.656028775412,0.754735878193,0.));
#9625 = ADVANCED_FACE('',(#9626),#9637,.T.);
#9626 = FACE_BOUND('',#9627,.T.);
#9627 = EDGE_LOOP('',(#9628,#9629,#9630,#9636));
#9628 = ORIENTED_EDGE('',*,*,#9597,.T.);
#9629 = ORIENTED_EDGE('',*,*,#7475,.T.);
#9630 = ORIENTED_EDGE('',*,*,#9631,.F.);
#9631 = EDGE_CURVE('',#6277,#7468,#9632,.T.);
#9632 = LINE('',#9633,#9634);
#9633 = CARTESIAN_POINT('',(216.183966,-64.658315,0.));
#9634 = VECTOR('',#9635,1.);
#9635 = DIRECTION('',(0.,0.,1.));
#9636 = ORIENTED_EDGE('',*,*,#6284,.F.);
#9637 = PLANE('',#9638);
#9638 = AXIS2_PLACEMENT_3D('',#9639,#9640,#9641);
#9639 = CARTESIAN_POINT('',(216.733004,-64.215443,0.));
#9640 = DIRECTION('',(0.627837847912,-0.778344163419,0.));
#9641 = DIRECTION('',(-0.778344163419,-0.627837847912,0.));
#9642 = ADVANCED_FACE('',(#9643),#9654,.T.);
#9643 = FACE_BOUND('',#9644,.T.);
#9644 = EDGE_LOOP('',(#9645,#9651,#9652,#9653));
#9645 = ORIENTED_EDGE('',*,*,#9646,.T.);
#9646 = EDGE_CURVE('',#5941,#7132,#9647,.T.);
#9647 = LINE('',#9648,#9649);
#9648 = CARTESIAN_POINT('',(172.767259,-63.763728,0.));
#9649 = VECTOR('',#9650,1.);
#9650 = DIRECTION('',(0.,0.,1.));
#9651 = ORIENTED_EDGE('',*,*,#7131,.T.);
#9652 = ORIENTED_EDGE('',*,*,#9612,.F.);
#9653 = ORIENTED_EDGE('',*,*,#5940,.F.);
#9654 = PLANE('',#9655);
#9655 = AXIS2_PLACEMENT_3D('',#9656,#9657,#9658);
#9656 = CARTESIAN_POINT('',(172.767259,-63.763728,0.));
#9657 = DIRECTION('',(-0.71304713557,-0.701116097701,0.));
#9658 = DIRECTION('',(-0.701116097701,0.71304713557,0.));
#9659 = ADVANCED_FACE('',(#9660),#9671,.T.);
#9660 = FACE_BOUND('',#9661,.T.);
#9661 = EDGE_LOOP('',(#9662,#9663,#9664,#9670));
#9662 = ORIENTED_EDGE('',*,*,#9631,.T.);
#9663 = ORIENTED_EDGE('',*,*,#7467,.T.);
#9664 = ORIENTED_EDGE('',*,*,#9665,.F.);
#9665 = EDGE_CURVE('',#6269,#7460,#9666,.T.);
#9666 = LINE('',#9667,#9668);
#9667 = CARTESIAN_POINT('',(215.583146,-65.092083,0.));
#9668 = VECTOR('',#9669,1.);
#9669 = DIRECTION('',(0.,0.,1.));
#9670 = ORIENTED_EDGE('',*,*,#6276,.F.);
#9671 = PLANE('',#9672);
#9672 = AXIS2_PLACEMENT_3D('',#9673,#9674,#9675);
#9673 = CARTESIAN_POINT('',(216.183966,-64.658315,0.));
#9674 = DIRECTION('',(0.585350814867,-0.810780132671,0.));
#9675 = DIRECTION('',(-0.810780132671,-0.585350814867,0.));
#9676 = ADVANCED_FACE('',(#9677),#9688,.T.);
#9677 = FACE_BOUND('',#9678,.T.);
#9678 = EDGE_LOOP('',(#9679,#9685,#9686,#9687));
#9679 = ORIENTED_EDGE('',*,*,#9680,.T.);
#9680 = EDGE_CURVE('',#5949,#7140,#9681,.T.);
#9681 = LINE('',#9682,#9683);
#9682 = CARTESIAN_POINT('',(173.266996,-64.215443,0.));
#9683 = VECTOR('',#9684,1.);
#9684 = DIRECTION('',(0.,0.,1.));
#9685 = ORIENTED_EDGE('',*,*,#7139,.T.);
#9686 = ORIENTED_EDGE('',*,*,#9646,.F.);
#9687 = ORIENTED_EDGE('',*,*,#5948,.F.);
#9688 = PLANE('',#9689);
#9689 = AXIS2_PLACEMENT_3D('',#9690,#9691,#9692);
#9690 = CARTESIAN_POINT('',(173.266996,-64.215443,0.));
#9691 = DIRECTION('',(-0.670563881095,-0.741851792052,0.));
#9692 = DIRECTION('',(-0.741851792052,0.670563881095,0.));
#9693 = ADVANCED_FACE('',(#9694),#9705,.T.);
#9694 = FACE_BOUND('',#9695,.T.);
#9695 = EDGE_LOOP('',(#9696,#9697,#9698,#9704));
#9696 = ORIENTED_EDGE('',*,*,#9665,.T.);
#9697 = ORIENTED_EDGE('',*,*,#7459,.T.);
#9698 = ORIENTED_EDGE('',*,*,#9699,.F.);
#9699 = EDGE_CURVE('',#6261,#7452,#9700,.T.);
#9700 = LINE('',#9701,#9702);
#9701 = CARTESIAN_POINT('',(214.927963,-65.516299,0.));
#9702 = VECTOR('',#9703,1.);
#9703 = DIRECTION('',(0.,0.,1.));
#9704 = ORIENTED_EDGE('',*,*,#6268,.F.);
#9705 = PLANE('',#9706);
#9706 = AXIS2_PLACEMENT_3D('',#9707,#9708,#9709);
#9707 = CARTESIAN_POINT('',(215.583146,-65.092083,0.));
#9708 = DIRECTION('',(0.543498751178,-0.839409975797,0.));
#9709 = DIRECTION('',(-0.839409975797,-0.543498751178,0.));
#9710 = ADVANCED_FACE('',(#9711),#9722,.T.);
#9711 = FACE_BOUND('',#9712,.T.);
#9712 = EDGE_LOOP('',(#9713,#9719,#9720,#9721));
#9713 = ORIENTED_EDGE('',*,*,#9714,.T.);
#9714 = EDGE_CURVE('',#5957,#7148,#9715,.T.);
#9715 = LINE('',#9716,#9717);
#9716 = CARTESIAN_POINT('',(173.816034,-64.658315,0.));
#9717 = VECTOR('',#9718,1.);
#9718 = DIRECTION('',(0.,0.,1.));
#9719 = ORIENTED_EDGE('',*,*,#7147,.T.);
#9720 = ORIENTED_EDGE('',*,*,#9680,.F.);
#9721 = ORIENTED_EDGE('',*,*,#5956,.F.);
#9722 = PLANE('',#9723);
#9723 = AXIS2_PLACEMENT_3D('',#9724,#9725,#9726);
#9724 = CARTESIAN_POINT('',(173.816034,-64.658315,0.));
#9725 = DIRECTION('',(-0.627837847912,-0.778344163419,0.));
#9726 = DIRECTION('',(-0.778344163419,0.627837847912,0.));
#9727 = ADVANCED_FACE('',(#9728),#9739,.T.);
#9728 = FACE_BOUND('',#9729,.T.);
#9729 = EDGE_LOOP('',(#9730,#9731,#9732,#9738));
#9730 = ORIENTED_EDGE('',*,*,#9699,.T.);
#9731 = ORIENTED_EDGE('',*,*,#7451,.T.);
#9732 = ORIENTED_EDGE('',*,*,#9733,.F.);
#9733 = EDGE_CURVE('',#6253,#7444,#9734,.T.);
#9734 = LINE('',#9735,#9736);
#9735 = CARTESIAN_POINT('',(214.215779,-65.930337,0.));
#9736 = VECTOR('',#9737,1.);
#9737 = DIRECTION('',(0.,0.,1.));
#9738 = ORIENTED_EDGE('',*,*,#6260,.F.);
#9739 = PLANE('',#9740);
#9740 = AXIS2_PLACEMENT_3D('',#9741,#9742,#9743);
#9741 = CARTESIAN_POINT('',(214.927963,-65.516299,0.));
#9742 = DIRECTION('',(0.502600076106,-0.864519035937,0.));
#9743 = DIRECTION('',(-0.864519035937,-0.502600076106,0.));
#9744 = ADVANCED_FACE('',(#9745),#9756,.T.);
#9745 = FACE_BOUND('',#9746,.T.);
#9746 = EDGE_LOOP('',(#9747,#9753,#9754,#9755));
#9747 = ORIENTED_EDGE('',*,*,#9748,.T.);
#9748 = EDGE_CURVE('',#5965,#7156,#9749,.T.);
#9749 = LINE('',#9750,#9751);
#9750 = CARTESIAN_POINT('',(174.416854,-65.092083,0.));
#9751 = VECTOR('',#9752,1.);
#9752 = DIRECTION('',(0.,0.,1.));
#9753 = ORIENTED_EDGE('',*,*,#7155,.T.);
#9754 = ORIENTED_EDGE('',*,*,#9714,.F.);
#9755 = ORIENTED_EDGE('',*,*,#5964,.F.);
#9756 = PLANE('',#9757);
#9757 = AXIS2_PLACEMENT_3D('',#9758,#9759,#9760);
#9758 = CARTESIAN_POINT('',(174.416854,-65.092083,0.));
#9759 = DIRECTION('',(-0.585350814867,-0.810780132671,0.));
#9760 = DIRECTION('',(-0.810780132671,0.585350814867,0.));
#9761 = ADVANCED_FACE('',(#9762),#9773,.T.);
#9762 = FACE_BOUND('',#9763,.T.);
#9763 = EDGE_LOOP('',(#9764,#9765,#9766,#9772));
#9764 = ORIENTED_EDGE('',*,*,#9733,.T.);
#9765 = ORIENTED_EDGE('',*,*,#7443,.T.);
#9766 = ORIENTED_EDGE('',*,*,#9767,.F.);
#9767 = EDGE_CURVE('',#6245,#7436,#9768,.T.);
#9768 = LINE('',#9769,#9770);
#9769 = CARTESIAN_POINT('',(213.443954,-66.333392,0.));
#9770 = VECTOR('',#9771,1.);
#9771 = DIRECTION('',(0.,0.,1.));
#9772 = ORIENTED_EDGE('',*,*,#6252,.F.);
#9773 = PLANE('',#9774);
#9774 = AXIS2_PLACEMENT_3D('',#9775,#9776,#9777);
#9775 = CARTESIAN_POINT('',(214.215779,-65.930337,0.));
#9776 = DIRECTION('',(0.46289429414,-0.88641348842,0.));
#9777 = DIRECTION('',(-0.88641348842,-0.46289429414,0.));
#9778 = ADVANCED_FACE('',(#9779),#9790,.T.);
#9779 = FACE_BOUND('',#9780,.T.);
#9780 = EDGE_LOOP('',(#9781,#9787,#9788,#9789));
#9781 = ORIENTED_EDGE('',*,*,#9782,.T.);
#9782 = EDGE_CURVE('',#5973,#7164,#9783,.T.);
#9783 = LINE('',#9784,#9785);
#9784 = CARTESIAN_POINT('',(175.072037,-65.516299,0.));
#9785 = VECTOR('',#9786,1.);
#9786 = DIRECTION('',(0.,0.,1.));
#9787 = ORIENTED_EDGE('',*,*,#7163,.T.);
#9788 = ORIENTED_EDGE('',*,*,#9748,.F.);
#9789 = ORIENTED_EDGE('',*,*,#5972,.F.);
#9790 = PLANE('',#9791);
#9791 = AXIS2_PLACEMENT_3D('',#9792,#9793,#9794);
#9792 = CARTESIAN_POINT('',(175.072037,-65.516299,0.));
#9793 = DIRECTION('',(-0.543498751178,-0.839409975797,0.));
#9794 = DIRECTION('',(-0.839409975797,0.543498751178,0.));
#9795 = ADVANCED_FACE('',(#9796),#9807,.T.);
#9796 = FACE_BOUND('',#9797,.T.);
#9797 = EDGE_LOOP('',(#9798,#9799,#9800,#9806));
#9798 = ORIENTED_EDGE('',*,*,#9767,.T.);
#9799 = ORIENTED_EDGE('',*,*,#7435,.T.);
#9800 = ORIENTED_EDGE('',*,*,#9801,.F.);
#9801 = EDGE_CURVE('',#6237,#7428,#9802,.T.);
#9802 = LINE('',#9803,#9804);
#9803 = CARTESIAN_POINT('',(212.609901,-66.724488,0.));
#9804 = VECTOR('',#9805,1.);
#9805 = DIRECTION('',(0.,0.,1.));
#9806 = ORIENTED_EDGE('',*,*,#6244,.F.);
#9807 = PLANE('',#9808);
#9808 = AXIS2_PLACEMENT_3D('',#9809,#9810,#9811);
#9809 = CARTESIAN_POINT('',(213.443954,-66.333392,0.));
#9810 = DIRECTION('',(0.4245528255,-0.905403168958,0.));
#9811 = DIRECTION('',(-0.905403168958,-0.4245528255,0.));
#9812 = ADVANCED_FACE('',(#9813),#9824,.T.);
#9813 = FACE_BOUND('',#9814,.T.);
#9814 = EDGE_LOOP('',(#9815,#9821,#9822,#9823));
#9815 = ORIENTED_EDGE('',*,*,#9816,.T.);
#9816 = EDGE_CURVE('',#5981,#7172,#9817,.T.);
#9817 = LINE('',#9818,#9819);
#9818 = CARTESIAN_POINT('',(175.784221,-65.930337,0.));
#9819 = VECTOR('',#9820,1.);
#9820 = DIRECTION('',(0.,0.,1.));
#9821 = ORIENTED_EDGE('',*,*,#7171,.T.);
#9822 = ORIENTED_EDGE('',*,*,#9782,.F.);
#9823 = ORIENTED_EDGE('',*,*,#5980,.F.);
#9824 = PLANE('',#9825);
#9825 = AXIS2_PLACEMENT_3D('',#9826,#9827,#9828);
#9826 = CARTESIAN_POINT('',(175.784221,-65.930337,0.));
#9827 = DIRECTION('',(-0.502600076106,-0.864519035937,0.));
#9828 = DIRECTION('',(-0.864519035937,0.502600076106,0.));
#9829 = ADVANCED_FACE('',(#9830),#9841,.T.);
#9830 = FACE_BOUND('',#9831,.T.);
#9831 = EDGE_LOOP('',(#9832,#9833,#9834,#9840));
#9832 = ORIENTED_EDGE('',*,*,#9801,.T.);
#9833 = ORIENTED_EDGE('',*,*,#7427,.T.);
#9834 = ORIENTED_EDGE('',*,*,#9835,.F.);
#9835 = EDGE_CURVE('',#6229,#7420,#9836,.T.);
#9836 = LINE('',#9837,#9838);
#9837 = CARTESIAN_POINT('',(211.711167,-67.102479,0.));
#9838 = VECTOR('',#9839,1.);
#9839 = DIRECTION('',(0.,0.,1.));
#9840 = ORIENTED_EDGE('',*,*,#6236,.F.);
#9841 = PLANE('',#9842);
#9842 = AXIS2_PLACEMENT_3D('',#9843,#9844,#9845);
#9843 = CARTESIAN_POINT('',(212.609901,-66.724488,0.));
#9844 = DIRECTION('',(0.387688175,-0.921790583031,0.));
#9845 = DIRECTION('',(-0.921790583031,-0.387688175,0.));
#9846 = ADVANCED_FACE('',(#9847),#9858,.T.);
#9847 = FACE_BOUND('',#9848,.T.);
#9848 = EDGE_LOOP('',(#9849,#9855,#9856,#9857));
#9849 = ORIENTED_EDGE('',*,*,#9850,.T.);
#9850 = EDGE_CURVE('',#5989,#7180,#9851,.T.);
#9851 = LINE('',#9852,#9853);
#9852 = CARTESIAN_POINT('',(176.556046,-66.333392,0.));
#9853 = VECTOR('',#9854,1.);
#9854 = DIRECTION('',(0.,0.,1.));
#9855 = ORIENTED_EDGE('',*,*,#7179,.T.);
#9856 = ORIENTED_EDGE('',*,*,#9816,.F.);
#9857 = ORIENTED_EDGE('',*,*,#5988,.F.);
#9858 = PLANE('',#9859);
#9859 = AXIS2_PLACEMENT_3D('',#9860,#9861,#9862);
#9860 = CARTESIAN_POINT('',(176.556046,-66.333392,0.));
#9861 = DIRECTION('',(-0.46289429414,-0.88641348842,0.));
#9862 = DIRECTION('',(-0.88641348842,0.46289429414,0.));
#9863 = ADVANCED_FACE('',(#9864),#9875,.T.);
#9864 = FACE_BOUND('',#9865,.T.);
#9865 = EDGE_LOOP('',(#9866,#9867,#9868,#9874));
#9866 = ORIENTED_EDGE('',*,*,#9835,.T.);
#9867 = ORIENTED_EDGE('',*,*,#7419,.T.);
#9868 = ORIENTED_EDGE('',*,*,#9869,.F.);
#9869 = EDGE_CURVE('',#6221,#7412,#9870,.T.);
#9870 = LINE('',#9871,#9872);
#9871 = CARTESIAN_POINT('',(210.745526,-67.466052,0.));
#9872 = VECTOR('',#9873,1.);
#9873 = DIRECTION('',(0.,0.,1.));
#9874 = ORIENTED_EDGE('',*,*,#6228,.F.);
#9875 = PLANE('',#9876);
#9876 = AXIS2_PLACEMENT_3D('',#9877,#9878,#9879);
#9877 = CARTESIAN_POINT('',(211.711167,-67.102479,0.));
#9878 = DIRECTION('',(0.352361645593,-0.935863916771,0.));
#9879 = DIRECTION('',(-0.935863916771,-0.352361645593,0.));
#9880 = ADVANCED_FACE('',(#9881),#9892,.T.);
#9881 = FACE_BOUND('',#9882,.T.);
#9882 = EDGE_LOOP('',(#9883,#9889,#9890,#9891));
#9883 = ORIENTED_EDGE('',*,*,#9884,.T.);
#9884 = EDGE_CURVE('',#5997,#7188,#9885,.T.);
#9885 = LINE('',#9886,#9887);
#9886 = CARTESIAN_POINT('',(177.390099,-66.724488,0.));
#9887 = VECTOR('',#9888,1.);
#9888 = DIRECTION('',(0.,0.,1.));
#9889 = ORIENTED_EDGE('',*,*,#7187,.T.);
#9890 = ORIENTED_EDGE('',*,*,#9850,.F.);
#9891 = ORIENTED_EDGE('',*,*,#5996,.F.);
#9892 = PLANE('',#9893);
#9893 = AXIS2_PLACEMENT_3D('',#9894,#9895,#9896);
#9894 = CARTESIAN_POINT('',(177.390099,-66.724488,0.));
#9895 = DIRECTION('',(-0.4245528255,-0.905403168958,0.));
#9896 = DIRECTION('',(-0.905403168958,0.4245528255,0.));
#9897 = ADVANCED_FACE('',(#9898),#9909,.T.);
#9898 = FACE_BOUND('',#9899,.T.);
#9899 = EDGE_LOOP('',(#9900,#9901,#9902,#9908));
#9900 = ORIENTED_EDGE('',*,*,#9869,.T.);
#9901 = ORIENTED_EDGE('',*,*,#7411,.T.);
#9902 = ORIENTED_EDGE('',*,*,#9903,.F.);
#9903 = EDGE_CURVE('',#6213,#7404,#9904,.T.);
#9904 = LINE('',#9905,#9906);
#9905 = CARTESIAN_POINT('',(209.711101,-67.813727,0.));
#9906 = VECTOR('',#9907,1.);
#9907 = DIRECTION('',(0.,0.,1.));
#9908 = ORIENTED_EDGE('',*,*,#6220,.F.);
#9909 = PLANE('',#9910);
#9910 = AXIS2_PLACEMENT_3D('',#9911,#9912,#9913);
#9911 = CARTESIAN_POINT('',(210.745526,-67.466052,0.));
#9912 = DIRECTION('',(0.318590959451,-0.947892293753,0.));
#9913 = DIRECTION('',(-0.947892293753,-0.318590959451,0.));
#9914 = ADVANCED_FACE('',(#9915),#9926,.T.);
#9915 = FACE_BOUND('',#9916,.T.);
#9916 = EDGE_LOOP('',(#9917,#9923,#9924,#9925));
#9917 = ORIENTED_EDGE('',*,*,#9918,.T.);
#9918 = EDGE_CURVE('',#6005,#7196,#9919,.T.);
#9919 = LINE('',#9920,#9921);
#9920 = CARTESIAN_POINT('',(178.288833,-67.102479,0.));
#9921 = VECTOR('',#9922,1.);
#9922 = DIRECTION('',(0.,0.,1.));
#9923 = ORIENTED_EDGE('',*,*,#7195,.T.);
#9924 = ORIENTED_EDGE('',*,*,#9884,.F.);
#9925 = ORIENTED_EDGE('',*,*,#6004,.F.);
#9926 = PLANE('',#9927);
#9927 = AXIS2_PLACEMENT_3D('',#9928,#9929,#9930);
#9928 = CARTESIAN_POINT('',(178.288833,-67.102479,0.));
#9929 = DIRECTION('',(-0.387688175,-0.921790583031,0.));
#9930 = DIRECTION('',(-0.921790583031,0.387688175,0.));
#9931 = ADVANCED_FACE('',(#9932),#9943,.T.);
#9932 = FACE_BOUND('',#9933,.T.);
#9933 = EDGE_LOOP('',(#9934,#9935,#9936,#9942));
#9934 = ORIENTED_EDGE('',*,*,#9903,.T.);
#9935 = ORIENTED_EDGE('',*,*,#7403,.T.);
#9936 = ORIENTED_EDGE('',*,*,#9937,.F.);
#9937 = EDGE_CURVE('',#6205,#7396,#9938,.T.);
#9938 = LINE('',#9939,#9940);
#9939 = CARTESIAN_POINT('',(208.606536,-68.143858,0.));
#9940 = VECTOR('',#9941,1.);
#9941 = DIRECTION('',(0.,0.,1.));
#9942 = ORIENTED_EDGE('',*,*,#6212,.F.);
#9943 = PLANE('',#9944);
#9944 = AXIS2_PLACEMENT_3D('',#9945,#9946,#9947);
#9945 = CARTESIAN_POINT('',(209.711101,-67.813727,0.));
#9946 = DIRECTION('',(0.286362137738,-0.958121456847,0.));
#9947 = DIRECTION('',(-0.958121456847,-0.286362137738,0.));
#9948 = ADVANCED_FACE('',(#9949),#9960,.T.);
#9949 = FACE_BOUND('',#9950,.T.);
#9950 = EDGE_LOOP('',(#9951,#9957,#9958,#9959));
#9951 = ORIENTED_EDGE('',*,*,#9952,.T.);
#9952 = EDGE_CURVE('',#6013,#7204,#9953,.T.);
#9953 = LINE('',#9954,#9955);
#9954 = CARTESIAN_POINT('',(179.254474,-67.466052,0.));
#9955 = VECTOR('',#9956,1.);
#9956 = DIRECTION('',(0.,0.,1.));
#9957 = ORIENTED_EDGE('',*,*,#7203,.T.);
#9958 = ORIENTED_EDGE('',*,*,#9918,.F.);
#9959 = ORIENTED_EDGE('',*,*,#6012,.F.);
#9960 = PLANE('',#9961);
#9961 = AXIS2_PLACEMENT_3D('',#9962,#9963,#9964);
#9962 = CARTESIAN_POINT('',(179.254474,-67.466052,0.));
#9963 = DIRECTION('',(-0.352361645593,-0.935863916771,0.));
#9964 = DIRECTION('',(-0.935863916771,0.352361645593,0.));
#9965 = ADVANCED_FACE('',(#9966),#9977,.T.);
#9966 = FACE_BOUND('',#9967,.T.);
#9967 = EDGE_LOOP('',(#9968,#9969,#9970,#9976));
#9968 = ORIENTED_EDGE('',*,*,#9937,.T.);
#9969 = ORIENTED_EDGE('',*,*,#7395,.T.);
#9970 = ORIENTED_EDGE('',*,*,#9971,.F.);
#9971 = EDGE_CURVE('',#6197,#7388,#9972,.T.);
#9972 = LINE('',#9973,#9974);
#9973 = CARTESIAN_POINT('',(207.431223,-68.454631,0.));
#9974 = VECTOR('',#9975,1.);
#9975 = DIRECTION('',(0.,0.,1.));
#9976 = ORIENTED_EDGE('',*,*,#6204,.F.);
#9977 = PLANE('',#9978);
#9978 = AXIS2_PLACEMENT_3D('',#9979,#9980,#9981);
#9979 = CARTESIAN_POINT('',(208.606536,-68.143858,0.));
#9980 = DIRECTION('',(0.255631756557,-0.966774226508,0.));
#9981 = DIRECTION('',(-0.966774226508,-0.255631756557,0.));
#9982 = ADVANCED_FACE('',(#9983),#9994,.T.);
#9983 = FACE_BOUND('',#9984,.T.);
#9984 = EDGE_LOOP('',(#9985,#9991,#9992,#9993));
#9985 = ORIENTED_EDGE('',*,*,#9986,.T.);
#9986 = EDGE_CURVE('',#6021,#7212,#9987,.T.);
#9987 = LINE('',#9988,#9989);
#9988 = CARTESIAN_POINT('',(180.288899,-67.813727,0.));
#9989 = VECTOR('',#9990,1.);
#9990 = DIRECTION('',(0.,0.,1.));
#9991 = ORIENTED_EDGE('',*,*,#7211,.T.);
#9992 = ORIENTED_EDGE('',*,*,#9952,.F.);
#9993 = ORIENTED_EDGE('',*,*,#6020,.F.);
#9994 = PLANE('',#9995);
#9995 = AXIS2_PLACEMENT_3D('',#9996,#9997,#9998);
#9996 = CARTESIAN_POINT('',(180.288899,-67.813727,0.));
#9997 = DIRECTION('',(-0.318590959451,-0.947892293753,0.));
#9998 = DIRECTION('',(-0.947892293753,0.318590959451,0.));
#9999 = ADVANCED_FACE('',(#10000),#10011,.T.);
#10000 = FACE_BOUND('',#10001,.T.);
#10001 = EDGE_LOOP('',(#10002,#10003,#10004,#10010));
#10002 = ORIENTED_EDGE('',*,*,#9971,.T.);
#10003 = ORIENTED_EDGE('',*,*,#7387,.T.);
#10004 = ORIENTED_EDGE('',*,*,#10005,.F.);
#10005 = EDGE_CURVE('',#6189,#7380,#10006,.T.);
#10006 = LINE('',#10007,#10008);
#10007 = CARTESIAN_POINT('',(206.185636,-68.744063,0.));
#10008 = VECTOR('',#10009,1.);
#10009 = DIRECTION('',(0.,0.,1.));
#10010 = ORIENTED_EDGE('',*,*,#6196,.F.);
#10011 = PLANE('',#10012);
#10012 = AXIS2_PLACEMENT_3D('',#10013,#10014,#10015);
#10013 = CARTESIAN_POINT('',(207.431223,-68.454631,0.));
#10014 = DIRECTION('',(0.226335888974,-0.974049313619,0.));
#10015 = DIRECTION('',(-0.974049313619,-0.226335888974,0.));
#10016 = ADVANCED_FACE('',(#10017),#10028,.T.);
#10017 = FACE_BOUND('',#10018,.T.);
#10018 = EDGE_LOOP('',(#10019,#10025,#10026,#10027));
#10019 = ORIENTED_EDGE('',*,*,#10020,.T.);
#10020 = EDGE_CURVE('',#6029,#7220,#10021,.T.);
#10021 = LINE('',#10022,#10023);
#10022 = CARTESIAN_POINT('',(181.393464,-68.143858,0.));
#10023 = VECTOR('',#10024,1.);
#10024 = DIRECTION('',(0.,0.,1.));
#10025 = ORIENTED_EDGE('',*,*,#7219,.T.);
#10026 = ORIENTED_EDGE('',*,*,#9986,.F.);
#10027 = ORIENTED_EDGE('',*,*,#6028,.F.);
#10028 = PLANE('',#10029);
#10029 = AXIS2_PLACEMENT_3D('',#10030,#10031,#10032);
#10030 = CARTESIAN_POINT('',(181.393464,-68.143858,0.));
#10031 = DIRECTION('',(-0.286362137738,-0.958121456847,0.));
#10032 = DIRECTION('',(-0.958121456847,0.286362137738,0.));
#10033 = ADVANCED_FACE('',(#10034),#10045,.T.);
#10034 = FACE_BOUND('',#10035,.T.);
#10035 = EDGE_LOOP('',(#10036,#10037,#10038,#10044));
#10036 = ORIENTED_EDGE('',*,*,#10005,.T.);
#10037 = ORIENTED_EDGE('',*,*,#7379,.T.);
#10038 = ORIENTED_EDGE('',*,*,#10039,.F.);
#10039 = EDGE_CURVE('',#6181,#7372,#10040,.T.);
#10040 = LINE('',#10041,#10042);
#10041 = CARTESIAN_POINT('',(204.871819,-69.009993,0.));
#10042 = VECTOR('',#10043,1.);
#10043 = DIRECTION('',(0.,0.,1.));
#10044 = ORIENTED_EDGE('',*,*,#6188,.F.);
#10045 = PLANE('',#10046);
#10046 = AXIS2_PLACEMENT_3D('',#10047,#10048,#10049);
#10047 = CARTESIAN_POINT('',(206.185636,-68.744063,0.));
#10048 = DIRECTION('',(0.198387073209,-0.980123751974,0.));
#10049 = DIRECTION('',(-0.980123751974,-0.198387073209,0.));
#10050 = ADVANCED_FACE('',(#10051),#10062,.T.);
#10051 = FACE_BOUND('',#10052,.T.);
#10052 = EDGE_LOOP('',(#10053,#10059,#10060,#10061));
#10053 = ORIENTED_EDGE('',*,*,#10054,.T.);
#10054 = EDGE_CURVE('',#6037,#7228,#10055,.T.);
#10055 = LINE('',#10056,#10057);
#10056 = CARTESIAN_POINT('',(182.568777,-68.454631,0.));
#10057 = VECTOR('',#10058,1.);
#10058 = DIRECTION('',(0.,0.,1.));
#10059 = ORIENTED_EDGE('',*,*,#7227,.T.);
#10060 = ORIENTED_EDGE('',*,*,#10020,.F.);
#10061 = ORIENTED_EDGE('',*,*,#6036,.F.);
#10062 = PLANE('',#10063);
#10063 = AXIS2_PLACEMENT_3D('',#10064,#10065,#10066);
#10064 = CARTESIAN_POINT('',(182.568777,-68.454631,0.));
#10065 = DIRECTION('',(-0.255631756557,-0.966774226508,0.));
#10066 = DIRECTION('',(-0.966774226508,0.255631756557,0.));
#10067 = ADVANCED_FACE('',(#10068),#10079,.T.);
#10068 = FACE_BOUND('',#10069,.T.);
#10069 = EDGE_LOOP('',(#10070,#10071,#10072,#10078));
#10070 = ORIENTED_EDGE('',*,*,#10039,.T.);
#10071 = ORIENTED_EDGE('',*,*,#7371,.T.);
#10072 = ORIENTED_EDGE('',*,*,#10073,.F.);
#10073 = EDGE_CURVE('',#6173,#7364,#10074,.T.);
#10074 = LINE('',#10075,#10076);
#10075 = CARTESIAN_POINT('',(203.494149,-69.250079,0.));
#10076 = VECTOR('',#10077,1.);
#10077 = DIRECTION('',(0.,0.,1.));
#10078 = ORIENTED_EDGE('',*,*,#6180,.F.);
#10079 = PLANE('',#10080);
#10080 = AXIS2_PLACEMENT_3D('',#10081,#10082,#10083);
#10081 = CARTESIAN_POINT('',(204.871819,-69.009993,0.));
#10082 = DIRECTION('',(0.171682114827,-0.985152400113,0.));
#10083 = DIRECTION('',(-0.985152400113,-0.171682114827,0.));
#10084 = ADVANCED_FACE('',(#10085),#10096,.T.);
#10085 = FACE_BOUND('',#10086,.T.);
#10086 = EDGE_LOOP('',(#10087,#10093,#10094,#10095));
#10087 = ORIENTED_EDGE('',*,*,#10088,.T.);
#10088 = EDGE_CURVE('',#6045,#7236,#10089,.T.);
#10089 = LINE('',#10090,#10091);
#10090 = CARTESIAN_POINT('',(183.814364,-68.744063,0.));
#10091 = VECTOR('',#10092,1.);
#10092 = DIRECTION('',(0.,0.,1.));
#10093 = ORIENTED_EDGE('',*,*,#7235,.T.);
#10094 = ORIENTED_EDGE('',*,*,#10054,.F.);
#10095 = ORIENTED_EDGE('',*,*,#6044,.F.);
#10096 = PLANE('',#10097);
#10097 = AXIS2_PLACEMENT_3D('',#10098,#10099,#10100);
#10098 = CARTESIAN_POINT('',(183.814364,-68.744063,0.));
#10099 = DIRECTION('',(-0.226335888974,-0.974049313619,0.));
#10100 = DIRECTION('',(-0.974049313619,0.226335888974,0.));
#10101 = ADVANCED_FACE('',(#10102),#10113,.T.);
#10102 = FACE_BOUND('',#10103,.T.);
#10103 = EDGE_LOOP('',(#10104,#10105,#10106,#10112));
#10104 = ORIENTED_EDGE('',*,*,#10073,.T.);
#10105 = ORIENTED_EDGE('',*,*,#7363,.T.);
#10106 = ORIENTED_EDGE('',*,*,#10107,.F.);
#10107 = EDGE_CURVE('',#6165,#7356,#10108,.T.);
#10108 = LINE('',#10109,#10110);
#10109 = CARTESIAN_POINT('',(202.060565,-69.461796,0.));
#10110 = VECTOR('',#10111,1.);
#10111 = DIRECTION('',(0.,0.,1.));
#10112 = ORIENTED_EDGE('',*,*,#6172,.F.);
#10113 = PLANE('',#10114);
#10114 = AXIS2_PLACEMENT_3D('',#10115,#10116,#10117);
#10115 = CARTESIAN_POINT('',(203.494149,-69.250079,0.));
#10116 = DIRECTION('',(0.146099056216,-0.989269966072,0.));
#10117 = DIRECTION('',(-0.989269966072,-0.146099056216,0.));
#10118 = ADVANCED_FACE('',(#10119),#10130,.T.);
#10119 = FACE_BOUND('',#10120,.T.);
#10120 = EDGE_LOOP('',(#10121,#10127,#10128,#10129));
#10121 = ORIENTED_EDGE('',*,*,#10122,.T.);
#10122 = EDGE_CURVE('',#6053,#7244,#10123,.T.);
#10123 = LINE('',#10124,#10125);
#10124 = CARTESIAN_POINT('',(185.128181,-69.009993,0.));
#10125 = VECTOR('',#10126,1.);
#10126 = DIRECTION('',(0.,0.,1.));
#10127 = ORIENTED_EDGE('',*,*,#7243,.T.);
#10128 = ORIENTED_EDGE('',*,*,#10088,.F.);
#10129 = ORIENTED_EDGE('',*,*,#6052,.F.);
#10130 = PLANE('',#10131);
#10131 = AXIS2_PLACEMENT_3D('',#10132,#10133,#10134);
#10132 = CARTESIAN_POINT('',(185.128181,-69.009993,0.));
#10133 = DIRECTION('',(-0.198387073209,-0.980123751974,0.));
#10134 = DIRECTION('',(-0.980123751974,0.198387073209,0.));
#10135 = ADVANCED_FACE('',(#10136),#10147,.T.);
#10136 = FACE_BOUND('',#10137,.T.);
#10137 = EDGE_LOOP('',(#10138,#10139,#10140,#10146));
#10138 = ORIENTED_EDGE('',*,*,#10107,.T.);
#10139 = ORIENTED_EDGE('',*,*,#7355,.T.);
#10140 = ORIENTED_EDGE('',*,*,#10141,.F.);
#10141 = EDGE_CURVE('',#6157,#7348,#10142,.T.);
#10142 = LINE('',#10143,#10144);
#10143 = CARTESIAN_POINT('',(200.584716,-69.642432,0.));
#10144 = VECTOR('',#10145,1.);
#10145 = DIRECTION('',(0.,0.,1.));
#10146 = ORIENTED_EDGE('',*,*,#6164,.F.);
#10147 = PLANE('',#10148);
#10148 = AXIS2_PLACEMENT_3D('',#10149,#10150,#10151);
#10149 = CARTESIAN_POINT('',(202.060565,-69.461796,0.));
#10150 = DIRECTION('',(0.121488045287,-0.992592894823,0.));
#10151 = DIRECTION('',(-0.992592894823,-0.121488045287,0.));
#10152 = ADVANCED_FACE('',(#10153),#10164,.T.);
#10153 = FACE_BOUND('',#10154,.T.);
#10154 = EDGE_LOOP('',(#10155,#10161,#10162,#10163));
#10155 = ORIENTED_EDGE('',*,*,#10156,.T.);
#10156 = EDGE_CURVE('',#6061,#7252,#10157,.T.);
#10157 = LINE('',#10158,#10159);
#10158 = CARTESIAN_POINT('',(186.505851,-69.250079,0.));
#10159 = VECTOR('',#10160,1.);
#10160 = DIRECTION('',(0.,0.,1.));
#10161 = ORIENTED_EDGE('',*,*,#7251,.T.);
#10162 = ORIENTED_EDGE('',*,*,#10122,.F.);
#10163 = ORIENTED_EDGE('',*,*,#6060,.F.);
#10164 = PLANE('',#10165);
#10165 = AXIS2_PLACEMENT_3D('',#10166,#10167,#10168);
#10166 = CARTESIAN_POINT('',(186.505851,-69.250079,0.));
#10167 = DIRECTION('',(-0.171682114827,-0.985152400113,0.));
#10168 = DIRECTION('',(-0.985152400113,0.171682114827,0.));
#10169 = ADVANCED_FACE('',(#10170),#10181,.T.);
#10170 = FACE_BOUND('',#10171,.T.);
#10171 = EDGE_LOOP('',(#10172,#10173,#10174,#10180));
#10172 = ORIENTED_EDGE('',*,*,#10141,.T.);
#10173 = ORIENTED_EDGE('',*,*,#7347,.T.);
#10174 = ORIENTED_EDGE('',*,*,#10175,.F.);
#10175 = EDGE_CURVE('',#6149,#7340,#10176,.T.);
#10176 = LINE('',#10177,#10178);
#10177 = CARTESIAN_POINT('',(199.090027,-69.789106,0.));
#10178 = VECTOR('',#10179,1.);
#10179 = DIRECTION('',(0.,0.,1.));
#10180 = ORIENTED_EDGE('',*,*,#6156,.F.);
#10181 = PLANE('',#10182);
#10182 = AXIS2_PLACEMENT_3D('',#10183,#10184,#10185);
#10183 = CARTESIAN_POINT('',(200.584716,-69.642432,0.));
#10184 = DIRECTION('',(9.76610249043E-02,-0.995219736648,0.));
#10185 = DIRECTION('',(-0.995219736648,-9.76610249043E-02,0.));
#10186 = ADVANCED_FACE('',(#10187),#10198,.T.);
#10187 = FACE_BOUND('',#10188,.T.);
#10188 = EDGE_LOOP('',(#10189,#10195,#10196,#10197));
#10189 = ORIENTED_EDGE('',*,*,#10190,.T.);
#10190 = EDGE_CURVE('',#6069,#7260,#10191,.T.);
#10191 = LINE('',#10192,#10193);
#10192 = CARTESIAN_POINT('',(187.939435,-69.461796,0.));
#10193 = VECTOR('',#10194,1.);
#10194 = DIRECTION('',(0.,0.,1.));
#10195 = ORIENTED_EDGE('',*,*,#7259,.T.);
#10196 = ORIENTED_EDGE('',*,*,#10156,.F.);
#10197 = ORIENTED_EDGE('',*,*,#6068,.F.);
#10198 = PLANE('',#10199);
#10199 = AXIS2_PLACEMENT_3D('',#10200,#10201,#10202);
#10200 = CARTESIAN_POINT('',(187.939435,-69.461796,0.));
#10201 = DIRECTION('',(-0.146099056216,-0.989269966072,0.));
#10202 = DIRECTION('',(-0.989269966072,0.146099056216,0.));
#10203 = ADVANCED_FACE('',(#10204),#10215,.T.);
#10204 = FACE_BOUND('',#10205,.T.);
#10205 = EDGE_LOOP('',(#10206,#10207,#10208,#10214));
#10206 = ORIENTED_EDGE('',*,*,#10175,.T.);
#10207 = ORIENTED_EDGE('',*,*,#7339,.T.);
#10208 = ORIENTED_EDGE('',*,*,#10209,.F.);
#10209 = EDGE_CURVE('',#6141,#7332,#10210,.T.);
#10210 = LINE('',#10211,#10212);
#10211 = CARTESIAN_POINT('',(197.618458,-69.898844,0.));
#10212 = VECTOR('',#10213,1.);
#10213 = DIRECTION('',(0.,0.,1.));
#10214 = ORIENTED_EDGE('',*,*,#6148,.F.);
#10215 = PLANE('',#10216);
#10216 = AXIS2_PLACEMENT_3D('',#10217,#10218,#10219);
#10217 = CARTESIAN_POINT('',(199.090027,-69.789106,0.));
#10218 = DIRECTION('',(7.436561947162E-02,-0.997231043761,0.));
#10219 = DIRECTION('',(-0.997231043761,-7.436561947162E-02,0.));
#10220 = ADVANCED_FACE('',(#10221),#10232,.T.);
#10221 = FACE_BOUND('',#10222,.T.);
#10222 = EDGE_LOOP('',(#10223,#10229,#10230,#10231));
#10223 = ORIENTED_EDGE('',*,*,#10224,.T.);
#10224 = EDGE_CURVE('',#6077,#7268,#10225,.T.);
#10225 = LINE('',#10226,#10227);
#10226 = CARTESIAN_POINT('',(189.415284,-69.642432,0.));
#10227 = VECTOR('',#10228,1.);
#10228 = DIRECTION('',(0.,0.,1.));
#10229 = ORIENTED_EDGE('',*,*,#7267,.T.);
#10230 = ORIENTED_EDGE('',*,*,#10190,.F.);
#10231 = ORIENTED_EDGE('',*,*,#6076,.F.);
#10232 = PLANE('',#10233);
#10233 = AXIS2_PLACEMENT_3D('',#10234,#10235,#10236);
#10234 = CARTESIAN_POINT('',(189.415284,-69.642432,0.));
#10235 = DIRECTION('',(-0.121488045287,-0.992592894823,0.));
#10236 = DIRECTION('',(-0.992592894823,0.121488045287,0.));
#10237 = ADVANCED_FACE('',(#10238),#10249,.T.);
#10238 = FACE_BOUND('',#10239,.T.);
#10239 = EDGE_LOOP('',(#10240,#10241,#10242,#10248));
#10240 = ORIENTED_EDGE('',*,*,#10209,.T.);
#10241 = ORIENTED_EDGE('',*,*,#7331,.T.);
#10242 = ORIENTED_EDGE('',*,*,#10243,.F.);
#10243 = EDGE_CURVE('',#6133,#7324,#10244,.T.);
#10244 = LINE('',#10245,#10246);
#10245 = CARTESIAN_POINT('',(196.253339,-69.968874,0.));
#10246 = VECTOR('',#10247,1.);
#10247 = DIRECTION('',(0.,0.,1.));
#10248 = ORIENTED_EDGE('',*,*,#6140,.F.);
#10249 = PLANE('',#10250);
#10250 = AXIS2_PLACEMENT_3D('',#10251,#10252,#10253);
#10251 = CARTESIAN_POINT('',(197.618458,-69.898844,0.));
#10252 = DIRECTION('',(5.123218887273E-02,-0.998686769124,0.));
#10253 = DIRECTION('',(-0.998686769124,-5.123218887273E-02,0.));
#10254 = ADVANCED_FACE('',(#10255),#10266,.T.);
#10255 = FACE_BOUND('',#10256,.T.);
#10256 = EDGE_LOOP('',(#10257,#10263,#10264,#10265));
#10257 = ORIENTED_EDGE('',*,*,#10258,.T.);
#10258 = EDGE_CURVE('',#6085,#7276,#10259,.T.);
#10259 = LINE('',#10260,#10261);
#10260 = CARTESIAN_POINT('',(190.909973,-69.789106,0.));
#10261 = VECTOR('',#10262,1.);
#10262 = DIRECTION('',(0.,0.,1.));
#10263 = ORIENTED_EDGE('',*,*,#7275,.T.);
#10264 = ORIENTED_EDGE('',*,*,#10224,.F.);
#10265 = ORIENTED_EDGE('',*,*,#6084,.F.);
#10266 = PLANE('',#10267);
#10267 = AXIS2_PLACEMENT_3D('',#10268,#10269,#10270);
#10268 = CARTESIAN_POINT('',(190.909973,-69.789106,0.));
#10269 = DIRECTION('',(-9.76610249043E-02,-0.995219736648,0.));
#10270 = DIRECTION('',(-0.995219736648,9.76610249043E-02,0.));
#10271 = ADVANCED_FACE('',(#10272),#10283,.T.);
#10272 = FACE_BOUND('',#10273,.T.);
#10273 = EDGE_LOOP('',(#10274,#10275,#10276,#10282));
#10274 = ORIENTED_EDGE('',*,*,#10243,.T.);
#10275 = ORIENTED_EDGE('',*,*,#7323,.T.);
#10276 = ORIENTED_EDGE('',*,*,#10277,.F.);
#10277 = EDGE_CURVE('',#6125,#7316,#10278,.T.);
#10278 = LINE('',#10279,#10280);
#10279 = CARTESIAN_POINT('',(195.203443,-69.998136,0.));
#10280 = VECTOR('',#10281,1.);
#10281 = DIRECTION('',(0.,0.,1.));
#10282 = ORIENTED_EDGE('',*,*,#6132,.F.);
#10283 = PLANE('',#10284);
#10284 = AXIS2_PLACEMENT_3D('',#10285,#10286,#10287);
#10285 = CARTESIAN_POINT('',(196.253339,-69.968874,0.));
#10286 = DIRECTION('',(2.786051293981E-02,-0.999611820568,0.));
#10287 = DIRECTION('',(-0.999611820568,-2.786051293981E-02,0.));
#10288 = ADVANCED_FACE('',(#10289),#10300,.T.);
#10289 = FACE_BOUND('',#10290,.T.);
#10290 = EDGE_LOOP('',(#10291,#10297,#10298,#10299));
#10291 = ORIENTED_EDGE('',*,*,#10292,.T.);
#10292 = EDGE_CURVE('',#6093,#7284,#10293,.T.);
#10293 = LINE('',#10294,#10295);
#10294 = CARTESIAN_POINT('',(192.381542,-69.898844,0.));
#10295 = VECTOR('',#10296,1.);
#10296 = DIRECTION('',(0.,0.,1.));
#10297 = ORIENTED_EDGE('',*,*,#7283,.T.);
#10298 = ORIENTED_EDGE('',*,*,#10258,.F.);
#10299 = ORIENTED_EDGE('',*,*,#6092,.F.);
#10300 = PLANE('',#10301);
#10301 = AXIS2_PLACEMENT_3D('',#10302,#10303,#10304);
#10302 = CARTESIAN_POINT('',(192.381542,-69.898844,0.));
#10303 = DIRECTION('',(-7.436561947162E-02,-0.997231043761,0.));
#10304 = DIRECTION('',(-0.997231043761,7.436561947162E-02,0.));
#10305 = ADVANCED_FACE('',(#10306),#10317,.T.);
#10306 = FACE_BOUND('',#10307,.T.);
#10307 = EDGE_LOOP('',(#10308,#10309,#10310,#10316));
#10308 = ORIENTED_EDGE('',*,*,#10277,.T.);
#10309 = ORIENTED_EDGE('',*,*,#7315,.T.);
#10310 = ORIENTED_EDGE('',*,*,#10311,.F.);
#10311 = EDGE_CURVE('',#6117,#7308,#10312,.T.);
#10312 = LINE('',#10313,#10314);
#10313 = CARTESIAN_POINT('',(195.,-70.,0.));
#10314 = VECTOR('',#10315,1.);
#10315 = DIRECTION('',(0.,0.,1.));
#10316 = ORIENTED_EDGE('',*,*,#6124,.F.);
#10317 = PLANE('',#10318);
#10318 = AXIS2_PLACEMENT_3D('',#10319,#10320,#10321);
#10319 = CARTESIAN_POINT('',(195.203443,-69.998136,0.));
#10320 = DIRECTION('',(9.161886946787E-03,-0.999958029033,0.));
#10321 = DIRECTION('',(-0.999958029033,-9.161886946787E-03,0.));
#10322 = ADVANCED_FACE('',(#10323),#10334,.T.);
#10323 = FACE_BOUND('',#10324,.T.);
#10324 = EDGE_LOOP('',(#10325,#10331,#10332,#10333));
#10325 = ORIENTED_EDGE('',*,*,#10326,.T.);
#10326 = EDGE_CURVE('',#6101,#7292,#10327,.T.);
#10327 = LINE('',#10328,#10329);
#10328 = CARTESIAN_POINT('',(193.746661,-69.968874,0.));
#10329 = VECTOR('',#10330,1.);
#10330 = DIRECTION('',(0.,0.,1.));
#10331 = ORIENTED_EDGE('',*,*,#7291,.T.);
#10332 = ORIENTED_EDGE('',*,*,#10292,.F.);
#10333 = ORIENTED_EDGE('',*,*,#6100,.F.);
#10334 = PLANE('',#10335);
#10335 = AXIS2_PLACEMENT_3D('',#10336,#10337,#10338);
#10336 = CARTESIAN_POINT('',(193.746661,-69.968874,0.));
#10337 = DIRECTION('',(-5.123218887273E-02,-0.998686769124,0.));
#10338 = DIRECTION('',(-0.998686769124,5.123218887273E-02,0.));
#10339 = ADVANCED_FACE('',(#10340),#10351,.T.);
#10340 = FACE_BOUND('',#10341,.T.);
#10341 = EDGE_LOOP('',(#10342,#10343,#10344,#10350));
#10342 = ORIENTED_EDGE('',*,*,#10311,.T.);
#10343 = ORIENTED_EDGE('',*,*,#7307,.T.);
#10344 = ORIENTED_EDGE('',*,*,#10345,.F.);
#10345 = EDGE_CURVE('',#6109,#7300,#10346,.T.);
#10346 = LINE('',#10347,#10348);
#10347 = CARTESIAN_POINT('',(194.796557,-69.998136,0.));
#10348 = VECTOR('',#10349,1.);
#10349 = DIRECTION('',(0.,0.,1.));
#10350 = ORIENTED_EDGE('',*,*,#6116,.F.);
#10351 = PLANE('',#10352);
#10352 = AXIS2_PLACEMENT_3D('',#10353,#10354,#10355);
#10353 = CARTESIAN_POINT('',(195.,-70.,0.));
#10354 = DIRECTION('',(-9.161886946787E-03,-0.999958029033,0.));
#10355 = DIRECTION('',(-0.999958029033,9.161886946787E-03,0.));
#10356 = ADVANCED_FACE('',(#10357),#10363,.T.);
#10357 = FACE_BOUND('',#10358,.T.);
#10358 = EDGE_LOOP('',(#10359,#10360,#10361,#10362));
#10359 = ORIENTED_EDGE('',*,*,#10345,.T.);
#10360 = ORIENTED_EDGE('',*,*,#7299,.T.);
#10361 = ORIENTED_EDGE('',*,*,#10326,.F.);
#10362 = ORIENTED_EDGE('',*,*,#6108,.F.);
#10363 = PLANE('',#10364);
#10364 = AXIS2_PLACEMENT_3D('',#10365,#10366,#10367);
#10365 = CARTESIAN_POINT('',(194.796557,-69.998136,0.));
#10366 = DIRECTION('',(-2.786051293981E-02,-0.999611820568,0.));
#10367 = DIRECTION('',(-0.999611820568,2.786051293981E-02,0.));
#10368 = ADVANCED_FACE('',(#10369),#10380,.F.);
#10369 = FACE_BOUND('',#10370,.T.);
#10370 = EDGE_LOOP('',(#10371,#10372,#10378,#10379));
#10371 = ORIENTED_EDGE('',*,*,#6693,.T.);
#10372 = ORIENTED_EDGE('',*,*,#10373,.T.);
#10373 = EDGE_CURVE('',#6694,#7885,#10374,.T.);
#10374 = LINE('',#10375,#10376);
#10375 = CARTESIAN_POINT('',(173.5,-59.1,-4.6E-02));
#10376 = VECTOR('',#10377,1.);
#10377 = DIRECTION('',(0.,0.,1.));
#10378 = ORIENTED_EDGE('',*,*,#7884,.F.);
#10379 = ORIENTED_EDGE('',*,*,#10373,.F.);
#10380 = CYLINDRICAL_SURFACE('',#10381,1.6);
#10381 = AXIS2_PLACEMENT_3D('',#10382,#10383,#10384);
#10382 = CARTESIAN_POINT('',(173.5,-57.5,-4.6E-02));
#10383 = DIRECTION('',(-0.,-0.,-1.));
#10384 = DIRECTION('',(-0.,-1.,0.));
#10385 = ADVANCED_FACE('',(#10386),#10397,.F.);
#10386 = FACE_BOUND('',#10387,.T.);
#10387 = EDGE_LOOP('',(#10388,#10389,#10395,#10396));
#10388 = ORIENTED_EDGE('',*,*,#6704,.T.);
#10389 = ORIENTED_EDGE('',*,*,#10390,.T.);
#10390 = EDGE_CURVE('',#6705,#7896,#10391,.T.);
#10391 = LINE('',#10392,#10393);
#10392 = CARTESIAN_POINT('',(216.5,-59.1,-4.6E-02));
#10393 = VECTOR('',#10394,1.);
#10394 = DIRECTION('',(0.,0.,1.));
#10395 = ORIENTED_EDGE('',*,*,#7895,.F.);
#10396 = ORIENTED_EDGE('',*,*,#10390,.F.);
#10397 = CYLINDRICAL_SURFACE('',#10398,1.6);
#10398 = AXIS2_PLACEMENT_3D('',#10399,#10400,#10401);
#10399 = CARTESIAN_POINT('',(216.5,-57.5,-4.6E-02));
#10400 = DIRECTION('',(-0.,-0.,-1.));
#10401 = DIRECTION('',(-0.,-1.,0.));
#10402 = ( GEOMETRIC_REPRESENTATION_CONTEXT(3) 
GLOBAL_UNCERTAINTY_ASSIGNED_CONTEXT((#10406)) 
GLOBAL_UNIT_ASSIGNED_CONTEXT((#10403,#10404,#10405)) 
REPRESENTATION_CONTEXT('Context #1',
  '3D Context with UNIT and UNCERTAINTY') );
#10403 = ( LENGTH_UNIT() NAMED_UNIT(*) SI_UNIT(.MILLI.,.METRE.) );
#10404 = ( NAMED_UNIT(*) PLANE_ANGLE_UNIT() SI_UNIT($,.RADIAN.) );
#10405 = ( NAMED_UNIT(*) SI_UNIT($,.STERADIAN.) SOLID_ANGLE_UNIT() );
#10406 = UNCERTAINTY_MEASURE_WITH_UNIT(LENGTH_MEASURE(1.E-07),#10403,
  'distance_accuracy_value','confusion accuracy');
#10407 = CONTEXT_DEPENDENT_SHAPE_REPRESENTATION(#10408,#10410);
#10408 = ( REPRESENTATION_RELATIONSHIP('','',#5421,#10) 
REPRESENTATION_RELATIONSHIP_WITH_TRANSFORMATION(#10409) 
SHAPE_REPRESENTATION_RELATIONSHIP() );
#10409 = ITEM_DEFINED_TRANSFORMATION('','',#11,#67);
#10410 = PRODUCT_DEFINITION_SHAPE('Placement','Placement of an item',
  #10411);
#10411 = NEXT_ASSEMBLY_USAGE_OCCURRENCE('23','=>[0:1:1:7]','',#5,#5416,$
  );
#10412 = PRODUCT_RELATED_PRODUCT_CATEGORY('part',$,(#5418));
#10413 = MECHANICAL_DESIGN_GEOMETRIC_PRESENTATION_REPRESENTATION('',(
    #10414),#927);
#10414 = STYLED_ITEM('color',(#10415),#777);
#10415 = PRESENTATION_STYLE_ASSIGNMENT((#10416,#10422));
#10416 = SURFACE_STYLE_USAGE(.BOTH.,#10417);
#10417 = SURFACE_SIDE_STYLE('',(#10418));
#10418 = SURFACE_STYLE_FILL_AREA(#10419);
#10419 = FILL_AREA_STYLE('',(#10420));
#10420 = FILL_AREA_STYLE_COLOUR('',#10421);
#10421 = COLOUR_RGB('',0.300000011149,0.300000011149,0.300000011149);
#10422 = CURVE_STYLE('',#10423,POSITIVE_LENGTH_MEASURE(0.1),#10421);
#10423 = DRAUGHTING_PRE_DEFINED_CURVE_FONT('continuous');
#10424 = MECHANICAL_DESIGN_GEOMETRIC_PRESENTATION_REPRESENTATION('',(
    #10425),#10402);
#10425 = STYLED_ITEM('color',(#10426),#5422);
#10426 = PRESENTATION_STYLE_ASSIGNMENT((#10427));
#10427 = SURFACE_STYLE_USAGE(.BOTH.,#10428);
#10428 = SURFACE_SIDE_STYLE('',(#10429));
#10429 = SURFACE_STYLE_FILL_AREA(#10430);
#10430 = FILL_AREA_STYLE('',(#10431));
#10431 = FILL_AREA_STYLE_COLOUR('',#10432);
#10432 = COLOUR_RGB('',0.313304153717,0.484529207832,0.410020903123);
#10433 = MECHANICAL_DESIGN_GEOMETRIC_PRESENTATION_REPRESENTATION('',(
    #10434,#10442,#10449,#10456,#10463,#10470,#10477,#10484,#10491,
    #10498,#10505,#10513,#10520,#10527,#10534,#10541,#10548,#10555,
    #10562,#10569,#10576,#10583,#10590,#10597,#10604,#10611,#10618,
    #10625),#2289);
#10434 = STYLED_ITEM('color',(#10435),#1437);
#10435 = PRESENTATION_STYLE_ASSIGNMENT((#10436));
#10436 = SURFACE_STYLE_USAGE(.BOTH.,#10437);
#10437 = SURFACE_SIDE_STYLE('',(#10438));
#10438 = SURFACE_STYLE_FILL_AREA(#10439);
#10439 = FILL_AREA_STYLE('',(#10440));
#10440 = FILL_AREA_STYLE_COLOUR('',#10441);
#10441 = COLOUR_RGB('',0.823999987314,0.819999987296,0.781000009244);
#10442 = STYLED_ITEM('color',(#10443),#1513);
#10443 = PRESENTATION_STYLE_ASSIGNMENT((#10444));
#10444 = SURFACE_STYLE_USAGE(.BOTH.,#10445);
#10445 = SURFACE_SIDE_STYLE('',(#10446));
#10446 = SURFACE_STYLE_FILL_AREA(#10447);
#10447 = FILL_AREA_STYLE('',(#10448));
#10448 = FILL_AREA_STYLE_COLOUR('',#10441);
#10449 = STYLED_ITEM('color',(#10450),#1544);
#10450 = PRESENTATION_STYLE_ASSIGNMENT((#10451));
#10451 = SURFACE_STYLE_USAGE(.BOTH.,#10452);
#10452 = SURFACE_SIDE_STYLE('',(#10453));
#10453 = SURFACE_STYLE_FILL_AREA(#10454);
#10454 = FILL_AREA_STYLE('',(#10455));
#10455 = FILL_AREA_STYLE_COLOUR('',#10441);
#10456 = STYLED_ITEM('color',(#10457),#1569);
#10457 = PRESENTATION_STYLE_ASSIGNMENT((#10458));
#10458 = SURFACE_STYLE_USAGE(.BOTH.,#10459);
#10459 = SURFACE_SIDE_STYLE('',(#10460));
#10460 = SURFACE_STYLE_FILL_AREA(#10461);
#10461 = FILL_AREA_STYLE('',(#10462));
#10462 = FILL_AREA_STYLE_COLOUR('',#10441);
#10463 = STYLED_ITEM('color',(#10464),#1594);
#10464 = PRESENTATION_STYLE_ASSIGNMENT((#10465));
#10465 = SURFACE_STYLE_USAGE(.BOTH.,#10466);
#10466 = SURFACE_SIDE_STYLE('',(#10467));
#10467 = SURFACE_STYLE_FILL_AREA(#10468);
#10468 = FILL_AREA_STYLE('',(#10469));
#10469 = FILL_AREA_STYLE_COLOUR('',#10441);
#10470 = STYLED_ITEM('color',(#10471),#1618);
#10471 = PRESENTATION_STYLE_ASSIGNMENT((#10472));
#10472 = SURFACE_STYLE_USAGE(.BOTH.,#10473);
#10473 = SURFACE_SIDE_STYLE('',(#10474));
#10474 = SURFACE_STYLE_FILL_AREA(#10475);
#10475 = FILL_AREA_STYLE('',(#10476));
#10476 = FILL_AREA_STYLE_COLOUR('',#10441);
#10477 = STYLED_ITEM('color',(#10478),#1642);
#10478 = PRESENTATION_STYLE_ASSIGNMENT((#10479));
#10479 = SURFACE_STYLE_USAGE(.BOTH.,#10480);
#10480 = SURFACE_SIDE_STYLE('',(#10481));
#10481 = SURFACE_STYLE_FILL_AREA(#10482);
#10482 = FILL_AREA_STYLE('',(#10483));
#10483 = FILL_AREA_STYLE_COLOUR('',#10441);
#10484 = STYLED_ITEM('color',(#10485),#1667);
#10485 = PRESENTATION_STYLE_ASSIGNMENT((#10486));
#10486 = SURFACE_STYLE_USAGE(.BOTH.,#10487);
#10487 = SURFACE_SIDE_STYLE('',(#10488));
#10488 = SURFACE_STYLE_FILL_AREA(#10489);
#10489 = FILL_AREA_STYLE('',(#10490));
#10490 = FILL_AREA_STYLE_COLOUR('',#10441);
#10491 = STYLED_ITEM('color',(#10492),#1692);
#10492 = PRESENTATION_STYLE_ASSIGNMENT((#10493));
#10493 = SURFACE_STYLE_USAGE(.BOTH.,#10494);
#10494 = SURFACE_SIDE_STYLE('',(#10495));
#10495 = SURFACE_STYLE_FILL_AREA(#10496);
#10496 = FILL_AREA_STYLE('',(#10497));
#10497 = FILL_AREA_STYLE_COLOUR('',#10441);
#10498 = STYLED_ITEM('color',(#10499),#1709);
#10499 = PRESENTATION_STYLE_ASSIGNMENT((#10500));
#10500 = SURFACE_STYLE_USAGE(.BOTH.,#10501);
#10501 = SURFACE_SIDE_STYLE('',(#10502));
#10502 = SURFACE_STYLE_FILL_AREA(#10503);
#10503 = FILL_AREA_STYLE('',(#10504));
#10504 = FILL_AREA_STYLE_COLOUR('',#10441);
#10505 = STYLED_ITEM('color',(#10506),#1795);
#10506 = PRESENTATION_STYLE_ASSIGNMENT((#10507));
#10507 = SURFACE_STYLE_USAGE(.BOTH.,#10508);
#10508 = SURFACE_SIDE_STYLE('',(#10509));
#10509 = SURFACE_STYLE_FILL_AREA(#10510);
#10510 = FILL_AREA_STYLE('',(#10511));
#10511 = FILL_AREA_STYLE_COLOUR('',#10512);
#10512 = COLOUR_RGB('',0.379000005575,0.270000008848,0.214999999939);
#10513 = STYLED_ITEM('color',(#10514),#1827);
#10514 = PRESENTATION_STYLE_ASSIGNMENT((#10515));
#10515 = SURFACE_STYLE_USAGE(.BOTH.,#10516);
#10516 = SURFACE_SIDE_STYLE('',(#10517));
#10517 = SURFACE_STYLE_FILL_AREA(#10518);
#10518 = FILL_AREA_STYLE('',(#10519));
#10519 = FILL_AREA_STYLE_COLOUR('',#10512);
#10520 = STYLED_ITEM('color',(#10521),#1851);
#10521 = PRESENTATION_STYLE_ASSIGNMENT((#10522));
#10522 = SURFACE_STYLE_USAGE(.BOTH.,#10523);
#10523 = SURFACE_SIDE_STYLE('',(#10524));
#10524 = SURFACE_STYLE_FILL_AREA(#10525);
#10525 = FILL_AREA_STYLE('',(#10526));
#10526 = FILL_AREA_STYLE_COLOUR('',#10512);
#10527 = STYLED_ITEM('color',(#10528),#1876);
#10528 = PRESENTATION_STYLE_ASSIGNMENT((#10529));
#10529 = SURFACE_STYLE_USAGE(.BOTH.,#10530);
#10530 = SURFACE_SIDE_STYLE('',(#10531));
#10531 = SURFACE_STYLE_FILL_AREA(#10532);
#10532 = FILL_AREA_STYLE('',(#10533));
#10533 = FILL_AREA_STYLE_COLOUR('',#10512);
#10534 = STYLED_ITEM('color',(#10535),#1900);
#10535 = PRESENTATION_STYLE_ASSIGNMENT((#10536));
#10536 = SURFACE_STYLE_USAGE(.BOTH.,#10537);
#10537 = SURFACE_SIDE_STYLE('',(#10538));
#10538 = SURFACE_STYLE_FILL_AREA(#10539);
#10539 = FILL_AREA_STYLE('',(#10540));
#10540 = FILL_AREA_STYLE_COLOUR('',#10512);
#10541 = STYLED_ITEM('color',(#10542),#1925);
#10542 = PRESENTATION_STYLE_ASSIGNMENT((#10543));
#10543 = SURFACE_STYLE_USAGE(.BOTH.,#10544);
#10544 = SURFACE_SIDE_STYLE('',(#10545));
#10545 = SURFACE_STYLE_FILL_AREA(#10546);
#10546 = FILL_AREA_STYLE('',(#10547));
#10547 = FILL_AREA_STYLE_COLOUR('',#10512);
#10548 = STYLED_ITEM('color',(#10549),#1949);
#10549 = PRESENTATION_STYLE_ASSIGNMENT((#10550));
#10550 = SURFACE_STYLE_USAGE(.BOTH.,#10551);
#10551 = SURFACE_SIDE_STYLE('',(#10552));
#10552 = SURFACE_STYLE_FILL_AREA(#10553);
#10553 = FILL_AREA_STYLE('',(#10554));
#10554 = FILL_AREA_STYLE_COLOUR('',#10512);
#10555 = STYLED_ITEM('color',(#10556),#1974);
#10556 = PRESENTATION_STYLE_ASSIGNMENT((#10557));
#10557 = SURFACE_STYLE_USAGE(.BOTH.,#10558);
#10558 = SURFACE_SIDE_STYLE('',(#10559));
#10559 = SURFACE_STYLE_FILL_AREA(#10560);
#10560 = FILL_AREA_STYLE('',(#10561));
#10561 = FILL_AREA_STYLE_COLOUR('',#10512);
#10562 = STYLED_ITEM('color',(#10563),#1991);
#10563 = PRESENTATION_STYLE_ASSIGNMENT((#10564));
#10564 = SURFACE_STYLE_USAGE(.BOTH.,#10565);
#10565 = SURFACE_SIDE_STYLE('',(#10566));
#10566 = SURFACE_STYLE_FILL_AREA(#10567);
#10567 = FILL_AREA_STYLE('',(#10568));
#10568 = FILL_AREA_STYLE_COLOUR('',#10441);
#10569 = STYLED_ITEM('color',(#10570),#2077);
#10570 = PRESENTATION_STYLE_ASSIGNMENT((#10571));
#10571 = SURFACE_STYLE_USAGE(.BOTH.,#10572);
#10572 = SURFACE_SIDE_STYLE('',(#10573));
#10573 = SURFACE_STYLE_FILL_AREA(#10574);
#10574 = FILL_AREA_STYLE('',(#10575));
#10575 = FILL_AREA_STYLE_COLOUR('',#10441);
#10576 = STYLED_ITEM('color',(#10577),#2108);
#10577 = PRESENTATION_STYLE_ASSIGNMENT((#10578));
#10578 = SURFACE_STYLE_USAGE(.BOTH.,#10579);
#10579 = SURFACE_SIDE_STYLE('',(#10580));
#10580 = SURFACE_STYLE_FILL_AREA(#10581);
#10581 = FILL_AREA_STYLE('',(#10582));
#10582 = FILL_AREA_STYLE_COLOUR('',#10441);
#10583 = STYLED_ITEM('color',(#10584),#2133);
#10584 = PRESENTATION_STYLE_ASSIGNMENT((#10585));
#10585 = SURFACE_STYLE_USAGE(.BOTH.,#10586);
#10586 = SURFACE_SIDE_STYLE('',(#10587));
#10587 = SURFACE_STYLE_FILL_AREA(#10588);
#10588 = FILL_AREA_STYLE('',(#10589));
#10589 = FILL_AREA_STYLE_COLOUR('',#10441);
#10590 = STYLED_ITEM('color',(#10591),#2158);
#10591 = PRESENTATION_STYLE_ASSIGNMENT((#10592));
#10592 = SURFACE_STYLE_USAGE(.BOTH.,#10593);
#10593 = SURFACE_SIDE_STYLE('',(#10594));
#10594 = SURFACE_STYLE_FILL_AREA(#10595);
#10595 = FILL_AREA_STYLE('',(#10596));
#10596 = FILL_AREA_STYLE_COLOUR('',#10441);
#10597 = STYLED_ITEM('color',(#10598),#2182);
#10598 = PRESENTATION_STYLE_ASSIGNMENT((#10599));
#10599 = SURFACE_STYLE_USAGE(.BOTH.,#10600);
#10600 = SURFACE_SIDE_STYLE('',(#10601));
#10601 = SURFACE_STYLE_FILL_AREA(#10602);
#10602 = FILL_AREA_STYLE('',(#10603));
#10603 = FILL_AREA_STYLE_COLOUR('',#10441);
#10604 = STYLED_ITEM('color',(#10605),#2206);
#10605 = PRESENTATION_STYLE_ASSIGNMENT((#10606));
#10606 = SURFACE_STYLE_USAGE(.BOTH.,#10607);
#10607 = SURFACE_SIDE_STYLE('',(#10608));
#10608 = SURFACE_STYLE_FILL_AREA(#10609);
#10609 = FILL_AREA_STYLE('',(#10610));
#10610 = FILL_AREA_STYLE_COLOUR('',#10441);
#10611 = STYLED_ITEM('color',(#10612),#2231);
#10612 = PRESENTATION_STYLE_ASSIGNMENT((#10613));
#10613 = SURFACE_STYLE_USAGE(.BOTH.,#10614);
#10614 = SURFACE_SIDE_STYLE('',(#10615));
#10615 = SURFACE_STYLE_FILL_AREA(#10616);
#10616 = FILL_AREA_STYLE('',(#10617));
#10617 = FILL_AREA_STYLE_COLOUR('',#10441);
#10618 = STYLED_ITEM('color',(#10619),#2256);
#10619 = PRESENTATION_STYLE_ASSIGNMENT((#10620));
#10620 = SURFACE_STYLE_USAGE(.BOTH.,#10621);
#10621 = SURFACE_SIDE_STYLE('',(#10622));
#10622 = SURFACE_STYLE_FILL_AREA(#10623);
#10623 = FILL_AREA_STYLE('',(#10624));
#10624 = FILL_AREA_STYLE_COLOUR('',#10441);
#10625 = STYLED_ITEM('color',(#10626),#2273);
#10626 = PRESENTATION_STYLE_ASSIGNMENT((#10627));
#10627 = SURFACE_STYLE_USAGE(.BOTH.,#10628);
#10628 = SURFACE_SIDE_STYLE('',(#10629));
#10629 = SURFACE_STYLE_FILL_AREA(#10630);
#10630 = FILL_AREA_STYLE('',(#10631));
#10631 = FILL_AREA_STYLE_COLOUR('',#10441);
#10632 = MECHANICAL_DESIGN_GEOMETRIC_PRESENTATION_REPRESENTATION('',(
    #10633,#10643,#10652),#731);
#10633 = STYLED_ITEM('color',(#10634),#281);
#10634 = PRESENTATION_STYLE_ASSIGNMENT((#10635,#10641));
#10635 = SURFACE_STYLE_USAGE(.BOTH.,#10636);
#10636 = SURFACE_SIDE_STYLE('',(#10637));
#10637 = SURFACE_STYLE_FILL_AREA(#10638);
#10638 = FILL_AREA_STYLE('',(#10639));
#10639 = FILL_AREA_STYLE_COLOUR('',#10640);
#10640 = COLOUR_RGB('',0.734000028196,0.773000013638,0.796999989372);
#10641 = CURVE_STYLE('',#10642,POSITIVE_LENGTH_MEASURE(0.1),#10640);
#10642 = DRAUGHTING_PRE_DEFINED_CURVE_FONT('continuous');
#10643 = STYLED_ITEM('color',(#10644),#431);
#10644 = PRESENTATION_STYLE_ASSIGNMENT((#10645,#10650));
#10645 = SURFACE_STYLE_USAGE(.BOTH.,#10646);
#10646 = SURFACE_SIDE_STYLE('',(#10647));
#10647 = SURFACE_STYLE_FILL_AREA(#10648);
#10648 = FILL_AREA_STYLE('',(#10649));
#10649 = FILL_AREA_STYLE_COLOUR('',#10640);
#10650 = CURVE_STYLE('',#10651,POSITIVE_LENGTH_MEASURE(0.1),#10640);
#10651 = DRAUGHTING_PRE_DEFINED_CURVE_FONT('continuous');
#10652 = STYLED_ITEM('color',(#10653),#581);
#10653 = PRESENTATION_STYLE_ASSIGNMENT((#10654,#10659));
#10654 = SURFACE_STYLE_USAGE(.BOTH.,#10655);
#10655 = SURFACE_SIDE_STYLE('',(#10656));
#10656 = SURFACE_STYLE_FILL_AREA(#10657);
#10657 = FILL_AREA_STYLE('',(#10658));
#10658 = FILL_AREA_STYLE_COLOUR('',#10640);
#10659 = CURVE_STYLE('',#10660,POSITIVE_LENGTH_MEASURE(0.1),#10640);
#10660 = DRAUGHTING_PRE_DEFINED_CURVE_FONT('continuous');
#10661 = MECHANICAL_DESIGN_GEOMETRIC_PRESENTATION_REPRESENTATION('',(
    #10662,#10669,#10676,#10683,#10690,#10697,#10704,#10711,#10719,
    #10726,#10733,#10740,#10747,#10754,#10762,#10769,#10776,#10783,
    #10790,#10797,#10804,#10811,#10818,#10825,#10832,#10839),#5383);
#10662 = STYLED_ITEM('color',(#10663),#4595);
#10663 = PRESENTATION_STYLE_ASSIGNMENT((#10664));
#10664 = SURFACE_STYLE_USAGE(.BOTH.,#10665);
#10665 = SURFACE_SIDE_STYLE('',(#10666));
#10666 = SURFACE_STYLE_FILL_AREA(#10667);
#10667 = FILL_AREA_STYLE('',(#10668));
#10668 = FILL_AREA_STYLE_COLOUR('',#10441);
#10669 = STYLED_ITEM('color',(#10670),#4635);
#10670 = PRESENTATION_STYLE_ASSIGNMENT((#10671));
#10671 = SURFACE_STYLE_USAGE(.BOTH.,#10672);
#10672 = SURFACE_SIDE_STYLE('',(#10673));
#10673 = SURFACE_STYLE_FILL_AREA(#10674);
#10674 = FILL_AREA_STYLE('',(#10675));
#10675 = FILL_AREA_STYLE_COLOUR('',#10441);
#10676 = STYLED_ITEM('color',(#10677),#4718);
#10677 = PRESENTATION_STYLE_ASSIGNMENT((#10678));
#10678 = SURFACE_STYLE_USAGE(.BOTH.,#10679);
#10679 = SURFACE_SIDE_STYLE('',(#10680));
#10680 = SURFACE_STYLE_FILL_AREA(#10681);
#10681 = FILL_AREA_STYLE('',(#10682));
#10682 = FILL_AREA_STYLE_COLOUR('',#10441);
#10683 = STYLED_ITEM('color',(#10684),#4743);
#10684 = PRESENTATION_STYLE_ASSIGNMENT((#10685));
#10685 = SURFACE_STYLE_USAGE(.BOTH.,#10686);
#10686 = SURFACE_SIDE_STYLE('',(#10687));
#10687 = SURFACE_STYLE_FILL_AREA(#10688);
#10688 = FILL_AREA_STYLE('',(#10689));
#10689 = FILL_AREA_STYLE_COLOUR('',#10441);
#10690 = STYLED_ITEM('color',(#10691),#4768);
#10691 = PRESENTATION_STYLE_ASSIGNMENT((#10692));
#10692 = SURFACE_STYLE_USAGE(.BOTH.,#10693);
#10693 = SURFACE_SIDE_STYLE('',(#10694));
#10694 = SURFACE_STYLE_FILL_AREA(#10695);
#10695 = FILL_AREA_STYLE('',(#10696));
#10696 = FILL_AREA_STYLE_COLOUR('',#10441);
#10697 = STYLED_ITEM('color',(#10698),#4835);
#10698 = PRESENTATION_STYLE_ASSIGNMENT((#10699));
#10699 = SURFACE_STYLE_USAGE(.BOTH.,#10700);
#10700 = SURFACE_SIDE_STYLE('',(#10701));
#10701 = SURFACE_STYLE_FILL_AREA(#10702);
#10702 = FILL_AREA_STYLE('',(#10703));
#10703 = FILL_AREA_STYLE_COLOUR('',#10441);
#10704 = STYLED_ITEM('color',(#10705),#4852);
#10705 = PRESENTATION_STYLE_ASSIGNMENT((#10706));
#10706 = SURFACE_STYLE_USAGE(.BOTH.,#10707);
#10707 = SURFACE_SIDE_STYLE('',(#10708));
#10708 = SURFACE_STYLE_FILL_AREA(#10709);
#10709 = FILL_AREA_STYLE('',(#10710));
#10710 = FILL_AREA_STYLE_COLOUR('',#10441);
#10711 = STYLED_ITEM('color',(#10712),#4869);
#10712 = PRESENTATION_STYLE_ASSIGNMENT((#10713));
#10713 = SURFACE_STYLE_USAGE(.BOTH.,#10714);
#10714 = SURFACE_SIDE_STYLE('',(#10715));
#10715 = SURFACE_STYLE_FILL_AREA(#10716);
#10716 = FILL_AREA_STYLE('',(#10717));
#10717 = FILL_AREA_STYLE_COLOUR('',#10718);
#10718 = COLOUR_RGB('',0.894999966383,0.890999961016,0.813000030345);
#10719 = STYLED_ITEM('color',(#10720),#4918);
#10720 = PRESENTATION_STYLE_ASSIGNMENT((#10721));
#10721 = SURFACE_STYLE_USAGE(.BOTH.,#10722);
#10722 = SURFACE_SIDE_STYLE('',(#10723));
#10723 = SURFACE_STYLE_FILL_AREA(#10724);
#10724 = FILL_AREA_STYLE('',(#10725));
#10725 = FILL_AREA_STYLE_COLOUR('',#10441);
#10726 = STYLED_ITEM('color',(#10727),#4935);
#10727 = PRESENTATION_STYLE_ASSIGNMENT((#10728));
#10728 = SURFACE_STYLE_USAGE(.BOTH.,#10729);
#10729 = SURFACE_SIDE_STYLE('',(#10730));
#10730 = SURFACE_STYLE_FILL_AREA(#10731);
#10731 = FILL_AREA_STYLE('',(#10732));
#10732 = FILL_AREA_STYLE_COLOUR('',#10441);
#10733 = STYLED_ITEM('color',(#10734),#4952);
#10734 = PRESENTATION_STYLE_ASSIGNMENT((#10735));
#10735 = SURFACE_STYLE_USAGE(.BOTH.,#10736);
#10736 = SURFACE_SIDE_STYLE('',(#10737));
#10737 = SURFACE_STYLE_FILL_AREA(#10738);
#10738 = FILL_AREA_STYLE('',(#10739));
#10739 = FILL_AREA_STYLE_COLOUR('',#10718);
#10740 = STYLED_ITEM('color',(#10741),#5001);
#10741 = PRESENTATION_STYLE_ASSIGNMENT((#10742));
#10742 = SURFACE_STYLE_USAGE(.BOTH.,#10743);
#10743 = SURFACE_SIDE_STYLE('',(#10744));
#10744 = SURFACE_STYLE_FILL_AREA(#10745);
#10745 = FILL_AREA_STYLE('',(#10746));
#10746 = FILL_AREA_STYLE_COLOUR('',#10718);
#10747 = STYLED_ITEM('color',(#10748),#5018);
#10748 = PRESENTATION_STYLE_ASSIGNMENT((#10749));
#10749 = SURFACE_STYLE_USAGE(.BOTH.,#10750);
#10750 = SURFACE_SIDE_STYLE('',(#10751));
#10751 = SURFACE_STYLE_FILL_AREA(#10752);
#10752 = FILL_AREA_STYLE('',(#10753));
#10753 = FILL_AREA_STYLE_COLOUR('',#10441);
#10754 = STYLED_ITEM('color',(#10755),#5087);
#10755 = PRESENTATION_STYLE_ASSIGNMENT((#10756));
#10756 = SURFACE_STYLE_USAGE(.BOTH.,#10757);
#10757 = SURFACE_SIDE_STYLE('',(#10758));
#10758 = SURFACE_STYLE_FILL_AREA(#10759);
#10759 = FILL_AREA_STYLE('',(#10760));
#10760 = FILL_AREA_STYLE_COLOUR('',#10761);
#10761 = COLOUR_RGB('',8.200000279077E-02,8.600000121357E-02,
  9.399999706163E-02);
#10762 = STYLED_ITEM('color',(#10763),#5118);
#10763 = PRESENTATION_STYLE_ASSIGNMENT((#10764));
#10764 = SURFACE_STYLE_USAGE(.BOTH.,#10765);
#10765 = SURFACE_SIDE_STYLE('',(#10766));
#10766 = SURFACE_STYLE_FILL_AREA(#10767);
#10767 = FILL_AREA_STYLE('',(#10768));
#10768 = FILL_AREA_STYLE_COLOUR('',#10761);
#10769 = STYLED_ITEM('color',(#10770),#5142);
#10770 = PRESENTATION_STYLE_ASSIGNMENT((#10771));
#10771 = SURFACE_STYLE_USAGE(.BOTH.,#10772);
#10772 = SURFACE_SIDE_STYLE('',(#10773));
#10773 = SURFACE_STYLE_FILL_AREA(#10774);
#10774 = FILL_AREA_STYLE('',(#10775));
#10775 = FILL_AREA_STYLE_COLOUR('',#10441);
#10776 = STYLED_ITEM('color',(#10777),#5211);
#10777 = PRESENTATION_STYLE_ASSIGNMENT((#10778));
#10778 = SURFACE_STYLE_USAGE(.BOTH.,#10779);
#10779 = SURFACE_SIDE_STYLE('',(#10780));
#10780 = SURFACE_STYLE_FILL_AREA(#10781);
#10781 = FILL_AREA_STYLE('',(#10782));
#10782 = FILL_AREA_STYLE_COLOUR('',#10761);
#10783 = STYLED_ITEM('color',(#10784),#5235);
#10784 = PRESENTATION_STYLE_ASSIGNMENT((#10785));
#10785 = SURFACE_STYLE_USAGE(.BOTH.,#10786);
#10786 = SURFACE_SIDE_STYLE('',(#10787));
#10787 = SURFACE_STYLE_FILL_AREA(#10788);
#10788 = FILL_AREA_STYLE('',(#10789));
#10789 = FILL_AREA_STYLE_COLOUR('',#10441);
#10790 = STYLED_ITEM('color',(#10791),#5252);
#10791 = PRESENTATION_STYLE_ASSIGNMENT((#10792));
#10792 = SURFACE_STYLE_USAGE(.BOTH.,#10793);
#10793 = SURFACE_SIDE_STYLE('',(#10794));
#10794 = SURFACE_STYLE_FILL_AREA(#10795);
#10795 = FILL_AREA_STYLE('',(#10796));
#10796 = FILL_AREA_STYLE_COLOUR('',#10441);
#10797 = STYLED_ITEM('color',(#10798),#5269);
#10798 = PRESENTATION_STYLE_ASSIGNMENT((#10799));
#10799 = SURFACE_STYLE_USAGE(.BOTH.,#10800);
#10800 = SURFACE_SIDE_STYLE('',(#10801));
#10801 = SURFACE_STYLE_FILL_AREA(#10802);
#10802 = FILL_AREA_STYLE('',(#10803));
#10803 = FILL_AREA_STYLE_COLOUR('',#10441);
#10804 = STYLED_ITEM('color',(#10805),#5286);
#10805 = PRESENTATION_STYLE_ASSIGNMENT((#10806));
#10806 = SURFACE_STYLE_USAGE(.BOTH.,#10807);
#10807 = SURFACE_SIDE_STYLE('',(#10808));
#10808 = SURFACE_STYLE_FILL_AREA(#10809);
#10809 = FILL_AREA_STYLE('',(#10810));
#10810 = FILL_AREA_STYLE_COLOUR('',#10441);
#10811 = STYLED_ITEM('color',(#10812),#5303);
#10812 = PRESENTATION_STYLE_ASSIGNMENT((#10813));
#10813 = SURFACE_STYLE_USAGE(.BOTH.,#10814);
#10814 = SURFACE_SIDE_STYLE('',(#10815));
#10815 = SURFACE_STYLE_FILL_AREA(#10816);
#10816 = FILL_AREA_STYLE('',(#10817));
#10817 = FILL_AREA_STYLE_COLOUR('',#10441);
#10818 = STYLED_ITEM('color',(#10819),#5320);
#10819 = PRESENTATION_STYLE_ASSIGNMENT((#10820));
#10820 = SURFACE_STYLE_USAGE(.BOTH.,#10821);
#10821 = SURFACE_SIDE_STYLE('',(#10822));
#10822 = SURFACE_STYLE_FILL_AREA(#10823);
#10823 = FILL_AREA_STYLE('',(#10824));
#10824 = FILL_AREA_STYLE_COLOUR('',#10441);
#10825 = STYLED_ITEM('color',(#10826),#5337);
#10826 = PRESENTATION_STYLE_ASSIGNMENT((#10827));
#10827 = SURFACE_STYLE_USAGE(.BOTH.,#10828);
#10828 = SURFACE_SIDE_STYLE('',(#10829));
#10829 = SURFACE_STYLE_FILL_AREA(#10830);
#10830 = FILL_AREA_STYLE('',(#10831));
#10831 = FILL_AREA_STYLE_COLOUR('',#10441);
#10832 = STYLED_ITEM('color',(#10833),#5354);
#10833 = PRESENTATION_STYLE_ASSIGNMENT((#10834));
#10834 = SURFACE_STYLE_USAGE(.BOTH.,#10835);
#10835 = SURFACE_SIDE_STYLE('',(#10836));
#10836 = SURFACE_STYLE_FILL_AREA(#10837);
#10837 = FILL_AREA_STYLE('',(#10838));
#10838 = FILL_AREA_STYLE_COLOUR('',#10761);
#10839 = STYLED_ITEM('color',(#10840),#5371);
#10840 = PRESENTATION_STYLE_ASSIGNMENT((#10841));
#10841 = SURFACE_STYLE_USAGE(.BOTH.,#10842);
#10842 = SURFACE_SIDE_STYLE('',(#10843));
#10843 = SURFACE_STYLE_FILL_AREA(#10844);
#10844 = FILL_AREA_STYLE('',(#10845));
#10845 = FILL_AREA_STYLE_COLOUR('',#10761);
#10846 = MECHANICAL_DESIGN_GEOMETRIC_PRESENTATION_REPRESENTATION('',(
    #10847,#10855,#10862,#10869,#10876,#10883,#10890,#10897,#10904),
  #2960);
#10847 = STYLED_ITEM('color',(#10848),#2744);
#10848 = PRESENTATION_STYLE_ASSIGNMENT((#10849));
#10849 = SURFACE_STYLE_USAGE(.BOTH.,#10850);
#10850 = SURFACE_SIDE_STYLE('',(#10851));
#10851 = SURFACE_STYLE_FILL_AREA(#10852);
#10852 = FILL_AREA_STYLE('',(#10853));
#10853 = FILL_AREA_STYLE_COLOUR('',#10854);
#10854 = COLOUR_RGB('',0.792156867455,0.819607826924,0.933333342953);
#10855 = OVER_RIDING_STYLED_ITEM('overriding color',(#10856),#2746,
  #10847);
#10856 = PRESENTATION_STYLE_ASSIGNMENT((#10857));
#10857 = SURFACE_STYLE_USAGE(.BOTH.,#10858);
#10858 = SURFACE_SIDE_STYLE('',(#10859));
#10859 = SURFACE_STYLE_FILL_AREA(#10860);
#10860 = FILL_AREA_STYLE('',(#10861));
#10861 = FILL_AREA_STYLE_COLOUR('',#10854);
#10862 = OVER_RIDING_STYLED_ITEM('overriding color',(#10863),#2802,
  #10847);
#10863 = PRESENTATION_STYLE_ASSIGNMENT((#10864));
#10864 = SURFACE_STYLE_USAGE(.BOTH.,#10865);
#10865 = SURFACE_SIDE_STYLE('',(#10866));
#10866 = SURFACE_STYLE_FILL_AREA(#10867);
#10867 = FILL_AREA_STYLE('',(#10868));
#10868 = FILL_AREA_STYLE_COLOUR('',#10854);
#10869 = OVER_RIDING_STYLED_ITEM('overriding color',(#10870),#2833,
  #10847);
#10870 = PRESENTATION_STYLE_ASSIGNMENT((#10871));
#10871 = SURFACE_STYLE_USAGE(.BOTH.,#10872);
#10872 = SURFACE_SIDE_STYLE('',(#10873));
#10873 = SURFACE_STYLE_FILL_AREA(#10874);
#10874 = FILL_AREA_STYLE('',(#10875));
#10875 = FILL_AREA_STYLE_COLOUR('',#10854);
#10876 = OVER_RIDING_STYLED_ITEM('overriding color',(#10877),#2857,
  #10847);
#10877 = PRESENTATION_STYLE_ASSIGNMENT((#10878));
#10878 = SURFACE_STYLE_USAGE(.BOTH.,#10879);
#10879 = SURFACE_SIDE_STYLE('',(#10880));
#10880 = SURFACE_STYLE_FILL_AREA(#10881);
#10881 = FILL_AREA_STYLE('',(#10882));
#10882 = FILL_AREA_STYLE_COLOUR('',#10854);
#10883 = OVER_RIDING_STYLED_ITEM('overriding color',(#10884),#2881,
  #10847);
#10884 = PRESENTATION_STYLE_ASSIGNMENT((#10885));
#10885 = SURFACE_STYLE_USAGE(.BOTH.,#10886);
#10886 = SURFACE_SIDE_STYLE('',(#10887));
#10887 = SURFACE_STYLE_FILL_AREA(#10888);
#10888 = FILL_AREA_STYLE('',(#10889));
#10889 = FILL_AREA_STYLE_COLOUR('',#10854);
#10890 = OVER_RIDING_STYLED_ITEM('overriding color',(#10891),#2905,
  #10847);
#10891 = PRESENTATION_STYLE_ASSIGNMENT((#10892));
#10892 = SURFACE_STYLE_USAGE(.BOTH.,#10893);
#10893 = SURFACE_SIDE_STYLE('',(#10894));
#10894 = SURFACE_STYLE_FILL_AREA(#10895);
#10895 = FILL_AREA_STYLE('',(#10896));
#10896 = FILL_AREA_STYLE_COLOUR('',#10854);
#10897 = OVER_RIDING_STYLED_ITEM('overriding color',(#10898),#2929,
  #10847);
#10898 = PRESENTATION_STYLE_ASSIGNMENT((#10899));
#10899 = SURFACE_STYLE_USAGE(.BOTH.,#10900);
#10900 = SURFACE_SIDE_STYLE('',(#10901));
#10901 = SURFACE_STYLE_FILL_AREA(#10902);
#10902 = FILL_AREA_STYLE('',(#10903));
#10903 = FILL_AREA_STYLE_COLOUR('',#10854);
#10904 = OVER_RIDING_STYLED_ITEM('overriding color',(#10905),#2946,
  #10847);
#10905 = PRESENTATION_STYLE_ASSIGNMENT((#10906));
#10906 = SURFACE_STYLE_USAGE(.BOTH.,#10907);
#10907 = SURFACE_SIDE_STYLE('',(#10908));
#10908 = SURFACE_STYLE_FILL_AREA(#10909);
#10909 = FILL_AREA_STYLE('',(#10910));
#10910 = FILL_AREA_STYLE_COLOUR('',#10854);
#10911 = MECHANICAL_DESIGN_GEOMETRIC_PRESENTATION_REPRESENTATION('',(
    #10912,#10919,#10926,#10933,#10940,#10947,#10954,#10961,#10968,
    #10975,#10982,#10989,#10996,#11003,#11010,#11017,#11024,#11031,
    #11038,#11045,#11052,#11059,#11066,#11073),#4574);
#10912 = STYLED_ITEM('color',(#10913),#3887);
#10913 = PRESENTATION_STYLE_ASSIGNMENT((#10914));
#10914 = SURFACE_STYLE_USAGE(.BOTH.,#10915);
#10915 = SURFACE_SIDE_STYLE('',(#10916));
#10916 = SURFACE_STYLE_FILL_AREA(#10917);
#10917 = FILL_AREA_STYLE('',(#10918));
#10918 = FILL_AREA_STYLE_COLOUR('',#10854);
#10919 = OVER_RIDING_STYLED_ITEM('overriding color',(#10920),#3889,
  #10912);
#10920 = PRESENTATION_STYLE_ASSIGNMENT((#10921));
#10921 = SURFACE_STYLE_USAGE(.BOTH.,#10922);
#10922 = SURFACE_SIDE_STYLE('',(#10923));
#10923 = SURFACE_STYLE_FILL_AREA(#10924);
#10924 = FILL_AREA_STYLE('',(#10925));
#10925 = FILL_AREA_STYLE_COLOUR('',#10854);
#10926 = OVER_RIDING_STYLED_ITEM('overriding color',(#10927),#3945,
  #10912);
#10927 = PRESENTATION_STYLE_ASSIGNMENT((#10928));
#10928 = SURFACE_STYLE_USAGE(.BOTH.,#10929);
#10929 = SURFACE_SIDE_STYLE('',(#10930));
#10930 = SURFACE_STYLE_FILL_AREA(#10931);
#10931 = FILL_AREA_STYLE('',(#10932));
#10932 = FILL_AREA_STYLE_COLOUR('',#10854);
#10933 = OVER_RIDING_STYLED_ITEM('overriding color',(#10934),#4012,
  #10912);
#10934 = PRESENTATION_STYLE_ASSIGNMENT((#10935));
#10935 = SURFACE_STYLE_USAGE(.BOTH.,#10936);
#10936 = SURFACE_SIDE_STYLE('',(#10937));
#10937 = SURFACE_STYLE_FILL_AREA(#10938);
#10938 = FILL_AREA_STYLE('',(#10939));
#10939 = FILL_AREA_STYLE_COLOUR('',#10854);
#10940 = OVER_RIDING_STYLED_ITEM('overriding color',(#10941),#4053,
  #10912);
#10941 = PRESENTATION_STYLE_ASSIGNMENT((#10942));
#10942 = SURFACE_STYLE_USAGE(.BOTH.,#10943);
#10943 = SURFACE_SIDE_STYLE('',(#10944));
#10944 = SURFACE_STYLE_FILL_AREA(#10945);
#10945 = FILL_AREA_STYLE('',(#10946));
#10946 = FILL_AREA_STYLE_COLOUR('',#10854);
#10947 = OVER_RIDING_STYLED_ITEM('overriding color',(#10948),#4077,
  #10912);
#10948 = PRESENTATION_STYLE_ASSIGNMENT((#10949));
#10949 = SURFACE_STYLE_USAGE(.BOTH.,#10950);
#10950 = SURFACE_SIDE_STYLE('',(#10951));
#10951 = SURFACE_STYLE_FILL_AREA(#10952);
#10952 = FILL_AREA_STYLE('',(#10953));
#10953 = FILL_AREA_STYLE_COLOUR('',#10854);
#10954 = OVER_RIDING_STYLED_ITEM('overriding color',(#10955),#4110,
  #10912);
#10955 = PRESENTATION_STYLE_ASSIGNMENT((#10956));
#10956 = SURFACE_STYLE_USAGE(.BOTH.,#10957);
#10957 = SURFACE_SIDE_STYLE('',(#10958));
#10958 = SURFACE_STYLE_FILL_AREA(#10959);
#10959 = FILL_AREA_STYLE('',(#10960));
#10960 = FILL_AREA_STYLE_COLOUR('',#10854);
#10961 = OVER_RIDING_STYLED_ITEM('overriding color',(#10962),#4141,
  #10912);
#10962 = PRESENTATION_STYLE_ASSIGNMENT((#10963));
#10963 = SURFACE_STYLE_USAGE(.BOTH.,#10964);
#10964 = SURFACE_SIDE_STYLE('',(#10965));
#10965 = SURFACE_STYLE_FILL_AREA(#10966);
#10966 = FILL_AREA_STYLE('',(#10967));
#10967 = FILL_AREA_STYLE_COLOUR('',#10854);
#10968 = OVER_RIDING_STYLED_ITEM('overriding color',(#10969),#4175,
  #10912);
#10969 = PRESENTATION_STYLE_ASSIGNMENT((#10970));
#10970 = SURFACE_STYLE_USAGE(.BOTH.,#10971);
#10971 = SURFACE_SIDE_STYLE('',(#10972));
#10972 = SURFACE_STYLE_FILL_AREA(#10973);
#10973 = FILL_AREA_STYLE('',(#10974));
#10974 = FILL_AREA_STYLE_COLOUR('',#10854);
#10975 = OVER_RIDING_STYLED_ITEM('overriding color',(#10976),#4199,
  #10912);
#10976 = PRESENTATION_STYLE_ASSIGNMENT((#10977));
#10977 = SURFACE_STYLE_USAGE(.BOTH.,#10978);
#10978 = SURFACE_SIDE_STYLE('',(#10979));
#10979 = SURFACE_STYLE_FILL_AREA(#10980);
#10980 = FILL_AREA_STYLE('',(#10981));
#10981 = FILL_AREA_STYLE_COLOUR('',#10854);
#10982 = OVER_RIDING_STYLED_ITEM('overriding color',(#10983),#4248,
  #10912);
#10983 = PRESENTATION_STYLE_ASSIGNMENT((#10984));
#10984 = SURFACE_STYLE_USAGE(.BOTH.,#10985);
#10985 = SURFACE_SIDE_STYLE('',(#10986));
#10986 = SURFACE_STYLE_FILL_AREA(#10987);
#10987 = FILL_AREA_STYLE('',(#10988));
#10988 = FILL_AREA_STYLE_COLOUR('',#10854);
#10989 = OVER_RIDING_STYLED_ITEM('overriding color',(#10990),#4272,
  #10912);
#10990 = PRESENTATION_STYLE_ASSIGNMENT((#10991));
#10991 = SURFACE_STYLE_USAGE(.BOTH.,#10992);
#10992 = SURFACE_SIDE_STYLE('',(#10993));
#10993 = SURFACE_STYLE_FILL_AREA(#10994);
#10994 = FILL_AREA_STYLE('',(#10995));
#10995 = FILL_AREA_STYLE_COLOUR('',#10854);
#10996 = OVER_RIDING_STYLED_ITEM('overriding color',(#10997),#4321,
  #10912);
#10997 = PRESENTATION_STYLE_ASSIGNMENT((#10998));
#10998 = SURFACE_STYLE_USAGE(.BOTH.,#10999);
#10999 = SURFACE_SIDE_STYLE('',(#11000));
#11000 = SURFACE_STYLE_FILL_AREA(#11001);
#11001 = FILL_AREA_STYLE('',(#11002));
#11002 = FILL_AREA_STYLE_COLOUR('',#10854);
#11003 = OVER_RIDING_STYLED_ITEM('overriding color',(#11004),#4338,
  #10912);
#11004 = PRESENTATION_STYLE_ASSIGNMENT((#11005));
#11005 = SURFACE_STYLE_USAGE(.BOTH.,#11006);
#11006 = SURFACE_SIDE_STYLE('',(#11007));
#11007 = SURFACE_STYLE_FILL_AREA(#11008);
#11008 = FILL_AREA_STYLE('',(#11009));
#11009 = FILL_AREA_STYLE_COLOUR('',#10854);
#11010 = OVER_RIDING_STYLED_ITEM('overriding color',(#11011),#4362,
  #10912);
#11011 = PRESENTATION_STYLE_ASSIGNMENT((#11012));
#11012 = SURFACE_STYLE_USAGE(.BOTH.,#11013);
#11013 = SURFACE_SIDE_STYLE('',(#11014));
#11014 = SURFACE_STYLE_FILL_AREA(#11015);
#11015 = FILL_AREA_STYLE('',(#11016));
#11016 = FILL_AREA_STYLE_COLOUR('',#10854);
#11017 = OVER_RIDING_STYLED_ITEM('overriding color',(#11018),#4399,
  #10912);
#11018 = PRESENTATION_STYLE_ASSIGNMENT((#11019));
#11019 = SURFACE_STYLE_USAGE(.BOTH.,#11020);
#11020 = SURFACE_SIDE_STYLE('',(#11021));
#11021 = SURFACE_STYLE_FILL_AREA(#11022);
#11022 = FILL_AREA_STYLE('',(#11023));
#11023 = FILL_AREA_STYLE_COLOUR('',#10854);
#11024 = OVER_RIDING_STYLED_ITEM('overriding color',(#11025),#4432,
  #10912);
#11025 = PRESENTATION_STYLE_ASSIGNMENT((#11026));
#11026 = SURFACE_STYLE_USAGE(.BOTH.,#11027);
#11027 = SURFACE_SIDE_STYLE('',(#11028));
#11028 = SURFACE_STYLE_FILL_AREA(#11029);
#11029 = FILL_AREA_STYLE('',(#11030));
#11030 = FILL_AREA_STYLE_COLOUR('',#10854);
#11031 = OVER_RIDING_STYLED_ITEM('overriding color',(#11032),#4465,
  #10912);
#11032 = PRESENTATION_STYLE_ASSIGNMENT((#11033));
#11033 = SURFACE_STYLE_USAGE(.BOTH.,#11034);
#11034 = SURFACE_SIDE_STYLE('',(#11035));
#11035 = SURFACE_STYLE_FILL_AREA(#11036);
#11036 = FILL_AREA_STYLE('',(#11037));
#11037 = FILL_AREA_STYLE_COLOUR('',#10854);
#11038 = OVER_RIDING_STYLED_ITEM('overriding color',(#11039),#4482,
  #10912);
#11039 = PRESENTATION_STYLE_ASSIGNMENT((#11040));
#11040 = SURFACE_STYLE_USAGE(.BOTH.,#11041);
#11041 = SURFACE_SIDE_STYLE('',(#11042));
#11042 = SURFACE_STYLE_FILL_AREA(#11043);
#11043 = FILL_AREA_STYLE('',(#11044));
#11044 = FILL_AREA_STYLE_COLOUR('',#10854);
#11045 = OVER_RIDING_STYLED_ITEM('overriding color',(#11046),#4499,
  #10912);
#11046 = PRESENTATION_STYLE_ASSIGNMENT((#11047));
#11047 = SURFACE_STYLE_USAGE(.BOTH.,#11048);
#11048 = SURFACE_SIDE_STYLE('',(#11049));
#11049 = SURFACE_STYLE_FILL_AREA(#11050);
#11050 = FILL_AREA_STYLE('',(#11051));
#11051 = FILL_AREA_STYLE_COLOUR('',#10854);
#11052 = OVER_RIDING_STYLED_ITEM('overriding color',(#11053),#4516,
  #10912);
#11053 = PRESENTATION_STYLE_ASSIGNMENT((#11054));
#11054 = SURFACE_STYLE_USAGE(.BOTH.,#11055);
#11055 = SURFACE_SIDE_STYLE('',(#11056));
#11056 = SURFACE_STYLE_FILL_AREA(#11057);
#11057 = FILL_AREA_STYLE('',(#11058));
#11058 = FILL_AREA_STYLE_COLOUR('',#10854);
#11059 = OVER_RIDING_STYLED_ITEM('overriding color',(#11060),#4533,
  #10912);
#11060 = PRESENTATION_STYLE_ASSIGNMENT((#11061));
#11061 = SURFACE_STYLE_USAGE(.BOTH.,#11062);
#11062 = SURFACE_SIDE_STYLE('',(#11063));
#11063 = SURFACE_STYLE_FILL_AREA(#11064);
#11064 = FILL_AREA_STYLE('',(#11065));
#11065 = FILL_AREA_STYLE_COLOUR('',#10854);
#11066 = OVER_RIDING_STYLED_ITEM('overriding color',(#11067),#4545,
  #10912);
#11067 = PRESENTATION_STYLE_ASSIGNMENT((#11068));
#11068 = SURFACE_STYLE_USAGE(.BOTH.,#11069);
#11069 = SURFACE_SIDE_STYLE('',(#11070));
#11070 = SURFACE_STYLE_FILL_AREA(#11071);
#11071 = FILL_AREA_STYLE('',(#11072));
#11072 = FILL_AREA_STYLE_COLOUR('',#10854);
#11073 = OVER_RIDING_STYLED_ITEM('overriding color',(#11074),#4562,
  #10912);
#11074 = PRESENTATION_STYLE_ASSIGNMENT((#11075));
#11075 = SURFACE_STYLE_USAGE(.BOTH.,#11076);
#11076 = SURFACE_SIDE_STYLE('',(#11077));
#11077 = SURFACE_STYLE_FILL_AREA(#11078);
#11078 = FILL_AREA_STYLE('',(#11079));
#11079 = FILL_AREA_STYLE_COLOUR('',#10854);
#11080 = MECHANICAL_DESIGN_GEOMETRIC_PRESENTATION_REPRESENTATION('',(
    #11081,#11088,#11095,#11102,#11109,#11116,#11123,#11130),#3162);
#11081 = STYLED_ITEM('color',(#11082),#2979);
#11082 = PRESENTATION_STYLE_ASSIGNMENT((#11083));
#11083 = SURFACE_STYLE_USAGE(.BOTH.,#11084);
#11084 = SURFACE_SIDE_STYLE('',(#11085));
#11085 = SURFACE_STYLE_FILL_AREA(#11086);
#11086 = FILL_AREA_STYLE('',(#11087));
#11087 = FILL_AREA_STYLE_COLOUR('',#10854);
#11088 = OVER_RIDING_STYLED_ITEM('overriding color',(#11089),#2981,
  #11081);
#11089 = PRESENTATION_STYLE_ASSIGNMENT((#11090));
#11090 = SURFACE_STYLE_USAGE(.BOTH.,#11091);
#11091 = SURFACE_SIDE_STYLE('',(#11092));
#11092 = SURFACE_STYLE_FILL_AREA(#11093);
#11093 = FILL_AREA_STYLE('',(#11094));
#11094 = FILL_AREA_STYLE_COLOUR('',#10854);
#11095 = OVER_RIDING_STYLED_ITEM('overriding color',(#11096),#3021,
  #11081);
#11096 = PRESENTATION_STYLE_ASSIGNMENT((#11097));
#11097 = SURFACE_STYLE_USAGE(.BOTH.,#11098);
#11098 = SURFACE_SIDE_STYLE('',(#11099));
#11099 = SURFACE_STYLE_FILL_AREA(#11100);
#11100 = FILL_AREA_STYLE('',(#11101));
#11101 = FILL_AREA_STYLE_COLOUR('',#10854);
#11102 = OVER_RIDING_STYLED_ITEM('overriding color',(#11103),#3060,
  #11081);
#11103 = PRESENTATION_STYLE_ASSIGNMENT((#11104));
#11104 = SURFACE_STYLE_USAGE(.BOTH.,#11105);
#11105 = SURFACE_SIDE_STYLE('',(#11106));
#11106 = SURFACE_STYLE_FILL_AREA(#11107);
#11107 = FILL_AREA_STYLE('',(#11108));
#11108 = FILL_AREA_STYLE_COLOUR('',#10854);
#11109 = OVER_RIDING_STYLED_ITEM('overriding color',(#11110),#3084,
  #11081);
#11110 = PRESENTATION_STYLE_ASSIGNMENT((#11111));
#11111 = SURFACE_STYLE_USAGE(.BOTH.,#11112);
#11112 = SURFACE_SIDE_STYLE('',(#11113));
#11113 = SURFACE_STYLE_FILL_AREA(#11114);
#11114 = FILL_AREA_STYLE('',(#11115));
#11115 = FILL_AREA_STYLE_COLOUR('',#10854);
#11116 = OVER_RIDING_STYLED_ITEM('overriding color',(#11117),#3116,
  #11081);
#11117 = PRESENTATION_STYLE_ASSIGNMENT((#11118));
#11118 = SURFACE_STYLE_USAGE(.BOTH.,#11119);
#11119 = SURFACE_SIDE_STYLE('',(#11120));
#11120 = SURFACE_STYLE_FILL_AREA(#11121);
#11121 = FILL_AREA_STYLE('',(#11122));
#11122 = FILL_AREA_STYLE_COLOUR('',#10854);
#11123 = OVER_RIDING_STYLED_ITEM('overriding color',(#11124),#3133,
  #11081);
#11124 = PRESENTATION_STYLE_ASSIGNMENT((#11125));
#11125 = SURFACE_STYLE_USAGE(.BOTH.,#11126);
#11126 = SURFACE_SIDE_STYLE('',(#11127));
#11127 = SURFACE_STYLE_FILL_AREA(#11128);
#11128 = FILL_AREA_STYLE('',(#11129));
#11129 = FILL_AREA_STYLE_COLOUR('',#10854);
#11130 = OVER_RIDING_STYLED_ITEM('overriding color',(#11131),#3150,
  #11081);
#11131 = PRESENTATION_STYLE_ASSIGNMENT((#11132));
#11132 = SURFACE_STYLE_USAGE(.BOTH.,#11133);
#11133 = SURFACE_SIDE_STYLE('',(#11134));
#11134 = SURFACE_STYLE_FILL_AREA(#11135);
#11135 = FILL_AREA_STYLE('',(#11136));
#11136 = FILL_AREA_STYLE_COLOUR('',#10854);
#11137 = MECHANICAL_DESIGN_GEOMETRIC_PRESENTATION_REPRESENTATION('',(
    #11138,#11145,#11153,#11160,#11167,#11174,#11181,#11188,#11195,
    #11202,#11209,#11216,#11223,#11230,#11237),#2725);
#11138 = STYLED_ITEM('color',(#11139),#2347);
#11139 = PRESENTATION_STYLE_ASSIGNMENT((#11140));
#11140 = SURFACE_STYLE_USAGE(.BOTH.,#11141);
#11141 = SURFACE_SIDE_STYLE('',(#11142));
#11142 = SURFACE_STYLE_FILL_AREA(#11143);
#11143 = FILL_AREA_STYLE('',(#11144));
#11144 = FILL_AREA_STYLE_COLOUR('',#10854);
#11145 = OVER_RIDING_STYLED_ITEM('overriding color',(#11146),#2349,
  #11138);
#11146 = PRESENTATION_STYLE_ASSIGNMENT((#11147));
#11147 = SURFACE_STYLE_USAGE(.BOTH.,#11148);
#11148 = SURFACE_SIDE_STYLE('',(#11149));
#11149 = SURFACE_STYLE_FILL_AREA(#11150);
#11150 = FILL_AREA_STYLE('',(#11151));
#11151 = FILL_AREA_STYLE_COLOUR('',#11152);
#11152 = COLOUR_RGB('',0.250980388104,0.250980388104,0.250980388104);
#11153 = OVER_RIDING_STYLED_ITEM('overriding color',(#11154),#2389,
  #11138);
#11154 = PRESENTATION_STYLE_ASSIGNMENT((#11155));
#11155 = SURFACE_STYLE_USAGE(.BOTH.,#11156);
#11156 = SURFACE_SIDE_STYLE('',(#11157));
#11157 = SURFACE_STYLE_FILL_AREA(#11158);
#11158 = FILL_AREA_STYLE('',(#11159));
#11159 = FILL_AREA_STYLE_COLOUR('',#11152);
#11160 = OVER_RIDING_STYLED_ITEM('overriding color',(#11161),#2420,
  #11138);
#11161 = PRESENTATION_STYLE_ASSIGNMENT((#11162));
#11162 = SURFACE_STYLE_USAGE(.BOTH.,#11163);
#11163 = SURFACE_SIDE_STYLE('',(#11164));
#11164 = SURFACE_STYLE_FILL_AREA(#11165);
#11165 = FILL_AREA_STYLE('',(#11166));
#11166 = FILL_AREA_STYLE_COLOUR('',#11152);
#11167 = OVER_RIDING_STYLED_ITEM('overriding color',(#11168),#2444,
  #11138);
#11168 = PRESENTATION_STYLE_ASSIGNMENT((#11169));
#11169 = SURFACE_STYLE_USAGE(.BOTH.,#11170);
#11170 = SURFACE_SIDE_STYLE('',(#11171));
#11171 = SURFACE_STYLE_FILL_AREA(#11172);
#11172 = FILL_AREA_STYLE('',(#11173));
#11173 = FILL_AREA_STYLE_COLOUR('',#11152);
#11174 = OVER_RIDING_STYLED_ITEM('overriding color',(#11175),#2468,
  #11138);
#11175 = PRESENTATION_STYLE_ASSIGNMENT((#11176));
#11176 = SURFACE_STYLE_USAGE(.BOTH.,#11177);
#11177 = SURFACE_SIDE_STYLE('',(#11178));
#11178 = SURFACE_STYLE_FILL_AREA(#11179);
#11179 = FILL_AREA_STYLE('',(#11180));
#11180 = FILL_AREA_STYLE_COLOUR('',#11152);
#11181 = OVER_RIDING_STYLED_ITEM('overriding color',(#11182),#2485,
  #11138);
#11182 = PRESENTATION_STYLE_ASSIGNMENT((#11183));
#11183 = SURFACE_STYLE_USAGE(.BOTH.,#11184);
#11184 = SURFACE_SIDE_STYLE('',(#11185));
#11185 = SURFACE_STYLE_FILL_AREA(#11186);
#11186 = FILL_AREA_STYLE('',(#11187));
#11187 = FILL_AREA_STYLE_COLOUR('',#11152);
#11188 = OVER_RIDING_STYLED_ITEM('overriding color',(#11189),#2516,
  #11138);
#11189 = PRESENTATION_STYLE_ASSIGNMENT((#11190));
#11190 = SURFACE_STYLE_USAGE(.BOTH.,#11191);
#11191 = SURFACE_SIDE_STYLE('',(#11192));
#11192 = SURFACE_STYLE_FILL_AREA(#11193);
#11193 = FILL_AREA_STYLE('',(#11194));
#11194 = FILL_AREA_STYLE_COLOUR('',#11152);
#11195 = OVER_RIDING_STYLED_ITEM('overriding color',(#11196),#2540,
  #11138);
#11196 = PRESENTATION_STYLE_ASSIGNMENT((#11197));
#11197 = SURFACE_STYLE_USAGE(.BOTH.,#11198);
#11198 = SURFACE_SIDE_STYLE('',(#11199));
#11199 = SURFACE_STYLE_FILL_AREA(#11200);
#11200 = FILL_AREA_STYLE('',(#11201));
#11201 = FILL_AREA_STYLE_COLOUR('',#11152);
#11202 = OVER_RIDING_STYLED_ITEM('overriding color',(#11203),#2596,
  #11138);
#11203 = PRESENTATION_STYLE_ASSIGNMENT((#11204));
#11204 = SURFACE_STYLE_USAGE(.BOTH.,#11205);
#11205 = SURFACE_SIDE_STYLE('',(#11206));
#11206 = SURFACE_STYLE_FILL_AREA(#11207);
#11207 = FILL_AREA_STYLE('',(#11208));
#11208 = FILL_AREA_STYLE_COLOUR('',#11152);
#11209 = OVER_RIDING_STYLED_ITEM('overriding color',(#11210),#2613,
  #11138);
#11210 = PRESENTATION_STYLE_ASSIGNMENT((#11211));
#11211 = SURFACE_STYLE_USAGE(.BOTH.,#11212);
#11212 = SURFACE_SIDE_STYLE('',(#11213));
#11213 = SURFACE_STYLE_FILL_AREA(#11214);
#11214 = FILL_AREA_STYLE('',(#11215));
#11215 = FILL_AREA_STYLE_COLOUR('',#11152);
#11216 = OVER_RIDING_STYLED_ITEM('overriding color',(#11217),#2648,
  #11138);
#11217 = PRESENTATION_STYLE_ASSIGNMENT((#11218));
#11218 = SURFACE_STYLE_USAGE(.BOTH.,#11219);
#11219 = SURFACE_SIDE_STYLE('',(#11220));
#11220 = SURFACE_STYLE_FILL_AREA(#11221);
#11221 = FILL_AREA_STYLE('',(#11222));
#11222 = FILL_AREA_STYLE_COLOUR('',#11152);
#11223 = OVER_RIDING_STYLED_ITEM('overriding color',(#11224),#2679,
  #11138);
#11224 = PRESENTATION_STYLE_ASSIGNMENT((#11225));
#11225 = SURFACE_STYLE_USAGE(.BOTH.,#11226);
#11226 = SURFACE_SIDE_STYLE('',(#11227));
#11227 = SURFACE_STYLE_FILL_AREA(#11228);
#11228 = FILL_AREA_STYLE('',(#11229));
#11229 = FILL_AREA_STYLE_COLOUR('',#11152);
#11230 = OVER_RIDING_STYLED_ITEM('overriding color',(#11231),#2701,
  #11138);
#11231 = PRESENTATION_STYLE_ASSIGNMENT((#11232));
#11232 = SURFACE_STYLE_USAGE(.BOTH.,#11233);
#11233 = SURFACE_SIDE_STYLE('',(#11234));
#11234 = SURFACE_STYLE_FILL_AREA(#11235);
#11235 = FILL_AREA_STYLE('',(#11236));
#11236 = FILL_AREA_STYLE_COLOUR('',#11152);
#11237 = OVER_RIDING_STYLED_ITEM('overriding color',(#11238),#2713,
  #11138);
#11238 = PRESENTATION_STYLE_ASSIGNMENT((#11239));
#11239 = SURFACE_STYLE_USAGE(.BOTH.,#11240);
#11240 = SURFACE_SIDE_STYLE('',(#11241));
#11241 = SURFACE_STYLE_FILL_AREA(#11242);
#11242 = FILL_AREA_STYLE('',(#11243));
#11243 = FILL_AREA_STYLE_COLOUR('',#11152);
#11244 = MECHANICAL_DESIGN_GEOMETRIC_PRESENTATION_REPRESENTATION('',(
    #11245),#262);
#11245 = STYLED_ITEM('color',(#11246),#112);
#11246 = PRESENTATION_STYLE_ASSIGNMENT((#11247,#11252));
#11247 = SURFACE_STYLE_USAGE(.BOTH.,#11248);
#11248 = SURFACE_SIDE_STYLE('',(#11249));
#11249 = SURFACE_STYLE_FILL_AREA(#11250);
#11250 = FILL_AREA_STYLE('',(#11251));
#11251 = FILL_AREA_STYLE_COLOUR('',#10421);
#11252 = CURVE_STYLE('',#11253,POSITIVE_LENGTH_MEASURE(0.1),#10421);
#11253 = DRAUGHTING_PRE_DEFINED_CURVE_FONT('continuous');
#11254 = MECHANICAL_DESIGN_GEOMETRIC_PRESENTATION_REPRESENTATION('',(
    #11255,#11264,#11273),#1396);
#11255 = STYLED_ITEM('color',(#11256),#946);
#11256 = PRESENTATION_STYLE_ASSIGNMENT((#11257,#11262));
#11257 = SURFACE_STYLE_USAGE(.BOTH.,#11258);
#11258 = SURFACE_SIDE_STYLE('',(#11259));
#11259 = SURFACE_STYLE_FILL_AREA(#11260);
#11260 = FILL_AREA_STYLE('',(#11261));
#11261 = FILL_AREA_STYLE_COLOUR('',#10640);
#11262 = CURVE_STYLE('',#11263,POSITIVE_LENGTH_MEASURE(0.1),#10640);
#11263 = DRAUGHTING_PRE_DEFINED_CURVE_FONT('continuous');
#11264 = STYLED_ITEM('color',(#11265),#1096);
#11265 = PRESENTATION_STYLE_ASSIGNMENT((#11266,#11271));
#11266 = SURFACE_STYLE_USAGE(.BOTH.,#11267);
#11267 = SURFACE_SIDE_STYLE('',(#11268));
#11268 = SURFACE_STYLE_FILL_AREA(#11269);
#11269 = FILL_AREA_STYLE('',(#11270));
#11270 = FILL_AREA_STYLE_COLOUR('',#10640);
#11271 = CURVE_STYLE('',#11272,POSITIVE_LENGTH_MEASURE(0.1),#10640);
#11272 = DRAUGHTING_PRE_DEFINED_CURVE_FONT('continuous');
#11273 = STYLED_ITEM('color',(#11274),#1246);
#11274 = PRESENTATION_STYLE_ASSIGNMENT((#11275,#11280));
#11275 = SURFACE_STYLE_USAGE(.BOTH.,#11276);
#11276 = SURFACE_SIDE_STYLE('',(#11277));
#11277 = SURFACE_STYLE_FILL_AREA(#11278);
#11278 = FILL_AREA_STYLE('',(#11279));
#11279 = FILL_AREA_STYLE_COLOUR('',#10640);
#11280 = CURVE_STYLE('',#11281,POSITIVE_LENGTH_MEASURE(0.1),#10640);
#11281 = DRAUGHTING_PRE_DEFINED_CURVE_FONT('continuous');
#11282 = MECHANICAL_DESIGN_GEOMETRIC_PRESENTATION_REPRESENTATION('',(
    #11283,#11290,#11297,#11304,#11311,#11318,#11325,#11332,#11339,
    #11346,#11353,#11360,#11367,#11374,#11381,#11388,#11395,#11402,
    #11409,#11416,#11423,#11430,#11437,#11444),#3868);
#11283 = STYLED_ITEM('color',(#11284),#3181);
#11284 = PRESENTATION_STYLE_ASSIGNMENT((#11285));
#11285 = SURFACE_STYLE_USAGE(.BOTH.,#11286);
#11286 = SURFACE_SIDE_STYLE('',(#11287));
#11287 = SURFACE_STYLE_FILL_AREA(#11288);
#11288 = FILL_AREA_STYLE('',(#11289));
#11289 = FILL_AREA_STYLE_COLOUR('',#10854);
#11290 = OVER_RIDING_STYLED_ITEM('overriding color',(#11291),#3183,
  #11283);
#11291 = PRESENTATION_STYLE_ASSIGNMENT((#11292));
#11292 = SURFACE_STYLE_USAGE(.BOTH.,#11293);
#11293 = SURFACE_SIDE_STYLE('',(#11294));
#11294 = SURFACE_STYLE_FILL_AREA(#11295);
#11295 = FILL_AREA_STYLE('',(#11296));
#11296 = FILL_AREA_STYLE_COLOUR('',#10854);
#11297 = OVER_RIDING_STYLED_ITEM('overriding color',(#11298),#3239,
  #11283);
#11298 = PRESENTATION_STYLE_ASSIGNMENT((#11299));
#11299 = SURFACE_STYLE_USAGE(.BOTH.,#11300);
#11300 = SURFACE_SIDE_STYLE('',(#11301));
#11301 = SURFACE_STYLE_FILL_AREA(#11302);
#11302 = FILL_AREA_STYLE('',(#11303));
#11303 = FILL_AREA_STYLE_COLOUR('',#10854);
#11304 = OVER_RIDING_STYLED_ITEM('overriding color',(#11305),#3306,
  #11283);
#11305 = PRESENTATION_STYLE_ASSIGNMENT((#11306));
#11306 = SURFACE_STYLE_USAGE(.BOTH.,#11307);
#11307 = SURFACE_SIDE_STYLE('',(#11308));
#11308 = SURFACE_STYLE_FILL_AREA(#11309);
#11309 = FILL_AREA_STYLE('',(#11310));
#11310 = FILL_AREA_STYLE_COLOUR('',#10854);
#11311 = OVER_RIDING_STYLED_ITEM('overriding color',(#11312),#3347,
  #11283);
#11312 = PRESENTATION_STYLE_ASSIGNMENT((#11313));
#11313 = SURFACE_STYLE_USAGE(.BOTH.,#11314);
#11314 = SURFACE_SIDE_STYLE('',(#11315));
#11315 = SURFACE_STYLE_FILL_AREA(#11316);
#11316 = FILL_AREA_STYLE('',(#11317));
#11317 = FILL_AREA_STYLE_COLOUR('',#10854);
#11318 = OVER_RIDING_STYLED_ITEM('overriding color',(#11319),#3371,
  #11283);
#11319 = PRESENTATION_STYLE_ASSIGNMENT((#11320));
#11320 = SURFACE_STYLE_USAGE(.BOTH.,#11321);
#11321 = SURFACE_SIDE_STYLE('',(#11322));
#11322 = SURFACE_STYLE_FILL_AREA(#11323);
#11323 = FILL_AREA_STYLE('',(#11324));
#11324 = FILL_AREA_STYLE_COLOUR('',#10854);
#11325 = OVER_RIDING_STYLED_ITEM('overriding color',(#11326),#3404,
  #11283);
#11326 = PRESENTATION_STYLE_ASSIGNMENT((#11327));
#11327 = SURFACE_STYLE_USAGE(.BOTH.,#11328);
#11328 = SURFACE_SIDE_STYLE('',(#11329));
#11329 = SURFACE_STYLE_FILL_AREA(#11330);
#11330 = FILL_AREA_STYLE('',(#11331));
#11331 = FILL_AREA_STYLE_COLOUR('',#10854);
#11332 = OVER_RIDING_STYLED_ITEM('overriding color',(#11333),#3435,
  #11283);
#11333 = PRESENTATION_STYLE_ASSIGNMENT((#11334));
#11334 = SURFACE_STYLE_USAGE(.BOTH.,#11335);
#11335 = SURFACE_SIDE_STYLE('',(#11336));
#11336 = SURFACE_STYLE_FILL_AREA(#11337);
#11337 = FILL_AREA_STYLE('',(#11338));
#11338 = FILL_AREA_STYLE_COLOUR('',#10854);
#11339 = OVER_RIDING_STYLED_ITEM('overriding color',(#11340),#3469,
  #11283);
#11340 = PRESENTATION_STYLE_ASSIGNMENT((#11341));
#11341 = SURFACE_STYLE_USAGE(.BOTH.,#11342);
#11342 = SURFACE_SIDE_STYLE('',(#11343));
#11343 = SURFACE_STYLE_FILL_AREA(#11344);
#11344 = FILL_AREA_STYLE('',(#11345));
#11345 = FILL_AREA_STYLE_COLOUR('',#10854);
#11346 = OVER_RIDING_STYLED_ITEM('overriding color',(#11347),#3493,
  #11283);
#11347 = PRESENTATION_STYLE_ASSIGNMENT((#11348));
#11348 = SURFACE_STYLE_USAGE(.BOTH.,#11349);
#11349 = SURFACE_SIDE_STYLE('',(#11350));
#11350 = SURFACE_STYLE_FILL_AREA(#11351);
#11351 = FILL_AREA_STYLE('',(#11352));
#11352 = FILL_AREA_STYLE_COLOUR('',#10854);
#11353 = OVER_RIDING_STYLED_ITEM('overriding color',(#11354),#3542,
  #11283);
#11354 = PRESENTATION_STYLE_ASSIGNMENT((#11355));
#11355 = SURFACE_STYLE_USAGE(.BOTH.,#11356);
#11356 = SURFACE_SIDE_STYLE('',(#11357));
#11357 = SURFACE_STYLE_FILL_AREA(#11358);
#11358 = FILL_AREA_STYLE('',(#11359));
#11359 = FILL_AREA_STYLE_COLOUR('',#10854);
#11360 = OVER_RIDING_STYLED_ITEM('overriding color',(#11361),#3566,
  #11283);
#11361 = PRESENTATION_STYLE_ASSIGNMENT((#11362));
#11362 = SURFACE_STYLE_USAGE(.BOTH.,#11363);
#11363 = SURFACE_SIDE_STYLE('',(#11364));
#11364 = SURFACE_STYLE_FILL_AREA(#11365);
#11365 = FILL_AREA_STYLE('',(#11366));
#11366 = FILL_AREA_STYLE_COLOUR('',#10854);
#11367 = OVER_RIDING_STYLED_ITEM('overriding color',(#11368),#3615,
  #11283);
#11368 = PRESENTATION_STYLE_ASSIGNMENT((#11369));
#11369 = SURFACE_STYLE_USAGE(.BOTH.,#11370);
#11370 = SURFACE_SIDE_STYLE('',(#11371));
#11371 = SURFACE_STYLE_FILL_AREA(#11372);
#11372 = FILL_AREA_STYLE('',(#11373));
#11373 = FILL_AREA_STYLE_COLOUR('',#10854);
#11374 = OVER_RIDING_STYLED_ITEM('overriding color',(#11375),#3632,
  #11283);
#11375 = PRESENTATION_STYLE_ASSIGNMENT((#11376));
#11376 = SURFACE_STYLE_USAGE(.BOTH.,#11377);
#11377 = SURFACE_SIDE_STYLE('',(#11378));
#11378 = SURFACE_STYLE_FILL_AREA(#11379);
#11379 = FILL_AREA_STYLE('',(#11380));
#11380 = FILL_AREA_STYLE_COLOUR('',#10854);
#11381 = OVER_RIDING_STYLED_ITEM('overriding color',(#11382),#3674,
  #11283);
#11382 = PRESENTATION_STYLE_ASSIGNMENT((#11383));
#11383 = SURFACE_STYLE_USAGE(.BOTH.,#11384);
#11384 = SURFACE_SIDE_STYLE('',(#11385));
#11385 = SURFACE_STYLE_FILL_AREA(#11386);
#11386 = FILL_AREA_STYLE('',(#11387));
#11387 = FILL_AREA_STYLE_COLOUR('',#10854);
#11388 = OVER_RIDING_STYLED_ITEM('overriding color',(#11389),#3693,
  #11283);
#11389 = PRESENTATION_STYLE_ASSIGNMENT((#11390));
#11390 = SURFACE_STYLE_USAGE(.BOTH.,#11391);
#11391 = SURFACE_SIDE_STYLE('',(#11392));
#11392 = SURFACE_STYLE_FILL_AREA(#11393);
#11393 = FILL_AREA_STYLE('',(#11394));
#11394 = FILL_AREA_STYLE_COLOUR('',#10854);
#11395 = OVER_RIDING_STYLED_ITEM('overriding color',(#11396),#3726,
  #11283);
#11396 = PRESENTATION_STYLE_ASSIGNMENT((#11397));
#11397 = SURFACE_STYLE_USAGE(.BOTH.,#11398);
#11398 = SURFACE_SIDE_STYLE('',(#11399));
#11399 = SURFACE_STYLE_FILL_AREA(#11400);
#11400 = FILL_AREA_STYLE('',(#11401));
#11401 = FILL_AREA_STYLE_COLOUR('',#10854);
#11402 = OVER_RIDING_STYLED_ITEM('overriding color',(#11403),#3750,
  #11283);
#11403 = PRESENTATION_STYLE_ASSIGNMENT((#11404));
#11404 = SURFACE_STYLE_USAGE(.BOTH.,#11405);
#11405 = SURFACE_SIDE_STYLE('',(#11406));
#11406 = SURFACE_STYLE_FILL_AREA(#11407);
#11407 = FILL_AREA_STYLE('',(#11408));
#11408 = FILL_AREA_STYLE_COLOUR('',#10854);
#11409 = OVER_RIDING_STYLED_ITEM('overriding color',(#11410),#3776,
  #11283);
#11410 = PRESENTATION_STYLE_ASSIGNMENT((#11411));
#11411 = SURFACE_STYLE_USAGE(.BOTH.,#11412);
#11412 = SURFACE_SIDE_STYLE('',(#11413));
#11413 = SURFACE_STYLE_FILL_AREA(#11414);
#11414 = FILL_AREA_STYLE('',(#11415));
#11415 = FILL_AREA_STYLE_COLOUR('',#10854);
#11416 = OVER_RIDING_STYLED_ITEM('overriding color',(#11417),#3793,
  #11283);
#11417 = PRESENTATION_STYLE_ASSIGNMENT((#11418));
#11418 = SURFACE_STYLE_USAGE(.BOTH.,#11419);
#11419 = SURFACE_SIDE_STYLE('',(#11420));
#11420 = SURFACE_STYLE_FILL_AREA(#11421);
#11421 = FILL_AREA_STYLE('',(#11422));
#11422 = FILL_AREA_STYLE_COLOUR('',#10854);
#11423 = OVER_RIDING_STYLED_ITEM('overriding color',(#11424),#3810,
  #11283);
#11424 = PRESENTATION_STYLE_ASSIGNMENT((#11425));
#11425 = SURFACE_STYLE_USAGE(.BOTH.,#11426);
#11426 = SURFACE_SIDE_STYLE('',(#11427));
#11427 = SURFACE_STYLE_FILL_AREA(#11428);
#11428 = FILL_AREA_STYLE('',(#11429));
#11429 = FILL_AREA_STYLE_COLOUR('',#10854);
#11430 = OVER_RIDING_STYLED_ITEM('overriding color',(#11431),#3827,
  #11283);
#11431 = PRESENTATION_STYLE_ASSIGNMENT((#11432));
#11432 = SURFACE_STYLE_USAGE(.BOTH.,#11433);
#11433 = SURFACE_SIDE_STYLE('',(#11434));
#11434 = SURFACE_STYLE_FILL_AREA(#11435);
#11435 = FILL_AREA_STYLE('',(#11436));
#11436 = FILL_AREA_STYLE_COLOUR('',#10854);
#11437 = OVER_RIDING_STYLED_ITEM('overriding color',(#11438),#3839,
  #11283);
#11438 = PRESENTATION_STYLE_ASSIGNMENT((#11439));
#11439 = SURFACE_STYLE_USAGE(.BOTH.,#11440);
#11440 = SURFACE_SIDE_STYLE('',(#11441));
#11441 = SURFACE_STYLE_FILL_AREA(#11442);
#11442 = FILL_AREA_STYLE('',(#11443));
#11443 = FILL_AREA_STYLE_COLOUR('',#10854);
#11444 = OVER_RIDING_STYLED_ITEM('overriding color',(#11445),#3856,
  #11283);
#11445 = PRESENTATION_STYLE_ASSIGNMENT((#11446));
#11446 = SURFACE_STYLE_USAGE(.BOTH.,#11447);
#11447 = SURFACE_SIDE_STYLE('',(#11448));
#11448 = SURFACE_STYLE_FILL_AREA(#11449);
#11449 = FILL_AREA_STYLE('',(#11450));
#11450 = FILL_AREA_STYLE_COLOUR('',#10854);
ENDSEC;
END-ISO-10303-21;
