ISO-10303-21;
HEADER;
FILE_DESCRIPTION (( 'STEP AP214' ),
    '1' );
FILE_NAME ('HM2113ZNL.STEP',
    '2023-09-17T09:14:52',
    ( '' ),
    ( '' ),
    'SwSTEP 2.0',
    'SolidWorks 2022',
    '' );
FILE_SCHEMA (( 'AUTOMOTIVE_DESIGN' ));
ENDSEC;

DATA;
#1 =( LENGTH_UNIT ( ) NAMED_UNIT ( * ) SI_UNIT ( .MILLI., .METRE. ) );
#2 = CARTESIAN_POINT ( 'NONE',  ( 1.078792392861150029, 3.620593979433130105, 0.000000000000000000 ) ) ;
#3 = DIRECTION ( 'NONE',  ( 0.000000000000000000, 0.000000000000000000, 1.000000000000000000 ) ) ;
#4 = CARTESIAN_POINT ( 'NONE',  ( 2.290000000000000036, -3.250000000000000000, 7.714999999999999858 ) ) ;
#5 = ORIENTED_EDGE ( 'NONE', *, *, #6903, .T. ) ;
#6 = ORIENTED_EDGE ( 'NONE', *, *, #7163, .F. ) ;
#7 = EDGE_CURVE ( 'NONE', #7546, #5194, #3981, .T. ) ;
#8 = EDGE_CURVE ( 'NONE', #1065, #1688, #4617, .T. ) ;
#9 = CARTESIAN_POINT ( 'NONE',  ( 1.168101952075400130, 3.476101277940159662, 0.1000000000000000056 ) ) ;
#10 = ORIENTED_EDGE ( 'NONE', *, *, #7800, .T. ) ;
#11 = DIRECTION ( 'NONE',  ( 1.000000000000000000, 0.000000000000000000, 0.000000000000000000 ) ) ;
#12 = EDGE_CURVE ( 'NONE', #5209, #4926, #2132, .T. ) ;
#13 = DIRECTION ( 'NONE',  ( 1.000000000000000000, 0.000000000000000000, 0.000000000000000000 ) ) ;
#14 = FACE_OUTER_BOUND ( 'NONE', #5003, .T. ) ;
#15 = EDGE_LOOP ( 'NONE', ( #6545, #4686, #7350, #5499 ) ) ;
#16 = ORIENTED_EDGE ( 'NONE', *, *, #3460, .T. ) ;
#17 = VECTOR ( 'NONE', #3232, 1000.000000000000000 ) ;
#18 = VERTEX_POINT ( 'NONE', #571 ) ;
#19 = CARTESIAN_POINT ( 'NONE',  ( 2.540000000000000036, -1.781585718017569819, 7.817681529351250269 ) ) ;
#20 = LINE ( 'NONE', #3774, #7065 ) ;
#21 = CARTESIAN_POINT ( 'NONE',  ( -2.790000000000000036, -1.221999999999999975, -6.375000000000000000 ) ) ;
#22 = AXIS2_PLACEMENT_3D ( 'NONE', #5250, #3420, #4027 ) ;
#23 = LINE ( 'NONE', #541, #2126 ) ;
#24 = EDGE_CURVE ( 'NONE', #460, #7319, #281, .T. ) ;
#25 = VECTOR ( 'NONE', #6356, 1000.000000000000000 ) ;
#26 = DIRECTION ( 'NONE',  ( 0.000000000000000000, -1.000000000000000000, 0.000000000000000000 ) ) ;
#27 = ORIENTED_EDGE ( 'NONE', *, *, #793, .T. ) ;
#28 = ORIENTED_EDGE ( 'NONE', *, *, #867, .F. ) ;
#29 = EDGE_LOOP ( 'NONE', ( #1683, #6414, #1599, #4548 ) ) ;
#30 = CARTESIAN_POINT ( 'NONE',  ( 4.500000000000000000, -1.221999999999999975, 6.074999999999999289 ) ) ;
#31 = AXIS2_PLACEMENT_3D ( 'NONE', #785, #2671, #7559 ) ;
#32 = CARTESIAN_POINT ( 'NONE',  ( 1.963174857275439722, 3.484088311691030171, 0.1000000000000000056 ) ) ;
#33 = CARTESIAN_POINT ( 'NONE',  ( -2.790000000000000036, -2.963206657552649670, 7.197560881563970447 ) ) ;
#34 = DIRECTION ( 'NONE',  ( -1.000000000000000000, 0.000000000000000000, 0.000000000000000000 ) ) ;
#35 = DIRECTION ( 'NONE',  ( -1.000000000000000000, 0.000000000000000000, 0.000000000000000000 ) ) ;
#36 = ORIENTED_EDGE ( 'NONE', *, *, #537, .T. ) ;
#37 = AXIS2_PLACEMENT_3D ( 'NONE', #406, #3676, #5351 ) ;
#38 = CARTESIAN_POINT ( 'NONE',  ( -0.7712950614308000663, 3.349760925880980178, 0.000000000000000000 ) ) ;
#39 = DIRECTION ( 'NONE',  ( 0.000000000000000000, -1.000000000000000000, 7.228014483236570338E-16 ) ) ;
#40 = AXIS2_PLACEMENT_3D ( 'NONE', #2426, #4960, #8061 ) ;
#41 = LINE ( 'NONE', #6737, #6434 ) ;
#42 = CARTESIAN_POINT ( 'NONE',  ( -1.899384437755696320, 4.100082972436562834, 0.000000000000000000 ) ) ;
#43 = ORIENTED_EDGE ( 'NONE', *, *, #6595, .F. ) ;
#44 = VERTEX_POINT ( 'NONE', #2414 ) ;
#45 = CARTESIAN_POINT ( 'NONE',  ( 1.941392037954889904, 3.331608576447190107, 0.1000000000000000056 ) ) ;
#46 = CIRCLE ( 'NONE', #3179, 0.05250000000000007438 ) ;
#47 = CARTESIAN_POINT ( 'NONE',  ( -0.2042156651191769923, 3.585741468520259989, 0.000000000000000000 ) ) ;
#48 = CARTESIAN_POINT ( 'NONE',  ( 2.183907426390330198, 3.561780367267649794, 0.1000000000000000056 ) ) ;
#49 = ADVANCED_FACE ( 'NONE', ( #7396 ), #3708, .T. ) ;
#50 = FACE_OUTER_BOUND ( 'NONE', #3274, .T. ) ;
#51 = CARTESIAN_POINT ( 'NONE',  ( 0.9161473419343860725, 3.386065624748559877, 0.000000000000000000 ) ) ;
#52 = ORIENTED_EDGE ( 'NONE', *, *, #224, .F. ) ;
#53 = ORIENTED_EDGE ( 'NONE', *, *, #7749, .T. ) ;
#54 = ORIENTED_EDGE ( 'NONE', *, *, #3146, .F. ) ;
#55 = EDGE_CURVE ( 'NONE', #7409, #3309, #5228, .T. ) ;
#56 = FACE_OUTER_BOUND ( 'NONE', #824, .T. ) ;
#57 = CARTESIAN_POINT ( 'NONE',  ( 0.9161473419343860725, 3.386065624748559877, 0.1000000000000000056 ) ) ;
#58 = CARTESIAN_POINT ( 'NONE',  ( 0.2500000000000000000, -1.471999999999999975, 6.375000000000000000 ) ) ;
#59 = SURFACE_STYLE_USAGE ( .BOTH. , #4997 ) ;
#60 = EDGE_CURVE ( 'NONE', #535, #728, #7025, .T. ) ;
#61 = PRESENTATION_LAYER_ASSIGNMENT (  '', '', ( #3588 ) ) ;
#62 = FACE_OUTER_BOUND ( 'NONE', #2623, .T. ) ;
#63 = ORIENTED_EDGE ( 'NONE', *, *, #4663, .F. ) ;
#64 = VERTEX_POINT ( 'NONE', #7764 ) ;
#65 = ORIENTED_EDGE ( 'NONE', *, *, #6777, .F. ) ;
#66 = EDGE_CURVE ( 'NONE', #411, #7566, #2913, .T. ) ;
#67 = DIRECTION ( 'NONE',  ( -1.000000000000000000, 0.000000000000000000, 0.000000000000000000 ) ) ;
#68 = CIRCLE ( 'NONE', #6199, 0.2500000000000002220 ) ;
#69 = CARTESIAN_POINT ( 'NONE',  ( 2.290000000000000036, -1.221999999999999975, 6.074999999999999289 ) ) ;
#70 = DIRECTION ( 'NONE',  ( 0.000000000000000000, 0.7253743710122911859, 0.6883545756937502480 ) ) ;
#71 = DIRECTION ( 'NONE',  ( 1.000000000000000000, 0.000000000000000000, 0.000000000000000000 ) ) ;
#72 = LINE ( 'NONE', #1205, #6319 ) ;
#73 = COLOUR_RGB ( '',0.8313725490196077761, 0.8313725490196077761, 0.8313725490196077761 ) ;
#74 = ORIENTED_EDGE ( 'NONE', *, *, #609, .T. ) ;
#75 = VECTOR ( 'NONE', #7368, 1000.000000000000000 ) ;
#76 = ADVANCED_FACE ( 'NONE', ( #6370 ), #7156, .F. ) ;
#77 = DIRECTION ( 'NONE',  ( -1.000000000000000000, 0.000000000000000000, 0.000000000000000000 ) ) ;
#78 = CARTESIAN_POINT ( 'NONE',  ( 0.7999723055581260400, 3.349760925880980178, 0.1000000000000000056 ) ) ;
#79 =( NAMED_UNIT ( * ) SI_UNIT ( $, .STERADIAN. ) SOLID_ANGLE_UNIT ( ) );
#80 = VECTOR ( 'NONE', #6137, 1000.000000000000000 ) ;
#81 = CARTESIAN_POINT ( 'NONE',  ( 1.847725914876529929, 3.500062379192759643, 0.1000000000000000056 ) ) ;
#82 = DIRECTION ( 'NONE',  ( 1.000000000000000000, 0.000000000000000000, 0.000000000000000000 ) ) ;
#83 = ORIENTED_EDGE ( 'NONE', *, *, #4500, .F. ) ;
#84 = VECTOR ( 'NONE', #1819, 1000.000000000000227 ) ;
#85 = VERTEX_POINT ( 'NONE', #6452 ) ;
#86 = CARTESIAN_POINT ( 'NONE',  ( 1.133249441162520021, 3.868192025710039950, 0.1000000000000000056 ) ) ;
#87 = CARTESIAN_POINT ( 'NONE',  ( 1.993670804324199963, 3.331608576447190107, 0.1000000000000000056 ) ) ;
#88 = AXIS2_PLACEMENT_3D ( 'NONE', #742, #4993, #3241 ) ;
#89 = ORIENTED_EDGE ( 'NONE', *, *, #4470, .F. ) ;
#90 = CARTESIAN_POINT ( 'NONE',  ( 3.968067416295329330, 0.07680367431158319214, -6.006932583704670314 ) ) ;
#91 = CARTESIAN_POINT ( 'NONE',  ( -0.4133307305964469824, 4.186947281767399609, 0.000000000000000000 ) ) ;
#92 = ORIENTED_EDGE ( 'NONE', *, *, #7385, .T. ) ;
#93 = EDGE_LOOP ( 'NONE', ( #7929, #6731, #1265, #7789 ) ) ;
#94 = VERTEX_POINT ( 'NONE', #4044 ) ;
#95 = AXIS2_PLACEMENT_3D ( 'NONE', #1991, #4448, #1825 ) ;
#96 = EDGE_CURVE ( 'NONE', #4416, #5907, #3920, .T. ) ;
#97 =( NAMED_UNIT ( * ) PLANE_ANGLE_UNIT ( ) SI_UNIT ( $, .RADIAN. ) );
#98 = CARTESIAN_POINT ( 'NONE',  ( -0.5992107887984640113, 4.060606929708220569, 0.000000000000000000 ) ) ;
#99 = CARTESIAN_POINT ( 'NONE',  ( -2.540000000000000036, -2.713815644987700004, 7.214999999999999858 ) ) ;
#100 = CARTESIAN_POINT ( 'NONE',  ( 1.749703227934059857, 3.331608576447190107, 0.000000000000000000 ) ) ;
#101 = DIRECTION ( 'NONE',  ( 0.000000000000000000, -0.06975647374404986278, -0.9975640502598295267 ) ) ;
#102 = ADVANCED_FACE ( 'NONE', ( #4007 ), #5586, .F. ) ;
#103 = ORIENTED_EDGE ( 'NONE', *, *, #5494, .T. ) ;
#104 = VERTEX_POINT ( 'NONE', #207 ) ;
#105 = VERTEX_POINT ( 'NONE', #7718 ) ;
#106 = DIRECTION ( 'NONE',  ( -0.05226442768871589900, 0.9972646886342368955, -0.05226442768871979866 ) ) ;
#107 = EDGE_CURVE ( 'NONE', #7476, #1858, #734, .T. ) ;
#108 = CIRCLE ( 'NONE', #3633, 0.05250000000000012990 ) ;
#109 = DIRECTION ( 'NONE',  ( 1.000000000000000000, 0.000000000000000000, 0.000000000000000000 ) ) ;
#110 = EDGE_CURVE ( 'NONE', #2264, #7273, #5717, .T. ) ;
#111 = CARTESIAN_POINT ( 'NONE',  ( -0.5716192176591019525, 4.245760893932890134, 0.1000000000000000056 ) ) ;
#112 = CARTESIAN_POINT ( 'NONE',  ( 2.290000000000000036, -1.700126330831939869, -6.624041246778779701 ) ) ;
#113 = CARTESIAN_POINT ( 'NONE',  ( 1.950831259660459782, 3.911757664351140029, 0.1000000000000000056 ) ) ;
#114 = EDGE_CURVE ( 'NONE', #653, #3780, #4543, .T. ) ;
#115 = ORIENTED_EDGE ( 'NONE', *, *, #4714, .T. ) ;
#116 = DIRECTION ( 'NONE',  ( 0.000000000000000000, -1.000000000000000000, 0.000000000000000000 ) ) ;
#117 = SURFACE_SIDE_STYLE ('',( #3953 ) ) ;
#118 = DIRECTION ( 'NONE',  ( 1.000000000000000000, 0.000000000000000000, 0.000000000000000000 ) ) ;
#119 = CARTESIAN_POINT ( 'NONE',  ( 2.206416339688229922, 3.561780367267649794, 0.1000000000000000056 ) ) ;
#120 = EDGE_CURVE ( 'NONE', #2224, #6270, #623, .T. ) ;
#121 = EDGE_LOOP ( 'NONE', ( #2907, #6781, #6885, #4612 ) ) ;
#122 = ORIENTED_EDGE ( 'NONE', *, *, #2648, .T. ) ;
#123 = CARTESIAN_POINT ( 'NONE',  ( 3.988838394117722785, -2.999046232010177615, -5.986161605882278636 ) ) ;
#124 = DIRECTION ( 'NONE',  ( 1.000000000000000000, 0.000000000000000000, 0.000000000000000000 ) ) ;
#125 = DIRECTION ( 'NONE',  ( -1.000000000000000000, 0.000000000000000000, 0.000000000000000000 ) ) ;
#126 = CARTESIAN_POINT ( 'NONE',  ( 1.204406650942980272, 3.591550220339069899, 0.000000000000000000 ) ) ;
#127 = LINE ( 'NONE', #2619, #569 ) ;
#128 = CARTESIAN_POINT ( 'NONE',  ( 0.4282121891540919822, 3.349760925880980178, 0.000000000000000000 ) ) ;
#129 = ORIENTED_EDGE ( 'NONE', *, *, #6983, .F. ) ;
#130 = ORIENTED_EDGE ( 'NONE', *, *, #1689, .T. ) ;
#131 = ORIENTED_EDGE ( 'NONE', *, *, #6346, .F. ) ;
#132 = CARTESIAN_POINT ( 'NONE',  ( 0.9190517178437930257, 3.741851673650860022, 0.1000000000000000056 ) ) ;
#133 = CARTESIAN_POINT ( 'NONE',  ( 1.924597782634129839, 3.647344394524860256, 0.000000000000000000 ) ) ;
#134 = CARTESIAN_POINT ( 'NONE',  ( -0.3842869715023810029, 3.749838707401719873, 0.000000000000000000 ) ) ;
#135 = DIRECTION ( 'NONE',  ( 0.000000000000000000, 0.000000000000000000, -1.000000000000000000 ) ) ;
#136 = CARTESIAN_POINT ( 'NONE',  ( 1.494844241883630076, 3.561054273290299665, 0.1000000000000000056 ) ) ;
#137 = VECTOR ( 'NONE', #776, 1000.000000000000000 ) ;
#138 = ORIENTED_EDGE ( 'NONE', *, *, #2554, .T. ) ;
#139 = ADVANCED_FACE ( 'NONE', ( #900 ), #3401, .T. ) ;
#140 = ORIENTED_EDGE ( 'NONE', *, *, #7145, .F. ) ;
#141 = EDGE_LOOP ( 'NONE', ( #1856, #3652, #1779, #6700 ) ) ;
#142 = SURFACE_SIDE_STYLE ('',( #6967 ) ) ;
#143 = CARTESIAN_POINT ( 'NONE',  ( 1.204406650942980272, 3.591550220339069899, 0.1000000000000000056 ) ) ;
#144 = CARTESIAN_POINT ( 'NONE',  ( -0.7712950614308000663, 3.950667232077070157, 0.1000000000000000056 ) ) ;
#145 = VECTOR ( 'NONE', #5951, 1000.000000000000114 ) ;
#146 = DIRECTION ( 'NONE',  ( 0.000000000000000000, 0.000000000000000000, 1.000000000000000000 ) ) ;
#147 = CARTESIAN_POINT ( 'NONE',  ( 1.424413126080529945, 4.015589103112420233, 0.000000000000000000 ) ) ;
#148 = LINE ( 'NONE', #5702, #6440 ) ;
#149 = DIRECTION ( 'NONE',  ( -0.000000000000000000, 0.08749467667225491185, 0.9961649871150951574 ) ) ;
#150 = ORIENTED_EDGE ( 'NONE', *, *, #6791, .F. ) ;
#151 = EDGE_CURVE ( 'NONE', #3802, #7510, #7592, .T. ) ;
#152 = EDGE_CURVE ( 'NONE', #2672, #6821, #685, .T. ) ;
#153 = AXIS2_PLACEMENT_3D ( 'NONE', #7202, #6464, #947 ) ;
#154 = FACE_OUTER_BOUND ( 'NONE', #162, .T. ) ;
#155 = CARTESIAN_POINT ( 'NONE',  ( -2.370230609872179706, 3.840592109899359841, 0.1000000000000000056 ) ) ;
#156 = EDGE_CURVE ( 'NONE', #6130, #5453, #3882, .T. ) ;
#157 = SURFACE_STYLE_USAGE ( .BOTH. , #4536 ) ;
#158 = AXIS2_PLACEMENT_3D ( 'NONE', #444, #2945, #4824 ) ;
#159 = CARTESIAN_POINT ( 'NONE',  ( 2.290000000000000036, -1.221999999999999975, -6.375000000000000000 ) ) ;
#160 = LINE ( 'NONE', #3264, #1229 ) ;
#161 = EDGE_CURVE ( 'NONE', #6207, #6701, #5111, .T. ) ;
#162 = EDGE_LOOP ( 'NONE', ( #4755, #388, #6953, #4827 ) ) ;
#163 = CARTESIAN_POINT ( 'NONE',  ( 3.979929681736380065, -2.997149182618229712, -5.995070318263630682 ) ) ;
#164 = VECTOR ( 'NONE', #7407, 1000.000000000000000 ) ;
#165 = EDGE_CURVE ( 'NONE', #5907, #2798, #794, .T. ) ;
#166 = DIRECTION ( 'NONE',  ( 0.000000000000000000, 1.000000000000000000, 0.000000000000000000 ) ) ;
#167 = CARTESIAN_POINT ( 'NONE',  ( 4.500000000000000000, 0.2000000000000000111, -5.474999999999999645 ) ) ;
#168 = CARTESIAN_POINT ( 'NONE',  ( -0.3625041521818330170, 4.152820864831879177, 0.000000000000000000 ) ) ;
#169 = PLANE ( 'NONE',  #971 ) ;
#170 = DIRECTION ( 'NONE',  ( 0.000000000000000000, 0.000000000000000000, -1.000000000000000000 ) ) ;
#171 = ORIENTED_EDGE ( 'NONE', *, *, #1754, .T. ) ;
#172 = ORIENTED_EDGE ( 'NONE', *, *, #2387, .F. ) ;
#173 = ORIENTED_EDGE ( 'NONE', *, *, #1192, .T. ) ;
#174 = EDGE_CURVE ( 'NONE', #6304, #3585, #242, .T. ) ;
#175 = B_SPLINE_CURVE_WITH_KNOTS ( 'NONE', 2,
 ( #5219, #7099, #7707, #433 ),
 .UNSPECIFIED., .F., .F.,
 ( 3, 1, 3 ),
 ( 0.000000000000000000, 1.000000000000000000, 2.000000000000000000 ),
 .UNSPECIFIED. ) ;
#176 = B_SPLINE_CURVE_WITH_KNOTS ( 'NONE', 2,
 ( #1597, #4087, #6499, #939 ),
 .UNSPECIFIED., .F., .F.,
 ( 3, 1, 3 ),
 ( 0.000000000000000000, 1.000000000000000000, 2.000000000000000000 ),
 .UNSPECIFIED. ) ;
#177 = DIRECTION ( 'NONE',  ( 0.000000000000000000, 0.000000000000000000, 1.000000000000000000 ) ) ;
#178 = ORIENTED_EDGE ( 'NONE', *, *, #2204, .F. ) ;
#179 = CARTESIAN_POINT ( 'NONE',  ( 2.290000000000000036, -1.221999999999999975, -6.375000000000000000 ) ) ;
#180 = CARTESIAN_POINT ( 'NONE',  ( -1.546721400342430108, 3.823340976527339841, 0.1000000000000000056 ) ) ;
#181 = CARTESIAN_POINT ( 'NONE',  ( -2.227043860893810567, 3.973000077371250160, 0.1000000000000000056 ) ) ;
#182 = ORIENTED_EDGE ( 'NONE', *, *, #3300, .T. ) ;
#183 = EDGE_LOOP ( 'NONE', ( #7906, #905, #36, #3266 ) ) ;
#184 = ORIENTED_EDGE ( 'NONE', *, *, #4558, .T. ) ;
#185 = CARTESIAN_POINT ( 'NONE',  ( 1.249424477538779943, 3.581384904656149892, 0.000000000000000000 ) ) ;
#186 = DIRECTION ( 'NONE',  ( 0.000000000000000000, 0.9961649871150950464, 0.08749467667225489798 ) ) ;
#187 = CARTESIAN_POINT ( 'NONE',  ( 1.999479556143020309, 3.484088311691030171, 0.1000000000000000056 ) ) ;
#188 = DIRECTION ( 'NONE',  ( 0.7257516997857471619, -0.6879567357458599153, 0.000000000000000000 ) ) ;
#189 = AXIS2_PLACEMENT_3D ( 'NONE', #5337, #7828, #6565 ) ;
#190 = DIRECTION ( 'NONE',  ( 0.000000000000000000, 0.000000000000000000, 1.000000000000000000 ) ) ;
#191 = DIRECTION ( 'NONE',  ( -1.000000000000000000, 0.000000000000000000, 0.000000000000000000 ) ) ;
#192 = CARTESIAN_POINT ( 'NONE',  ( -2.290000000000000036, -1.721999999999999975, 6.375000000000000000 ) ) ;
#193 = ORIENTED_EDGE ( 'NONE', *, *, #2443, .F. ) ;
#194 = CIRCLE ( 'NONE', #2284, 0.2500000000000002220 ) ;
#195 = CARTESIAN_POINT ( 'NONE',  ( -2.290000000000000036, -1.221999999999999975, 6.375000000000000000 ) ) ;
#196 = CARTESIAN_POINT ( 'NONE',  ( -0.9963841944098049686, 3.349760925880980178, 0.000000000000000000 ) ) ;
#197 = UNCERTAINTY_MEASURE_WITH_UNIT (LENGTH_MEASURE( 1.000000000000000082E-05 ), #1187, 'distance_accuracy_value', 'NONE');
#198 = ADVANCED_FACE ( 'NONE', ( #7805 ), #5388, .F. ) ;
#199 = VECTOR ( 'NONE', #7757, 1000.000000000000000 ) ;
#200 = CARTESIAN_POINT ( 'NONE',  ( -2.290000000000000036, -2.963206657552649670, -7.197560881563970447 ) ) ;
#201 = LINE ( 'NONE', #3833, #4895 ) ;
#202 = ORIENTED_EDGE ( 'NONE', *, *, #6785, .T. ) ;
#203 = DIRECTION ( 'NONE',  ( 0.000000000000000000, 0.000000000000000000, -1.000000000000000000 ) ) ;
#204 = AXIS2_PLACEMENT_3D ( 'NONE', #1076, #2885, #5917 ) ;
#205 = ADVANCED_FACE ( 'NONE', ( #2946 ), #4825, .T. ) ;
#206 = PLANE ( 'NONE',  #296 ) ;
#207 = CARTESIAN_POINT ( 'NONE',  ( 0.2176449357221190151, 3.424548605548189961, 0.1000000000000000056 ) ) ;
#208 = DIRECTION ( 'NONE',  ( -1.000000000000000000, 0.000000000000000000, 0.000000000000000000 ) ) ;
#209 = VECTOR ( 'NONE', #891, 1000.000000000000114 ) ;
#210 = CARTESIAN_POINT ( 'NONE',  ( 3.899999999999999911, -1.472000000000050157, -6.074999999999999289 ) ) ;
#211 = DIRECTION ( 'NONE',  ( -1.000000000000000000, 0.000000000000000000, 0.000000000000000000 ) ) ;
#212 = EDGE_CURVE ( 'NONE', #2521, #4428, #1714, .T. ) ;
#213 = ORIENTED_EDGE ( 'NONE', *, *, #7691, .T. ) ;
#214 = ORIENTED_EDGE ( 'NONE', *, *, #6687, .T. ) ;
#215 = VERTEX_POINT ( 'NONE', #2826 ) ;
#216 = ITEM_DEFINED_TRANSFORMATION ( 'NONE', 'NONE', #4815,  #1670 ) ;
#217 = VECTOR ( 'NONE', #8057, 1000.000000000000000 ) ;
#218 = CARTESIAN_POINT ( 'NONE',  ( -1.558624907085859990, 3.394807403769890097, 0.1000000000000000056 ) ) ;
#219 = LINE ( 'NONE', #2712, #3282 ) ;
#220 = ORIENTED_EDGE ( 'NONE', *, *, #4846, .T. ) ;
#221 = CARTESIAN_POINT ( 'NONE',  ( 1.545670820298249870, 3.514584258739800404, 0.000000000000000000 ) ) ;
#222 = DIRECTION ( 'NONE',  ( 0.9973918779898669484, 0.07217646236721839137, 0.000000000000000000 ) ) ;
#223 = DIRECTION ( 'NONE',  ( -1.000000000000000000, 0.000000000000000000, 0.000000000000000000 ) ) ;
#224 = EDGE_CURVE ( 'NONE', #4926, #1206, #6183, .T. ) ;
#225 = EDGE_LOOP ( 'NONE', ( #2377, #6662, #4864, #7248 ) ) ;
#226 = ORIENTED_EDGE ( 'NONE', *, *, #5438, .F. ) ;
#227 = ORIENTED_EDGE ( 'NONE', *, *, #1706, .F. ) ;
#228 = ORIENTED_EDGE ( 'NONE', *, *, #360, .T. ) ;
#229 = LINE ( 'NONE', #7612, #7968 ) ;
#230 = DIRECTION ( 'NONE',  ( 0.000000000000000000, 0.9975640502598296377, 0.06975647374404837786 ) ) ;
#231 = FACE_OUTER_BOUND ( 'NONE', #2594, .T. ) ;
#232 = DIRECTION ( 'NONE',  ( 0.000000000000000000, 0.000000000000000000, -1.000000000000000000 ) ) ;
#233 = VECTOR ( 'NONE', #2285, 1000.000000000000000 ) ;
#234 = LINE ( 'NONE', #7094, #1478 ) ;
#235 = FACE_OUTER_BOUND ( 'NONE', #4766, .T. ) ;
#236 = VERTEX_POINT ( 'NONE', #6089 ) ;
#237 = VECTOR ( 'NONE', #5419, 1000.000000000000000 ) ;
#238 = FACE_OUTER_BOUND ( 'NONE', #6751, .T. ) ;
#239 = CARTESIAN_POINT ( 'NONE',  ( 1.820860437714520108, 3.518940822603910057, 0.1000000000000000056 ) ) ;
#240 =( NAMED_UNIT ( * ) PLANE_ANGLE_UNIT ( ) SI_UNIT ( $, .RADIAN. ) );
#241 =( BOUNDED_CURVE ( )  B_SPLINE_CURVE ( 3, ( #2660, #5147, #7468, #3268, #5629, #2005, #3840 ),
 .UNSPECIFIED., .F., .F. ) 
 B_SPLINE_CURVE_WITH_KNOTS ( ( 4, 3, 4 ),
 ( 6.025381685944607213, 8.841227869267637374, 11.65707405259066576 ),
 .UNSPECIFIED. ) 
 CURVE ( )  GEOMETRIC_REPRESENTATION_ITEM ( )  RATIONAL_B_SPLINE_CURVE ( ( 1.000000000000000000, 0.4414360541353033462, 0.4414360541353033462, 1.000000000000000000, 0.4414360541353039569, 0.4414360541353039569, 1.000000000000000000 ) ) 
 REPRESENTATION_ITEM ( '' )  );
#242 = B_SPLINE_CURVE_WITH_KNOTS ( 'NONE', 2,
 ( #6537, #408, #2289, #2364 ),
 .UNSPECIFIED., .F., .F.,
 ( 3, 1, 3 ),
 ( 0.000000000000000000, 1.000000000000000000, 2.000000000000000000 ),
 .UNSPECIFIED. ) ;
#243 = CARTESIAN_POINT ( 'NONE',  ( 1.078792392861150029, 3.620593979433130105, 0.1000000000000000056 ) ) ;
#244 = CARTESIAN_POINT ( 'NONE',  ( -3.845906236087960117, -2.279999999999999805, 0.000000000000000000 ) ) ;
#245 = ADVANCED_FACE ( 'NONE', ( #7346 ), #2249, .T. ) ;
#246 = ORIENTED_EDGE ( 'NONE', *, *, #3108, .T. ) ;
#247 = CARTESIAN_POINT ( 'NONE',  ( 1.437482817672859792, 3.833339514797160064, 0.1000000000000000056 ) ) ;
#248 = DIRECTION ( 'NONE',  ( 1.000000000000000000, 0.000000000000000000, 0.000000000000000000 ) ) ;
#249 = CARTESIAN_POINT ( 'NONE',  ( 1.204406650942980272, 3.591550220339069899, 0.000000000000000000 ) ) ;
#250 = DIRECTION ( 'NONE',  ( 0.000000000000000000, 0.000000000000000000, 1.000000000000000000 ) ) ;
#251 = CARTESIAN_POINT ( 'NONE',  ( 1.021430968650369975, 3.509501600898329965, 0.000000000000000000 ) ) ;
#252 = CARTESIAN_POINT ( 'NONE',  ( 1.448374227333130149, 3.824626387068939870, 0.000000000000000000 ) ) ;
#253 = VERTEX_POINT ( 'NONE', #4749 ) ;
#254 = EDGE_CURVE ( 'NONE', #2339, #5218, #1702, .T. ) ;
#255 = EDGE_LOOP ( 'NONE', ( #608, #4480, #5153, #5177 ) ) ;
#256 = EDGE_CURVE ( 'NONE', #7330, #2879, #1755, .T. ) ;
#257 = EDGE_LOOP ( 'NONE', ( #5432, #7883, #3059, #1138, #7865 ) ) ;
#258 = DIRECTION ( 'NONE',  ( -1.000000000000000000, 0.000000000000000000, 0.000000000000000000 ) ) ;
#259 = EDGE_CURVE ( 'NONE', #1266, #5723, #6476, .T. ) ;
#260 = FACE_OUTER_BOUND ( 'NONE', #2578, .T. ) ;
#261 = ORIENTED_EDGE ( 'NONE', *, *, #1592, .T. ) ;
#262 = LINE ( 'NONE', #4019, #948 ) ;
#263 = CARTESIAN_POINT ( 'NONE',  ( 1.494844241883630076, 3.561054273290299665, 0.1000000000000000056 ) ) ;
#264 = VERTEX_POINT ( 'NONE', #4129 ) ;
#265 = VERTEX_POINT ( 'NONE', #7959 ) ;
#266 = ORIENTED_EDGE ( 'NONE', *, *, #2003, .T. ) ;
#267 = VERTEX_POINT ( 'NONE', #2904 ) ;
#268 = CARTESIAN_POINT ( 'NONE',  ( 1.409165152556139944, 3.398409222363539595, 0.1000000000000000056 ) ) ;
#269 = CARTESIAN_POINT ( 'NONE',  ( 1.249424477538779943, 3.581384904656149892, 0.1000000000000000056 ) ) ;
#270 = DIRECTION ( 'NONE',  ( 0.000000000000000000, 0.000000000000000000, 1.000000000000000000 ) ) ;
#271 = ADVANCED_FACE ( 'NONE', ( #6658 ), #938, .T. ) ;
#272 = FACE_OUTER_BOUND ( 'NONE', #7889, .T. ) ;
#273 = CARTESIAN_POINT ( 'NONE',  ( -2.059709573002050043, 3.258003616276710090, 0.1000000000000000056 ) ) ;
#274 = LINE ( 'NONE', #4032, #4495 ) ;
#275 = CARTESIAN_POINT ( 'NONE',  ( 2.218759937303210084, 3.879083435370310085, 0.000000000000000000 ) ) ;
#276 = ORIENTED_EDGE ( 'NONE', *, *, #1605, .F. ) ;
#277 = ORIENTED_EDGE ( 'NONE', *, *, #1940, .F. ) ;
#278 = FACE_OUTER_BOUND ( 'NONE', #2833, .T. ) ;
#279 = LINE ( 'NONE', #2164, #2423 ) ;
#280 = PRESENTATION_STYLE_ASSIGNMENT (( #3548 ) ) ;
#281 = B_SPLINE_CURVE_WITH_KNOTS ( 'NONE', 2,
 ( #4382, #6867, #8048, #2453 ),
 .UNSPECIFIED., .F., .F.,
 ( 3, 1, 3 ),
 ( -2.000000000000000000, -1.000000000000000000, 0.000000000000000000 ),
 .UNSPECIFIED. ) ;
#282 = LINE ( 'NONE', #5223, #5001 ) ;
#283 = STYLED_ITEM ( 'NONE', ( #6441 ), #6774 ) ;
#284 = DIRECTION ( 'NONE',  ( 0.000000000000000000, 0.000000000000000000, -1.000000000000000000 ) ) ;
#285 =( GEOMETRIC_REPRESENTATION_CONTEXT ( 3 ) GLOBAL_UNCERTAINTY_ASSIGNED_CONTEXT ( ( #678 ) ) GLOBAL_UNIT_ASSIGNED_CONTEXT ( ( #810, #240, #6276 ) ) REPRESENTATION_CONTEXT ( 'NONE', 'WORKASPACE' ) );
#286 = EDGE_LOOP ( 'NONE', ( #6669, #5833, #568, #5433 ) ) ;
#287 = LINE ( 'NONE', #4624, #5975 ) ;
#288 = AXIS2_PLACEMENT_3D ( 'NONE', #3370, #299, #2791 ) ;
#289 = CARTESIAN_POINT ( 'NONE',  ( -2.790000000000000036, -2.963206657552649670, 7.197560881563960677 ) ) ;
#290 = CARTESIAN_POINT ( 'NONE',  ( -0.7712950614308000663, 3.810104507521910211, 0.000000000000000000 ) ) ;
#291 = CARTESIAN_POINT ( 'NONE',  ( -1.357936258902269877, 3.823340976527330071, 0.000000000000000000 ) ) ;
#292 = CARTESIAN_POINT ( 'NONE',  ( -0.4133307305964469824, 4.186947281767399609, 0.000000000000000000 ) ) ;
#293 = DIRECTION ( 'NONE',  ( 1.000000000000000000, 0.000000000000000000, 0.000000000000000000 ) ) ;
#294 = ORIENTED_EDGE ( 'NONE', *, *, #4669, .F. ) ;
#295 = ORIENTED_EDGE ( 'NONE', *, *, #1051, .F. ) ;
#296 = AXIS2_PLACEMENT_3D ( 'NONE', #2046, #3961, #6536 ) ;
#297 = EDGE_LOOP ( 'NONE', ( #2667, #7555, #63, #1979 ) ) ;
#298 = CARTESIAN_POINT ( 'NONE',  ( 0.5802027164309999652, -1.006458221988000057, 3.350999999999999979 ) ) ;
#299 = DIRECTION ( 'NONE',  ( 0.000000000000000000, 0.08749467667225491185, -0.9961649871150951574 ) ) ;
#300 = EDGE_CURVE ( 'NONE', #507, #3872, #4710, .T. ) ;
#301 = AXIS2_PLACEMENT_3D ( 'NONE', #873, #4137, #3532 ) ;
#302 = ORIENTED_EDGE ( 'NONE', *, *, #6007, .T. ) ;
#303 = DIRECTION ( 'NONE',  ( 0.000000000000000000, -1.000000000000000000, 0.000000000000000000 ) ) ;
#304 = LINE ( 'NONE', #7206, #1635 ) ;
#305 = LINE ( 'NONE', #5861, #4525 ) ;
#306 = VERTEX_POINT ( 'NONE', #1639 ) ;
#307 = VERTEX_POINT ( 'NONE', #6620 ) ;
#308 = ORIENTED_EDGE ( 'NONE', *, *, #7743, .F. ) ;
#309 = EDGE_CURVE ( 'NONE', #6335, #5366, #1020, .T. ) ;
#310 = ORIENTED_EDGE ( 'NONE', *, *, #7741, .F. ) ;
#311 = CLOSED_SHELL ( 'NONE', ( #5152, #1548, #7855, #4902, #5896, #5439, #1411, #2290, #2861, #1349, #3955, #766, #1136, #7437 ) ) ;
#312 = CARTESIAN_POINT ( 'NONE',  ( -0.6464068973263199513, 3.815187165363369992, 0.1000000000000000056 ) ) ;
#313 = CARTESIAN_POINT ( 'NONE',  ( 0.7999723055581260400, 4.285696062687230246, 0.000000000000000000 ) ) ;
#314 = CARTESIAN_POINT ( 'NONE',  ( -2.290000000000000036, -1.700126330831939869, 6.624041246778779701 ) ) ;
#315 = EDGE_CURVE ( 'NONE', #6386, #5649, #1676, .T. ) ;
#316 = PLANE ( 'NONE',  #2513 ) ;
#317 = AXIS2_PLACEMENT_3D ( 'NONE', #520, #4904, #1290 ) ;
#318 = CARTESIAN_POINT ( 'NONE',  ( 2.290000000000000036, -1.700126330831939869, 6.624041246778789471 ) ) ;
#319 = DIRECTION ( 'NONE',  ( 0.7071067811865516806, -0.7071067811865433539, 0.000000000000000000 ) ) ;
#320 = EDGE_LOOP ( 'NONE', ( #7247, #171, #955, #1061 ) ) ;
#321 = EDGE_LOOP ( 'NONE', ( #6, #4153, #2315, #3430 ) ) ;
#322 = EDGE_CURVE ( 'NONE', #419, #1065, #5622, .T. ) ;
#323 = LINE ( 'NONE', #7018, #3374 ) ;
#324 = VECTOR ( 'NONE', #2743, 1000.000000000000000 ) ;
#325 = LINE ( 'NONE', #7794, #724 ) ;
#326 = CARTESIAN_POINT ( 'NONE',  ( -2.023770506913039835, 3.976789341645530218, 0.1000000000000000056 ) ) ;
#327 = CARTESIAN_POINT ( 'NONE',  ( 2.540000000000000036, -1.678252661663869993, -6.873082493557559403 ) ) ;
#328 = EDGE_CURVE ( 'NONE', #4678, #5682, #1742, .T. ) ;
#329 = CARTESIAN_POINT ( 'NONE',  ( 0.2500000000000000000, -2.713815644987700004, -7.214999999999999858 ) ) ;
#330 = AXIS2_PLACEMENT_3D ( 'NONE', #1368, #149, #4610 ) ;
#331 = B_SPLINE_CURVE_WITH_KNOTS ( 'NONE', 2,
 ( #6641, #2157, #1661, #5960 ),
 .UNSPECIFIED., .F., .F.,
 ( 3, 1, 3 ),
 ( -2.000000000000000000, -1.000000000000000000, 0.000000000000000000 ),
 .UNSPECIFIED. ) ;
#332 = CARTESIAN_POINT ( 'NONE',  ( 0.2500000000000000000, -3.000608987435080088, 7.732439118436020387 ) ) ;
#333 = DIRECTION ( 'NONE',  ( 0.000000000000000000, 1.000000000000000000, 0.000000000000000000 ) ) ;
#334 = CARTESIAN_POINT ( 'NONE',  ( -2.790000000000000036, -1.678252661663869993, -6.873082493557559403 ) ) ;
#335 = CARTESIAN_POINT ( 'NONE',  ( -2.333410801640130039, 4.059170602149990259, 0.1000000000000000056 ) ) ;
#336 = CARTESIAN_POINT ( 'NONE',  ( -0.2500000000000000000, -2.757562983323810002, -6.716917506442459995 ) ) ;
#337 = ORIENTED_EDGE ( 'NONE', *, *, #1161, .F. ) ;
#338 = AXIS2_PLACEMENT_3D ( 'NONE', #6720, #4318, #6799 ) ;
#339 = ORIENTED_EDGE ( 'NONE', *, *, #1050, .T. ) ;
#340 = ORIENTED_EDGE ( 'NONE', *, *, #1613, .F. ) ;
#341 = DIRECTION ( 'NONE',  ( 0.000000000000000000, 0.000000000000000000, 1.000000000000000000 ) ) ;
#342 = AXIS2_PLACEMENT_3D ( 'NONE', #2830, #3404, #4131 ) ;
#343 = VERTEX_POINT ( 'NONE', #7505 ) ;
#344 = FACE_OUTER_BOUND ( 'NONE', #1393, .T. ) ;
#345 = DIRECTION ( 'NONE',  ( -1.000000000000000000, 0.000000000000000000, 0.000000000000000000 ) ) ;
#346 = CARTESIAN_POINT ( 'NONE',  ( -1.546721400342430108, 3.823340976527339841, 0.000000000000000000 ) ) ;
#347 = VERTEX_POINT ( 'NONE', #1873 ) ;
#348 = VERTEX_POINT ( 'NONE', #605 ) ;
#349 = ORIENTED_EDGE ( 'NONE', *, *, #3881, .F. ) ;
#350 = EDGE_CURVE ( 'NONE', #7611, #1795, #41, .T. ) ;
#351 = AXIS2_PLACEMENT_3D ( 'NONE', #313, #5212, #5993 ) ;
#352 = SURFACE_STYLE_USAGE ( .BOTH. , #1112 ) ;
#353 = CARTESIAN_POINT ( 'NONE',  ( 0.2500000000000000000, -1.221999999999999975, -6.375000000000000000 ) ) ;
#354 = CARTESIAN_POINT ( 'NONE',  ( -2.711193422726100088, 3.627939937238269685, 0.000000000000000000 ) ) ;
#355 = LINE ( 'NONE', #7216, #3439 ) ;
#356 = CARTESIAN_POINT ( 'NONE',  ( 1.234176504014399933, 4.043906768229130755, 0.000000000000000000 ) ) ;
#357 = CARTESIAN_POINT ( 'NONE',  ( -3.391521585213531864, -3.883792513728000273, 0.000000000000000000 ) ) ;
#358 = ORIENTED_EDGE ( 'NONE', *, *, #1664, .F. ) ;
#359 = ORIENTED_EDGE ( 'NONE', *, *, #7440, .T. ) ;
#360 = EDGE_CURVE ( 'NONE', #2294, #790, #640, .T. ) ;
#361 = ADVANCED_FACE ( 'NONE', ( #6204 ), #3637, .T. ) ;
#362 = CARTESIAN_POINT ( 'NONE',  ( 1.276289954700789986, 3.899414066736159867, 0.000000000000000000 ) ) ;
#363 = DIRECTION ( 'NONE',  ( 1.000000000000000000, 0.000000000000000000, 0.000000000000000000 ) ) ;
#364 = VECTOR ( 'NONE', #7631, 1000.000000000000000 ) ;
#365 = CARTESIAN_POINT ( 'NONE',  ( 0.4282121891540919822, 3.349760925880980178, 0.1000000000000000056 ) ) ;
#366 = EDGE_CURVE ( 'NONE', #2216, #587, #4622, .T. ) ;
#367 = CARTESIAN_POINT ( 'NONE',  ( 4.431932583704670137, 0.07680367431158299785, 6.006932583704670314 ) ) ;
#368 = CARTESIAN_POINT ( 'NONE',  ( 3.968067416295329330, 0.07680367431158319214, -6.006932583704670314 ) ) ;
#369 = CARTESIAN_POINT ( 'NONE',  ( -2.790000000000000036, -3.212597670117609994, 7.180121763127949919 ) ) ;
#370 = B_SPLINE_CURVE_WITH_KNOTS ( 'NONE', 2,
 ( #7174, #7214, #6475, #4029 ),
 .UNSPECIFIED., .F., .F.,
 ( 3, 1, 3 ),
 ( 0.000000000000000000, 1.000000000000000000, 2.000000000000000000 ),
 .UNSPECIFIED. ) ;
#371 = VECTOR ( 'NONE', #474, 1000.000000000000000 ) ;
#372 = EDGE_CURVE ( 'NONE', #4508, #485, #725, .T. ) ;
#373 = DIRECTION ( 'NONE',  ( 0.000000000000000000, 0.000000000000000000, -1.000000000000000000 ) ) ;
#374 = CARTESIAN_POINT ( 'NONE',  ( -0.3073210099031090103, 3.900866254690860124, 0.1000000000000000056 ) ) ;
#375 = SURFACE_STYLE_USAGE ( .BOTH. , #980 ) ;
#376 = CARTESIAN_POINT ( 'NONE',  ( 0.9335735973908250163, 3.563958649199709949, 0.000000000000000000 ) ) ;
#377 = B_SPLINE_SURFACE_WITH_KNOTS ( 'NONE', 2, 1, ( 
 ( #3718, #6243 ),
 ( #680, #3181 ),
 ( #5668, #81 ),
 ( #2570, #7543 ) ),
 .UNSPECIFIED., .F., .F., .F.,
 ( 3, 1, 3 ),
 ( 2, 2 ),
 ( -2.000000000000000000, -1.000000000000000000, 0.000000000000000000 ),
 ( 0.000000000000000000, 0.01000000000000000021 ),
 .UNSPECIFIED. ) ;
#378 = ORIENTED_EDGE ( 'NONE', *, *, #7758, .T. ) ;
#379 = ORIENTED_EDGE ( 'NONE', *, *, #5487, .F. ) ;
#380 = VERTEX_POINT ( 'NONE', #1829 ) ;
#381 = PLANE ( 'NONE',  #7849 ) ;
#382 = ORIENTED_EDGE ( 'NONE', *, *, #959, .F. ) ;
#383 = LINE ( 'NONE', #6018, #5124 ) ;
#384 = DIRECTION ( 'NONE',  ( 0.000000000000000000, -1.000000000000000000, 0.000000000000000000 ) ) ;
#385 = PLANE ( 'NONE',  #7907 ) ;
#386 = ORIENTED_EDGE ( 'NONE', *, *, #2496, .F. ) ;
#387 = ORIENTED_EDGE ( 'NONE', *, *, #7884, .T. ) ;
#388 = ORIENTED_EDGE ( 'NONE', *, *, #5889, .T. ) ;
#389 = LINE ( 'NONE', #3616, #5567 ) ;
#390 = DIRECTION ( 'NONE',  ( -1.000000000000000000, 0.000000000000000000, 0.000000000000000000 ) ) ;
#391 = CARTESIAN_POINT ( 'NONE',  ( 4.391596839026767896, 0.1642986682315976665, -0.03202115314193899887 ) ) ;
#392 = DIRECTION ( 'NONE',  ( 0.000000000000000000, 0.000000000000000000, 1.000000000000000000 ) ) ;
#393 = CARTESIAN_POINT ( 'NONE',  ( 5.080000000000000071, -3.250000000000039968, 7.714999999999999858 ) ) ;
#394 = ORIENTED_EDGE ( 'NONE', *, *, #1889, .F. ) ;
#395 = ORIENTED_EDGE ( 'NONE', *, *, #7340, .T. ) ;
#396 = CARTESIAN_POINT ( 'NONE',  ( -0.2500000000000000000, -1.221999999999999975, 6.074999999999999289 ) ) ;
#397 = DIRECTION ( 'NONE',  ( 0.7071067811865520136, 0.000000000000000000, 0.7071067811865431318 ) ) ;
#398 =( NAMED_UNIT ( * ) SI_UNIT ( $, .STERADIAN. ) SOLID_ANGLE_UNIT ( ) );
#399 = ADVANCED_FACE ( 'NONE', ( #2407 ), #6859, .T. ) ;
#400 = CARTESIAN_POINT ( 'NONE',  ( 0.02305174979188250040, 3.548710675675319948, 0.000000000000000000 ) ) ;
#401 = FACE_OUTER_BOUND ( 'NONE', #1041, .T. ) ;
#402 = EDGE_CURVE ( 'NONE', #2199, #7312, #3658, .T. ) ;
#403 = CARTESIAN_POINT ( 'NONE',  ( 1.248698383561429814, 3.331608576447190107, 0.1000000000000000056 ) ) ;
#404 = CARTESIAN_POINT ( 'NONE',  ( -1.322416942980848775, 4.407542798501773440, 0.1000000000000000056 ) ) ;
#405 = AXIS2_PLACEMENT_3D ( 'NONE', #6896, #6275, #7540 ) ;
#406 = CARTESIAN_POINT ( 'NONE',  ( -2.790000000000000036, -1.721999999999999975, 6.375000000000000000 ) ) ;
#407 = EDGE_CURVE ( 'NONE', #7575, #4752, #7471, .T. ) ;
#408 = CARTESIAN_POINT ( 'NONE',  ( 1.092588178430830004, 3.331608576447190107, 0.000000000000000000 ) ) ;
#409 = VERTEX_POINT ( 'NONE', #562 ) ;
#410 = ORIENTED_EDGE ( 'NONE', *, *, #5429, .F. ) ;
#411 = VERTEX_POINT ( 'NONE', #3104 ) ;
#412 = EDGE_CURVE ( 'NONE', #7936, #7063, #3792, .T. ) ;
#413 = CIRCLE ( 'NONE', #5621, 0.4999999999999995559 ) ;
#414 = CARTESIAN_POINT ( 'NONE',  ( -0.7393469264273279107, 4.078759279142010641, 0.1000000000000000056 ) ) ;
#415 = ORIENTED_EDGE ( 'NONE', *, *, #2301, .F. ) ;
#416 = FACE_OUTER_BOUND ( 'NONE', #5651, .T. ) ;
#417 = CIRCLE ( 'NONE', #1990, 0.4999999999999995559 ) ;
#418 = FACE_OUTER_BOUND ( 'NONE', #1982, .T. ) ;
#419 = VERTEX_POINT ( 'NONE', #7463 ) ;
#420 = ORIENTED_EDGE ( 'NONE', *, *, #1198, .T. ) ;
#421 = ORIENTED_EDGE ( 'NONE', *, *, #2772, .T. ) ;
#422 = EDGE_CURVE ( 'NONE', #265, #5443, #3759, .T. ) ;
#423 = FACE_OUTER_BOUND ( 'NONE', #5246, .T. ) ;
#424 = CARTESIAN_POINT ( 'NONE',  ( -0.7712950614308000663, 3.349760925880980178, 0.1000000000000000056 ) ) ;
#425 = AXIS2_PLACEMENT_3D ( 'NONE', #842, #5174, #7660 ) ;
#426 = CYLINDRICAL_SURFACE ( 'NONE', #6866, 0.05250000000000036582 ) ;
#427 = DIRECTION ( 'NONE',  ( 0.000000000000000000, -1.000000000000000000, 4.440892098500630895E-15 ) ) ;
#428 = CARTESIAN_POINT ( 'NONE',  ( -2.845182771650265341, 3.031407143868587895, 0.1000000000000000056 ) ) ;
#429 = CARTESIAN_POINT ( 'NONE',  ( 0.2500000000000000000, -1.471999999999999975, 6.375000000000000000 ) ) ;
#430 = ORIENTED_EDGE ( 'NONE', *, *, #1429, .T. ) ;
#431 = ORIENTED_EDGE ( 'NONE', *, *, #1306, .F. ) ;
#432 = ORIENTED_EDGE ( 'NONE', *, *, #4679, .T. ) ;
#433 = CARTESIAN_POINT ( 'NONE',  ( 2.100406618994890007, 3.351213113835679991, 0.000000000000000000 ) ) ;
#434 = CARTESIAN_POINT ( 'NONE',  ( 3.877183391326589845, -2.876803674311580572, -6.001377359100669828 ) ) ;
#435 = DIRECTION ( 'NONE',  ( 0.000000000000000000, 0.000000000000000000, 1.000000000000000000 ) ) ;
#436 = VECTOR ( 'NONE', #4376, 1000.000000000000000 ) ;
#437 = B_SPLINE_SURFACE_WITH_KNOTS ( 'NONE', 2, 1, ( 
 ( #6815, #2525 ),
 ( #5018, #1250 ),
 ( #3099, #4332 ),
 ( #7460, #2441 ) ),
 .UNSPECIFIED., .F., .F., .F.,
 ( 3, 1, 3 ),
 ( 2, 2 ),
 ( -2.000000000000000000, -1.000000000000000000, 0.000000000000000000 ),
 ( 0.000000000000000000, 0.01000000000000000021 ),
 .UNSPECIFIED. ) ;
#438 = CARTESIAN_POINT ( 'NONE',  ( -3.766115253892839743, -3.883792513728000273, 0.1000000000000000056 ) ) ;
#439 = DIRECTION ( 'NONE',  ( 0.000000000000000000, -0.9961649871150950464, 0.08749467667225489798 ) ) ;
#440 = AXIS2_PLACEMENT_3D ( 'NONE', #3965, #7639, #2049 ) ;
#441 = EDGE_CURVE ( 'NONE', #4522, #1196, #3066, .T. ) ;
#442 = CARTESIAN_POINT ( 'NONE',  ( -0.2500000000000000000, -1.221999999999999975, 6.375000000000000000 ) ) ;
#443 = CARTESIAN_POINT ( 'NONE',  ( -1.357936258902269877, 3.737185443644290395, 0.000000000000000000 ) ) ;
#444 = CARTESIAN_POINT ( 'NONE',  ( -0.7618201892334030001, 3.822575185012120347, 0.1000000000000000056 ) ) ;
#445 = AXIS2_PLACEMENT_3D ( 'NONE', #6343, #2466, #4959 ) ;
#446 = CARTESIAN_POINT ( 'NONE',  ( 2.218759937303210084, 3.723699324217069950, 0.1000000000000000056 ) ) ;
#447 = ORIENTED_EDGE ( 'NONE', *, *, #1940, .T. ) ;
#448 = ORIENTED_EDGE ( 'NONE', *, *, #597, .T. ) ;
#449 = ORIENTED_EDGE ( 'NONE', *, *, #2917, .T. ) ;
#450 = ADVANCED_FACE ( 'NONE', ( #2445 ), #377, .T. ) ;
#451 = VECTOR ( 'NONE', #2041, 1000.000000000000114 ) ;
#452 = EDGE_CURVE ( 'NONE', #5453, #1133, #3022, .T. ) ;
#453 = LINE ( 'NONE', #5551, #3291 ) ;
#454 = ORIENTED_EDGE ( 'NONE', *, *, #120, .T. ) ;
#455 = CARTESIAN_POINT ( 'NONE',  ( -4.500000000000000000, -1.221999999999999975, -6.074999999999999289 ) ) ;
#456 = VECTOR ( 'NONE', #258, 1000.000000000000000 ) ;
#457 = EDGE_CURVE ( 'NONE', #2672, #7933, #7021, .T. ) ;
#458 = VECTOR ( 'NONE', #7255, 1000.000000000000000 ) ;
#459 = CARTESIAN_POINT ( 'NONE',  ( 1.907265621019359925, 4.046811144138540151, 0.000000000000000000 ) ) ;
#460 = VERTEX_POINT ( 'NONE', #243 ) ;
#461 = ORIENTED_EDGE ( 'NONE', *, *, #543, .F. ) ;
#462 = ORIENTED_EDGE ( 'NONE', *, *, #7650, .F. ) ;
#463 = CARTESIAN_POINT ( 'NONE',  ( -0.7553209939290640440, 3.810104507521910211, 0.000000000000000000 ) ) ;
#464 = AXIS2_PLACEMENT_3D ( 'NONE', #2456, #1841, #4346 ) ;
#465 = CARTESIAN_POINT ( 'NONE',  ( 2.790000000000000036, -3.212597670117609994, 7.180121763127949919 ) ) ;
#466 = CARTESIAN_POINT ( 'NONE',  ( 0.03321706547480530319, 3.527653950332130250, 0.000000000000000000 ) ) ;
#467 = CARTESIAN_POINT ( 'NONE',  ( 1.920335312611689993, 3.484088311691030171, 0.000000000000000000 ) ) ;
#468 = EDGE_CURVE ( 'NONE', #5569, #5261, #1375, .T. ) ;
#469 = DIRECTION ( 'NONE',  ( 0.000000000000000000, 0.000000000000000000, 1.000000000000000000 ) ) ;
#470 = ORIENTED_EDGE ( 'NONE', *, *, #7427, .T. ) ;
#471 = VECTOR ( 'NONE', #2030, 1000.000000000000000 ) ;
#472 = VERTEX_POINT ( 'NONE', #4492 ) ;
#473 = ORIENTED_EDGE ( 'NONE', *, *, #6160, .T. ) ;
#474 = DIRECTION ( 'NONE',  ( -1.000000000000000000, 0.000000000000000000, 0.000000000000000000 ) ) ;
#475 = CARTESIAN_POINT ( 'NONE',  ( -4.500000000000000000, -1.471999999999999975, 6.074999999999999289 ) ) ;
#476 = CARTESIAN_POINT ( 'NONE',  ( 2.183907426390330198, 3.561780367267649794, 0.000000000000000000 ) ) ;
#477 = VECTOR ( 'NONE', #7422, 1000.000000000000000 ) ;
#478 = DIRECTION ( 'NONE',  ( -1.000000000000000000, 0.000000000000000000, 0.000000000000000000 ) ) ;
#479 = DIRECTION ( 'NONE',  ( 0.000000000000000000, 0.000000000000000000, 1.000000000000000000 ) ) ;
#480 = CARTESIAN_POINT ( 'NONE',  ( -0.5382188947009269864, 3.957501584924290050, 0.000000000000000000 ) ) ;
#481 = DIRECTION ( 'NONE',  ( 0.7257516997857471619, -0.6879567357458599153, 0.000000000000000000 ) ) ;
#482 = CARTESIAN_POINT ( 'NONE',  ( -0.7393469264273279107, 4.078759279142010641, 0.000000000000000000 ) ) ;
#483 = AXIS2_PLACEMENT_3D ( 'NONE', #442, #6006, #6043 ) ;
#484 = ADVANCED_FACE ( 'NONE', ( #7670 ), #2081, .T. ) ;
#485 = VERTEX_POINT ( 'NONE', #6980 ) ;
#486 = ORIENTED_EDGE ( 'NONE', *, *, #7630, .T. ) ;
#487 = VECTOR ( 'NONE', #3421, 1000.000000000000000 ) ;
#488 = PRODUCT_RELATED_PRODUCT_CATEGORY ( 'part', '', ( #5391 ) ) ;
#489 = CARTESIAN_POINT ( 'NONE',  ( -0.5992107887984640113, 4.060606929708220569, 0.000000000000000000 ) ) ;
#490 = VERTEX_POINT ( 'NONE', #4453 ) ;
#491 = FACE_OUTER_BOUND ( 'NONE', #6216, .T. ) ;
#492 = SHAPE_REPRESENTATION ( 'Pulse Logo.step', ( #1670 ), #5577 ) ;
#493 = EDGE_CURVE ( 'NONE', #6831, #1480, #7104, .T. ) ;
#494 = CARTESIAN_POINT ( 'NONE',  ( 1.907265621019359925, 4.046811144138540151, 0.1000000000000000056 ) ) ;
#495 = EDGE_CURVE ( 'NONE', #5681, #4266, #5711, .T. ) ;
#496 = LINE ( 'NONE', #5476, #6472 ) ;
#497 = ORIENTED_EDGE ( 'NONE', *, *, #4488, .T. ) ;
#498 = EDGE_LOOP ( 'NONE', ( #3889, #1549, #5232, #7140 ) ) ;
#499 = ORIENTED_EDGE ( 'NONE', *, *, #300, .T. ) ;
#500 = LINE ( 'NONE', #6753, #1390 ) ;
#501 = EDGE_CURVE ( 'NONE', #3969, #7277, #2776, .T. ) ;
#502 = DIRECTION ( 'NONE',  ( 1.000000000000000000, 0.000000000000000000, 0.000000000000000000 ) ) ;
#503 = FACE_OUTER_BOUND ( 'NONE', #4692, .T. ) ;
#504 = FACE_OUTER_BOUND ( 'NONE', #5000, .T. ) ;
#505 = DIRECTION ( 'NONE',  ( 0.000000000000000000, 1.000000000000000000, -3.469446951953610245E-15 ) ) ;
#506 = CARTESIAN_POINT ( 'NONE',  ( -2.790000000000000036, -1.221999999999999975, -6.074999999999999289 ) ) ;
#507 = VERTEX_POINT ( 'NONE', #5093 ) ;
#508 = ORIENTED_EDGE ( 'NONE', *, *, #6046, .T. ) ;
#509 = ORIENTED_EDGE ( 'NONE', *, *, #7743, .T. ) ;
#510 = EDGE_CURVE ( 'NONE', #3818, #4133, #852, .T. ) ;
#511 = LINE ( 'NONE', #3010, #4684 ) ;
#512 = DIRECTION ( 'NONE',  ( 0.000000000000000000, 0.000000000000000000, 1.000000000000000000 ) ) ;
#513 = FACE_OUTER_BOUND ( 'NONE', #578, .T. ) ;
#514 = DIRECTION ( 'NONE',  ( 0.000000000000000000, 0.000000000000000000, 1.000000000000000000 ) ) ;
#515 = CARTESIAN_POINT ( 'NONE',  ( 1.368503889824450148, 3.871822495596799918, 0.1000000000000000056 ) ) ;
#516 = ORIENTED_EDGE ( 'NONE', *, *, #4806, .F. ) ;
#517 = CARTESIAN_POINT ( 'NONE',  ( -1.357936258902269877, 3.823340976527330071, 0.000000000000000000 ) ) ;
#518 = CARTESIAN_POINT ( 'NONE',  ( -1.357936258902269877, 3.737185443644290395, 0.1000000000000000056 ) ) ;
#519 = CARTESIAN_POINT ( 'NONE',  ( -4.500000000000000000, -3.000000000000000000, 5.994920913255509021 ) ) ;
#520 = CARTESIAN_POINT ( 'NONE',  ( 2.540000000000000036, -1.721999999999999975, 6.375000000000000000 ) ) ;
#521 = CARTESIAN_POINT ( 'NONE',  ( -2.290000000000000036, -2.963206657552649670, 7.197560881563970447 ) ) ;
#522 = ORIENTED_EDGE ( 'NONE', *, *, #5412, .T. ) ;
#523 = VERTEX_POINT ( 'NONE', #3350 ) ;
#524 =( BOUNDED_CURVE ( )  B_SPLINE_CURVE ( 3, ( #2397, #1866, #2520, #6123 ),
 .UNSPECIFIED., .F., .F. ) 
 B_SPLINE_CURVE_WITH_KNOTS ( ( 4, 4 ),
 ( 4.712388980384752735, 6.230825429619830658 ),
 .UNSPECIFIED. ) 
 CURVE ( )  GEOMETRIC_REPRESENTATION_ITEM ( )  RATIONAL_B_SPLINE_CURVE ( ( 1.000000000000000000, 0.8169162473415225723, 0.8169162473415225723, 1.000000000000000000 ) ) 
 REPRESENTATION_ITEM ( '' )  );
#525 = CIRCLE ( 'NONE', #5484, 0.2500000000000002220 ) ;
#526 = STYLED_ITEM ( 'NONE', ( #5794 ), #4273 ) ;
#527 = CARTESIAN_POINT ( 'NONE',  ( -0.5774279694779149708, 3.846409206389489910, 0.1000000000000000056 ) ) ;
#528 = ORIENTED_EDGE ( 'NONE', *, *, #114, .F. ) ;
#529 = CARTESIAN_POINT ( 'NONE',  ( 4.296555519582589966, -3.000000000000000000, 5.994920913255509021 ) ) ;
#530 = CARTESIAN_POINT ( 'NONE',  ( 1.216750248557959990, 3.780334654450490106, 0.1000000000000000056 ) ) ;
#531 = CARTESIAN_POINT ( 'NONE',  ( 1.735907442364380104, 4.046811144138540151, 0.1000000000000000056 ) ) ;
#532 = EDGE_LOOP ( 'NONE', ( #2995, #854, #4462, #2911 ) ) ;
#533 = ORIENTED_EDGE ( 'NONE', *, *, #4795, .F. ) ;
#534 = AXIS2_PLACEMENT_3D ( 'NONE', #4529, #3944, #188 ) ;
#535 = VERTEX_POINT ( 'NONE', #5139 ) ;
#536 = LINE ( 'NONE', #3229, #1533 ) ;
#537 = EDGE_CURVE ( 'NONE', #4026, #3802, #1997, .T. ) ;
#538 = CARTESIAN_POINT ( 'NONE',  ( 3.877183391326599615, -2.876803674311580572, 5.502153264050679837 ) ) ;
#539 = LINE ( 'NONE', #6793, #4468 ) ;
#540 = VECTOR ( 'NONE', #7744, 1000.000000000000000 ) ;
#541 = CARTESIAN_POINT ( 'NONE',  ( -2.325092351968022442, 3.813781894059538935, 0.000000000000000000 ) ) ;
#542 = CARTESIAN_POINT ( 'NONE',  ( -3.877183391326589845, -2.876803674311580572, 6.001377359100669828 ) ) ;
#543 = EDGE_CURVE ( 'NONE', #1769, #1165, #6401, .T. ) ;
#544 = ORIENTED_EDGE ( 'NONE', *, *, #6544, .F. ) ;
#545 = VERTEX_POINT ( 'NONE', #770 ) ;
#546 = ORIENTED_EDGE ( 'NONE', *, *, #2489, .F. ) ;
#547 = VECTOR ( 'NONE', #5583, 1000.000000000000114 ) ;
#548 = CARTESIAN_POINT ( 'NONE',  ( 2.218759937303210084, 3.723699324217069950, 0.000000000000000000 ) ) ;
#549 = EDGE_CURVE ( 'NONE', #6939, #1028, #6698, .T. ) ;
#550 = CARTESIAN_POINT ( 'NONE',  ( 1.168101952075400130, 3.476101277940159662, 0.000000000000000000 ) ) ;
#551 = ADVANCED_FACE ( 'NONE', ( #6320 ), #4000, .T. ) ;
#552 = PLANE ( 'NONE',  #662 ) ;
#553 = CIRCLE ( 'NONE', #7991, 0.1299999999999998934 ) ;
#554 = FACE_OUTER_BOUND ( 'NONE', #2603, .T. ) ;
#555 = DIRECTION ( 'NONE',  ( 0.000000000000000000, -0.9961649871150950464, -0.08749467667225489798 ) ) ;
#556 = EDGE_CURVE ( 'NONE', #6821, #3034, #1085, .T. ) ;
#557 = VERTEX_POINT ( 'NONE', #200 ) ;
#558 = LINE ( 'NONE', #480, #4277 ) ;
#559 = AXIS2_PLACEMENT_3D ( 'NONE', #3441, #5314, #1596 ) ;
#560 = DIRECTION ( 'NONE',  ( -1.000000000000000000, 0.000000000000000000, 0.000000000000000000 ) ) ;
#561 = FACE_OUTER_BOUND ( 'NONE', #4560, .T. ) ;
#562 = CARTESIAN_POINT ( 'NONE',  ( -0.9963841944098049686, 4.245760893932890134, 0.1000000000000000056 ) ) ;
#563 = CARTESIAN_POINT ( 'NONE',  ( 0.2500000000000000000, -1.700126330831939869, 6.624041246778789471 ) ) ;
#564 = EDGE_CURVE ( 'NONE', #6939, #6460, #5183, .T. ) ;
#565 = VECTOR ( 'NONE', #3, 1000.000000000000000 ) ;
#566 = B_SPLINE_SURFACE_WITH_KNOTS ( 'NONE', 2, 1, ( 
 ( #5029, #2580 ),
 ( #5067, #4385 ),
 ( #4951, #7432 ),
 ( #5555, #1839 ) ),
 .UNSPECIFIED., .F., .F., .F.,
 ( 3, 1, 3 ),
 ( 2, 2 ),
 ( 0.000000000000000000, 1.000000000000000000, 2.000000000000000000 ),
 ( 0.000000000000000000, 0.01000000000000000021 ),
 .UNSPECIFIED. ) ;
#567 = ORIENTED_EDGE ( 'NONE', *, *, #6993, .F. ) ;
#568 = ORIENTED_EDGE ( 'NONE', *, *, #4714, .F. ) ;
#569 = VECTOR ( 'NONE', #7595, 1000.000000000000000 ) ;
#570 = DIRECTION ( 'NONE',  ( 1.000000000000000000, 0.000000000000000000, 0.000000000000000000 ) ) ;
#571 = CARTESIAN_POINT ( 'NONE',  ( -4.426377359100680309, -2.876803674311580572, 6.001377359100669828 ) ) ;
#572 = LINE ( 'NONE', #3074, #4743 ) ;
#573 = LINE ( 'NONE', #736, #5141 ) ;
#574 = CARTESIAN_POINT ( 'NONE',  ( 0.008529870244849970320, 3.330882482469830208, 0.000000000000000000 ) ) ;
#575 = ORIENTED_EDGE ( 'NONE', *, *, #5637, .T. ) ;
#576 = COLOUR_RGB ( '',1.000000000000000000, 1.000000000000000000, 1.000000000000000000 ) ;
#577 = VERTEX_POINT ( 'NONE', #7627 ) ;
#578 = EDGE_LOOP ( 'NONE', ( #3491, #5302, #5721, #3210 ) ) ;
#579 = CARTESIAN_POINT ( 'NONE',  ( 2.290000000000000036, -1.678252661663869993, -6.873082493557559403 ) ) ;
#580 = FACE_OUTER_BOUND ( 'NONE', #4217, .T. ) ;
#581 = VECTOR ( 'NONE', #7798, 1000.000000000000000 ) ;
#582 = DIRECTION ( 'NONE',  ( 0.000000000000000000, -1.000000000000000000, 0.000000000000000000 ) ) ;
#583 = CARTESIAN_POINT ( 'NONE',  ( -0.3073210099031090103, 3.963310336743099960, 0.000000000000000000 ) ) ;
#584 = DIRECTION ( 'NONE',  ( 0.000000000000000000, 0.000000000000000000, 1.000000000000000000 ) ) ;
#585 = ORIENTED_EDGE ( 'NONE', *, *, #1771, .T. ) ;
#586 = EDGE_CURVE ( 'NONE', #6711, #7527, #282, .T. ) ;
#587 = VERTEX_POINT ( 'NONE', #6488 ) ;
#588 = ORIENTED_EDGE ( 'NONE', *, *, #6005, .T. ) ;
#589 = VECTOR ( 'NONE', #6918, 1000.000000000000000 ) ;
#590 = CARTESIAN_POINT ( 'NONE',  ( 1.124536313434300050, 3.476101277940159662, 0.1000000000000000056 ) ) ;
#591 = DIRECTION ( 'NONE',  ( 0.000000000000000000, 0.000000000000000000, 1.000000000000000000 ) ) ;
#592 = CARTESIAN_POINT ( 'NONE',  ( 0.2500000000000000000, -3.212597670117609994, -7.180121763127949919 ) ) ;
#593 = AXIS2_PLACEMENT_3D ( 'NONE', #7208, #7126, #7279 ) ;
#594 = CARTESIAN_POINT ( 'NONE',  ( -2.290000000000000036, -1.221999999999999975, 6.375000000000000000 ) ) ;
#595 = LINE ( 'NONE', #1164, #3975 ) ;
#596 = ORIENTED_EDGE ( 'NONE', *, *, #5739, .F. ) ;
#597 = EDGE_CURVE ( 'NONE', #3045, #5071, #5542, .T. ) ;
#598 = EDGE_CURVE ( 'NONE', #5233, #3208, #894, .T. ) ;
#599 = LINE ( 'NONE', #2522, #1828 ) ;
#600 = VECTOR ( 'NONE', #701, 1000.000000000000114 ) ;
#601 = EDGE_CURVE ( 'NONE', #7737, #4522, #5969, .T. ) ;
#602 =( NAMED_UNIT ( * ) PLANE_ANGLE_UNIT ( ) SI_UNIT ( $, .RADIAN. ) );
#603 = DIRECTION ( 'NONE',  ( 0.7071067811865495711, 0.7071067811865454633, 0.000000000000000000 ) ) ;
#604 = B_SPLINE_CURVE_WITH_KNOTS ( 'NONE', 2,
 ( #6016, #1137, #3566, #2912 ),
 .UNSPECIFIED., .F., .F.,
 ( 3, 1, 3 ),
 ( -2.000000000000000000, -1.000000000000000000, 0.000000000000000000 ),
 .UNSPECIFIED. ) ;
#605 = CARTESIAN_POINT ( 'NONE',  ( -2.213120261634973218, 4.012547652746590643, 0.000000000000000000 ) ) ;
#606 = DIRECTION ( 'NONE',  ( -1.000000000000000000, 0.000000000000000000, 0.000000000000000000 ) ) ;
#607 = VERTEX_POINT ( 'NONE', #367 ) ;
#608 = ORIENTED_EDGE ( 'NONE', *, *, #2554, .F. ) ;
#609 = EDGE_CURVE ( 'NONE', #7780, #2224, #1951, .T. ) ;
#610 = CARTESIAN_POINT ( 'NONE',  ( 2.290000000000000036, -3.250000000000039968, -7.714999999999999858 ) ) ;
#611 = MECHANICAL_DESIGN_GEOMETRIC_PRESENTATION_REPRESENTATION (  '', ( #3624 ), #2573 ) ;
#612 = ORIENTED_EDGE ( 'NONE', *, *, #7164, .F. ) ;
#613 = CARTESIAN_POINT ( 'NONE',  ( 2.790000000000000036, -3.250000000000039968, -7.714999999999999858 ) ) ;
#614 = LINE ( 'NONE', #5596, #5658 ) ;
#615 = CARTESIAN_POINT ( 'NONE',  ( 2.790000000000000036, -3.000608987435080088, -7.732439118436020387 ) ) ;
#616 = ORIENTED_EDGE ( 'NONE', *, *, #7912, .T. ) ;
#617 = ORIENTED_EDGE ( 'NONE', *, *, #2160, .F. ) ;
#618 = VECTOR ( 'NONE', #3503, 1000.000000000000000 ) ;
#619 = VERTEX_POINT ( 'NONE', #7797 ) ;
#620 = SURFACE_STYLE_USAGE ( .BOTH. , #6913 ) ;
#621 = FACE_OUTER_BOUND ( 'NONE', #4456, .T. ) ;
#622 = CARTESIAN_POINT ( 'NONE',  ( 1.907265621019359925, 4.046811144138540151, 0.1000000000000000056 ) ) ;
#623 = B_SPLINE_CURVE_WITH_KNOTS ( 'NONE', 2,
 ( #4503, #1461, #2662, #7635 ),
 .UNSPECIFIED., .F., .F.,
 ( 3, 1, 3 ),
 ( 0.000000000000000000, 1.000000000000000000, 2.000000000000000000 ),
 .UNSPECIFIED. ) ;
#624 = CARTESIAN_POINT ( 'NONE',  ( 4.391596839026767896, 0.1642986682315976665, -5.583403160973242407 ) ) ;
#625 = CARTESIAN_POINT ( 'NONE',  ( 2.790000000000000036, -1.221999999999999975, -6.074999999999999289 ) ) ;
#626 = CARTESIAN_POINT ( 'NONE',  ( 2.790000000000000036, -1.700126330831939869, 6.624041246778789471 ) ) ;
#627 = VERTEX_POINT ( 'NONE', #1087 ) ;
#628 = ORIENTED_EDGE ( 'NONE', *, *, #7050, .T. ) ;
#629 = EDGE_LOOP ( 'NONE', ( #7822, #5817, #730, #6091 ) ) ;
#630 = CARTESIAN_POINT ( 'NONE',  ( 1.168101952075400130, 3.476101277940159662, 0.1000000000000000056 ) ) ;
#631 = LINE ( 'NONE', #5127, #1119 ) ;
#632 = FACE_OUTER_BOUND ( 'NONE', #2960, .T. ) ;
#633 = B_SPLINE_SURFACE_WITH_KNOTS ( 'NONE', 2, 1, ( 
 ( #7920, #3636 ),
 ( #3524, #6127 ),
 ( #2288, #7230 ),
 ( #2405, #4167 ) ),
 .UNSPECIFIED., .F., .F., .F.,
 ( 3, 1, 3 ),
 ( 2, 2 ),
 ( 0.000000000000000000, 1.000000000000000000, 2.000000000000000000 ),
 ( 0.000000000000000000, 0.01000000000000000021 ),
 .UNSPECIFIED. ) ;
#634 = LINE ( 'NONE', #3133, #5389 ) ;
#635 = LINE ( 'NONE', #3134, #7109 ) ;
#636 = ORIENTED_EDGE ( 'NONE', *, *, #6713, .F. ) ;
#637 = FACE_OUTER_BOUND ( 'NONE', #7608, .T. ) ;
#638 = ADVANCED_FACE ( 'NONE', ( #5310 ), #6083, .T. ) ;
#639 = CARTESIAN_POINT ( 'NONE',  ( 1.419330468239069942, 3.727329794103820149, 0.000000000000000000 ) ) ;
#640 = LINE ( 'NONE', #1212, #5650 ) ;
#641 = CARTESIAN_POINT ( 'NONE',  ( 2.100406618994890007, 3.351213113835679991, 0.1000000000000000056 ) ) ;
#642 = EDGE_CURVE ( 'NONE', #2792, #2611, #7185, .T. ) ;
#643 = VERTEX_POINT ( 'NONE', #5382 ) ;
#644 = ORIENTED_EDGE ( 'NONE', *, *, #161, .F. ) ;
#645 = VECTOR ( 'NONE', #676, 1000.000000000000000 ) ;
#646 = EDGE_CURVE ( 'NONE', #94, #267, #5422, .T. ) ;
#647 = CARTESIAN_POINT ( 'NONE',  ( 3.899999999999999911, 0.000000000000000000, -6.074999999999999289 ) ) ;
#648 = CARTESIAN_POINT ( 'NONE',  ( 1.180445549690380069, 3.598085066135229937, 0.000000000000000000 ) ) ;
#649 = DIRECTION ( 'NONE',  ( 0.000000000000000000, 0.000000000000000000, 1.000000000000000000 ) ) ;
#650 = DIRECTION ( 'NONE',  ( 1.000000000000000000, 0.000000000000000000, 0.000000000000000000 ) ) ;
#651 = CARTESIAN_POINT ( 'NONE',  ( 3.877183391326599615, -2.876803674311580572, 6.001377359100669828 ) ) ;
#652 = ADVANCED_FACE ( 'NONE', ( #6652 ), #8044, .T. ) ;
#653 = VERTEX_POINT ( 'NONE', #4744 ) ;
#654 = ORIENTED_EDGE ( 'NONE', *, *, #714, .T. ) ;
#655 = VECTOR ( 'NONE', #2008, 1000.000000000000114 ) ;
#656 = ORIENTED_EDGE ( 'NONE', *, *, #1651, .F. ) ;
#657 = DIRECTION ( 'NONE',  ( 1.000000000000000000, 0.000000000000000000, 0.000000000000000000 ) ) ;
#658 = LINE ( 'NONE', #2543, #7582 ) ;
#659 = LINE ( 'NONE', #6877, #2145 ) ;
#660 = DIRECTION ( 'NONE',  ( 0.000000000000000000, -7.228014483236570338E-16, -1.000000000000000000 ) ) ;
#661 =( LENGTH_UNIT ( ) NAMED_UNIT ( * ) SI_UNIT ( .MILLI., .METRE. ) );
#662 = AXIS2_PLACEMENT_3D ( 'NONE', #8027, #3747, #1124 ) ;
#663 = DIRECTION ( 'NONE',  ( 0.000000000000000000, 0.000000000000000000, 1.000000000000000000 ) ) ;
#664 = EDGE_CURVE ( 'NONE', #3126, #44, #46, .T. ) ;
#665 = ORIENTED_EDGE ( 'NONE', *, *, #6206, .F. ) ;
#666 = ORIENTED_EDGE ( 'NONE', *, *, #7103, .F. ) ;
#667 = ORIENTED_EDGE ( 'NONE', *, *, #3998, .T. ) ;
#668 = CARTESIAN_POINT ( 'NONE',  ( 1.950831259660459782, 3.911757664351140029, 0.000000000000000000 ) ) ;
#669 = VECTOR ( 'NONE', #4315, 1000.000000000000000 ) ;
#670 = CARTESIAN_POINT ( 'NONE',  ( -2.845182771650265341, 3.031407143868587895, 0.000000000000000000 ) ) ;
#671 = FACE_OUTER_BOUND ( 'NONE', #286, .T. ) ;
#672 = CARTESIAN_POINT ( 'NONE',  ( 1.021430968650369975, 3.509501600898329965, 0.1000000000000000056 ) ) ;
#673 = CARTESIAN_POINT ( 'NONE',  ( -4.140708922572147621, -3.883792513728000273, 0.000000000000000000 ) ) ;
#674 = ORIENTED_EDGE ( 'NONE', *, *, #2906, .T. ) ;
#675 = VECTOR ( 'NONE', #7154, 1000.000000000000000 ) ;
#676 = DIRECTION ( 'NONE',  ( 0.000000000000000000, 0.000000000000000000, 1.000000000000000000 ) ) ;
#677 = LINE ( 'NONE', #5793, #4329 ) ;
#678 = UNCERTAINTY_MEASURE_WITH_UNIT (LENGTH_MEASURE( 1.000000000000000082E-05 ), #810, 'distance_accuracy_value', 'NONE');
#679 = VECTOR ( 'NONE', #6300, 1000.000000000000000 ) ;
#680 = CARTESIAN_POINT ( 'NONE',  ( 1.920335312611689993, 3.484088311691030171, 0.000000000000000000 ) ) ;
#681 = CARTESIAN_POINT ( 'NONE',  ( 1.545670820298249870, 3.683764155462729839, 0.1000000000000000056 ) ) ;
#682 = VERTEX_POINT ( 'NONE', #1668 ) ;
#683 = EDGE_CURVE ( 'NONE', #5218, #5045, #5161, .T. ) ;
#684 = ORIENTED_EDGE ( 'NONE', *, *, #3806, .T. ) ;
#685 = CIRCLE ( 'NONE', #5267, 0.05249999999999976213 ) ;
#686 = CARTESIAN_POINT ( 'NONE',  ( 1.133249441162520021, 3.842778736502729942, 0.1000000000000000056 ) ) ;
#687 = EDGE_CURVE ( 'NONE', #5376, #1266, #6228, .T. ) ;
#688 = CARTESIAN_POINT ( 'NONE',  ( -0.2042156651191769923, 3.585741468520259989, 0.1000000000000000056 ) ) ;
#689 = AXIS2_PLACEMENT_3D ( 'NONE', #761, #1408, #6480 ) ;
#690 = SHAPE_REPRESENTATION ( 'HM2113ZNL', ( #7811, #5992, #4815, #7412 ), #7931 ) ;
#691 = ORIENTED_EDGE ( 'NONE', *, *, #3523, .T. ) ;
#692 = CARTESIAN_POINT ( 'NONE',  ( -0.5280535790180039823, 3.659076960232769959, 0.1000000000000000056 ) ) ;
#693 = LINE ( 'NONE', #1300, #1747 ) ;
#694 = DIRECTION ( 'NONE',  ( 0.000000000000000000, 0.000000000000000000, -1.000000000000000000 ) ) ;
#695 = ORIENTED_EDGE ( 'NONE', *, *, #6848, .F. ) ;
#696 = ADVANCED_FACE ( 'NONE', ( #7225 ), #7147, .T. ) ;
#697 = ORIENTED_EDGE ( 'NONE', *, *, #3323, .T. ) ;
#698 = EDGE_CURVE ( 'NONE', #7129, #306, #4081, .T. ) ;
#699 = ORIENTED_EDGE ( 'NONE', *, *, #5047, .T. ) ;
#700 = VECTOR ( 'NONE', #4304, 1000.000000000000000 ) ;
#701 = DIRECTION ( 'NONE',  ( 0.000000000000000000, 0.06975647374412541346, 0.9975640502598241977 ) ) ;
#702 = EDGE_CURVE ( 'NONE', #6740, #5536, #3478, .T. ) ;
#703 = CARTESIAN_POINT ( 'NONE',  ( -0.2500000000000000000, -1.678252661663869993, -6.873082493557559403 ) ) ;
#704 = CYLINDRICAL_SURFACE ( 'NONE', #1753, 0.3745936686793079895 ) ;
#705 = FACE_OUTER_BOUND ( 'NONE', #1524, .T. ) ;
#706 =( NAMED_UNIT ( * ) SI_UNIT ( $, .STERADIAN. ) SOLID_ANGLE_UNIT ( ) );
#707 = CARTESIAN_POINT ( 'NONE',  ( -1.918770506913039853, 3.737185443644290395, 0.1000000000000000056 ) ) ;
#708 = EDGE_LOOP ( 'NONE', ( #509, #3319, #7037, #6802 ) ) ;
#709 = VERTEX_POINT ( 'NONE', #1204 ) ;
#710 = EDGE_LOOP ( 'NONE', ( #1425, #7729, #741, #7074 ) ) ;
#711 = CARTESIAN_POINT ( 'NONE',  ( 1.124536313434300050, 3.476101277940159662, 0.000000000000000000 ) ) ;
#712 = VECTOR ( 'NONE', #4001, 1000.000000000000000 ) ;
#713 = CARTESIAN_POINT ( 'NONE',  ( 2.070636765923479672, 3.500062379192759643, 0.1000000000000000056 ) ) ;
#714 = EDGE_CURVE ( 'NONE', #643, #267, #1562, .T. ) ;
#715 = LINE ( 'NONE', #5657, #6798 ) ;
#716 = CARTESIAN_POINT ( 'NONE',  ( -4.426377359100680309, -2.876803674311580572, -6.001377359100669828 ) ) ;
#717 = CARTESIAN_POINT ( 'NONE',  ( -0.9963841944098049686, 3.349760925880980178, 0.000000000000000000 ) ) ;
#718 = AXIS2_PLACEMENT_3D ( 'NONE', #1287, #6856, #3715 ) ;
#719 = ORIENTED_EDGE ( 'NONE', *, *, #2052, .T. ) ;
#720 = CIRCLE ( 'NONE', #3477, 0.05249999999999976213 ) ;
#721 = LINE ( 'NONE', #5579, #6904 ) ;
#722 = FACE_OUTER_BOUND ( 'NONE', #4688, .T. ) ;
#723 = SURFACE_STYLE_FILL_AREA ( #6977 ) ;
#724 = VECTOR ( 'NONE', #5306, 1000.000000000000000 ) ;
#725 = B_SPLINE_CURVE_WITH_KNOTS ( 'NONE', 2,
 ( #3678, #6128, #4293, #5020 ),
 .UNSPECIFIED., .F., .F.,
 ( 3, 1, 3 ),
 ( 0.000000000000000000, 1.000000000000000000, 2.000000000000000000 ),
 .UNSPECIFIED. ) ;
#726 = CARTESIAN_POINT ( 'NONE',  ( 0.5894050521261530173, 3.349760925880980178, 0.1000000000000000056 ) ) ;
#727 = CARTESIAN_POINT ( 'NONE',  ( 2.100406618994890007, 3.351213113835679991, 0.1000000000000000056 ) ) ;
#728 = VERTEX_POINT ( 'NONE', #3748 ) ;
#729 = CIRCLE ( 'NONE', #5308, 0.2500000000000002220 ) ;
#730 = ORIENTED_EDGE ( 'NONE', *, *, #5312, .T. ) ;
#731 = CARTESIAN_POINT ( 'NONE',  ( 1.133249441162520021, 3.842778736502729942, 0.000000000000000000 ) ) ;
#732 = DIRECTION ( 'NONE',  ( 0.000000000000000000, -1.000000000000000000, 0.000000000000000000 ) ) ;
#733 = ADVANCED_FACE ( 'NONE', ( #7992 ), #4930, .T. ) ;
#734 = LINE ( 'NONE', #167, #5778 ) ;
#735 = FACE_OUTER_BOUND ( 'NONE', #6466, .T. ) ;
#736 = CARTESIAN_POINT ( 'NONE',  ( 0.9161473419343860725, 3.563958649199709949, 0.000000000000000000 ) ) ;
#737 = CARTESIAN_POINT ( 'NONE',  ( -1.971270506913040066, 3.789685443644290164, 0.000000000000000000 ) ) ;
#738 =( REPRESENTATION_RELATIONSHIP ('NONE','NONE', #690, #4109 ) REPRESENTATION_RELATIONSHIP_WITH_TRANSFORMATION ( #216 )SHAPE_REPRESENTATION_RELATIONSHIP( ) );
#739 = ORIENTED_EDGE ( 'NONE', *, *, #7795, .T. ) ;
#740 = ORIENTED_EDGE ( 'NONE', *, *, #3988, .F. ) ;
#741 = ORIENTED_EDGE ( 'NONE', *, *, #2906, .F. ) ;
#742 = CARTESIAN_POINT ( 'NONE',  ( 9.540979117872440597E-15, -1.721999999999999975, 6.375000000000000000 ) ) ;
#743 = DIRECTION ( 'NONE',  ( 0.000000000000000000, 0.000000000000000000, 1.000000000000000000 ) ) ;
#744 = EDGE_CURVE ( 'NONE', #1899, #2511, #7417, .T. ) ;
#745 = EDGE_CURVE ( 'NONE', #4699, #2593, #7380, .T. ) ;
#746 = CARTESIAN_POINT ( 'NONE',  ( -2.290000000000000036, -2.757562983323810002, 6.716917506442459995 ) ) ;
#747 = DIRECTION ( 'NONE',  ( 0.000000000000000000, -7.228014483236570338E-16, -1.000000000000000000 ) ) ;
#748 = CARTESIAN_POINT ( 'NONE',  ( 1.494844241883630076, 3.513858164762440062, 0.000000000000000000 ) ) ;
#749 = CARTESIAN_POINT ( 'NONE',  ( -0.5774279694779149708, 3.846409206389489910, 0.1000000000000000056 ) ) ;
#750 = ORIENTED_EDGE ( 'NONE', *, *, #3060, .T. ) ;
#751 = ORIENTED_EDGE ( 'NONE', *, *, #5255, .T. ) ;
#752 = EDGE_CURVE ( 'NONE', #1697, #6213, #6156, .T. ) ;
#753 = EDGE_LOOP ( 'NONE', ( #2706, #6384, #3861, #6822 ) ) ;
#754 = CARTESIAN_POINT ( 'NONE',  ( 1.409165152556139944, 3.398409222363539595, 0.000000000000000000 ) ) ;
#755 = LINE ( 'NONE', #7699, #4541 ) ;
#756 = VECTOR ( 'NONE', #106, 1000.000000000000114 ) ;
#757 = FACE_OUTER_BOUND ( 'NONE', #3419, .T. ) ;
#758 = DIRECTION ( 'NONE',  ( 0.000000000000000000, 0.000000000000000000, 1.000000000000000000 ) ) ;
#759 = EDGE_CURVE ( 'NONE', #6335, #85, #1209, .T. ) ;
#760 = EDGE_CURVE ( 'NONE', #5099, #4621, #1243, .T. ) ;
#761 = CARTESIAN_POINT ( 'NONE',  ( 9.540979117872440597E-15, -2.713815644987700004, 7.214999999999999858 ) ) ;
#762 = CARTESIAN_POINT ( 'NONE',  ( 5.080000000000000071, -3.000608987435080088, -7.732439118436020387 ) ) ;
#763 = B_SPLINE_CURVE_WITH_KNOTS ( 'NONE', 2,
 ( #2318, #3514, #2278, #6764 ),
 .UNSPECIFIED., .F., .F.,
 ( 3, 1, 3 ),
 ( -2.000000000000000000, -1.000000000000000000, 0.000000000000000000 ),
 .UNSPECIFIED. ) ;
#764 = ORIENTED_EDGE ( 'NONE', *, *, #5581, .T. ) ;
#765 =( BOUNDED_CURVE ( )  B_SPLINE_CURVE ( 3, ( #163, #123, #5480, #2613 ),
 .UNSPECIFIED., .F., .F. ) 
 B_SPLINE_CURVE_WITH_KNOTS ( ( 4, 4 ),
 ( 4.502579609885767553, 4.712388980678124284 ),
 .UNSPECIFIED. ) 
 CURVE ( )  GEOMETRIC_REPRESENTATION_ITEM ( )  RATIONAL_B_SPLINE_CURVE ( ( 1.000000000000000000, 0.9963350319232248120, 0.9963350319232248120, 1.000000000000000000 ) ) 
 REPRESENTATION_ITEM ( '' )  );
#766 = ADVANCED_FACE ( 'NONE', ( #7953 ), #1744, .F. ) ;
#767 = LINE ( 'NONE', #3261, #1922 ) ;
#768 =( NAMED_UNIT ( * ) PLANE_ANGLE_UNIT ( ) SI_UNIT ( $, .RADIAN. ) );
#769 = PRODUCT_DEFINITION_CONTEXT ( 'detailed design', #1007, 'design' ) ;
#770 = CARTESIAN_POINT ( 'NONE',  ( -0.2500000000000000000, -3.250000000000039968, -7.714999999999999858 ) ) ;
#771 = CARTESIAN_POINT ( 'NONE',  ( -2.059709573002050043, 3.258003616276710090, 0.1000000000000000056 ) ) ;
#772 = ORIENTED_EDGE ( 'NONE', *, *, #1603, .T. ) ;
#773 = DIRECTION ( 'NONE',  ( 1.000000000000000000, 0.000000000000000000, 0.000000000000000000 ) ) ;
#774 = CARTESIAN_POINT ( 'NONE',  ( 2.183907426390330198, 3.561780367267649794, 0.000000000000000000 ) ) ;
#775 = CARTESIAN_POINT ( 'NONE',  ( 1.890565459540270110, 3.911757664351140029, 0.000000000000000000 ) ) ;
#776 = DIRECTION ( 'NONE',  ( -1.000000000000000000, 0.000000000000000000, 0.000000000000000000 ) ) ;
#777 = FACE_OUTER_BOUND ( 'NONE', #1216, .T. ) ;
#778 = DIRECTION ( 'NONE',  ( -1.000000000000000000, 0.000000000000000000, 0.000000000000000000 ) ) ;
#779 = ORIENTED_EDGE ( 'NONE', *, *, #4071, .T. ) ;
#780 = ORIENTED_EDGE ( 'NONE', *, *, #586, .T. ) ;
#781 = B_SPLINE_CURVE_WITH_KNOTS ( 'NONE', 2,
 ( #3879, #7973, #3037, #4083 ),
 .UNSPECIFIED., .F., .F.,
 ( 3, 1, 3 ),
 ( -2.000000000000000000, -1.000000000000000000, 0.000000000000000000 ),
 .UNSPECIFIED. ) ;
#782 = ORIENTED_EDGE ( 'NONE', *, *, #3755, .T. ) ;
#783 = AXIS2_PLACEMENT_3D ( 'NONE', #1952, #3137, #7578 ) ;
#784 = CARTESIAN_POINT ( 'NONE',  ( 2.540000000000000036, -2.713815644987700004, 7.214999999999999858 ) ) ;
#785 = CARTESIAN_POINT ( 'NONE',  ( -1.831507543767989965, 3.875840976527360038, 0.1000000000000000056 ) ) ;
#786 = ORIENTED_EDGE ( 'NONE', *, *, #4611, .F. ) ;
#787 = CARTESIAN_POINT ( 'NONE',  ( 0.01288643410895969933, 3.571219588973220116, 0.000000000000000000 ) ) ;
#788 = CARTESIAN_POINT ( 'NONE',  ( 1.755511979752869989, 3.774525902631679752, 0.000000000000000000 ) ) ;
#789 = CARTESIAN_POINT ( 'NONE',  ( 0.02305174979188250040, 3.548710675675319948, 0.1000000000000000056 ) ) ;
#790 = VERTEX_POINT ( 'NONE', #6890 ) ;
#791 = VERTEX_POINT ( 'NONE', #2477 ) ;
#792 = ORIENTED_EDGE ( 'NONE', *, *, #2728, .T. ) ;
#793 = EDGE_CURVE ( 'NONE', #1513, #1815, #3630, .T. ) ;
#794 =( BOUNDED_CURVE ( )  B_SPLINE_CURVE ( 3, ( #4209, #7843, #6010, #6697 ),
 .UNSPECIFIED., .F., .F. ) 
 B_SPLINE_CURVE_WITH_KNOTS ( ( 4, 4 ),
 ( 3.953170755767165812, 4.712388980384689674 ),
 .UNSPECIFIED. ) 
 CURVE ( )  GEOMETRIC_REPRESENTATION_ITEM ( )  RATIONAL_B_SPLINE_CURVE ( ( 1.000000000000000000, 0.9525397019146173427, 0.9525397019146173427, 1.000000000000000000 ) ) 
 REPRESENTATION_ITEM ( '' )  );
#795 = PLANE ( 'NONE',  #6402 ) ;
#796 = CARTESIAN_POINT ( 'NONE',  ( 2.206416339688229922, 3.387517812703259690, 0.000000000000000000 ) ) ;
#797 = LINE ( 'NONE', #144, #7781 ) ;
#798 = AXIS2_PLACEMENT_3D ( 'NONE', #155, #2524, #1413 ) ;
#799 = PLANE ( 'NONE',  #7191 ) ;
#800 = AXIS2_PLACEMENT_3D ( 'NONE', #4968, #2354, #6686 ) ;
#801 = DIRECTION ( 'NONE',  ( -1.000000000000000000, 0.000000000000000000, 0.000000000000000000 ) ) ;
#802 = EDGE_CURVE ( 'NONE', #1720, #4062, #634, .T. ) ;
#803 = CARTESIAN_POINT ( 'NONE',  ( 1.242163537765269998, 3.899414066736159867, 0.1000000000000000056 ) ) ;
#804 = DIRECTION ( 'NONE',  ( 1.000000000000000000, 0.000000000000000000, 0.000000000000000000 ) ) ;
#805 = ORIENTED_EDGE ( 'NONE', *, *, #402, .T. ) ;
#806 = EDGE_CURVE ( 'NONE', #1480, #306, #3450, .T. ) ;
#807 = EDGE_CURVE ( 'NONE', #1206, #3664, #3785, .T. ) ;
#808 = DIRECTION ( 'NONE',  ( 0.000000000000000000, 0.000000000000000000, -1.000000000000000000 ) ) ;
#809 = CARTESIAN_POINT ( 'NONE',  ( 0.2176449357221190151, 3.424548605548189961, 0.1000000000000000056 ) ) ;
#810 =( LENGTH_UNIT ( ) NAMED_UNIT ( * ) SI_UNIT ( .MILLI., .METRE. ) );
#811 = ADVANCED_FACE ( 'NONE', ( #1908 ), #4405, .T. ) ;
#812 = VECTOR ( 'NONE', #7674, 1000.000000000000000 ) ;
#813 = DIRECTION ( 'NONE',  ( -1.000000000000000000, 0.000000000000000000, 0.000000000000000000 ) ) ;
#814 = DIRECTION ( 'NONE',  ( 0.000000000000000000, 0.000000000000000000, 1.000000000000000000 ) ) ;
#815 = ORIENTED_EDGE ( 'NONE', *, *, #924, .T. ) ;
#816 = LINE ( 'NONE', #3438, #2056 ) ;
#817 = VECTOR ( 'NONE', #3112, 1000.000000000000000 ) ;
#818 = ADVANCED_FACE ( 'NONE', ( #6122 ), #2462, .T. ) ;
#819 = LINE ( 'NONE', #7763, #3942 ) ;
#820 = CARTESIAN_POINT ( 'NONE',  ( -4.302110744186579794, 0.2000000000000000111, -5.877110744186579971 ) ) ;
#821 = CARTESIAN_POINT ( 'NONE',  ( 0.9488215709152089117, 3.552341145562079916, 0.1000000000000000056 ) ) ;
#822 = CARTESIAN_POINT ( 'NONE',  ( -0.3073210099031090103, 4.041002392319730241, 0.000000000000000000 ) ) ;
#823 = ORIENTED_EDGE ( 'NONE', *, *, #8045, .F. ) ;
#824 = EDGE_LOOP ( 'NONE', ( #5937, #1386, #719, #4061 ) ) ;
#825 = ORIENTED_EDGE ( 'NONE', *, *, #7583, .F. ) ;
#826 = VECTOR ( 'NONE', #3436, 1000.000000000000000 ) ;
#827 = CARTESIAN_POINT ( 'NONE',  ( -1.357936258902269877, 3.823340976527330071, 0.1000000000000000056 ) ) ;
#828 = CARTESIAN_POINT ( 'NONE',  ( 2.290000000000000036, -2.757562983323810002, 6.716917506442469765 ) ) ;
#829 = VERTEX_POINT ( 'NONE', #3670 ) ;
#830 = DIRECTION ( 'NONE',  ( 0.8597763410315684141, -0.5106707779013481829, 0.000000000000000000 ) ) ;
#831 = FILL_AREA_STYLE ('',( #3896 ) ) ;
#832 = CARTESIAN_POINT ( 'NONE',  ( 0.2500000000000000000, -3.212597670117609994, -7.180121763127949919 ) ) ;
#833 = ORIENTED_EDGE ( 'NONE', *, *, #1712, .F. ) ;
#834 = AXIS2_PLACEMENT_3D ( 'NONE', #7052, #7703, #7015 ) ;
#835 = EDGE_LOOP ( 'NONE', ( #4666, #3662, #1326, #7361, #3926, #178, #4932, #1276, #7810, #1100, #1727, #4963 ) ) ;
#836 = ORIENTED_EDGE ( 'NONE', *, *, #3357, .T. ) ;
#837 = DIRECTION ( 'NONE',  ( -1.000000000000000000, 0.000000000000000000, 0.000000000000000000 ) ) ;
#838 = LINE ( 'NONE', #3336, #1015 ) ;
#839 = CARTESIAN_POINT ( 'NONE',  ( -0.7712950614308000663, 3.643102892731029829, 0.000000000000000000 ) ) ;
#840 = CARTESIAN_POINT ( 'NONE',  ( 2.290000000000000036, -2.735689314155739904, -6.965958753221239697 ) ) ;
#841 = VECTOR ( 'NONE', #4863, 1000.000000000000227 ) ;
#842 = CARTESIAN_POINT ( 'NONE',  ( -1.558624907085859990, 3.394807403769890097, 0.000000000000000000 ) ) ;
#843 = ADVANCED_FACE ( 'NONE', ( #554 ), #3057, .T. ) ;
#844 = LINE ( 'NONE', #2561, #4365 ) ;
#845 = CARTESIAN_POINT ( 'NONE',  ( 2.011097059780639906, 3.774525902631679752, 0.1000000000000000056 ) ) ;
#846 = ORIENTED_EDGE ( 'NONE', *, *, #7044, .F. ) ;
#847 = VECTOR ( 'NONE', #2170, 1000.000000000000000 ) ;
#848 = CARTESIAN_POINT ( 'NONE',  ( 2.790000000000000036, -3.250000000000039968, -7.714999999999999858 ) ) ;
#849 = LINE ( 'NONE', #5835, #2361 ) ;
#850 = AXIS2_PLACEMENT_3D ( 'NONE', #3554, #3971, #5237 ) ;
#851 = VECTOR ( 'NONE', #1088, 1000.000000000000000 ) ;
#852 = LINE ( 'NONE', #2040, #2137 ) ;
#853 = LINE ( 'NONE', #3307, #1760 ) ;
#854 = ORIENTED_EDGE ( 'NONE', *, *, #5582, .T. ) ;
#855 = EDGE_CURVE ( 'NONE', #5365, #3802, #7535, .T. ) ;
#856 = DIRECTION ( 'NONE',  ( 0.000000000000000000, -4.440892098500630895E-15, -1.000000000000000000 ) ) ;
#857 = VECTOR ( 'NONE', #6186, 1000.000000000000000 ) ;
#858 = FACE_OUTER_BOUND ( 'NONE', #5978, .T. ) ;
#859 = DIRECTION ( 'NONE',  ( 1.000000000000000000, 0.000000000000000000, 0.000000000000000000 ) ) ;
#860 = CYLINDRICAL_SURFACE ( 'NONE', #6534, 0.3745936686793079895 ) ;
#861 = AXIS2_PLACEMENT_3D ( 'NONE', #6468, #4685, #2755 ) ;
#862 = CARTESIAN_POINT ( 'NONE',  ( -2.790000000000000036, -2.735689314155739904, 6.965958753221239697 ) ) ;
#863 = DIRECTION ( 'NONE',  ( 1.000000000000000000, 0.000000000000000000, 0.000000000000000000 ) ) ;
#864 = ORIENTED_EDGE ( 'NONE', *, *, #2864, .T. ) ;
#865 = ORIENTED_EDGE ( 'NONE', *, *, #7621, .T. ) ;
#866 = EDGE_LOOP ( 'NONE', ( #473, #395, #2705, #5988 ) ) ;
#867 = EDGE_CURVE ( 'NONE', #5045, #2460, #5655, .T. ) ;
#868 = ITEM_DEFINED_TRANSFORMATION ( 'NONE', 'NONE', #7412,  #1670 ) ;
#869 = VECTOR ( 'NONE', #2270, 1000.000000000000000 ) ;
#870 = LINE ( 'NONE', #2711, #456 ) ;
#871 = PLANE ( 'NONE',  #288 ) ;
#872 = ORIENTED_EDGE ( 'NONE', *, *, #5871, .T. ) ;
#873 = CARTESIAN_POINT ( 'NONE',  ( -3.766115253892839743, -3.883792513728000273, 0.000000000000000000 ) ) ;
#874 = DIRECTION ( 'NONE',  ( -0.9646932499232458991, -0.2633760307099449749, 0.000000000000000000 ) ) ;
#875 = LINE ( 'NONE', #5986, #1505 ) ;
#876 = VERTEX_POINT ( 'NONE', #3257 ) ;
#877 = ORIENTED_EDGE ( 'NONE', *, *, #2659, .F. ) ;
#878 = ORIENTED_EDGE ( 'NONE', *, *, #1671, .F. ) ;
#879 = ORIENTED_EDGE ( 'NONE', *, *, #7749, .F. ) ;
#880 = DIRECTION ( 'NONE',  ( 0.000000000000000000, 0.06975647374412699553, -0.9975640502598240866 ) ) ;
#881 = CARTESIAN_POINT ( 'NONE',  ( -1.410436258902270090, 3.737185443644290395, 0.1000000000000000056 ) ) ;
#882 = PLANE ( 'NONE',  #3485 ) ;
#883 = DIRECTION ( 'NONE',  ( -1.000000000000000000, 0.000000000000000000, 0.000000000000000000 ) ) ;
#884 = DIRECTION ( 'NONE',  ( 0.000000000000000000, 0.06975647374412639878, 0.9975640502598241977 ) ) ;
#885 = CARTESIAN_POINT ( 'NONE',  ( -2.290000000000000036, -1.471999999999999975, -6.375000000000000000 ) ) ;
#886 = CARTESIAN_POINT ( 'NONE',  ( 2.061923638195259922, 4.046811144138540151, 0.000000000000000000 ) ) ;
#887 = ORIENTED_EDGE ( 'NONE', *, *, #2975, .T. ) ;
#888 = VERTEX_POINT ( 'NONE', #1946 ) ;
#889 = VECTOR ( 'NONE', #7657, 1000.000000000000000 ) ;
#890 = CARTESIAN_POINT ( 'NONE',  ( -3.750000000000000000, -0.4500000000000000111, -3.824999999999999734 ) ) ;
#891 = DIRECTION ( 'NONE',  ( 0.000000000000000000, 0.9961649871150949354, 0.08749467667225570289 ) ) ;
#892 = LINE ( 'NONE', #4122, #7713 ) ;
#893 = PRODUCT_DEFINITION_FORMATION_WITH_SPECIFIED_SOURCE ( 'ANY', '', #4161, .NOT_KNOWN. ) ;
#894 = LINE ( 'NONE', #726, #1624 ) ;
#895 = DIRECTION ( 'NONE',  ( 1.000000000000000000, 0.000000000000000000, 0.000000000000000000 ) ) ;
#896 = VERTEX_POINT ( 'NONE', #7618 ) ;
#897 = ADVANCED_FACE ( 'NONE', ( #7663 ), #3989, .F. ) ;
#898 = CARTESIAN_POINT ( 'NONE',  ( 4.302110744186579794, 0.2000000000000000111, -5.672889255813429621 ) ) ;
#899 = CARTESIAN_POINT ( 'NONE',  ( 2.790000000000000036, -2.735689314155739904, 6.965958753221239697 ) ) ;
#900 = FACE_OUTER_BOUND ( 'NONE', #2060, .T. ) ;
#901 = FACE_OUTER_BOUND ( 'NONE', #1120, .T. ) ;
#902 = ADVANCED_FACE ( 'NONE', ( #3825 ), #7349, .F. ) ;
#903 = CARTESIAN_POINT ( 'NONE',  ( -2.348505956076859746, 3.792797869477800177, 0.000000000000000000 ) ) ;
#904 = CARTESIAN_POINT ( 'NONE',  ( 1.390286709144999744, 3.861657179913879911, 0.000000000000000000 ) ) ;
#905 = ORIENTED_EDGE ( 'NONE', *, *, #5494, .F. ) ;
#906 = EDGE_LOOP ( 'NONE', ( #1786, #2376, #6594, #2263 ) ) ;
#907 = ORIENTED_EDGE ( 'NONE', *, *, #6353, .F. ) ;
#908 = EDGE_CURVE ( 'NONE', #4438, #3448, #4203, .T. ) ;
#909 = CARTESIAN_POINT ( 'NONE',  ( 1.280646518564899861, 3.503692849079520499, 0.1000000000000000056 ) ) ;
#910 = ORIENTED_EDGE ( 'NONE', *, *, #5708, .T. ) ;
#911 = DIRECTION ( 'NONE',  ( 0.000000000000000000, 0.000000000000000000, 1.000000000000000000 ) ) ;
#912 = ADVANCED_FACE ( 'NONE', ( #5659 ), #5216, .T. ) ;
#913 = LINE ( 'NONE', #4099, #841 ) ;
#914 = FACE_OUTER_BOUND ( 'NONE', #984, .T. ) ;
#915 = ORIENTED_EDGE ( 'NONE', *, *, #3056, .F. ) ;
#916 = ORIENTED_EDGE ( 'NONE', *, *, #309, .T. ) ;
#917 = EDGE_LOOP ( 'NONE', ( #5358, #5512, #1006, #1157 ) ) ;
#918 = ORIENTED_EDGE ( 'NONE', *, *, #6103, .T. ) ;
#919 = CARTESIAN_POINT ( 'NONE',  ( 2.790000000000000036, -3.212597670117609994, 7.180121763127949919 ) ) ;
#920 = DIRECTION ( 'NONE',  ( 0.000000000000000000, 0.000000000000000000, -1.000000000000000000 ) ) ;
#921 = CARTESIAN_POINT ( 'NONE',  ( 0.9335735973908250163, 3.563958649199709949, 0.000000000000000000 ) ) ;
#922 = CARTESIAN_POINT ( 'NONE',  ( 1.465074388812219963, 3.995984565723929460, 0.1000000000000000056 ) ) ;
#923 = DIRECTION ( 'NONE',  ( 0.000000000000000000, -0.06975647374404986278, 0.9975640502598295267 ) ) ;
#924 = EDGE_CURVE ( 'NONE', #4358, #5261, #148, .T. ) ;
#925 = CARTESIAN_POINT ( 'NONE',  ( -1.410436258902270090, 3.737185443644290395, 0.000000000000000000 ) ) ;
#926 = CYLINDRICAL_SURFACE ( 'NONE', #1371, 0.2500000000000002220 ) ;
#927 = ORIENTED_EDGE ( 'NONE', *, *, #5841, .T. ) ;
#928 = ORIENTED_EDGE ( 'NONE', *, *, #4152, .F. ) ;
#929 = VECTOR ( 'NONE', #3883, 1000.000000000000000 ) ;
#930 = CARTESIAN_POINT ( 'NONE',  ( 2.290000000000000036, -3.000608987435080088, -7.732439118436020387 ) ) ;
#931 = DIRECTION ( 'NONE',  ( 0.000000000000000000, 0.000000000000000000, -1.000000000000000000 ) ) ;
#932 = CARTESIAN_POINT ( 'NONE',  ( 2.290000000000000036, -2.713815644987700004, -7.214999999999999858 ) ) ;
#933 = DIRECTION ( 'NONE',  ( 0.000000000000000000, 0.000000000000000000, 1.000000000000000000 ) ) ;
#934 = DIRECTION ( 'NONE',  ( 0.000000000000000000, 4.440892098500630895E-15, 1.000000000000000000 ) ) ;
#935 = CARTESIAN_POINT ( 'NONE',  ( 1.448374227333130149, 3.824626387068939870, 0.1000000000000000056 ) ) ;
#936 = AXIS2_PLACEMENT_3D ( 'NONE', #5869, #7091, #3425 ) ;
#937 = CARTESIAN_POINT ( 'NONE',  ( 4.296555519582589966, -3.000000000000000000, 5.994920913255509021 ) ) ;
#938 = PLANE ( 'NONE',  #559 ) ;
#939 = CARTESIAN_POINT ( 'NONE',  ( 2.100406618994890007, 3.513858164762440062, 0.000000000000000000 ) ) ;
#940 = EDGE_CURVE ( 'NONE', #7546, #3901, #234, .T. ) ;
#941 = DIRECTION ( 'NONE',  ( 0.000000000000000000, 0.000000000000000000, 1.000000000000000000 ) ) ;
#942 = DIRECTION ( 'NONE',  ( -0.4138029294346907139, 0.9103664842201015794, 0.000000000000000000 ) ) ;
#943 = EDGE_LOOP ( 'NONE', ( #6093, #6622, #4478, #7519 ) ) ;
#944 = ORIENTED_EDGE ( 'NONE', *, *, #3308, .F. ) ;
#945 = VECTOR ( 'NONE', #5313, 1000.000000000000000 ) ;
#946 = VERTEX_POINT ( 'NONE', #3295 ) ;
#947 = DIRECTION ( 'NONE',  ( 1.000000000000000000, 0.000000000000000000, 0.000000000000000000 ) ) ;
#948 = VECTOR ( 'NONE', #3413, 1000.000000000000227 ) ;
#949 = EDGE_LOOP ( 'NONE', ( #3333, #1816, #1831, #6712, #1436, #1768, #4359, #2622, #2678, #1845, #1931, #1335, #1468, #2887 ) ) ;
#950 = DIRECTION ( 'NONE',  ( 0.000000000000000000, -0.06975647374412639878, 0.9975640502598241977 ) ) ;
#951 = EDGE_CURVE ( 'NONE', #3958, #2294, #5009, .T. ) ;
#952 = EDGE_CURVE ( 'NONE', #3845, #5569, #844, .T. ) ;
#953 = CARTESIAN_POINT ( 'NONE',  ( 1.494844241883630076, 3.636568046934870235, 0.1000000000000000056 ) ) ;
#954 = EDGE_LOOP ( 'NONE', ( #7734, #6264, #612, #6469 ) ) ;
#955 = ORIENTED_EDGE ( 'NONE', *, *, #5304, .T. ) ;
#956 = ORIENTED_EDGE ( 'NONE', *, *, #683, .T. ) ;
#957 = VECTOR ( 'NONE', #4086, 1000.000000000000000 ) ;
#958 = FILL_AREA_STYLE ('',( #3575 ) ) ;
#959 = EDGE_CURVE ( 'NONE', #6254, #896, #2112, .T. ) ;
#960 = LINE ( 'NONE', #424, #2200 ) ;
#961 = PLANE ( 'NONE',  #7512 ) ;
#962 = CARTESIAN_POINT ( 'NONE',  ( 0.007803776267498349975, 4.025754418795340683, 0.000000000000000000 ) ) ;
#963 = DIRECTION ( 'NONE',  ( 0.000000000000000000, 1.000000000000000000, 0.000000000000000000 ) ) ;
#964 = VECTOR ( 'NONE', #1126, 1000.000000000000114 ) ;
#965 = CARTESIAN_POINT ( 'NONE',  ( 2.061923638195259922, 4.046811144138540151, 0.1000000000000000056 ) ) ;
#966 = DIRECTION ( 'NONE',  ( 0.000000000000000000, 0.000000000000000000, 1.000000000000000000 ) ) ;
#967 = ORIENTED_EDGE ( 'NONE', *, *, #7726, .F. ) ;
#968 = ORIENTED_EDGE ( 'NONE', *, *, #5696, .T. ) ;
#969 = EDGE_CURVE ( 'NONE', #4387, #3623, #3341, .T. ) ;
#970 = DIRECTION ( 'NONE',  ( 0.000000000000000000, 8.673617379884043361E-16, -1.000000000000000000 ) ) ;
#971 = AXIS2_PLACEMENT_3D ( 'NONE', #7158, #2784, #6454 ) ;
#972 = CARTESIAN_POINT ( 'NONE',  ( 0.007803776267498349975, 3.638020234889570048, 0.1000000000000000056 ) ) ;
#973 = DIRECTION ( 'NONE',  ( 1.000000000000000000, 0.000000000000000000, 0.000000000000000000 ) ) ;
#974 = CARTESIAN_POINT ( 'NONE',  ( -1.410436258902270090, 3.789685443644290164, 0.000000000000000000 ) ) ;
#975 = MECHANICAL_DESIGN_GEOMETRIC_PRESENTATION_REPRESENTATION (  '', ( #5145 ), #6446 ) ;
#976 = DIRECTION ( 'NONE',  ( -1.000000000000000000, 0.000000000000000000, 0.000000000000000000 ) ) ;
#977 = CIRCLE ( 'NONE', #2287, 0.2500000000000002220 ) ;
#978 = LINE ( 'NONE', #4625, #3555 ) ;
#979 = CARTESIAN_POINT ( 'NONE',  ( -0.5382188947009269864, 3.957501584924290050, 0.1000000000000000056 ) ) ;
#980 = SURFACE_SIDE_STYLE ('',( #4712 ) ) ;
#981 = DIRECTION ( 'NONE',  ( 0.000000000000000000, 0.000000000000000000, -1.000000000000000000 ) ) ;
#982 = VERTEX_POINT ( 'NONE', #112 ) ;
#983 = VECTOR ( 'NONE', #7445, 1000.000000000000000 ) ;
#984 = EDGE_LOOP ( 'NONE', ( #6176, #7130, #2067, #4276 ) ) ;
#985 = EDGE_LOOP ( 'NONE', ( #7072, #2871, #5559, #8042 ) ) ;
#986 = EDGE_CURVE ( 'NONE', #2511, #2961, #2848, .T. ) ;
#987 = LINE ( 'NONE', #4592, #7716 ) ;
#988 = VECTOR ( 'NONE', #7767, 1000.000000000000000 ) ;
#989 = ORIENTED_EDGE ( 'NONE', *, *, #12, .T. ) ;
#990 = CARTESIAN_POINT ( 'NONE',  ( -0.2500000000000000000, -2.735689314155719920, 6.965958753221239697 ) ) ;
#991 = DIRECTION ( 'NONE',  ( -0.7321804635358735158, 0.6811106876392364340, 0.000000000000000000 ) ) ;
#992 = CARTESIAN_POINT ( 'NONE',  ( 0.2176449357221190151, 3.349760925880980178, 0.1000000000000000056 ) ) ;
#993 = ORIENTED_EDGE ( 'NONE', *, *, #646, .T. ) ;
#994 = ORIENTED_EDGE ( 'NONE', *, *, #7286, .F. ) ;
#995 = ORIENTED_EDGE ( 'NONE', *, *, #7834, .F. ) ;
#996 = CIRCLE ( 'NONE', #4911, 0.3745936686793079895 ) ;
#997 = PRESENTATION_STYLE_ASSIGNMENT (( #352 ) ) ;
#998 = ADVANCED_FACE ( 'NONE', ( #4609 ), #1446, .T. ) ;
#999 = DIRECTION ( 'NONE',  ( -1.000000000000000000, 0.000000000000000000, 0.000000000000000000 ) ) ;
#1000 = EDGE_CURVE ( 'NONE', #6062, #6335, #6748, .T. ) ;
#1001 = DIRECTION ( 'NONE',  ( 0.000000000000000000, -1.000000000000000000, 0.000000000000000000 ) ) ;
#1002 = DIRECTION ( 'NONE',  ( 0.000000000000000000, -1.000000000000000000, 0.000000000000000000 ) ) ;
#1003 = DIRECTION ( 'NONE',  ( 0.000000000000000000, -0.06975647374404986278, -0.9975640502598295267 ) ) ;
#1004 = EDGE_CURVE ( 'NONE', #2713, #5765, #6136, .T. ) ;
#1005 = ORIENTED_EDGE ( 'NONE', *, *, #1237, .T. ) ;
#1006 = ORIENTED_EDGE ( 'NONE', *, *, #556, .T. ) ;
#1007 = APPLICATION_CONTEXT ( 'automotive_design' ) ;
#1008 = DIRECTION ( 'NONE',  ( -1.000000000000000000, 0.000000000000000000, 0.000000000000000000 ) ) ;
#1009 = CARTESIAN_POINT ( 'NONE',  ( 1.793268866575149945, 3.537819266015050257, 0.1000000000000000056 ) ) ;
#1010 = AXIS2_PLACEMENT_3D ( 'NONE', #7917, #3595, #1789 ) ;
#1011 = DIRECTION ( 'NONE',  ( 0.000000000000000000, -0.06975647374412541346, 0.9975640502598241977 ) ) ;
#1012 = CARTESIAN_POINT ( 'NONE',  ( -0.5992107887984640113, 4.060606929708220569, 0.1000000000000000056 ) ) ;
#1013 = CARTESIAN_POINT ( 'NONE',  ( -1.971270506913040066, 3.737185443644290395, 0.000000000000000000 ) ) ;
#1014 = EDGE_CURVE ( 'NONE', #7466, #3845, #2849, .T. ) ;
#1015 = VECTOR ( 'NONE', #230, 1000.000000000000000 ) ;
#1016 = EDGE_CURVE ( 'NONE', #6294, #4720, #4871, .T. ) ;
#1017 = CARTESIAN_POINT ( 'NONE',  ( -4.500000000000000000, 0.06999999999999999278, -5.877110744186579971 ) ) ;
#1018 = LINE ( 'NONE', #443, #6456 ) ;
#1019 = CARTESIAN_POINT ( 'NONE',  ( -3.750000000000000000, -0.4500000000000000111, -3.824999999999999734 ) ) ;
#1020 = LINE ( 'NONE', #4788, #6823 ) ;
#1021 = ADVANCED_FACE ( 'NONE', ( #1723 ), #2374, .T. ) ;
#1022 = CARTESIAN_POINT ( 'NONE',  ( 1.437482817672859792, 3.833339514797160064, 0.000000000000000000 ) ) ;
#1023 = B_SPLINE_SURFACE_WITH_KNOTS ( 'NONE', 2, 1, ( 
 ( #1067, #1724 ),
 ( #6174, #3114 ),
 ( #2994, #3650 ),
 ( #574, #4872 ) ),
 .UNSPECIFIED., .F., .F., .F.,
 ( 3, 1, 3 ),
 ( 2, 2 ),
 ( -2.000000000000000000, -1.000000000000000000, 0.000000000000000000 ),
 ( 0.000000000000000000, 0.01000000000000000021 ),
 .UNSPECIFIED. ) ;
#1024 = ORIENTED_EDGE ( 'NONE', *, *, #350, .T. ) ;
#1025 = ORIENTED_EDGE ( 'NONE', *, *, #7086, .T. ) ;
#1026 = EDGE_LOOP ( 'NONE', ( #2338, #1817, #1435, #2840, #5964, #4106, #772, #5997, #3894, #7359, #5920, #6227 ) ) ;
#1027 = CARTESIAN_POINT ( 'NONE',  ( -0.6311589238019350567, 4.074402715277900100, 0.1000000000000000056 ) ) ;
#1028 = VERTEX_POINT ( 'NONE', #4262 ) ;
#1029 = CARTESIAN_POINT ( 'NONE',  ( 0.2176449357221190151, 3.349760925880980178, 0.000000000000000000 ) ) ;
#1030 = DIRECTION ( 'NONE',  ( 0.000000000000000000, 7.228014483236570338E-16, -1.000000000000000000 ) ) ;
#1031 = ORIENTED_EDGE ( 'NONE', *, *, #6883, .F. ) ;
#1032 = ORIENTED_EDGE ( 'NONE', *, *, #2489, .T. ) ;
#1033 = ORIENTED_EDGE ( 'NONE', *, *, #3049, .T. ) ;
#1034 =( LENGTH_UNIT ( ) NAMED_UNIT ( * ) SI_UNIT ( .MILLI., .METRE. ) );
#1035 = CARTESIAN_POINT ( 'NONE',  ( -2.381695322512692670, 2.529515300536492539, 0.000000000000000000 ) ) ;
#1036 = CARTESIAN_POINT ( 'NONE',  ( 1.242163537765269998, 3.899414066736159867, 0.000000000000000000 ) ) ;
#1037 = DIRECTION ( 'NONE',  ( -0.000000000000000000, 1.000000000000000000, 0.000000000000000000 ) ) ;
#1038 = DIRECTION ( 'NONE',  ( -1.000000000000000000, 0.000000000000000000, 0.000000000000000000 ) ) ;
#1039 = ORIENTED_EDGE ( 'NONE', *, *, #3573, .T. ) ;
#1040 = ADVANCED_FACE ( 'NONE', ( #3387 ), #6767, .T. ) ;
#1041 = EDGE_LOOP ( 'NONE', ( #4155, #1538, #53, #2551 ) ) ;
#1042 = ORIENTED_EDGE ( 'NONE', *, *, #5359, .F. ) ;
#1043 = VECTOR ( 'NONE', #77, 1000.000000000000000 ) ;
#1044 = DIRECTION ( 'NONE',  ( 0.000000000000000000, 0.000000000000000000, -1.000000000000000000 ) ) ;
#1045 = FACE_OUTER_BOUND ( 'NONE', #321, .T. ) ;
#1046 = ADVANCED_FACE ( 'NONE', ( #5872 ), #7137, .F. ) ;
#1047 = PLANE ( 'NONE',  #6024 ) ;
#1048 = CARTESIAN_POINT ( 'NONE',  ( -1.995049911313239832, 4.311158134903969597, 0.1000000000000000056 ) ) ;
#1049 = CARTESIAN_POINT ( 'NONE',  ( -0.2500000000000000000, -1.221999999999999975, 6.375000000000000000 ) ) ;
#1050 = EDGE_CURVE ( 'NONE', #5624, #5218, #5298, .T. ) ;
#1051 = EDGE_CURVE ( 'NONE', #5071, #4438, #5549, .T. ) ;
#1052 = CARTESIAN_POINT ( 'NONE',  ( -2.790000000000000036, -3.250000000000039968, 7.714999999999999858 ) ) ;
#1053 = EDGE_CURVE ( 'NONE', #3409, #5328, #7507, .T. ) ;
#1054 = VECTOR ( 'NONE', #7131, 1000.000000000000000 ) ;
#1055 = PLANE ( 'NONE',  #4981 ) ;
#1056 = CIRCLE ( 'NONE', #534, 0.05250000000000010214 ) ;
#1057 = CARTESIAN_POINT ( 'NONE',  ( -0.3073210099031090103, 3.963310336743099960, 0.1000000000000000056 ) ) ;
#1058 = CARTESIAN_POINT ( 'NONE',  ( -4.431932583704670137, 0.07680367431158299785, -6.006932583704670314 ) ) ;
#1059 = VERTEX_POINT ( 'NONE', #2156 ) ;
#1060 = ORIENTED_EDGE ( 'NONE', *, *, #2772, .F. ) ;
#1061 = ORIENTED_EDGE ( 'NONE', *, *, #4991, .T. ) ;
#1062 = AXIS2_PLACEMENT_3D ( 'NONE', #7480, #743, #5159 ) ;
#1063 = EDGE_CURVE ( 'NONE', #4428, #5069, #4914, .T. ) ;
#1064 = CARTESIAN_POINT ( 'NONE',  ( -0.7712950614308000663, 3.643102892731029829, 0.1000000000000000056 ) ) ;
#1065 = VERTEX_POINT ( 'NONE', #885 ) ;
#1066 = CARTESIAN_POINT ( 'NONE',  ( 1.424413126080529945, 4.015589103112420233, 0.000000000000000000 ) ) ;
#1067 = CARTESIAN_POINT ( 'NONE',  ( -0.2042156651191769923, 3.585741468520259989, 0.000000000000000000 ) ) ;
#1068 = ORIENTED_EDGE ( 'NONE', *, *, #4836, .F. ) ;
#1069 = ORIENTED_EDGE ( 'NONE', *, *, #7887, .T. ) ;
#1070 = ORIENTED_EDGE ( 'NONE', *, *, #2604, .T. ) ;
#1071 = LINE ( 'NONE', #6557, #145 ) ;
#1072 = VECTOR ( 'NONE', #6782, 1000.000000000000000 ) ;
#1073 = CARTESIAN_POINT ( 'NONE',  ( -1.295595907718998241, 4.848680170118590205, 0.000000000000000000 ) ) ;
#1074 = CARTESIAN_POINT ( 'NONE',  ( 1.001100337284529962, 3.977106122312779934, 0.000000000000000000 ) ) ;
#1075 = CARTESIAN_POINT ( 'NONE',  ( -0.4946532560598290162, 3.672872745802449934, 0.000000000000000000 ) ) ;
#1076 = CARTESIAN_POINT ( 'NONE',  ( 2.790000000000000036, -1.721999999999999975, -6.375000000000000000 ) ) ;
#1077 = EDGE_LOOP ( 'NONE', ( #1256, #1109, #4687, #2019 ) ) ;
#1078 = CLOSED_SHELL ( 'NONE', ( #7232, #2273, #638, #3265, #3064, #2697, #2564, #5186, #3408, #3205, #8038, #4903, #3397, #6609 ) ) ;
#1079 = ORIENTED_EDGE ( 'NONE', *, *, #3049, .F. ) ;
#1080 = ORIENTED_EDGE ( 'NONE', *, *, #7427, .F. ) ;
#1081 = CARTESIAN_POINT ( 'NONE',  ( -1.884007543767990178, 3.875840976527360038, 0.1000000000000000056 ) ) ;
#1082 = CARTESIAN_POINT ( 'NONE',  ( 1.409165152556139944, 3.398409222363539595, 0.000000000000000000 ) ) ;
#1083 = CARTESIAN_POINT ( 'NONE',  ( -4.391596839026770560, 0.1642986682315976665, -5.966596839026767185 ) ) ;
#1084 = EDGE_CURVE ( 'NONE', #2879, #1347, #2641, .T. ) ;
#1085 = CIRCLE ( 'NONE', #2661, 0.05249999999999976213 ) ;
#1086 = B_SPLINE_SURFACE_WITH_KNOTS ( 'NONE', 2, 1, ( 
 ( #1983, #630 ),
 ( #711, #590 ),
 ( #1201, #2597 ),
 ( #3745, #4482 ) ),
 .UNSPECIFIED., .F., .F., .F.,
 ( 3, 1, 3 ),
 ( 2, 2 ),
 ( -2.000000000000000000, -1.000000000000000000, 0.000000000000000000 ),
 ( 0.000000000000000000, 0.01000000000000000021 ),
 .UNSPECIFIED. ) ;
#1087 = CARTESIAN_POINT ( 'NONE',  ( -0.2500000000000000000, -1.221999999999999975, -6.074999999999999289 ) ) ;
#1088 = DIRECTION ( 'NONE',  ( 0.000000000000000000, 0.000000000000000000, 1.000000000000000000 ) ) ;
#1089 = PRODUCT_RELATED_PRODUCT_CATEGORY ( 'part', '', ( #4161 ) ) ;
#1090 = VECTOR ( 'NONE', #3648, 1000.000000000000000 ) ;
#1091 = CARTESIAN_POINT ( 'NONE',  ( -0.2500000000000000000, -1.721999999999999975, 6.375000000000000000 ) ) ;
#1092 = CARTESIAN_POINT ( 'NONE',  ( -1.322416942980848775, 4.407542798501773440, 0.000000000000000000 ) ) ;
#1093 = EDGE_CURVE ( 'NONE', #3645, #4266, #274, .T. ) ;
#1094 = EDGE_CURVE ( 'NONE', #7933, #4942, #6523, .T. ) ;
#1095 = DIRECTION ( 'NONE',  ( -1.000000000000000000, 0.000000000000000000, 0.000000000000000000 ) ) ;
#1096 = CARTESIAN_POINT ( 'NONE',  ( -1.410436258902270090, 3.789685443644290164, 0.000000000000000000 ) ) ;
#1097 = ADVANCED_FACE ( 'NONE', ( #5916 ), #7177, .T. ) ;
#1098 = ORIENTED_EDGE ( 'NONE', *, *, #212, .T. ) ;
#1099 = ORIENTED_EDGE ( 'NONE', *, *, #7205, .T. ) ;
#1100 = ORIENTED_EDGE ( 'NONE', *, *, #6449, .F. ) ;
#1101 = CARTESIAN_POINT ( 'NONE',  ( -4.500000000000000000, -1.471999999999999975, -6.074999999999999289 ) ) ;
#1102 = EDGE_LOOP ( 'NONE', ( #1118, #508, #3015, #7310 ) ) ;
#1103 = CARTESIAN_POINT ( 'NONE',  ( -2.290000000000000036, -1.221999999999999975, -6.375000000000000000 ) ) ;
#1104 = VECTOR ( 'NONE', #2542, 1000.000000000000000 ) ;
#1105 = VECTOR ( 'NONE', #469, 1000.000000000000000 ) ;
#1106 = CARTESIAN_POINT ( 'NONE',  ( 1.280646518564899861, 3.503692849079520499, 0.1000000000000000056 ) ) ;
#1107 = CARTESIAN_POINT ( 'NONE',  ( 1.735907442364380104, 4.046811144138540151, 0.000000000000000000 ) ) ;
#1108 = ADVANCED_FACE ( 'NONE', ( #3767 ), #6870, .T. ) ;
#1109 = ORIENTED_EDGE ( 'NONE', *, *, #6206, .T. ) ;
#1110 = ORIENTED_EDGE ( 'NONE', *, *, #4505, .F. ) ;
#1111 = ORIENTED_EDGE ( 'NONE', *, *, #8028, .F. ) ;
#1112 = SURFACE_SIDE_STYLE ('',( #1690 ) ) ;
#1113 = VECTOR ( 'NONE', #170, 1000.000000000000000 ) ;
#1114 = CARTESIAN_POINT ( 'NONE',  ( -2.315229264888200245, 3.807923637544230022, 0.1000000000000000056 ) ) ;
#1115 = DIRECTION ( 'NONE',  ( 1.000000000000000000, 0.000000000000000000, 0.000000000000000000 ) ) ;
#1116 = CARTESIAN_POINT ( 'NONE',  ( 1.847725914876529929, 3.500062379192759643, 0.000000000000000000 ) ) ;
#1117 = LINE ( 'NONE', #3622, #983 ) ;
#1118 = ORIENTED_EDGE ( 'NONE', *, *, #2042, .T. ) ;
#1119 = VECTOR ( 'NONE', #7532, 1000.000000000000114 ) ;
#1120 = EDGE_LOOP ( 'NONE', ( #2998, #4179, #5196, #3429 ) ) ;
#1121 = ORIENTED_EDGE ( 'NONE', *, *, #6445, .T. ) ;
#1122 = DIRECTION ( 'NONE',  ( 0.000000000000000000, 0.000000000000000000, -1.000000000000000000 ) ) ;
#1123 = CARTESIAN_POINT ( 'NONE',  ( 1.346721070503900108, 3.750564801379079771, 0.000000000000000000 ) ) ;
#1124 = DIRECTION ( 'NONE',  ( 1.000000000000000000, 0.000000000000000000, 0.000000000000000000 ) ) ;
#1125 = AXIS2_PLACEMENT_3D ( 'NONE', #6162, #560, #1871 ) ;
#1126 = DIRECTION ( 'NONE',  ( 0.000000000000000000, 0.9961649871150951574, -0.08749467667225410694 ) ) ;
#1127 = CARTESIAN_POINT ( 'NONE',  ( 1.341638412662439883, 3.883439999234420181, 0.1000000000000000056 ) ) ;
#1128 = ORIENTED_EDGE ( 'NONE', *, *, #6247, .F. ) ;
#1129 = DIRECTION ( 'NONE',  ( -1.000000000000000000, 0.000000000000000000, 0.000000000000000000 ) ) ;
#1130 = DIRECTION ( 'NONE',  ( 1.000000000000000000, 0.000000000000000000, 0.000000000000000000 ) ) ;
#1131 = CYLINDRICAL_SURFACE ( 'NONE', #2120, 0.05249999999999991479 ) ;
#1132 = DIRECTION ( 'NONE',  ( 1.000000000000000000, 0.000000000000000000, 0.000000000000000000 ) ) ;
#1133 = VERTEX_POINT ( 'NONE', #1883 ) ;
#1134 = ORIENTED_EDGE ( 'NONE', *, *, #6617, .T. ) ;
#1135 = B_SPLINE_CURVE_WITH_KNOTS ( 'NONE', 2,
 ( #7297, #6154, #3628, #2392 ),
 .UNSPECIFIED., .F., .F.,
 ( 3, 1, 3 ),
 ( 0.000000000000000000, 1.000000000000000000, 2.000000000000000000 ),
 .UNSPECIFIED. ) ;
#1136 = ADVANCED_FACE ( 'NONE', ( #50 ), #5679, .F. ) ;
#1137 = CARTESIAN_POINT ( 'NONE',  ( 0.1922316465148120046, 3.527653950332130250, 0.1000000000000000056 ) ) ;
#1138 = ORIENTED_EDGE ( 'NONE', *, *, #7758, .F. ) ;
#1139 = CARTESIAN_POINT ( 'NONE',  ( 1.234176504014399933, 4.043906768229130755, 0.1000000000000000056 ) ) ;
#1140 = DIRECTION ( 'NONE',  ( 0.8307716891832557238, -0.5566133311838658004, 0.000000000000000000 ) ) ;
#1141 = CARTESIAN_POINT ( 'NONE',  ( 0.1631878874207469965, 3.378804684975039940, 0.000000000000000000 ) ) ;
#1142 = ORIENTED_EDGE ( 'NONE', *, *, #6852, .F. ) ;
#1143 = EDGE_CURVE ( 'NONE', #4398, #2102, #6121, .T. ) ;
#1144 = ORIENTED_EDGE ( 'NONE', *, *, #441, .T. ) ;
#1145 = ADVANCED_FACE ( 'NONE', ( #6949 ), #566, .F. ) ;
#1146 = ORIENTED_EDGE ( 'NONE', *, *, #4147, .T. ) ;
#1147 = CARTESIAN_POINT ( 'NONE',  ( 1.196419617192119977, 3.899414066736159867, 0.000000000000000000 ) ) ;
#1148 = B_SPLINE_SURFACE_WITH_KNOTS ( 'NONE', 2, 1, ( 
 ( #2673, #3244 ),
 ( #3280, #5163 ),
 ( #5728, #6917 ),
 ( #134, #3328 ) ),
 .UNSPECIFIED., .F., .F., .F.,
 ( 3, 1, 3 ),
 ( 2, 2 ),
 ( -2.000000000000000000, -1.000000000000000000, 0.000000000000000000 ),
 ( 0.000000000000000000, 0.01000000000000000021 ),
 .UNSPECIFIED. ) ;
#1149 =( NAMED_UNIT ( * ) SI_UNIT ( $, .STERADIAN. ) SOLID_ANGLE_UNIT ( ) );
#1150 = B_SPLINE_CURVE_WITH_KNOTS ( 'NONE', 2,
 ( #6907, #168, #2492, #5631 ),
 .UNSPECIFIED., .F., .F.,
 ( 3, 1, 3 ),
 ( 0.000000000000000000, 1.000000000000000000, 2.000000000000000000 ),
 .UNSPECIFIED. ) ;
#1151 = DIRECTION ( 'NONE',  ( 0.000000000000000000, -0.9961649871150949354, -0.08749467667225570289 ) ) ;
#1152 = ADVANCED_FACE ( 'NONE', ( #6828 ), #3843, .T. ) ;
#1153 = CARTESIAN_POINT ( 'NONE',  ( 0.02305174979188250040, 3.548710675675319948, 0.1000000000000000056 ) ) ;
#1154 = CARTESIAN_POINT ( 'NONE',  ( -0.3073210099031090103, 3.900866254690860124, 0.1000000000000000056 ) ) ;
#1155 = LINE ( 'NONE', #1734, #857 ) ;
#1156 = VERTEX_POINT ( 'NONE', #2536 ) ;
#1157 = ORIENTED_EDGE ( 'NONE', *, *, #3056, .T. ) ;
#1158 = ORIENTED_EDGE ( 'NONE', *, *, #4945, .F. ) ;
#1159 = DIRECTION ( 'NONE',  ( 0.000000000000000000, -1.000000000000000000, 0.000000000000000000 ) ) ;
#1160 = DIRECTION ( 'NONE',  ( 0.000000000000000000, 0.000000000000000000, 1.000000000000000000 ) ) ;
#1161 = EDGE_CURVE ( 'NONE', #6902, #6025, #5633, .T. ) ;
#1162 = DIRECTION ( 'NONE',  ( 0.000000000000000000, 0.000000000000000000, 1.000000000000000000 ) ) ;
#1163 = CARTESIAN_POINT ( 'NONE',  ( 0.9335735973908250163, 3.563958649199709949, 0.1000000000000000056 ) ) ;
#1164 = CARTESIAN_POINT ( 'NONE',  ( 2.206416339688229922, 3.561780367267649794, 0.000000000000000000 ) ) ;
#1165 = VERTEX_POINT ( 'NONE', #6784 ) ;
#1166 = CARTESIAN_POINT ( 'NONE',  ( -2.540000000000000036, -1.721999999999999975, -6.375000000000000000 ) ) ;
#1167 = SURFACE_STYLE_USAGE ( .BOTH. , #4291 ) ;
#1168 = DIRECTION ( 'NONE',  ( 1.133806193448889744E-16, 0.000000000000000000, 1.000000000000000000 ) ) ;
#1169 = DIRECTION ( 'NONE',  ( 0.000000000000000000, 0.000000000000000000, 1.000000000000000000 ) ) ;
#1170 = LINE ( 'NONE', #4, #7626 ) ;
#1171 = ORIENTED_EDGE ( 'NONE', *, *, #5743, .F. ) ;
#1172 = ORIENTED_EDGE ( 'NONE', *, *, #5349, .F. ) ;
#1173 = AXIS2_PLACEMENT_3D ( 'NONE', #6352, #837, #1528 ) ;
#1174 = AXIS2_PLACEMENT_3D ( 'NONE', #1994, #5747, #1373 ) ;
#1175 = CARTESIAN_POINT ( 'NONE',  ( -0.6282545478925289917, 3.818091541272780276, 0.1000000000000000056 ) ) ;
#1176 = EDGE_CURVE ( 'NONE', #2158, #2792, #4230, .T. ) ;
#1177 = ORIENTED_EDGE ( 'NONE', *, *, #2701, .T. ) ;
#1178 = FACE_OUTER_BOUND ( 'NONE', #2583, .T. ) ;
#1179 = LINE ( 'NONE', #6215, #3713 ) ;
#1180 = CARTESIAN_POINT ( 'NONE',  ( 4.097889255813420561, 0.2000000000000000111, -5.877110744186579971 ) ) ;
#1181 = ORIENTED_EDGE ( 'NONE', *, *, #8056, .F. ) ;
#1182 = ORIENTED_EDGE ( 'NONE', *, *, #5262, .T. ) ;
#1183 = VECTOR ( 'NONE', #6419, 1000.000000000000000 ) ;
#1184 = EDGE_CURVE ( 'NONE', #5640, #4562, #693, .T. ) ;
#1185 = ORIENTED_EDGE ( 'NONE', *, *, #7542, .F. ) ;
#1186 = CYLINDRICAL_SURFACE ( 'NONE', #6882, 0.1299999999999998934 ) ;
#1187 =( LENGTH_UNIT ( ) NAMED_UNIT ( * ) SI_UNIT ( .MILLI., .METRE. ) );
#1188 = PLANE ( 'NONE',  #6086 ) ;
#1189 = DIRECTION ( 'NONE',  ( 1.000000000000000000, 0.000000000000000000, 0.000000000000000000 ) ) ;
#1190 = ADVANCED_FACE ( 'NONE', ( #5106 ), #3729, .T. ) ;
#1191 = VECTOR ( 'NONE', #3100, 1000.000000000000000 ) ;
#1192 = EDGE_CURVE ( 'NONE', #4133, #7277, #4464, .T. ) ;
#1193 = CARTESIAN_POINT ( 'NONE',  ( 2.290000000000000036, -1.678252661663869993, 6.873082493557559403 ) ) ;
#1194 = DIRECTION ( 'NONE',  ( 0.000000000000000000, 0.000000000000000000, 1.000000000000000000 ) ) ;
#1195 = CYLINDRICAL_SURFACE ( 'NONE', #5955, 0.2500000000000002220 ) ;
#1196 = VERTEX_POINT ( 'NONE', #6332 ) ;
#1197 = ORIENTED_EDGE ( 'NONE', *, *, #402, .F. ) ;
#1198 = EDGE_CURVE ( 'NONE', #791, #3731, #573, .T. ) ;
#1199 = ORIENTED_EDGE ( 'NONE', *, *, #3518, .T. ) ;
#1200 = VECTOR ( 'NONE', #660, 1000.000000000000000 ) ;
#1201 = CARTESIAN_POINT ( 'NONE',  ( 1.051200821721789858, 3.495705815328649546, 0.000000000000000000 ) ) ;
#1202 = CARTESIAN_POINT ( 'NONE',  ( 2.790000000000000036, -1.721999999999999975, -6.375000000000000000 ) ) ;
#1203 = CARTESIAN_POINT ( 'NONE',  ( 0.2176449357221190151, 3.546532393743270006, 0.000000000000000000 ) ) ;
#1204 = CARTESIAN_POINT ( 'NONE',  ( -0.6536678370998361132, 3.643102892731029829, 0.000000000000000000 ) ) ;
#1205 = CARTESIAN_POINT ( 'NONE',  ( 2.790000000000000036, -1.700126330831939869, -6.624041246778779701 ) ) ;
#1206 = VERTEX_POINT ( 'NONE', #5719 ) ;
#1207 = EDGE_CURVE ( 'NONE', #1899, #682, #127, .T. ) ;
#1208 = CARTESIAN_POINT ( 'NONE',  ( -4.500000000000000000, 0.2000000000000000111, 5.877110744186579971 ) ) ;
#1209 = CIRCLE ( 'NONE', #6825, 0.4999999999999995559 ) ;
#1210 = DIRECTION ( 'NONE',  ( -0.7071067811865661135, -0.7071067811865290320, 0.000000000000000000 ) ) ;
#1211 = DIRECTION ( 'NONE',  ( 1.000000000000000000, 0.000000000000000000, 0.000000000000000000 ) ) ;
#1212 = CARTESIAN_POINT ( 'NONE',  ( 2.290000000000000036, -1.221999999999999975, 6.375000000000000000 ) ) ;
#1213 = CARTESIAN_POINT ( 'NONE',  ( 0.007803776267498349975, 4.025754418795340683, 0.1000000000000000056 ) ) ;
#1214 = VECTOR ( 'NONE', #118, 1000.000000000000000 ) ;
#1215 = B_SPLINE_SURFACE_WITH_KNOTS ( 'NONE', 2, 1, ( 
 ( #5052, #2113 ),
 ( #4571, #7095 ),
 ( #1947, #4445 ),
 ( #6927, #1988 ) ),
 .UNSPECIFIED., .F., .F., .F.,
 ( 3, 1, 3 ),
 ( 2, 2 ),
 ( 0.000000000000000000, 1.000000000000000000, 2.000000000000000000 ),
 ( 0.000000000000000000, 0.01000000000000000021 ),
 .UNSPECIFIED. ) ;
#1216 = EDGE_LOOP ( 'NONE', ( #2758, #1346, #6912, #3535 ) ) ;
#1217 = ORIENTED_EDGE ( 'NONE', *, *, #5910, .T. ) ;
#1218 = FACE_OUTER_BOUND ( 'NONE', #3495, .T. ) ;
#1219 = CARTESIAN_POINT ( 'NONE',  ( -0.09167109862967480483, 3.330882482469830208, 0.000000000000000000 ) ) ;
#1220 = DIRECTION ( 'NONE',  ( 1.000000000000000000, 0.000000000000000000, 0.000000000000000000 ) ) ;
#1221 = DIRECTION ( 'NONE',  ( 0.000000000000000000, 0.000000000000000000, 1.000000000000000000 ) ) ;
#1222 = CARTESIAN_POINT ( 'NONE',  ( 0.07315223422914499118, 3.505871131011580211, 0.1000000000000000056 ) ) ;
#1223 = EDGE_LOOP ( 'NONE', ( #1121, #2553, #3980, #432 ) ) ;
#1224 = AXIS2_PLACEMENT_3D ( 'NONE', #5860, #4020, #345 ) ;
#1225 = ORIENTED_EDGE ( 'NONE', *, *, #7163, .T. ) ;
#1226 = VERTEX_POINT ( 'NONE', #2009 ) ;
#1227 = CARTESIAN_POINT ( 'NONE',  ( -2.225620802317028968, 3.799442901457126709, 0.1000000000000000056 ) ) ;
#1228 = DIRECTION ( 'NONE',  ( 0.000000000000000000, 0.000000000000000000, 1.000000000000000000 ) ) ;
#1229 = VECTOR ( 'NONE', #2656, 1000.000000000000000 ) ;
#1230 = CARTESIAN_POINT ( 'NONE',  ( -0.7712950614308000663, 4.078759279142010641, 0.1000000000000000056 ) ) ;
#1231 = CARTESIAN_POINT ( 'NONE',  ( -0.5541929622026628977, 3.868192025710039950, 0.1000000000000000056 ) ) ;
#1232 = FACE_OUTER_BOUND ( 'NONE', #6104, .T. ) ;
#1233 = ORIENTED_EDGE ( 'NONE', *, *, #7948, .F. ) ;
#1234 = ORIENTED_EDGE ( 'NONE', *, *, #2149, .T. ) ;
#1235 = ORIENTED_EDGE ( 'NONE', *, *, #7352, .T. ) ;
#1236 = CIRCLE ( 'NONE', #7373, 0.2500000000000002220 ) ;
#1237 = EDGE_CURVE ( 'NONE', #1843, #5863, #1179, .T. ) ;
#1238 = CARTESIAN_POINT ( 'NONE',  ( 0.2176449357221190151, 3.546532393743270006, 0.1000000000000000056 ) ) ;
#1239 = CARTESIAN_POINT ( 'NONE',  ( 2.790000000000000036, -3.250000000000000000, 7.714999999999999858 ) ) ;
#1240 = CARTESIAN_POINT ( 'NONE',  ( -0.6464068973263199513, 3.815187165363369992, 0.000000000000000000 ) ) ;
#1241 = EDGE_CURVE ( 'NONE', #3608, #5732, #614, .T. ) ;
#1242 = VECTOR ( 'NONE', #7833, 1000.000000000000000 ) ;
#1243 = LINE ( 'NONE', #4326, #964 ) ;
#1244 = DIRECTION ( 'NONE',  ( -1.000000000000000000, 0.000000000000000000, 0.000000000000000000 ) ) ;
#1245 = VERTEX_POINT ( 'NONE', #862 ) ;
#1246 = EDGE_CURVE ( 'NONE', #6762, #7043, #4674, .T. ) ;
#1247 = EDGE_CURVE ( 'NONE', #7510, #4989, #5806, .T. ) ;
#1248 = CARTESIAN_POINT ( 'NONE',  ( 2.290000000000000036, -2.757562983323810002, -6.716917506442459995 ) ) ;
#1249 = AXIS2_PLACEMENT_3D ( 'NONE', #5333, #7784, #3338 ) ;
#1250 = CARTESIAN_POINT ( 'NONE',  ( 0.9604390745528360585, 3.945884081286660017, 0.1000000000000000056 ) ) ;
#1251 = EDGE_CURVE ( 'NONE', #44, #1686, #3458, .T. ) ;
#1252 = CARTESIAN_POINT ( 'NONE',  ( -0.2500000000000000000, -1.678252661663869993, -6.873082493557559403 ) ) ;
#1253 = CARTESIAN_POINT ( 'NONE',  ( -1.410436258902270090, 3.789685443644290164, 0.1000000000000000056 ) ) ;
#1254 = LINE ( 'NONE', #1213, #2022 ) ;
#1255 = ORIENTED_EDGE ( 'NONE', *, *, #7986, .T. ) ;
#1256 = ORIENTED_EDGE ( 'NONE', *, *, #1748, .F. ) ;
#1257 = ADVANCED_FACE ( 'NONE', ( #3444 ), #3361, .F. ) ;
#1258 = CARTESIAN_POINT ( 'NONE',  ( 2.100406618994890007, 3.351213113835679991, 0.000000000000000000 ) ) ;
#1259 = VECTOR ( 'NONE', #2359, 1000.000000000000000 ) ;
#1260 =( BOUNDED_CURVE ( )  B_SPLINE_CURVE ( 3, ( #1280, #1622, #4770, #7134 ),
 .UNSPECIFIED., .F., .F. ) 
 B_SPLINE_CURVE_WITH_KNOTS ( ( 4, 4 ),
 ( 3.141592653669255775, 4.660029102904416298 ),
 .UNSPECIFIED. ) 
 CURVE ( )  GEOMETRIC_REPRESENTATION_ITEM ( )  RATIONAL_B_SPLINE_CURVE ( ( 1.000000000000000000, 0.8169162473415034764, 0.8169162473415034764, 1.000000000000000000 ) ) 
 REPRESENTATION_ITEM ( '' )  );
#1261 = CARTESIAN_POINT ( 'NONE',  ( 1.107110057977859885, 3.611880851704910356, 0.000000000000000000 ) ) ;
#1262 = LINE ( 'NONE', #6250, #7570 ) ;
#1263 = CARTESIAN_POINT ( 'NONE',  ( 0.4282121891540919822, 3.349760925880980178, 0.000000000000000000 ) ) ;
#1264 = CARTESIAN_POINT ( 'NONE',  ( 2.790000000000000036, -2.713815644987700004, -7.214999999999999858 ) ) ;
#1265 = ORIENTED_EDGE ( 'NONE', *, *, #537, .F. ) ;
#1266 = VERTEX_POINT ( 'NONE', #5935 ) ;
#1267 = VECTOR ( 'NONE', #5735, 1000.000000000000000 ) ;
#1268 = VERTEX_POINT ( 'NONE', #292 ) ;
#1269 = DIRECTION ( 'NONE',  ( 0.000000000000000000, 0.7253743710122911859, 0.6883545756937502480 ) ) ;
#1270 = LINE ( 'NONE', #4553, #1984 ) ;
#1271 = DIRECTION ( 'NONE',  ( 1.000000000000000000, 0.000000000000000000, 0.000000000000000000 ) ) ;
#1272 = DIRECTION ( 'NONE',  ( 0.000000000000000000, 0.000000000000000000, 1.000000000000000000 ) ) ;
#1273 =( LENGTH_UNIT ( ) NAMED_UNIT ( * ) SI_UNIT ( .MILLI., .METRE. ) );
#1274 = LINE ( 'NONE', #7979, #2944 ) ;
#1275 = ORIENTED_EDGE ( 'NONE', *, *, #7894, .F. ) ;
#1276 = ORIENTED_EDGE ( 'NONE', *, *, #6938, .F. ) ;
#1277 = ORIENTED_EDGE ( 'NONE', *, *, #1846, .F. ) ;
#1278 = CARTESIAN_POINT ( 'NONE',  ( 1.890565459540270110, 3.911757664351140029, 0.000000000000000000 ) ) ;
#1279 = CARTESIAN_POINT ( 'NONE',  ( 1.963174857275439722, 3.484088311691030171, 0.000000000000000000 ) ) ;
#1280 = CARTESIAN_POINT ( 'NONE',  ( 4.007005230844689514, -3.000000000000000000, 5.994920913255509021 ) ) ;
#1281 = EDGE_CURVE ( 'NONE', #3731, #2540, #6438, .T. ) ;
#1282 = DIRECTION ( 'NONE',  ( 0.000000000000000000, 0.000000000000000000, 1.000000000000000000 ) ) ;
#1283 = DIRECTION ( 'NONE',  ( 0.000000000000000000, 0.000000000000000000, 1.000000000000000000 ) ) ;
#1284 = ORIENTED_EDGE ( 'NONE', *, *, #7482, .T. ) ;
#1285 = LINE ( 'NONE', #8072, #7302 ) ;
#1286 = CARTESIAN_POINT ( 'NONE',  ( 1.890565459540270110, 3.911757664351140029, 0.1000000000000000056 ) ) ;
#1287 = CARTESIAN_POINT ( 'NONE',  ( 3.750000000000000000, -0.4500000000000000111, -3.824999999999999734 ) ) ;
#1288 = EDGE_CURVE ( 'NONE', #4917, #2199, #1569, .T. ) ;
#1289 = ADVANCED_FACE ( 'NONE', ( #5278 ), #169, .T. ) ;
#1290 = DIRECTION ( 'NONE',  ( 0.000000000000000000, 0.000000000000000000, -1.000000000000000000 ) ) ;
#1291 = DIRECTION ( 'NONE',  ( 1.000000000000000000, 0.000000000000000000, 0.000000000000000000 ) ) ;
#1292 = CIRCLE ( 'NONE', #2476, 0.4999999999999995559 ) ;
#1293 = AXIS2_PLACEMENT_3D ( 'NONE', #2480, #1329, #3828 ) ;
#1294 = VERTEX_POINT ( 'NONE', #903 ) ;
#1295 = ORIENTED_EDGE ( 'NONE', *, *, #7481, .F. ) ;
#1296 = EDGE_CURVE ( 'NONE', #7537, #5862, #5192, .T. ) ;
#1297 = CARTESIAN_POINT ( 'NONE',  ( 1.941392037954889904, 3.331608576447190107, 0.000000000000000000 ) ) ;
#1298 = ORIENTED_EDGE ( 'NONE', *, *, #4307, .T. ) ;
#1299 = CARTESIAN_POINT ( 'NONE',  ( 2.290000000000000036, -1.221999999999999975, -6.074999999999999289 ) ) ;
#1300 = CARTESIAN_POINT ( 'NONE',  ( 0.2176449357221190151, 3.349760925880980178, 0.000000000000000000 ) ) ;
#1301 = PLANE ( 'NONE',  #3863 ) ;
#1302 = VERTEX_POINT ( 'NONE', #335 ) ;
#1303 = ORIENTED_EDGE ( 'NONE', *, *, #5401, .F. ) ;
#1304 = AXIS2_PLACEMENT_3D ( 'NONE', #2299, #4797, #6666 ) ;
#1305 = ORIENTED_EDGE ( 'NONE', *, *, #1551, .F. ) ;
#1306 = EDGE_CURVE ( 'NONE', #5938, #6910, #1463, .T. ) ;
#1307 = PRESENTATION_STYLE_ASSIGNMENT (( #4472 ) ) ;
#1308 = CARTESIAN_POINT ( 'NONE',  ( -0.2500000000000000000, -3.212597670117609994, 7.180121763127949919 ) ) ;
#1309 = DIRECTION ( 'NONE',  ( -1.000000000000000000, 0.000000000000000000, 0.000000000000000000 ) ) ;
#1310 = MECHANICAL_DESIGN_GEOMETRIC_PRESENTATION_REPRESENTATION (  '', ( #6795 ), #4587 ) ;
#1311 = LINE ( 'NONE', #3776, #1200 ) ;
#1312 = DIRECTION ( 'NONE',  ( 0.000000000000000000, -0.9961649871150950464, 0.08749467667225489798 ) ) ;
#1313 = COLOUR_RGB ( '',1.000000000000000000, 1.000000000000000000, 1.000000000000000000 ) ;
#1314 = DIRECTION ( 'NONE',  ( 0.000000000000000000, 0.000000000000000000, -1.000000000000000000 ) ) ;
#1315 = ORIENTED_EDGE ( 'NONE', *, *, #597, .F. ) ;
#1316 = VERTEX_POINT ( 'NONE', #6539 ) ;
#1317 = EDGE_LOOP ( 'NONE', ( #5259, #6293, #667, #3860, #6810 ) ) ;
#1318 = ORIENTED_EDGE ( 'NONE', *, *, #1917, .F. ) ;
#1319 = CARTESIAN_POINT ( 'NONE',  ( 2.138163505817180177, 3.359926241563900184, 0.1000000000000000056 ) ) ;
#1320 = AXIS2_PLACEMENT_3D ( 'NONE', #3657, #6142, #3041 ) ;
#1321 = DIRECTION ( 'NONE',  ( -1.000000000000000000, 0.000000000000000000, 0.000000000000000000 ) ) ;
#1322 = FACE_OUTER_BOUND ( 'NONE', #5939, .T. ) ;
#1323 = DIRECTION ( 'NONE',  ( -0.05226442768870628169, 0.9972646886342375616, -0.05226442768871678024 ) ) ;
#1324 = B_SPLINE_CURVE_WITH_KNOTS ( 'NONE', 2,
 ( #4282, #7911, #3667, #1740 ),
 .UNSPECIFIED., .F., .F.,
 ( 3, 1, 3 ),
 ( 0.000000000000000000, 1.000000000000000000, 2.000000000000000000 ),
 .UNSPECIFIED. ) ;
#1325 = DIRECTION ( 'NONE',  ( 0.000000000000000000, 0.000000000000000000, -1.000000000000000000 ) ) ;
#1326 = ORIENTED_EDGE ( 'NONE', *, *, #4934, .F. ) ;
#1327 = AXIS2_PLACEMENT_3D ( 'NONE', #7841, #5467, #5387 ) ;
#1328 = EDGE_CURVE ( 'NONE', #2182, #619, #4009, .T. ) ;
#1329 = DIRECTION ( 'NONE',  ( 0.000000000000000000, 0.000000000000000000, 1.000000000000000000 ) ) ;
#1330 = DIRECTION ( 'NONE',  ( 0.000000000000000000, 0.000000000000000000, 1.000000000000000000 ) ) ;
#1331 = CIRCLE ( 'NONE', #3563, 0.05250000000000007438 ) ;
#1332 = CARTESIAN_POINT ( 'NONE',  ( 1.216750248557959990, 3.780334654450490106, 0.1000000000000000056 ) ) ;
#1333 = CARTESIAN_POINT ( 'NONE',  ( 1.941392037954889904, 3.331608576447190107, 0.1000000000000000056 ) ) ;
#1334 = ORIENTED_EDGE ( 'NONE', *, *, #5744, .F. ) ;
#1335 = ORIENTED_EDGE ( 'NONE', *, *, #2990, .F. ) ;
#1336 = B_SPLINE_CURVE_WITH_KNOTS ( 'NONE', 2,
 ( #1556, #7193, #2783, #3360 ),
 .UNSPECIFIED., .F., .F.,
 ( 3, 1, 3 ),
 ( 0.000000000000000000, 1.000000000000000000, 2.000000000000000000 ),
 .UNSPECIFIED. ) ;
#1337 = ADVANCED_FACE ( 'NONE', ( #3403 ), #7766, .T. ) ;
#1338 = EDGE_CURVE ( 'NONE', #3028, #1401, #2178, .T. ) ;
#1339 = FACE_OUTER_BOUND ( 'NONE', #3572, .T. ) ;
#1340 = VECTOR ( 'NONE', #4939, 1000.000000000000000 ) ;
#1341 = ORIENTED_EDGE ( 'NONE', *, *, #2644, .F. ) ;
#1342 = CARTESIAN_POINT ( 'NONE',  ( -4.391596839026770560, 0.1642986682315976665, -5.966596839026767185 ) ) ;
#1343 = EDGE_CURVE ( 'NONE', #1795, #3135, #3962, .T. ) ;
#1344 = CARTESIAN_POINT ( 'NONE',  ( 3.969831928657021169, 0.1104725758722874679, -6.005168071342978031 ) ) ;
#1345 = FACE_OUTER_BOUND ( 'NONE', #7554, .T. ) ;
#1346 = ORIENTED_EDGE ( 'NONE', *, *, #66, .T. ) ;
#1347 = VERTEX_POINT ( 'NONE', #6372 ) ;
#1348 = ORIENTED_EDGE ( 'NONE', *, *, #1440, .T. ) ;
#1349 = ADVANCED_FACE ( 'NONE', ( #777 ), #3271, .T. ) ;
#1350 =( NAMED_UNIT ( * ) PLANE_ANGLE_UNIT ( ) SI_UNIT ( $, .RADIAN. ) );
#1351 = SURFACE_STYLE_FILL_AREA ( #4430 ) ;
#1352 = FACE_OUTER_BOUND ( 'NONE', #6787, .T. ) ;
#1353 = CARTESIAN_POINT ( 'NONE',  ( -0.2500000000000000000, -2.735689314155739904, 6.965958753221239697 ) ) ;
#1354 = DIRECTION ( 'NONE',  ( 0.000000000000000000, -1.000000000000000000, 0.000000000000000000 ) ) ;
#1355 = EDGE_CURVE ( 'NONE', #5609, #5108, #7227, .T. ) ;
#1356 = PRESENTATION_LAYER_ASSIGNMENT (  '', '', ( #5145 ) ) ;
#1357 = LINE ( 'NONE', #5648, #589 ) ;
#1358 = ORIENTED_EDGE ( 'NONE', *, *, #1004, .F. ) ;
#1359 = EDGE_LOOP ( 'NONE', ( #8043, #764, #4534, #1503 ) ) ;
#1360 = EDGE_LOOP ( 'NONE', ( #410, #4983, #5167, #7654 ) ) ;
#1361 =( BOUNDED_CURVE ( )  B_SPLINE_CURVE ( 3, ( #542, #8021, #4842, #6880 ),
 .UNSPECIFIED., .F., .F. ) 
 B_SPLINE_CURVE_WITH_KNOTS ( ( 4, 4 ),
 ( 1.623156204304308181, 3.141592653539405422 ),
 .UNSPECIFIED. ) 
 CURVE ( )  GEOMETRIC_REPRESENTATION_ITEM ( )  RATIONAL_B_SPLINE_CURVE ( ( 1.000000000000000000, 0.8169162473415180203, 0.8169162473415180203, 1.000000000000000000 ) ) 
 REPRESENTATION_ITEM ( '' )  );
#1362 = CARTESIAN_POINT ( 'NONE',  ( -2.790000000000000036, -2.757562983323810002, 6.716917506442459995 ) ) ;
#1363 = DIRECTION ( 'NONE',  ( 0.000000000000000000, 0.000000000000000000, 1.000000000000000000 ) ) ;
#1364 = AXIS2_PLACEMENT_3D ( 'NONE', #3143, #3679, #3760 ) ;
#1365 = CARTESIAN_POINT ( 'NONE',  ( -1.831507543767989965, 3.823340976527359825, 0.000000000000000000 ) ) ;
#1366 = FACE_OUTER_BOUND ( 'NONE', #2769, .T. ) ;
#1367 = CARTESIAN_POINT ( 'NONE',  ( 1.133249441162520021, 3.842778736502729942, 0.1000000000000000056 ) ) ;
#1368 = CARTESIAN_POINT ( 'NONE',  ( -2.790000000000000036, -1.678252661663869993, 6.873082493557559403 ) ) ;
#1369 = CIRCLE ( 'NONE', #3596, 0.2500000000000002220 ) ;
#1370 = ORIENTED_EDGE ( 'NONE', *, *, #6494, .F. ) ;
#1371 = AXIS2_PLACEMENT_3D ( 'NONE', #4033, #7218, #2850 ) ;
#1372 = CARTESIAN_POINT ( 'NONE',  ( -4.422555392153530995, -2.949731148046351503, -5.997555392153504528 ) ) ;
#1373 = DIRECTION ( 'NONE',  ( -1.000000000000000000, 0.000000000000000000, 0.000000000000000000 ) ) ;
#1374 = AXIS2_PLACEMENT_3D ( 'NONE', #5878, #7708, #3515 ) ;
#1375 = LINE ( 'NONE', #7058, #7348 ) ;
#1376 = CARTESIAN_POINT ( 'NONE',  ( 1.820860437714520108, 3.518940822603910057, 0.000000000000000000 ) ) ;
#1377 = CIRCLE ( 'NONE', #1249, 0.2500000000000002220 ) ;
#1378 = ORIENTED_EDGE ( 'NONE', *, *, #752, .T. ) ;
#1379 = MANIFOLD_SOLID_BREP ( 'Imported6', #6427 ) ;
#1380 = CARTESIAN_POINT ( 'NONE',  ( 0.9161473419343860725, 3.386065624748559877, 0.1000000000000000056 ) ) ;
#1381 = CARTESIAN_POINT ( 'NONE',  ( 1.755511979752869989, 3.774525902631679752, 0.000000000000000000 ) ) ;
#1382 = CARTESIAN_POINT ( 'NONE',  ( 1.963174857275439722, 3.484088311691030171, 0.1000000000000000056 ) ) ;
#1383 = EDGE_CURVE ( 'NONE', #1268, #5045, #659, .T. ) ;
#1384 = DIRECTION ( 'NONE',  ( 1.000000000000000000, 0.000000000000000000, 0.000000000000000000 ) ) ;
#1385 = CARTESIAN_POINT ( 'NONE',  ( 0.2500000000000000000, -1.221999999999999975, -6.375000000000000000 ) ) ;
#1386 = ORIENTED_EDGE ( 'NONE', *, *, #4200, .T. ) ;
#1387 = VERTEX_POINT ( 'NONE', #7027 ) ;
#1388 = EDGE_LOOP ( 'NONE', ( #1341, #5788, #3236, #5670 ) ) ;
#1389 = ADVANCED_FACE ( 'NONE', ( #7560 ), #1935, .F. ) ;
#1390 = VECTOR ( 'NONE', #3838, 1000.000000000000000 ) ;
#1391 = FACE_OUTER_BOUND ( 'NONE', #4765, .T. ) ;
#1392 = DIRECTION ( 'NONE',  ( -1.000000000000000000, 0.000000000000000000, 0.000000000000000000 ) ) ;
#1393 = EDGE_LOOP ( 'NONE', ( #3457, #3287, #4154, #6124 ) ) ;
#1394 = FACE_OUTER_BOUND ( 'NONE', #4003, .T. ) ;
#1395 = CARTESIAN_POINT ( 'NONE',  ( 1.828847471465379959, 3.911757664351140029, 0.000000000000000000 ) ) ;
#1396 = ADVANCED_FACE ( 'NONE', ( #3163, #6837 ), #5117, .F. ) ;
#1397 = ADVANCED_FACE ( 'NONE', ( #6916 ), #5646, .F. ) ;
#1398 = DIRECTION ( 'NONE',  ( 0.000000000000000000, 0.000000000000000000, -1.000000000000000000 ) ) ;
#1399 = ORIENTED_EDGE ( 'NONE', *, *, #7896, .T. ) ;
#1400 = ORIENTED_EDGE ( 'NONE', *, *, #5971, .F. ) ;
#1401 = VERTEX_POINT ( 'NONE', #1353 ) ;
#1402 = EDGE_CURVE ( 'NONE', #1981, #7293, #3775, .T. ) ;
#1403 = LINE ( 'NONE', #4028, #7275 ) ;
#1404 = VECTOR ( 'NONE', #3432, 1000.000000000000000 ) ;
#1405 = CARTESIAN_POINT ( 'NONE',  ( 0.2500000000000000000, -1.221999999999999975, 6.375000000000000000 ) ) ;
#1406 = CARTESIAN_POINT ( 'NONE',  ( 1.314046841523080156, 3.761456211039349906, 0.1000000000000000056 ) ) ;
#1407 = CARTESIAN_POINT ( 'NONE',  ( 1.180445549690380069, 3.598085066135229937, 0.000000000000000000 ) ) ;
#1408 = DIRECTION ( 'NONE',  ( -1.000000000000000000, 0.000000000000000000, 0.000000000000000000 ) ) ;
#1409 = CYLINDRICAL_SURFACE ( 'NONE', #5816, 0.4999999999999995559 ) ;
#1410 = ORIENTED_EDGE ( 'NONE', *, *, #6282, .F. ) ;
#1411 = ADVANCED_FACE ( 'NONE', ( #2547 ), #5038, .F. ) ;
#1412 = DIRECTION ( 'NONE',  ( 0.000000000000000000, 0.000000000000000000, 1.000000000000000000 ) ) ;
#1413 = DIRECTION ( 'NONE',  ( 0.8597763410315684141, -0.5106707779013481829, 0.000000000000000000 ) ) ;
#1414 = UNCERTAINTY_MEASURE_WITH_UNIT (LENGTH_MEASURE( 1.000000000000000082E-05 ), #4183, 'distance_accuracy_value', 'NONE');
#1415 = APPLICATION_CONTEXT ( 'automotive_design' ) ;
#1416 = CARTESIAN_POINT ( 'NONE',  ( -4.500000000000000000, -1.471999999999999975, 0.000000000000000000 ) ) ;
#1417 = CARTESIAN_POINT ( 'NONE',  ( 1.793268866575149945, 3.537819266015050257, 0.000000000000000000 ) ) ;
#1418 = VERTEX_POINT ( 'NONE', #1230 ) ;
#1419 = CARTESIAN_POINT ( 'NONE',  ( -4.500000000000000000, -1.221999999999999975, -6.074999999999999289 ) ) ;
#1420 = LINE ( 'NONE', #6408, #945 ) ;
#1421 = CARTESIAN_POINT ( 'NONE',  ( -0.2500000000000000000, -3.000608987435080088, 7.732439118436020387 ) ) ;
#1422 = LINE ( 'NONE', #7636, #929 ) ;
#1423 = CARTESIAN_POINT ( 'NONE',  ( 1.021430968650369975, 3.509501600898329965, 0.1000000000000000056 ) ) ;
#1424 = LINE ( 'NONE', #6373, #6728 ) ;
#1425 = ORIENTED_EDGE ( 'NONE', *, *, #441, .F. ) ;
#1426 = ORIENTED_EDGE ( 'NONE', *, *, #6273, .F. ) ;
#1427 = VERTEX_POINT ( 'NONE', #1193 ) ;
#1428 = DIRECTION ( 'NONE',  ( 0.000000000000000000, 1.000000000000000000, 0.000000000000000000 ) ) ;
#1429 = EDGE_CURVE ( 'NONE', #104, #2812, #2506, .T. ) ;
#1430 = CARTESIAN_POINT ( 'NONE',  ( -3.011496243666210049, 3.935849295896549194, 0.1000000000000000056 ) ) ;
#1431 = DIRECTION ( 'NONE',  ( 0.8307716891832557238, -0.5566133311838658004, 0.000000000000000000 ) ) ;
#1432 = ORIENTED_EDGE ( 'NONE', *, *, #807, .T. ) ;
#1433 = CARTESIAN_POINT ( 'NONE',  ( 1.545670820298249870, 3.683764155462729839, 0.1000000000000000056 ) ) ;
#1434 = CARTESIAN_POINT ( 'NONE',  ( -2.790000000000000036, -1.471999999999999975, -6.375000000000000000 ) ) ;
#1435 = ORIENTED_EDGE ( 'NONE', *, *, #7452, .F. ) ;
#1436 = ORIENTED_EDGE ( 'NONE', *, *, #2219, .F. ) ;
#1437 = ORIENTED_EDGE ( 'NONE', *, *, #4088, .T. ) ;
#1438 = CARTESIAN_POINT ( 'NONE',  ( -4.500000000000000000, -1.471999999999999975, 6.074999999999999289 ) ) ;
#1439 = DIRECTION ( 'NONE',  ( 0.000000000000000000, 0.000000000000000000, 1.000000000000000000 ) ) ;
#1440 = EDGE_CURVE ( 'NONE', #896, #7330, #1852, .T. ) ;
#1441 = PLANE ( 'NONE',  #351 ) ;
#1442 = EDGE_CURVE ( 'NONE', #5557, #6724, #6794, .T. ) ;
#1443 = CARTESIAN_POINT ( 'NONE',  ( 1.346721070503900108, 3.750564801379079771, 0.1000000000000000056 ) ) ;
#1444 = STYLED_ITEM ( 'NONE', ( #3874 ), #4287 ) ;
#1445 = CARTESIAN_POINT ( 'NONE',  ( 1.494844241883630076, 3.561054273290299665, 0.000000000000000000 ) ) ;
#1446 = CYLINDRICAL_SURFACE ( 'NONE', #5275, 0.05250000000000012990 ) ;
#1447 = FACE_OUTER_BOUND ( 'NONE', #5608, .T. ) ;
#1448 = ADVANCED_FACE ( 'NONE', ( #6299 ), #704, .T. ) ;
#1449 = ORIENTED_EDGE ( 'NONE', *, *, #3649, .F. ) ;
#1450 = DIRECTION ( 'NONE',  ( 1.133806193448889744E-16, 0.000000000000000000, 1.000000000000000000 ) ) ;
#1451 = CARTESIAN_POINT ( 'NONE',  ( -0.2500000000000000000, -1.221999999999999975, 6.074999999999999289 ) ) ;
#1452 = VECTOR ( 'NONE', #3150, 1000.000000000000000 ) ;
#1453 = DIRECTION ( 'NONE',  ( 0.000000000000000000, 0.000000000000000000, 1.000000000000000000 ) ) ;
#1454 = CARTESIAN_POINT ( 'NONE',  ( 2.183907426390330198, 3.561780367267649794, 0.000000000000000000 ) ) ;
#1455 = B_SPLINE_CURVE_WITH_KNOTS ( 'NONE', 2,
 ( #7039, #748, #4520, #3859 ),
 .UNSPECIFIED., .F., .F.,
 ( 3, 1, 3 ),
 ( 0.000000000000000000, 1.000000000000000000, 2.000000000000000000 ),
 .UNSPECIFIED. ) ;
#1456 = ADVANCED_FACE ( 'NONE', ( #3857 ), #1811, .T. ) ;
#1457 = ORIENTED_EDGE ( 'NONE', *, *, #6962, .F. ) ;
#1458 = LINE ( 'NONE', #5188, #4539 ) ;
#1459 = VECTOR ( 'NONE', #7484, 1000.000000000000000 ) ;
#1460 = CARTESIAN_POINT ( 'NONE',  ( 1.820860437714520108, 3.518940822603910057, 0.1000000000000000056 ) ) ;
#1461 = CARTESIAN_POINT ( 'NONE',  ( 0.1312397524172750074, 3.505871131011580211, 0.000000000000000000 ) ) ;
#1462 = CARTESIAN_POINT ( 'NONE',  ( 1.847725914876529929, 3.500062379192759643, 0.1000000000000000056 ) ) ;
#1463 = LINE ( 'NONE', #1510, #5397 ) ;
#1464 = DIRECTION ( 'NONE',  ( 0.000000000000000000, 1.000000000000000000, 7.228014483236570338E-16 ) ) ;
#1465 = ORIENTED_EDGE ( 'NONE', *, *, #7912, .F. ) ;
#1466 = B_SPLINE_CURVE_WITH_KNOTS ( 'NONE', 2,
 ( #4608, #7462, #147, #2727 ),
 .UNSPECIFIED., .F., .F.,
 ( 3, 1, 3 ),
 ( 0.000000000000000000, 1.000000000000000000, 2.000000000000000000 ),
 .UNSPECIFIED. ) ;
#1467 = ORIENTED_EDGE ( 'NONE', *, *, #1251, .T. ) ;
#1468 = ORIENTED_EDGE ( 'NONE', *, *, #107, .F. ) ;
#1469 =( LENGTH_UNIT ( ) NAMED_UNIT ( * ) SI_UNIT ( .MILLI., .METRE. ) );
#1470 = VECTOR ( 'NONE', #2655, 1000.000000000000000 ) ;
#1471 = DIRECTION ( 'NONE',  ( -1.000000000000000000, 0.000000000000000000, 0.000000000000000000 ) ) ;
#1472 = FACE_OUTER_BOUND ( 'NONE', #7792, .T. ) ;
#1473 = ORIENTED_EDGE ( 'NONE', *, *, #6803, .F. ) ;
#1474 = CARTESIAN_POINT ( 'NONE',  ( -2.790000000000000036, -1.471999999999999975, 6.375000000000000000 ) ) ;
#1475 = FILL_AREA_STYLE ('',( #4683 ) ) ;
#1476 = CARTESIAN_POINT ( 'NONE',  ( -2.790000000000000036, -2.963206657552649670, -7.197560881563960677 ) ) ;
#1477 = ORIENTED_EDGE ( 'NONE', *, *, #609, .F. ) ;
#1478 = VECTOR ( 'NONE', #2645, 1000.000000000000000 ) ;
#1479 = ORIENTED_EDGE ( 'NONE', *, *, #152, .F. ) ;
#1480 = VERTEX_POINT ( 'NONE', #746 ) ;
#1481 = PLANE ( 'NONE',  #22 ) ;
#1482 = DIRECTION ( 'NONE',  ( 0.000000000000000000, 0.000000000000000000, 1.000000000000000000 ) ) ;
#1483 = DIRECTION ( 'NONE',  ( 1.000000000000000000, 0.000000000000000000, 0.000000000000000000 ) ) ;
#1484 = CARTESIAN_POINT ( 'NONE',  ( -1.831507543767989965, 3.823340976527359825, 0.000000000000000000 ) ) ;
#1485 = AXIS2_PLACEMENT_3D ( 'NONE', #21, #7483, #2549 ) ;
#1486 = FACE_OUTER_BOUND ( 'NONE', #6131, .T. ) ;
#1487 = CARTESIAN_POINT ( 'NONE',  ( -0.7553209939290640440, 3.810104507521910211, 0.000000000000000000 ) ) ;
#1488 = PLANE ( 'NONE',  #3194 ) ;
#1489 = ORIENTED_EDGE ( 'NONE', *, *, #3003, .T. ) ;
#1490 = EDGE_CURVE ( 'NONE', #6752, #5863, #3243, .T. ) ;
#1491 = VERTEX_POINT ( 'NONE', #624 ) ;
#1492 = AXIS2_PLACEMENT_3D ( 'NONE', #6616, #934, #3437 ) ;
#1493 = PLANE ( 'NONE',  #2637 ) ;
#1494 = CARTESIAN_POINT ( 'NONE',  ( 1.280646518564899861, 3.533462702150940160, 0.1000000000000000056 ) ) ;
#1495 = ADVANCED_FACE ( 'NONE', ( #3123 ), #5604, .T. ) ;
#1496 = FILL_AREA_STYLE ('',( #7102 ) ) ;
#1497 = CIRCLE ( 'NONE', #6324, 0.2500000000000002220 ) ;
#1498 = CIRCLE ( 'NONE', #2545, 0.05250000000000036582 ) ;
#1499 = DIRECTION ( 'NONE',  ( 0.000000000000000000, 0.000000000000000000, 1.000000000000000000 ) ) ;
#1500 = CARTESIAN_POINT ( 'NONE',  ( 4.430168071342979630, 0.1104725758722869128, 6.005168071342977143 ) ) ;
#1501 = EDGE_CURVE ( 'NONE', #472, #4894, #5852, .T. ) ;
#1502 = EDGE_CURVE ( 'NONE', #587, #1778, #7106, .T. ) ;
#1503 = ORIENTED_EDGE ( 'NONE', *, *, #6547, .F. ) ;
#1504 = LINE ( 'NONE', #4746, #2190 ) ;
#1505 = VECTOR ( 'NONE', #5402, 1000.000000000000000 ) ;
#1506 = EDGE_CURVE ( 'NONE', #4918, #3471, #1455, .T. ) ;
#1507 = CARTESIAN_POINT ( 'NONE',  ( -0.7712950614308000663, 3.349760925880980178, 0.000000000000000000 ) ) ;
#1508 = DIRECTION ( 'NONE',  ( 0.000000000000000000, 7.228014483236570338E-16, -1.000000000000000000 ) ) ;
#1509 = CARTESIAN_POINT ( 'NONE',  ( 1.820860437714520108, 3.518940822603910057, 0.1000000000000000056 ) ) ;
#1510 = CARTESIAN_POINT ( 'NONE',  ( -4.500000000000000000, -1.471999999999999975, -6.074999999999999289 ) ) ;
#1511 = DIRECTION ( 'NONE',  ( -1.000000000000000000, 0.000000000000000000, 0.000000000000000000 ) ) ;
#1512 = ORIENTED_EDGE ( 'NONE', *, *, #3741, .T. ) ;
#1513 = VERTEX_POINT ( 'NONE', #7004 ) ;
#1514 = ORIENTED_EDGE ( 'NONE', *, *, #6602, .F. ) ;
#1515 = ADVANCED_FACE ( 'NONE', ( #1937 ), #4434, .T. ) ;
#1516 = CARTESIAN_POINT ( 'NONE',  ( 0.000000000000000000, 0.000000000000000000, 0.000000000000000000 ) ) ;
#1517 = COLOUR_RGB ( '',1.000000000000000000, 1.000000000000000000, 1.000000000000000000 ) ;
#1518 = CARTESIAN_POINT ( 'NONE',  ( 1.346721070503900108, 3.750564801379079771, 0.000000000000000000 ) ) ;
#1519 = CARTESIAN_POINT ( 'NONE',  ( 0.9335735973908250163, 3.563958649199709949, 0.1000000000000000056 ) ) ;
#1520 = ORIENTED_EDGE ( 'NONE', *, *, #7935, .F. ) ;
#1521 = CARTESIAN_POINT ( 'NONE',  ( 1.168101952075400130, 3.476101277940159662, 0.000000000000000000 ) ) ;
#1522 = CARTESIAN_POINT ( 'NONE',  ( 2.790000000000000036, -1.700126330831939869, 6.624041246778789471 ) ) ;
#1523 = FACE_OUTER_BOUND ( 'NONE', #985, .T. ) ;
#1524 = EDGE_LOOP ( 'NONE', ( #7234, #5079, #4139, #7848 ) ) ;
#1525 = VERTEX_POINT ( 'NONE', #180 ) ;
#1526 = EDGE_LOOP ( 'NONE', ( #5290, #7653, #4427, #5207, #1939, #4011, #3366, #2592, #1158, #5899, #1794, #3497 ) ) ;
#1527 = ORIENTED_EDGE ( 'NONE', *, *, #6445, .F. ) ;
#1528 = DIRECTION ( 'NONE',  ( 0.000000000000000000, 1.734723475976805517E-15, -1.000000000000000000 ) ) ;
#1529 = CARTESIAN_POINT ( 'NONE',  ( -2.540000000000000036, -2.735689314155719920, -6.965958753221239697 ) ) ;
#1530 = DIRECTION ( 'NONE',  ( 0.000000000000000000, 1.000000000000000000, 0.000000000000000000 ) ) ;
#1531 = CARTESIAN_POINT ( 'NONE',  ( 2.290000000000000036, -1.700126330831939869, 6.624041246778789471 ) ) ;
#1532 = DIRECTION ( 'NONE',  ( 0.000000000000000000, 0.000000000000000000, 1.000000000000000000 ) ) ;
#1533 = VECTOR ( 'NONE', #2045, 1000.000000000000000 ) ;
#1534 =( BOUNDED_CURVE ( )  B_SPLINE_CURVE ( 3, ( #4935, #3789, #1372, #2566 ),
 .UNSPECIFIED., .F., .F. ) 
 B_SPLINE_CURVE_WITH_KNOTS ( ( 4, 4 ),
 ( 3.141592653736450025, 4.660029102972103487 ),
 .UNSPECIFIED. ) 
 CURVE ( )  GEOMETRIC_REPRESENTATION_ITEM ( )  RATIONAL_B_SPLINE_CURVE ( ( 1.000000000000000000, 0.8169162473413904557, 0.8169162473413904557, 1.000000000000000000 ) ) 
 REPRESENTATION_ITEM ( '' )  );
#1535 = CARTESIAN_POINT ( 'NONE',  ( 1.280646518564899861, 3.533462702150940160, 0.1000000000000000056 ) ) ;
#1536 = PLANE ( 'NONE',  #7900 ) ;
#1537 = ORIENTED_EDGE ( 'NONE', *, *, #5195, .F. ) ;
#1538 = ORIENTED_EDGE ( 'NONE', *, *, #2451, .T. ) ;
#1539 = MANIFOLD_SOLID_BREP ( 'Imported2', #1736 ) ;
#1540 = AXIS2_PLACEMENT_3D ( 'NONE', #6117, #6844, #8067 ) ;
#1541 = LINE ( 'NONE', #930, #1404 ) ;
#1542 = CARTESIAN_POINT ( 'NONE',  ( 1.242163537765269998, 3.899414066736159867, 0.1000000000000000056 ) ) ;
#1543 = CARTESIAN_POINT ( 'NONE',  ( -0.6464068973263199513, 3.815187165363369992, 0.000000000000000000 ) ) ;
#1544 = ADVANCED_FACE ( 'NONE', ( #7562 ), #7485, .F. ) ;
#1545 = PRESENTATION_LAYER_ASSIGNMENT (  '', '', ( #4418 ) ) ;
#1546 = CARTESIAN_POINT ( 'NONE',  ( 0.1094569330967260085, 3.505871131011580211, 0.000000000000000000 ) ) ;
#1547 = PLANE ( 'NONE',  #1492 ) ;
#1548 = ADVANCED_FACE ( 'NONE', ( #5164 ), #5119, .T. ) ;
#1549 = ORIENTED_EDGE ( 'NONE', *, *, #7943, .T. ) ;
#1550 = DIRECTION ( 'NONE',  ( -0.000000000000000000, 0.9975640502598241977, 0.06975647374412621837 ) ) ;
#1551 = EDGE_CURVE ( 'NONE', #5682, #3925, #3329, .T. ) ;
#1552 = MANIFOLD_SOLID_BREP ( 'Imported4', #4351 ) ;
#1553 = ADVANCED_FACE ( 'NONE', ( #2142 ), #3204, .T. ) ;
#1554 = FACE_OUTER_BOUND ( 'NONE', #6778, .T. ) ;
#1555 = DIRECTION ( 'NONE',  ( 0.000000000000000000, -1.000000000000000000, 0.000000000000000000 ) ) ;
#1556 = CARTESIAN_POINT ( 'NONE',  ( 1.545670820298249870, 3.683764155462729839, 0.000000000000000000 ) ) ;
#1557 = CARTESIAN_POINT ( 'NONE',  ( 0.9488215709152089117, 3.552341145562079916, 0.000000000000000000 ) ) ;
#1558 = PLANE ( 'NONE',  #6607 ) ;
#1559 = EDGE_CURVE ( 'NONE', #3601, #2295, #2933, .T. ) ;
#1560 = ORIENTED_EDGE ( 'NONE', *, *, #2659, .T. ) ;
#1561 = VERTEX_POINT ( 'NONE', #3493 ) ;
#1562 = B_SPLINE_CURVE_WITH_KNOTS ( 'NONE', 2,
 ( #8071, #6808, #2519, #4367 ),
 .UNSPECIFIED., .F., .F.,
 ( 3, 1, 3 ),
 ( -2.000000000000000000, -1.000000000000000000, 0.000000000000000000 ),
 .UNSPECIFIED. ) ;
#1563 = ORIENTED_EDGE ( 'NONE', *, *, #5687, .F. ) ;
#1564 = CARTESIAN_POINT ( 'NONE',  ( 1.280646518564899861, 3.533462702150940160, 0.000000000000000000 ) ) ;
#1565 = ORIENTED_EDGE ( 'NONE', *, *, #4100, .F. ) ;
#1566 = LINE ( 'NONE', #2793, #5510 ) ;
#1567 = LINE ( 'NONE', #2365, #2154 ) ;
#1568 = LINE ( 'NONE', #6592, #2824 ) ;
#1569 = B_SPLINE_CURVE_WITH_KNOTS ( 'NONE', 2,
 ( #5847, #7720, #4628, #4047 ),
 .UNSPECIFIED., .F., .F.,
 ( 3, 1, 3 ),
 ( -2.000000000000000000, -1.000000000000000000, 0.000000000000000000 ),
 .UNSPECIFIED. ) ;
#1570 = EDGE_CURVE ( 'NONE', #3126, #3034, #304, .T. ) ;
#1571 = ORIENTED_EDGE ( 'NONE', *, *, #510, .F. ) ;
#1572 = VERTEX_POINT ( 'NONE', #3414 ) ;
#1573 = VERTEX_POINT ( 'NONE', #4253 ) ;
#1574 = CARTESIAN_POINT ( 'NONE',  ( -0.2500000000000000000, -3.000608987435080088, -7.732439118436020387 ) ) ;
#1575 = SURFACE_SIDE_STYLE ('',( #3617 ) ) ;
#1576 = FACE_OUTER_BOUND ( 'NONE', #7681, .T. ) ;
#1577 = CARTESIAN_POINT ( 'NONE',  ( -4.500000000000000000, -3.000000000000000000, -5.994920913255509021 ) ) ;
#1578 = CARTESIAN_POINT ( 'NONE',  ( -4.391596839026767007, 0.1642986682315978331, 5.966596839026767185 ) ) ;
#1579 = CARTESIAN_POINT ( 'NONE',  ( 1.159388824347180158, 4.043906768229130755, 0.1000000000000000056 ) ) ;
#1580 = CARTESIAN_POINT ( 'NONE',  ( -1.410436258902270090, 3.789685443644290164, 0.000000000000000000 ) ) ;
#1581 = ORIENTED_EDGE ( 'NONE', *, *, #4813, .F. ) ;
#1582 = ORIENTED_EDGE ( 'NONE', *, *, #1949, .F. ) ;
#1583 = MANIFOLD_SOLID_BREP ( 'Imported1', #4868 ) ;
#1584 = AXIS2_PLACEMENT_3D ( 'NONE', #2741, #5315, #208 ) ;
#1585 = CARTESIAN_POINT ( 'NONE',  ( 1.234176504014399933, 4.043906768229130755, 0.1000000000000000056 ) ) ;
#1586 = STYLED_ITEM ( 'NONE', ( #280 ), #4299 ) ;
#1587 = DIRECTION ( 'NONE',  ( 1.000000000000000000, 0.000000000000000000, 0.000000000000000000 ) ) ;
#1588 =( NAMED_UNIT ( * ) PLANE_ANGLE_UNIT ( ) SI_UNIT ( $, .RADIAN. ) );
#1589 = DIRECTION ( 'NONE',  ( 0.000000000000000000, -1.000000000000000000, 0.000000000000000000 ) ) ;
#1590 = LINE ( 'NONE', #6574, #3070 ) ;
#1591 = VECTOR ( 'NONE', #7903, 1000.000000000000000 ) ;
#1592 = EDGE_CURVE ( 'NONE', #4388, #4524, #1567, .T. ) ;
#1593 = FACE_OUTER_BOUND ( 'NONE', #15, .T. ) ;
#1594 = CIRCLE ( 'NONE', #2771, 0.4999999999999995559 ) ;
#1595 = DIRECTION ( 'NONE',  ( -0.05226442768871380345, -0.9972646886342371175, 0.05226442768871601002 ) ) ;
#1596 = DIRECTION ( 'NONE',  ( -6.651025867514710557E-15, 1.000000000000000000, 0.000000000000000000 ) ) ;
#1597 = CARTESIAN_POINT ( 'NONE',  ( 1.963174857275439722, 3.484088311691030171, 0.000000000000000000 ) ) ;
#1598 = PLANE ( 'NONE',  #2173 ) ;
#1599 = ORIENTED_EDGE ( 'NONE', *, *, #3003, .F. ) ;
#1600 = EDGE_CURVE ( 'NONE', #5112, #6740, #3717, .T. ) ;
#1601 = ORIENTED_EDGE ( 'NONE', *, *, #1207, .F. ) ;
#1602 = AXIS2_PLACEMENT_3D ( 'NONE', #3313, #5886, #3440 ) ;
#1603 = EDGE_CURVE ( 'NONE', #4572, #3489, #194, .T. ) ;
#1604 = ORIENTED_EDGE ( 'NONE', *, *, #1093, .F. ) ;
#1605 = EDGE_CURVE ( 'NONE', #1387, #490, #4638, .T. ) ;
#1606 = DIRECTION ( 'NONE',  ( 0.000000000000000000, 0.06975647374412630164, -0.9975640502598241977 ) ) ;
#1607 = VECTOR ( 'NONE', #7124, 1000.000000000000000 ) ;
#1608 = ORIENTED_EDGE ( 'NONE', *, *, #3363, .T. ) ;
#1609 = LINE ( 'NONE', #4637, #1996 ) ;
#1610 = CARTESIAN_POINT ( 'NONE',  ( -2.281047728045660250, 4.062959866424269428, 0.000000000000000000 ) ) ;
#1611 = CARTESIAN_POINT ( 'NONE',  ( 2.218759937303210084, 3.723699324217069950, 0.1000000000000000056 ) ) ;
#1612 = ORIENTED_EDGE ( 'NONE', *, *, #1184, .T. ) ;
#1613 = EDGE_CURVE ( 'NONE', #7382, #982, #913, .T. ) ;
#1614 = ORIENTED_EDGE ( 'NONE', *, *, #4505, .T. ) ;
#1615 = ORIENTED_EDGE ( 'NONE', *, *, #6273, .T. ) ;
#1616 = AXIS2_PLACEMENT_3D ( 'NONE', #1096, #3559, #2866 ) ;
#1617 = DIRECTION ( 'NONE',  ( -1.000000000000000000, 0.000000000000000000, 0.000000000000000000 ) ) ;
#1618 = B_SPLINE_SURFACE_WITH_KNOTS ( 'NONE', 2, 1, ( 
 ( #3200, #5037 ),
 ( #5768, #132 ),
 ( #3891, #3161 ),
 ( #5726, #1934 ) ),
 .UNSPECIFIED., .F., .F., .F.,
 ( 3, 1, 3 ),
 ( 2, 2 ),
 ( -2.000000000000000000, -1.000000000000000000, 0.000000000000000000 ),
 ( 0.000000000000000000, 0.01000000000000000021 ),
 .UNSPECIFIED. ) ;
#1619 =( NAMED_UNIT ( * ) SI_UNIT ( $, .STERADIAN. ) SOLID_ANGLE_UNIT ( ) );
#1620 = DIRECTION ( 'NONE',  ( 0.000000000000000000, 0.000000000000000000, 1.000000000000000000 ) ) ;
#1621 = EDGE_CURVE ( 'NONE', #2389, #2182, #7759, .T. ) ;
#1622 = CARTESIAN_POINT ( 'NONE',  ( 3.933977675383215633, -2.999999999999973799, 5.994920913255505468 ) ) ;
#1623 = LINE ( 'NONE', #7745, #4084 ) ;
#1624 = VECTOR ( 'NONE', #3224, 1000.000000000000000 ) ;
#1625 = LINE ( 'NONE', #7829, #7117 ) ;
#1626 = ORIENTED_EDGE ( 'NONE', *, *, #5309, .T. ) ;
#1627 = ORIENTED_EDGE ( 'NONE', *, *, #4300, .T. ) ;
#1628 = CARTESIAN_POINT ( 'NONE',  ( -3.845906236087960117, -2.279999999999999805, 6.032654514339300000 ) ) ;
#1629 = MECHANICAL_DESIGN_GEOMETRIC_PRESENTATION_REPRESENTATION (  '', ( #7616 ), #2274 ) ;
#1630 = CARTESIAN_POINT ( 'NONE',  ( 1.756238073730219895, 3.647459456595139926, 0.000000000000000000 ) ) ;
#1631 = ADVANCED_FACE ( 'NONE', ( #5242 ), #5945, .T. ) ;
#1632 = LINE ( 'NONE', #365, #5619 ) ;
#1633 = DIRECTION ( 'NONE',  ( 0.000000000000000000, 0.000000000000000000, 1.000000000000000000 ) ) ;
#1634 = CARTESIAN_POINT ( 'NONE',  ( -2.790000000000000036, -2.713815644987700004, -7.214999999999999858 ) ) ;
#1635 = VECTOR ( 'NONE', #384, 1000.000000000000000 ) ;
#1636 = CARTESIAN_POINT ( 'NONE',  ( 1.166649764120700095, 3.331608576447190107, 0.000000000000000000 ) ) ;
#1637 = VECTOR ( 'NONE', #7916, 1000.000000000000114 ) ;
#1638 = DIRECTION ( 'NONE',  ( 0.000000000000000000, 0.000000000000000000, -1.000000000000000000 ) ) ;
#1639 = CARTESIAN_POINT ( 'NONE',  ( -2.290000000000000036, -3.212597670117609994, 7.180121763127949919 ) ) ;
#1640 = CARTESIAN_POINT ( 'NONE',  ( -0.4067958848002819483, 3.725877606149119892, 0.000000000000000000 ) ) ;
#1641 = ORIENTED_EDGE ( 'NONE', *, *, #2902, .T. ) ;
#1642 = VERTEX_POINT ( 'NONE', #5204 ) ;
#1643 = VERTEX_POINT ( 'NONE', #5984 ) ;
#1644 = DIRECTION ( 'NONE',  ( 0.000000000000000000, 0.000000000000000000, 1.000000000000000000 ) ) ;
#1645 = VECTOR ( 'NONE', #397, 999.9999999999998863 ) ;
#1646 = ORIENTED_EDGE ( 'NONE', *, *, #1659, .T. ) ;
#1647 = CARTESIAN_POINT ( 'NONE',  ( -4.500000000000000000, 0.000000000000000000, -6.010957693716120431 ) ) ;
#1648 = CARTESIAN_POINT ( 'NONE',  ( -1.884007543767990178, 4.062959866424269428, 0.1000000000000000056 ) ) ;
#1649 = ORIENTED_EDGE ( 'NONE', *, *, #3465, .F. ) ;
#1650 = ORIENTED_EDGE ( 'NONE', *, *, #7698, .F. ) ;
#1651 = EDGE_CURVE ( 'NONE', #2538, #5594, #7689, .T. ) ;
#1652 = ORIENTED_EDGE ( 'NONE', *, *, #4557, .T. ) ;
#1653 = AXIS2_PLACEMENT_3D ( 'NONE', #6875, #3890, #1269 ) ;
#1654 = CARTESIAN_POINT ( 'NONE',  ( -4.302110744186579794, 0.2000000000000000111, -5.877110744186579971 ) ) ;
#1655 = CARTESIAN_POINT ( 'NONE',  ( 4.500000000000000000, -1.471999999999999975, 0.000000000000000000 ) ) ;
#1656 = CARTESIAN_POINT ( 'NONE',  ( 1.419330468239069942, 3.727329794103820149, 0.1000000000000000056 ) ) ;
#1657 = CARTESIAN_POINT ( 'NONE',  ( -0.2500000000000000000, -1.471999999999999975, -6.375000000000000000 ) ) ;
#1658 = EDGE_CURVE ( 'NONE', #1165, #2955, #7360, .T. ) ;
#1659 = EDGE_CURVE ( 'NONE', #7648, #577, #4414, .T. ) ;
#1660 = CARTESIAN_POINT ( 'NONE',  ( -1.526419133241583292, 4.478987038486846650, 0.1000000000000000056 ) ) ;
#1661 = CARTESIAN_POINT ( 'NONE',  ( 2.180276956503570229, 3.377352497020340127, 0.1000000000000000056 ) ) ;
#1662 = EDGE_LOOP ( 'NONE', ( #916, #3584, #6518, #3702 ) ) ;
#1663 = ORIENTED_EDGE ( 'NONE', *, *, #3500, .F. ) ;
#1664 = EDGE_CURVE ( 'NONE', #3750, #3378, #1254, .T. ) ;
#1665 = CARTESIAN_POINT ( 'NONE',  ( 0.7999723055581260400, 3.349760925880980178, 0.000000000000000000 ) ) ;
#1666 = LINE ( 'NONE', #6571, #1645 ) ;
#1667 = DIRECTION ( 'NONE',  ( -0.000000000000000000, 0.05233595624294788695, 0.9986295347545737222 ) ) ;
#1668 = CARTESIAN_POINT ( 'NONE',  ( 2.206416339688229922, 3.561780367267649794, 0.000000000000000000 ) ) ;
#1669 = DIRECTION ( 'NONE',  ( 0.000000000000000000, 0.000000000000000000, 1.000000000000000000 ) ) ;
#1670 = AXIS2_PLACEMENT_3D ( 'NONE', #3462, #6026, #5953 ) ;
#1671 = EDGE_CURVE ( 'NONE', #343, #6585, #1793, .T. ) ;
#1672 = FACE_OUTER_BOUND ( 'NONE', #93, .T. ) ;
#1673 = LINE ( 'NONE', #2138, #1891 ) ;
#1674 =( GEOMETRIC_REPRESENTATION_CONTEXT ( 3 ) GLOBAL_UNCERTAINTY_ASSIGNED_CONTEXT ( ( #5017 ) ) GLOBAL_UNIT_ASSIGNED_CONTEXT ( ( #8015, #3692, #3198 ) ) REPRESENTATION_CONTEXT ( 'NONE', 'WORKASPACE' ) );
#1675 = FACE_OUTER_BOUND ( 'NONE', #5187, .T. ) ;
#1676 = LINE ( 'NONE', #4168, #3305 ) ;
#1677 = CARTESIAN_POINT ( 'NONE',  ( 1.280646518564899861, 3.533462702150940160, 0.000000000000000000 ) ) ;
#1678 = B_SPLINE_SURFACE_WITH_KNOTS ( 'NONE', 2, 1, ( 
 ( #6909, #6412 ),
 ( #822, #1884 ),
 ( #2665, #4546 ),
 ( #91, #5030 ) ),
 .UNSPECIFIED., .F., .F., .F.,
 ( 3, 1, 3 ),
 ( 2, 2 ),
 ( -2.000000000000000000, -1.000000000000000000, 0.000000000000000000 ),
 ( 0.000000000000000000, 0.01000000000000000021 ),
 .UNSPECIFIED. ) ;
#1679 = EDGE_LOOP ( 'NONE', ( #7258, #1565, #1663, #1370 ) ) ;
#1680 = ORIENTED_EDGE ( 'NONE', *, *, #1868, .T. ) ;
#1681 = ORIENTED_EDGE ( 'NONE', *, *, #256, .F. ) ;
#1682 = CARTESIAN_POINT ( 'NONE',  ( -0.2042156651191769923, 4.025754418795340683, 0.000000000000000000 ) ) ;
#1683 = ORIENTED_EDGE ( 'NONE', *, *, #2011, .T. ) ;
#1684 = CARTESIAN_POINT ( 'NONE',  ( -1.971270506913040066, 3.976789341645530218, 0.000000000000000000 ) ) ;
#1685 = CARTESIAN_POINT ( 'NONE',  ( 1.545670820298249870, 3.849313582298899750, 0.000000000000000000 ) ) ;
#1686 = VERTEX_POINT ( 'NONE', #6937 ) ;
#1687 = VERTEX_POINT ( 'NONE', #6205 ) ;
#1688 = VERTEX_POINT ( 'NONE', #6279 ) ;
#1689 = EDGE_CURVE ( 'NONE', #2668, #6911, #2408, .T. ) ;
#1690 = SURFACE_STYLE_FILL_AREA ( #958 ) ;
#1691 = PLANE ( 'NONE',  #3758 ) ;
#1692 = CARTESIAN_POINT ( 'NONE',  ( -1.546721400342430108, 3.875840976527340054, 0.1000000000000000056 ) ) ;
#1693 = FACE_OUTER_BOUND ( 'NONE', #7934, .T. ) ;
#1694 = CARTESIAN_POINT ( 'NONE',  ( -2.783957106781048019, 4.028629893398345985, 0.1000000000000000056 ) ) ;
#1695 = VECTOR ( 'NONE', #7539, 1000.000000000000000 ) ;
#1696 = DIRECTION ( 'NONE',  ( 0.000000000000000000, 0.000000000000000000, 1.000000000000000000 ) ) ;
#1697 = VERTEX_POINT ( 'NONE', #4336 ) ;
#1698 = ORIENTED_EDGE ( 'NONE', *, *, #7790, .F. ) ;
#1699 = ORIENTED_EDGE ( 'NONE', *, *, #3751, .F. ) ;
#1700 = EDGE_CURVE ( 'NONE', #2104, #4222, #6563, .T. ) ;
#1701 = EDGE_CURVE ( 'NONE', #7203, #507, #1170, .T. ) ;
#1702 = B_SPLINE_CURVE_WITH_KNOTS ( 'NONE', 2,
 ( #3600, #3484, #374, #1057 ),
 .UNSPECIFIED., .F., .F.,
 ( 3, 1, 3 ),
 ( -2.000000000000000000, -1.000000000000000000, 0.000000000000000000 ),
 .UNSPECIFIED. ) ;
#1703 = CARTESIAN_POINT ( 'NONE',  ( -4.416052913519169287, 0.1410907200973696984, 5.991052913519168577 ) ) ;
#1704 = LINE ( 'NONE', #434, #84 ) ;
#1705 = CARTESIAN_POINT ( 'NONE',  ( -0.5883193791381891025, 3.835517796729220219, 0.000000000000000000 ) ) ;
#1706 = EDGE_CURVE ( 'NONE', #3543, #7736, #7389, .T. ) ;
#1707 = CARTESIAN_POINT ( 'NONE',  ( 0.9190517178437930257, 3.820995917182180346, 0.000000000000000000 ) ) ;
#1708 = DIRECTION ( 'NONE',  ( 0.05226442768871380345, 0.9972646886342371175, 0.05226442768871601002 ) ) ;
#1709 = DIRECTION ( 'NONE',  ( 0.000000000000000000, 0.06975647374412639878, 0.9975640502598241977 ) ) ;
#1710 = CARTESIAN_POINT ( 'NONE',  ( -2.790000000000000036, -2.713815644987700004, 7.214999999999999858 ) ) ;
#1711 = VECTOR ( 'NONE', #7212, 1000.000000000000000 ) ;
#1712 = EDGE_CURVE ( 'NONE', #4699, #4466, #2484, .T. ) ;
#1713 = PLANE ( 'NONE',  #158 ) ;
#1714 = LINE ( 'NONE', #2329, #957 ) ;
#1715 = ORIENTED_EDGE ( 'NONE', *, *, #1383, .T. ) ;
#1716 = VERTEX_POINT ( 'NONE', #7544 ) ;
#1717 = ORIENTED_EDGE ( 'NONE', *, *, #7698, .T. ) ;
#1718 = VECTOR ( 'NONE', #4694, 1000.000000000000227 ) ;
#1719 = DIRECTION ( 'NONE',  ( 0.000000000000000000, 1.000000000000000000, 0.000000000000000000 ) ) ;
#1720 = VERTEX_POINT ( 'NONE', #563 ) ;
#1721 = CARTESIAN_POINT ( 'NONE',  ( 1.465074388812219963, 3.995984565723929460, 0.000000000000000000 ) ) ;
#1722 = AXIS2_PLACEMENT_3D ( 'NONE', #3358, #248, #2739 ) ;
#1723 = FACE_OUTER_BOUND ( 'NONE', #6996, .T. ) ;
#1724 = CARTESIAN_POINT ( 'NONE',  ( -0.2042156651191769923, 3.585741468520259989, 0.1000000000000000056 ) ) ;
#1725 = EDGE_LOOP ( 'NONE', ( #7008, #2918, #4641, #2470 ) ) ;
#1726 = ORIENTED_EDGE ( 'NONE', *, *, #6603, .F. ) ;
#1727 = ORIENTED_EDGE ( 'NONE', *, *, #6160, .F. ) ;
#1728 = CARTESIAN_POINT ( 'NONE',  ( -0.6485851792583740005, 4.245760893932890134, 0.000000000000000000 ) ) ;
#1729 = PLANE ( 'NONE',  #5710 ) ;
#1730 = AXIS2_PLACEMENT_3D ( 'NONE', #7176, #1037, #5995 ) ;
#1731 = CARTESIAN_POINT ( 'NONE',  ( -2.790000000000000036, -1.221999999999999975, 6.375000000000000000 ) ) ;
#1732 = CARTESIAN_POINT ( 'NONE',  ( 0.1094569330967260085, 3.505871131011580211, 0.000000000000000000 ) ) ;
#1733 = CARTESIAN_POINT ( 'NONE',  ( 1.164471482188639939, 3.793404346042819952, 0.000000000000000000 ) ) ;
#1734 = CARTESIAN_POINT ( 'NONE',  ( 0.02305174979188250040, 3.548710675675319948, 0.000000000000000000 ) ) ;
#1735 = ORIENTED_EDGE ( 'NONE', *, *, #2917, .F. ) ;
#1736 = CLOSED_SHELL ( 'NONE', ( #1257, #1495, #139, #7296, #6323, #4264, #2412, #6389, #2347, #5796, #2669, #4297, #4724, #6651 ) ) ;
#1737 = ORIENTED_EDGE ( 'NONE', *, *, #2990, .T. ) ;
#1738 = ORIENTED_EDGE ( 'NONE', *, *, #7259, .F. ) ;
#1739 = CARTESIAN_POINT ( 'NONE',  ( 1.341638412662439883, 3.883439999234420181, 0.1000000000000000056 ) ) ;
#1740 = CARTESIAN_POINT ( 'NONE',  ( 0.9190517178437930257, 3.820995917182180346, 0.000000000000000000 ) ) ;
#1741 = CARTESIAN_POINT ( 'NONE',  ( 2.170111640820649779, 3.551615051584730232, 0.1000000000000000056 ) ) ;
#1742 = CIRCLE ( 'NONE', #3829, 0.05249999999999991479 ) ;
#1743 = PRODUCT_DEFINITION_SHAPE ( 'NONE', 'NONE',  #5683 ) ;
#1744 = PLANE ( 'NONE',  #6575 ) ;
#1745 = CARTESIAN_POINT ( 'NONE',  ( 2.790000000000000036, -1.221999999999999975, 6.375000000000000000 ) ) ;
#1746 = ORIENTED_EDGE ( 'NONE', *, *, #5248, .T. ) ;
#1747 = VECTOR ( 'NONE', #6291, 1000.000000000000000 ) ;
#1748 = EDGE_CURVE ( 'NONE', #380, #1561, #7242, .T. ) ;
#1749 = CARTESIAN_POINT ( 'NONE',  ( -4.007005230844689514, -3.000000000000000000, -5.994920913255509021 ) ) ;
#1750 = CARTESIAN_POINT ( 'NONE',  ( 1.941392037954889904, 3.331608576447190107, 0.000000000000000000 ) ) ;
#1751 = CARTESIAN_POINT ( 'NONE',  ( 4.007005230844689514, -3.000000000000000000, 5.994920913255509021 ) ) ;
#1752 = EDGE_CURVE ( 'NONE', #4172, #2961, #5059, .T. ) ;
#1753 = AXIS2_PLACEMENT_3D ( 'NONE', #6958, #3202, #5689 ) ;
#1754 = EDGE_CURVE ( 'NONE', #507, #5099, #2411, .T. ) ;
#1755 = LINE ( 'NONE', #446, #7866 ) ;
#1756 = CARTESIAN_POINT ( 'NONE',  ( 1.280646518564899861, 3.503692849079520499, 0.000000000000000000 ) ) ;
#1757 = ORIENTED_EDGE ( 'NONE', *, *, #1910, .T. ) ;
#1758 = ORIENTED_EDGE ( 'NONE', *, *, #759, .T. ) ;
#1759 = EDGE_CURVE ( 'NONE', #1963, #7170, #4905, .T. ) ;
#1760 = VECTOR ( 'NONE', #4619, 1000.000000000000000 ) ;
#1761 = CARTESIAN_POINT ( 'NONE',  ( -0.6464068973263199513, 3.815187165363369992, 0.1000000000000000056 ) ) ;
#1762 = EDGE_LOOP ( 'NONE', ( #2014, #6175, #7239, #5714 ) ) ;
#1763 = DIRECTION ( 'NONE',  ( 0.000000000000000000, 0.000000000000000000, 1.000000000000000000 ) ) ;
#1764 = VECTOR ( 'NONE', #3735, 1000.000000000000114 ) ;
#1765 = VECTOR ( 'NONE', #6383, 1000.000000000000000 ) ;
#1766 = CARTESIAN_POINT ( 'NONE',  ( -0.3073210099031090103, 3.963310336743099960, 0.000000000000000000 ) ) ;
#1767 = CARTESIAN_POINT ( 'NONE',  ( -2.290000000000000036, -1.221999999999999975, 6.074999999999999289 ) ) ;
#1768 = ORIENTED_EDGE ( 'NONE', *, *, #3323, .F. ) ;
#1769 = VERTEX_POINT ( 'NONE', #42 ) ;
#1770 = VERTEX_POINT ( 'NONE', #2527 ) ;
#1771 = EDGE_CURVE ( 'NONE', #4222, #1887, #7818, .T. ) ;
#1772 = CARTESIAN_POINT ( 'NONE',  ( -1.918770506913039853, 3.737185443644290395, 0.000000000000000000 ) ) ;
#1773 = CIRCLE ( 'NONE', #8029, 0.4999999999999995559 ) ;
#1774 = CARTESIAN_POINT ( 'NONE',  ( 0.008529870244849970320, 3.330882482469830208, 0.1000000000000000056 ) ) ;
#1775 = PLANE ( 'NONE',  #1320 ) ;
#1776 = CARTESIAN_POINT ( 'NONE',  ( 1.820860437714520108, 3.518940822603910057, 0.000000000000000000 ) ) ;
#1777 = CARTESIAN_POINT ( 'NONE',  ( 2.790000000000000036, -2.757562983323810002, -6.716917506442459995 ) ) ;
#1778 = VERTEX_POINT ( 'NONE', #5623 ) ;
#1779 = ORIENTED_EDGE ( 'NONE', *, *, #3605, .F. ) ;
#1780 = ORIENTED_EDGE ( 'NONE', *, *, #2872, .F. ) ;
#1781 = LINE ( 'NONE', #7868, #237 ) ;
#1782 = CARTESIAN_POINT ( 'NONE',  ( -3.766115253892839743, -3.883792513728000273, 0.1000000000000000056 ) ) ;
#1783 = CARTESIAN_POINT ( 'NONE',  ( 0.2500000000000000000, -1.471999999999999975, -6.375000000000000000 ) ) ;
#1784 = DIRECTION ( 'NONE',  ( -0.9973918779898672815, -0.07217646236721333985, 0.000000000000000000 ) ) ;
#1785 = DIRECTION ( 'NONE',  ( 0.000000000000000000, 0.000000000000000000, 1.000000000000000000 ) ) ;
#1786 = ORIENTED_EDGE ( 'NONE', *, *, #5789, .T. ) ;
#1787 = AXIS2_PLACEMENT_3D ( 'NONE', #1166, #3634, #4126 ) ;
#1788 = EDGE_CURVE ( 'NONE', #6911, #1268, #1969, .T. ) ;
#1789 = DIRECTION ( 'NONE',  ( 0.000000000000000000, 0.000000000000000000, 1.000000000000000000 ) ) ;
#1790 = SURFACE_STYLE_FILL_AREA ( #4858 ) ;
#1791 = DIRECTION ( 'NONE',  ( 0.000000000000000000, 0.000000000000000000, 1.000000000000000000 ) ) ;
#1792 = DIRECTION ( 'NONE',  ( -1.000000000000000000, 0.000000000000000000, 0.000000000000000000 ) ) ;
#1793 = LINE ( 'NONE', #5585, #6586 ) ;
#1794 = ORIENTED_EDGE ( 'NONE', *, *, #60, .T. ) ;
#1795 = VERTEX_POINT ( 'NONE', #521 ) ;
#1796 = EDGE_CURVE ( 'NONE', #5950, #7893, #2565, .T. ) ;
#1797 = VECTOR ( 'NONE', #5965, 1000.000000000000000 ) ;
#1798 = EDGE_CURVE ( 'NONE', #5568, #4699, #977, .T. ) ;
#1799 = CARTESIAN_POINT ( 'NONE',  ( -2.325092351968022442, 3.813781894059538935, 0.000000000000000000 ) ) ;
#1800 = CARTESIAN_POINT ( 'NONE',  ( 1.078792392861150029, 3.620593979433130105, 0.1000000000000000056 ) ) ;
#1801 = FACE_OUTER_BOUND ( 'NONE', #7327, .T. ) ;
#1802 = ADVANCED_FACE ( 'NONE', ( #7060 ), #7585, .T. ) ;
#1803 = CARTESIAN_POINT ( 'NONE',  ( 1.465074388812219963, 3.995984565723929460, 0.000000000000000000 ) ) ;
#1804 = CARTESIAN_POINT ( 'NONE',  ( 2.290000000000000036, -3.000608987435080088, -7.732439118436020387 ) ) ;
#1805 = ORIENTED_EDGE ( 'NONE', *, *, #6347, .T. ) ;
#1806 = ORIENTED_EDGE ( 'NONE', *, *, #6052, .T. ) ;
#1807 = ORIENTED_EDGE ( 'NONE', *, *, #6687, .F. ) ;
#1808 = B_SPLINE_SURFACE_WITH_KNOTS ( 'NONE', 2, 1, ( 
 ( #1636, #5465 ),
 ( #6618, #403 ),
 ( #3674, #7956 ),
 ( #2981, #5385 ) ),
 .UNSPECIFIED., .F., .F., .F.,
 ( 3, 1, 3 ),
 ( 2, 2 ),
 ( -2.000000000000000000, -1.000000000000000000, 0.000000000000000000 ),
 ( 0.000000000000000000, 0.01000000000000000021 ),
 .UNSPECIFIED. ) ;
#1809 = DIRECTION ( 'NONE',  ( 0.000000000000000000, 0.000000000000000000, 1.000000000000000000 ) ) ;
#1810 = CARTESIAN_POINT ( 'NONE',  ( -2.790000000000000036, -1.471999999999999975, 6.375000000000000000 ) ) ;
#1811 = PLANE ( 'NONE',  #445 ) ;
#1812 = CARTESIAN_POINT ( 'NONE',  ( -3.877183391326589845, -2.876803674311580572, -3.824999999999999734 ) ) ;
#1813 = EDGE_CURVE ( 'NONE', #7139, #3220, #201, .T. ) ;
#1814 = LINE ( 'NONE', #3699, #2416 ) ;
#1815 = VERTEX_POINT ( 'NONE', #119 ) ;
#1816 = ORIENTED_EDGE ( 'NONE', *, *, #7201, .T. ) ;
#1817 = ORIENTED_EDGE ( 'NONE', *, *, #6496, .T. ) ;
#1818 = LINE ( 'NONE', #30, #756 ) ;
#1819 = DIRECTION ( 'NONE',  ( -0.05226442768871381039, 0.9972646886342372285, -0.05226442768871591288 ) ) ;
#1820 = CARTESIAN_POINT ( 'NONE',  ( -0.5774279694779149708, 3.846409206389489910, 0.000000000000000000 ) ) ;
#1821 = VECTOR ( 'NONE', #7431, 1000.000000000000000 ) ;
#1822 = CARTESIAN_POINT ( 'NONE',  ( 2.790000000000000036, -1.221999999999999975, -6.375000000000000000 ) ) ;
#1823 = CARTESIAN_POINT ( 'NONE',  ( -1.986647400900745986, 4.013912447657824067, 0.000000000000000000 ) ) ;
#1824 = ORIENTED_EDGE ( 'NONE', *, *, #3693, .T. ) ;
#1825 = DIRECTION ( 'NONE',  ( 1.000000000000000000, 0.000000000000000000, 0.000000000000000000 ) ) ;
#1826 = FACE_OUTER_BOUND ( 'NONE', #5527, .T. ) ;
#1827 = DIRECTION ( 'NONE',  ( 0.000000000000000000, 0.9975640502598241977, -0.06975647374412621837 ) ) ;
#1828 = VECTOR ( 'NONE', #3098, 1000.000000000000000 ) ;
#1829 = CARTESIAN_POINT ( 'NONE',  ( 2.790000000000000036, -2.963206657552649670, -7.197560881563970447 ) ) ;
#1830 = CARTESIAN_POINT ( 'NONE',  ( 1.941392037954889904, 3.331608576447190107, 0.1000000000000000056 ) ) ;
#1831 = ORIENTED_EDGE ( 'NONE', *, *, #952, .F. ) ;
#1832 = ORIENTED_EDGE ( 'NONE', *, *, #3424, .T. ) ;
#1833 = APPLICATION_CONTEXT ( 'automotive_design' ) ;
#1834 = VECTOR ( 'NONE', #2596, 1000.000000000000114 ) ;
#1835 = VECTOR ( 'NONE', #3464, 1000.000000000000000 ) ;
#1836 = CARTESIAN_POINT ( 'NONE',  ( 2.100406618994890007, 3.513858164762440062, 0.000000000000000000 ) ) ;
#1837 = CARTESIAN_POINT ( 'NONE',  ( 1.078792392861150029, 3.620593979433130105, 0.000000000000000000 ) ) ;
#1838 = CARTESIAN_POINT ( 'NONE',  ( -2.227043860893810567, 3.973000077371250160, 0.000000000000000000 ) ) ;
#1839 = CARTESIAN_POINT ( 'NONE',  ( 1.890565459540270110, 3.911757664351140029, 0.1000000000000000056 ) ) ;
#1840 = ADVANCED_FACE ( 'NONE', ( #5184 ), #2693, .F. ) ;
#1841 = DIRECTION ( 'NONE',  ( 1.000000000000000000, 0.000000000000000000, 0.000000000000000000 ) ) ;
#1842 = ORIENTED_EDGE ( 'NONE', *, *, #7452, .T. ) ;
#1843 = VERTEX_POINT ( 'NONE', #4493 ) ;
#1844 = AXIS2_PLACEMENT_3D ( 'NONE', #2271, #1001, #7175 ) ;
#1845 = ORIENTED_EDGE ( 'NONE', *, *, #3867, .F. ) ;
#1846 = EDGE_CURVE ( 'NONE', #2713, #3769, #6071, .T. ) ;
#1847 = PRESENTATION_STYLE_ASSIGNMENT (( #4429 ) ) ;
#1848 = CYLINDRICAL_SURFACE ( 'NONE', #1653, 0.1299999999999999767 ) ;
#1849 = CARTESIAN_POINT ( 'NONE',  ( -0.9963841944098049686, 4.245760893932890134, 0.000000000000000000 ) ) ;
#1850 = VECTOR ( 'NONE', #3757, 1000.000000000000000 ) ;
#1851 = B_SPLINE_CURVE_WITH_KNOTS ( 'NONE', 2,
 ( #2227, #2922, #2267, #6635 ),
 .UNSPECIFIED., .F., .F.,
 ( 3, 1, 3 ),
 ( 0.000000000000000000, 1.000000000000000000, 2.000000000000000000 ),
 .UNSPECIFIED. ) ;
#1852 = LINE ( 'NONE', #3813, #2531 ) ;
#1853 = CARTESIAN_POINT ( 'NONE',  ( 0.2500000000000000000, -3.000608987435080088, -7.732439118436020387 ) ) ;
#1854 = EDGE_CURVE ( 'NONE', #7409, #1770, #5751, .T. ) ;
#1855 = CARTESIAN_POINT ( 'NONE',  ( 1.465074388812219963, 3.995984565723929460, 0.000000000000000000 ) ) ;
#1856 = ORIENTED_EDGE ( 'NONE', *, *, #7352, .F. ) ;
#1857 = VERTEX_POINT ( 'NONE', #6403 ) ;
#1858 = VERTEX_POINT ( 'NONE', #2122 ) ;
#1859 =( BOUNDED_CURVE ( )  B_SPLINE_CURVE ( 3, ( #273, #428, #7863, #1694, #2927, #1660, #3468 ),
 .UNSPECIFIED., .F., .F. ) 
 B_SPLINE_CURVE_WITH_KNOTS ( ( 4, 3, 4 ),
 ( 4.692682789984516489, 7.136792965498241159, 9.580903141011965829 ),
 .UNSPECIFIED. ) 
 CURVE ( )  GEOMETRIC_REPRESENTATION_ITEM ( )  RATIONAL_B_SPLINE_CURVE ( ( 1.000000000000000000, 0.5611433936072428574, 0.5611433936072428574, 1.000000000000000000, 0.5611433936072428574, 0.5611433936072428574, 1.000000000000000000 ) ) 
 REPRESENTATION_ITEM ( '' )  );
#1860 = AXIS2_PLACEMENT_3D ( 'NONE', #6260, #2020, #5690 ) ;
#1861 = EDGE_CURVE ( 'NONE', #577, #5112, #853, .T. ) ;
#1862 = CARTESIAN_POINT ( 'NONE',  ( -2.213120261634973218, 4.012547652746590643, 0.1000000000000000056 ) ) ;
#1863 = CARTESIAN_POINT ( 'NONE',  ( 1.092588178430830004, 3.331608576447190107, 0.000000000000000000 ) ) ;
#1864 = CARTESIAN_POINT ( 'NONE',  ( 4.500000000000000000, -1.221999999999999975, -6.074999999999999289 ) ) ;
#1865 = DIRECTION ( 'NONE',  ( 0.000000000000000000, 0.000000000000000000, 1.000000000000000000 ) ) ;
#1866 = CARTESIAN_POINT ( 'NONE',  ( 4.369583075044084275, -3.000000000000005329, -5.605416924955926916 ) ) ;
#1867 = VERTEX_POINT ( 'NONE', #3915 ) ;
#1868 = EDGE_CURVE ( 'NONE', #3543, #8055, #5798, .T. ) ;
#1869 = CARTESIAN_POINT ( 'NONE',  ( -0.2500000000000000000, -2.713815644987700004, -7.214999999999999858 ) ) ;
#1870 = VECTOR ( 'NONE', #1323, 1000.000000000000000 ) ;
#1871 = DIRECTION ( 'NONE',  ( 0.000000000000000000, 0.000000000000000000, -1.000000000000000000 ) ) ;
#1872 = CARTESIAN_POINT ( 'NONE',  ( 1.756238073730219895, 3.647459456595139926, 0.1000000000000000056 ) ) ;
#1873 = CARTESIAN_POINT ( 'NONE',  ( 1.941392037954889904, 3.331608576447190107, 0.000000000000000000 ) ) ;
#1874 = CARTESIAN_POINT ( 'NONE',  ( -1.884007543767990178, 4.115459866424270530, 0.1000000000000000056 ) ) ;
#1875 = VECTOR ( 'NONE', #7515, 1000.000000000000000 ) ;
#1876 = B_SPLINE_SURFACE_WITH_KNOTS ( 'NONE', 2, 1, ( 
 ( #4037, #239 ),
 ( #4741, #1009 ),
 ( #3433, #5923 ),
 ( #1630, #3547 ) ),
 .UNSPECIFIED., .F., .F., .F.,
 ( 3, 1, 3 ),
 ( 2, 2 ),
 ( -2.000000000000000000, -1.000000000000000000, 0.000000000000000000 ),
 ( 0.000000000000000000, 0.01000000000000000021 ),
 .UNSPECIFIED. ) ;
#1877 = ORIENTED_EDGE ( 'NONE', *, *, #1051, .T. ) ;
#1878 = ORIENTED_EDGE ( 'NONE', *, *, #3213, .T. ) ;
#1879 = AXIS2_PLACEMENT_3D ( 'NONE', #6382, #4556, #6960 ) ;
#1880 = CARTESIAN_POINT ( 'NONE',  ( 1.993670804324199963, 3.331608576447190107, 0.000000000000000000 ) ) ;
#1881 = EDGE_LOOP ( 'NONE', ( #6265, #3416, #1698, #1410 ) ) ;
#1882 = CARTESIAN_POINT ( 'NONE',  ( -4.335825851129595065, 0.1999999999999999833, -5.910825851129594355 ) ) ;
#1883 = CARTESIAN_POINT ( 'NONE',  ( 0.2500000000000000000, -2.963206657552649670, 7.197560881563970447 ) ) ;
#1884 = CARTESIAN_POINT ( 'NONE',  ( -0.3073210099031090103, 4.041002392319730241, 0.1000000000000000056 ) ) ;
#1885 = ORIENTED_EDGE ( 'NONE', *, *, #6696, .T. ) ;
#1886 = VECTOR ( 'NONE', #6166, 1000.000000000000000 ) ;
#1887 = VERTEX_POINT ( 'NONE', #727 ) ;
#1888 = ORIENTED_EDGE ( 'NONE', *, *, #7887, .F. ) ;
#1889 = EDGE_CURVE ( 'NONE', #253, #607, #7791, .T. ) ;
#1890 = FILL_AREA_STYLE_COLOUR ( '', #73 ) ;
#1891 = VECTOR ( 'NONE', #1471, 1000.000000000000000 ) ;
#1892 = CARTESIAN_POINT ( 'NONE',  ( 1.545670820298249870, 3.849313582298899750, 0.1000000000000000056 ) ) ;
#1893 = VECTOR ( 'NONE', #7053, 1000.000000000000000 ) ;
#1894 = DIRECTION ( 'NONE',  ( -1.000000000000000000, 0.000000000000000000, 0.000000000000000000 ) ) ;
#1895 = CARTESIAN_POINT ( 'NONE',  ( -0.3842869715023810029, 3.749838707401719873, 0.000000000000000000 ) ) ;
#1896 = FILL_AREA_STYLE ('',( #2508 ) ) ;
#1897 = CARTESIAN_POINT ( 'NONE',  ( -0.2500000000000000000, -2.713815644987700004, 7.214999999999999858 ) ) ;
#1898 = ORIENTED_EDGE ( 'NONE', *, *, #5014, .T. ) ;
#1899 = VERTEX_POINT ( 'NONE', #1454 ) ;
#1900 = ORIENTED_EDGE ( 'NONE', *, *, #5961, .F. ) ;
#1901 = VECTOR ( 'NONE', #4884, 1000.000000000000000 ) ;
#1902 = CARTESIAN_POINT ( 'NONE',  ( 2.206416339688229922, 3.387517812703259690, 0.000000000000000000 ) ) ;
#1903 = EDGE_CURVE ( 'NONE', #1981, #7611, #6489, .T. ) ;
#1904 = DIRECTION ( 'NONE',  ( 0.000000000000000000, -1.000000000000000000, -3.469446951953610245E-15 ) ) ;
#1905 = ADVANCED_FACE ( 'NONE', ( #3395 ), #5881, .T. ) ;
#1906 = FACE_OUTER_BOUND ( 'NONE', #3827, .T. ) ;
#1907 = CIRCLE ( 'NONE', #6082, 0.2500000000000002220 ) ;
#1908 = FACE_OUTER_BOUND ( 'NONE', #5762, .T. ) ;
#1909 = CARTESIAN_POINT ( 'NONE',  ( 2.290000000000000036, -1.471999999999999975, -6.375000000000000000 ) ) ;
#1910 = EDGE_CURVE ( 'NONE', #4621, #2538, #2777, .T. ) ;
#1911 = ORIENTED_EDGE ( 'NONE', *, *, #2447, .F. ) ;
#1912 = CARTESIAN_POINT ( 'NONE',  ( 0.000000000000000000, -2.279999999999999805, -5.678444480417419449 ) ) ;
#1913 = CIRCLE ( 'NONE', #7645, 0.4999999999999995559 ) ;
#1914 = PLANE ( 'NONE',  #718 ) ;
#1915 = DIRECTION ( 'NONE',  ( -1.000000000000000000, 0.000000000000000000, 0.000000000000000000 ) ) ;
#1916 = DIRECTION ( 'NONE',  ( 0.000000000000000000, 0.000000000000000000, 1.000000000000000000 ) ) ;
#1917 = EDGE_CURVE ( 'NONE', #6624, #3623, #5838, .T. ) ;
#1918 = ADVANCED_BREP_SHAPE_REPRESENTATION ( '', ( #1583, #1670 ), #6495 ) ;
#1919 = ORIENTED_EDGE ( 'NONE', *, *, #5087, .T. ) ;
#1920 = ORIENTED_EDGE ( 'NONE', *, *, #5312, .F. ) ;
#1921 = DIRECTION ( 'NONE',  ( -1.000000000000000000, 0.000000000000000000, 0.000000000000000000 ) ) ;
#1922 = VECTOR ( 'NONE', #116, 1000.000000000000000 ) ;
#1923 = EDGE_LOOP ( 'NONE', ( #2091, #956, #2292, #2225, #5399, #7029, #1626, #5330, #4953, #3689 ) ) ;
#1924 = CARTESIAN_POINT ( 'NONE',  ( -0.5280535790180039823, 3.659076960232769959, 0.000000000000000000 ) ) ;
#1925 = DIRECTION ( 'NONE',  ( -0.6883545756937559101, 0.7253743710122858568, 0.000000000000000000 ) ) ;
#1926 = B_SPLINE_CURVE_WITH_KNOTS ( 'NONE', 2,
 ( #6582, #1640, #2089, #3526 ),
 .UNSPECIFIED., .F., .F.,
 ( 3, 1, 3 ),
 ( 0.000000000000000000, 1.000000000000000000, 2.000000000000000000 ),
 .UNSPECIFIED. ) ;
#1927 = CARTESIAN_POINT ( 'NONE',  ( -3.881005358273772021, -2.949731148046338625, -5.997555392153500975 ) ) ;
#1928 = ORIENTED_EDGE ( 'NONE', *, *, #6713, .T. ) ;
#1929 = ORIENTED_EDGE ( 'NONE', *, *, #4101, .F. ) ;
#1930 = COLOUR_RGB ( '',0.2862745098039215508, 0.2862745098039215508, 0.2862745098039215508 ) ;
#1931 = ORIENTED_EDGE ( 'NONE', *, *, #1143, .F. ) ;
#1932 =( LENGTH_UNIT ( ) NAMED_UNIT ( * ) SI_UNIT ( .MILLI., .METRE. ) );
#1933 = DIRECTION ( 'NONE',  ( -1.000000000000000000, 0.000000000000000000, 0.000000000000000000 ) ) ;
#1934 = CARTESIAN_POINT ( 'NONE',  ( 1.078792392861150029, 3.620593979433130105, 0.1000000000000000056 ) ) ;
#1935 = CYLINDRICAL_SURFACE ( 'NONE', #5013, 0.05250000000000036582 ) ;
#1936 = CARTESIAN_POINT ( 'NONE',  ( 1.941392037954889904, 3.331608576447190107, 0.000000000000000000 ) ) ;
#1937 = FACE_OUTER_BOUND ( 'NONE', #257, .T. ) ;
#1938 = CARTESIAN_POINT ( 'NONE',  ( 0.000000000000000000, -1.781585718017569819, -7.817681529351250269 ) ) ;
#1939 = ORIENTED_EDGE ( 'NONE', *, *, #4853, .F. ) ;
#1940 = EDGE_CURVE ( 'NONE', #8055, #1769, #6591, .T. ) ;
#1941 = EDGE_LOOP ( 'NONE', ( #4260, #497, #3781, #6366 ) ) ;
#1942 = VERTEX_POINT ( 'NONE', #771 ) ;
#1943 = CARTESIAN_POINT ( 'NONE',  ( -0.2042156651191769923, 3.457948928506370034, 0.1000000000000000056 ) ) ;
#1944 = DIRECTION ( 'NONE',  ( 0.000000000000000000, 0.000000000000000000, 1.000000000000000000 ) ) ;
#1945 = CARTESIAN_POINT ( 'NONE',  ( 1.234176504014399933, 4.043906768229130755, 0.000000000000000000 ) ) ;
#1946 = CARTESIAN_POINT ( 'NONE',  ( -2.790000000000000036, -3.212597670117609994, -7.180121763127949919 ) ) ;
#1947 = CARTESIAN_POINT ( 'NONE',  ( -0.5745235935685080175, 4.050441614025300119, 0.000000000000000000 ) ) ;
#1948 = ORIENTED_EDGE ( 'NONE', *, *, #5587, .T. ) ;
#1949 = EDGE_CURVE ( 'NONE', #6187, #7527, #160, .T. ) ;
#1950 = EDGE_CURVE ( 'NONE', #1778, #6336, #5140, .T. ) ;
#1951 = B_SPLINE_CURVE_WITH_KNOTS ( 'NONE', 2,
 ( #400, #4819, #2282, #1546 ),
 .UNSPECIFIED., .F., .F.,
 ( 3, 1, 3 ),
 ( 0.000000000000000000, 1.000000000000000000, 2.000000000000000000 ),
 .UNSPECIFIED. ) ;
#1952 = CARTESIAN_POINT ( 'NONE',  ( -4.500000000000000000, 0.06999999999999999278, -5.877110744186579971 ) ) ;
#1953 = CYLINDRICAL_SURFACE ( 'NONE', #405, 0.2500000000000002220 ) ;
#1954 = ADVANCED_FACE ( 'NONE', ( #6690 ), #2242, .T. ) ;
#1955 =( NAMED_UNIT ( * ) PLANE_ANGLE_UNIT ( ) SI_UNIT ( $, .RADIAN. ) );
#1956 = DIRECTION ( 'NONE',  ( 1.000000000000000000, 0.000000000000000000, 0.000000000000000000 ) ) ;
#1957 = DIRECTION ( 'NONE',  ( 0.000000000000000000, 1.000000000000000000, 0.000000000000000000 ) ) ;
#1958 = ORIENTED_EDGE ( 'NONE', *, *, #7339, .T. ) ;
#1959 = ORIENTED_EDGE ( 'NONE', *, *, #5446, .T. ) ;
#1960 = CARTESIAN_POINT ( 'NONE',  ( -2.023770506913039835, 3.976789341645530218, 0.000000000000000000 ) ) ;
#1961 = EDGE_CURVE ( 'NONE', #5624, #6921, #3246, .T. ) ;
#1962 = LINE ( 'NONE', #4461, #2246 ) ;
#1963 = VERTEX_POINT ( 'NONE', #7836 ) ;
#1964 = PLANE ( 'NONE',  #3142 ) ;
#1965 = DIRECTION ( 'NONE',  ( 0.000000000000000000, 0.000000000000000000, -1.000000000000000000 ) ) ;
#1966 = DIRECTION ( 'NONE',  ( 0.000000000000000000, 1.000000000000000000, 0.000000000000000000 ) ) ;
#1967 = ORIENTED_EDGE ( 'NONE', *, *, #6377, .T. ) ;
#1968 = ORIENTED_EDGE ( 'NONE', *, *, #1771, .F. ) ;
#1969 = B_SPLINE_CURVE_WITH_KNOTS ( 'NONE', 2,
 ( #3023, #5506, #3067, #8001 ),
 .UNSPECIFIED., .F., .F.,
 ( 3, 1, 3 ),
 ( 0.000000000000000000, 1.000000000000000000, 2.000000000000000000 ),
 .UNSPECIFIED. ) ;
#1970 = VECTOR ( 'NONE', #3402, 1000.000000000000000 ) ;
#1971 = ORIENTED_EDGE ( 'NONE', *, *, #601, .T. ) ;
#1972 = CARTESIAN_POINT ( 'NONE',  ( 0.000000000000000000, 0.000000000000000000, 3.250000000000000000 ) ) ;
#1973 = DIRECTION ( 'NONE',  ( -6.651025867514710557E-15, 1.000000000000000000, 0.000000000000000000 ) ) ;
#1974 = DIRECTION ( 'NONE',  ( 0.000000000000000000, 0.9961649871150949354, -0.08749467667225570289 ) ) ;
#1975 = DIRECTION ( 'NONE',  ( 0.000000000000000000, 0.000000000000000000, 1.000000000000000000 ) ) ;
#1976 = DIRECTION ( 'NONE',  ( 0.000000000000000000, 1.000000000000000000, -7.228014483236570338E-16 ) ) ;
#1977 = SURFACE_STYLE_USAGE ( .BOTH. , #4394 ) ;
#1978 = CARTESIAN_POINT ( 'NONE',  ( -0.5382188947009269864, 3.916840322192600254, 0.1000000000000000056 ) ) ;
#1979 = ORIENTED_EDGE ( 'NONE', *, *, #4860, .F. ) ;
#1980 = EDGE_LOOP ( 'NONE', ( #52, #3211, #2757, #1726 ) ) ;
#1981 = VERTEX_POINT ( 'NONE', #4163 ) ;
#1982 = EDGE_LOOP ( 'NONE', ( #3275, #3770, #358, #2552 ) ) ;
#1983 = CARTESIAN_POINT ( 'NONE',  ( 1.168101952075400130, 3.476101277940159662, 0.000000000000000000 ) ) ;
#1984 = VECTOR ( 'NONE', #7035, 1000.000000000000000 ) ;
#1985 = CARTESIAN_POINT ( 'NONE',  ( 1.204406650942980272, 3.591550220339069899, 0.000000000000000000 ) ) ;
#1986 = CARTESIAN_POINT ( 'NONE',  ( 1.216750248557959990, 3.780334654450490106, 0.000000000000000000 ) ) ;
#1987 = CARTESIAN_POINT ( 'NONE',  ( -2.269236315999150211, 3.828665101344280064, 0.000000000000000000 ) ) ;
#1988 = CARTESIAN_POINT ( 'NONE',  ( -0.5992107887984640113, 4.060606929708220569, 0.1000000000000000056 ) ) ;
#1989 = ORIENTED_EDGE ( 'NONE', *, *, #3806, .F. ) ;
#1990 = AXIS2_PLACEMENT_3D ( 'NONE', #6773, #6619, #4292 ) ;
#1991 = CARTESIAN_POINT ( 'NONE',  ( 0.4282121891540919822, 4.025754418795340683, 0.000000000000000000 ) ) ;
#1992 = CARTESIAN_POINT ( 'NONE',  ( 1.963174857275439722, 3.484088311691030171, 0.1000000000000000056 ) ) ;
#1993 = UNCERTAINTY_MEASURE_WITH_UNIT (LENGTH_MEASURE( 1.000000000000000082E-05 ), #1469, 'distance_accuracy_value', 'NONE');
#1994 = CARTESIAN_POINT ( 'NONE',  ( -2.790000000000000036, -2.963206657552649670, -7.197560881563960677 ) ) ;
#1995 = ADVANCED_FACE ( 'NONE', ( #5311 ), #6531, .T. ) ;
#1996 = VECTOR ( 'NONE', #4098, 1000.000000000000000 ) ;
#1997 = LINE ( 'NONE', #1416, #2266 ) ;
#1998 = CARTESIAN_POINT ( 'NONE',  ( 4.391596839026769672, 0.1642986682315978331, 5.966596839026767185 ) ) ;
#1999 = EDGE_CURVE ( 'NONE', #3585, #4917, #2356, .T. ) ;
#2000 = ORIENTED_EDGE ( 'NONE', *, *, #2852, .T. ) ;
#2001 = ORIENTED_EDGE ( 'NONE', *, *, #422, .T. ) ;
#2002 = CARTESIAN_POINT ( 'NONE',  ( 0.2500000000000000000, -1.221999999999999975, 6.074999999999999289 ) ) ;
#2003 = EDGE_CURVE ( 'NONE', #5601, #545, #2979, .T. ) ;
#2004 = ADVANCED_FACE ( 'NONE', ( #401 ), #1547, .F. ) ;
#2005 = CARTESIAN_POINT ( 'NONE',  ( -2.381695322512692670, 2.529515300536492539, 0.1000000000000000056 ) ) ;
#2006 = VECTOR ( 'NONE', #2437, 1000.000000000000000 ) ;
#2007 = CARTESIAN_POINT ( 'NONE',  ( -1.918770506913039853, 3.789685443644290164, 0.1000000000000000056 ) ) ;
#2008 = DIRECTION ( 'NONE',  ( 0.000000000000000000, -0.9961649871150949354, -0.08749467667225570289 ) ) ;
#2009 = CARTESIAN_POINT ( 'NONE',  ( 3.845906236087969887, -2.279999999999999805, 6.032654514339300000 ) ) ;
#2010 = CARTESIAN_POINT ( 'NONE',  ( -0.7712950614308000663, 3.643102892731029829, 0.000000000000000000 ) ) ;
#2011 = EDGE_CURVE ( 'NONE', #4965, #1028, #4820, .T. ) ;
#2012 = EDGE_LOOP ( 'NONE', ( #6236, #182, #7885, #2853, #2051, #5470, #4075, #130, #4296, #6281 ) ) ;
#2013 = ORIENTED_EDGE ( 'NONE', *, *, #3998, .F. ) ;
#2014 = ORIENTED_EDGE ( 'NONE', *, *, #4088, .F. ) ;
#2015 = AXIS2_PLACEMENT_3D ( 'NONE', #4986, #4345, #2493 ) ;
#2016 = APPLICATION_PROTOCOL_DEFINITION ( 'draft international standard', 'automotive_design', 1998, #7731 ) ;
#2017 = CARTESIAN_POINT ( 'NONE',  ( 1.465074388812219963, 3.995984565723929460, 0.1000000000000000056 ) ) ;
#2018 = CARTESIAN_POINT ( 'NONE',  ( 1.963174857275439722, 3.484088311691030171, 0.000000000000000000 ) ) ;
#2019 = ORIENTED_EDGE ( 'NONE', *, *, #6347, .F. ) ;
#2020 = DIRECTION ( 'NONE',  ( -0.000000000000000000, 1.000000000000000000, 0.000000000000000000 ) ) ;
#2021 = DIRECTION ( 'NONE',  ( 1.000000000000000000, 0.000000000000000000, 0.000000000000000000 ) ) ;
#2022 = VECTOR ( 'NONE', #8041, 1000.000000000000000 ) ;
#2023 = CARTESIAN_POINT ( 'NONE',  ( 4.391596839026767896, 0.1642986682315976665, -5.583403160973242407 ) ) ;
#2024 = EDGE_CURVE ( 'NONE', #3024, #1347, #4745, .T. ) ;
#2025 = ORIENTED_EDGE ( 'NONE', *, *, #855, .T. ) ;
#2026 = ORIENTED_EDGE ( 'NONE', *, *, #174, .T. ) ;
#2027 = ORIENTED_EDGE ( 'NONE', *, *, #6747, .T. ) ;
#2028 = CARTESIAN_POINT ( 'NONE',  ( -2.370230609872179706, 3.840592109899359841, 0.000000000000000000 ) ) ;
#2029 = VECTOR ( 'NONE', #1669, 1000.000000000000000 ) ;
#2030 = DIRECTION ( 'NONE',  ( 0.000000000000000000, 0.000000000000000000, 1.000000000000000000 ) ) ;
#2031 = CARTESIAN_POINT ( 'NONE',  ( 0.2176449357221190151, 3.424548605548189961, 0.000000000000000000 ) ) ;
#2032 = CARTESIAN_POINT ( 'NONE',  ( -1.868630649780284703, 3.838717870515067521, 0.000000000000000000 ) ) ;
#2033 = CARTESIAN_POINT ( 'NONE',  ( -0.9963841944098049686, 3.349760925880980178, 0.000000000000000000 ) ) ;
#2034 = DIRECTION ( 'NONE',  ( 1.000000000000000000, 0.000000000000000000, 0.000000000000000000 ) ) ;
#2035 = ORIENTED_EDGE ( 'NONE', *, *, #2110, .F. ) ;
#2036 = CARTESIAN_POINT ( 'NONE',  ( 1.448374227333130149, 3.824626387068939870, 0.000000000000000000 ) ) ;
#2037 = CARTESIAN_POINT ( 'NONE',  ( -2.711193422726100088, 3.627939937238269685, 0.000000000000000000 ) ) ;
#2038 = SURFACE_STYLE_FILL_AREA ( #1496 ) ;
#2039 = VECTOR ( 'NONE', #7777, 1000.000000000000114 ) ;
#2040 = CARTESIAN_POINT ( 'NONE',  ( -0.2500000000000000000, -3.212597670117609994, 7.180121763127949919 ) ) ;
#2041 = DIRECTION ( 'NONE',  ( -0.07217646236721837749, 0.9973918779898668374, 0.000000000000000000 ) ) ;
#2042 = EDGE_CURVE ( 'NONE', #3220, #5234, #6070, .T. ) ;
#2043 = AXIS2_PLACEMENT_3D ( 'NONE', #4967, #1160, #8026 ) ;
#2044 = ORIENTED_EDGE ( 'NONE', *, *, #6777, .T. ) ;
#2045 = DIRECTION ( 'NONE',  ( 0.000000000000000000, 0.000000000000000000, 1.000000000000000000 ) ) ;
#2046 = CARTESIAN_POINT ( 'NONE',  ( 2.218759937303210084, 3.647459456595139926, 0.000000000000000000 ) ) ;
#2047 = DIRECTION ( 'NONE',  ( -0.7071067811865475727, -0.7071067811865475727, 0.000000000000000000 ) ) ;
#2048 = CARTESIAN_POINT ( 'NONE',  ( -0.4946532560598290162, 3.672872745802449934, 0.1000000000000000056 ) ) ;
#2049 = DIRECTION ( 'NONE',  ( 0.000000000000000000, 0.000000000000000000, -1.000000000000000000 ) ) ;
#2050 = DIRECTION ( 'NONE',  ( 0.000000000000000000, 0.000000000000000000, 1.000000000000000000 ) ) ;
#2051 = ORIENTED_EDGE ( 'NONE', *, *, #3146, .T. ) ;
#2052 = EDGE_CURVE ( 'NONE', #5340, #7410, #2820, .T. ) ;
#2053 = EDGE_LOOP ( 'NONE', ( #995, #2919, #5361, #5477 ) ) ;
#2054 = EDGE_CURVE ( 'NONE', #888, #307, #3847, .T. ) ;
#2055 = ORIENTED_EDGE ( 'NONE', *, *, #493, .T. ) ;
#2056 = VECTOR ( 'NONE', #3311, 1000.000000000000000 ) ;
#2057 = CARTESIAN_POINT ( 'NONE',  ( -2.027581169863117427, 2.901794724250141400, 0.000000000000000000 ) ) ;
#2058 = EDGE_CURVE ( 'NONE', #3664, #1418, #7874, .T. ) ;
#2059 = DIRECTION ( 'NONE',  ( 0.000000000000000000, 0.000000000000000000, -1.000000000000000000 ) ) ;
#2060 = EDGE_LOOP ( 'NONE', ( #3808, #4487, #7042, #7821, #7693, #3642, #3195, #6922, #4630, #2541, #7565, #2745 ) ) ;
#2061 = CARTESIAN_POINT ( 'NONE',  ( 1.545670820298249870, 3.683764155462729839, 0.000000000000000000 ) ) ;
#2062 = DIRECTION ( 'NONE',  ( -0.000000000000000000, 1.000000000000000000, 0.000000000000000000 ) ) ;
#2063 = VECTOR ( 'NONE', #3865, 1000.000000000000000 ) ;
#2064 = DIRECTION ( 'NONE',  ( 0.000000000000000000, 0.000000000000000000, 1.000000000000000000 ) ) ;
#2065 = VERTEX_POINT ( 'NONE', #4705 ) ;
#2066 = ORIENTED_EDGE ( 'NONE', *, *, #5871, .F. ) ;
#2067 = ORIENTED_EDGE ( 'NONE', *, *, #6691, .F. ) ;
#2068 = ORIENTED_EDGE ( 'NONE', *, *, #646, .F. ) ;
#2069 = LINE ( 'NONE', #919, #4723 ) ;
#2070 = CARTESIAN_POINT ( 'NONE',  ( -0.7665576253321009226, 3.810104507521910211, 0.000000000000000000 ) ) ;
#2071 = CARTESIAN_POINT ( 'NONE',  ( 4.007005230844689514, -2.870000000000000107, -5.678444480417410567 ) ) ;
#2072 = EDGE_CURVE ( 'NONE', #2811, #6821, #1590, .T. ) ;
#2073 = DIRECTION ( 'NONE',  ( -1.000000000000000000, 0.000000000000000000, 0.000000000000000000 ) ) ;
#2074 = CARTESIAN_POINT ( 'NONE',  ( -0.5382188947009269864, 3.957501584924290050, 0.1000000000000000056 ) ) ;
#2075 = CARTESIAN_POINT ( 'NONE',  ( 2.183907426390330198, 3.561780367267649794, 0.1000000000000000056 ) ) ;
#2076 = DIRECTION ( 'NONE',  ( 1.130700638968989854E-16, -5.925750952228049337E-18, 1.000000000000000000 ) ) ;
#2077 = ORIENTED_EDGE ( 'NONE', *, *, #4909, .F. ) ;
#2078 = DIRECTION ( 'NONE',  ( 0.000000000000000000, -0.9961649871150949354, 0.08749467667225570289 ) ) ;
#2079 = DIRECTION ( 'NONE',  ( 0.9986295347545739443, 0.05233595624294400117, -1.132252351465721439E-16 ) ) ;
#2080 = PRODUCT_DEFINITION_CONTEXT ( 'detailed design', #7731, 'design' ) ;
#2081 = PLANE ( 'NONE',  #6050 ) ;
#2082 = CARTESIAN_POINT ( 'NONE',  ( 4.500000000000000000, 0.000000000000000000, 0.000000000000000000 ) ) ;
#2083 = ORIENTED_EDGE ( 'NONE', *, *, #2167, .F. ) ;
#2084 = CARTESIAN_POINT ( 'NONE',  ( 1.448374227333130149, 3.824626387068939870, 0.1000000000000000056 ) ) ;
#2085 = CARTESIAN_POINT ( 'NONE',  ( -1.494296394456039900, 3.878646107150249822, 0.1000000000000000056 ) ) ;
#2086 = DIRECTION ( 'NONE',  ( 1.000000000000000000, 0.000000000000000000, 0.000000000000000000 ) ) ;
#2087 = LINE ( 'NONE', #4627, #3016 ) ;
#2088 = CARTESIAN_POINT ( 'NONE',  ( -0.2500000000000000000, -1.678252661663869993, 6.873082493557559403 ) ) ;
#2089 = CARTESIAN_POINT ( 'NONE',  ( -0.4619790270790059550, 3.686668531372129909, 0.000000000000000000 ) ) ;
#2090 = VERTEX_POINT ( 'NONE', #7300 ) ;
#2091 = ORIENTED_EDGE ( 'NONE', *, *, #254, .T. ) ;
#2092 = ORIENTED_EDGE ( 'NONE', *, *, #2975, .F. ) ;
#2093 = PRODUCT_CONTEXT ( 'NONE', #5635, 'mechanical' ) ;
#2094 = DIRECTION ( 'NONE',  ( 0.000000000000000000, 1.000000000000000000, 0.000000000000000000 ) ) ;
#2095 = FACE_OUTER_BOUND ( 'NONE', #1317, .T. ) ;
#2096 = EDGE_LOOP ( 'NONE', ( #6596, #4093, #3680, #4280 ) ) ;
#2097 = CARTESIAN_POINT ( 'NONE',  ( 0.9161473419343860725, 3.563958649199709949, 0.000000000000000000 ) ) ;
#2098 =( LENGTH_UNIT ( ) NAMED_UNIT ( * ) SI_UNIT ( .MILLI., .METRE. ) );
#2099 = CARTESIAN_POINT ( 'NONE',  ( -4.302110744186579794, 0.2000000000000000111, 5.877110744186579971 ) ) ;
#2100 = VECTOR ( 'NONE', #4423, 1000.000000000000000 ) ;
#2101 = ORIENTED_EDGE ( 'NONE', *, *, #2342, .T. ) ;
#2102 = VERTEX_POINT ( 'NONE', #368 ) ;
#2103 = EDGE_CURVE ( 'NONE', #5823, #5821, #4380, .T. ) ;
#2104 = VERTEX_POINT ( 'NONE', #2860 ) ;
#2105 =( LENGTH_UNIT ( ) NAMED_UNIT ( * ) SI_UNIT ( .MILLI., .METRE. ) );
#2106 = LINE ( 'NONE', #2191, #8059 ) ;
#2107 = CARTESIAN_POINT ( 'NONE',  ( 0.2500000000000000000, -2.757562983323810002, -6.716917506442459995 ) ) ;
#2108 = CIRCLE ( 'NONE', #3148, 0.4999999999999995559 ) ;
#2109 = LINE ( 'NONE', #354, #3677 ) ;
#2110 = EDGE_CURVE ( 'NONE', #7007, #4942, #5348, .T. ) ;
#2111 = CARTESIAN_POINT ( 'NONE',  ( -1.494296394456039900, 3.878646107150240052, 0.000000000000000000 ) ) ;
#2112 = LINE ( 'NONE', #5786, #3580 ) ;
#2113 = CARTESIAN_POINT ( 'NONE',  ( -0.5382188947009269864, 3.957501584924290050, 0.1000000000000000056 ) ) ;
#2114 = ORIENTED_EDGE ( 'NONE', *, *, #5532, .T. ) ;
#2115 = EDGE_CURVE ( 'NONE', #3489, #3007, #6003, .T. ) ;
#2116 = VECTOR ( 'NONE', #6182, 1000.000000000000000 ) ;
#2117 = FACE_OUTER_BOUND ( 'NONE', #2799, .T. ) ;
#2118 = CYLINDRICAL_SURFACE ( 'NONE', #3734, 0.2500000000000002220 ) ;
#2119 = EDGE_CURVE ( 'NONE', #3632, #7772, #6084, .T. ) ;
#2120 = AXIS2_PLACEMENT_3D ( 'NONE', #7999, #7617, #5829 ) ;
#2121 = CARTESIAN_POINT ( 'NONE',  ( -2.540000000000000036, -2.757562983323790018, 6.716917506442459995 ) ) ;
#2122 = CARTESIAN_POINT ( 'NONE',  ( 4.097889255813420561, 0.2000000000000000111, -5.877110744186579971 ) ) ;
#2123 = EDGE_CURVE ( 'NONE', #4586, #2666, #72, .T. ) ;
#2124 = ORIENTED_EDGE ( 'NONE', *, *, #1207, .T. ) ;
#2125 = DIRECTION ( 'NONE',  ( 0.000000000000000000, 0.000000000000000000, -1.000000000000000000 ) ) ;
#2126 = VECTOR ( 'NONE', #7325, 1000.000000000000000 ) ;
#2127 = CARTESIAN_POINT ( 'NONE',  ( -1.508619436103678213, 3.839723247900682424, 0.000000000000000000 ) ) ;
#2128 = CARTESIAN_POINT ( 'NONE',  ( 1.465074388812219963, 3.824626387068939870, 0.000000000000000000 ) ) ;
#2129 = CARTESIAN_POINT ( 'NONE',  ( 1.168101952075400130, 3.476101277940159662, 0.000000000000000000 ) ) ;
#2130 = AXIS2_PLACEMENT_3D ( 'NONE', #3269, #4626, #7112 ) ;
#2131 = CARTESIAN_POINT ( 'NONE',  ( 0.9873045517148459904, 3.524749574422719967, 0.000000000000000000 ) ) ;
#2132 = B_SPLINE_CURVE_WITH_KNOTS ( 'NONE', 2,
 ( #5027, #6249, #6328, #8007 ),
 .UNSPECIFIED., .F., .F.,
 ( 3, 1, 3 ),
 ( 0.000000000000000000, 1.000000000000000000, 2.000000000000000000 ),
 .UNSPECIFIED. ) ;
#2133 = CARTESIAN_POINT ( 'NONE',  ( 1.368503889824450148, 3.871822495596799918, 0.1000000000000000056 ) ) ;
#2134 = EDGE_LOOP ( 'NONE', ( #4055, #6681, #1560, #2759 ) ) ;
#2135 = VERTEX_POINT ( 'NONE', #5011 ) ;
#2136 = ORIENTED_EDGE ( 'NONE', *, *, #598, .T. ) ;
#2137 = VECTOR ( 'NONE', #7710, 1000.000000000000000 ) ;
#2138 = CARTESIAN_POINT ( 'NONE',  ( -2.790000000000000036, -2.963206657552649670, -7.197560881563960677 ) ) ;
#2139 = DIRECTION ( 'NONE',  ( -0.7321804635358735158, 0.6811106876392364340, 0.000000000000000000 ) ) ;
#2140 = ORIENTED_EDGE ( 'NONE', *, *, #2648, .F. ) ;
#2141 = FACE_OUTER_BOUND ( 'NONE', #4906, .T. ) ;
#2142 = FACE_OUTER_BOUND ( 'NONE', #7197, .T. ) ;
#2143 = LINE ( 'NONE', #2302, #7122 ) ;
#2144 = ORIENTED_EDGE ( 'NONE', *, *, #6396, .T. ) ;
#2145 = VECTOR ( 'NONE', #4392, 1000.000000000000000 ) ;
#2146 = ORIENTED_EDGE ( 'NONE', *, *, #5800, .T. ) ;
#2147 = VERTEX_POINT ( 'NONE', #4327 ) ;
#2148 = ORIENTED_EDGE ( 'NONE', *, *, #5369, .F. ) ;
#2149 = EDGE_CURVE ( 'NONE', #682, #7925, #595, .T. ) ;
#2150 = CARTESIAN_POINT ( 'NONE',  ( -2.290000000000000036, -3.212597670117609994, -7.180121763127949919 ) ) ;
#2151 = CARTESIAN_POINT ( 'NONE',  ( -2.317867536277709917, 3.844381374173639898, 0.1000000000000000056 ) ) ;
#2152 = CARTESIAN_POINT ( 'NONE',  ( 1.001100337284529962, 3.977106122312779934, 0.1000000000000000056 ) ) ;
#2153 = LINE ( 'NONE', #314, #1718 ) ;
#2154 = VECTOR ( 'NONE', #2752, 1000.000000000000000 ) ;
#2155 = CARTESIAN_POINT ( 'NONE',  ( 0.000000000000000000, -1.781585718017569819, 7.817681529351250269 ) ) ;
#2156 = CARTESIAN_POINT ( 'NONE',  ( -0.6464068973263199513, 3.815187165363369992, 0.1000000000000000056 ) ) ;
#2157 = CARTESIAN_POINT ( 'NONE',  ( 2.138163505817180177, 3.359926241563900184, 0.1000000000000000056 ) ) ;
#2158 = VERTEX_POINT ( 'NONE', #1823 ) ;
#2159 = ORIENTED_EDGE ( 'NONE', *, *, #1053, .F. ) ;
#2160 = EDGE_CURVE ( 'NONE', #409, #4302, #6809, .T. ) ;
#2161 = VECTOR ( 'NONE', #35, 1000.000000000000000 ) ;
#2162 = EDGE_CURVE ( 'NONE', #3820, #2787, #635, .T. ) ;
#2163 = CARTESIAN_POINT ( 'NONE',  ( 2.290000000000000036, -1.471999999999999975, 6.074999999999999289 ) ) ;
#2164 = CARTESIAN_POINT ( 'NONE',  ( -4.500000000000000000, 0.07680367431158340030, 6.006932583704670314 ) ) ;
#2165 = CARTESIAN_POINT ( 'NONE',  ( 1.133249441162520021, 3.842778736502729942, 0.1000000000000000056 ) ) ;
#2166 = AXIS2_PLACEMENT_3D ( 'NONE', #784, #1933, #2502 ) ;
#2167 = EDGE_CURVE ( 'NONE', #4321, #627, #3710, .T. ) ;
#2168 = AXIS2_PLACEMENT_3D ( 'NONE', #4521, #7005, #1398 ) ;
#2169 = CARTESIAN_POINT ( 'NONE',  ( -0.4133307305964469824, 4.186947281767399609, 0.1000000000000000056 ) ) ;
#2170 = DIRECTION ( 'NONE',  ( 0.000000000000000000, 0.000000000000000000, -1.000000000000000000 ) ) ;
#2171 = VERTEX_POINT ( 'NONE', #3095 ) ;
#2172 = DIRECTION ( 'NONE',  ( 0.000000000000000000, 0.000000000000000000, -1.000000000000000000 ) ) ;
#2173 = AXIS2_PLACEMENT_3D ( 'NONE', #5936, #1464, #7808 ) ;
#2174 = EDGE_CURVE ( 'NONE', #7772, #1226, #5497, .T. ) ;
#2175 = LINE ( 'NONE', #6577, #7457 ) ;
#2176 = CARTESIAN_POINT ( 'NONE',  ( 1.828847471465379959, 3.911757664351140029, 0.000000000000000000 ) ) ;
#2177 = CARTESIAN_POINT ( 'NONE',  ( -0.2500000000000000000, -1.678252661663869993, -6.873082493557559403 ) ) ;
#2178 = LINE ( 'NONE', #2088, #7478 ) ;
#2179 = CARTESIAN_POINT ( 'NONE',  ( 0.000000000000000000, -3.000608987435080088, -7.732439118436020387 ) ) ;
#2180 = VERTEX_POINT ( 'NONE', #3014 ) ;
#2181 = ORIENTED_EDGE ( 'NONE', *, *, #1664, .T. ) ;
#2182 = VERTEX_POINT ( 'NONE', #673 ) ;
#2183 = CARTESIAN_POINT ( 'NONE',  ( 1.924597782634129839, 3.647344394524860256, 0.1000000000000000056 ) ) ;
#2184 = ORIENTED_EDGE ( 'NONE', *, *, #165, .T. ) ;
#2185 = PLANE ( 'NONE',  #4866 ) ;
#2186 = CARTESIAN_POINT ( 'NONE',  ( 0.008529870244849970320, 3.330882482469830208, 0.1000000000000000056 ) ) ;
#2187 = EDGE_LOOP ( 'NONE', ( #6549, #7705, #546, #4943 ) ) ;
#2188 = ORIENTED_EDGE ( 'NONE', *, *, #1000, .F. ) ;
#2189 = ORIENTED_EDGE ( 'NONE', *, *, #495, .T. ) ;
#2190 = VECTOR ( 'NONE', #6493, 1000.000000000000000 ) ;
#2191 = CARTESIAN_POINT ( 'NONE',  ( -4.500000000000000000, 0.2000000000000000111, -5.877110744186579971 ) ) ;
#2192 = CARTESIAN_POINT ( 'NONE',  ( -2.213120261634973662, 4.012547652746590643, 0.000000000000000000 ) ) ;
#2193 = CARTESIAN_POINT ( 'NONE',  ( 1.196419617192119977, 3.899414066736159867, 0.000000000000000000 ) ) ;
#2194 = CARTESIAN_POINT ( 'NONE',  ( 2.290000000000000036, -1.471999999999999975, -6.074999999999999289 ) ) ;
#2195 = ADVANCED_FACE ( 'NONE', ( #3176 ), #7338, .F. ) ;
#2196 = DIRECTION ( 'NONE',  ( 0.000000000000000000, -0.9961649871150950464, 0.08749467667225489798 ) ) ;
#2197 = CYLINDRICAL_SURFACE ( 'NONE', #338, 0.05250000000000001193 ) ;
#2198 = VERTEX_POINT ( 'NONE', #8031 ) ;
#2199 = VERTEX_POINT ( 'NONE', #7381 ) ;
#2200 = VECTOR ( 'NONE', #6674, 1000.000000000000000 ) ;
#2201 = CARTESIAN_POINT ( 'NONE',  ( -1.357936258902269877, 3.789685443644290164, 0.1000000000000000056 ) ) ;
#2202 = CARTESIAN_POINT ( 'NONE',  ( 0.07170004627444169498, 3.330882482469830208, 0.000000000000000000 ) ) ;
#2203 = SURFACE_SIDE_STYLE ('',( #4079 ) ) ;
#2204 = EDGE_CURVE ( 'NONE', #7277, #5453, #3786, .T. ) ;
#2205 = EDGE_CURVE ( 'NONE', #1401, #4192, #68, .T. ) ;
#2206 = DIRECTION ( 'NONE',  ( 0.000000000000000000, 0.000000000000000000, 1.000000000000000000 ) ) ;
#2207 = DIRECTION ( 'NONE',  ( 0.000000000000000000, 8.673617379884043361E-16, -1.000000000000000000 ) ) ;
#2208 = ADVANCED_FACE ( 'NONE', ( #7497, #4406 ), #2438, .F. ) ;
#2209 = PLANE ( 'NONE',  #7528 ) ;
#2210 =( BOUNDED_CURVE ( )  B_SPLINE_CURVE ( 3, ( #3207, #2550, #5729, #2023 ),
 .UNSPECIFIED., .F., .F. ) 
 B_SPLINE_CURVE_WITH_KNOTS ( ( 4, 4 ),
 ( 0.05235987755983175646, 0.8115781021773639248 ),
 .UNSPECIFIED. ) 
 CURVE ( )  GEOMETRIC_REPRESENTATION_ITEM ( )  RATIONAL_B_SPLINE_CURVE ( ( 1.000000000000000000, 0.9525397019146162325, 0.9525397019146162325, 1.000000000000000000 ) ) 
 REPRESENTATION_ITEM ( '' )  );
#2211 = CARTESIAN_POINT ( 'NONE',  ( -1.884007543767990178, 4.115459866424270530, 0.000000000000000000 ) ) ;
#2212 = EDGE_CURVE ( 'NONE', #6062, #2521, #4368, .T. ) ;
#2213 = CARTESIAN_POINT ( 'NONE',  ( 2.290000000000000036, -1.700126330831939869, -6.624041246778779701 ) ) ;
#2214 = FACE_OUTER_BOUND ( 'NONE', #6569, .T. ) ;
#2215 = CYLINDRICAL_SURFACE ( 'NONE', #3080, 0.4999999999999995559 ) ;
#2216 = VERTEX_POINT ( 'NONE', #6269 ) ;
#2217 = ORIENTED_EDGE ( 'NONE', *, *, #3951, .T. ) ;
#2218 = EDGE_LOOP ( 'NONE', ( #1068, #1060, #5908, #5722 ) ) ;
#2219 = EDGE_CURVE ( 'NONE', #3850, #7466, #524, .T. ) ;
#2220 = DIRECTION ( 'NONE',  ( 0.000000000000000000, 0.000000000000000000, 1.000000000000000000 ) ) ;
#2221 = ORIENTED_EDGE ( 'NONE', *, *, #6834, .T. ) ;
#2222 = CARTESIAN_POINT ( 'NONE',  ( 2.100406618994890007, 3.351213113835679991, 0.000000000000000000 ) ) ;
#2223 = CARTESIAN_POINT ( 'NONE',  ( -2.790000000000000036, -1.471999999999999975, 6.375000000000000000 ) ) ;
#2224 = VERTEX_POINT ( 'NONE', #6851 ) ;
#2225 = ORIENTED_EDGE ( 'NONE', *, *, #4757, .T. ) ;
#2226 = VERTEX_POINT ( 'NONE', #1909 ) ;
#2227 = CARTESIAN_POINT ( 'NONE',  ( 0.007803776267498349975, 3.690299001258890321, 0.000000000000000000 ) ) ;
#2228 =( NAMED_UNIT ( * ) PLANE_ANGLE_UNIT ( ) SI_UNIT ( $, .RADIAN. ) );
#2229 = PLANE ( 'NONE',  #5430 ) ;
#2230 = CYLINDRICAL_SURFACE ( 'NONE', #936, 0.2500000000000002220 ) ;
#2231 = CARTESIAN_POINT ( 'NONE',  ( -1.546721400342430108, 3.823340976527339841, 0.000000000000000000 ) ) ;
#2232 = CARTESIAN_POINT ( 'NONE',  ( 1.168101952075400130, 3.476101277940159662, 0.1000000000000000056 ) ) ;
#2233 = DIRECTION ( 'NONE',  ( 0.000000000000000000, 0.000000000000000000, 1.000000000000000000 ) ) ;
#2234 = ORIENTED_EDGE ( 'NONE', *, *, #7902, .T. ) ;
#2235 = ORIENTED_EDGE ( 'NONE', *, *, #2024, .T. ) ;
#2236 = VECTOR ( 'NONE', #4837, 1000.000000000000114 ) ;
#2237 = LINE ( 'NONE', #396, #3237 ) ;
#2238 = AXIS2_PLACEMENT_3D ( 'NONE', #6766, #1162, #3173 ) ;
#2239 = FACE_OUTER_BOUND ( 'NONE', #7211, .T. ) ;
#2240 = DIRECTION ( 'NONE',  ( -1.000000000000000000, 0.000000000000000000, 0.000000000000000000 ) ) ;
#2241 = CARTESIAN_POINT ( 'NONE',  ( -1.494296394456039900, 3.878646107150240052, 0.000000000000000000 ) ) ;
#2242 = PLANE ( 'NONE',  #6854 ) ;
#2243 = VECTOR ( 'NONE', #1228, 1000.000000000000000 ) ;
#2244 = EDGE_CURVE ( 'NONE', #3448, #3279, #5182, .T. ) ;
#2245 = DIRECTION ( 'NONE',  ( 0.000000000000000000, 0.000000000000000000, 1.000000000000000000 ) ) ;
#2246 = VECTOR ( 'NONE', #5716, 1000.000000000000000 ) ;
#2247 = B_SPLINE_CURVE_WITH_KNOTS ( 'NONE', 2,
 ( #7567, #4481, #185, #5080 ),
 .UNSPECIFIED., .F., .F.,
 ( 3, 1, 3 ),
 ( 0.000000000000000000, 1.000000000000000000, 2.000000000000000000 ),
 .UNSPECIFIED. ) ;
#2248 = LINE ( 'NONE', #6088, #6163 ) ;
#2249 = CYLINDRICAL_SURFACE ( 'NONE', #1616, 0.05250000000000007438 ) ;
#2250 = CARTESIAN_POINT ( 'NONE',  ( -2.317867536277709917, 3.844381374173639898, 0.000000000000000000 ) ) ;
#2251 = ORIENTED_EDGE ( 'NONE', *, *, #5688, .T. ) ;
#2252 = VERTEX_POINT ( 'NONE', #6769 ) ;
#2253 = VECTOR ( 'NONE', #2847, 1000.000000000000000 ) ;
#2254 = VERTEX_POINT ( 'NONE', #6157 ) ;
#2255 = EDGE_CURVE ( 'NONE', #5982, #3318, #3058, .T. ) ;
#2256 = ADVANCED_FACE ( 'NONE', ( #7418 ), #1488, .T. ) ;
#2257 = FACE_OUTER_BOUND ( 'NONE', #4655, .T. ) ;
#2258 = VECTOR ( 'NONE', #7231, 1000.000000000000000 ) ;
#2259 = ORIENTED_EDGE ( 'NONE', *, *, #7205, .F. ) ;
#2260 = DIRECTION ( 'NONE',  ( 0.000000000000000000, 0.000000000000000000, 1.000000000000000000 ) ) ;
#2261 = EDGE_CURVE ( 'NONE', #7772, #4266, #5741, .T. ) ;
#2262 = CARTESIAN_POINT ( 'NONE',  ( 1.419330468239069942, 3.727329794103820149, 0.1000000000000000056 ) ) ;
#2263 = ORIENTED_EDGE ( 'NONE', *, *, #7482, .F. ) ;
#2264 = VERTEX_POINT ( 'NONE', #7016 ) ;
#2265 = ORIENTED_EDGE ( 'NONE', *, *, #4945, .T. ) ;
#2266 = VECTOR ( 'NONE', #5837, 1000.000000000000000 ) ;
#2267 = CARTESIAN_POINT ( 'NONE',  ( 0.01288643410895969933, 3.571219588973220116, 0.000000000000000000 ) ) ;
#2268 = B_SPLINE_SURFACE_WITH_KNOTS ( 'NONE', 2, 1, ( 
 ( #4928, #5460 ),
 ( #6080, #7451 ),
 ( #1863, #6037 ),
 ( #5493, #8068 ) ),
 .UNSPECIFIED., .F., .F., .F.,
 ( 3, 1, 3 ),
 ( 2, 2 ),
 ( -2.000000000000000000, -1.000000000000000000, 0.000000000000000000 ),
 ( 0.000000000000000000, 0.01000000000000000021 ),
 .UNSPECIFIED. ) ;
#2269 = SHAPE_REPRESENTATION_RELATIONSHIP ( 'NONE' , 'NONE' ,  #5444, #1918 ) ;
#2270 = DIRECTION ( 'NONE',  ( -1.000000000000000000, 0.000000000000000000, 0.000000000000000000 ) ) ;
#2271 = CARTESIAN_POINT ( 'NONE',  ( 0.5894050521261530173, 3.349760925880980178, 0.000000000000000000 ) ) ;
#2272 = FACE_OUTER_BOUND ( 'NONE', #4800, .T. ) ;
#2273 = ADVANCED_FACE ( 'NONE', ( #3296 ), #3990, .T. ) ;
#2274 =( GEOMETRIC_REPRESENTATION_CONTEXT ( 3 ) GLOBAL_UNCERTAINTY_ASSIGNED_CONTEXT ( ( #6239 ) ) GLOBAL_UNIT_ASSIGNED_CONTEXT ( ( #2867, #4089, #7442 ) ) REPRESENTATION_CONTEXT ( 'NONE', 'WORKASPACE' ) );
#2275 = CARTESIAN_POINT ( 'NONE',  ( -4.500000000000000000, -1.471999999999999975, 6.074999999999999289 ) ) ;
#2276 = ORIENTED_EDGE ( 'NONE', *, *, #4998, .T. ) ;
#2277 = ORIENTED_EDGE ( 'NONE', *, *, #1961, .F. ) ;
#2278 = CARTESIAN_POINT ( 'NONE',  ( 1.051200821721789858, 3.495705815328649546, 0.1000000000000000056 ) ) ;
#2279 = B_SPLINE_CURVE_WITH_KNOTS ( 'NONE', 2,
 ( #1240, #4197, #1705, #1820 ),
 .UNSPECIFIED., .F., .F.,
 ( 3, 1, 3 ),
 ( 0.000000000000000000, 1.000000000000000000, 2.000000000000000000 ),
 .UNSPECIFIED. ) ;
#2280 = LINE ( 'NONE', #4778, #2429 ) ;
#2281 = FACE_OUTER_BOUND ( 'NONE', #3284, .T. ) ;
#2282 = CARTESIAN_POINT ( 'NONE',  ( 0.07315223422914499118, 3.505871131011580211, 0.000000000000000000 ) ) ;
#2283 = CARTESIAN_POINT ( 'NONE',  ( -0.2500000000000000000, -1.700126330831939869, 6.624041246778789471 ) ) ;
#2284 = AXIS2_PLACEMENT_3D ( 'NONE', #3638, #7081, #3455 ) ;
#2285 = DIRECTION ( 'NONE',  ( -1.000000000000000000, 0.000000000000000000, 0.000000000000000000 ) ) ;
#2286 =( NAMED_UNIT ( * ) SI_UNIT ( $, .STERADIAN. ) SOLID_ANGLE_UNIT ( ) );
#2287 = AXIS2_PLACEMENT_3D ( 'NONE', #6776, #895, #2736 ) ;
#2288 = CARTESIAN_POINT ( 'NONE',  ( -0.5883193791381891025, 3.835517796729220219, 0.000000000000000000 ) ) ;
#2289 = CARTESIAN_POINT ( 'NONE',  ( 0.9597129805754840426, 3.364282805428009837, 0.000000000000000000 ) ) ;
#2290 = ADVANCED_FACE ( 'NONE', ( #235 ), #2646, .T. ) ;
#2291 = CARTESIAN_POINT ( 'NONE',  ( 1.249424477538779943, 3.581384904656149892, 0.1000000000000000056 ) ) ;
#2292 = ORIENTED_EDGE ( 'NONE', *, *, #867, .T. ) ;
#2293 = VECTOR ( 'NONE', #7945, 1000.000000000000114 ) ;
#2294 = VERTEX_POINT ( 'NONE', #3948 ) ;
#2295 = VERTEX_POINT ( 'NONE', #5217 ) ;
#2296 = CARTESIAN_POINT ( 'NONE',  ( -0.5883193791381891025, 3.835517796729220219, 0.1000000000000000056 ) ) ;
#2297 = VECTOR ( 'NONE', #211, 1000.000000000000000 ) ;
#2298 = VERTEX_POINT ( 'NONE', #6973 ) ;
#2299 = CARTESIAN_POINT ( 'NONE',  ( -1.546721400342430108, 3.875840976527340054, 0.1000000000000000056 ) ) ;
#2300 = EDGE_CURVE ( 'NONE', #6701, #1687, #3724, .T. ) ;
#2301 = EDGE_CURVE ( 'NONE', #6724, #2668, #3342, .T. ) ;
#2302 = CARTESIAN_POINT ( 'NONE',  ( 2.790000000000000036, -1.221999999999999975, 6.375000000000000000 ) ) ;
#2303 = ORIENTED_EDGE ( 'NONE', *, *, #1338, .F. ) ;
#2304 = ORIENTED_EDGE ( 'NONE', *, *, #6588, .F. ) ;
#2305 = EDGE_LOOP ( 'NONE', ( #6963, #1581, #6919, #5731 ) ) ;
#2306 = AXIS2_PLACEMENT_3D ( 'NONE', #19, #6378, #3199 ) ;
#2307 = SURFACE_SIDE_STYLE ('',( #2881 ) ) ;
#2308 = EDGE_CURVE ( 'NONE', #3024, #6254, #8019, .T. ) ;
#2309 = DIRECTION ( 'NONE',  ( 0.000000000000000000, -0.9975640502598241977, 0.06975647374412621837 ) ) ;
#2310 = FACE_OUTER_BOUND ( 'NONE', #6842, .T. ) ;
#2311 = CARTESIAN_POINT ( 'NONE',  ( 0.03321706547480530319, 3.527653950332130250, 0.1000000000000000056 ) ) ;
#2312 = CARTESIAN_POINT ( 'NONE',  ( 2.290000000000000036, -3.000608987435080088, 7.732439118436030157 ) ) ;
#2313 = CARTESIAN_POINT ( 'NONE',  ( -3.391521585213531864, -3.883792513728000273, 0.1000000000000000056 ) ) ;
#2314 = ORIENTED_EDGE ( 'NONE', *, *, #8033, .F. ) ;
#2315 = ORIENTED_EDGE ( 'NONE', *, *, #3002, .F. ) ;
#2316 = ORIENTED_EDGE ( 'NONE', *, *, #7990, .F. ) ;
#2317 = ADVANCED_FACE ( 'NONE', ( #4533 ), #2602, .F. ) ;
#2318 = CARTESIAN_POINT ( 'NONE',  ( 1.168101952075400130, 3.476101277940159662, 0.1000000000000000056 ) ) ;
#2319 = DIRECTION ( 'NONE',  ( 0.000000000000000000, 0.9975640502598295267, 0.06975647374404865542 ) ) ;
#2320 = STYLED_ITEM ( 'NONE', ( #997 ), #6954 ) ;
#2321 =( LENGTH_UNIT ( ) NAMED_UNIT ( * ) SI_UNIT ( .MILLI., .METRE. ) );
#2322 = CARTESIAN_POINT ( 'NONE',  ( -2.783957106781050239, 4.028629893398339767, 0.000000000000000000 ) ) ;
#2323 = CARTESIAN_POINT ( 'NONE',  ( -3.877183391326589845, -2.876803674311580572, 6.001377359100669828 ) ) ;
#2324 = VECTOR ( 'NONE', #1482, 1000.000000000000000 ) ;
#2325 = DIRECTION ( 'NONE',  ( 0.000000000000000000, 0.7253743710122905197, -0.6883545756937508031 ) ) ;
#2326 = CARTESIAN_POINT ( 'NONE',  ( -0.2500000000000000000, -1.221999999999999975, 6.375000000000000000 ) ) ;
#2327 =( GEOMETRIC_REPRESENTATION_CONTEXT ( 3 ) GLOBAL_UNCERTAINTY_ASSIGNED_CONTEXT ( ( #5180 ) ) GLOBAL_UNIT_ASSIGNED_CONTEXT ( ( #4312, #2463, #4956 ) ) REPRESENTATION_CONTEXT ( 'NONE', 'WORKASPACE' ) );
#2328 = FACE_OUTER_BOUND ( 'NONE', #2485, .T. ) ;
#2329 = CARTESIAN_POINT ( 'NONE',  ( -2.790000000000000036, -1.221999999999999975, -6.074999999999999289 ) ) ;
#2330 = B_SPLINE_SURFACE_WITH_KNOTS ( 'NONE', 2, 1, ( 
 ( #6786, #4987 ),
 ( #1107, #531 ),
 ( #1685, #5440 ),
 ( #4178, #6060 ) ),
 .UNSPECIFIED., .F., .F., .F.,
 ( 3, 1, 3 ),
 ( 2, 2 ),
 ( -2.000000000000000000, -1.000000000000000000, 0.000000000000000000 ),
 ( 0.000000000000000000, 0.01000000000000000021 ),
 .UNSPECIFIED. ) ;
#2331 = ORIENTED_EDGE ( 'NONE', *, *, #7012, .F. ) ;
#2332 = ORIENTED_EDGE ( 'NONE', *, *, #6103, .F. ) ;
#2333 = EDGE_LOOP ( 'NONE', ( #5987, #5240, #3496, #7908 ) ) ;
#2334 = FACE_OUTER_BOUND ( 'NONE', #6054, .T. ) ;
#2335 = ORIENTED_EDGE ( 'NONE', *, *, #3206, .T. ) ;
#2336 = LINE ( 'NONE', #7397, #5094 ) ;
#2337 = CARTESIAN_POINT ( 'NONE',  ( 0.03321706547480530319, 3.527653950332130250, 0.1000000000000000056 ) ) ;
#2338 = ORIENTED_EDGE ( 'NONE', *, *, #4239, .T. ) ;
#2339 = VERTEX_POINT ( 'NONE', #6358 ) ;
#2340 = ORIENTED_EDGE ( 'NONE', *, *, #1950, .F. ) ;
#2341 = DIRECTION ( 'NONE',  ( 0.000000000000000000, 0.000000000000000000, 1.000000000000000000 ) ) ;
#2342 = EDGE_CURVE ( 'NONE', #6585, #5862, #1236, .T. ) ;
#2343 = CARTESIAN_POINT ( 'NONE',  ( -0.6485851792583740005, 4.245760893932890134, 0.000000000000000000 ) ) ;
#2344 = CARTESIAN_POINT ( 'NONE',  ( -2.790000000000000036, -3.212597670117609994, 7.180121763127949919 ) ) ;
#2345 = DIRECTION ( 'NONE',  ( 0.000000000000000000, 0.000000000000000000, -1.000000000000000000 ) ) ;
#2346 = LINE ( 'NONE', #7326, #1901 ) ;
#2347 = ADVANCED_FACE ( 'NONE', ( #5787 ), #1409, .T. ) ;
#2348 = ORIENTED_EDGE ( 'NONE', *, *, #2052, .F. ) ;
#2349 = ORIENTED_EDGE ( 'NONE', *, *, #3892, .F. ) ;
#2350 = ORIENTED_EDGE ( 'NONE', *, *, #2852, .F. ) ;
#2351 = DIRECTION ( 'NONE',  ( 0.000000000000000000, -1.000000000000000000, -3.469446951953610245E-15 ) ) ;
#2352 = EDGE_CURVE ( 'NONE', #3645, #3632, #5703, .T. ) ;
#2353 = DIRECTION ( 'NONE',  ( -1.000000000000000000, 0.000000000000000000, 0.000000000000000000 ) ) ;
#2354 = DIRECTION ( 'NONE',  ( 0.000000000000000000, -0.06975647374404986278, 0.9975640502598295267 ) ) ;
#2355 = CARTESIAN_POINT ( 'NONE',  ( -2.319487202381294022, 4.098718177525329409, 0.000000000000000000 ) ) ;
#2356 = LINE ( 'NONE', #4199, #4118 ) ;
#2357 = EDGE_CURVE ( 'NONE', #4387, #6116, #5085, .T. ) ;
#2358 = VECTOR ( 'NONE', #11, 1000.000000000000000 ) ;
#2359 = DIRECTION ( 'NONE',  ( 0.000000000000000000, 0.000000000000000000, -1.000000000000000000 ) ) ;
#2360 = FILL_AREA_STYLE_COLOUR ( '', #1517 ) ;
#2361 = VECTOR ( 'NONE', #3790, 1000.000000000000000 ) ;
#2362 = CARTESIAN_POINT ( 'NONE',  ( -1.546721400342430108, 3.875840976527340054, 0.000000000000000000 ) ) ;
#2363 = AXIS2_PLACEMENT_3D ( 'NONE', #3262, #2892, #435 ) ;
#2364 = CARTESIAN_POINT ( 'NONE',  ( 0.9161473419343860725, 3.386065624748559877, 0.000000000000000000 ) ) ;
#2365 = CARTESIAN_POINT ( 'NONE',  ( 9.540979117872440597E-15, -2.735689314155719920, -6.965958753221239697 ) ) ;
#2366 = ADVANCED_FACE ( 'NONE', ( #1447 ), #1215, .F. ) ;
#2367 = ORIENTED_EDGE ( 'NONE', *, *, #2115, .F. ) ;
#2368 = EDGE_LOOP ( 'NONE', ( #6517, #6567, #7812, #3529 ) ) ;
#2369 = VECTOR ( 'NONE', #1115, 1000.000000000000000 ) ;
#2370 = LINE ( 'NONE', #1064, #7724 ) ;
#2371 = ORIENTED_EDGE ( 'NONE', *, *, #1490, .T. ) ;
#2372 = CARTESIAN_POINT ( 'NONE',  ( -2.252823782353760240, 3.778796486571669888, 0.1000000000000000056 ) ) ;
#2373 = VECTOR ( 'NONE', #232, 1000.000000000000000 ) ;
#2374 = PLANE ( 'NONE',  #189 ) ;
#2375 = DIRECTION ( 'NONE',  ( 0.000000000000000000, 0.000000000000000000, 1.000000000000000000 ) ) ;
#2376 = ORIENTED_EDGE ( 'NONE', *, *, #5587, .F. ) ;
#2377 = ORIENTED_EDGE ( 'NONE', *, *, #5859, .F. ) ;
#2378 = ORIENTED_EDGE ( 'NONE', *, *, #7542, .T. ) ;
#2379 = CARTESIAN_POINT ( 'NONE',  ( -0.2042156651191769923, 4.025754418795340683, 0.000000000000000000 ) ) ;
#2380 = CARTESIAN_POINT ( 'NONE',  ( -2.290000000000000036, -1.221999999999999975, 6.074999999999999289 ) ) ;
#2381 = VECTOR ( 'NONE', #505, 1000.000000000000000 ) ;
#2382 = DIRECTION ( 'NONE',  ( 1.000000000000000000, 0.000000000000000000, 0.000000000000000000 ) ) ;
#2383 = DIRECTION ( 'NONE',  ( 0.000000000000000000, 0.06975647374412621837, -0.9975640502598241977 ) ) ;
#2384 = LINE ( 'NONE', #1812, #1459 ) ;
#2385 = DIRECTION ( 'NONE',  ( -1.000000000000000000, 0.000000000000000000, 0.000000000000000000 ) ) ;
#2386 = ORIENTED_EDGE ( 'NONE', *, *, #4808, .T. ) ;
#2387 = EDGE_CURVE ( 'NONE', #3007, #3006, #3871, .T. ) ;
#2388 = VECTOR ( 'NONE', #6988, 1000.000000000000000 ) ;
#2389 = VERTEX_POINT ( 'NONE', #357 ) ;
#2390 = VERTEX_POINT ( 'NONE', #429 ) ;
#2391 = LINE ( 'NONE', #4740, #6111 ) ;
#2392 = CARTESIAN_POINT ( 'NONE',  ( -0.6464068973263199513, 3.815187165363369992, 0.000000000000000000 ) ) ;
#2393 = DIRECTION ( 'NONE',  ( -0.7071067811865475727, -0.7071067811865475727, 0.000000000000000000 ) ) ;
#2394 = VECTOR ( 'NONE', #1589, 1000.000000000000000 ) ;
#2395 = PRODUCT_DEFINITION_SHAPE ( 'NONE', 'NONE',  #8075 ) ;
#2396 = DIRECTION ( 'NONE',  ( -1.000000000000000000, 0.000000000000000000, 0.000000000000000000 ) ) ;
#2397 = CARTESIAN_POINT ( 'NONE',  ( 4.296555519582589966, -3.000000000000000000, -5.678444480417419449 ) ) ;
#2398 = ORIENTED_EDGE ( 'NONE', *, *, #7259, .T. ) ;
#2399 = ADVANCED_FACE ( 'NONE', ( #7290 ), #7905, .T. ) ;
#2400 = ADVANCED_FACE ( 'NONE', ( #3508 ), #5996, .T. ) ;
#2401 = AXIS2_PLACEMENT_3D ( 'NONE', #4424, #3113, #7474 ) ;
#2402 = FACE_OUTER_BOUND ( 'NONE', #7970, .T. ) ;
#2403 = EDGE_CURVE ( 'NONE', #1887, #1513, #331, .T. ) ;
#2404 = DIRECTION ( 'NONE',  ( 0.000000000000000000, 0.000000000000000000, 1.000000000000000000 ) ) ;
#2405 = CARTESIAN_POINT ( 'NONE',  ( -0.5774279694779149708, 3.846409206389489910, 0.000000000000000000 ) ) ;
#2406 = AXIS2_PLACEMENT_3D ( 'NONE', #4995, #1975, #1271 ) ;
#2407 = FACE_OUTER_BOUND ( 'NONE', #7971, .T. ) ;
#2408 = LINE ( 'NONE', #4377, #3337 ) ;
#2409 = ORIENTED_EDGE ( 'NONE', *, *, #4488, .F. ) ;
#2410 = ORIENTED_EDGE ( 'NONE', *, *, #2728, .F. ) ;
#2411 = CIRCLE ( 'NONE', #3723, 0.4999999999999995559 ) ;
#2412 = ADVANCED_FACE ( 'NONE', ( #4073 ), #926, .F. ) ;
#2413 = CARTESIAN_POINT ( 'NONE',  ( -0.2500000000000000000, -2.963206657552649670, -7.197560881563960677 ) ) ;
#2414 = CARTESIAN_POINT ( 'NONE',  ( -1.986647400900745986, 4.013912447657824067, 0.1000000000000000056 ) ) ;
#2415 = DIRECTION ( 'NONE',  ( 0.000000000000000000, 0.000000000000000000, 1.000000000000000000 ) ) ;
#2416 = VECTOR ( 'NONE', #584, 1000.000000000000000 ) ;
#2417 = CARTESIAN_POINT ( 'NONE',  ( 1.001100337284529962, 3.977106122312779934, 0.000000000000000000 ) ) ;
#2418 = CARTESIAN_POINT ( 'NONE',  ( 0.1094569330967260085, 3.505871131011580211, 0.1000000000000000056 ) ) ;
#2419 = EDGE_LOOP ( 'NONE', ( #2148, #4725, #4601, #2624 ) ) ;
#2420 = ORIENTED_EDGE ( 'NONE', *, *, #4147, .F. ) ;
#2421 = ORIENTED_EDGE ( 'NONE', *, *, #96, .F. ) ;
#2422 = DIRECTION ( 'NONE',  ( 0.7071067811865516806, 0.7071067811865433539, 0.000000000000000000 ) ) ;
#2423 = VECTOR ( 'NONE', #1587, 1000.000000000000000 ) ;
#2424 = DIRECTION ( 'NONE',  ( 0.000000000000000000, 1.000000000000000000, 0.000000000000000000 ) ) ;
#2425 = DIRECTION ( 'NONE',  ( 0.000000000000000000, 0.000000000000000000, 1.000000000000000000 ) ) ;
#2426 = CARTESIAN_POINT ( 'NONE',  ( -0.2500000000000000000, -1.721999999999999975, 6.375000000000000000 ) ) ;
#2427 = CARTESIAN_POINT ( 'NONE',  ( -4.500000000000000000, 0.000000000000000000, -6.074999999999999289 ) ) ;
#2428 = ORIENTED_EDGE ( 'NONE', *, *, #5625, .F. ) ;
#2429 = VECTOR ( 'NONE', #7261, 1000.000000000000000 ) ;
#2430 = ORIENTED_EDGE ( 'NONE', *, *, #7340, .F. ) ;
#2431 = EDGE_LOOP ( 'NONE', ( #3978, #1805, #2349, #4653 ) ) ;
#2432 = B_SPLINE_CURVE_WITH_KNOTS ( 'NONE', 2,
 ( #7668, #5746, #6362, #809 ),
 .UNSPECIFIED., .F., .F.,
 ( 3, 1, 3 ),
 ( -2.000000000000000000, -1.000000000000000000, 0.000000000000000000 ),
 .UNSPECIFIED. ) ;
#2433 = CARTESIAN_POINT ( 'NONE',  ( 2.061923638195259922, 4.046811144138540151, 0.000000000000000000 ) ) ;
#2434 = LINE ( 'NONE', #7951, #3869 ) ;
#2435 = LINE ( 'NONE', #3590, #6146 ) ;
#2436 = EDGE_CURVE ( 'NONE', #348, #105, #1498, .T. ) ;
#2437 = DIRECTION ( 'NONE',  ( 0.000000000000000000, 0.000000000000000000, 1.000000000000000000 ) ) ;
#2438 = PLANE ( 'NONE',  #4639 ) ;
#2439 = ORIENTED_EDGE ( 'NONE', *, *, #5744, .T. ) ;
#2440 = DIRECTION ( 'NONE',  ( 0.000000000000000000, 0.000000000000000000, -1.000000000000000000 ) ) ;
#2441 = CARTESIAN_POINT ( 'NONE',  ( 0.9190517178437930257, 3.820995917182180346, 0.1000000000000000056 ) ) ;
#2442 = EDGE_CURVE ( 'NONE', #7203, #64, #5338, .T. ) ;
#2443 = EDGE_CURVE ( 'NONE', #587, #4018, #1625, .T. ) ;
#2444 = CARTESIAN_POINT ( 'NONE',  ( 2.790000000000000036, -1.221999999999999975, 6.074999999999999289 ) ) ;
#2445 = FACE_OUTER_BOUND ( 'NONE', #6100, .T. ) ;
#2446 = CARTESIAN_POINT ( 'NONE',  ( -0.6536678370998361132, 3.643102892731029829, 0.1000000000000000056 ) ) ;
#2447 = EDGE_CURVE ( 'NONE', #7292, #3286, #4736, .T. ) ;
#2448 = ORIENTED_EDGE ( 'NONE', *, *, #3376, .T. ) ;
#2449 = ORIENTED_EDGE ( 'NONE', *, *, #1338, .T. ) ;
#2450 = VECTOR ( 'NONE', #6484, 1000.000000000000000 ) ;
#2451 = EDGE_CURVE ( 'NONE', #3527, #7017, #3428, .T. ) ;
#2452 = DIRECTION ( 'NONE',  ( 1.000000000000000000, 0.000000000000000000, 0.000000000000000000 ) ) ;
#2453 = CARTESIAN_POINT ( 'NONE',  ( 1.204406650942980272, 3.591550220339069899, 0.1000000000000000056 ) ) ;
#2454 = DIRECTION ( 'NONE',  ( 0.000000000000000000, 0.08749467667225491185, -0.9961649871150951574 ) ) ;
#2455 = CARTESIAN_POINT ( 'NONE',  ( 3.983947086480830180, 0.1410907200973692821, -5.991052913519168577 ) ) ;
#2456 = CARTESIAN_POINT ( 'NONE',  ( -0.2500000000000000000, -2.713815644987700004, -7.214999999999999858 ) ) ;
#2457 = ADVANCED_FACE ( 'NONE', ( #4115 ), #1536, .T. ) ;
#2458 = VERTEX_POINT ( 'NONE', #2313 ) ;
#2459 = B_SPLINE_CURVE_WITH_KNOTS ( 'NONE', 2,
 ( #1836, #5593, #6905, #774 ),
 .UNSPECIFIED., .F., .F.,
 ( 3, 1, 3 ),
 ( 0.000000000000000000, 1.000000000000000000, 2.000000000000000000 ),
 .UNSPECIFIED. ) ;
#2460 = VERTEX_POINT ( 'NONE', #4652 ) ;
#2461 = ORIENTED_EDGE ( 'NONE', *, *, #6396, .F. ) ;
#2462 = B_SPLINE_SURFACE_WITH_KNOTS ( 'NONE', 2, 1, ( 
 ( #6768, #672 ),
 ( #4854, #7337 ),
 ( #3013, #5496 ),
 ( #4284, #1163 ) ),
 .UNSPECIFIED., .F., .F., .F.,
 ( 3, 1, 3 ),
 ( 2, 2 ),
 ( -2.000000000000000000, -1.000000000000000000, 0.000000000000000000 ),
 ( 0.000000000000000000, 0.01000000000000000021 ),
 .UNSPECIFIED. ) ;
#2463 =( NAMED_UNIT ( * ) PLANE_ANGLE_UNIT ( ) SI_UNIT ( $, .RADIAN. ) );
#2464 = DIRECTION ( 'NONE',  ( 0.000000000000000000, 0.000000000000000000, 1.000000000000000000 ) ) ;
#2465 = CARTESIAN_POINT ( 'NONE',  ( -0.4946532560598290162, 3.672872745802449934, 0.000000000000000000 ) ) ;
#2466 = DIRECTION ( 'NONE',  ( -0.000000000000000000, 0.08749467667225491185, 0.9961649871150951574 ) ) ;
#2467 = CARTESIAN_POINT ( 'NONE',  ( -0.3073210099031090103, 3.963310336743099960, 0.1000000000000000056 ) ) ;
#2468 = CARTESIAN_POINT ( 'NONE',  ( 9.540979117872440597E-15, -1.721999999999999975, -6.375000000000000000 ) ) ;
#2469 = EDGE_CURVE ( 'NONE', #6213, #4965, #4516, .T. ) ;
#2470 = ORIENTED_EDGE ( 'NONE', *, *, #745, .F. ) ;
#2471 = ORIENTED_EDGE ( 'NONE', *, *, #951, .F. ) ;
#2472 = ORIENTED_EDGE ( 'NONE', *, *, #3655, .T. ) ;
#2473 = CARTESIAN_POINT ( 'NONE',  ( 2.218759937303210084, 3.723699324217069950, 0.1000000000000000056 ) ) ;
#2474 = CARTESIAN_POINT ( 'NONE',  ( 3.877183391326589845, -2.876803674311580572, -6.001377359100669828 ) ) ;
#2475 = FACE_OUTER_BOUND ( 'NONE', #4361, .T. ) ;
#2476 = AXIS2_PLACEMENT_3D ( 'NONE', #1869, #4371, #970 ) ;
#2477 = CARTESIAN_POINT ( 'NONE',  ( 0.9161473419343860725, 3.563958649199709949, 0.000000000000000000 ) ) ;
#2478 = CARTESIAN_POINT ( 'NONE',  ( -4.500000000000000000, -1.221999999999999975, -6.074999999999999289 ) ) ;
#2479 = ORIENTED_EDGE ( 'NONE', *, *, #3795, .T. ) ;
#2480 = CARTESIAN_POINT ( 'NONE',  ( -2.174680787299339890, 3.976789341645530218, 0.1000000000000000056 ) ) ;
#2481 = SURFACE_STYLE_FILL_AREA ( #7344 ) ;
#2482 = CARTESIAN_POINT ( 'NONE',  ( -2.790000000000000036, -2.713815644987700004, 7.214999999999999858 ) ) ;
#2483 = CARTESIAN_POINT ( 'NONE',  ( -1.831507543767989965, 3.875840976527360038, 0.000000000000000000 ) ) ;
#2484 = LINE ( 'NONE', #5021, #2681 ) ;
#2485 = EDGE_LOOP ( 'NONE', ( #7909, #3761, #2529, #7031 ) ) ;
#2486 = EDGE_CURVE ( 'NONE', #4752, #7933, #5025, .T. ) ;
#2487 = EDGE_LOOP ( 'NONE', ( #6459, #2439, #6374, #7446 ) ) ;
#2488 = VECTOR ( 'NONE', #4702, 1000.000000000000227 ) ;
#2489 = EDGE_CURVE ( 'NONE', #5108, #3681, #5375, .T. ) ;
#2490 = CARTESIAN_POINT ( 'NONE',  ( 0.7999723055581260400, 3.349760925880980178, 0.000000000000000000 ) ) ;
#2491 = ORIENTED_EDGE ( 'NONE', *, *, #7928, .T. ) ;
#2492 = CARTESIAN_POINT ( 'NONE',  ( -0.3073210099031090103, 4.041002392319730241, 0.000000000000000000 ) ) ;
#2493 = DIRECTION ( 'NONE',  ( 0.000000000000000000, 7.228014483236570338E-16, -1.000000000000000000 ) ) ;
#2494 = CARTESIAN_POINT ( 'NONE',  ( 2.100406618994890007, 3.513858164762440062, 0.1000000000000000056 ) ) ;
#2495 = ORIENTED_EDGE ( 'NONE', *, *, #759, .F. ) ;
#2496 = EDGE_CURVE ( 'NONE', #3820, #4062, #2768, .T. ) ;
#2497 = ORIENTED_EDGE ( 'NONE', *, *, #3939, .T. ) ;
#2498 = VECTOR ( 'NONE', #3619, 1000.000000000000000 ) ;
#2499 = EDGE_CURVE ( 'NONE', #3721, #4321, #3541, .T. ) ;
#2500 = ORIENTED_EDGE ( 'NONE', *, *, #7600, .T. ) ;
#2501 = FILL_AREA_STYLE_COLOUR ( '', #5851 ) ;
#2502 = DIRECTION ( 'NONE',  ( 0.000000000000000000, 0.000000000000000000, 1.000000000000000000 ) ) ;
#2503 = EDGE_CURVE ( 'NONE', #7139, #1302, #2929, .T. ) ;
#2504 = CARTESIAN_POINT ( 'NONE',  ( 2.790000000000000036, -2.713815644987700004, 7.214999999999999858 ) ) ;
#2505 = CIRCLE ( 'NONE', #37, 0.4999999999999995559 ) ;
#2506 = LINE ( 'NONE', #3697, #6063 ) ;
#2507 = LINE ( 'NONE', #1075, #4212 ) ;
#2508 = FILL_AREA_STYLE_COLOUR ( '', #576 ) ;
#2509 = CARTESIAN_POINT ( 'NONE',  ( -0.2500000000000000000, -1.471999999999999975, -6.074999999999999289 ) ) ;
#2510 = ORIENTED_EDGE ( 'NONE', *, *, #8056, .T. ) ;
#2511 = VERTEX_POINT ( 'NONE', #5413 ) ;
#2512 = ORIENTED_EDGE ( 'NONE', *, *, #1281, .T. ) ;
#2513 = AXIS2_PLACEMENT_3D ( 'NONE', #7289, #4650, #963 ) ;
#2514 = CARTESIAN_POINT ( 'NONE',  ( 2.138163505817180177, 3.359926241563900184, 0.000000000000000000 ) ) ;
#2515 = CARTESIAN_POINT ( 'NONE',  ( -3.877183391326589845, -2.876803674311580572, 5.502153264050679837 ) ) ;
#2516 = ADVANCED_FACE ( 'NONE', ( #4810 ), #2197, .F. ) ;
#2517 = LINE ( 'NONE', #1203, #4850 ) ;
#2518 = CLOSED_SHELL ( 'NONE', ( #551, #7343, #6101, #1108, #7386, #4360, #7838, #4821, #6109, #2897, #1021, #484, #2966, #2959, #3240 ) ) ;
#2519 = CARTESIAN_POINT ( 'NONE',  ( 0.9190517178437930257, 3.866013743777979794, 0.1000000000000000056 ) ) ;
#2520 = CARTESIAN_POINT ( 'NONE',  ( 4.422555392153529219, -2.949731148046355500, -5.552444607846484637 ) ) ;
#2521 = VERTEX_POINT ( 'NONE', #506 ) ;
#2522 = CARTESIAN_POINT ( 'NONE',  ( 9.540979117872440597E-15, -1.700126330831939869, -6.624041246778779701 ) ) ;
#2523 = AXIS2_PLACEMENT_3D ( 'NONE', #3947, #4485, #5740 ) ;
#2524 = DIRECTION ( 'NONE',  ( 0.000000000000000000, 0.000000000000000000, 1.000000000000000000 ) ) ;
#2525 = CARTESIAN_POINT ( 'NONE',  ( 1.001100337284529962, 3.977106122312779934, 0.1000000000000000056 ) ) ;
#2526 = CARTESIAN_POINT ( 'NONE',  ( -4.007005230844689514, -2.870000000000000107, 5.994920913255509021 ) ) ;
#2527 = CARTESIAN_POINT ( 'NONE',  ( 1.465074388812219963, 3.824626387068939870, 0.1000000000000000056 ) ) ;
#2528 = VECTOR ( 'NONE', #8050, 1000.000000000000227 ) ;
#2529 = ORIENTED_EDGE ( 'NONE', *, *, #2261, .F. ) ;
#2530 = VERTEX_POINT ( 'NONE', #3739 ) ;
#2531 = VECTOR ( 'NONE', #5563, 1000.000000000000000 ) ;
#2532 = CARTESIAN_POINT ( 'NONE',  ( 2.066280202059370019, 3.341773892130110113, 0.000000000000000000 ) ) ;
#2533 = EDGE_CURVE ( 'NONE', #3818, #3820, #5674, .T. ) ;
#2534 = ORIENTED_EDGE ( 'NONE', *, *, #4300, .F. ) ;
#2535 = CARTESIAN_POINT ( 'NONE',  ( -0.6536678370998361132, 3.643102892731029829, 0.000000000000000000 ) ) ;
#2536 = CARTESIAN_POINT ( 'NONE',  ( -2.290000000000000036, -2.735689314155739904, -6.965958753221239697 ) ) ;
#2537 = DIRECTION ( 'NONE',  ( 0.000000000000000000, 1.000000000000000000, 3.469446951953610245E-15 ) ) ;
#2538 = VERTEX_POINT ( 'NONE', #626 ) ;
#2539 = VECTOR ( 'NONE', #5660, 1000.000000000000000 ) ;
#2540 = VERTEX_POINT ( 'NONE', #5524 ) ;
#2541 = ORIENTED_EDGE ( 'NONE', *, *, #3988, .T. ) ;
#2542 = DIRECTION ( 'NONE',  ( 0.000000000000000000, 1.000000000000000000, 0.000000000000000000 ) ) ;
#2543 = CARTESIAN_POINT ( 'NONE',  ( 0.2500000000000000000, -2.735689314155719920, 6.965958753221239697 ) ) ;
#2544 = EDGE_CURVE ( 'NONE', #7897, #3220, #1117, .T. ) ;
#2545 = AXIS2_PLACEMENT_3D ( 'NONE', #4697, #3470, #7138 ) ;
#2546 = EDGE_CURVE ( 'NONE', #7780, #2770, #1155, .T. ) ;
#2547 = FACE_OUTER_BOUND ( 'NONE', #5206, .T. ) ;
#2548 = CARTESIAN_POINT ( 'NONE',  ( 1.545670820298249870, 3.514584258739800404, 0.1000000000000000056 ) ) ;
#2549 = DIRECTION ( 'NONE',  ( 0.000000000000000000, -7.228014483236570338E-16, -1.000000000000000000 ) ) ;
#2550 = CARTESIAN_POINT ( 'NONE',  ( 4.430168071342978742, 0.1104725758722868573, -5.544831928657032449 ) ) ;
#2551 = ORIENTED_EDGE ( 'NONE', *, *, #1246, .T. ) ;
#2552 = ORIENTED_EDGE ( 'NONE', *, *, #2604, .F. ) ;
#2553 = ORIENTED_EDGE ( 'NONE', *, *, #6696, .F. ) ;
#2554 = EDGE_CURVE ( 'NONE', #7293, #8003, #6113, .T. ) ;
#2555 = VERTEX_POINT ( 'NONE', #3125 ) ;
#2556 = VECTOR ( 'NONE', #2916, 1000.000000000000000 ) ;
#2557 = DIRECTION ( 'NONE',  ( 0.000000000000000000, 0.000000000000000000, 1.000000000000000000 ) ) ;
#2558 = FACE_OUTER_BOUND ( 'NONE', #6492, .T. ) ;
#2559 = DIRECTION ( 'NONE',  ( -0.6883545756937559101, 0.7253743710122858568, 0.000000000000000000 ) ) ;
#2560 = AXIS2_PLACEMENT_3D ( 'NONE', #1731, #2382, #2424 ) ;
#2561 = CARTESIAN_POINT ( 'NONE',  ( 4.500000000000000000, 0.000000000000000000, -5.474999999999999645 ) ) ;
#2562 = CARTESIAN_POINT ( 'NONE',  ( -0.9963841944098049686, 3.349760925880980178, 0.1000000000000000056 ) ) ;
#2563 = ORIENTED_EDGE ( 'NONE', *, *, #1559, .T. ) ;
#2564 = ADVANCED_FACE ( 'NONE', ( #3661 ), #1195, .F. ) ;
#2565 = B_SPLINE_CURVE_WITH_KNOTS ( 'NONE', 2,
 ( #2446, #4940, #6820, #3719 ),
 .UNSPECIFIED., .F., .F.,
 ( 3, 1, 3 ),
 ( -2.000000000000000000, -1.000000000000000000, 0.000000000000000000 ),
 .UNSPECIFIED. ) ;
#2566 = CARTESIAN_POINT ( 'NONE',  ( -4.426377359100680309, -2.876803674311580572, -6.001377359100669828 ) ) ;
#2567 = MECHANICAL_DESIGN_GEOMETRIC_PRESENTATION_REPRESENTATION (  '', ( #6090 ), #285 ) ;
#2568 = FILL_AREA_STYLE_COLOUR ( '', #7711 ) ;
#2569 = DIRECTION ( 'NONE',  ( 0.000000000000000000, -1.000000000000000000, 7.228014483236570338E-16 ) ) ;
#2570 = CARTESIAN_POINT ( 'NONE',  ( 1.820860437714520108, 3.518940822603910057, 0.000000000000000000 ) ) ;
#2571 = DIRECTION ( 'NONE',  ( 0.000000000000000000, 0.000000000000000000, 1.000000000000000000 ) ) ;
#2572 = ORIENTED_EDGE ( 'NONE', *, *, #1094, .T. ) ;
#2573 =( GEOMETRIC_REPRESENTATION_CONTEXT ( 3 ) GLOBAL_UNCERTAINTY_ASSIGNED_CONTEXT ( ( #3303 ) ) GLOBAL_UNIT_ASSIGNED_CONTEXT ( ( #7404, #4268, #6367 ) ) REPRESENTATION_CONTEXT ( 'NONE', 'WORKASPACE' ) );
#2574 = ORIENTED_EDGE ( 'NONE', *, *, #3649, .T. ) ;
#2575 = FACE_OUTER_BOUND ( 'NONE', #6447, .T. ) ;
#2576 = CARTESIAN_POINT ( 'NONE',  ( 2.066280202059370019, 3.341773892130110113, 0.1000000000000000056 ) ) ;
#2577 = AXIS2_PLACEMENT_3D ( 'NONE', #7995, #4897, #6085 ) ;
#2578 = EDGE_LOOP ( 'NONE', ( #2676, #7695, #2159, #5948 ) ) ;
#2579 = CARTESIAN_POINT ( 'NONE',  ( 0.2500000000000000000, -1.721999999999999975, 6.375000000000000000 ) ) ;
#2580 = CARTESIAN_POINT ( 'NONE',  ( 2.011097059780639906, 3.774525902631679752, 0.1000000000000000056 ) ) ;
#2581 = DIRECTION ( 'NONE',  ( 0.000000000000000000, 0.000000000000000000, 1.000000000000000000 ) ) ;
#2582 = ORIENTED_EDGE ( 'NONE', *, *, #468, .T. ) ;
#2583 = EDGE_LOOP ( 'NONE', ( #2495, #2188, #7980, #5704, #7520, #4092, #575, #3144, #4988, #7002, #5394, #5528 ) ) ;
#2584 = VECTOR ( 'NONE', #2078, 1000.000000000000114 ) ;
#2585 = ORIENTED_EDGE ( 'NONE', *, *, #3480, .F. ) ;
#2586 = LINE ( 'NONE', #7602, #1764 ) ;
#2587 = CARTESIAN_POINT ( 'NONE',  ( -0.4133307305964469824, 4.186947281767399609, 0.1000000000000000056 ) ) ;
#2588 = DIRECTION ( 'NONE',  ( 0.000000000000000000, 0.000000000000000000, 1.000000000000000000 ) ) ;
#2589 = CARTESIAN_POINT ( 'NONE',  ( 0.5894050521261530173, 3.349760925880980178, 0.000000000000000000 ) ) ;
#2590 =( NAMED_UNIT ( * ) PLANE_ANGLE_UNIT ( ) SI_UNIT ( $, .RADIAN. ) );
#2591 = DIRECTION ( 'NONE',  ( 0.000000000000000000, -1.000000000000000000, 7.228014483236570338E-16 ) ) ;
#2592 = ORIENTED_EDGE ( 'NONE', *, *, #4159, .F. ) ;
#2593 = VERTEX_POINT ( 'NONE', #2509 ) ;
#2594 = EDGE_LOOP ( 'NONE', ( #7355, #3936, #6584, #1128 ) ) ;
#2595 = ORIENTED_EDGE ( 'NONE', *, *, #3153, .F. ) ;
#2596 = DIRECTION ( 'NONE',  ( 0.07217646236721332598, -0.9973918779898671705, 0.000000000000000000 ) ) ;
#2597 = CARTESIAN_POINT ( 'NONE',  ( 1.051200821721789858, 3.495705815328649546, 0.1000000000000000056 ) ) ;
#2598 = LINE ( 'NONE', #7048, #471 ) ;
#2599 = DIRECTION ( 'NONE',  ( 0.000000000000000000, 1.000000000000000000, 0.000000000000000000 ) ) ;
#2600 = EDGE_CURVE ( 'NONE', #3632, #5713, #1361, .T. ) ;
#2601 = CARTESIAN_POINT ( 'NONE',  ( 2.170111640820649779, 3.551615051584730232, 0.1000000000000000056 ) ) ;
#2602 = PLANE ( 'NONE',  #2818 ) ;
#2603 = EDGE_LOOP ( 'NONE', ( #4013, #6739, #16, #3250 ) ) ;
#2604 = EDGE_CURVE ( 'NONE', #5626, #3750, #3044, .T. ) ;
#2605 = EDGE_CURVE ( 'NONE', #3802, #3318, #6840, .T. ) ;
#2606 = CARTESIAN_POINT ( 'NONE',  ( -2.290000000000000036, -2.757562983323810002, -6.716917506442459995 ) ) ;
#2607 = DIRECTION ( 'NONE',  ( 0.000000000000000000, 0.000000000000000000, 1.000000000000000000 ) ) ;
#2608 = EDGE_CURVE ( 'NONE', #6921, #2339, #1814, .T. ) ;
#2609 = CARTESIAN_POINT ( 'NONE',  ( 2.540000000000000036, -3.250000000000039968, 7.714999999999999858 ) ) ;
#2610 = DIRECTION ( 'NONE',  ( -0.7321804635358735158, 0.6811106876392364340, 0.000000000000000000 ) ) ;
#2611 = VERTEX_POINT ( 'NONE', #3085 ) ;
#2612 = VERTEX_POINT ( 'NONE', #5565 ) ;
#2613 = CARTESIAN_POINT ( 'NONE',  ( 4.007005230844689514, -3.000000000000000000, -5.967994769155310131 ) ) ;
#2614 = AXIS2_PLACEMENT_3D ( 'NONE', #4913, #4949, #5474 ) ;
#2615 = ADVANCED_FACE ( 'NONE', ( #1232 ), #3005, .F. ) ;
#2616 = LINE ( 'NONE', #7591, #6559 ) ;
#2617 = DIRECTION ( 'NONE',  ( 0.000000000000000000, 0.000000000000000000, 1.000000000000000000 ) ) ;
#2618 = LINE ( 'NONE', #5105, #655 ) ;
#2619 = CARTESIAN_POINT ( 'NONE',  ( 2.183907426390330198, 3.561780367267649794, 0.000000000000000000 ) ) ;
#2620 = B_SPLINE_CURVE_WITH_KNOTS ( 'NONE', 2,
 ( #3043, #8020, #1733, #5564 ),
 .UNSPECIFIED., .F., .F.,
 ( 3, 1, 3 ),
 ( 0.000000000000000000, 1.000000000000000000, 2.000000000000000000 ),
 .UNSPECIFIED. ) ;
#2621 = LINE ( 'NONE', #51, #6863 ) ;
#2622 = ORIENTED_EDGE ( 'NONE', *, *, #1247, .F. ) ;
#2623 = EDGE_LOOP ( 'NONE', ( #4593, #3354, #6397, #1878 ) ) ;
#2624 = ORIENTED_EDGE ( 'NONE', *, *, #744, .F. ) ;
#2625 = AXIS2_PLACEMENT_3D ( 'NONE', #5495, #4890, #7376 ) ;
#2626 = PRODUCT_CONTEXT ( 'NONE', #6019, 'mechanical' ) ;
#2627 = CYLINDRICAL_SURFACE ( 'NONE', #88, 0.4999999999999995559 ) ;
#2628 = CARTESIAN_POINT ( 'NONE',  ( -1.558624907085859990, 3.394807403769890097, 0.1000000000000000056 ) ) ;
#2629 = DIRECTION ( 'NONE',  ( 0.000000000000000000, -0.9975640502598296377, -0.06975647374404837786 ) ) ;
#2630 = CARTESIAN_POINT ( 'NONE',  ( 0.01288643410895969933, 3.571219588973220116, 0.1000000000000000056 ) ) ;
#2631 = VECTOR ( 'NONE', #7121, 1000.000000000000114 ) ;
#2632 = CARTESIAN_POINT ( 'NONE',  ( 1.450552509265190082, 3.427452981457600245, 0.1000000000000000056 ) ) ;
#2633 = ORIENTED_EDGE ( 'NONE', *, *, #372, .F. ) ;
#2634 = ORIENTED_EDGE ( 'NONE', *, *, #7377, .F. ) ;
#2635 = ORIENTED_EDGE ( 'NONE', *, *, #5854, .T. ) ;
#2636 =( NAMED_UNIT ( * ) PLANE_ANGLE_UNIT ( ) SI_UNIT ( $, .RADIAN. ) );
#2637 = AXIS2_PLACEMENT_3D ( 'NONE', #890, #2649, #1450 ) ;
#2638 = CARTESIAN_POINT ( 'NONE',  ( -0.7712950614308000663, 3.349760925880980178, 0.000000000000000000 ) ) ;
#2639 = CIRCLE ( 'NONE', #6284, 0.2500000000000002220 ) ;
#2640 = FACE_OUTER_BOUND ( 'NONE', #121, .T. ) ;
#2641 = B_SPLINE_CURVE_WITH_KNOTS ( 'NONE', 2,
 ( #3611, #2767, #965, #494 ),
 .UNSPECIFIED., .F., .F.,
 ( 3, 1, 3 ),
 ( -2.000000000000000000, -1.000000000000000000, 0.000000000000000000 ),
 .UNSPECIFIED. ) ;
#2642 = CARTESIAN_POINT ( 'NONE',  ( -2.216873242404680422, 3.832454365618560121, 0.1000000000000000056 ) ) ;
#2643 = DIRECTION ( 'NONE',  ( 1.000000000000000000, 0.000000000000000000, 0.000000000000000000 ) ) ;
#2644 = EDGE_CURVE ( 'NONE', #6294, #7409, #6223, .T. ) ;
#2645 = DIRECTION ( 'NONE',  ( 0.000000000000000000, 0.000000000000000000, 1.000000000000000000 ) ) ;
#2646 = PLANE ( 'NONE',  #330 ) ;
#2647 = ORIENTED_EDGE ( 'NONE', *, *, #3480, .T. ) ;
#2648 = EDGE_CURVE ( 'NONE', #5823, #4752, #4999, .T. ) ;
#2649 = DIRECTION ( 'NONE',  ( -0.9986295347545739443, 0.05233595624294400117, 1.132252351465719220E-16 ) ) ;
#2650 =( NAMED_UNIT ( * ) SI_UNIT ( $, .STERADIAN. ) SOLID_ANGLE_UNIT ( ) );
#2651 = UNCERTAINTY_MEASURE_WITH_UNIT (LENGTH_MEASURE( 1.000000000000000082E-05 ), #5767, 'distance_accuracy_value', 'NONE');
#2652 = CIRCLE ( 'NONE', #3694, 0.2500000000000002220 ) ;
#2653 = EDGE_CURVE ( 'NONE', #1133, #4192, #1274, .T. ) ;
#2654 = EDGE_CURVE ( 'NONE', #946, #4644, #3777, .T. ) ;
#2655 = DIRECTION ( 'NONE',  ( -1.000000000000000000, 0.000000000000000000, 0.000000000000000000 ) ) ;
#2656 = DIRECTION ( 'NONE',  ( -1.000000000000000000, 0.000000000000000000, 0.000000000000000000 ) ) ;
#2657 = EDGE_LOOP ( 'NONE', ( #2695, #7426, #2428, #833 ) ) ;
#2658 = CLOSED_SHELL ( 'NONE', ( #5639, #2208, #6015, #3050, #4590, #4400, #4847, #912, #7435, #3817, #6490, #6143, #2366, #5292, #2997, #3846, #76, #902, #5592, #6039 ) ) ;
#2659 = EDGE_CURVE ( 'NONE', #7369, #307, #2346, .T. ) ;
#2660 = CARTESIAN_POINT ( 'NONE',  ( -1.357936258902269877, 3.823340976527330071, 0.1000000000000000056 ) ) ;
#2661 = AXIS2_PLACEMENT_3D ( 'NONE', #3263, #5749, #3956 ) ;
#2662 = CARTESIAN_POINT ( 'NONE',  ( 0.1922316465148120046, 3.527653950332130250, 0.000000000000000000 ) ) ;
#2663 = LINE ( 'NONE', #7026, #2100 ) ;
#2664 = CARTESIAN_POINT ( 'NONE',  ( 0.9335735973908250163, 3.563958649199709949, 0.000000000000000000 ) ) ;
#2665 = CARTESIAN_POINT ( 'NONE',  ( -0.3625041521818330170, 4.152820864831879177, 0.000000000000000000 ) ) ;
#2666 = VERTEX_POINT ( 'NONE', #1777 ) ;
#2667 = ORIENTED_EDGE ( 'NONE', *, *, #4269, .F. ) ;
#2668 = VERTEX_POINT ( 'NONE', #4275 ) ;
#2669 = ADVANCED_FACE ( 'NONE', ( #62 ), #3166, .T. ) ;
#2670 = DIRECTION ( 'NONE',  ( 1.000000000000000000, 0.000000000000000000, 0.000000000000000000 ) ) ;
#2671 = DIRECTION ( 'NONE',  ( 0.000000000000000000, 0.000000000000000000, 1.000000000000000000 ) ) ;
#2672 = VERTEX_POINT ( 'NONE', #707 ) ;
#2673 = CARTESIAN_POINT ( 'NONE',  ( -0.4946532560598290162, 3.672872745802449934, 0.000000000000000000 ) ) ;
#2674 =( GEOMETRIC_REPRESENTATION_CONTEXT ( 3 ) GLOBAL_UNCERTAINTY_ASSIGNED_CONTEXT ( ( #4936 ) ) GLOBAL_UNIT_ASSIGNED_CONTEXT ( ( #2098, #5469, #2716 ) ) REPRESENTATION_CONTEXT ( 'NONE', 'WORKASPACE' ) );
#2675 = CARTESIAN_POINT ( 'NONE',  ( -0.2500000000000000000, -1.700126330831939869, 6.624041246778789471 ) ) ;
#2676 = ORIENTED_EDGE ( 'NONE', *, *, #1559, .F. ) ;
#2677 = ORIENTED_EDGE ( 'NONE', *, *, #3467, .F. ) ;
#2678 = ORIENTED_EDGE ( 'NONE', *, *, #5346, .F. ) ;
#2679 = CARTESIAN_POINT ( 'NONE',  ( -0.2500000000000000000, -3.250000000000039968, 7.714999999999999858 ) ) ;
#2680 = DIRECTION ( 'NONE',  ( 0.8597763410315684141, -0.5106707779013481829, 0.000000000000000000 ) ) ;
#2681 = VECTOR ( 'NONE', #82, 1000.000000000000000 ) ;
#2682 = CARTESIAN_POINT ( 'NONE',  ( 2.100406618994890007, 3.513858164762440062, 0.000000000000000000 ) ) ;
#2683 = CARTESIAN_POINT ( 'NONE',  ( -0.4133307305964469824, 4.186947281767399609, 0.000000000000000000 ) ) ;
#2684 = CARTESIAN_POINT ( 'NONE',  ( 1.346721070503900108, 3.750564801379079771, 0.000000000000000000 ) ) ;
#2685 = CARTESIAN_POINT ( 'NONE',  ( 2.100406618994890007, 3.513858164762440062, 0.1000000000000000056 ) ) ;
#2686 = DIRECTION ( 'NONE',  ( 0.000000000000000000, 0.000000000000000000, -1.000000000000000000 ) ) ;
#2687 = ORIENTED_EDGE ( 'NONE', *, *, #6962, .T. ) ;
#2688 = VECTOR ( 'NONE', #4395, 1000.000000000000000 ) ;
#2689 = CARTESIAN_POINT ( 'NONE',  ( -3.750000000000000000, -0.4500000000000000111, -5.678444480417419449 ) ) ;
#2690 = PLANE ( 'NONE',  #4848 ) ;
#2691 = DIRECTION ( 'NONE',  ( -1.000000000000000000, 0.000000000000000000, 0.000000000000000000 ) ) ;
#2692 = DIRECTION ( 'NONE',  ( 0.000000000000000000, 7.228014483236570338E-16, 1.000000000000000000 ) ) ;
#2693 = CYLINDRICAL_SURFACE ( 'NONE', #4776, 0.05250000000000036582 ) ;
#2694 = VECTOR ( 'NONE', #6716, 1000.000000000000000 ) ;
#2695 = ORIENTED_EDGE ( 'NONE', *, *, #1798, .F. ) ;
#2696 = CARTESIAN_POINT ( 'NONE',  ( -0.5992107887984640113, 4.060606929708220569, 0.000000000000000000 ) ) ;
#2697 = ADVANCED_FACE ( 'NONE', ( #4435 ), #5692, .T. ) ;
#2698 = CARTESIAN_POINT ( 'NONE',  ( 1.820860437714520108, 3.518940822603910057, 0.1000000000000000056 ) ) ;
#2699 = DIRECTION ( 'NONE',  ( 0.000000000000000000, 0.000000000000000000, -1.000000000000000000 ) ) ;
#2700 = DIRECTION ( 'NONE',  ( 0.000000000000000000, -0.08749467667225491185, 0.9961649871150951574 ) ) ;
#2701 = EDGE_CURVE ( 'NONE', #7737, #1857, #3816, .T. ) ;
#2702 = DIRECTION ( 'NONE',  ( 0.7071067811865516806, 0.7071067811865433539, 0.000000000000000000 ) ) ;
#2703 = PLANE ( 'NONE',  #3482 ) ;
#2704 = VERTEX_POINT ( 'NONE', #832 ) ;
#2705 = ORIENTED_EDGE ( 'NONE', *, *, #5675, .T. ) ;
#2706 = ORIENTED_EDGE ( 'NONE', *, *, #1281, .F. ) ;
#2707 = EDGE_CURVE ( 'NONE', #2254, #1686, #1357, .T. ) ;
#2708 = EDGE_CURVE ( 'NONE', #7032, #6752, #6262, .T. ) ;
#2709 = VECTOR ( 'NONE', #6790, 1000.000000000000000 ) ;
#2710 = DIRECTION ( 'NONE',  ( 1.000000000000000000, 0.000000000000000000, 0.000000000000000000 ) ) ;
#2711 = CARTESIAN_POINT ( 'NONE',  ( 2.540000000000000036, -1.700126330831939869, -6.624041246778779701 ) ) ;
#2712 = CARTESIAN_POINT ( 'NONE',  ( -4.007005230844689514, -3.000000000000000000, 5.994920913255509021 ) ) ;
#2713 = VERTEX_POINT ( 'NONE', #7607 ) ;
#2714 = CARTESIAN_POINT ( 'NONE',  ( -1.508619436103678213, 3.839723247900682424, 0.000000000000000000 ) ) ;
#2715 = EDGE_CURVE ( 'NONE', #2839, #1491, #2210, .T. ) ;
#2716 =( NAMED_UNIT ( * ) SI_UNIT ( $, .STERADIAN. ) SOLID_ANGLE_UNIT ( ) );
#2717 = PRESENTATION_LAYER_ASSIGNMENT (  '', '', ( #6230 ) ) ;
#2718 = DIRECTION ( 'NONE',  ( 0.000000000000000000, -0.9975640502598296377, 0.06975647374404837786 ) ) ;
#2719 = ORIENTED_EDGE ( 'NONE', *, *, #4408, .T. ) ;
#2720 = ORIENTED_EDGE ( 'NONE', *, *, #4101, .T. ) ;
#2721 = ORIENTED_EDGE ( 'NONE', *, *, #156, .T. ) ;
#2722 = ORIENTED_EDGE ( 'NONE', *, *, #6301, .F. ) ;
#2723 = LINE ( 'NONE', #7089, #2324 ) ;
#2724 = PRESENTATION_LAYER_ASSIGNMENT (  '', '', ( #3109 ) ) ;
#2725 = LINE ( 'NONE', #4111, #869 ) ;
#2726 = LINE ( 'NONE', #391, #1835 ) ;
#2727 = CARTESIAN_POINT ( 'NONE',  ( 1.465074388812219963, 3.995984565723929460, 0.000000000000000000 ) ) ;
#2728 = EDGE_CURVE ( 'NONE', #2778, #6336, #5040, .T. ) ;
#2729 = CARTESIAN_POINT ( 'NONE',  ( -0.7553209939290640440, 3.810104507521910211, 0.1000000000000000056 ) ) ;
#2730 = DIRECTION ( 'NONE',  ( 0.000000000000000000, 0.000000000000000000, -1.000000000000000000 ) ) ;
#2731 = ORIENTED_EDGE ( 'NONE', *, *, #2436, .T. ) ;
#2732 = B_SPLINE_CURVE_WITH_KNOTS ( 'NONE', 2,
 ( #4229, #3620, #6112, #6381 ),
 .UNSPECIFIED., .F., .F.,
 ( 3, 1, 3 ),
 ( 0.000000000000000000, 1.000000000000000000, 2.000000000000000000 ),
 .UNSPECIFIED. ) ;
#2733 = CARTESIAN_POINT ( 'NONE',  ( -4.500000000000000000, 0.07680367431158330316, -6.006932583704670314 ) ) ;
#2734 = LINE ( 'NONE', #5220, #7257 ) ;
#2735 = CARTESIAN_POINT ( 'NONE',  ( -0.2042156651191769923, 4.025754418795340683, 0.000000000000000000 ) ) ;
#2736 = DIRECTION ( 'NONE',  ( 0.000000000000000000, 0.000000000000000000, 1.000000000000000000 ) ) ;
#2737 = ORIENTED_EDGE ( 'NONE', *, *, #7633, .T. ) ;
#2738 = CARTESIAN_POINT ( 'NONE',  ( -1.831507543767989965, 3.875840976527360038, 0.000000000000000000 ) ) ;
#2739 = DIRECTION ( 'NONE',  ( 0.000000000000000000, 1.000000000000000000, 0.000000000000000000 ) ) ;
#2740 = DIRECTION ( 'NONE',  ( -1.000000000000000000, 0.000000000000000000, 0.000000000000000000 ) ) ;
#2741 = CARTESIAN_POINT ( 'NONE',  ( -4.007005230844689514, -2.870000000000000107, -5.678444480417419449 ) ) ;
#2742 = EDGE_CURVE ( 'NONE', #5723, #7063, #7243, .T. ) ;
#2743 = DIRECTION ( 'NONE',  ( 1.000000000000000000, 0.000000000000000000, 0.000000000000000000 ) ) ;
#2744 = DIRECTION ( 'NONE',  ( -1.000000000000000000, 0.000000000000000000, 0.000000000000000000 ) ) ;
#2745 = ORIENTED_EDGE ( 'NONE', *, *, #7983, .T. ) ;
#2746 = ORIENTED_EDGE ( 'NONE', *, *, #3511, .T. ) ;
#2747 = ORIENTED_EDGE ( 'NONE', *, *, #4324, .F. ) ;
#2748 = DIRECTION ( 'NONE',  ( 1.000000000000000000, 0.000000000000000000, 0.000000000000000000 ) ) ;
#2749 = CARTESIAN_POINT ( 'NONE',  ( 1.280646518564899861, 3.533462702150940160, 0.1000000000000000056 ) ) ;
#2750 = ORIENTED_EDGE ( 'NONE', *, *, #7538, .T. ) ;
#2751 = DIRECTION ( 'NONE',  ( 0.7071067811865516806, -0.7071067811865433539, 0.000000000000000000 ) ) ;
#2752 = DIRECTION ( 'NONE',  ( -1.000000000000000000, 0.000000000000000000, 0.000000000000000000 ) ) ;
#2753 = EDGE_CURVE ( 'NONE', #7312, #1316, #5884, .T. ) ;
#2754 = ADVANCED_FACE ( 'NONE', ( #4597 ), #5120, .T. ) ;
#2755 = DIRECTION ( 'NONE',  ( 1.000000000000000000, 0.000000000000000000, 0.000000000000000000 ) ) ;
#2756 = CIRCLE ( 'NONE', #1304, 0.05250000000000010214 ) ;
#2757 = ORIENTED_EDGE ( 'NONE', *, *, #687, .F. ) ;
#2758 = ORIENTED_EDGE ( 'NONE', *, *, #5101, .T. ) ;
#2759 = ORIENTED_EDGE ( 'NONE', *, *, #2054, .F. ) ;
#2760 = EDGE_LOOP ( 'NONE', ( #3603, #5989, #7830, #786, #7587, #4717, #3848, #4632, #103, #596, #1780, #4034 ) ) ;
#2761 = EDGE_CURVE ( 'NONE', #2065, #5454, #5820, .T. ) ;
#2762 = DIRECTION ( 'NONE',  ( 0.000000000000000000, 0.000000000000000000, -1.000000000000000000 ) ) ;
#2763 = CARTESIAN_POINT ( 'NONE',  ( -0.2500000000000000000, -2.757562983323810002, 6.716917506442459995 ) ) ;
#2764 = PLANE ( 'NONE',  #7200 ) ;
#2765 = COLOUR_RGB ( '',1.000000000000000000, 1.000000000000000000, 1.000000000000000000 ) ;
#2766 = LINE ( 'NONE', #5256, #7461 ) ;
#2767 = CARTESIAN_POINT ( 'NONE',  ( 2.218759937303210084, 3.879083435370310085, 0.1000000000000000056 ) ) ;
#2768 = LINE ( 'NONE', #4773, #458 ) ;
#2769 = EDGE_LOOP ( 'NONE', ( #928, #214, #1315, #567 ) ) ;
#2770 = VERTEX_POINT ( 'NONE', #789 ) ;
#2771 = AXIS2_PLACEMENT_3D ( 'NONE', #2504, #1392, #6379 ) ;
#2772 = EDGE_CURVE ( 'NONE', #1688, #6351, #3283, .T. ) ;
#2773 = DIRECTION ( 'NONE',  ( -0.05233595624294389709, -0.9986295347545739443, 0.000000000000000000 ) ) ;
#2774 = FACE_OUTER_BOUND ( 'NONE', #906, .T. ) ;
#2775 = FACE_OUTER_BOUND ( 'NONE', #7045, .T. ) ;
#2776 = LINE ( 'NONE', #2609, #1214 ) ;
#2777 = LINE ( 'NONE', #5269, #3474 ) ;
#2778 = VERTEX_POINT ( 'NONE', #181 ) ;
#2779 = CARTESIAN_POINT ( 'NONE',  ( -0.3842869715023810029, 3.749838707401719873, 0.1000000000000000056 ) ) ;
#2780 = VECTOR ( 'NONE', #7776, 1000.000000000000000 ) ;
#2781 = DIRECTION ( 'NONE',  ( 0.05226442768870698252, -0.9972646886342375616, -0.05226442768871678024 ) ) ;
#2782 = CARTESIAN_POINT ( 'NONE',  ( -2.790000000000000036, -1.221999999999999975, -6.375000000000000000 ) ) ;
#2783 = CARTESIAN_POINT ( 'NONE',  ( 1.735907442364380104, 4.046811144138540151, 0.000000000000000000 ) ) ;
#2784 = DIRECTION ( 'NONE',  ( -0.000000000000000000, 0.08749467667225491185, 0.9961649871150951574 ) ) ;
#2785 = CARTESIAN_POINT ( 'NONE',  ( -0.2500000000000000000, -3.000608987435080088, 7.732439118436020387 ) ) ;
#2786 = ORIENTED_EDGE ( 'NONE', *, *, #2872, .T. ) ;
#2787 = VERTEX_POINT ( 'NONE', #2675 ) ;
#2788 = ORIENTED_EDGE ( 'NONE', *, *, #5336, .T. ) ;
#2789 = EDGE_CURVE ( 'NONE', #4522, #7604, #5165, .T. ) ;
#2790 = VECTOR ( 'NONE', #8000, 1000.000000000000114 ) ;
#2791 = DIRECTION ( 'NONE',  ( -1.000000000000000000, 0.000000000000000000, 0.000000000000000000 ) ) ;
#2792 = VERTEX_POINT ( 'NONE', #4559 ) ;
#2793 = CARTESIAN_POINT ( 'NONE',  ( 1.494844241883630076, 3.561054273290299665, 0.000000000000000000 ) ) ;
#2794 = CARTESIAN_POINT ( 'NONE',  ( -1.558624907085859990, 3.394807403769890097, 0.000000000000000000 ) ) ;
#2795 = CARTESIAN_POINT ( 'NONE',  ( 0.008529870244849970320, 3.330882482469830208, 0.000000000000000000 ) ) ;
#2796 = ORIENTED_EDGE ( 'NONE', *, *, #6544, .T. ) ;
#2797 = VECTOR ( 'NONE', #2808, 1000.000000000000000 ) ;
#2798 = VERTEX_POINT ( 'NONE', #2099 ) ;
#2799 = EDGE_LOOP ( 'NONE', ( #1025, #4796, #1467, #6022 ) ) ;
#2800 = ORIENTED_EDGE ( 'NONE', *, *, #4169, .T. ) ;
#2801 = DIRECTION ( 'NONE',  ( 1.000000000000000000, 0.000000000000000000, 0.000000000000000000 ) ) ;
#2802 = CARTESIAN_POINT ( 'NONE',  ( 0.9190517178437930257, 3.820995917182180346, 0.1000000000000000056 ) ) ;
#2803 = EDGE_CURVE ( 'NONE', #419, #4428, #7040, .T. ) ;
#2804 = CARTESIAN_POINT ( 'NONE',  ( -0.7712950614308000663, 4.078759279142010641, 0.000000000000000000 ) ) ;
#2805 = CARTESIAN_POINT ( 'NONE',  ( 3.877183391326589845, -2.876803674311580572, -3.824999999999999734 ) ) ;
#2806 = PRESENTATION_LAYER_ASSIGNMENT (  '', '', ( #6192 ) ) ;
#2807 = FACE_OUTER_BOUND ( 'NONE', #6209, .T. ) ;
#2808 = DIRECTION ( 'NONE',  ( 0.000000000000000000, -7.228014483236570338E-16, -1.000000000000000000 ) ) ;
#2809 = DIRECTION ( 'NONE',  ( -1.000000000000000000, 0.000000000000000000, 0.000000000000000000 ) ) ;
#2810 = EDGE_CURVE ( 'NONE', #5454, #6380, #6423, .T. ) ;
#2811 = VERTEX_POINT ( 'NONE', #7082 ) ;
#2812 = VERTEX_POINT ( 'NONE', #992 ) ;
#2813 = AXIS2_PLACEMENT_3D ( 'NONE', #2082, #7712, #3225 ) ;
#2814 = DIRECTION ( 'NONE',  ( 0.000000000000000000, 0.000000000000000000, 1.000000000000000000 ) ) ;
#2815 = CARTESIAN_POINT ( 'NONE',  ( 0.1631878874207469965, 3.378804684975039940, 0.000000000000000000 ) ) ;
#2816 = CARTESIAN_POINT ( 'NONE',  ( 1.216750248557959990, 3.780334654450490106, 0.1000000000000000056 ) ) ;
#2817 =( GEOMETRIC_REPRESENTATION_CONTEXT ( 3 ) GLOBAL_UNCERTAINTY_ASSIGNED_CONTEXT ( ( #7624 ) ) GLOBAL_UNIT_ASSIGNED_CONTEXT ( ( #1, #602, #4974 ) ) REPRESENTATION_CONTEXT ( 'NONE', 'WORKASPACE' ) );
#2818 = AXIS2_PLACEMENT_3D ( 'NONE', #7664, #5832, #3388 ) ;
#2819 = CARTESIAN_POINT ( 'NONE',  ( -2.783957106781050239, 4.028629893398339767, 0.1000000000000000056 ) ) ;
#2820 = LINE ( 'NONE', #1049, #5154 ) ;
#2821 = EDGE_CURVE ( 'NONE', #1316, #3045, #3643, .T. ) ;
#2822 = EDGE_CURVE ( 'NONE', #5366, #2521, #7892, .T. ) ;
#2823 = CARTESIAN_POINT ( 'NONE',  ( -2.333410801640130039, 4.059170602149990259, 0.000000000000000000 ) ) ;
#2824 = VECTOR ( 'NONE', #5363, 1000.000000000000227 ) ;
#2825 = LINE ( 'NONE', #7717, #4605 ) ;
#2826 = CARTESIAN_POINT ( 'NONE',  ( 2.290000000000000036, -2.963206657552649670, 7.197560881563970447 ) ) ;
#2827 = CARTESIAN_POINT ( 'NONE',  ( 1.051200821721789858, 3.495705815328649546, 0.000000000000000000 ) ) ;
#2828 = AXIS2_PLACEMENT_3D ( 'NONE', #6118, #7988, #4196 ) ;
#2829 = CARTESIAN_POINT ( 'NONE',  ( -4.500000000000000000, -1.221999999999999975, 6.074999999999999289 ) ) ;
#2830 = CARTESIAN_POINT ( 'NONE',  ( -0.2500000000000000000, -3.212597670117609994, -7.180121763127949919 ) ) ;
#2831 = EDGE_LOOP ( 'NONE', ( #4064, #2647, #5368, #5811 ) ) ;
#2832 = VERTEX_POINT ( 'NONE', #3533 ) ;
#2833 = EDGE_LOOP ( 'NONE', ( #1318, #5479, #4642, #3033 ) ) ;
#2834 = CARTESIAN_POINT ( 'NONE',  ( 1.216750248557959990, 3.780334654450490106, 0.1000000000000000056 ) ) ;
#2835 = ORIENTED_EDGE ( 'NONE', *, *, #2103, .F. ) ;
#2836 = PLANE ( 'NONE',  #2910 ) ;
#2837 =( NAMED_UNIT ( * ) SI_UNIT ( $, .STERADIAN. ) SOLID_ANGLE_UNIT ( ) );
#2838 = LINE ( 'NONE', #5947, #2556 ) ;
#2839 = VERTEX_POINT ( 'NONE', #6020 ) ;
#2840 = ORIENTED_EDGE ( 'NONE', *, *, #564, .F. ) ;
#2841 = ORIENTED_EDGE ( 'NONE', *, *, #5166, .T. ) ;
#2842 = AXIS2_PLACEMENT_3D ( 'NONE', #1017, #1129, #2325 ) ;
#2843 = CARTESIAN_POINT ( 'NONE',  ( 2.790000000000000036, -1.472000000000019959, -6.074999999999999289 ) ) ;
#2844 =( NAMED_UNIT ( * ) PLANE_ANGLE_UNIT ( ) SI_UNIT ( $, .RADIAN. ) );
#2845 = LINE ( 'NONE', #5913, #6339 ) ;
#2846 = DIRECTION ( 'NONE',  ( 0.000000000000000000, 0.000000000000000000, 1.000000000000000000 ) ) ;
#2847 = DIRECTION ( 'NONE',  ( 1.000000000000000000, 0.000000000000000000, 0.000000000000000000 ) ) ;
#2848 = B_SPLINE_CURVE_WITH_KNOTS ( 'NONE', 2,
 ( #2075, #2601, #4570, #2685 ),
 .UNSPECIFIED., .F., .F.,
 ( 3, 1, 3 ),
 ( -2.000000000000000000, -1.000000000000000000, 0.000000000000000000 ),
 .UNSPECIFIED. ) ;
#2849 = LINE ( 'NONE', #2993, #5932 ) ;
#2850 = DIRECTION ( 'NONE',  ( 0.000000000000000000, 0.000000000000000000, 1.000000000000000000 ) ) ;
#2851 = ORIENTED_EDGE ( 'NONE', *, *, #7600, .F. ) ;
#2852 = EDGE_CURVE ( 'NONE', #2811, #7007, #720, .T. ) ;
#2853 = ORIENTED_EDGE ( 'NONE', *, *, #6704, .T. ) ;
#2854 = AXIS2_PLACEMENT_3D ( 'NONE', #7010, #2762, #3903 ) ;
#2855 = CARTESIAN_POINT ( 'NONE',  ( -1.494296394456039900, 3.878646107150249822, 0.000000000000000000 ) ) ;
#2856 = DIRECTION ( 'NONE',  ( 0.000000000000000000, 0.000000000000000000, -1.000000000000000000 ) ) ;
#2857 = EDGE_CURVE ( 'NONE', #7466, #946, #7854, .T. ) ;
#2858 = CARTESIAN_POINT ( 'NONE',  ( 1.164471482188639939, 3.793404346042819952, 0.000000000000000000 ) ) ;
#2859 = B_SPLINE_SURFACE_WITH_KNOTS ( 'NONE', 2, 1, ( 
 ( #3560, #7881 ),
 ( #5390, #2291 ),
 ( #6659, #7271 ),
 ( #1677, #4171 ) ),
 .UNSPECIFIED., .F., .F., .F.,
 ( 3, 1, 3 ),
 ( 2, 2 ),
 ( -2.000000000000000000, -1.000000000000000000, 0.000000000000000000 ),
 ( 0.000000000000000000, 0.01000000000000000021 ),
 .UNSPECIFIED. ) ;
#2860 = CARTESIAN_POINT ( 'NONE',  ( 1.545670820298249870, 3.683764155462729839, 0.1000000000000000056 ) ) ;
#2861 = ADVANCED_FACE ( 'NONE', ( #1523 ), #5327, .F. ) ;
#2862 = EDGE_CURVE ( 'NONE', #5821, #7575, #6552, .T. ) ;
#2863 = CARTESIAN_POINT ( 'NONE',  ( 2.540000000000000036, -1.721999999999999975, 6.375000000000000000 ) ) ;
#2864 = EDGE_CURVE ( 'NONE', #3645, #7172, #5028, .T. ) ;
#2865 = CARTESIAN_POINT ( 'NONE',  ( -2.319487202381293578, 4.098718177525329409, 0.1000000000000000056 ) ) ;
#2866 = DIRECTION ( 'NONE',  ( 0.7071067811865516806, -0.7071067811865433539, 0.000000000000000000 ) ) ;
#2867 =( LENGTH_UNIT ( ) NAMED_UNIT ( * ) SI_UNIT ( .MILLI., .METRE. ) );
#2868 = PLANE ( 'NONE',  #3349 ) ;
#2869 = EDGE_LOOP ( 'NONE', ( #115, #6873, #5156, #3977 ) ) ;
#2870 = EDGE_LOOP ( 'NONE', ( #1489, #4191, #1172, #1378 ) ) ;
#2871 = ORIENTED_EDGE ( 'NONE', *, *, #3304, .F. ) ;
#2872 = EDGE_CURVE ( 'NONE', #5713, #3025, #305, .T. ) ;
#2873 = CYLINDRICAL_SURFACE ( 'NONE', #153, 0.1299999999999998934 ) ;
#2874 = EDGE_LOOP ( 'NONE', ( #5012, #1069, #7317, #7851 ) ) ;
#2875 = DIRECTION ( 'NONE',  ( -1.000000000000000000, 0.000000000000000000, 0.000000000000000000 ) ) ;
#2876 = SURFACE_STYLE_FILL_AREA ( #1475 ) ;
#2877 = DIRECTION ( 'NONE',  ( 0.000000000000000000, 0.000000000000000000, 1.000000000000000000 ) ) ;
#2878 = ORIENTED_EDGE ( 'NONE', *, *, #1700, .T. ) ;
#2879 = VERTEX_POINT ( 'NONE', #1611 ) ;
#2880 = ORIENTED_EDGE ( 'NONE', *, *, #5921, .T. ) ;
#2881 = SURFACE_STYLE_FILL_AREA ( #5406 ) ;
#2882 = DIRECTION ( 'NONE',  ( 0.000000000000000000, 0.000000000000000000, -1.000000000000000000 ) ) ;
#2883 = CARTESIAN_POINT ( 'NONE',  ( 4.391596839026769672, 0.1642986682315978331, 5.966596839026767185 ) ) ;
#2884 = CARTESIAN_POINT ( 'NONE',  ( -2.290000000000000036, -1.700126330831939869, 6.624041246778779701 ) ) ;
#2885 = DIRECTION ( 'NONE',  ( -1.000000000000000000, 0.000000000000000000, 0.000000000000000000 ) ) ;
#2886 = EDGE_LOOP ( 'NONE', ( #1217, #2371, #1512, #2136 ) ) ;
#2887 = ORIENTED_EDGE ( 'NONE', *, *, #7155, .F. ) ;
#2888 =( GEOMETRIC_REPRESENTATION_CONTEXT ( 3 ) GLOBAL_UNCERTAINTY_ASSIGNED_CONTEXT ( ( #5265 ) ) GLOBAL_UNIT_ASSIGNED_CONTEXT ( ( #7623, #768, #2650 ) ) REPRESENTATION_CONTEXT ( 'NONE', 'WORKASPACE' ) );
#2889 = LINE ( 'NONE', #2973, #7153 ) ;
#2890 = PRESENTATION_LAYER_ASSIGNMENT (  '', '', ( #1444 ) ) ;
#2891 = LINE ( 'NONE', #5343, #209 ) ;
#2892 = DIRECTION ( 'NONE',  ( 1.000000000000000000, 0.000000000000000000, 0.000000000000000000 ) ) ;
#2893 = EDGE_CURVE ( 'NONE', #1688, #7369, #1568, .T. ) ;
#2894 = CARTESIAN_POINT ( 'NONE',  ( -2.059709573002050043, 3.258003616276710090, 0.1000000000000000056 ) ) ;
#2895 = CARTESIAN_POINT ( 'NONE',  ( -0.2500000000000000000, -3.250000000000039968, -7.714999999999999858 ) ) ;
#2896 = CIRCLE ( 'NONE', #3809, 0.05250000000000036582 ) ;
#2897 = ADVANCED_FACE ( 'NONE', ( #418 ), #385, .T. ) ;
#2898 = PLANE ( 'NONE',  #483 ) ;
#2899 = CARTESIAN_POINT ( 'NONE',  ( -2.033837232041109999, 4.455947877135050028, 0.1000000000000000056 ) ) ;
#2900 = EDGE_CURVE ( 'NONE', #4916, #1942, #6513, .T. ) ;
#2901 = VECTOR ( 'NONE', #2452, 1000.000000000000000 ) ;
#2902 = EDGE_CURVE ( 'NONE', #5732, #2294, #2143, .T. ) ;
#2903 = DIRECTION ( 'NONE',  ( 0.000000000000000000, 0.000000000000000000, -1.000000000000000000 ) ) ;
#2904 = CARTESIAN_POINT ( 'NONE',  ( 0.9190517178437930257, 3.820995917182180346, 0.1000000000000000056 ) ) ;
#2905 = FACE_OUTER_BOUND ( 'NONE', #4636, .T. ) ;
#2906 = EDGE_CURVE ( 'NONE', #6631, #7604, #2838, .T. ) ;
#2907 = ORIENTED_EDGE ( 'NONE', *, *, #6617, .F. ) ;
#2908 = VECTOR ( 'NONE', #6570, 1000.000000000000000 ) ;
#2909 = ORIENTED_EDGE ( 'NONE', *, *, #2862, .T. ) ;
#2910 = AXIS2_PLACEMENT_3D ( 'NONE', #1647, #7852, #5983 ) ;
#2911 = ORIENTED_EDGE ( 'NONE', *, *, #4763, .T. ) ;
#2912 = CARTESIAN_POINT ( 'NONE',  ( 0.1094569330967260085, 3.505871131011580211, 0.1000000000000000056 ) ) ;
#2913 = CIRCLE ( 'NONE', #2130, 0.4999999999999995559 ) ;
#2914 = VERTEX_POINT ( 'NONE', #346 ) ;
#2915 = CARTESIAN_POINT ( 'NONE',  ( -1.410436258902270090, 3.789685443644290164, 0.000000000000000000 ) ) ;
#2916 = DIRECTION ( 'NONE',  ( 0.000000000000000000, 1.000000000000000000, 0.000000000000000000 ) ) ;
#2917 = EDGE_CURVE ( 'NONE', #5194, #5282, #875, .T. ) ;
#2918 = ORIENTED_EDGE ( 'NONE', *, *, #3424, .F. ) ;
#2919 = ORIENTED_EDGE ( 'NONE', *, *, #4860, .T. ) ;
#2920 = ORIENTED_EDGE ( 'NONE', *, *, #4159, .T. ) ;
#2921 = AXIS2_PLACEMENT_3D ( 'NONE', #2526, #7424, #1792 ) ;
#2922 = CARTESIAN_POINT ( 'NONE',  ( 0.007803776267498349975, 3.638020234889570048, 0.000000000000000000 ) ) ;
#2923 = B_SPLINE_SURFACE_WITH_KNOTS ( 'NONE', 2, 1, ( 
 ( #2795, #2186 ),
 ( #3688, #4220 ),
 ( #1141, #5515 ),
 ( #7932, #6829 ) ),
 .UNSPECIFIED., .F., .F., .F.,
 ( 3, 1, 3 ),
 ( 2, 2 ),
 ( -2.000000000000000000, -1.000000000000000000, 0.000000000000000000 ),
 ( 0.000000000000000000, 0.01000000000000000021 ),
 .UNSPECIFIED. ) ;
#2924 = DIRECTION ( 'NONE',  ( 0.000000000000000000, 0.000000000000000000, 1.000000000000000000 ) ) ;
#2925 = CARTESIAN_POINT ( 'NONE',  ( 3.957585860438719738, -0.1231963256884170271, -6.017414139561279462 ) ) ;
#2926 = DIRECTION ( 'NONE',  ( 0.000000000000000000, -0.9975640502598241977, -0.06975647374412621837 ) ) ;
#2927 = CARTESIAN_POINT ( 'NONE',  ( -2.292510134233081587, 4.568081191577819666, 0.1000000000000000056 ) ) ;
#2928 = VECTOR ( 'NONE', #6500, 1000.000000000000000 ) ;
#2929 = LINE ( 'NONE', #7788, #5418 ) ;
#2930 = ORIENTED_EDGE ( 'NONE', *, *, #5091, .T. ) ;
#2931 = ORIENTED_EDGE ( 'NONE', *, *, #4014, .F. ) ;
#2932 = EDGE_LOOP ( 'NONE', ( #4369, #7246, #4885, #4479, #3106, #6965, #302, #1134, #5061, #2124, #1234, #2737, #7428 ) ) ;
#2933 = B_SPLINE_CURVE_WITH_KNOTS ( 'NONE', 2,
 ( #6512, #4595, #1756, #4058 ),
 .UNSPECIFIED., .F., .F.,
 ( 3, 1, 3 ),
 ( 0.000000000000000000, 1.000000000000000000, 2.000000000000000000 ),
 .UNSPECIFIED. ) ;
#2934 = CARTESIAN_POINT ( 'NONE',  ( 1.242163537765269998, 3.899414066736159867, 0.1000000000000000056 ) ) ;
#2935 = AXIS2_PLACEMENT_3D ( 'NONE', #7817, #222, #3373 ) ;
#2936 = FACE_OUTER_BOUND ( 'NONE', #1941, .T. ) ;
#2937 = LINE ( 'NONE', #4038, #2488 ) ;
#2938 = CARTESIAN_POINT ( 'NONE',  ( -0.3625041521818330170, 4.152820864831879177, 0.1000000000000000056 ) ) ;
#2939 = CARTESIAN_POINT ( 'NONE',  ( 1.907265621019359925, 4.046811144138540151, 0.000000000000000000 ) ) ;
#2940 = VECTOR ( 'NONE', #3520, 1000.000000000000000 ) ;
#2941 = FACE_OUTER_BOUND ( 'NONE', #3562, .T. ) ;
#2942 = MECHANICAL_DESIGN_GEOMETRIC_PRESENTATION_REPRESENTATION (  '', ( #5416 ), #3853 ) ;
#2943 = LINE ( 'NONE', #2326, #5024 ) ;
#2944 = VECTOR ( 'NONE', #2385, 1000.000000000000000 ) ;
#2945 = DIRECTION ( 'NONE',  ( 0.000000000000000000, 0.000000000000000000, 1.000000000000000000 ) ) ;
#2946 = FACE_OUTER_BOUND ( 'NONE', #7655, .T. ) ;
#2947 = EDGE_LOOP ( 'NONE', ( #308, #3917, #6349, #2332 ) ) ;
#2948 = EDGE_CURVE ( 'NONE', #1867, #728, #7245, .T. ) ;
#2949 = VECTOR ( 'NONE', #4102, 1000.000000000000000 ) ;
#2950 = ORIENTED_EDGE ( 'NONE', *, *, #4658, .F. ) ;
#2951 = ORIENTED_EDGE ( 'NONE', *, *, #745, .T. ) ;
#2952 = ADVANCED_FACE ( 'NONE', ( #4798 ), #4640, .T. ) ;
#2953 = CARTESIAN_POINT ( 'NONE',  ( 1.368503889824450148, 3.871822495596799918, 0.1000000000000000056 ) ) ;
#2954 = VECTOR ( 'NONE', #2537, 1000.000000000000000 ) ;
#2955 = VERTEX_POINT ( 'NONE', #1648 ) ;
#2956 = PLANE ( 'NONE',  #5613 ) ;
#2957 = DIRECTION ( 'NONE',  ( 1.000000000000000000, 0.000000000000000000, 0.000000000000000000 ) ) ;
#2958 = ORIENTED_EDGE ( 'NONE', *, *, #598, .F. ) ;
#2959 = ADVANCED_FACE ( 'NONE', ( #914 ), #2923, .T. ) ;
#2960 = EDGE_LOOP ( 'NONE', ( #6032, #7857, #6177, #4210 ) ) ;
#2961 = VERTEX_POINT ( 'NONE', #2494 ) ;
#2962 = VECTOR ( 'NONE', #591, 1000.000000000000000 ) ;
#2963 = CARTESIAN_POINT ( 'NONE',  ( 1.494844241883630076, 3.513858164762440062, 0.1000000000000000056 ) ) ;
#2964 = DIRECTION ( 'NONE',  ( 0.000000000000000000, 0.000000000000000000, -1.000000000000000000 ) ) ;
#2965 = LINE ( 'NONE', #6792, #4002 ) ;
#2966 = ADVANCED_FACE ( 'NONE', ( #3076 ), #1023, .T. ) ;
#2967 = CARTESIAN_POINT ( 'NONE',  ( -2.790000000000000036, -1.721999999999999975, -6.375000000000000000 ) ) ;
#2968 = CARTESIAN_POINT ( 'NONE',  ( -2.290000000000000036, -1.221999999999999975, -6.074999999999999289 ) ) ;
#2969 = DIRECTION ( 'NONE',  ( -1.000000000000000000, 0.000000000000000000, 0.000000000000000000 ) ) ;
#2970 = VERTEX_POINT ( 'NONE', #3569 ) ;
#2971 = ORIENTED_EDGE ( 'NONE', *, *, #5921, .F. ) ;
#2972 = ORIENTED_EDGE ( 'NONE', *, *, #5255, .F. ) ;
#2973 = CARTESIAN_POINT ( 'NONE',  ( -2.790000000000000036, -1.221999999999999975, 6.375000000000000000 ) ) ;
#2974 = DIRECTION ( 'NONE',  ( 1.000000000000000000, 0.000000000000000000, 0.000000000000000000 ) ) ;
#2975 = EDGE_CURVE ( 'NONE', #6102, #2770, #7919, .T. ) ;
#2976 = AXIS2_PLACEMENT_3D ( 'NONE', #2863, #7064, #2172 ) ;
#2977 = CARTESIAN_POINT ( 'NONE',  ( 2.100406618994890007, 3.513858164762440062, 0.1000000000000000056 ) ) ;
#2978 = CARTESIAN_POINT ( 'NONE',  ( -3.092262749228352536, 3.690209090453997476, 0.1000000000000000194 ) ) ;
#2979 = LINE ( 'NONE', #2895, #5809 ) ;
#2980 = AXIS2_PLACEMENT_3D ( 'NONE', #7987, #1159, #4281 ) ;
#2981 = CARTESIAN_POINT ( 'NONE',  ( 1.409165152556139944, 3.398409222363539595, 0.000000000000000000 ) ) ;
#2982 = DIRECTION ( 'NONE',  ( -1.000000000000000000, 0.000000000000000000, 0.000000000000000000 ) ) ;
#2983 = EDGE_CURVE ( 'NONE', #2996, #343, #6637, .T. ) ;
#2984 = LINE ( 'NONE', #4251, #6035 ) ;
#2985 = DIRECTION ( 'NONE',  ( 0.000000000000000000, 0.08749467667225491185, -0.9961649871150951574 ) ) ;
#2986 = PRODUCT ( 'Pulse Logo.step', 'Pulse Logo.step', '', ( #3324 ) ) ;
#2987 = ORIENTED_EDGE ( 'NONE', *, *, #2024, .F. ) ;
#2988 = VERTEX_POINT ( 'NONE', #8010 ) ;
#2989 = CARTESIAN_POINT ( 'NONE',  ( -0.6892464419900660166, 4.078759279142010641, 0.000000000000000000 ) ) ;
#2990 = EDGE_CURVE ( 'NONE', #1858, #4398, #4417, .T. ) ;
#2991 = ORIENTED_EDGE ( 'NONE', *, *, #2357, .T. ) ;
#2992 = CARTESIAN_POINT ( 'NONE',  ( 1.305333713794860184, 4.043906768229130755, 0.000000000000000000 ) ) ;
#2993 = CARTESIAN_POINT ( 'NONE',  ( 4.426377359100680309, -2.876803674311580572, -5.548622640899319336 ) ) ;
#2994 = CARTESIAN_POINT ( 'NONE',  ( -0.09167109862967480483, 3.330882482469830208, 0.000000000000000000 ) ) ;
#2995 = ORIENTED_EDGE ( 'NONE', *, *, #493, .F. ) ;
#2996 = VERTEX_POINT ( 'NONE', #1767 ) ;
#2997 = ADVANCED_FACE ( 'NONE', ( #5556 ), #7399, .F. ) ;
#2998 = ORIENTED_EDGE ( 'NONE', *, *, #1621, .F. ) ;
#2999 = CARTESIAN_POINT ( 'NONE',  ( -0.5774279694779149708, 3.846409206389489910, 0.000000000000000000 ) ) ;
#3000 = LINE ( 'NONE', #2925, #5830 ) ;
#3001 = PLANE ( 'NONE',  #6277 ) ;
#3002 = EDGE_CURVE ( 'NONE', #4524, #3145, #3212, .T. ) ;
#3003 = EDGE_CURVE ( 'NONE', #6213, #6939, #7967, .T. ) ;
#3004 = DIRECTION ( 'NONE',  ( 0.000000000000000000, -1.000000000000000000, 0.000000000000000000 ) ) ;
#3005 = CYLINDRICAL_SURFACE ( 'NONE', #7632, 0.2500000000000002220 ) ;
#3006 = VERTEX_POINT ( 'NONE', #615 ) ;
#3007 = VERTEX_POINT ( 'NONE', #1804 ) ;
#3008 = EDGE_CURVE ( 'NONE', #265, #215, #1907, .T. ) ;
#3009 = ORIENTED_EDGE ( 'NONE', *, *, #1247, .T. ) ;
#3010 = CARTESIAN_POINT ( 'NONE',  ( -4.302110744186579794, 0.2000000000000000111, -0.03202115314193899887 ) ) ;
#3011 = LINE ( 'NONE', #6847, #7914 ) ;
#3012 = PLANE ( 'NONE',  #2625 ) ;
#3013 = CARTESIAN_POINT ( 'NONE',  ( 0.9488215709152089117, 3.552341145562079916, 0.000000000000000000 ) ) ;
#3014 = CARTESIAN_POINT ( 'NONE',  ( 0.2500000000000000000, -1.678252661663869993, 6.873082493557559403 ) ) ;
#3015 = ORIENTED_EDGE ( 'NONE', *, *, #6144, .T. ) ;
#3016 = VECTOR ( 'NONE', #4582, 1000.000000000000000 ) ;
#3017 = ADVANCED_FACE ( 'NONE', ( #14 ), #2330, .T. ) ;
#3018 = FACE_OUTER_BOUND ( 'NONE', #6313, .T. ) ;
#3019 = PLANE ( 'NONE',  #5042 ) ;
#3020 = CARTESIAN_POINT ( 'NONE',  ( 0.007803776267498349975, 3.690299001258890321, 0.000000000000000000 ) ) ;
#3021 = AXIS2_PLACEMENT_3D ( 'NONE', #6155, #7989, #2393 ) ;
#3022 = LINE ( 'NONE', #5505, #2790 ) ;
#3023 = CARTESIAN_POINT ( 'NONE',  ( -0.6485851792583740005, 4.245760893932890134, 0.000000000000000000 ) ) ;
#3024 = VERTEX_POINT ( 'NONE', #459 ) ;
#3025 = VERTEX_POINT ( 'NONE', #7315 ) ;
#3026 = AXIS2_PLACEMENT_3D ( 'NONE', #2967, #1189, #2425 ) ;
#3027 = LINE ( 'NONE', #2413, #5116 ) ;
#3028 = VERTEX_POINT ( 'NONE', #3612 ) ;
#3029 = CARTESIAN_POINT ( 'NONE',  ( -2.790000000000000036, -1.700126330831939869, -6.624041246778779701 ) ) ;
#3030 = AXIS2_PLACEMENT_3D ( 'NONE', #2490, #124, #3764 ) ;
#3031 = CARTESIAN_POINT ( 'NONE',  ( 1.234176504014399933, 4.043906768229130755, 0.1000000000000000056 ) ) ;
#3032 = DIRECTION ( 'NONE',  ( -0.000000000000000000, 1.000000000000000000, 0.000000000000000000 ) ) ;
#3033 = ORIENTED_EDGE ( 'NONE', *, *, #5446, .F. ) ;
#3034 = VERTEX_POINT ( 'NONE', #6099 ) ;
#3035 = ORIENTED_EDGE ( 'NONE', *, *, #1251, .F. ) ;
#3036 = EDGE_CURVE ( 'NONE', #485, #3448, #496, .T. ) ;
#3037 = CARTESIAN_POINT ( 'NONE',  ( 1.305333713794860184, 4.043906768229130755, 0.1000000000000000056 ) ) ;
#3038 = SHAPE_REPRESENTATION_RELATIONSHIP ( 'NONE' , 'NONE' ,  #4109, #4667 ) ;
#3039 = AXIS2_PLACEMENT_3D ( 'NONE', #2155, #923, #6030 ) ;
#3040 = CARTESIAN_POINT ( 'NONE',  ( -0.2500000000000000000, -3.000608987435080088, -7.732439118436020387 ) ) ;
#3041 = DIRECTION ( 'NONE',  ( -1.000000000000000000, 0.000000000000000000, 0.000000000000000000 ) ) ;
#3042 = B_SPLINE_CURVE_WITH_KNOTS ( 'NONE', 2,
 ( #527, #2296, #1175, #1761 ),
 .UNSPECIFIED., .F., .F.,
 ( 3, 1, 3 ),
 ( -2.000000000000000000, -1.000000000000000000, 0.000000000000000000 ),
 .UNSPECIFIED. ) ;
#3043 = CARTESIAN_POINT ( 'NONE',  ( 1.133249441162520021, 3.842778736502729942, 0.000000000000000000 ) ) ;
#3044 = LINE ( 'NONE', #6760, #1105 ) ;
#3045 = VERTEX_POINT ( 'NONE', #4263 ) ;
#3046 = AXIS2_PLACEMENT_3D ( 'NONE', #290, #1555, #2699 ) ;
#3047 = ORIENTED_EDGE ( 'NONE', *, *, #412, .T. ) ;
#3048 = ORIENTED_EDGE ( 'NONE', *, *, #5146, .T. ) ;
#3049 = EDGE_CURVE ( 'NONE', #2996, #7566, #7358, .T. ) ;
#3050 = ADVANCED_FACE ( 'NONE', ( #7516 ), #1678, .T. ) ;
#3051 = FACE_OUTER_BOUND ( 'NONE', #4422, .T. ) ;
#3052 = LINE ( 'NONE', #7414, #6613 ) ;
#3053 = CARTESIAN_POINT ( 'NONE',  ( 0.2176449357221190151, 4.025754418795340683, 0.000000000000000000 ) ) ;
#3054 = AXIS2_PLACEMENT_3D ( 'NONE', #5268, #3832, #3306 ) ;
#3055 = B_SPLINE_SURFACE_WITH_KNOTS ( 'NONE', 2, 1, ( 
 ( #489, #8006 ),
 ( #4175, #1027 ),
 ( #2989, #3530 ),
 ( #7963, #414 ) ),
 .UNSPECIFIED., .F., .F., .F.,
 ( 3, 1, 3 ),
 ( 2, 2 ),
 ( 0.000000000000000000, 1.000000000000000000, 2.000000000000000000 ),
 ( 0.000000000000000000, 0.01000000000000000021 ),
 .UNSPECIFIED. ) ;
#3056 = EDGE_CURVE ( 'NONE', #3034, #2611, #3317, .T. ) ;
#3057 = CYLINDRICAL_SURFACE ( 'NONE', #2523, 0.1299999999999998657 ) ;
#3058 = LINE ( 'NONE', #5535, #6718 ) ;
#3059 = ORIENTED_EDGE ( 'NONE', *, *, #7928, .F. ) ;
#3060 = EDGE_CURVE ( 'NONE', #7007, #2672, #5634, .T. ) ;
#3061 = AXIS2_PLACEMENT_3D ( 'NONE', #3191, #7552, #1965 ) ;
#3062 = FACE_OUTER_BOUND ( 'NONE', #5076, .T. ) ;
#3063 = CARTESIAN_POINT ( 'NONE',  ( 2.290000000000000036, -1.721999999999999975, -6.375000000000000000 ) ) ;
#3064 = ADVANCED_FACE ( 'NONE', ( #7553 ), #5720, .T. ) ;
#3065 = CARTESIAN_POINT ( 'NONE',  ( -4.296555519582589966, -3.000000000000000000, 5.994920913255509021 ) ) ;
#3066 = LINE ( 'NONE', #6278, #436 ) ;
#3067 = CARTESIAN_POINT ( 'NONE',  ( -0.4590746511695990018, 4.217443228816170731, 0.000000000000000000 ) ) ;
#3068 = ORIENTED_EDGE ( 'NONE', *, *, #5349, .T. ) ;
#3069 = ORIENTED_EDGE ( 'NONE', *, *, #5138, .F. ) ;
#3070 = VECTOR ( 'NONE', #5970, 1000.000000000000000 ) ;
#3071 = EDGE_CURVE ( 'NONE', #1196, #5640, #5807, .T. ) ;
#3072 = CARTESIAN_POINT ( 'NONE',  ( -0.3073210099031090103, 3.963310336743099960, 0.1000000000000000056 ) ) ;
#3073 = ORIENTED_EDGE ( 'NONE', *, *, #6812, .F. ) ;
#3074 = CARTESIAN_POINT ( 'NONE',  ( -2.174680787299339890, 4.029289341645529987, 0.000000000000000000 ) ) ;
#3075 = VECTOR ( 'NONE', #2809, 1000.000000000000000 ) ;
#3076 = FACE_OUTER_BOUND ( 'NONE', #1881, .T. ) ;
#3077 = ORIENTED_EDGE ( 'NONE', *, *, #2707, .T. ) ;
#3078 = EDGE_LOOP ( 'NONE', ( #6263, #3047, #6874, #5002 ) ) ;
#3079 = EDGE_LOOP ( 'NONE', ( #1255, #5558, #6843, #138 ) ) ;
#3080 = AXIS2_PLACEMENT_3D ( 'NONE', #6501, #2744, #6455 ) ;
#3081 = CARTESIAN_POINT ( 'NONE',  ( -1.831507543767989965, 3.823340976527359825, 0.1000000000000000056 ) ) ;
#3082 = PLANE ( 'NONE',  #4856 ) ;
#3083 = CARTESIAN_POINT ( 'NONE',  ( -0.7712950614308000663, 3.349760925880980178, 0.000000000000000000 ) ) ;
#3084 = CARTESIAN_POINT ( 'NONE',  ( -0.5382188947009269864, 3.916840322192600254, 0.000000000000000000 ) ) ;
#3085 = CARTESIAN_POINT ( 'NONE',  ( -1.971270506913040066, 3.789685443644290164, 0.000000000000000000 ) ) ;
#3086 = ORIENTED_EDGE ( 'NONE', *, *, #366, .F. ) ;
#3087 = AXIS2_PLACEMENT_3D ( 'NONE', #7405, #1809, #6219 ) ;
#3088 = EDGE_LOOP ( 'NONE', ( #2276, #1039 ) ) ;
#3089 = ORIENTED_EDGE ( 'NONE', *, *, #5784, .T. ) ;
#3090 = FACE_OUTER_BOUND ( 'NONE', #6779, .T. ) ;
#3091 = CARTESIAN_POINT ( 'NONE',  ( 0.2500000000000000000, -1.471999999999999975, 6.074999999999999289 ) ) ;
#3092 = CARTESIAN_POINT ( 'NONE',  ( 1.133249441162520021, 3.842778736502729942, 0.1000000000000000056 ) ) ;
#3093 = EDGE_CURVE ( 'NONE', #3585, #791, #2621, .T. ) ;
#3094 = DIRECTION ( 'NONE',  ( 0.7071067811865495711, 0.7071067811865454633, 0.000000000000000000 ) ) ;
#3095 = CARTESIAN_POINT ( 'NONE',  ( -1.936507543767990169, 4.115459866424270530, 0.000000000000000000 ) ) ;
#3096 = EDGE_LOOP ( 'NONE', ( #1033, #4510, #140, #4256, #5078, #6632, #2747, #5599, #4074, #7096, #878, #4726 ) ) ;
#3097 = VECTOR ( 'NONE', #2125, 1000.000000000000000 ) ;
#3098 = DIRECTION ( 'NONE',  ( -1.000000000000000000, 0.000000000000000000, 0.000000000000000000 ) ) ;
#3099 = CARTESIAN_POINT ( 'NONE',  ( 0.9190517178437930257, 3.866013743777979794, 0.000000000000000000 ) ) ;
#3100 = DIRECTION ( 'NONE',  ( 0.000000000000000000, 0.000000000000000000, -1.000000000000000000 ) ) ;
#3101 = ADVANCED_FACE ( 'NONE', ( #4507 ), #2703, .F. ) ;
#3102 = VECTOR ( 'NONE', #6558, 1000.000000000000114 ) ;
#3103 = EDGE_CURVE ( 'NONE', #7527, #3608, #7640, .T. ) ;
#3104 = CARTESIAN_POINT ( 'NONE',  ( -2.290000000000000036, -1.678252661663869993, 6.873082493557559403 ) ) ;
#3105 = DIRECTION ( 'NONE',  ( 0.000000000000000000, 0.000000000000000000, -1.000000000000000000 ) ) ;
#3106 = ORIENTED_EDGE ( 'NONE', *, *, #3849, .T. ) ;
#3107 = VERTEX_POINT ( 'NONE', #6333 ) ;
#3108 = EDGE_CURVE ( 'NONE', #5857, #460, #1424, .T. ) ;
#3109 = STYLED_ITEM ( 'NONE', ( #5641 ), #5431 ) ;
#3110 = CARTESIAN_POINT ( 'NONE',  ( -4.426377359100680309, -2.876803674311580572, -6.001377359100669828 ) ) ;
#3111 = ORIENTED_EDGE ( 'NONE', *, *, #7339, .F. ) ;
#3112 = DIRECTION ( 'NONE',  ( 0.000000000000000000, 0.9975640502598296377, -0.06975647374404837786 ) ) ;
#3113 = DIRECTION ( 'NONE',  ( 0.000000000000000000, 0.000000000000000000, -1.000000000000000000 ) ) ;
#3114 = CARTESIAN_POINT ( 'NONE',  ( -0.2042156651191769923, 3.457948928506370034, 0.1000000000000000056 ) ) ;
#3115 = ORIENTED_EDGE ( 'NONE', *, *, #256, .T. ) ;
#3116 = ORIENTED_EDGE ( 'NONE', *, *, #5087, .F. ) ;
#3117 = ORIENTED_EDGE ( 'NONE', *, *, #7942, .F. ) ;
#3118 = EDGE_CURVE ( 'NONE', #7292, #876, #7378, .T. ) ;
#3119 = B_SPLINE_SURFACE_WITH_KNOTS ( 'NONE', 2, 1, ( 
 ( #1721, #3685 ),
 ( #1066, #4870 ),
 ( #2992, #4218 ),
 ( #4343, #1139 ) ),
 .UNSPECIFIED., .F., .F., .F.,
 ( 3, 1, 3 ),
 ( 2, 2 ),
 ( -2.000000000000000000, -1.000000000000000000, 0.000000000000000000 ),
 ( 0.000000000000000000, 0.01000000000000000021 ),
 .UNSPECIFIED. ) ;
#3120 =( NAMED_UNIT ( * ) SI_UNIT ( $, .STERADIAN. ) SOLID_ANGLE_UNIT ( ) );
#3121 = CARTESIAN_POINT ( 'NONE',  ( 3.880384725206495133, -2.937888763657036328, -5.998176025220764096 ) ) ;
#3122 = CARTESIAN_POINT ( 'NONE',  ( 1.735907442364380104, 4.046811144138540151, 0.1000000000000000056 ) ) ;
#3123 = FACE_OUTER_BOUND ( 'NONE', #1662, .T. ) ;
#3124 = CARTESIAN_POINT ( 'NONE',  ( 1.368503889824450148, 3.871822495596799918, 0.000000000000000000 ) ) ;
#3125 = CARTESIAN_POINT ( 'NONE',  ( -0.2500000000000000000, -1.471999999999999975, 6.375000000000000000 ) ) ;
#3126 = VERTEX_POINT ( 'NONE', #7596 ) ;
#3127 = ORIENTED_EDGE ( 'NONE', *, *, #1917, .T. ) ;
#3128 = ORIENTED_EDGE ( 'NONE', *, *, #6741, .F. ) ;
#3129 = CARTESIAN_POINT ( 'NONE',  ( 0.1312397524172750074, 3.505871131011580211, 0.1000000000000000056 ) ) ;
#3130 = CARTESIAN_POINT ( 'NONE',  ( -3.275404079329014895, 3.489178595218874523, 0.000000000000000000 ) ) ;
#3131 = DIRECTION ( 'NONE',  ( 0.000000000000000000, -0.06975647374412541346, -0.9975640502598241977 ) ) ;
#3132 = AXIS2_PLACEMENT_3D ( 'NONE', #6398, #3952, #1412 ) ;
#3133 = CARTESIAN_POINT ( 'NONE',  ( 0.2500000000000000000, -1.700126330831939869, 6.624041246778789471 ) ) ;
#3134 = CARTESIAN_POINT ( 'NONE',  ( -0.2500000000000000000, -2.757562983323790018, 6.716917506442459995 ) ) ;
#3135 = VERTEX_POINT ( 'NONE', #4465 ) ;
#3136 = ADVANCED_FACE ( 'NONE', ( #1345 ), #1301, .F. ) ;
#3137 = DIRECTION ( 'NONE',  ( -1.000000000000000000, 0.000000000000000000, 0.000000000000000000 ) ) ;
#3138 = CARTESIAN_POINT ( 'NONE',  ( 1.545670820298249870, 3.683764155462729839, 0.000000000000000000 ) ) ;
#3139 = CARTESIAN_POINT ( 'NONE',  ( 1.494844241883630076, 3.636568046934870235, 0.000000000000000000 ) ) ;
#3140 = B_SPLINE_CURVE_WITH_KNOTS ( 'NONE', 2,
 ( #1460, #5931, #5973, #5274 ),
 .UNSPECIFIED., .F., .F.,
 ( 3, 1, 3 ),
 ( -2.000000000000000000, -1.000000000000000000, 0.000000000000000000 ),
 .UNSPECIFIED. ) ;
#3141 = DIRECTION ( 'NONE',  ( 0.000000000000000000, 0.06975647374412639878, -0.9975640502598241977 ) ) ;
#3142 = AXIS2_PLACEMENT_3D ( 'NONE', #4463, #6947, #5718 ) ;
#3143 = CARTESIAN_POINT ( 'NONE',  ( 2.790000000000000036, -2.713815644987700004, -7.214999999999999858 ) ) ;
#3144 = ORIENTED_EDGE ( 'NONE', *, *, #6861, .T. ) ;
#3145 = VERTEX_POINT ( 'NONE', #3844 ) ;
#3146 = EDGE_CURVE ( 'NONE', #4523, #5557, #4425, .T. ) ;
#3147 = EDGE_CURVE ( 'NONE', #2666, #7273, #1773, .T. ) ;
#3148 = AXIS2_PLACEMENT_3D ( 'NONE', #3537, #7283, #2341 ) ;
#3149 =( GEOMETRIC_REPRESENTATION_CONTEXT ( 3 ) GLOBAL_UNCERTAINTY_ASSIGNED_CONTEXT ( ( #7459 ) ) GLOBAL_UNIT_ASSIGNED_CONTEXT ( ( #2321, #1588, #398 ) ) REPRESENTATION_CONTEXT ( 'NONE', 'WORKASPACE' ) );
#3150 = DIRECTION ( 'NONE',  ( 0.000000000000000000, -1.000000000000000000, 0.000000000000000000 ) ) ;
#3151 = CARTESIAN_POINT ( 'NONE',  ( 1.180445549690380069, 3.598085066135229937, 0.1000000000000000056 ) ) ;
#3152 = FACE_OUTER_BOUND ( 'NONE', #708, .T. ) ;
#3153 = EDGE_CURVE ( 'NONE', #1686, #6096, #5151, .T. ) ;
#3154 = CARTESIAN_POINT ( 'NONE',  ( 4.008403160973232460, 0.1642986682315976665, -5.966596839026767185 ) ) ;
#3155 = CARTESIAN_POINT ( 'NONE',  ( -1.918770506913039853, 3.737185443644290395, 0.000000000000000000 ) ) ;
#3156 = VERTEX_POINT ( 'NONE', #651 ) ;
#3157 = EDGE_LOOP ( 'NONE', ( #4845, #6801, #3260 ) ) ;
#3158 = ORIENTED_EDGE ( 'NONE', *, *, #698, .F. ) ;
#3159 = SURFACE_STYLE_FILL_AREA ( #5560 ) ;
#3160 = LINE ( 'NONE', #6258, #600 ) ;
#3161 = CARTESIAN_POINT ( 'NONE',  ( 0.9989220553524719159, 3.645281174663089985, 0.1000000000000000056 ) ) ;
#3162 = AXIS2_PLACEMENT_3D ( 'NONE', #2362, #2903, #481 ) ;
#3163 = FACE_BOUND ( 'NONE', #7196, .T. ) ;
#3164 = DIRECTION ( 'NONE',  ( 0.000000000000000000, 0.000000000000000000, 1.000000000000000000 ) ) ;
#3165 = EDGE_CURVE ( 'NONE', #2389, #2458, #3192, .T. ) ;
#3166 = PLANE ( 'NONE',  #5160 ) ;
#3167 = ORIENTED_EDGE ( 'NONE', *, *, #4443, .F. ) ;
#3168 = ORIENTED_EDGE ( 'NONE', *, *, #3552, .F. ) ;
#3169 = ORIENTED_EDGE ( 'NONE', *, *, #2255, .F. ) ;
#3170 = AXIS2_PLACEMENT_3D ( 'NONE', #179, #1976, #747 ) ;
#3171 = FACE_OUTER_BOUND ( 'NONE', #7272, .T. ) ;
#3172 = CARTESIAN_POINT ( 'NONE',  ( -2.292510134233081587, 4.568081191577819666, 0.000000000000000000 ) ) ;
#3173 = DIRECTION ( 'NONE',  ( -0.7321804635358735158, 0.6811106876392364340, 0.000000000000000000 ) ) ;
#3174 = CLOSED_SHELL ( 'NONE', ( #5200, #6554, #4703, #5345, #3752, #7490 ) ) ;
#3175 = CARTESIAN_POINT ( 'NONE',  ( -0.6674636226695169761, 3.811556695476610024, 0.1000000000000000056 ) ) ;
#3176 = FACE_OUTER_BOUND ( 'NONE', #4399, .T. ) ;
#3177 = ORIENTED_EDGE ( 'NONE', *, *, #5091, .F. ) ;
#3178 = CARTESIAN_POINT ( 'NONE',  ( 4.302110744186579794, 0.2000000000000000111, -5.672889255813429621 ) ) ;
#3179 = AXIS2_PLACEMENT_3D ( 'NONE', #326, #933, #4124 ) ;
#3180 = CARTESIAN_POINT ( 'NONE',  ( 2.290000000000000036, -1.471999999999999975, 6.375000000000000000 ) ) ;
#3181 = CARTESIAN_POINT ( 'NONE',  ( 1.920335312611689993, 3.484088311691030171, 0.1000000000000000056 ) ) ;
#3182 = CARTESIAN_POINT ( 'NONE',  ( 1.749703227934059857, 3.331608576447190107, 0.1000000000000000056 ) ) ;
#3183 = VECTOR ( 'NONE', #4735, 1000.000000000000000 ) ;
#3184 = ORIENTED_EDGE ( 'NONE', *, *, #7630, .F. ) ;
#3185 = EDGE_LOOP ( 'NONE', ( #6217, #6510, #5086, #7529 ) ) ;
#3186 = CARTESIAN_POINT ( 'NONE',  ( 1.242163537765269998, 3.899414066736159867, 0.1000000000000000056 ) ) ;
#3187 = LINE ( 'NONE', #1380, #3812 ) ;
#3188 = ORIENTED_EDGE ( 'NONE', *, *, #6404, .F. ) ;
#3189 = DIRECTION ( 'NONE',  ( 0.000000000000000000, 0.000000000000000000, 1.000000000000000000 ) ) ;
#3190 = EDGE_CURVE ( 'NONE', #2955, #8055, #3362, .T. ) ;
#3191 = CARTESIAN_POINT ( 'NONE',  ( 0.000000000000000000, -2.279999999999999805, 0.000000000000000000 ) ) ;
#3192 = LINE ( 'NONE', #5680, #7638 ) ;
#3193 = EDGE_LOOP ( 'NONE', ( #461, #7687, #1928, #1099 ) ) ;
#3194 = AXIS2_PLACEMENT_3D ( 'NONE', #7574, #3909, #5873 ) ;
#3195 = ORIENTED_EDGE ( 'NONE', *, *, #3763, .T. ) ;
#3196 = ORIENTED_EDGE ( 'NONE', *, *, #457, .F. ) ;
#3197 = ADVANCED_FACE ( 'NONE', ( #7115 ), #2868, .T. ) ;
#3198 =( NAMED_UNIT ( * ) SI_UNIT ( $, .STERADIAN. ) SOLID_ANGLE_UNIT ( ) );
#3199 = DIRECTION ( 'NONE',  ( -1.000000000000000000, 0.000000000000000000, 0.000000000000000000 ) ) ;
#3200 = CARTESIAN_POINT ( 'NONE',  ( 0.9190517178437930257, 3.820995917182180346, 0.000000000000000000 ) ) ;
#3201 = VECTOR ( 'NONE', #223, 1000.000000000000000 ) ;
#3202 = DIRECTION ( 'NONE',  ( 0.000000000000000000, 0.000000000000000000, 1.000000000000000000 ) ) ;
#3203 = CARTESIAN_POINT ( 'NONE',  ( 0.007803776267498349975, 3.690299001258890321, 0.000000000000000000 ) ) ;
#3204 = CYLINDRICAL_SURFACE ( 'NONE', #1224, 0.1299999999999998934 ) ;
#3205 = ADVANCED_FACE ( 'NONE', ( #5193 ), #5355, .F. ) ;
#3206 = EDGE_CURVE ( 'NONE', #4306, #4233, #6621, .T. ) ;
#3207 = CARTESIAN_POINT ( 'NONE',  ( 4.431932583704670137, 0.07680367431158299785, -5.543067416295329508 ) ) ;
#3208 = VERTEX_POINT ( 'NONE', #7680 ) ;
#3209 = ORIENTED_EDGE ( 'NONE', *, *, #1237, .F. ) ;
#3210 = ORIENTED_EDGE ( 'NONE', *, *, #2261, .T. ) ;
#3211 = ORIENTED_EDGE ( 'NONE', *, *, #7194, .T. ) ;
#3212 = CIRCLE ( 'NONE', #464, 0.2500000000000002220 ) ;
#3213 = EDGE_CURVE ( 'NONE', #5454, #4774, #7233, .T. ) ;
#3214 = CARTESIAN_POINT ( 'NONE',  ( -0.2042156651191769923, 3.585741468520259989, 0.1000000000000000056 ) ) ;
#3215 = CARTESIAN_POINT ( 'NONE',  ( -1.494296394456039900, 3.878646107150249822, 0.000000000000000000 ) ) ;
#3216 = CARTESIAN_POINT ( 'NONE',  ( -0.4590746511695990018, 4.217443228816170731, 0.000000000000000000 ) ) ;
#3217 = AXIS2_PLACEMENT_3D ( 'NONE', #6999, #7439, #4390 ) ;
#3218 = DIRECTION ( 'NONE',  ( 0.000000000000000000, -1.000000000000000000, 0.000000000000000000 ) ) ;
#3219 = DIRECTION ( 'NONE',  ( 0.000000000000000000, 1.000000000000000000, -7.228014483236570338E-16 ) ) ;
#3220 = VERTEX_POINT ( 'NONE', #2250 ) ;
#3221 = EDGE_CURVE ( 'NONE', #5323, #829, #4675, .T. ) ;
#3222 = AXIS2_PLACEMENT_3D ( 'NONE', #7503, #4247, #1210 ) ;
#3223 = DIRECTION ( 'NONE',  ( 0.000000000000000000, 0.000000000000000000, -1.000000000000000000 ) ) ;
#3224 = DIRECTION ( 'NONE',  ( 0.000000000000000000, -1.000000000000000000, 0.000000000000000000 ) ) ;
#3225 = DIRECTION ( 'NONE',  ( 0.000000000000000000, 1.000000000000000000, 0.000000000000000000 ) ) ;
#3226 = EDGE_LOOP ( 'NONE', ( #3536, #3722, #7472, #3472 ) ) ;
#3227 = PRESENTATION_LAYER_ASSIGNMENT (  '', '', ( #2320 ) ) ;
#3228 = ORIENTED_EDGE ( 'NONE', *, *, #687, .T. ) ;
#3229 = CARTESIAN_POINT ( 'NONE',  ( 1.346721070503900108, 3.750564801379079771, 0.000000000000000000 ) ) ;
#3230 = LINE ( 'NONE', #6865, #4339 ) ;
#3231 = CARTESIAN_POINT ( 'NONE',  ( -4.391596839026768784, 0.1642986682315972780, -0.03202115314193899887 ) ) ;
#3232 = DIRECTION ( 'NONE',  ( 0.000000000000000000, 0.000000000000000000, 1.000000000000000000 ) ) ;
#3233 = DIRECTION ( 'NONE',  ( 1.000000000000000000, 0.000000000000000000, 0.000000000000000000 ) ) ;
#3234 = DIRECTION ( 'NONE',  ( 1.000000000000000000, 0.000000000000000000, 0.000000000000000000 ) ) ;
#3235 = ORIENTED_EDGE ( 'NONE', *, *, #4408, .F. ) ;
#3236 = ORIENTED_EDGE ( 'NONE', *, *, #4053, .F. ) ;
#3237 = VECTOR ( 'NONE', #4156, 1000.000000000000000 ) ;
#3238 = EDGE_LOOP ( 'NONE', ( #6952, #1612, #4267, #6884, #449, #2510, #865, #2687, #74, #454, #8012, #1971, #1144 ) ) ;
#3239 = CONTEXT_DEPENDENT_SHAPE_REPRESENTATION ( #5341, #2395 ) ;
#3240 = ADVANCED_FACE ( 'NONE', ( #5891 ), #7070, .T. ) ;
#3241 = DIRECTION ( 'NONE',  ( 0.000000000000000000, 0.000000000000000000, -1.000000000000000000 ) ) ;
#3242 = CARTESIAN_POINT ( 'NONE',  ( -2.790000000000000036, -1.721999999999999975, -6.375000000000000000 ) ) ;
#3243 = LINE ( 'NONE', #3737, #7886 ) ;
#3244 = CARTESIAN_POINT ( 'NONE',  ( -0.4946532560598290162, 3.672872745802449934, 0.1000000000000000056 ) ) ;
#3245 = CARTESIAN_POINT ( 'NONE',  ( -1.546721400342430108, 3.875840976527340054, 0.000000000000000000 ) ) ;
#3246 = B_SPLINE_CURVE_WITH_KNOTS ( 'NONE', 2,
 ( #7954, #4040, #3550, #4082 ),
 .UNSPECIFIED., .F., .F.,
 ( 3, 1, 3 ),
 ( 0.000000000000000000, 1.000000000000000000, 2.000000000000000000 ),
 .UNSPECIFIED. ) ;
#3247 = CARTESIAN_POINT ( 'NONE',  ( 1.494844241883630076, 3.513858164762440062, 0.1000000000000000056 ) ) ;
#3248 = ORIENTED_EDGE ( 'NONE', *, *, #4100, .T. ) ;
#3249 = ORIENTED_EDGE ( 'NONE', *, *, #3147, .T. ) ;
#3250 = ORIENTED_EDGE ( 'NONE', *, *, #2715, .T. ) ;
#3251 = CARTESIAN_POINT ( 'NONE',  ( 1.450552509265190082, 3.427452981457600245, 0.000000000000000000 ) ) ;
#3252 = LINE ( 'NONE', #2638, #1267 ) ;
#3253 = ADVANCED_FACE ( 'NONE', ( #5231 ), #1558, .T. ) ;
#3254 = PLANE ( 'NONE',  #4397 ) ;
#3255 = ADVANCED_FACE ( 'NONE', ( #7721 ), #1598, .F. ) ;
#3256 = CARTESIAN_POINT ( 'NONE',  ( -4.500000000000000000, 0.06999999999999999278, 5.877110744186579971 ) ) ;
#3257 = CARTESIAN_POINT ( 'NONE',  ( -3.877183391326599615, -2.876803674311580572, -6.001377359100669828 ) ) ;
#3258 = DIRECTION ( 'NONE',  ( 1.000000000000000000, 0.000000000000000000, 0.000000000000000000 ) ) ;
#3259 = EDGE_CURVE ( 'NONE', #3309, #4508, #7184, .T. ) ;
#3260 = ORIENTED_EDGE ( 'NONE', *, *, #2300, .T. ) ;
#3261 = CARTESIAN_POINT ( 'NONE',  ( -0.7712950614308000663, 3.950667232077070157, 0.000000000000000000 ) ) ;
#3262 = CARTESIAN_POINT ( 'NONE',  ( 2.790000000000000036, -2.713815644987700004, 7.214999999999999858 ) ) ;
#3263 = CARTESIAN_POINT ( 'NONE',  ( -1.918770506913039853, 3.789685443644290164, 0.1000000000000000056 ) ) ;
#3264 = CARTESIAN_POINT ( 'NONE',  ( -4.500000000000000000, -1.471999999999999975, 6.074999999999999289 ) ) ;
#3265 = ADVANCED_FACE ( 'NONE', ( #5977 ), #2215, .T. ) ;
#3266 = ORIENTED_EDGE ( 'NONE', *, *, #855, .F. ) ;
#3267 =( BOUNDED_CURVE ( )  B_SPLINE_CURVE ( 3, ( #3803, #6371, #6288, #4984 ),
 .UNSPECIFIED., .F., .F. ) 
 B_SPLINE_CURVE_WITH_KNOTS ( ( 4, 4 ),
 ( 1.451956949847828007E-10, 1.518436449380781816 ),
 .UNSPECIFIED. ) 
 CURVE ( )  GEOMETRIC_REPRESENTATION_ITEM ( )  RATIONAL_B_SPLINE_CURVE ( ( 1.000000000000000000, 0.8169162473414059988, 0.8169162473414059988, 1.000000000000000000 ) ) 
 REPRESENTATION_ITEM ( '' )  );
#3268 = CARTESIAN_POINT ( 'NONE',  ( -3.011496243666206940, 3.935849295896564293, 0.1000000000000000056 ) ) ;
#3269 = CARTESIAN_POINT ( 'NONE',  ( -2.290000000000000036, -1.721999999999999975, 6.375000000000000000 ) ) ;
#3270 = DIRECTION ( 'NONE',  ( 1.000000000000000000, 0.000000000000000000, 0.000000000000000000 ) ) ;
#3271 = CYLINDRICAL_SURFACE ( 'NONE', #440, 0.4999999999999995559 ) ;
#3272 = DIRECTION ( 'NONE',  ( 0.000000000000000000, -1.000000000000000000, 0.000000000000000000 ) ) ;
#3273 = ORIENTED_EDGE ( 'NONE', *, *, #6391, .T. ) ;
#3274 = EDGE_LOOP ( 'NONE', ( #5417, #462, #1079, #967 ) ) ;
#3275 = ORIENTED_EDGE ( 'NONE', *, *, #7621, .F. ) ;
#3276 = MECHANICAL_DESIGN_GEOMETRIC_PRESENTATION_REPRESENTATION (  '', ( #526 ), #4063 ) ;
#3277 = CARTESIAN_POINT ( 'NONE',  ( 0.2500000000000000000, -2.757562983323810002, 6.716917506442459995 ) ) ;
#3278 = CARTESIAN_POINT ( 'NONE',  ( 1.494844241883630076, 3.561054273290299665, 0.000000000000000000 ) ) ;
#3279 = VERTEX_POINT ( 'NONE', #2133 ) ;
#3280 = CARTESIAN_POINT ( 'NONE',  ( -0.4619790270790059550, 3.686668531372129909, 0.000000000000000000 ) ) ;
#3281 = DIRECTION ( 'NONE',  ( 0.000000000000000000, -0.08749467667225491185, -0.9961649871150951574 ) ) ;
#3282 = VECTOR ( 'NONE', #5898, 1000.000000000000000 ) ;
#3283 = LINE ( 'NONE', #5774, #3201 ) ;
#3284 = EDGE_LOOP ( 'NONE', ( #3089, #4547, #780, #1582 ) ) ;
#3285 = ORIENTED_EDGE ( 'NONE', *, *, #4053, .T. ) ;
#3286 = VERTEX_POINT ( 'NONE', #3966 ) ;
#3287 = ORIENTED_EDGE ( 'NONE', *, *, #3867, .T. ) ;
#3288 = DIRECTION ( 'NONE',  ( -1.000000000000000000, 0.000000000000000000, 0.000000000000000000 ) ) ;
#3289 = B_SPLINE_CURVE_WITH_KNOTS ( 'NONE', 2,
 ( #7133, #5253, #7825, #2152 ),
 .UNSPECIFIED., .F., .F.,
 ( 3, 1, 3 ),
 ( -2.000000000000000000, -1.000000000000000000, 0.000000000000000000 ),
 .UNSPECIFIED. ) ;
#3290 = DIRECTION ( 'NONE',  ( 1.000000000000000000, 0.000000000000000000, 0.000000000000000000 ) ) ;
#3291 = VECTOR ( 'NONE', #8046, 1000.000000000000000 ) ;
#3292 = CARTESIAN_POINT ( 'NONE',  ( 1.999479556143020309, 3.484088311691030171, 0.000000000000000000 ) ) ;
#3293 = CARTESIAN_POINT ( 'NONE',  ( 2.790000000000000036, -1.700126330831939869, -6.624041246778779701 ) ) ;
#3294 = CARTESIAN_POINT ( 'NONE',  ( 2.790000000000000036, -1.221999999999999975, 6.074999999999999289 ) ) ;
#3295 = CARTESIAN_POINT ( 'NONE',  ( 4.426377359100680309, -2.876803674311580572, 6.001377359100669828 ) ) ;
#3296 = FACE_OUTER_BOUND ( 'NONE', #7994, .T. ) ;
#3297 = VERTEX_POINT ( 'NONE', #336 ) ;
#3298 = EDGE_CURVE ( 'NONE', #6130, #3969, #4010, .T. ) ;
#3299 = VECTOR ( 'NONE', #5554, 1000.000000000000000 ) ;
#3300 = EDGE_CURVE ( 'NONE', #6921, #4833, #1926, .T. ) ;
#3301 = CARTESIAN_POINT ( 'NONE',  ( 1.963174857275439722, 3.484088311691030171, 0.000000000000000000 ) ) ;
#3302 = DIRECTION ( 'NONE',  ( -1.000000000000000000, 0.000000000000000000, 0.000000000000000000 ) ) ;
#3303 = UNCERTAINTY_MEASURE_WITH_UNIT (LENGTH_MEASURE( 1.000000000000000082E-05 ), #7404, 'distance_accuracy_value', 'NONE');
#3304 = EDGE_CURVE ( 'NONE', #6280, #6585, #4090, .T. ) ;
#3305 = VECTOR ( 'NONE', #6049, 1000.000000000000000 ) ;
#3306 = DIRECTION ( 'NONE',  ( 1.000000000000000000, 0.000000000000000000, 0.000000000000000000 ) ) ;
#3307 = CARTESIAN_POINT ( 'NONE',  ( -2.281047728045660250, 4.115459866424270530, 0.000000000000000000 ) ) ;
#3308 = EDGE_CURVE ( 'NONE', #4416, #7489, #3779, .T. ) ;
#3309 = VERTEX_POINT ( 'NONE', #4629 ) ;
#3310 = AXIS2_PLACEMENT_3D ( 'NONE', #1253, #5544, #6775 ) ;
#3311 = DIRECTION ( 'NONE',  ( 0.000000000000000000, -1.000000000000000000, -3.469446951953610245E-15 ) ) ;
#3312 = ADVANCED_FACE ( 'NONE', ( #2905 ), #2859, .T. ) ;
#3313 = CARTESIAN_POINT ( 'NONE',  ( -1.918770506913039853, 3.789685443644290164, 0.000000000000000000 ) ) ;
#3314 = CARTESIAN_POINT ( 'NONE',  ( 1.755511979752869989, 3.774525902631679752, 0.1000000000000000056 ) ) ;
#3315 = CARTESIAN_POINT ( 'NONE',  ( 1.920335312611689993, 3.484088311691030171, 0.1000000000000000056 ) ) ;
#3316 = CARTESIAN_POINT ( 'NONE',  ( 0.9335735973908250163, 3.563958649199709949, 0.1000000000000000056 ) ) ;
#3317 = LINE ( 'NONE', #737, #4654 ) ;
#3318 = VERTEX_POINT ( 'NONE', #5264 ) ;
#3319 = ORIENTED_EDGE ( 'NONE', *, *, #1759, .T. ) ;
#3320 = B_SPLINE_CURVE_WITH_KNOTS ( 'NONE', 2,
 ( #2999, #3654, #5715, #5673 ),
 .UNSPECIFIED., .F., .F.,
 ( 3, 1, 3 ),
 ( 0.000000000000000000, 1.000000000000000000, 2.000000000000000000 ),
 .UNSPECIFIED. ) ;
#3321 = ORIENTED_EDGE ( 'NONE', *, *, #4164, .T. ) ;
#3322 = VECTOR ( 'NONE', #874, 1000.000000000000114 ) ;
#3323 = EDGE_CURVE ( 'NONE', #829, #3850, #1666, .T. ) ;
#3324 = PRODUCT_CONTEXT ( 'NONE', #5590, 'mechanical' ) ;
#3325 = CARTESIAN_POINT ( 'NONE',  ( -2.652658068047089923, 3.134570180137459694, 0.1000000000000000056 ) ) ;
#3326 = CARTESIAN_POINT ( 'NONE',  ( -2.281047728045660250, 4.115459866424270530, 0.000000000000000000 ) ) ;
#3327 = ORIENTED_EDGE ( 'NONE', *, *, #5748, .T. ) ;
#3328 = CARTESIAN_POINT ( 'NONE',  ( -0.3842869715023810029, 3.749838707401719873, 0.1000000000000000056 ) ) ;
#3329 = LINE ( 'NONE', #5819, #3330 ) ;
#3330 = VECTOR ( 'NONE', #6345, 1000.000000000000000 ) ;
#3331 = CARTESIAN_POINT ( 'NONE',  ( -2.790000000000000036, -3.000608987435080088, -7.732439118436020387 ) ) ;
#3332 = ORIENTED_EDGE ( 'NONE', *, *, #683, .F. ) ;
#3333 = ORIENTED_EDGE ( 'NONE', *, *, #2715, .F. ) ;
#3334 = ORIENTED_EDGE ( 'NONE', *, *, #457, .T. ) ;
#3335 = PRESENTATION_STYLE_ASSIGNMENT (( #4603 ) ) ;
#3336 = CARTESIAN_POINT ( 'NONE',  ( -2.290000000000000036, -3.250000000000039968, 7.714999999999999858 ) ) ;
#3337 = VECTOR ( 'NONE', #1291, 1000.000000000000000 ) ;
#3338 = DIRECTION ( 'NONE',  ( 0.000000000000000000, 0.000000000000000000, -1.000000000000000000 ) ) ;
#3339 = CARTESIAN_POINT ( 'NONE',  ( -2.790000000000000036, -1.721999999999999975, 6.375000000000000000 ) ) ;
#3340 = CARTESIAN_POINT ( 'NONE',  ( -1.936507543767990169, 4.062959866424269428, 0.000000000000000000 ) ) ;
#3341 = LINE ( 'NONE', #4444, #6310 ) ;
#3342 = LINE ( 'NONE', #717, #6857 ) ;
#3343 = ORIENTED_EDGE ( 'NONE', *, *, #6404, .T. ) ;
#3344 = VECTOR ( 'NONE', #6031, 1000.000000000000000 ) ;
#3345 = CARTESIAN_POINT ( 'NONE',  ( -4.442414139561279285, -0.1231963256884170271, 6.017414139561279462 ) ) ;
#3346 = DIRECTION ( 'NONE',  ( 0.000000000000000000, -2.163431095459105148E-15, -1.000000000000000000 ) ) ;
#3347 = SURFACE_SIDE_STYLE ('',( #2038 ) ) ;
#3348 = EDGE_CURVE ( 'NONE', #4234, #4438, #325, .T. ) ;
#3349 = AXIS2_PLACEMENT_3D ( 'NONE', #376, #7159, #5279 ) ;
#3350 = CARTESIAN_POINT ( 'NONE',  ( 2.290000000000000036, -3.250000000000039968, -7.714999999999999858 ) ) ;
#3351 = DIRECTION ( 'NONE',  ( 1.000000000000000000, 0.000000000000000000, 0.000000000000000000 ) ) ;
#3352 = ADVANCED_FACE ( 'NONE', ( #4615 ), #6528, .F. ) ;
#3353 = CIRCLE ( 'NONE', #6212, 0.1299999999999998934 ) ;
#3354 = ORIENTED_EDGE ( 'NONE', *, *, #5733, .T. ) ;
#3355 = DIRECTION ( 'NONE',  ( 0.000000000000000000, 0.000000000000000000, -1.000000000000000000 ) ) ;
#3356 = EDGE_CURVE ( 'NONE', #4562, #7546, #3583, .T. ) ;
#3357 = EDGE_CURVE ( 'NONE', #7641, #6115, #5963, .T. ) ;
#3358 = CARTESIAN_POINT ( 'NONE',  ( -0.2500000000000000000, -1.221999999999999975, 6.375000000000000000 ) ) ;
#3359 = CARTESIAN_POINT ( 'NONE',  ( 1.828847471465379959, 3.911757664351140029, 0.1000000000000000056 ) ) ;
#3360 = CARTESIAN_POINT ( 'NONE',  ( 1.907265621019359925, 4.046811144138540151, 0.000000000000000000 ) ) ;
#3361 = PLANE ( 'NONE',  #8005 ) ;
#3362 = LINE ( 'NONE', #3486, #5678 ) ;
#3363 = EDGE_CURVE ( 'NONE', #2252, #215, #2734, .T. ) ;
#3364 = EDGE_LOOP ( 'NONE', ( #6321, #5169, #516, #3534 ) ) ;
#3365 = ORIENTED_EDGE ( 'NONE', *, *, #360, .F. ) ;
#3366 = ORIENTED_EDGE ( 'NONE', *, *, #6256, .F. ) ;
#3367 = AXIS2_PLACEMENT_3D ( 'NONE', #7801, #3355, #3959 ) ;
#3368 = APPLICATION_PROTOCOL_DEFINITION ( 'draft international standard', 'automotive_design', 1998, #1415 ) ;
#3369 = DIRECTION ( 'NONE',  ( -0.05233595624294400117, 0.9986295347545739443, 0.000000000000000000 ) ) ;
#3370 = CARTESIAN_POINT ( 'NONE',  ( -0.2500000000000000000, -1.700126330831939869, -6.624041246778779701 ) ) ;
#3371 = ORIENTED_EDGE ( 'NONE', *, *, #24, .T. ) ;
#3372 = CARTESIAN_POINT ( 'NONE',  ( -1.971270506913040066, 3.737185443644290395, 0.000000000000000000 ) ) ;
#3373 = DIRECTION ( 'NONE',  ( 0.000000000000000000, 0.000000000000000000, -1.000000000000000000 ) ) ;
#3374 = VECTOR ( 'NONE', #7056, 1000.000000000000000 ) ;
#3375 = DIRECTION ( 'NONE',  ( 1.000000000000000000, 0.000000000000000000, 0.000000000000000000 ) ) ;
#3376 = EDGE_CURVE ( 'NONE', #3107, #607, #279, .T. ) ;
#3377 = EDGE_LOOP ( 'NONE', ( #193, #3993, #4467, #699 ) ) ;
#3378 = VERTEX_POINT ( 'NONE', #6649 ) ;
#3379 = ORIENTED_EDGE ( 'NONE', *, *, #4611, .T. ) ;
#3380 = ORIENTED_EDGE ( 'NONE', *, *, #5384, .F. ) ;
#3381 =( NAMED_UNIT ( * ) SI_UNIT ( $, .STERADIAN. ) SOLID_ANGLE_UNIT ( ) );
#3382 = CARTESIAN_POINT ( 'NONE',  ( -2.290000000000000036, -3.250000000000039968, -7.714999999999999858 ) ) ;
#3383 = AXIS2_PLACEMENT_3D ( 'NONE', #1516, #7033, #2670 ) ;
#3384 = DIRECTION ( 'NONE',  ( 0.000000000000000000, 0.000000000000000000, 1.000000000000000000 ) ) ;
#3385 = DIRECTION ( 'NONE',  ( 0.000000000000000000, 0.000000000000000000, -1.000000000000000000 ) ) ;
#3386 = CARTESIAN_POINT ( 'NONE',  ( -1.357936258902269877, 3.789685443644290164, 0.000000000000000000 ) ) ;
#3387 = FACE_OUTER_BOUND ( 'NONE', #7946, .T. ) ;
#3388 = DIRECTION ( 'NONE',  ( 0.000000000000000000, 0.000000000000000000, -1.000000000000000000 ) ) ;
#3389 = VERTEX_POINT ( 'NONE', #4078 ) ;
#3390 = ORIENTED_EDGE ( 'NONE', *, *, #3916, .T. ) ;
#3391 = DIRECTION ( 'NONE',  ( 0.000000000000000000, 0.000000000000000000, 1.000000000000000000 ) ) ;
#3392 = CARTESIAN_POINT ( 'NONE',  ( 0.2500000000000000000, -1.471999999999999975, -6.375000000000000000 ) ) ;
#3393 = CARTESIAN_POINT ( 'NONE',  ( -2.348505956076859746, 3.792797869477800177, 0.1000000000000000056 ) ) ;
#3394 = CARTESIAN_POINT ( 'NONE',  ( 1.346721070503900108, 3.750564801379079771, 0.1000000000000000056 ) ) ;
#3395 = FACE_OUTER_BOUND ( 'NONE', #629, .T. ) ;
#3396 = B_SPLINE_CURVE_WITH_KNOTS ( 'NONE', 2,
 ( #312, #5171, #7740, #6474 ),
 .UNSPECIFIED., .F., .F.,
 ( 3, 1, 3 ),
 ( -2.000000000000000000, -1.000000000000000000, 0.000000000000000000 ),
 .UNSPECIFIED. ) ;
#3397 = ADVANCED_FACE ( 'NONE', ( #1045 ), #2118, .F. ) ;
#3398 = ORIENTED_EDGE ( 'NONE', *, *, #5841, .F. ) ;
#3399 = DIRECTION ( 'NONE',  ( 0.000000000000000000, 0.000000000000000000, -1.000000000000000000 ) ) ;
#3400 = CARTESIAN_POINT ( 'NONE',  ( -2.790000000000000036, -3.000608987435080088, -7.732439118436020387 ) ) ;
#3401 = PLANE ( 'NONE',  #4747 ) ;
#3402 = DIRECTION ( 'NONE',  ( 0.000000000000000000, -1.000000000000000000, 3.469446951953610245E-15 ) ) ;
#3403 = FACE_OUTER_BOUND ( 'NONE', #4599, .T. ) ;
#3404 = DIRECTION ( 'NONE',  ( 0.000000000000000000, 0.9975640502598241977, -0.06975647374412621837 ) ) ;
#3405 = ORIENTED_EDGE ( 'NONE', *, *, #7055, .T. ) ;
#3406 = EDGE_CURVE ( 'NONE', #2770, #3750, #6702, .T. ) ;
#3407 = ORIENTED_EDGE ( 'NONE', *, *, #586, .F. ) ;
#3408 = ADVANCED_FACE ( 'NONE', ( #2774 ), #3476, .T. ) ;
#3409 = VERTEX_POINT ( 'NONE', #1494 ) ;
#3410 = EDGE_CURVE ( 'NONE', #1561, #4965, #2891, .T. ) ;
#3411 = LINE ( 'NONE', #6548, #1183 ) ;
#3412 = ORIENTED_EDGE ( 'NONE', *, *, #5303, .F. ) ;
#3413 = DIRECTION ( 'NONE',  ( 0.000000000000000000, 0.9961649871150950464, 0.08749467667225489798 ) ) ;
#3414 = CARTESIAN_POINT ( 'NONE',  ( -2.790000000000000036, -1.678252661663869993, -6.873082493557559403 ) ) ;
#3415 = CARTESIAN_POINT ( 'NONE',  ( 0.007803776267498349975, 3.690299001258890321, 0.000000000000000000 ) ) ;
#3416 = ORIENTED_EDGE ( 'NONE', *, *, #940, .T. ) ;
#3417 = ORIENTED_EDGE ( 'NONE', *, *, #3348, .T. ) ;
#3418 = ORIENTED_EDGE ( 'NONE', *, *, #1701, .F. ) ;
#3419 = EDGE_LOOP ( 'NONE', ( #5280, #7475, #1900, #2750, #5121, #8024, #3249, #6425, #6457, #4814, #6198, #4298 ) ) ;
#3420 = DIRECTION ( 'NONE',  ( -1.000000000000000000, 0.000000000000000000, 0.000000000000000000 ) ) ;
#3421 = DIRECTION ( 'NONE',  ( -1.000000000000000000, 0.000000000000000000, 0.000000000000000000 ) ) ;
#3422 = DIRECTION ( 'NONE',  ( 1.000000000000000000, 0.000000000000000000, 0.000000000000000000 ) ) ;
#3423 = VECTOR ( 'NONE', #880, 1000.000000000000227 ) ;
#3424 = EDGE_CURVE ( 'NONE', #6853, #4466, #7101, .T. ) ;
#3425 = DIRECTION ( 'NONE',  ( 0.000000000000000000, 0.000000000000000000, -1.000000000000000000 ) ) ;
#3426 = PLANE ( 'NONE',  #3039 ) ;
#3427 = DIRECTION ( 'NONE',  ( 0.000000000000000000, 0.000000000000000000, -1.000000000000000000 ) ) ;
#3428 = LINE ( 'NONE', #2275, #6458 ) ;
#3429 = ORIENTED_EDGE ( 'NONE', *, *, #1328, .F. ) ;
#3430 = ORIENTED_EDGE ( 'NONE', *, *, #1592, .F. ) ;
#3431 = CIRCLE ( 'NONE', #31, 0.05249999999999991479 ) ;
#3432 = DIRECTION ( 'NONE',  ( 0.000000000000000000, -0.9975640502598296377, 0.06975647374404837786 ) ) ;
#3433 = CARTESIAN_POINT ( 'NONE',  ( 1.759142449639629957, 3.600263348067290092, 0.000000000000000000 ) ) ;
#3434 = FACE_OUTER_BOUND ( 'NONE', #5405, .T. ) ;
#3435 = AXIS2_PLACEMENT_3D ( 'NONE', #6057, #6132, #570 ) ;
#3436 = DIRECTION ( 'NONE',  ( 1.000000000000000000, 0.000000000000000000, 0.000000000000000000 ) ) ;
#3437 = DIRECTION ( 'NONE',  ( 0.000000000000000000, -1.000000000000000000, 4.440892098500630895E-15 ) ) ;
#3438 = CARTESIAN_POINT ( 'NONE',  ( 0.2500000000000000000, -1.221999999999999975, 6.074999999999999289 ) ) ;
#3439 = VECTOR ( 'NONE', #884, 1000.000000000000114 ) ;
#3440 = DIRECTION ( 'NONE',  ( -0.7071067811865475727, -0.7071067811865475727, 0.000000000000000000 ) ) ;
#3441 = CARTESIAN_POINT ( 'NONE',  ( -1.884007543767990178, 3.823340976527359825, 0.000000000000000000 ) ) ;
#3442 = DIRECTION ( 'NONE',  ( 0.000000000000000000, 0.000000000000000000, 1.000000000000000000 ) ) ;
#3443 = CLOSED_SHELL ( 'NONE', ( #2516, #1544, #2399, #5656, #5458, #998, #3999, #1840, #7581, #2952, #3911, #1954, #6119, #4664, #4108, #4190, #5795, #733, #6845, #5966, #2754, #1389, #811, #3946, #1631, #3594, #4404, #271, #4205, #6210, #1397, #245, #652, #5591, #3253, #3960 ) ) ;
#3444 = FACE_OUTER_BOUND ( 'NONE', #7964, .T. ) ;
#3445 = CARTESIAN_POINT ( 'NONE',  ( -0.7712950614308000663, 3.810104507521910211, 0.000000000000000000 ) ) ;
#3446 = PRODUCT_DEFINITION_SHAPE ( 'NONE', 'NONE',  #6535 ) ;
#3447 = ORIENTED_EDGE ( 'NONE', *, *, #2789, .F. ) ;
#3448 = VERTEX_POINT ( 'NONE', #1542 ) ;
#3449 = ORIENTED_EDGE ( 'NONE', *, *, #3741, .F. ) ;
#3450 = CIRCLE ( 'NONE', #7746, 0.4999999999999995559 ) ;
#3451 = DIRECTION ( 'NONE',  ( -1.000000000000000000, 0.000000000000000000, 0.000000000000000000 ) ) ;
#3452 = ADVANCED_FACE ( 'NONE', ( #2239 ), #1876, .T. ) ;
#3453 = ORIENTED_EDGE ( 'NONE', *, *, #1570, .F. ) ;
#3454 = DIRECTION ( 'NONE',  ( 0.000000000000000000, 0.000000000000000000, 1.000000000000000000 ) ) ;
#3455 = DIRECTION ( 'NONE',  ( 0.000000000000000000, 0.000000000000000000, -1.000000000000000000 ) ) ;
#3456 = CARTESIAN_POINT ( 'NONE',  ( -1.918770506913039853, 3.789685443644290164, 0.000000000000000000 ) ) ;
#3457 = ORIENTED_EDGE ( 'NONE', *, *, #7534, .F. ) ;
#3458 = CIRCLE ( 'NONE', #5523, 0.05250000000000007438 ) ;
#3459 = ORIENTED_EDGE ( 'NONE', *, *, #1759, .F. ) ;
#3460 = EDGE_CURVE ( 'NONE', #607, #2839, #6001, .T. ) ;
#3461 = ORIENTED_EDGE ( 'NONE', *, *, #6047, .T. ) ;
#3462 = CARTESIAN_POINT ( 'NONE',  ( 0.000000000000000000, 0.000000000000000000, 0.000000000000000000 ) ) ;
#3463 = CARTESIAN_POINT ( 'NONE',  ( -0.2500000000000000000, -3.212597670117609994, 7.180121763127949919 ) ) ;
#3464 = DIRECTION ( 'NONE',  ( 0.000000000000000000, 0.000000000000000000, -1.000000000000000000 ) ) ;
#3465 = EDGE_CURVE ( 'NONE', #4398, #4416, #2280, .T. ) ;
#3466 = AXIS2_PLACEMENT_3D ( 'NONE', #7525, #3281, #1312 ) ;
#3467 = EDGE_CURVE ( 'NONE', #4511, #2778, #2434, .T. ) ;
#3468 = CARTESIAN_POINT ( 'NONE',  ( -1.494296394456039900, 3.878646107150249822, 0.1000000000000000056 ) ) ;
#3469 = CARTESIAN_POINT ( 'NONE',  ( -2.290000000000000036, -1.221999999999999975, -6.375000000000000000 ) ) ;
#3470 = DIRECTION ( 'NONE',  ( 0.000000000000000000, 0.000000000000000000, -1.000000000000000000 ) ) ;
#3471 = VERTEX_POINT ( 'NONE', #4237 ) ;
#3472 = ORIENTED_EDGE ( 'NONE', *, *, #3893, .F. ) ;
#3473 = ADVANCED_FACE ( 'NONE', ( #2936 ), #2268, .T. ) ;
#3474 = VECTOR ( 'NONE', #3351, 1000.000000000000000 ) ;
#3475 = LINE ( 'NONE', #5305, #2450 ) ;
#3476 = CYLINDRICAL_SURFACE ( 'NONE', #4785, 0.4999999999999995559 ) ;
#3477 = AXIS2_PLACEMENT_3D ( 'NONE', #3456, #5904, #7169 ) ;
#3478 = LINE ( 'NONE', #2355, #2006 ) ;
#3479 = DIRECTION ( 'NONE',  ( 0.7071067811865516806, -0.7071067811865433539, 0.000000000000000000 ) ) ;
#3480 = EDGE_CURVE ( 'NONE', #6065, #7499, #3011, .T. ) ;
#3481 = CARTESIAN_POINT ( 'NONE',  ( 4.391596839026767896, 0.1642986682315976665, -5.583403160973242407 ) ) ;
#3482 = AXIS2_PLACEMENT_3D ( 'NONE', #7028, #3885, #4386 ) ;
#3483 = DIRECTION ( 'NONE',  ( -0.000000000000000000, 0.9975640502598241977, 0.06975647374412621837 ) ) ;
#3484 = CARTESIAN_POINT ( 'NONE',  ( -0.3472561786574480114, 3.787595594224010043, 0.1000000000000000056 ) ) ;
#3485 = AXIS2_PLACEMENT_3D ( 'NONE', #839, #3985, #2882 ) ;
#3486 = CARTESIAN_POINT ( 'NONE',  ( -1.884007543767990178, 4.062959866424269428, 0.000000000000000000 ) ) ;
#3487 = ORIENTED_EDGE ( 'NONE', *, *, #3665, .T. ) ;
#3488 = ORIENTED_EDGE ( 'NONE', *, *, #1246, .F. ) ;
#3489 = VERTEX_POINT ( 'NONE', #5420 ) ;
#3490 = CARTESIAN_POINT ( 'NONE',  ( 1.212393684693849893, 3.476101277940159662, 0.1000000000000000056 ) ) ;
#3491 = ORIENTED_EDGE ( 'NONE', *, *, #495, .F. ) ;
#3492 = DIRECTION ( 'NONE',  ( 0.000000000000000000, 0.000000000000000000, -1.000000000000000000 ) ) ;
#3493 = CARTESIAN_POINT ( 'NONE',  ( 2.790000000000000036, -2.735689314155739904, -6.965958753221239697 ) ) ;
#3494 = CARTESIAN_POINT ( 'NONE',  ( -1.357936258902269877, 3.789685443644290164, 0.000000000000000000 ) ) ;
#3495 = EDGE_LOOP ( 'NONE', ( #6788, #782, #1968, #5849 ) ) ;
#3496 = ORIENTED_EDGE ( 'NONE', *, *, #4708, .T. ) ;
#3497 = ORIENTED_EDGE ( 'NONE', *, *, #2948, .F. ) ;
#3498 = AXIS2_PLACEMENT_3D ( 'NONE', #329, #976, #3399 ) ;
#3499 = B_SPLINE_CURVE_WITH_KNOTS ( 'NONE', 2,
 ( #6191, #6152, #668, #1278 ),
 .UNSPECIFIED., .F., .F.,
 ( 3, 1, 3 ),
 ( 0.000000000000000000, 1.000000000000000000, 2.000000000000000000 ),
 .UNSPECIFIED. ) ;
#3500 = EDGE_CURVE ( 'NONE', #6665, #4586, #729, .T. ) ;
#3501 = B_SPLINE_CURVE_WITH_KNOTS ( 'NONE', 2,
 ( #5191, #2827, #7806, #2129 ),
 .UNSPECIFIED., .F., .F.,
 ( 3, 1, 3 ),
 ( 0.000000000000000000, 1.000000000000000000, 2.000000000000000000 ),
 .UNSPECIFIED. ) ;
#3502 = FILL_AREA_STYLE_COLOUR ( '', #7395 ) ;
#3503 = DIRECTION ( 'NONE',  ( 0.000000000000000000, -1.000000000000000000, -3.469446951953610245E-15 ) ) ;
#3504 = LINE ( 'NONE', #6431, #8035 ) ;
#3505 = DIRECTION ( 'NONE',  ( 0.000000000000000000, 0.000000000000000000, 1.000000000000000000 ) ) ;
#3506 = VECTOR ( 'NONE', #2351, 1000.000000000000000 ) ;
#3507 = DIRECTION ( 'NONE',  ( -1.000000000000000000, 0.000000000000000000, 0.000000000000000000 ) ) ;
#3508 = FACE_OUTER_BOUND ( 'NONE', #7779, .T. ) ;
#3509 = ORIENTED_EDGE ( 'NONE', *, *, #7098, .F. ) ;
#3510 = ORIENTED_EDGE ( 'NONE', *, *, #5492, .F. ) ;
#3511 = EDGE_CURVE ( 'NONE', #64, #5508, #5572, .T. ) ;
#3512 = AXIS2_PLACEMENT_3D ( 'NONE', #5653, #67, #2557 ) ;
#3513 = EDGE_CURVE ( 'NONE', #5857, #94, #1324, .T. ) ;
#3514 = CARTESIAN_POINT ( 'NONE',  ( 1.124536313434300050, 3.476101277940159662, 0.1000000000000000056 ) ) ;
#3515 = DIRECTION ( 'NONE',  ( 0.000000000000000000, 0.000000000000000000, 1.000000000000000000 ) ) ;
#3516 = PLANE ( 'NONE',  #7061 ) ;
#3517 = B_SPLINE_SURFACE_WITH_KNOTS ( 'NONE', 2, 1, ( 
 ( #4120, #2934 ),
 ( #362, #7950 ),
 ( #6610, #1739 ),
 ( #6684, #4235 ) ),
 .UNSPECIFIED., .F., .F., .F.,
 ( 3, 1, 3 ),
 ( 2, 2 ),
 ( -2.000000000000000000, -1.000000000000000000, 0.000000000000000000 ),
 ( 0.000000000000000000, 0.01000000000000000021 ),
 .UNSPECIFIED. ) ;
#3518 = EDGE_CURVE ( 'NONE', #3570, #4387, #1704, .T. ) ;
#3519 = CARTESIAN_POINT ( 'NONE',  ( -1.494296394456039900, 3.878646107150240052, 0.1000000000000000056 ) ) ;
#3520 = DIRECTION ( 'NONE',  ( 1.000000000000000000, 0.000000000000000000, 0.000000000000000000 ) ) ;
#3521 = CARTESIAN_POINT ( 'NONE',  ( -2.252823782353760240, 3.778796486571669888, 0.000000000000000000 ) ) ;
#3522 = CARTESIAN_POINT ( 'NONE',  ( -2.745257521101377218, 4.504352955768322175, 0.000000000000000000 ) ) ;
#3523 = EDGE_CURVE ( 'NONE', #5765, #7330, #6726, .T. ) ;
#3524 = CARTESIAN_POINT ( 'NONE',  ( -0.6282545478925289917, 3.818091541272780276, 0.000000000000000000 ) ) ;
#3525 = CARTESIAN_POINT ( 'NONE',  ( 1.890565459540270110, 3.911757664351140029, 0.1000000000000000056 ) ) ;
#3526 = CARTESIAN_POINT ( 'NONE',  ( -0.4946532560598290162, 3.672872745802449934, 0.000000000000000000 ) ) ;
#3527 = VERTEX_POINT ( 'NONE', #3091 ) ;
#3528 = VERTEX_POINT ( 'NONE', #1123 ) ;
#3529 = ORIENTED_EDGE ( 'NONE', *, *, #3558, .F. ) ;
#3530 = CARTESIAN_POINT ( 'NONE',  ( -0.6892464419900660166, 4.078759279142010641, 0.1000000000000000056 ) ) ;
#3531 = ORIENTED_EDGE ( 'NONE', *, *, #3939, .F. ) ;
#3532 = DIRECTION ( 'NONE',  ( 1.000000000000000000, 0.000000000000000000, 0.000000000000000000 ) ) ;
#3533 = CARTESIAN_POINT ( 'NONE',  ( 0.2500000000000000000, -2.963206657552649670, -7.197560881563970447 ) ) ;
#3534 = ORIENTED_EDGE ( 'NONE', *, *, #2058, .F. ) ;
#3535 = ORIENTED_EDGE ( 'NONE', *, *, #5628, .T. ) ;
#3536 = ORIENTED_EDGE ( 'NONE', *, *, #1184, .F. ) ;
#3537 = CARTESIAN_POINT ( 'NONE',  ( 0.2500000000000000000, -2.713815644987700004, 7.214999999999999858 ) ) ;
#3538 = DIRECTION ( 'NONE',  ( 0.000000000000000000, 0.000000000000000000, 1.000000000000000000 ) ) ;
#3539 = AXIS2_PLACEMENT_3D ( 'NONE', #4303, #7313, #5149 ) ;
#3540 = CARTESIAN_POINT ( 'NONE',  ( 0.2176449357221190151, 3.546532393743270006, 0.1000000000000000056 ) ) ;
#3541 = LINE ( 'NONE', #5299, #3344 ) ;
#3542 = ORIENTED_EDGE ( 'NONE', *, *, #110, .F. ) ;
#3543 = VERTEX_POINT ( 'NONE', #4817 ) ;
#3544 = EDGE_LOOP ( 'NONE', ( #3398, #5031, #1449, #4681 ) ) ;
#3545 = CARTESIAN_POINT ( 'NONE',  ( 1.001100337284529962, 3.977106122312779934, 0.000000000000000000 ) ) ;
#3546 = VECTOR ( 'NONE', #4616, 1000.000000000000000 ) ;
#3547 = CARTESIAN_POINT ( 'NONE',  ( 1.756238073730219895, 3.647459456595139926, 0.1000000000000000056 ) ) ;
#3548 = SURFACE_STYLE_USAGE ( .BOTH. , #2203 ) ;
#3549 = CARTESIAN_POINT ( 'NONE',  ( -0.3073210099031090103, 4.041002392319730241, 0.1000000000000000056 ) ) ;
#3550 = CARTESIAN_POINT ( 'NONE',  ( -0.3472561786574480114, 3.787595594224010043, 0.000000000000000000 ) ) ;
#3551 = AXIS2_PLACEMENT_3D ( 'NONE', #3242, #5073, #6915 ) ;
#3552 = EDGE_CURVE ( 'NONE', #3389, #4347, #1135, .T. ) ;
#3553 = CARTESIAN_POINT ( 'NONE',  ( 2.790000000000000036, -3.212597670117609994, -7.180121763127949919 ) ) ;
#3554 = CARTESIAN_POINT ( 'NONE',  ( -1.357936258902269877, 3.737185443644290395, 0.000000000000000000 ) ) ;
#3555 = VECTOR ( 'NONE', #2781, 1000.000000000000000 ) ;
#3556 = DIRECTION ( 'NONE',  ( 0.000000000000000000, 0.000000000000000000, 1.000000000000000000 ) ) ;
#3557 = ADVANCED_FACE ( 'NONE', ( #6765 ), #6193, .F. ) ;
#3558 = EDGE_CURVE ( 'NONE', #3471, #7312, #6685, .T. ) ;
#3559 = DIRECTION ( 'NONE',  ( 0.000000000000000000, 0.000000000000000000, 1.000000000000000000 ) ) ;
#3560 = CARTESIAN_POINT ( 'NONE',  ( 1.204406650942980272, 3.591550220339069899, 0.000000000000000000 ) ) ;
#3561 = EDGE_LOOP ( 'NONE', ( #2001, #4497, #1563, #2500 ) ) ;
#3562 = EDGE_LOOP ( 'NONE', ( #6642, #1111, #5918, #3837 ) ) ;
#3563 = AXIS2_PLACEMENT_3D ( 'NONE', #2915, #3454, #2751 ) ;
#3564 = EDGE_LOOP ( 'NONE', ( #4843, #8063, #4213, #1832, #3733, #7517, #1948, #6013, #4759, #5, #1225, #3614 ) ) ;
#3565 = EDGE_CURVE ( 'NONE', #4026, #4644, #3589, .T. ) ;
#3566 = CARTESIAN_POINT ( 'NONE',  ( 0.1312397524172750074, 3.505871131011580211, 0.1000000000000000056 ) ) ;
#3567 = ORIENTED_EDGE ( 'NONE', *, *, #4669, .T. ) ;
#3568 = CARTESIAN_POINT ( 'NONE',  ( -2.290000000000000036, -1.221999999999999975, -6.375000000000000000 ) ) ;
#3569 = CARTESIAN_POINT ( 'NONE',  ( -1.508619436103678213, 3.839723247900682424, 0.1000000000000000056 ) ) ;
#3570 = VERTEX_POINT ( 'NONE', #2474 ) ;
#3571 = ORIENTED_EDGE ( 'NONE', *, *, #3002, .T. ) ;
#3572 = EDGE_LOOP ( 'NONE', ( #349, #1005, #6074, #7391 ) ) ;
#3573 = EDGE_CURVE ( 'NONE', #2458, #619, #996, .T. ) ;
#3574 = AXIS2_PLACEMENT_3D ( 'NONE', #4413, #1169, #6165 ) ;
#3575 = FILL_AREA_STYLE_COLOUR ( '', #7840 ) ;
#3576 = B_SPLINE_SURFACE_WITH_KNOTS ( 'NONE', 2, 1, ( 
 ( #2061, #1433 ),
 ( #221, #2548 ),
 ( #100, #4555 ),
 ( #1936, #7605 ) ),
 .UNSPECIFIED., .F., .F., .F.,
 ( 3, 1, 3 ),
 ( 2, 2 ),
 ( -2.000000000000000000, -1.000000000000000000, 0.000000000000000000 ),
 ( 0.000000000000000000, 0.01000000000000000021 ),
 .UNSPECIFIED. ) ;
#3577 = DIRECTION ( 'NONE',  ( 1.000000000000000000, 0.000000000000000000, 0.000000000000000000 ) ) ;
#3578 = LINE ( 'NONE', #6069, #669 ) ;
#3579 = FACE_OUTER_BOUND ( 'NONE', #3078, .T. ) ;
#3580 = VECTOR ( 'NONE', #7573, 1000.000000000000000 ) ;
#3581 = DIRECTION ( 'NONE',  ( 0.7071067811865516806, -0.7071067811865433539, 0.000000000000000000 ) ) ;
#3582 = ORIENTED_EDGE ( 'NONE', *, *, #2352, .T. ) ;
#3583 = B_SPLINE_CURVE_WITH_KNOTS ( 'NONE', 2,
 ( #6611, #2815, #2202, #4701 ),
 .UNSPECIFIED., .F., .F.,
 ( 3, 1, 3 ),
 ( 0.000000000000000000, 1.000000000000000000, 2.000000000000000000 ),
 .UNSPECIFIED. ) ;
#3584 = ORIENTED_EDGE ( 'NONE', *, *, #2822, .T. ) ;
#3585 = VERTEX_POINT ( 'NONE', #4851 ) ;
#3586 =( BOUNDED_CURVE ( )  B_SPLINE_CURVE ( 3, ( #3481, #5930, #6406, #898 ),
 .UNSPECIFIED., .F., .F. ) 
 B_SPLINE_CURVE_WITH_KNOTS ( ( 4, 4 ),
 ( 0.8115781021773639248, 1.570796326794896780 ),
 .UNSPECIFIED. ) 
 CURVE ( )  GEOMETRIC_REPRESENTATION_ITEM ( )  RATIONAL_B_SPLINE_CURVE ( ( 1.000000000000000000, 0.9525397019146162325, 0.9525397019146162325, 1.000000000000000000 ) ) 
 REPRESENTATION_ITEM ( '' )  );
#3587 = CARTESIAN_POINT ( 'NONE',  ( 4.150000000000000355, -3.000000000000000000, -5.678444480417419449 ) ) ;
#3588 = STYLED_ITEM ( 'NONE', ( #5773 ), #1539 ) ;
#3589 = LINE ( 'NONE', #475, #3607 ) ;
#3590 = CARTESIAN_POINT ( 'NONE',  ( -4.500000000000000000, -1.221999999999999975, -6.074999999999999289 ) ) ;
#3591 = CARTESIAN_POINT ( 'NONE',  ( -0.6892464419900660166, 4.078759279142010641, 0.1000000000000000056 ) ) ;
#3592 = DIRECTION ( 'NONE',  ( -1.000000000000000000, 0.000000000000000000, 0.000000000000000000 ) ) ;
#3593 = VECTOR ( 'NONE', #7993, 999.9999999999998863 ) ;
#3594 = ADVANCED_FACE ( 'NONE', ( #4889 ), #7375, .T. ) ;
#3595 = DIRECTION ( 'NONE',  ( -0.9986295347545743883, 0.05233595624293642390, 0.000000000000000000 ) ) ;
#3596 = AXIS2_PLACEMENT_3D ( 'NONE', #1710, #3597, #6655 ) ;
#3597 = DIRECTION ( 'NONE',  ( -1.000000000000000000, 0.000000000000000000, 0.000000000000000000 ) ) ;
#3598 = AXIS2_PLACEMENT_3D ( 'NONE', #4188, #6679, #3581 ) ;
#3599 = DIRECTION ( 'NONE',  ( 0.000000000000000000, 0.000000000000000000, 1.000000000000000000 ) ) ;
#3600 = CARTESIAN_POINT ( 'NONE',  ( -0.3842869715023810029, 3.749838707401719873, 0.1000000000000000056 ) ) ;
#3601 = VERTEX_POINT ( 'NONE', #550 ) ;
#3602 = VECTOR ( 'NONE', #2877, 1000.000000000000000 ) ;
#3603 = ORIENTED_EDGE ( 'NONE', *, *, #2119, .T. ) ;
#3604 = EDGE_CURVE ( 'NONE', #85, #1572, #3052, .T. ) ;
#3605 = EDGE_CURVE ( 'NONE', #4233, #1418, #797, .T. ) ;
#3606 = CARTESIAN_POINT ( 'NONE',  ( 1.390286709144999744, 3.861657179913879911, 0.1000000000000000056 ) ) ;
#3607 = VECTOR ( 'NONE', #2974, 1000.000000000000000 ) ;
#3608 = VERTEX_POINT ( 'NONE', #69 ) ;
#3609 = DIRECTION ( 'NONE',  ( 0.000000000000000000, 0.000000000000000000, 1.000000000000000000 ) ) ;
#3610 = ADVANCED_FACE ( 'NONE', ( #2640 ), #6699, .T. ) ;
#3611 = CARTESIAN_POINT ( 'NONE',  ( 2.218759937303210084, 3.723699324217069950, 0.1000000000000000056 ) ) ;
#3612 = CARTESIAN_POINT ( 'NONE',  ( -0.2500000000000000000, -1.678252661663869993, 6.873082493557559403 ) ) ;
#3613 = ORIENTED_EDGE ( 'NONE', *, *, #4808, .F. ) ;
#3614 = ORIENTED_EDGE ( 'NONE', *, *, #5487, .T. ) ;
#3615 = VERTEX_POINT ( 'NONE', #7011 ) ;
#3616 = CARTESIAN_POINT ( 'NONE',  ( -0.6536678370998361132, 3.643102892731029829, 0.1000000000000000056 ) ) ;
#3617 = SURFACE_STYLE_FILL_AREA ( #4730 ) ;
#3618 = CARTESIAN_POINT ( 'NONE',  ( -2.281047728045660250, 4.062959866424269428, 0.000000000000000000 ) ) ;
#3619 = DIRECTION ( 'NONE',  ( 0.000000000000000000, 0.000000000000000000, 1.000000000000000000 ) ) ;
#3620 = CARTESIAN_POINT ( 'NONE',  ( 2.066280202059370019, 3.341773892130110113, 0.000000000000000000 ) ) ;
#3621 = EDGE_CURVE ( 'NONE', #7043, #5340, #5781, .T. ) ;
#3622 = CARTESIAN_POINT ( 'NONE',  ( -2.317867536277709917, 3.844381374173639898, 0.000000000000000000 ) ) ;
#3623 = VERTEX_POINT ( 'NONE', #6888 ) ;
#3624 = STYLED_ITEM ( 'NONE', ( #6673 ), #6979 ) ;
#3625 = ORIENTED_EDGE ( 'NONE', *, *, #1383, .F. ) ;
#3626 = ORIENTED_EDGE ( 'NONE', *, *, #3552, .T. ) ;
#3627 = CARTESIAN_POINT ( 'NONE',  ( 0.02305174979188250040, 3.548710675675319948, 0.000000000000000000 ) ) ;
#3628 = CARTESIAN_POINT ( 'NONE',  ( -0.6674636226695169761, 3.811556695476610024, 0.000000000000000000 ) ) ;
#3629 = PLANE ( 'NONE',  #7842 ) ;
#3630 = LINE ( 'NONE', #4969, #7228 ) ;
#3631 = DIRECTION ( 'NONE',  ( 1.000000000000000000, 0.000000000000000000, 0.000000000000000000 ) ) ;
#3632 = VERTEX_POINT ( 'NONE', #7494 ) ;
#3633 = AXIS2_PLACEMENT_3D ( 'NONE', #4816, #1122, #5342 ) ;
#3634 = DIRECTION ( 'NONE',  ( -1.000000000000000000, 0.000000000000000000, 0.000000000000000000 ) ) ;
#3635 = CARTESIAN_POINT ( 'NONE',  ( 1.545670820298249870, 3.514584258739800404, 0.000000000000000000 ) ) ;
#3636 = CARTESIAN_POINT ( 'NONE',  ( -0.6464068973263199513, 3.815187165363369992, 0.1000000000000000056 ) ) ;
#3637 = CYLINDRICAL_SURFACE ( 'NONE', #2921, 0.1299999999999998934 ) ;
#3638 = CARTESIAN_POINT ( 'NONE',  ( 2.290000000000000036, -2.713815644987700004, -7.214999999999999858 ) ) ;
#3639 = ADVANCED_FACE ( 'NONE', ( #2558 ), #5736, .T. ) ;
#3640 = PRODUCT_DEFINITION_SHAPE ( 'NONE', 'NONE',  #4494 ) ;
#3641 = ORIENTED_EDGE ( 'NONE', *, *, #7145, .T. ) ;
#3642 = ORIENTED_EDGE ( 'NONE', *, *, #6561, .T. ) ;
#3643 = B_SPLINE_CURVE_WITH_KNOTS ( 'NONE', 2,
 ( #263, #953, #2262, #4059 ),
 .UNSPECIFIED., .F., .F.,
 ( 3, 1, 3 ),
 ( -2.000000000000000000, -1.000000000000000000, 0.000000000000000000 ),
 .UNSPECIFIED. ) ;
#3644 = CARTESIAN_POINT ( 'NONE',  ( 0.5894050521261530173, 4.285696062687230246, 0.1000000000000000056 ) ) ;
#3645 = VERTEX_POINT ( 'NONE', #2515 ) ;
#3646 = LINE ( 'NONE', #6059, #1821 ) ;
#3647 = ADVANCED_FACE ( 'NONE', ( #7569 ), #4402, .F. ) ;
#3648 = DIRECTION ( 'NONE',  ( 0.000000000000000000, 0.000000000000000000, 1.000000000000000000 ) ) ;
#3649 = EDGE_CURVE ( 'NONE', #3862, #4678, #7658, .T. ) ;
#3650 = CARTESIAN_POINT ( 'NONE',  ( -0.09167109862967480483, 3.330882482469830208, 0.1000000000000000056 ) ) ;
#3651 = ORIENTED_EDGE ( 'NONE', *, *, #5526, .F. ) ;
#3652 = ORIENTED_EDGE ( 'NONE', *, *, #2058, .T. ) ;
#3653 = ORIENTED_EDGE ( 'NONE', *, *, #5438, .T. ) ;
#3654 = CARTESIAN_POINT ( 'NONE',  ( -0.5541929622026628977, 3.868192025710039950, 0.000000000000000000 ) ) ;
#3655 = EDGE_CURVE ( 'NONE', #2198, #5323, #3353, .T. ) ;
#3656 = CARTESIAN_POINT ( 'NONE',  ( 1.346721070503900108, 3.750564801379079771, 0.000000000000000000 ) ) ;
#3657 = CARTESIAN_POINT ( 'NONE',  ( -0.2500000000000000000, -2.963206657552649670, -7.197560881563960677 ) ) ;
#3658 = B_SPLINE_CURVE_WITH_KNOTS ( 'NONE', 2,
 ( #5058, #6899, #7388, #4977 ),
 .UNSPECIFIED., .F., .F.,
 ( 3, 1, 3 ),
 ( -2.000000000000000000, -1.000000000000000000, 0.000000000000000000 ),
 .UNSPECIFIED. ) ;
#3659 = CARTESIAN_POINT ( 'NONE',  ( -0.5382188947009269864, 3.957501584924290050, 0.1000000000000000056 ) ) ;
#3660 = EDGE_CURVE ( 'NONE', #5840, #7203, #631, .T. ) ;
#3661 = FACE_OUTER_BOUND ( 'NONE', #2657, .T. ) ;
#3662 = ORIENTED_EDGE ( 'NONE', *, *, #4200, .F. ) ;
#3663 = ORIENTED_EDGE ( 'NONE', *, *, #2900, .T. ) ;
#3664 = VERTEX_POINT ( 'NONE', #7614 ) ;
#3665 = EDGE_CURVE ( 'NONE', #490, #7641, #6869, .T. ) ;
#3666 = DIRECTION ( 'NONE',  ( 0.000000000000000000, 0.000000000000000000, -1.000000000000000000 ) ) ;
#3667 = CARTESIAN_POINT ( 'NONE',  ( 0.9190517178437930257, 3.741851673650860022, 0.000000000000000000 ) ) ;
#3668 = VECTOR ( 'NONE', #250, 1000.000000000000000 ) ;
#3669 = FACE_OUTER_BOUND ( 'NONE', #7696, .T. ) ;
#3670 = CARTESIAN_POINT ( 'NONE',  ( 4.007005230844689514, -3.000000000000000000, -5.967994769155310131 ) ) ;
#3671 = CARTESIAN_POINT ( 'NONE',  ( 1.242163537765269998, 3.899414066736159867, 0.1000000000000000056 ) ) ;
#3672 = ORIENTED_EDGE ( 'NONE', *, *, #2244, .F. ) ;
#3673 = VECTOR ( 'NONE', #3864, 1000.000000000000114 ) ;
#3674 = CARTESIAN_POINT ( 'NONE',  ( 1.366325607892399985, 3.366461087360060223, 0.000000000000000000 ) ) ;
#3675 = SURFACE_SIDE_STYLE ('',( #2481 ) ) ;
#3676 = DIRECTION ( 'NONE',  ( 1.000000000000000000, 0.000000000000000000, 0.000000000000000000 ) ) ;
#3677 = VECTOR ( 'NONE', #5334, 1000.000000000000000 ) ;
#3678 = CARTESIAN_POINT ( 'NONE',  ( 1.368503889824450148, 3.871822495596799918, 0.000000000000000000 ) ) ;
#3679 = DIRECTION ( 'NONE',  ( -1.000000000000000000, 0.000000000000000000, 0.000000000000000000 ) ) ;
#3680 = ORIENTED_EDGE ( 'NONE', *, *, #2219, .T. ) ;
#3681 = VERTEX_POINT ( 'NONE', #6969 ) ;
#3682 = CIRCLE ( 'NONE', #1327, 0.4999999999999995559 ) ;
#3683 = LINE ( 'NONE', #1101, #6942 ) ;
#3684 = DIRECTION ( 'NONE',  ( -1.000000000000000000, 0.000000000000000000, 0.000000000000000000 ) ) ;
#3685 = CARTESIAN_POINT ( 'NONE',  ( 1.465074388812219963, 3.995984565723929460, 0.1000000000000000056 ) ) ;
#3686 = VECTOR ( 'NONE', #3609, 1000.000000000000000 ) ;
#3687 = DIRECTION ( 'NONE',  ( 0.000000000000000000, 0.000000000000000000, 1.000000000000000000 ) ) ;
#3688 = CARTESIAN_POINT ( 'NONE',  ( 0.07170004627444169498, 3.330882482469830208, 0.000000000000000000 ) ) ;
#3689 = ORIENTED_EDGE ( 'NONE', *, *, #7164, .T. ) ;
#3690 = ORIENTED_EDGE ( 'NONE', *, *, #5540, .F. ) ;
#3691 = EDGE_LOOP ( 'NONE', ( #5566, #2731, #5697, #7465 ) ) ;
#3692 =( NAMED_UNIT ( * ) PLANE_ANGLE_UNIT ( ) SI_UNIT ( $, .RADIAN. ) );
#3693 = EDGE_CURVE ( 'NONE', #790, #1427, #1913, .T. ) ;
#3694 = AXIS2_PLACEMENT_3D ( 'NONE', #6707, #8008, #1763 ) ;
#3695 = LINE ( 'NONE', #4880, #217 ) ;
#3696 = CARTESIAN_POINT ( 'NONE',  ( -2.290000000000000036, -1.221999999999999975, -6.074999999999999289 ) ) ;
#3697 = CARTESIAN_POINT ( 'NONE',  ( 0.2176449357221190151, 3.349760925880980178, 0.1000000000000000056 ) ) ;
#3698 = DIRECTION ( 'NONE',  ( 0.000000000000000000, 0.000000000000000000, 1.000000000000000000 ) ) ;
#3699 = CARTESIAN_POINT ( 'NONE',  ( -0.3842869715023810029, 3.749838707401719873, 0.000000000000000000 ) ) ;
#3700 = VERTEX_POINT ( 'NONE', #1985 ) ;
#3701 = ORIENTED_EDGE ( 'NONE', *, *, #7201, .F. ) ;
#3702 = ORIENTED_EDGE ( 'NONE', *, *, #1000, .T. ) ;
#3703 = DIRECTION ( 'NONE',  ( -1.000000000000000000, 0.000000000000000000, 0.000000000000000000 ) ) ;
#3704 = EDGE_CURVE ( 'NONE', #7170, #5233, #2598, .T. ) ;
#3705 = DIRECTION ( 'NONE',  ( 1.000000000000000000, 0.000000000000000000, 0.000000000000000000 ) ) ;
#3706 = DIRECTION ( 'NONE',  ( 0.000000000000000000, 0.000000000000000000, 1.000000000000000000 ) ) ;
#3707 = VECTOR ( 'NONE', #7496, 1000.000000000000000 ) ;
#3708 = B_SPLINE_SURFACE_WITH_KNOTS ( 'NONE', 2, 1, ( 
 ( #1837, #1800 ),
 ( #1261, #3765 ),
 ( #648, #3151 ),
 ( #249, #4581 ) ),
 .UNSPECIFIED., .F., .F., .F.,
 ( 3, 1, 3 ),
 ( 2, 2 ),
 ( -2.000000000000000000, -1.000000000000000000, 0.000000000000000000 ),
 ( 0.000000000000000000, 0.01000000000000000021 ),
 .UNSPECIFIED. ) ;
#3709 = CARTESIAN_POINT ( 'NONE',  ( 2.183907426390330198, 3.561780367267649794, 0.000000000000000000 ) ) ;
#3710 = LINE ( 'NONE', #4285, #5667 ) ;
#3711 = ADVANCED_FACE ( 'NONE', ( #3746 ), #4528, .F. ) ;
#3712 = ORIENTED_EDGE ( 'NONE', *, *, #5998, .T. ) ;
#3713 = VECTOR ( 'NONE', #3687, 1000.000000000000000 ) ;
#3714 = DIRECTION ( 'NONE',  ( 1.000000000000000000, 0.000000000000000000, 0.000000000000000000 ) ) ;
#3715 = DIRECTION ( 'NONE',  ( 0.000000000000000000, -2.163431095459105148E-15, -1.000000000000000000 ) ) ;
#3716 = CARTESIAN_POINT ( 'NONE',  ( -2.790000000000000036, -3.250000000000039968, -7.714999999999999858 ) ) ;
#3717 = CIRCLE ( 'NONE', #5802, 0.05250000000000036582 ) ;
#3718 = CARTESIAN_POINT ( 'NONE',  ( 1.963174857275439722, 3.484088311691030171, 0.000000000000000000 ) ) ;
#3719 = CARTESIAN_POINT ( 'NONE',  ( -0.4946532560598290162, 3.672872745802449934, 0.1000000000000000056 ) ) ;
#3720 = ADVANCED_FACE ( 'NONE', ( #757 ), #3254, .T. ) ;
#3721 = VERTEX_POINT ( 'NONE', #353 ) ;
#3722 = ORIENTED_EDGE ( 'NONE', *, *, #6195, .T. ) ;
#3723 = AXIS2_PLACEMENT_3D ( 'NONE', #6860, #6129, #4978 ) ;
#3724 = B_SPLINE_CURVE_WITH_KNOTS ( 'NONE', 2,
 ( #6436, #113, #5176, #845 ),
 .UNSPECIFIED., .F., .F.,
 ( 3, 1, 3 ),
 ( -2.000000000000000000, -1.000000000000000000, 0.000000000000000000 ),
 .UNSPECIFIED. ) ;
#3725 = DIRECTION ( 'NONE',  ( -1.000000000000000000, 4.959449760758319800E-14, 0.000000000000000000 ) ) ;
#3726 = CARTESIAN_POINT ( 'NONE',  ( -2.290000000000000036, -1.721999999999999975, -6.375000000000000000 ) ) ;
#3727 = DIRECTION ( 'NONE',  ( 0.000000000000000000, 1.000000000000000000, 0.000000000000000000 ) ) ;
#3728 = VECTOR ( 'NONE', #7408, 1000.000000000000000 ) ;
#3729 = PLANE ( 'NONE',  #3061 ) ;
#3730 = CARTESIAN_POINT ( 'NONE',  ( 2.290000000000000036, -1.221999999999999975, -6.375000000000000000 ) ) ;
#3731 = VERTEX_POINT ( 'NONE', #921 ) ;
#3732 = ORIENTED_EDGE ( 'NONE', *, *, #6588, .T. ) ;
#3733 = ORIENTED_EDGE ( 'NONE', *, *, #5625, .T. ) ;
#3734 = AXIS2_PLACEMENT_3D ( 'NONE', #3995, #4657, #931 ) ;
#3735 = DIRECTION ( 'NONE',  ( 0.000000000000000000, 0.06975647374412541346, 0.9975640502598241977 ) ) ;
#3736 = CARTESIAN_POINT ( 'NONE',  ( 1.755511979752869989, 3.774525902631679752, 0.000000000000000000 ) ) ;
#3737 = CARTESIAN_POINT ( 'NONE',  ( 0.7999723055581260400, 4.285696062687230246, 0.1000000000000000056 ) ) ;
#3738 = CARTESIAN_POINT ( 'NONE',  ( -0.5774279694779149708, 3.846409206389489910, 0.000000000000000000 ) ) ;
#3739 = CARTESIAN_POINT ( 'NONE',  ( 4.302110744186579794, 0.2000000000000000111, 5.877110744186579971 ) ) ;
#3740 = ORIENTED_EDGE ( 'NONE', *, *, #6150, .T. ) ;
#3741 = EDGE_CURVE ( 'NONE', #5863, #5233, #2725, .T. ) ;
#3742 = VECTOR ( 'NONE', #4567, 1000.000000000000000 ) ;
#3743 = EDGE_LOOP ( 'NONE', ( #3405, #989, #6940, #1432, #1235, #2234, #3626, #2719 ) ) ;
#3744 = ORIENTED_EDGE ( 'NONE', *, *, #3259, .T. ) ;
#3745 = CARTESIAN_POINT ( 'NONE',  ( 1.021430968650369975, 3.509501600898329965, 0.000000000000000000 ) ) ;
#3746 = FACE_OUTER_BOUND ( 'NONE', #4826, .T. ) ;
#3747 = DIRECTION ( 'NONE',  ( -0.000000000000000000, 1.000000000000000000, 0.000000000000000000 ) ) ;
#3748 = CARTESIAN_POINT ( 'NONE',  ( -2.790000000000000036, -1.221999999999999975, 6.074999999999999289 ) ) ;
#3749 = CARTESIAN_POINT ( 'NONE',  ( 1.276289954700789986, 3.899414066736159867, 0.1000000000000000056 ) ) ;
#3750 = VERTEX_POINT ( 'NONE', #7700 ) ;
#3751 = EDGE_CURVE ( 'NONE', #7499, #643, #3289, .T. ) ;
#3752 = ADVANCED_FACE ( 'NONE', ( #5956 ), #1441, .T. ) ;
#3753 = AXIS2_PLACEMENT_3D ( 'NONE', #1091, #5539, #2440 ) ;
#3754 = DIRECTION ( 'NONE',  ( 0.9498783766211779112, 0.3126196884834920309, 0.000000000000000000 ) ) ;
#3755 = EDGE_CURVE ( 'NONE', #6246, #1887, #2845, .T. ) ;
#3756 = CARTESIAN_POINT ( 'NONE',  ( 2.290000000000000036, -1.471999999999999975, -6.375000000000000000 ) ) ;
#3757 = DIRECTION ( 'NONE',  ( 0.000000000000000000, 0.000000000000000000, 1.000000000000000000 ) ) ;
#3758 = AXIS2_PLACEMENT_3D ( 'NONE', #4066, #2309, #5407 ) ;
#3759 = LINE ( 'NONE', #5584, #1340 ) ;
#3760 = DIRECTION ( 'NONE',  ( 0.000000000000000000, 0.000000000000000000, -1.000000000000000000 ) ) ;
#3761 = ORIENTED_EDGE ( 'NONE', *, *, #1093, .T. ) ;
#3762 = ORIENTED_EDGE ( 'NONE', *, *, #1143, .T. ) ;
#3763 = EDGE_CURVE ( 'NONE', #7411, #2065, #1377, .T. ) ;
#3764 = DIRECTION ( 'NONE',  ( 0.000000000000000000, 1.000000000000000000, 0.000000000000000000 ) ) ;
#3765 = CARTESIAN_POINT ( 'NONE',  ( 1.107110057977859885, 3.611880851704910356, 0.1000000000000000056 ) ) ;
#3766 = LINE ( 'NONE', #5759, #17 ) ;
#3767 = FACE_OUTER_BOUND ( 'NONE', #710, .T. ) ;
#3768 = DIRECTION ( 'NONE',  ( 0.000000000000000000, 1.000000000000000000, 0.000000000000000000 ) ) ;
#3769 = VERTEX_POINT ( 'NONE', #5868 ) ;
#3770 = ORIENTED_EDGE ( 'NONE', *, *, #4707, .T. ) ;
#3771 = ORIENTED_EDGE ( 'NONE', *, *, #5248, .F. ) ;
#3772 =( NAMED_UNIT ( * ) PLANE_ANGLE_UNIT ( ) SI_UNIT ( $, .RADIAN. ) );
#3773 = CARTESIAN_POINT ( 'NONE',  ( 3.877183391326589845, -2.876803674311580572, -6.001377359100669828 ) ) ;
#3774 = CARTESIAN_POINT ( 'NONE',  ( -2.790000000000000036, -1.678252661663869993, 6.873082493557559403 ) ) ;
#3775 = LINE ( 'NONE', #6184, #7486 ) ;
#3776 = CARTESIAN_POINT ( 'NONE',  ( 0.2500000000000000000, -1.221999999999999975, -6.375000000000000000 ) ) ;
#3777 = LINE ( 'NONE', #5452, #2293 ) ;
#3778 = ORIENTED_EDGE ( 'NONE', *, *, #7470, .F. ) ;
#3779 =( BOUNDED_CURVE ( )  B_SPLINE_CURVE ( 3, ( #4584, #6051, #4790, #1058 ),
 .UNSPECIFIED., .F., .T. ) 
 B_SPLINE_CURVE_WITH_KNOTS ( ( 4, 4 ),
 ( 5.471607205002235297, 6.230825429619753386 ),
 .UNSPECIFIED. ) 
 CURVE ( )  GEOMETRIC_REPRESENTATION_ITEM ( )  RATIONAL_B_SPLINE_CURVE ( ( 1.000000000000000000, 0.9525397019146180089, 0.9525397019146180089, 1.000000000000000000 ) ) 
 REPRESENTATION_ITEM ( '' )  );
#3780 = VERTEX_POINT ( 'NONE', #2107 ) ;
#3781 = ORIENTED_EDGE ( 'NONE', *, *, #1288, .F. ) ;
#3782 = CARTESIAN_POINT ( 'NONE',  ( 0.2176449357221190151, 3.546532393743270006, 0.000000000000000000 ) ) ;
#3783 = DIRECTION ( 'NONE',  ( -1.000000000000000000, 0.000000000000000000, 0.000000000000000000 ) ) ;
#3784 = CARTESIAN_POINT ( 'NONE',  ( 1.243615725719970033, 3.773799808654329624, 0.000000000000000000 ) ) ;
#3785 = LINE ( 'NONE', #5010, #3707 ) ;
#3786 = LINE ( 'NONE', #4241, #3593 ) ;
#3787 = ORIENTED_EDGE ( 'NONE', *, *, #7199, .F. ) ;
#3788 = CIRCLE ( 'NONE', #1293, 0.05250000000000036582 ) ;
#3789 = CARTESIAN_POINT ( 'NONE',  ( -4.369583075044079834, -3.000000000000009770, -5.994920913255504580 ) ) ;
#3790 = DIRECTION ( 'NONE',  ( 1.000000000000000000, 0.000000000000000000, 0.000000000000000000 ) ) ;
#3791 = CARTESIAN_POINT ( 'NONE',  ( 1.749703227934059857, 3.331608576447190107, 0.000000000000000000 ) ) ;
#3792 = LINE ( 'NONE', #8040, #565 ) ;
#3793 = AXIS2_PLACEMENT_3D ( 'NONE', #2177, #6538, #4711 ) ;
#3794 = DIRECTION ( 'NONE',  ( 0.7071067811865495711, 0.7071067811865454633, 0.000000000000000000 ) ) ;
#3795 = EDGE_CURVE ( 'NONE', #348, #7831, #3943, .T. ) ;
#3796 = ORIENTED_EDGE ( 'NONE', *, *, #793, .F. ) ;
#3797 = ORIENTED_EDGE ( 'NONE', *, *, #5346, .T. ) ;
#3798 = CIRCLE ( 'NONE', #798, 0.05250000000000001193 ) ;
#3799 = ADVANCED_FACE ( 'NONE', ( #4693 ), #2229, .T. ) ;
#3800 = CIRCLE ( 'NONE', #4460, 0.4999999999999995559 ) ;
#3801 = CARTESIAN_POINT ( 'NONE',  ( 4.007005230844689514, -3.000000000000000000, -5.678444480417419449 ) ) ;
#3802 = VERTEX_POINT ( 'NONE', #5827 ) ;
#3803 = CARTESIAN_POINT ( 'NONE',  ( 4.296555519582589966, -3.000000000000000000, 5.994920913255509021 ) ) ;
#3804 = CARTESIAN_POINT ( 'NONE',  ( -4.302110744186579794, 0.06999999999999999278, -0.03202115314193899887 ) ) ;
#3805 = DIRECTION ( 'NONE',  ( 0.000000000000000000, 0.9975640502598241977, -0.06975647374412621837 ) ) ;
#3806 = EDGE_CURVE ( 'NONE', #94, #7778, #370, .T. ) ;
#3807 = ORIENTED_EDGE ( 'NONE', *, *, #7894, .T. ) ;
#3808 = ORIENTED_EDGE ( 'NONE', *, *, #4836, .T. ) ;
#3809 = AXIS2_PLACEMENT_3D ( 'NONE', #5238, #1644, #2139 ) ;
#3810 = ORIENTED_EDGE ( 'NONE', *, *, #4919, .F. ) ;
#3811 = CARTESIAN_POINT ( 'NONE',  ( -1.410436258902270090, 3.737185443644290395, 0.000000000000000000 ) ) ;
#3812 = VECTOR ( 'NONE', #4340, 1000.000000000000000 ) ;
#3813 = CARTESIAN_POINT ( 'NONE',  ( 2.218759937303210084, 3.647459456595139926, 0.000000000000000000 ) ) ;
#3814 = LINE ( 'NONE', #7003, #679 ) ;
#3815 = DIRECTION ( 'NONE',  ( 0.7257516997857471619, -0.6879567357458599153, 0.000000000000000000 ) ) ;
#3816 = LINE ( 'NONE', #6303, #7500 ) ;
#3817 = ADVANCED_FACE ( 'NONE', ( #1576 ), #882, .T. ) ;
#3818 = VERTEX_POINT ( 'NONE', #3463 ) ;
#3819 = ORIENTED_EDGE ( 'NONE', *, *, #714, .F. ) ;
#3820 = VERTEX_POINT ( 'NONE', #2763 ) ;
#3821 = AXIS2_PLACEMENT_3D ( 'NONE', #6344, #1354, #5039 ) ;
#3822 = CYLINDRICAL_SURFACE ( 'NONE', #3512, 0.4999999999999995559 ) ;
#3823 = CARTESIAN_POINT ( 'NONE',  ( -2.059709573002050043, 3.258003616276710090, 0.000000000000000000 ) ) ;
#3824 = CARTESIAN_POINT ( 'NONE',  ( -0.2500000000000000000, -2.735689314155739904, -6.965958753221239697 ) ) ;
#3825 = FACE_OUTER_BOUND ( 'NONE', #5488, .T. ) ;
#3826 = CARTESIAN_POINT ( 'NONE',  ( 3.845906236087960117, -2.279999999999999805, 0.000000000000000000 ) ) ;
#3827 = EDGE_LOOP ( 'NONE', ( #2796, #6901, #2184, #378 ) ) ;
#3828 = DIRECTION ( 'NONE',  ( -0.7321804635358735158, 0.6811106876392364340, 0.000000000000000000 ) ) ;
#3829 = AXIS2_PLACEMENT_3D ( 'NONE', #2483, #6819, #4335 ) ;
#3830 = CARTESIAN_POINT ( 'NONE',  ( -3.877183391326589845, -2.876803674311580572, -5.678444480417419449 ) ) ;
#3831 =( NAMED_UNIT ( * ) SI_UNIT ( $, .STERADIAN. ) SOLID_ANGLE_UNIT ( ) );
#3832 = DIRECTION ( 'NONE',  ( 0.000000000000000000, 0.000000000000000000, 1.000000000000000000 ) ) ;
#3833 = CARTESIAN_POINT ( 'NONE',  ( -2.337484185486769839, 4.115459866424270530, 0.000000000000000000 ) ) ;
#3834 = AXIS2_PLACEMENT_3D ( 'NONE', #1263, #650, #6908 ) ;
#3835 = ORIENTED_EDGE ( 'NONE', *, *, #5957, .F. ) ;
#3836 = EDGE_CURVE ( 'NONE', #2668, #409, #6600, .T. ) ;
#3837 = ORIENTED_EDGE ( 'NONE', *, *, #2857, .F. ) ;
#3838 = DIRECTION ( 'NONE',  ( 1.000000000000000000, 0.000000000000000000, 0.000000000000000000 ) ) ;
#3839 = AXIS2_PLACEMENT_3D ( 'NONE', #3245, #135, #3815 ) ;
#3840 = CARTESIAN_POINT ( 'NONE',  ( -1.558624907085859990, 3.394807403769890097, 0.1000000000000000056 ) ) ;
#3841 = CARTESIAN_POINT ( 'NONE',  ( -0.2042156651191769923, 3.457948928506370034, 0.000000000000000000 ) ) ;
#3842 = CARTESIAN_POINT ( 'NONE',  ( 2.290000000000000036, -1.471999999999999975, -6.375000000000000000 ) ) ;
#3843 = CYLINDRICAL_SURFACE ( 'NONE', #7353, 0.1300000000000001710 ) ;
#3844 = CARTESIAN_POINT ( 'NONE',  ( -0.2500000000000000000, -2.963206657552649670, -7.197560881563970447 ) ) ;
#3845 = VERTEX_POINT ( 'NONE', #7861 ) ;
#3846 = ADVANCED_FACE ( 'NONE', ( #4606 ), #961, .F. ) ;
#3847 = CIRCLE ( 'NONE', #6450, 0.4999999999999995559 ) ;
#3848 = ORIENTED_EDGE ( 'NONE', *, *, #2654, .T. ) ;
#3849 = EDGE_CURVE ( 'NONE', #896, #2713, #3504, .T. ) ;
#3850 = VERTEX_POINT ( 'NONE', #4768 ) ;
#3851 = APPLICATION_PROTOCOL_DEFINITION ( 'draft international standard', 'automotive_design', 1998, #5635 ) ;
#3852 = CARTESIAN_POINT ( 'NONE',  ( 3.979929681736380065, -2.997149182618229712, -5.995070318263630682 ) ) ;
#3853 =( GEOMETRIC_REPRESENTATION_CONTEXT ( 3 ) GLOBAL_UNCERTAINTY_ASSIGNED_CONTEXT ( ( #2651 ) ) GLOBAL_UNIT_ASSIGNED_CONTEXT ( ( #5767, #97, #2286 ) ) REPRESENTATION_CONTEXT ( 'NONE', 'WORKASPACE' ) );
#3854 = ADVANCED_FACE ( 'NONE', ( #231 ), #4366, .T. ) ;
#3855 = DIRECTION ( 'NONE',  ( 0.000000000000000000, 0.06975647374412621837, -0.9975640502598241977 ) ) ;
#3856 = VECTOR ( 'NONE', #2076, 1000.000000000000000 ) ;
#3857 = FACE_OUTER_BOUND ( 'NONE', #6075, .T. ) ;
#3858 = CARTESIAN_POINT ( 'NONE',  ( 0.007803776267498349975, 3.638020234889570048, 0.1000000000000000056 ) ) ;
#3859 = CARTESIAN_POINT ( 'NONE',  ( 1.409165152556139944, 3.398409222363539595, 0.000000000000000000 ) ) ;
#3860 = ORIENTED_EDGE ( 'NONE', *, *, #7062, .T. ) ;
#3861 = ORIENTED_EDGE ( 'NONE', *, *, #1355, .F. ) ;
#3862 = VERTEX_POINT ( 'NONE', #3081 ) ;
#3863 = AXIS2_PLACEMENT_3D ( 'NONE', #5068, #3805, #778 ) ;
#3864 = DIRECTION ( 'NONE',  ( 0.000000000000000000, -0.06975647374412541346, -0.9975640502598241977 ) ) ;
#3865 = DIRECTION ( 'NONE',  ( 1.000000000000000000, 0.000000000000000000, 0.000000000000000000 ) ) ;
#3866 = DIRECTION ( 'NONE',  ( 1.000000000000000000, 0.000000000000000000, 0.000000000000000000 ) ) ;
#3867 = EDGE_CURVE ( 'NONE', #2102, #5982, #3000, .T. ) ;
#3868 = CARTESIAN_POINT ( 'NONE',  ( 1.166649764120700095, 3.331608576447190107, 0.000000000000000000 ) ) ;
#3869 = VECTOR ( 'NONE', #6806, 1000.000000000000114 ) ;
#3870 = CARTESIAN_POINT ( 'NONE',  ( 1.133249441162520021, 3.868192025710039950, 0.1000000000000000056 ) ) ;
#3871 = LINE ( 'NONE', #762, #6078 ) ;
#3872 = VERTEX_POINT ( 'NONE', #465 ) ;
#3873 = CARTESIAN_POINT ( 'NONE',  ( -2.711193422726100088, 3.627939937238269685, 0.1000000000000000056 ) ) ;
#3874 = PRESENTATION_STYLE_ASSIGNMENT (( #157 ) ) ;
#3875 = DIRECTION ( 'NONE',  ( 0.000000000000000000, 0.000000000000000000, 1.000000000000000000 ) ) ;
#3876 = CARTESIAN_POINT ( 'NONE',  ( 4.431932583704670137, 0.07680367431158299785, 6.006932583704670314 ) ) ;
#3877 = PRESENTATION_LAYER_ASSIGNMENT (  '', '', ( #3624 ) ) ;
#3878 = ORIENTED_EDGE ( 'NONE', *, *, #5492, .T. ) ;
#3879 = CARTESIAN_POINT ( 'NONE',  ( 1.465074388812219963, 3.995984565723929460, 0.1000000000000000056 ) ) ;
#3880 = CARTESIAN_POINT ( 'NONE',  ( 0.2500000000000000000, -1.221999999999999975, 6.375000000000000000 ) ) ;
#3881 = EDGE_CURVE ( 'NONE', #1843, #7032, #3695, .T. ) ;
#3882 = LINE ( 'NONE', #1421, #7342 ) ;
#3883 = DIRECTION ( 'NONE',  ( -1.000000000000000000, 0.000000000000000000, 0.000000000000000000 ) ) ;
#3884 = DIRECTION ( 'NONE',  ( 0.000000000000000000, 0.000000000000000000, 1.000000000000000000 ) ) ;
#3885 = DIRECTION ( 'NONE',  ( 0.000000000000000000, 4.440892098500630895E-15, 1.000000000000000000 ) ) ;
#3886 = ORIENTED_EDGE ( 'NONE', *, *, #7839, .F. ) ;
#3887 = ORIENTED_EDGE ( 'NONE', *, *, #3573, .F. ) ;
#3888 = VECTOR ( 'NONE', #7222, 1000.000000000000000 ) ;
#3889 = ORIENTED_EDGE ( 'NONE', *, *, #6656, .F. ) ;
#3890 = DIRECTION ( 'NONE',  ( 1.000000000000000000, 0.000000000000000000, 0.000000000000000000 ) ) ;
#3891 = CARTESIAN_POINT ( 'NONE',  ( 0.9989220553524719159, 3.645281174663089985, 0.000000000000000000 ) ) ;
#3892 = EDGE_CURVE ( 'NONE', #1028, #4572, #4313, .T. ) ;
#3893 = EDGE_CURVE ( 'NONE', #4562, #104, #6181, .T. ) ;
#3894 = ORIENTED_EDGE ( 'NONE', *, *, #7588, .T. ) ;
#3895 = CARTESIAN_POINT ( 'NONE',  ( -4.296555519582589966, -3.000000000000000000, -5.994920913255509021 ) ) ;
#3896 = FILL_AREA_STYLE_COLOUR ( '', #7879 ) ;
#3897 = DIRECTION ( 'NONE',  ( 0.000000000000000000, -0.06975647374412639878, -0.9975640502598241977 ) ) ;
#3898 = ORIENTED_EDGE ( 'NONE', *, *, #2403, .F. ) ;
#3899 = ORIENTED_EDGE ( 'NONE', *, *, #5532, .F. ) ;
#3900 = EDGE_CURVE ( 'NONE', #1196, #6631, #2965, .T. ) ;
#3901 = VERTEX_POINT ( 'NONE', #1774 ) ;
#3902 = CARTESIAN_POINT ( 'NONE',  ( -2.337484185486769839, 4.115459866424270530, 0.1000000000000000056 ) ) ;
#3903 = DIRECTION ( 'NONE',  ( 0.6883545756937508031, 0.7253743710122905197, 0.000000000000000000 ) ) ;
#3904 = CARTESIAN_POINT ( 'NONE',  ( -2.783957106781048019, 4.028629893398345985, 0.000000000000000000 ) ) ;
#3905 = CARTESIAN_POINT ( 'NONE',  ( 1.243615725719970033, 3.773799808654329624, 0.1000000000000000056 ) ) ;
#3906 = EDGE_CURVE ( 'NONE', #4348, #2135, #4271, .T. ) ;
#3907 = CARTESIAN_POINT ( 'NONE',  ( 2.540000000000000036, -1.678252661663869993, 6.873082493557559403 ) ) ;
#3908 = CARTESIAN_POINT ( 'NONE',  ( -0.6464068973263199513, 3.815187165363369992, 0.1000000000000000056 ) ) ;
#3909 = DIRECTION ( 'NONE',  ( 0.000000000000000000, -0.05233595624294658938, -0.9986295347545738332 ) ) ;
#3910 = VERTEX_POINT ( 'NONE', #538 ) ;
#3911 = ADVANCED_FACE ( 'NONE', ( #2310 ), #1188, .T. ) ;
#3912 = CARTESIAN_POINT ( 'NONE',  ( 3.899999999999999911, -1.472000000000019959, -6.074999999999999289 ) ) ;
#3913 = CARTESIAN_POINT ( 'NONE',  ( -2.290000000000000036, -2.713815644987700004, -7.214999999999999858 ) ) ;
#3914 = DIRECTION ( 'NONE',  ( -1.000000000000000000, 0.000000000000000000, 0.000000000000000000 ) ) ;
#3915 = CARTESIAN_POINT ( 'NONE',  ( -2.790000000000000036, -1.471999999999999975, 6.074999999999999289 ) ) ;
#3916 = EDGE_CURVE ( 'NONE', #6670, #1387, #4691, .T. ) ;
#3917 = ORIENTED_EDGE ( 'NONE', *, *, #2708, .T. ) ;
#3918 = DIRECTION ( 'NONE',  ( 0.7071067811865495711, 0.7071067811865454633, 0.000000000000000000 ) ) ;
#3919 = CARTESIAN_POINT ( 'NONE',  ( 2.790000000000000036, -3.000608987435080088, 7.732439118436030157 ) ) ;
#3920 = LINE ( 'NONE', #3231, #2388 ) ;
#3921 = CARTESIAN_POINT ( 'NONE',  ( -0.5280535790180039823, 3.659076960232769959, 0.000000000000000000 ) ) ;
#3922 = CARTESIAN_POINT ( 'NONE',  ( 0.9873045517148459904, 3.524749574422719967, 0.1000000000000000056 ) ) ;
#3923 = CARTESIAN_POINT ( 'NONE',  ( -3.933977675383216965, -2.999999999999973799, -5.994920913255502803 ) ) ;
#3924 = EDGE_LOOP ( 'NONE', ( #8023, #486, #4049, #2077 ) ) ;
#3925 = VERTEX_POINT ( 'NONE', #4838 ) ;
#3926 = ORIENTED_EDGE ( 'NONE', *, *, #452, .F. ) ;
#3927 = MECHANICAL_DESIGN_GEOMETRIC_PRESENTATION_REPRESENTATION (  '', ( #1444 ), #4727 ) ;
#3928 = DIRECTION ( 'NONE',  ( -1.000000000000000000, 0.000000000000000000, 0.000000000000000000 ) ) ;
#3929 = LINE ( 'NONE', #7304, #7768 ) ;
#3930 = FACE_BOUND ( 'NONE', #3157, .T. ) ;
#3931 = ORIENTED_EDGE ( 'NONE', *, *, #315, .T. ) ;
#3932 = PLANE ( 'NONE',  #3821 ) ;
#3933 = CARTESIAN_POINT ( 'NONE',  ( -4.500000000000000000, 0.2000000000000000111, 6.010957693716120431 ) ) ;
#3934 = AXIS2_PLACEMENT_3D ( 'NONE', #7647, #2059, #1431 ) ;
#3935 = DIRECTION ( 'NONE',  ( 0.000000000000000000, 0.000000000000000000, 1.000000000000000000 ) ) ;
#3936 = ORIENTED_EDGE ( 'NONE', *, *, #6993, .T. ) ;
#3937 = ORIENTED_EDGE ( 'NONE', *, *, #5688, .F. ) ;
#3938 = ORIENTED_EDGE ( 'NONE', *, *, #2162, .T. ) ;
#3939 = EDGE_CURVE ( 'NONE', #6902, #545, #7940, .T. ) ;
#3940 = FILL_AREA_STYLE_COLOUR ( '', #6929 ) ;
#3941 = LINE ( 'NONE', #2070, #2063 ) ;
#3942 = VECTOR ( 'NONE', #6451, 1000.000000000000000 ) ;
#3943 = LINE ( 'NONE', #2192, #5968 ) ;
#3944 = DIRECTION ( 'NONE',  ( 0.000000000000000000, 0.000000000000000000, -1.000000000000000000 ) ) ;
#3945 = CARTESIAN_POINT ( 'NONE',  ( -4.426377359100680309, -2.876803674311580572, 6.001377359100669828 ) ) ;
#3946 = ADVANCED_FACE ( 'NONE', ( #5520 ), #426, .T. ) ;
#3947 = CARTESIAN_POINT ( 'NONE',  ( 4.302110744186579794, 0.06999999999999999278, -0.03202115314193899887 ) ) ;
#3948 = CARTESIAN_POINT ( 'NONE',  ( 2.790000000000000036, -1.221999999999999975, 6.375000000000000000 ) ) ;
#3949 = ORIENTED_EDGE ( 'NONE', *, *, #2503, .T. ) ;
#3950 = EDGE_CURVE ( 'NONE', #2970, #5548, #5552, .T. ) ;
#3951 = EDGE_CURVE ( 'NONE', #6911, #2460, #4185, .T. ) ;
#3952 = DIRECTION ( 'NONE',  ( -1.000000000000000000, 0.000000000000000000, 0.000000000000000000 ) ) ;
#3953 = SURFACE_STYLE_FILL_AREA ( #5179 ) ;
#3954 =( LENGTH_UNIT ( ) NAMED_UNIT ( * ) SI_UNIT ( .MILLI., .METRE. ) );
#3955 = ADVANCED_FACE ( 'NONE', ( #7975 ), #8016, .F. ) ;
#3956 = DIRECTION ( 'NONE',  ( -0.7071067811865475727, -0.7071067811865475727, 0.000000000000000000 ) ) ;
#3957 = CARTESIAN_POINT ( 'NONE',  ( 1.465074388812219963, 3.824626387068939870, 0.000000000000000000 ) ) ;
#3958 = VERTEX_POINT ( 'NONE', #6108 ) ;
#3959 = DIRECTION ( 'NONE',  ( -0.7321804635358735158, 0.6811106876392364340, 0.000000000000000000 ) ) ;
#3960 = ADVANCED_FACE ( 'NONE', ( #503 ), #4920, .F. ) ;
#3961 = DIRECTION ( 'NONE',  ( 1.000000000000000000, 0.000000000000000000, 0.000000000000000000 ) ) ;
#3962 = CIRCLE ( 'NONE', #4104, 0.2500000000000002220 ) ;
#3963 = CARTESIAN_POINT ( 'NONE',  ( -4.500000000000000000, -1.471999999999999975, -6.074999999999999289 ) ) ;
#3964 = PLANE ( 'NONE',  #3793 ) ;
#3965 = CARTESIAN_POINT ( 'NONE',  ( -2.540000000000000036, -1.721999999999999975, 6.375000000000000000 ) ) ;
#3966 = CARTESIAN_POINT ( 'NONE',  ( -4.007005230844689514, -3.000000000000000000, -5.678444480417419449 ) ) ;
#3967 = ORIENTED_EDGE ( 'NONE', *, *, #1659, .F. ) ;
#3968 = ORIENTED_EDGE ( 'NONE', *, *, #2902, .F. ) ;
#3969 = VERTEX_POINT ( 'NONE', #4957 ) ;
#3970 = AXIS2_PLACEMENT_3D ( 'NONE', #99, #1894, #7523 ) ;
#3971 = DIRECTION ( 'NONE',  ( 1.000000000000000000, 0.000000000000000000, 0.000000000000000000 ) ) ;
#3972 = LINE ( 'NONE', #5322, #6805 ) ;
#3973 = ORIENTED_EDGE ( 'NONE', *, *, #1798, .T. ) ;
#3974 = LINE ( 'NONE', #1521, #6816 ) ;
#3975 = VECTOR ( 'NONE', #6235, 1000.000000000000000 ) ;
#3976 = CARTESIAN_POINT ( 'NONE',  ( 4.426377359100680309, -2.876803674311580572, -6.074999999999999289 ) ) ;
#3977 = ORIENTED_EDGE ( 'NONE', *, *, #6995, .T. ) ;
#3978 = ORIENTED_EDGE ( 'NONE', *, *, #3410, .F. ) ;
#3979 = ORIENTED_EDGE ( 'NONE', *, *, #3221, .T. ) ;
#3980 = ORIENTED_EDGE ( 'NONE', *, *, #2499, .F. ) ;
#3981 = B_SPLINE_CURVE_WITH_KNOTS ( 'NONE', 2,
 ( #7430, #1219, #3841, #47 ),
 .UNSPECIFIED., .F., .F.,
 ( 3, 1, 3 ),
 ( 0.000000000000000000, 1.000000000000000000, 2.000000000000000000 ),
 .UNSPECIFIED. ) ;
#3982 = CARTESIAN_POINT ( 'NONE',  ( -4.431932583704670137, 0.07680367431158299785, -0.03202115314193899887 ) ) ;
#3983 = MECHANICAL_DESIGN_GEOMETRIC_PRESENTATION_REPRESENTATION (  '', ( #7498 ), #2817 ) ;
#3984 = LINE ( 'NONE', #3382, #6887 ) ;
#3985 = DIRECTION ( 'NONE',  ( 0.000000000000000000, -1.000000000000000000, 0.000000000000000000 ) ) ;
#3986 = CARTESIAN_POINT ( 'NONE',  ( 4.500000000000000000, -1.471999999999999975, 6.074999999999999289 ) ) ;
#3987 = PLANE ( 'NONE',  #6688 ) ;
#3988 = EDGE_CURVE ( 'NONE', #6380, #888, #3160, .T. ) ;
#3989 = CYLINDRICAL_SURFACE ( 'NONE', #689, 0.2500000000000002220 ) ;
#3990 = PLANE ( 'NONE',  #4244 ) ;
#3991 = EDGE_LOOP ( 'NONE', ( #1298, #674, #6405, #6034, #4677, #887, #4378, #2181, #213, #5630, #7656, #7508, #430 ) ) ;
#3992 = VECTOR ( 'NONE', #3272, 1000.000000000000000 ) ;
#3993 = ORIENTED_EDGE ( 'NONE', *, *, #1502, .T. ) ;
#3994 = CARTESIAN_POINT ( 'NONE',  ( 0.008529870244849970320, 3.330882482469830208, 0.000000000000000000 ) ) ;
#3995 = CARTESIAN_POINT ( 'NONE',  ( 9.540979117872440597E-15, -2.713815644987700004, -7.214999999999999858 ) ) ;
#3996 = DIRECTION ( 'NONE',  ( 0.000000000000000000, 1.000000000000000000, 7.228014483236570338E-16 ) ) ;
#3997 = VECTOR ( 'NONE', #1151, 1000.000000000000114 ) ;
#3998 = EDGE_CURVE ( 'NONE', #3570, #4989, #4623, .T. ) ;
#3999 = ADVANCED_FACE ( 'NONE', ( #621 ), #4352, .T. ) ;
#4000 = PLANE ( 'NONE',  #3054 ) ;
#4001 = DIRECTION ( 'NONE',  ( 1.000000000000000000, 0.000000000000000000, 0.000000000000000000 ) ) ;
#4002 = VECTOR ( 'NONE', #6675, 1000.000000000000000 ) ;
#4003 = EDGE_LOOP ( 'NONE', ( #4578, #3967, #636, #7488 ) ) ;
#4004 = ADVANCED_FACE ( 'NONE', ( #1391 ), #1848, .T. ) ;
#4005 = CARTESIAN_POINT ( 'NONE',  ( -0.4946532560598290162, 3.672872745802449934, 0.1000000000000000056 ) ) ;
#4006 = CARTESIAN_POINT ( 'NONE',  ( -0.2500000000000000000, -1.700126330831939869, -6.624041246778779701 ) ) ;
#4007 = FACE_OUTER_BOUND ( 'NONE', #4775, .T. ) ;
#4008 = CARTESIAN_POINT ( 'NONE',  ( -0.2500000000000000000, -1.221999999999999975, -6.074999999999999289 ) ) ;
#4009 = LINE ( 'NONE', #7678, #2928 ) ;
#4010 = LINE ( 'NONE', #2785, #6331 ) ;
#4011 = ORIENTED_EDGE ( 'NONE', *, *, #1402, .F. ) ;
#4012 = ORIENTED_EDGE ( 'NONE', *, *, #2503, .F. ) ;
#4013 = ORIENTED_EDGE ( 'NONE', *, *, #4620, .F. ) ;
#4014 = EDGE_CURVE ( 'NONE', #888, #4469, #6835, .T. ) ;
#4015 = AXIS2_PLACEMENT_3D ( 'NONE', #2738, #203, #5226 ) ;
#4016 = CARTESIAN_POINT ( 'NONE',  ( -1.357936258902269877, 3.823340976527330071, 0.000000000000000000 ) ) ;
#4017 = LINE ( 'NONE', #7165, #2631 ) ;
#4018 = VERTEX_POINT ( 'NONE', #1227 ) ;
#4019 = CARTESIAN_POINT ( 'NONE',  ( -0.2500000000000000000, -2.757562983323790018, -6.716917506442459995 ) ) ;
#4020 = DIRECTION ( 'NONE',  ( 0.000000000000000000, 0.000000000000000000, -1.000000000000000000 ) ) ;
#4021 = VECTOR ( 'NONE', #3666, 1000.000000000000000 ) ;
#4022 = DIRECTION ( 'NONE',  ( 0.000000000000000000, 1.000000000000000000, 0.000000000000000000 ) ) ;
#4023 = ORIENTED_EDGE ( 'NONE', *, *, #6237, .T. ) ;
#4024 = ORIENTED_EDGE ( 'NONE', *, *, #3093, .F. ) ;
#4025 = ORIENTED_EDGE ( 'NONE', *, *, #5812, .T. ) ;
#4026 = VERTEX_POINT ( 'NONE', #6340 ) ;
#4027 = DIRECTION ( 'NONE',  ( 0.000000000000000000, 0.000000000000000000, 1.000000000000000000 ) ) ;
#4028 = CARTESIAN_POINT ( 'NONE',  ( 2.790000000000000036, -2.735689314155719920, 6.965958753221239697 ) ) ;
#4029 = CARTESIAN_POINT ( 'NONE',  ( 1.001100337284529962, 3.977106122312779934, 0.000000000000000000 ) ) ;
#4030 = DIRECTION ( 'NONE',  ( -1.000000000000000000, 0.000000000000000000, 0.000000000000000000 ) ) ;
#4031 = CARTESIAN_POINT ( 'NONE',  ( 1.078792392861150029, 3.620593979433130105, 0.000000000000000000 ) ) ;
#4032 = CARTESIAN_POINT ( 'NONE',  ( -3.750000000000000000, -0.4500000000000000111, 5.502153264050679837 ) ) ;
#4033 = CARTESIAN_POINT ( 'NONE',  ( -2.540000000000000036, -1.721999999999999975, -6.375000000000000000 ) ) ;
#4034 = ORIENTED_EDGE ( 'NONE', *, *, #2600, .F. ) ;
#4035 = ORIENTED_EDGE ( 'NONE', *, *, #1084, .T. ) ;
#4036 = LINE ( 'NONE', #3345, #1797 ) ;
#4037 = CARTESIAN_POINT ( 'NONE',  ( 1.820860437714520108, 3.518940822603910057, 0.000000000000000000 ) ) ;
#4038 = CARTESIAN_POINT ( 'NONE',  ( 3.845906236087969887, -2.279999999999999805, 6.032654514339300000 ) ) ;
#4039 = DIRECTION ( 'NONE',  ( 0.000000000000000000, 0.000000000000000000, 1.000000000000000000 ) ) ;
#4040 = CARTESIAN_POINT ( 'NONE',  ( -0.3073210099031090103, 3.900866254690860124, 0.000000000000000000 ) ) ;
#4041 =( BOUNDED_CURVE ( )  B_SPLINE_CURVE ( 3, ( #5296, #5372, #4607, #2883 ),
 .UNSPECIFIED., .F., .F. ) 
 B_SPLINE_CURVE_WITH_KNOTS ( ( 4, 4 ),
 ( 4.712388980384687898, 5.471607205002222862 ),
 .UNSPECIFIED. ) 
 CURVE ( )  GEOMETRIC_REPRESENTATION_ITEM ( )  RATIONAL_B_SPLINE_CURVE ( ( 1.000000000000000000, 0.9525397019146160105, 0.9525397019146160105, 1.000000000000000000 ) ) 
 REPRESENTATION_ITEM ( '' )  );
#4042 = CARTESIAN_POINT ( 'NONE',  ( -0.4067958848002819483, 3.725877606149119892, 0.1000000000000000056 ) ) ;
#4043 = FACE_OUTER_BOUND ( 'NONE', #917, .T. ) ;
#4044 = CARTESIAN_POINT ( 'NONE',  ( 0.9190517178437930257, 3.820995917182180346, 0.000000000000000000 ) ) ;
#4045 = PLANE ( 'NONE',  #5885 ) ;
#4046 = ADVANCED_FACE ( 'NONE', ( #5643 ), #5602, .T. ) ;
#4047 = CARTESIAN_POINT ( 'NONE',  ( 1.166649764120700095, 3.331608576447190107, 0.1000000000000000056 ) ) ;
#4048 = CARTESIAN_POINT ( 'NONE',  ( -2.315229264888200245, 3.807923637544230022, 0.000000000000000000 ) ) ;
#4049 = ORIENTED_EDGE ( 'NONE', *, *, #2900, .F. ) ;
#4050 = ORIENTED_EDGE ( 'NONE', *, *, #7244, .T. ) ;
#4051 = ORIENTED_EDGE ( 'NONE', *, *, #7839, .T. ) ;
#4052 = ADVANCED_FACE ( 'NONE', ( #56 ), #2627, .T. ) ;
#4053 = EDGE_CURVE ( 'NONE', #1770, #4720, #5725, .T. ) ;
#4054 = FACE_OUTER_BOUND ( 'NONE', #5339, .T. ) ;
#4055 = ORIENTED_EDGE ( 'NONE', *, *, #4014, .T. ) ;
#4056 = LINE ( 'NONE', #6550, #6948 ) ;
#4057 = ADVANCED_FACE ( 'NONE', ( #6956 ), #7521, .T. ) ;
#4058 = CARTESIAN_POINT ( 'NONE',  ( 1.280646518564899861, 3.533462702150940160, 0.000000000000000000 ) ) ;
#4059 = CARTESIAN_POINT ( 'NONE',  ( 1.346721070503900108, 3.750564801379079771, 0.1000000000000000056 ) ) ;
#4060 = AXIS2_PLACEMENT_3D ( 'NONE', #7113, #6399, #2607 ) ;
#4061 = ORIENTED_EDGE ( 'NONE', *, *, #5957, .T. ) ;
#4062 = VERTEX_POINT ( 'NONE', #3277 ) ;
#4063 =( GEOMETRIC_REPRESENTATION_CONTEXT ( 3 ) GLOBAL_UNCERTAINTY_ASSIGNED_CONTEXT ( ( #6400 ) ) GLOBAL_UNIT_ASSIGNED_CONTEXT ( ( #7580, #5666, #79 ) ) REPRESENTATION_CONTEXT ( 'NONE', 'WORKASPACE' ) );
#4064 = ORIENTED_EDGE ( 'NONE', *, *, #5756, .F. ) ;
#4065 = CARTESIAN_POINT ( 'NONE',  ( 0.5894050521261530173, 4.285696062687230246, 0.000000000000000000 ) ) ;
#4066 = CARTESIAN_POINT ( 'NONE',  ( 2.290000000000000036, -2.963206657552649670, -7.197560881563960677 ) ) ;
#4067 = DIRECTION ( 'NONE',  ( 0.000000000000000000, 1.000000000000000000, 0.000000000000000000 ) ) ;
#4068 = DIRECTION ( 'NONE',  ( 1.000000000000000000, 0.000000000000000000, 0.000000000000000000 ) ) ;
#4069 = CIRCLE ( 'NONE', #2238, 0.05250000000000036582 ) ;
#4070 = PLANE ( 'NONE',  #6169 ) ;
#4071 = EDGE_CURVE ( 'NONE', #7736, #2955, #5114, .T. ) ;
#4072 = DIRECTION ( 'NONE',  ( 0.05226442768870641353, 0.9972646886342381167, 0.05226442768870641353 ) ) ;
#4073 = FACE_OUTER_BOUND ( 'NONE', #2218, .T. ) ;
#4074 = ORIENTED_EDGE ( 'NONE', *, *, #4763, .F. ) ;
#4075 = ORIENTED_EDGE ( 'NONE', *, *, #2301, .T. ) ;
#4076 = AXIS2_PLACEMENT_3D ( 'NONE', #7253, #5254, #427 ) ;
#4077 = LINE ( 'NONE', #3301, #5985 ) ;
#4078 = CARTESIAN_POINT ( 'NONE',  ( -0.7553209939290640440, 3.810104507521910211, 0.000000000000000000 ) ) ;
#4079 = SURFACE_STYLE_FILL_AREA ( #5924 ) ;
#4080 = CIRCLE ( 'NONE', #5764, 0.4999999999999995559 ) ;
#4081 = LINE ( 'NONE', #6573, #4490 ) ;
#4082 = CARTESIAN_POINT ( 'NONE',  ( -0.3842869715023810029, 3.749838707401719873, 0.000000000000000000 ) ) ;
#4083 = CARTESIAN_POINT ( 'NONE',  ( 1.234176504014399933, 4.043906768229130755, 0.1000000000000000056 ) ) ;
#4084 = VECTOR ( 'NONE', #1532, 1000.000000000000000 ) ;
#4085 = CYLINDRICAL_SURFACE ( 'NONE', #1602, 0.05249999999999976213 ) ;
#4086 = DIRECTION ( 'NONE',  ( 0.000000000000000000, -1.000000000000000000, 3.469446951953610245E-15 ) ) ;
#4087 = CARTESIAN_POINT ( 'NONE',  ( 1.999479556143020309, 3.484088311691030171, 0.000000000000000000 ) ) ;
#4088 = EDGE_CURVE ( 'NONE', #545, #4792, #2586, .T. ) ;
#4089 =( NAMED_UNIT ( * ) PLANE_ANGLE_UNIT ( ) SI_UNIT ( $, .RADIAN. ) );
#4090 = LINE ( 'NONE', #6011, #4127 ) ;
#4091 = B_SPLINE_SURFACE_WITH_KNOTS ( 'NONE', 2, 1, ( 
 ( #4659, #2816 ),
 ( #2858, #6486 ),
 ( #7144, #5344 ),
 ( #7913, #2165 ) ),
 .UNSPECIFIED., .F., .F., .F.,
 ( 3, 1, 3 ),
 ( 2, 2 ),
 ( -2.000000000000000000, -1.000000000000000000, 0.000000000000000000 ),
 ( 0.000000000000000000, 0.01000000000000000021 ),
 .UNSPECIFIED. ) ;
#4092 = ORIENTED_EDGE ( 'NONE', *, *, #2893, .T. ) ;
#4093 = ORIENTED_EDGE ( 'NONE', *, *, #5526, .T. ) ;
#4094 = ORIENTED_EDGE ( 'NONE', *, *, #6190, .F. ) ;
#4095 = MANIFOLD_SOLID_BREP ( 'Imported4', #1078 ) ;
#4096 = DIRECTION ( 'NONE',  ( 1.000000000000000000, 0.000000000000000000, 0.000000000000000000 ) ) ;
#4097 = EDGE_LOOP ( 'NONE', ( #447, #4174, #7318, #7923 ) ) ;
#4098 = DIRECTION ( 'NONE',  ( -1.000000000000000000, 0.000000000000000000, 0.000000000000000000 ) ) ;
#4099 = CARTESIAN_POINT ( 'NONE',  ( 2.290000000000000036, -2.757562983323790018, -6.716917506442459995 ) ) ;
#4100 = EDGE_CURVE ( 'NONE', #4586, #982, #870, .T. ) ;
#4101 = EDGE_CURVE ( 'NONE', #7925, #1513, #4514, .T. ) ;
#4102 = DIRECTION ( 'NONE',  ( 0.000000000000000000, 0.000000000000000000, 1.000000000000000000 ) ) ;
#4103 = ORIENTED_EDGE ( 'NONE', *, *, #6812, .T. ) ;
#4104 = AXIS2_PLACEMENT_3D ( 'NONE', #6990, #1384, #3884 ) ;
#4105 = ORIENTED_EDGE ( 'NONE', *, *, #5049, .F. ) ;
#4106 = ORIENTED_EDGE ( 'NONE', *, *, #3892, .T. ) ;
#4107 = LINE ( 'NONE', #5990, #2236 ) ;
#4108 = ADVANCED_FACE ( 'NONE', ( #6418 ), #7076, .T. ) ;
#4110 =( NAMED_UNIT ( * ) SI_UNIT ( $, .STERADIAN. ) SOLID_ANGLE_UNIT ( ) );
#4109 = SHAPE_REPRESENTATION ( '2^Pulse_-_HM2113ZNL.step', ( #1670 ), #6893 ) ;
#4111 = CARTESIAN_POINT ( 'NONE',  ( 0.5894050521261530173, 4.285696062687230246, 0.1000000000000000056 ) ) ;
#4112 = LINE ( 'NONE', #6601, #5500 ) ;
#4113 = VECTOR ( 'NONE', #1309, 1000.000000000000000 ) ;
#4114 = DIRECTION ( 'NONE',  ( -1.000000000000000000, 0.000000000000000000, 0.000000000000000000 ) ) ;
#4115 = FACE_OUTER_BOUND ( 'NONE', #4117, .T. ) ;
#4116 = VERTEX_POINT ( 'NONE', #7120 ) ;
#4117 = EDGE_LOOP ( 'NONE', ( #907, #1615, #5441, #4715 ) ) ;
#4118 = VECTOR ( 'NONE', #479, 1000.000000000000000 ) ;
#4119 = EDGE_CURVE ( 'NONE', #5681, #3910, #6463, .T. ) ;
#4120 = CARTESIAN_POINT ( 'NONE',  ( 1.242163537765269998, 3.899414066736159867, 0.000000000000000000 ) ) ;
#4121 = CARTESIAN_POINT ( 'NONE',  ( 4.431932583704670137, 0.07680367431158299785, -0.03202115314193899887 ) ) ;
#4122 = CARTESIAN_POINT ( 'NONE',  ( -2.290000000000000036, -3.212597670117609994, 7.180121763127949919 ) ) ;
#4123 = AXIS2_PLACEMENT_3D ( 'NONE', #5205, #2591, #7692 ) ;
#4124 = DIRECTION ( 'NONE',  ( 0.7071067811865516806, 0.7071067811865433539, 0.000000000000000000 ) ) ;
#4125 = DIRECTION ( 'NONE',  ( 0.000000000000000000, 0.000000000000000000, 1.000000000000000000 ) ) ;
#4126 = DIRECTION ( 'NONE',  ( 0.000000000000000000, 0.000000000000000000, 1.000000000000000000 ) ) ;
#4127 = VECTOR ( 'NONE', #863, 1000.000000000000000 ) ;
#4128 = PLANE ( 'NONE',  #5503 ) ;
#4129 = CARTESIAN_POINT ( 'NONE',  ( -2.325092351968022442, 3.813781894059538935, 0.1000000000000000056 ) ) ;
#4130 = VECTOR ( 'NONE', #3705, 1000.000000000000000 ) ;
#4131 = DIRECTION ( 'NONE',  ( -1.000000000000000000, 0.000000000000000000, 0.000000000000000000 ) ) ;
#4132 = EDGE_LOOP ( 'NONE', ( #4799, #3343, #3796, #1929 ) ) ;
#4133 = VERTEX_POINT ( 'NONE', #7267 ) ;
#4134 = ORIENTED_EDGE ( 'NONE', *, *, #5733, .F. ) ;
#4135 = CARTESIAN_POINT ( 'NONE',  ( 1.437482817672859792, 3.833339514797160064, 0.000000000000000000 ) ) ;
#4136 = ORIENTED_EDGE ( 'NONE', *, *, #6178, .T. ) ;
#4137 = DIRECTION ( 'NONE',  ( 0.000000000000000000, 0.000000000000000000, 1.000000000000000000 ) ) ;
#4138 = DIRECTION ( 'NONE',  ( -1.000000000000000000, 0.000000000000000000, 0.000000000000000000 ) ) ;
#4139 = ORIENTED_EDGE ( 'NONE', *, *, #4307, .F. ) ;
#4140 = ORIENTED_EDGE ( 'NONE', *, *, #7572, .F. ) ;
#4141 = ORIENTED_EDGE ( 'NONE', *, *, #7470, .T. ) ;
#4142 = CIRCLE ( 'NONE', #3367, 0.05250000000000036582 ) ;
#4143 = CARTESIAN_POINT ( 'NONE',  ( -4.007005230844689514, -2.870000000000000107, 5.994920913255509021 ) ) ;
#4144 = DIRECTION ( 'NONE',  ( 0.000000000000000000, -0.9975640502598295267, 0.06975647374404986278 ) ) ;
#4145 = EDGE_CURVE ( 'NONE', #557, #2065, #1673, .T. ) ;
#4146 = CARTESIAN_POINT ( 'NONE',  ( -2.047874691421690319, 3.860008895240490290, 0.1000000000000000056 ) ) ;
#4147 = EDGE_CURVE ( 'NONE', #2198, #6116, #3929, .T. ) ;
#4148 = FACE_OUTER_BOUND ( 'NONE', #7294, .T. ) ;
#4149 = VECTOR ( 'NONE', #502, 1000.000000000000000 ) ;
#4150 = CARTESIAN_POINT ( 'NONE',  ( -0.6536678370998361132, 3.643102892731029829, 0.1000000000000000056 ) ) ;
#4151 = DIRECTION ( 'NONE',  ( 0.000000000000000000, 0.000000000000000000, 1.000000000000000000 ) ) ;
#4152 = EDGE_CURVE ( 'NONE', #5434, #3528, #7926, .T. ) ;
#4153 = ORIENTED_EDGE ( 'NONE', *, *, #5195, .T. ) ;
#4154 = ORIENTED_EDGE ( 'NONE', *, *, #2255, .T. ) ;
#4155 = ORIENTED_EDGE ( 'NONE', *, *, #7217, .T. ) ;
#4156 = DIRECTION ( 'NONE',  ( 0.000000000000000000, 1.000000000000000000, 3.469446951953610245E-15 ) ) ;
#4157 = EDGE_CURVE ( 'NONE', #5907, #253, #4634, .T. ) ;
#4158 = DIRECTION ( 'NONE',  ( 0.000000000000000000, 0.000000000000000000, -1.000000000000000000 ) ) ;
#4159 = EDGE_CURVE ( 'NONE', #1245, #4437, #1369, .T. ) ;
#4160 = DIRECTION ( 'NONE',  ( 0.000000000000000000, 8.673617379884043361E-16, -1.000000000000000000 ) ) ;
#4161 = PRODUCT ( 'HM2113ZNL', 'HM2113ZNL', '', ( #2626 ) ) ;
#4162 = CARTESIAN_POINT ( 'NONE',  ( -2.822366577173960334, 3.403029538465190296, 0.000000000000000000 ) ) ;
#4163 = CARTESIAN_POINT ( 'NONE',  ( -2.790000000000000036, -3.000608987435080088, 7.732439118436020387 ) ) ;
#4164 = EDGE_CURVE ( 'NONE', #5821, #6670, #1018, .T. ) ;
#4165 = FACE_OUTER_BOUND ( 'NONE', #3238, .T. ) ;
#4166 = CARTESIAN_POINT ( 'NONE',  ( 1.216750248557959990, 3.780334654450490106, 0.000000000000000000 ) ) ;
#4167 = CARTESIAN_POINT ( 'NONE',  ( -0.5774279694779149708, 3.846409206389489910, 0.1000000000000000056 ) ) ;
#4168 = CARTESIAN_POINT ( 'NONE',  ( -4.500000000000000000, -3.000000000000000000, 5.994920913255509021 ) ) ;
#4169 = EDGE_CURVE ( 'NONE', #7410, #6762, #2943, .T. ) ;
#4170 = B_SPLINE_CURVE_WITH_KNOTS ( 'NONE', 2,
 ( #2802, #7173, #7783, #5293 ),
 .UNSPECIFIED., .F., .F.,
 ( 3, 1, 3 ),
 ( -2.000000000000000000, -1.000000000000000000, 0.000000000000000000 ),
 .UNSPECIFIED. ) ;
#4171 = CARTESIAN_POINT ( 'NONE',  ( 1.280646518564899861, 3.533462702150940160, 0.1000000000000000056 ) ) ;
#4172 = VERTEX_POINT ( 'NONE', #5426 ) ;
#4173 = ORIENTED_EDGE ( 'NONE', *, *, #5352, .F. ) ;
#4174 = ORIENTED_EDGE ( 'NONE', *, *, #543, .T. ) ;
#4175 = CARTESIAN_POINT ( 'NONE',  ( -0.6311589238019350567, 4.074402715277900100, 0.000000000000000000 ) ) ;
#4176 = ORIENTED_EDGE ( 'NONE', *, *, #908, .F. ) ;
#4177 = DIRECTION ( 'NONE',  ( -1.000000000000000000, 0.000000000000000000, 0.000000000000000000 ) ) ;
#4178 = CARTESIAN_POINT ( 'NONE',  ( 1.545670820298249870, 3.683764155462729839, 0.000000000000000000 ) ) ;
#4179 = ORIENTED_EDGE ( 'NONE', *, *, #3165, .T. ) ;
#4180 = ORIENTED_EDGE ( 'NONE', *, *, #151, .T. ) ;
#4181 = ORIENTED_EDGE ( 'NONE', *, *, #3190, .F. ) ;
#4182 = SURFACE_STYLE_USAGE ( .BOTH. , #2307 ) ;
#4183 =( LENGTH_UNIT ( ) NAMED_UNIT ( * ) SI_UNIT ( .MILLI., .METRE. ) );
#4184 = B_SPLINE_CURVE_WITH_KNOTS ( 'NONE', 2,
 ( #4544, #3921, #7551, #6410 ),
 .UNSPECIFIED., .F., .F.,
 ( 3, 1, 3 ),
 ( 0.000000000000000000, 1.000000000000000000, 2.000000000000000000 ),
 .UNSPECIFIED. ) ;
#4185 = LINE ( 'NONE', #2343, #6734 ) ;
#4186 = CARTESIAN_POINT ( 'NONE',  ( 0.007803776267498349975, 4.025754418795340683, 0.000000000000000000 ) ) ;
#4187 = CARTESIAN_POINT ( 'NONE',  ( 4.007005230844689514, -2.870000000000000107, 5.502153264050679837 ) ) ;
#4188 = CARTESIAN_POINT ( 'NONE',  ( -1.410436258902270090, 3.789685443644290164, 0.1000000000000000056 ) ) ;
#4189 = EDGE_LOOP ( 'NONE', ( #1295, #266, #3531, #4980 ) ) ;
#4190 = ADVANCED_FACE ( 'NONE', ( #4206 ), #5769, .F. ) ;
#4191 = ORIENTED_EDGE ( 'NONE', *, *, #564, .T. ) ;
#4192 = VERTEX_POINT ( 'NONE', #5199 ) ;
#4193 = MECHANICAL_DESIGN_GEOMETRIC_PRESENTATION_REPRESENTATION (  '', ( #283 ), #2888 ) ;
#4194 = CARTESIAN_POINT ( 'NONE',  ( 4.007005230844689514, -3.000000000000000000, 5.994920913255509021 ) ) ;
#4195 = AXIS2_PLACEMENT_3D ( 'NONE', #7262, #1667, #5266 ) ;
#4196 = DIRECTION ( 'NONE',  ( -1.000000000000000000, 0.000000000000000000, 0.000000000000000000 ) ) ;
#4197 = CARTESIAN_POINT ( 'NONE',  ( -0.6282545478925289917, 3.818091541272780276, 0.000000000000000000 ) ) ;
#4198 = CARTESIAN_POINT ( 'NONE',  ( -2.059709573002050043, 3.258003616276710090, 0.000000000000000000 ) ) ;
#4199 = CARTESIAN_POINT ( 'NONE',  ( 0.9161473419343860725, 3.386065624748559877, 0.000000000000000000 ) ) ;
#4200 = EDGE_CURVE ( 'NONE', #2180, #5340, #5672, .T. ) ;
#4201 = VECTOR ( 'NONE', #2220, 1000.000000000000000 ) ;
#4202 = ADVANCED_FACE ( 'NONE', ( #1826 ), #437, .T. ) ;
#4203 = B_SPLINE_CURVE_WITH_KNOTS ( 'NONE', 2,
 ( #1367, #3870, #6311, #803 ),
 .UNSPECIFIED., .F., .F.,
 ( 3, 1, 3 ),
 ( -2.000000000000000000, -1.000000000000000000, 0.000000000000000000 ),
 .UNSPECIFIED. ) ;
#4204 = CARTESIAN_POINT ( 'NONE',  ( 2.790000000000000036, -3.212597670117609994, -7.180121763127949919 ) ) ;
#4205 = ADVANCED_FACE ( 'NONE', ( #7997 ), #4411, .F. ) ;
#4206 = FACE_OUTER_BOUND ( 'NONE', #4396, .T. ) ;
#4207 = VECTOR ( 'NONE', #732, 1000.000000000000000 ) ;
#4208 = PLANE ( 'NONE',  #5912 ) ;
#4209 = CARTESIAN_POINT ( 'NONE',  ( -4.391596839026767007, 0.1642986682315978331, 5.966596839026767185 ) ) ;
#4210 = ORIENTED_EDGE ( 'NONE', *, *, #3951, .F. ) ;
#4211 = ORIENTED_EDGE ( 'NONE', *, *, #3755, .F. ) ;
#4212 = VECTOR ( 'NONE', #6072, 1000.000000000000000 ) ;
#4213 = ORIENTED_EDGE ( 'NONE', *, *, #7800, .F. ) ;
#4214 = ADVANCED_FACE ( 'NONE', ( #4372 ), #1914, .F. ) ;
#4215 = CARTESIAN_POINT ( 'NONE',  ( 4.150000000000000355, -3.000000000000000000, 5.502153264050679837 ) ) ;
#4216 = VECTOR ( 'NONE', #859, 1000.000000000000000 ) ;
#4217 = EDGE_LOOP ( 'NONE', ( #415, #2635, #617, #4955 ) ) ;
#4218 = CARTESIAN_POINT ( 'NONE',  ( 1.305333713794860184, 4.043906768229130755, 0.1000000000000000056 ) ) ;
#4219 = CARTESIAN_POINT ( 'NONE',  ( 1.001100337284529962, 3.977106122312779934, 0.1000000000000000056 ) ) ;
#4220 = CARTESIAN_POINT ( 'NONE',  ( 0.07170004627444169498, 3.330882482469830208, 0.1000000000000000056 ) ) ;
#4221 = ORIENTED_EDGE ( 'NONE', *, *, #1501, .F. ) ;
#4222 = VERTEX_POINT ( 'NONE', #6735 ) ;
#4223 = ORIENTED_EDGE ( 'NONE', *, *, #1651, .T. ) ;
#4224 = AXIS2_PLACEMENT_3D ( 'NONE', #4892, #1784, #6268 ) ;
#4225 = CARTESIAN_POINT ( 'NONE',  ( 2.290000000000000036, -1.221999999999999975, -6.375000000000000000 ) ) ;
#4226 = PRODUCT ( '1^Pulse_-_HM2113ZNL.step', '1^Pulse_-_HM2113ZNL.step', '', ( #7685 ) ) ;
#4227 = CARTESIAN_POINT ( 'NONE',  ( -3.011496243666206940, 3.935849295896564293, 0.000000000000000000 ) ) ;
#4228 = DIRECTION ( 'NONE',  ( 0.000000000000000000, 0.06975647374412541346, -0.9975640502598241977 ) ) ;
#4229 = CARTESIAN_POINT ( 'NONE',  ( 2.100406618994890007, 3.351213113835679991, 0.000000000000000000 ) ) ;
#4230 = CIRCLE ( 'NONE', #2401, 0.05250000000000007438 ) ;
#4231 = DIRECTION ( 'NONE',  ( -1.000000000000000000, 0.000000000000000000, 0.000000000000000000 ) ) ;
#4232 = ORIENTED_EDGE ( 'NONE', *, *, #4349, .F. ) ;
#4233 = VERTEX_POINT ( 'NONE', #6898 ) ;
#4234 = VERTEX_POINT ( 'NONE', #5466 ) ;
#4235 = CARTESIAN_POINT ( 'NONE',  ( 1.368503889824450148, 3.871822495596799918, 0.1000000000000000056 ) ) ;
#4236 = VECTOR ( 'NONE', #4454, 1000.000000000000114 ) ;
#4237 = CARTESIAN_POINT ( 'NONE',  ( 1.409165152556139944, 3.398409222363539595, 0.000000000000000000 ) ) ;
#4238 = CARTESIAN_POINT ( 'NONE',  ( -2.790000000000000036, -1.471999999999999975, -6.074999999999999289 ) ) ;
#4239 = EDGE_CURVE ( 'NONE', #982, #2226, #1497, .T. ) ;
#4240 = DIRECTION ( 'NONE',  ( 0.000000000000000000, 0.000000000000000000, 1.000000000000000000 ) ) ;
#4241 = CARTESIAN_POINT ( 'NONE',  ( 0.2500000000000000000, -3.250000000000039968, 7.714999999999999858 ) ) ;
#4242 = APPLICATION_CONTEXT ( 'automotive_design' ) ;
#4243 = ORIENTED_EDGE ( 'NONE', *, *, #1788, .F. ) ;
#4244 = AXIS2_PLACEMENT_3D ( 'NONE', #6395, #3219, #7536 ) ;
#4245 = MANIFOLD_SOLID_BREP ( 'Imported3', #7467 ) ;
#4246 = LINE ( 'NONE', #3521, #1259 ) ;
#4247 = DIRECTION ( 'NONE',  ( 0.000000000000000000, 0.000000000000000000, 1.000000000000000000 ) ) ;
#4248 = EDGE_CURVE ( 'NONE', #7575, #2612, #6772, .T. ) ;
#4249 = VECTOR ( 'NONE', #2718, 1000.000000000000000 ) ;
#4250 = EDGE_CURVE ( 'NONE', #347, #2147, #5008, .T. ) ;
#4251 = CARTESIAN_POINT ( 'NONE',  ( 1.941392037954889904, 3.331608576447190107, 0.000000000000000000 ) ) ;
#4252 = CARTESIAN_POINT ( 'NONE',  ( -2.790000000000000036, -1.471999999999999975, -6.375000000000000000 ) ) ;
#4253 = CARTESIAN_POINT ( 'NONE',  ( 2.790000000000000036, -1.471999999999999975, 6.375000000000000000 ) ) ;
#4254 = ADVANCED_FACE ( 'NONE', ( #7384 ), #3019, .T. ) ;
#4255 = ORIENTED_EDGE ( 'NONE', *, *, #3376, .F. ) ;
#4256 = ORIENTED_EDGE ( 'NONE', *, *, #1343, .F. ) ;
#4257 = MANIFOLD_SOLID_BREP ( 'Imported2', #3174 ) ;
#4258 = FACE_OUTER_BOUND ( 'NONE', #2886, .T. ) ;
#4259 = AXIS2_PLACEMENT_3D ( 'NONE', #5172, #5082, #1904 ) ;
#4260 = ORIENTED_EDGE ( 'NONE', *, *, #174, .F. ) ;
#4261 = CARTESIAN_POINT ( 'NONE',  ( -2.790000000000000036, -1.700126330831939869, -6.624041246778779701 ) ) ;
#4262 = CARTESIAN_POINT ( 'NONE',  ( 2.290000000000000036, -1.678252661663869993, -6.873082493557559403 ) ) ;
#4263 = CARTESIAN_POINT ( 'NONE',  ( 1.346721070503900108, 3.750564801379079771, 0.1000000000000000056 ) ) ;
#4264 = ADVANCED_FACE ( 'NONE', ( #5222 ), #7957, .T. ) ;
#4265 = EDGE_LOOP ( 'NONE', ( #2316, #5208, #2950, #4232 ) ) ;
#4266 = VERTEX_POINT ( 'NONE', #6318 ) ;
#4267 = ORIENTED_EDGE ( 'NONE', *, *, #3356, .T. ) ;
#4268 =( NAMED_UNIT ( * ) PLANE_ANGLE_UNIT ( ) SI_UNIT ( $, .RADIAN. ) );
#4269 = EDGE_CURVE ( 'NONE', #4894, #4116, #7709, .T. ) ;
#4270 =( NAMED_UNIT ( * ) PLANE_ANGLE_UNIT ( ) SI_UNIT ( $, .RADIAN. ) );
#4271 = LINE ( 'NONE', #1114, #4531 ) ;
#4272 = LINE ( 'NONE', #4881, #2498 ) ;
#4273 = MANIFOLD_SOLID_BREP ( 'Imported1', #5642 ) ;
#4274 = CARTESIAN_POINT ( 'NONE',  ( -0.3073210099031090103, 3.900866254690860124, 0.000000000000000000 ) ) ;
#4275 = CARTESIAN_POINT ( 'NONE',  ( -0.9963841944098049686, 4.245760893932890134, 0.000000000000000000 ) ) ;
#4276 = ORIENTED_EDGE ( 'NONE', *, *, #940, .F. ) ;
#4277 = VECTOR ( 'NONE', #6733, 1000.000000000000000 ) ;
#4278 = B_SPLINE_CURVE_WITH_KNOTS ( 'NONE', 2,
 ( #5805, #4672, #5934, #5277 ),
 .UNSPECIFIED., .F., .F.,
 ( 3, 1, 3 ),
 ( 0.000000000000000000, 1.000000000000000000, 2.000000000000000000 ),
 .UNSPECIFIED. ) ;
#4279 = ORIENTED_EDGE ( 'NONE', *, *, #3511, .F. ) ;
#4280 = ORIENTED_EDGE ( 'NONE', *, *, #2857, .T. ) ;
#4281 = DIRECTION ( 'NONE',  ( 0.000000000000000000, 0.000000000000000000, -1.000000000000000000 ) ) ;
#4282 = CARTESIAN_POINT ( 'NONE',  ( 1.078792392861150029, 3.620593979433130105, 0.000000000000000000 ) ) ;
#4283 = CARTESIAN_POINT ( 'NONE',  ( -2.290000000000000036, -3.212597670117609994, -7.180121763127949919 ) ) ;
#4284 = CARTESIAN_POINT ( 'NONE',  ( 0.9335735973908250163, 3.563958649199709949, 0.000000000000000000 ) ) ;
#4285 = CARTESIAN_POINT ( 'NONE',  ( -0.2500000000000000000, -1.221999999999999975, -6.375000000000000000 ) ) ;
#4286 = ORIENTED_EDGE ( 'NONE', *, *, #3906, .T. ) ;
#4287 = MANIFOLD_SOLID_BREP ( 'Imported3', #3443 ) ;
#4288 = VECTOR ( 'NONE', #4614, 1000.000000000000000 ) ;
#4289 = FACE_OUTER_BOUND ( 'NONE', #8052, .T. ) ;
#4290 = UNCERTAINTY_MEASURE_WITH_UNIT (LENGTH_MEASURE( 1.000000000000000082E-05 ), #1932, 'distance_accuracy_value', 'NONE');
#4291 = SURFACE_SIDE_STYLE ('',( #1790 ) ) ;
#4292 = DIRECTION ( 'NONE',  ( 0.000000000000000000, 0.000000000000000000, -1.000000000000000000 ) ) ;
#4293 = CARTESIAN_POINT ( 'NONE',  ( 1.276289954700789986, 3.899414066736159867, 0.000000000000000000 ) ) ;
#4294 = CARTESIAN_POINT ( 'NONE',  ( -1.884007543767990178, 3.875840976527360038, 0.000000000000000000 ) ) ;
#4295 = B_SPLINE_SURFACE_WITH_KNOTS ( 'NONE', 2, 1, ( 
 ( #476, #5461 ),
 ( #5573, #1741 ),
 ( #4852, #7415 ),
 ( #6232, #2977 ) ),
 .UNSPECIFIED., .F., .F., .F.,
 ( 3, 1, 3 ),
 ( 2, 2 ),
 ( -2.000000000000000000, -1.000000000000000000, 0.000000000000000000 ),
 ( 0.000000000000000000, 0.01000000000000000021 ),
 .UNSPECIFIED. ) ;
#4296 = ORIENTED_EDGE ( 'NONE', *, *, #1788, .T. ) ;
#4297 = ADVANCED_FACE ( 'NONE', ( #5709 ), #5092, .F. ) ;
#4298 = ORIENTED_EDGE ( 'NONE', *, *, #3410, .T. ) ;
#4299 = MANIFOLD_SOLID_BREP ( 'Imported7', #6044 ) ;
#4300 = EDGE_CURVE ( 'NONE', #2252, #5443, #4972, .T. ) ;
#4301 = FACE_OUTER_BOUND ( 'NONE', #7751, .T. ) ;
#4302 = VERTEX_POINT ( 'NONE', #7870 ) ;
#4303 = CARTESIAN_POINT ( 'NONE',  ( 1.448374227333130149, 3.824626387068939870, 0.000000000000000000 ) ) ;
#4304 = DIRECTION ( 'NONE',  ( 1.000000000000000000, 0.000000000000000000, 0.000000000000000000 ) ) ;
#4305 = DIRECTION ( 'NONE',  ( 0.000000000000000000, 0.000000000000000000, 1.000000000000000000 ) ) ;
#4306 = VERTEX_POINT ( 'NONE', #4818 ) ;
#4307 = EDGE_CURVE ( 'NONE', #2812, #6631, #1632, .T. ) ;
#4308 = EDGE_LOOP ( 'NONE', ( #226, #7683, #2251, #836 ) ) ;
#4309 = ADVANCED_FACE ( 'NONE', ( #2775 ), #4091, .T. ) ;
#4310 = ORIENTED_EDGE ( 'NONE', *, *, #3036, .T. ) ;
#4311 = LINE ( 'NONE', #8014, #2709 ) ;
#4312 =( LENGTH_UNIT ( ) NAMED_UNIT ( * ) SI_UNIT ( .MILLI., .METRE. ) );
#4313 = LINE ( 'NONE', #579, #3997 ) ;
#4314 = EDGE_CURVE ( 'NONE', #2264, #7382, #3800, .T. ) ;
#4315 = DIRECTION ( 'NONE',  ( 0.000000000000000000, 0.000000000000000000, -1.000000000000000000 ) ) ;
#4316 = DIRECTION ( 'NONE',  ( 0.000000000000000000, 0.000000000000000000, 1.000000000000000000 ) ) ;
#4317 = FACE_OUTER_BOUND ( 'NONE', #2096, .T. ) ;
#4318 = DIRECTION ( 'NONE',  ( 0.000000000000000000, 0.000000000000000000, 1.000000000000000000 ) ) ;
#4319 = VERTEX_POINT ( 'NONE', #6650 ) ;
#4320 = ORIENTED_EDGE ( 'NONE', *, *, #1706, .T. ) ;
#4321 = VERTEX_POINT ( 'NONE', #4742 ) ;
#4322 = CARTESIAN_POINT ( 'NONE',  ( 2.100406618994890007, 3.351213113835679991, 0.1000000000000000056 ) ) ;
#4323 = CARTESIAN_POINT ( 'NONE',  ( 2.218759937303210084, 3.647459456595139926, 0.1000000000000000056 ) ) ;
#4324 = EDGE_CURVE ( 'NONE', #306, #8003, #892, .T. ) ;
#4325 = CYLINDRICAL_SURFACE ( 'NONE', #3021, 0.05249999999999976213 ) ;
#4326 = CARTESIAN_POINT ( 'NONE',  ( 2.290000000000000036, -2.757562983323790018, 6.716917506442459995 ) ) ;
#4327 = CARTESIAN_POINT ( 'NONE',  ( 1.545670820298249870, 3.683764155462729839, 0.000000000000000000 ) ) ;
#4328 = ORIENTED_EDGE ( 'NONE', *, *, #3008, .T. ) ;
#4329 = VECTOR ( 'NONE', #1330, 1000.000000000000000 ) ;
#4330 = CIRCLE ( 'NONE', #5367, 0.2500000000000002220 ) ;
#4331 = LINE ( 'NONE', #1208, #1043 ) ;
#4332 = CARTESIAN_POINT ( 'NONE',  ( 0.9190517178437930257, 3.866013743777979794, 0.1000000000000000056 ) ) ;
#4333 = CARTESIAN_POINT ( 'NONE',  ( 3.845906236087969887, -2.279999999999999805, 5.502153264050679837 ) ) ;
#4334 = AXIS2_PLACEMENT_3D ( 'NONE', #6876, #6957, #4431 ) ;
#4335 = DIRECTION ( 'NONE',  ( -0.7071067811865661135, -0.7071067811865290320, 0.000000000000000000 ) ) ;
#4336 = CARTESIAN_POINT ( 'NONE',  ( 2.790000000000000036, -1.221999999999999975, -6.074999999999999289 ) ) ;
#4337 = ORIENTED_EDGE ( 'NONE', *, *, #6547, .T. ) ;
#4338 = ORIENTED_EDGE ( 'NONE', *, *, #4248, .F. ) ;
#4339 = VECTOR ( 'NONE', #3725, 1000.000000000000000 ) ;
#4340 = DIRECTION ( 'NONE',  ( 0.000000000000000000, -1.000000000000000000, 0.000000000000000000 ) ) ;
#4341 = ADVANCED_FACE ( 'NONE', ( #2281 ), #1047, .F. ) ;
#4342 = EDGE_LOOP ( 'NONE', ( #6761, #2035, #2350, #7372, #5271, #7620, #5695, #6168, #7682, #5676, #2340, #7924, #3086, #3116, #1142, #7694, #7054, #5109, #6644, #6012, #3690, #6826, #277, #6643, #6966, #7116, #6553, #5404, #6376, #6437, #276, #6672, #6750, #2835 ) ) ;
#4343 = CARTESIAN_POINT ( 'NONE',  ( 1.234176504014399933, 4.043906768229130755, 0.000000000000000000 ) ) ;
#4344 = AXIS2_PLACEMENT_3D ( 'NONE', #7038, #1272, #830 ) ;
#4345 = DIRECTION ( 'NONE',  ( 0.000000000000000000, -1.000000000000000000, -7.228014483236570338E-16 ) ) ;
#4346 = DIRECTION ( 'NONE',  ( 0.000000000000000000, 0.000000000000000000, -1.000000000000000000 ) ) ;
#4347 = VERTEX_POINT ( 'NONE', #1543 ) ;
#4348 = VERTEX_POINT ( 'NONE', #3393 ) ;
#4349 = EDGE_CURVE ( 'NONE', #1226, #3156, #2937, .T. ) ;
#4350 = EDGE_LOOP ( 'NONE', ( #5436, #1715, #3332, #7895 ) ) ;
#4351 = CLOSED_SHELL ( 'NONE', ( #6634, #696, #6202, #1448 ) ) ;
#4352 = CYLINDRICAL_SURFACE ( 'NONE', #3217, 0.05250000000000036582 ) ;
#4353 = LINE ( 'NONE', #1810, #4596 ) ;
#4354 = ADVANCED_FACE ( 'NONE', ( #6612 ), #3516, .T. ) ;
#4355 = ADVANCED_FACE ( 'NONE', ( #3434 ), #5879, .T. ) ;
#4356 = LINE ( 'NONE', #4922, #164 ) ;
#4357 = CARTESIAN_POINT ( 'NONE',  ( 0.000000000000000000, -3.250000000000039968, 7.714999999999999858 ) ) ;
#4358 = VERTEX_POINT ( 'NONE', #5307 ) ;
#4359 = ORIENTED_EDGE ( 'NONE', *, *, #7062, .F. ) ;
#4360 = ADVANCED_FACE ( 'NONE', ( #5421 ), #6529, .T. ) ;
#4361 = EDGE_LOOP ( 'NONE', ( #2746, #65, #5730, #4426 ) ) ;
#4362 = CARTESIAN_POINT ( 'NONE',  ( 2.540000000000000036, -1.721999999999999975, -6.375000000000000000 ) ) ;
#4363 = DIRECTION ( 'NONE',  ( 0.000000000000000000, 0.000000000000000000, 1.000000000000000000 ) ) ;
#4364 = DIRECTION ( 'NONE',  ( -0.9986295347545738332, -0.05233595624294599263, 0.000000000000000000 ) ) ;
#4365 = VECTOR ( 'NONE', #5131, 1000.000000000000000 ) ;
#4366 = B_SPLINE_SURFACE_WITH_KNOTS ( 'NONE', 2, 1, ( 
 ( #7742, #4648 ),
 ( #7090, #5295 ),
 ( #5408, #1656 ),
 ( #3656, #5482 ) ),
 .UNSPECIFIED., .F., .F., .F.,
 ( 3, 1, 3 ),
 ( 2, 2 ),
 ( -2.000000000000000000, -1.000000000000000000, 0.000000000000000000 ),
 ( 0.000000000000000000, 0.01000000000000000021 ),
 .UNSPECIFIED. ) ;
#4367 = CARTESIAN_POINT ( 'NONE',  ( 0.9190517178437930257, 3.820995917182180346, 0.1000000000000000056 ) ) ;
#4368 = LINE ( 'NONE', #2478, #2161 ) ;
#4369 = ORIENTED_EDGE ( 'NONE', *, *, #4250, .T. ) ;
#4370 = ADVANCED_FACE ( 'NONE', ( #5533 ), #4295, .T. ) ;
#4371 = DIRECTION ( 'NONE',  ( -1.000000000000000000, 0.000000000000000000, 0.000000000000000000 ) ) ;
#4372 = FACE_OUTER_BOUND ( 'NONE', #4265, .T. ) ;
#4373 =( BOUNDED_CURVE ( )  B_SPLINE_CURVE ( 3, ( #7260, #6648, #1703, #6036 ),
 .UNSPECIFIED., .F., .F. ) 
 B_SPLINE_CURVE_WITH_KNOTS ( ( 4, 4 ),
 ( 3.193952531149630403, 3.953170755767165812 ),
 .UNSPECIFIED. ) 
 CURVE ( )  GEOMETRIC_REPRESENTATION_ITEM ( )  RATIONAL_B_SPLINE_CURVE ( ( 1.000000000000000000, 0.9525397019146160105, 0.9525397019146160105, 1.000000000000000000 ) ) 
 REPRESENTATION_ITEM ( '' )  );
#4374 = LINE ( 'NONE', #6858, #1850 ) ;
#4375 = AXIS2_PLACEMENT_3D ( 'NONE', #6444, #5095, #284 ) ;
#4376 = DIRECTION ( 'NONE',  ( 0.000000000000000000, -1.000000000000000000, 0.000000000000000000 ) ) ;
#4377 = CARTESIAN_POINT ( 'NONE',  ( -0.9963841944098049686, 4.245760893932890134, 0.000000000000000000 ) ) ;
#4378 = ORIENTED_EDGE ( 'NONE', *, *, #3406, .T. ) ;
#4379 = ORIENTED_EDGE ( 'NONE', *, *, #6861, .F. ) ;
#4380 = CIRCLE ( 'NONE', #5410, 0.05250000000000007438 ) ;
#4381 = CARTESIAN_POINT ( 'NONE',  ( -0.2042156651191769923, 4.025754418795340683, 0.1000000000000000056 ) ) ;
#4382 = CARTESIAN_POINT ( 'NONE',  ( 1.078792392861150029, 3.620593979433130105, 0.1000000000000000056 ) ) ;
#4383 = CARTESIAN_POINT ( 'NONE',  ( -4.367140764534367392, 0.1875066163658257734, -5.942140764534364905 ) ) ;
#4384 = AXIS2_PLACEMENT_3D ( 'NONE', #1897, #5606, #8062 ) ;
#4385 = CARTESIAN_POINT ( 'NONE',  ( 2.009644871825940093, 3.841326548548029685, 0.1000000000000000056 ) ) ;
#4386 = DIRECTION ( 'NONE',  ( 0.000000000000000000, -1.000000000000000000, 4.440892098500630895E-15 ) ) ;
#4387 = VERTEX_POINT ( 'NONE', #4929 ) ;
#4388 = VERTEX_POINT ( 'NONE', #8069 ) ;
#4389 = ORIENTED_EDGE ( 'NONE', *, *, #151, .F. ) ;
#4390 = DIRECTION ( 'NONE',  ( -0.7321804635358735158, 0.6811106876392364340, 0.000000000000000000 ) ) ;
#4391 = CARTESIAN_POINT ( 'NONE',  ( 1.545670820298249870, 3.683764155462729839, 0.1000000000000000056 ) ) ;
#4392 = DIRECTION ( 'NONE',  ( 0.000000000000000000, 0.000000000000000000, 1.000000000000000000 ) ) ;
#4393 = FACE_OUTER_BOUND ( 'NONE', #954, .T. ) ;
#4394 = SURFACE_SIDE_STYLE ('',( #6879 ) ) ;
#4395 = DIRECTION ( 'NONE',  ( 0.000000000000000000, 0.000000000000000000, 1.000000000000000000 ) ) ;
#4396 = EDGE_LOOP ( 'NONE', ( #3390, #5517, #1042, #6287 ) ) ;
#4397 = AXIS2_PLACEMENT_3D ( 'NONE', #4731, #3422, #1530 ) ;
#4398 = VERTEX_POINT ( 'NONE', #7952 ) ;
#4399 = EDGE_LOOP ( 'NONE', ( #1641, #2471, #3117, #2534, #3177, #4279, #5062, #6413, #656, #150, #6245, #1334 ) ) ;
#4400 = ADVANCED_FACE ( 'NONE', ( #632 ), #552, .T. ) ;
#4401 = CARTESIAN_POINT ( 'NONE',  ( 2.218759937303210084, 3.879083435370310085, 0.000000000000000000 ) ) ;
#4402 = PLANE ( 'NONE',  #4660 ) ;
#4403 = CARTESIAN_POINT ( 'NONE',  ( -4.302110744186579794, 0.06999999999999999278, -0.03202115314193899887 ) ) ;
#4404 = ADVANCED_FACE ( 'NONE', ( #3669 ), #4325, .T. ) ;
#4405 = PLANE ( 'NONE',  #4224 ) ;
#4406 = FACE_OUTER_BOUND ( 'NONE', #2012, .T. ) ;
#4407 = ORIENTED_EDGE ( 'NONE', *, *, #3849, .F. ) ;
#4408 = EDGE_CURVE ( 'NONE', #4347, #7936, #2279, .T. ) ;
#4409 =( GEOMETRIC_REPRESENTATION_CONTEXT ( 3 ) GLOBAL_UNCERTAINTY_ASSIGNED_CONTEXT ( ( #6317 ) ) GLOBAL_UNIT_ASSIGNED_CONTEXT ( ( #7898, #7823, #5370 ) ) REPRESENTATION_CONTEXT ( 'NONE', 'WORKASPACE' ) );
#4410 = FACE_OUTER_BOUND ( 'NONE', #7586, .T. ) ;
#4411 = CYLINDRICAL_SURFACE ( 'NONE', #3222, 0.05249999999999991479 ) ;
#4412 = EDGE_CURVE ( 'NONE', #2704, #5601, #6807, .T. ) ;
#4413 = CARTESIAN_POINT ( 'NONE',  ( -2.269236315999150211, 3.828665101344280064, 0.000000000000000000 ) ) ;
#4414 = LINE ( 'NONE', #1874, #6975 ) ;
#4415 = ORIENTED_EDGE ( 'NONE', *, *, #802, .T. ) ;
#4416 = VERTEX_POINT ( 'NONE', #1083 ) ;
#4417 =( BOUNDED_CURVE ( )  B_SPLINE_CURVE ( 3, ( #1180, #6667, #4952, #6709 ),
 .UNSPECIFIED., .F., .F. ) 
 B_SPLINE_CURVE_WITH_KNOTS ( ( 4, 4 ),
 ( 4.712388980384689674, 5.471607205002216645 ),
 .UNSPECIFIED. ) 
 CURVE ( )  GEOMETRIC_REPRESENTATION_ITEM ( )  RATIONAL_B_SPLINE_CURVE ( ( 1.000000000000000000, 0.9525397019146168986, 0.9525397019146168986, 1.000000000000000000 ) ) 
 REPRESENTATION_ITEM ( '' )  );
#4418 = STYLED_ITEM ( 'NONE', ( #1847 ), #4667 ) ;
#4419 = B_SPLINE_CURVE_WITH_KNOTS ( 'NONE', 2,
 ( #5128, #6392, #7615, #1945 ),
 .UNSPECIFIED., .F., .F.,
 ( 3, 1, 3 ),
 ( 0.000000000000000000, 1.000000000000000000, 2.000000000000000000 ),
 .UNSPECIFIED. ) ;
#4420 = ADVANCED_FACE ( 'NONE', ( #2475 ), #5614, .T. ) ;
#4421 = CARTESIAN_POINT ( 'NONE',  ( -2.790000000000000036, -1.221999999999999975, -6.375000000000000000 ) ) ;
#4422 = EDGE_LOOP ( 'NONE', ( #6515, #7128, #3412, #6503 ) ) ;
#4423 = DIRECTION ( 'NONE',  ( 1.000000000000000000, 0.000000000000000000, 0.000000000000000000 ) ) ;
#4424 = CARTESIAN_POINT ( 'NONE',  ( -2.023770506913039835, 3.976789341645530218, 0.000000000000000000 ) ) ;
#4425 = LINE ( 'NONE', #2010, #3992 ) ;
#4426 = ORIENTED_EDGE ( 'NONE', *, *, #2442, .T. ) ;
#4427 = ORIENTED_EDGE ( 'NONE', *, *, #5582, .F. ) ;
#4428 = VERTEX_POINT ( 'NONE', #4238 ) ;
#4429 = SURFACE_STYLE_USAGE ( .BOTH. , #4992 ) ;
#4430 = FILL_AREA_STYLE ('',( #1890 ) ) ;
#4431 = DIRECTION ( 'NONE',  ( -1.000000000000000000, 0.000000000000000000, 0.000000000000000000 ) ) ;
#4432 = DIRECTION ( 'NONE',  ( -0.7321804635358735158, 0.6811106876392364340, 0.000000000000000000 ) ) ;
#4433 = CARTESIAN_POINT ( 'NONE',  ( 3.845906236087960117, -2.279999999999999805, -5.678444480417419449 ) ) ;
#4434 = PLANE ( 'NONE',  #4771 ) ;
#4435 = FACE_OUTER_BOUND ( 'NONE', #1725, .T. ) ;
#4436 = ORIENTED_EDGE ( 'NONE', *, *, #4769, .T. ) ;
#4437 = VERTEX_POINT ( 'NONE', #33 ) ;
#4438 = VERTEX_POINT ( 'NONE', #3092 ) ;
#4439 = CARTESIAN_POINT ( 'NONE',  ( 0.2500000000000000000, -1.221999999999999975, -6.074999999999999289 ) ) ;
#4440 = DIRECTION ( 'NONE',  ( 0.000000000000000000, 1.000000000000000000, 0.000000000000000000 ) ) ;
#4441 = DIRECTION ( 'NONE',  ( -0.7071067811865441310, 0.000000000000000000, 0.7071067811865510144 ) ) ;
#4442 = AXIS2_PLACEMENT_3D ( 'NONE', #5015, #6201, #4973 ) ;
#4443 = EDGE_CURVE ( 'NONE', #3318, #7489, #2435, .T. ) ;
#4444 = CARTESIAN_POINT ( 'NONE',  ( -4.500000000000000000, -2.279999999999999805, -6.032654514339300000 ) ) ;
#4445 = CARTESIAN_POINT ( 'NONE',  ( -0.5745235935685080175, 4.050441614025300119, 0.1000000000000000056 ) ) ;
#4446 = ORIENTED_EDGE ( 'NONE', *, *, #5675, .F. ) ;
#4447 = EDGE_CURVE ( 'NONE', #6270, #7847, #2517, .T. ) ;
#4448 = DIRECTION ( 'NONE',  ( -0.000000000000000000, 1.000000000000000000, 0.000000000000000000 ) ) ;
#4449 = CARTESIAN_POINT ( 'NONE',  ( -0.6536678370998361132, 3.643102892731029829, 0.000000000000000000 ) ) ;
#4450 = PRODUCT_DEFINITION_CONTEXT ( 'detailed design', #4242, 'design' ) ;
#4451 = EDGE_CURVE ( 'NONE', #1778, #4511, #6727, .T. ) ;
#4452 = ADVANCED_FACE ( 'NONE', ( #5007 ), #3629, .F. ) ;
#4453 = CARTESIAN_POINT ( 'NONE',  ( -2.059709573002050043, 3.258003616276710090, 0.000000000000000000 ) ) ;
#4454 = DIRECTION ( 'NONE',  ( 0.000000000000000000, -0.9961649871150951574, 0.08749467667225410694 ) ) ;
#4455 = ORIENTED_EDGE ( 'NONE', *, *, #7050, .F. ) ;
#4456 = EDGE_LOOP ( 'NONE', ( #6892, #7530, #739, #7771 ) ) ;
#4457 = ADVANCED_FACE ( 'NONE', ( #513 ), #3012, .T. ) ;
#4458 = LINE ( 'NONE', #6141, #4673 ) ;
#4459 = CIRCLE ( 'NONE', #1173, 0.2500000000000002220 ) ;
#4460 = AXIS2_PLACEMENT_3D ( 'NONE', #932, #2240, #4160 ) ;
#4461 = CARTESIAN_POINT ( 'NONE',  ( -4.296555519582589966, -3.000000000000000000, -6.074999999999999289 ) ) ;
#4462 = ORIENTED_EDGE ( 'NONE', *, *, #1296, .T. ) ;
#4463 = CARTESIAN_POINT ( 'NONE',  ( 0.6946886788421389181, 3.817728494284100105, 0.000000000000000000 ) ) ;
#4464 = LINE ( 'NONE', #6173, #2528 ) ;
#4465 = CARTESIAN_POINT ( 'NONE',  ( -2.290000000000000036, -2.735689314155739904, 6.965958753221239697 ) ) ;
#4466 = VERTEX_POINT ( 'NONE', #1783 ) ;
#4467 = ORIENTED_EDGE ( 'NONE', *, *, #4451, .T. ) ;
#4468 = VECTOR ( 'NONE', #4805, 1000.000000000000114 ) ;
#4469 = VERTEX_POINT ( 'NONE', #4283 ) ;
#4470 = EDGE_CURVE ( 'NONE', #2254, #7831, #4069, .T. ) ;
#4471 = APPLICATION_PROTOCOL_DEFINITION ( 'draft international standard', 'automotive_design', 1998, #5590 ) ;
#4472 = SURFACE_STYLE_USAGE ( .BOTH. , #6914 ) ;
#4473 = DIRECTION ( 'NONE',  ( 0.000000000000000000, -0.06975647374412630164, 0.9975640502598241977 ) ) ;
#4474 = VECTOR ( 'NONE', #373, 1000.000000000000000 ) ;
#4475 = CARTESIAN_POINT ( 'NONE',  ( 1.234176504014399933, 4.043906768229130755, 0.000000000000000000 ) ) ;
#4476 = DIRECTION ( 'NONE',  ( 0.000000000000000000, -0.9975640502598295267, 0.06975647374404986278 ) ) ;
#4477 = ORIENTED_EDGE ( 'NONE', *, *, #3118, .F. ) ;
#4478 = ORIENTED_EDGE ( 'NONE', *, *, #24, .F. ) ;
#4479 = ORIENTED_EDGE ( 'NONE', *, *, #959, .T. ) ;
#4480 = ORIENTED_EDGE ( 'NONE', *, *, #4853, .T. ) ;
#4481 = CARTESIAN_POINT ( 'NONE',  ( 1.280646518564899861, 3.556697709426190013, 0.000000000000000000 ) ) ;
#4482 = CARTESIAN_POINT ( 'NONE',  ( 1.021430968650369975, 3.509501600898329965, 0.1000000000000000056 ) ) ;
#4483 = CARTESIAN_POINT ( 'NONE',  ( 9.540979117872440597E-15, -1.721999999999999975, 6.375000000000000000 ) ) ;
#4484 = DIRECTION ( 'NONE',  ( 0.000000000000000000, 0.000000000000000000, -1.000000000000000000 ) ) ;
#4485 = DIRECTION ( 'NONE',  ( 0.000000000000000000, 0.000000000000000000, -1.000000000000000000 ) ) ;
#4486 = DIRECTION ( 'NONE',  ( 0.000000000000000000, 1.000000000000000000, 0.000000000000000000 ) ) ;
#4487 = ORIENTED_EDGE ( 'NONE', *, *, #2803, .T. ) ;
#4488 = EDGE_CURVE ( 'NONE', #6304, #2199, #5173, .T. ) ;
#4489 = CARTESIAN_POINT ( 'NONE',  ( 1.465074388812219963, 3.824626387068939870, 0.000000000000000000 ) ) ;
#4490 = VECTOR ( 'NONE', #973, 1000.000000000000000 ) ;
#4491 = PRESENTATION_STYLE_ASSIGNMENT (( #1167 ) ) ;
#4492 = CARTESIAN_POINT ( 'NONE',  ( 1.890565459540270110, 3.911757664351140029, 0.000000000000000000 ) ) ;
#4493 = CARTESIAN_POINT ( 'NONE',  ( 0.7999723055581260400, 4.285696062687230246, 0.000000000000000000 ) ) ;
#4494 = PRODUCT_DEFINITION ( 'UNKNOWN', '', #5457, #2080 ) ;
#4495 = VECTOR ( 'NONE', #5475, 1000.000000000000000 ) ;
#4496 = ORIENTED_EDGE ( 'NONE', *, *, #1288, .T. ) ;
#4497 = ORIENTED_EDGE ( 'NONE', *, *, #7942, .T. ) ;
#4498 = ADVANCED_FACE ( 'NONE', ( #1366 ), #7284, .T. ) ;
#4499 = DIRECTION ( 'NONE',  ( 0.000000000000000000, 0.000000000000000000, -1.000000000000000000 ) ) ;
#4500 = EDGE_CURVE ( 'NONE', #709, #5950, #7533, .T. ) ;
#4501 = COLOUR_RGB ( '',0.2862745098039215508, 0.2862745098039215508, 0.2862745098039215508 ) ;
#4502 = DIRECTION ( 'NONE',  ( 0.000000000000000000, 0.000000000000000000, 1.000000000000000000 ) ) ;
#4503 = CARTESIAN_POINT ( 'NONE',  ( 0.1094569330967260085, 3.505871131011580211, 0.000000000000000000 ) ) ;
#4504 = CARTESIAN_POINT ( 'NONE',  ( -2.290000000000000036, -1.471999999999999975, 6.375000000000000000 ) ) ;
#4505 = EDGE_CURVE ( 'NONE', #2090, #7172, #715, .T. ) ;
#4506 = DIRECTION ( 'NONE',  ( 0.000000000000000000, -0.9961649871150949354, 0.08749467667225570289 ) ) ;
#4507 = FACE_OUTER_BOUND ( 'NONE', #2487, .T. ) ;
#4508 = VERTEX_POINT ( 'NONE', #7495 ) ;
#4509 = AXIS2_PLACEMENT_3D ( 'NONE', #4662, #6981, #6365 ) ;
#4510 = ORIENTED_EDGE ( 'NONE', *, *, #66, .F. ) ;
#4511 = VERTEX_POINT ( 'NONE', #2642 ) ;
#4512 = ADVANCED_FACE ( 'NONE', ( #671 ), #7049, .T. ) ;
#4513 = SHAPE_DEFINITION_REPRESENTATION ( #3640, #5444 ) ;
#4514 = LINE ( 'NONE', #4823, #6723 ) ;
#4515 = DIRECTION ( 'NONE',  ( -0.7071067811865475727, -0.7071067811865475727, 0.000000000000000000 ) ) ;
#4516 = CIRCLE ( 'NONE', #204, 0.4999999999999995559 ) ;
#4517 = ORIENTED_EDGE ( 'NONE', *, *, #3513, .F. ) ;
#4518 = PLANE ( 'NONE',  #3170 ) ;
#4519 = ADVANCED_FACE ( 'NONE', ( #1906 ), #7659, .T. ) ;
#4520 = CARTESIAN_POINT ( 'NONE',  ( 1.450552509265190082, 3.427452981457600245, 0.000000000000000000 ) ) ;
#4521 = CARTESIAN_POINT ( 'NONE',  ( -2.231117244740449479, 4.029289341645529987, 0.000000000000000000 ) ) ;
#4522 = VERTEX_POINT ( 'NONE', #4568 ) ;
#4523 = VERTEX_POINT ( 'NONE', #5050 ) ;
#4524 = VERTEX_POINT ( 'NONE', #3824 ) ;
#4525 = VECTOR ( 'NONE', #4138, 1000.000000000000000 ) ;
#4526 = CARTESIAN_POINT ( 'NONE',  ( -1.955893612925333480, 3.752562337631996758, 0.1000000000000000056 ) ) ;
#4527 = CARTESIAN_POINT ( 'NONE',  ( 1.280646518564899861, 3.556697709426190013, 0.1000000000000000056 ) ) ;
#4528 = CYLINDRICAL_SURFACE ( 'NONE', #7509, 0.2500000000000002220 ) ;
#4529 = CARTESIAN_POINT ( 'NONE',  ( -1.546721400342430108, 3.875840976527340054, 0.000000000000000000 ) ) ;
#4530 = PLANE ( 'NONE',  #425 ) ;
#4531 = VECTOR ( 'NONE', #7252, 1000.000000000000227 ) ;
#4532 = CARTESIAN_POINT ( 'NONE',  ( -0.7240989529029440153, 3.810104507521910211, 0.1000000000000000056 ) ) ;
#4533 = FACE_OUTER_BOUND ( 'NONE', #183, .T. ) ;
#4534 = ORIENTED_EDGE ( 'NONE', *, *, #1700, .F. ) ;
#4535 = CARTESIAN_POINT ( 'NONE',  ( -2.290000000000000036, -3.000608987435080088, 7.732439118436020387 ) ) ;
#4536 = SURFACE_SIDE_STYLE ('',( #723 ) ) ;
#4537 = CARTESIAN_POINT ( 'NONE',  ( 2.290000000000000036, -1.721999999999999975, -6.375000000000000000 ) ) ;
#4538 = DIRECTION ( 'NONE',  ( 0.07217646236721332598, -0.9973918779898671705, 0.000000000000000000 ) ) ;
#4539 = VECTOR ( 'NONE', #6533, 1000.000000000000227 ) ;
#4540 = EDGE_LOOP ( 'NONE', ( #4964, #3365, #3968, #7856 ) ) ;
#4541 = VECTOR ( 'NONE', #4604, 1000.000000000000000 ) ;
#4542 = LINE ( 'NONE', #6497, #675 ) ;
#4543 = LINE ( 'NONE', #7675, #6297 ) ;
#4544 = CARTESIAN_POINT ( 'NONE',  ( -0.4946532560598290162, 3.672872745802449934, 0.000000000000000000 ) ) ;
#4545 = DIRECTION ( 'NONE',  ( 1.000000000000000000, 0.000000000000000000, 0.000000000000000000 ) ) ;
#4546 = CARTESIAN_POINT ( 'NONE',  ( -0.3625041521818330170, 4.152820864831879177, 0.1000000000000000056 ) ) ;
#4547 = ORIENTED_EDGE ( 'NONE', *, *, #6094, .T. ) ;
#4548 = ORIENTED_EDGE ( 'NONE', *, *, #2469, .T. ) ;
#4549 =( GEOMETRIC_REPRESENTATION_CONTEXT ( 3 ) GLOBAL_UNCERTAINTY_ASSIGNED_CONTEXT ( ( #8036 ) ) GLOBAL_UNIT_ASSIGNED_CONTEXT ( ( #1034, #2844, #1619 ) ) REPRESENTATION_CONTEXT ( 'NONE', 'WORKASPACE' ) );
#4550 = ORIENTED_EDGE ( 'NONE', *, *, #6487, .T. ) ;
#4551 = SHAPE_REPRESENTATION_RELATIONSHIP ( 'NONE' , 'NONE' ,  #492, #5431 ) ;
#4552 = CARTESIAN_POINT ( 'NONE',  ( -2.745257521101377218, 4.504352955768322175, 0.1000000000000000056 ) ) ;
#4553 = CARTESIAN_POINT ( 'NONE',  ( -1.558624907085859990, 3.394807403769890097, 0.000000000000000000 ) ) ;
#4554 = ORIENTED_EDGE ( 'NONE', *, *, #6242, .F. ) ;
#4555 = CARTESIAN_POINT ( 'NONE',  ( 1.749703227934059857, 3.331608576447190107, 0.1000000000000000056 ) ) ;
#4556 = DIRECTION ( 'NONE',  ( 0.000000000000000000, 0.000000000000000000, 1.000000000000000000 ) ) ;
#4557 = EDGE_CURVE ( 'NONE', #7778, #6065, #4419, .T. ) ;
#4558 = EDGE_CURVE ( 'NONE', #6115, #2914, #1056, .T. ) ;
#4559 = CARTESIAN_POINT ( 'NONE',  ( -1.971270506913040066, 3.976789341645530218, 0.000000000000000000 ) ) ;
#4560 = EDGE_LOOP ( 'NONE', ( #7402, #7672, #1898, #2574 ) ) ;
#4561 = ORIENTED_EDGE ( 'NONE', *, *, #5538, .T. ) ;
#4562 = VERTEX_POINT ( 'NONE', #2031 ) ;
#4563 = ORIENTED_EDGE ( 'NONE', *, *, #7098, .T. ) ;
#4564 = DIRECTION ( 'NONE',  ( 0.000000000000000000, -0.06975647374412541346, 0.9975640502598241977 ) ) ;
#4565 = ADVANCED_FACE ( 'NONE', ( #6889 ), #799, .F. ) ;
#4566 = DIRECTION ( 'NONE',  ( 0.000000000000000000, 0.9961649871150949354, -0.08749467667225570289 ) ) ;
#4567 = DIRECTION ( 'NONE',  ( 0.000000000000000000, 0.000000000000000000, -1.000000000000000000 ) ) ;
#4568 = CARTESIAN_POINT ( 'NONE',  ( 0.4282121891540919822, 4.025754418795340683, 0.000000000000000000 ) ) ;
#4569 = CARTESIAN_POINT ( 'NONE',  ( 1.107110057977859885, 3.611880851704910356, 0.000000000000000000 ) ) ;
#4570 = CARTESIAN_POINT ( 'NONE',  ( 2.126546002179550143, 3.524749574422719967, 0.1000000000000000056 ) ) ;
#4571 = CARTESIAN_POINT ( 'NONE',  ( -0.5382188947009269864, 3.995984565723929460, 0.000000000000000000 ) ) ;
#4572 = VERTEX_POINT ( 'NONE', #840 ) ;
#4573 = EDGE_CURVE ( 'NONE', #7537, #6280, #4330, .T. ) ;
#4574 = LINE ( 'NONE', #2036, #4807 ) ;
#4575 = CARTESIAN_POINT ( 'NONE',  ( -2.319487202381293578, 4.098718177525329409, 0.000000000000000000 ) ) ;
#4576 = CARTESIAN_POINT ( 'NONE',  ( -1.971270506913040066, 3.737185443644290395, 0.1000000000000000056 ) ) ;
#4577 = CARTESIAN_POINT ( 'NONE',  ( -1.884007543767990178, 3.823340976527359825, 0.000000000000000000 ) ) ;
#4578 = ORIENTED_EDGE ( 'NONE', *, *, #1861, .F. ) ;
#4579 = CARTESIAN_POINT ( 'NONE',  ( -4.500000000000000000, 0.4672906105637049667, -6.074999999999999289 ) ) ;
#4580 = PLANE ( 'NONE',  #1722 ) ;
#4581 = CARTESIAN_POINT ( 'NONE',  ( 1.204406650942980272, 3.591550220339069899, 0.1000000000000000056 ) ) ;
#4582 = DIRECTION ( 'NONE',  ( 0.000000000000000000, 0.000000000000000000, 1.000000000000000000 ) ) ;
#4583 = DIRECTION ( 'NONE',  ( 0.000000000000000000, -1.000000000000000000, 4.440892098500630895E-15 ) ) ;
#4584 = CARTESIAN_POINT ( 'NONE',  ( -4.391596839026770560, 0.1642986682315976665, -5.966596839026767185 ) ) ;
#4585 = ORIENTED_EDGE ( 'NONE', *, *, #3465, .T. ) ;
#4586 = VERTEX_POINT ( 'NONE', #3293 ) ;
#4587 =( GEOMETRIC_REPRESENTATION_CONTEXT ( 3 ) GLOBAL_UNCERTAINTY_ASSIGNED_CONTEXT ( ( #5502 ) ) GLOBAL_UNIT_ASSIGNED_CONTEXT ( ( #2105, #2636, #3381 ) ) REPRESENTATION_CONTEXT ( 'NONE', 'WORKASPACE' ) );
#4588 = ORIENTED_EDGE ( 'NONE', *, *, #1813, .T. ) ;
#4589 = AXIS2_PLACEMENT_3D ( 'NONE', #4403, #146, #2559 ) ;
#4590 = ADVANCED_FACE ( 'NONE', ( #1322 ), #8070, .T. ) ;
#4591 = DIRECTION ( 'NONE',  ( 0.000000000000000000, 0.000000000000000000, 1.000000000000000000 ) ) ;
#4592 = CARTESIAN_POINT ( 'NONE',  ( -1.357936258902269877, 3.823340976527330071, 0.000000000000000000 ) ) ;
#4593 = ORIENTED_EDGE ( 'NONE', *, *, #7998, .F. ) ;
#4594 = CARTESIAN_POINT ( 'NONE',  ( 2.790000000000000036, -1.471999999999999975, 6.074999999999999289 ) ) ;
#4595 = CARTESIAN_POINT ( 'NONE',  ( 1.212393684693849893, 3.476101277940159662, 0.000000000000000000 ) ) ;
#4596 = VECTOR ( 'NONE', #4958, 1000.000000000000000 ) ;
#4597 = FACE_OUTER_BOUND ( 'NONE', #6832, .T. ) ;
#4598 = PRODUCT_RELATED_PRODUCT_CATEGORY ( 'part', '', ( #2986 ) ) ;
#4599 = EDGE_LOOP ( 'NONE', ( #6745, #6189, #499, #2221 ) ) ;
#4600 = ORIENTED_EDGE ( 'NONE', *, *, #5412, .F. ) ;
#4601 = ORIENTED_EDGE ( 'NONE', *, *, #986, .F. ) ;
#4602 = ORIENTED_EDGE ( 'NONE', *, *, #5014, .F. ) ;
#4603 = SURFACE_STYLE_USAGE ( .BOTH. , #142 ) ;
#4604 = DIRECTION ( 'NONE',  ( 0.000000000000000000, 0.000000000000000000, 1.000000000000000000 ) ) ;
#4605 = VECTOR ( 'NONE', #4670, 1000.000000000000114 ) ;
#4606 = FACE_OUTER_BOUND ( 'NONE', #141, .T. ) ;
#4607 = CARTESIAN_POINT ( 'NONE',  ( 4.367140764534366504, 0.1875066163658261342, 5.942140764534364905 ) ) ;
#4608 = CARTESIAN_POINT ( 'NONE',  ( 1.234176504014399933, 4.043906768229130755, 0.000000000000000000 ) ) ;
#4609 = FACE_OUTER_BOUND ( 'NONE', #5155, .T. ) ;
#4610 = DIRECTION ( 'NONE',  ( 1.000000000000000000, 0.000000000000000000, 0.000000000000000000 ) ) ;
#4611 = EDGE_CURVE ( 'NONE', #5649, #3156, #1260, .T. ) ;
#4612 = ORIENTED_EDGE ( 'NONE', *, *, #1752, .F. ) ;
#4613 = VECTOR ( 'NONE', #6628, 1000.000000000000000 ) ;
#4614 = DIRECTION ( 'NONE',  ( 0.000000000000000000, 0.000000000000000000, 1.000000000000000000 ) ) ;
#4615 = FACE_OUTER_BOUND ( 'NONE', #835, .T. ) ;
#4616 = DIRECTION ( 'NONE',  ( 1.000000000000000000, 0.000000000000000000, 0.000000000000000000 ) ) ;
#4617 = CIRCLE ( 'NONE', #7996, 0.2500000000000002220 ) ;
#4618 = DIRECTION ( 'NONE',  ( 0.000000000000000000, 0.000000000000000000, -1.000000000000000000 ) ) ;
#4619 = DIRECTION ( 'NONE',  ( 0.000000000000000000, 0.000000000000000000, -1.000000000000000000 ) ) ;
#4620 = EDGE_CURVE ( 'NONE', #253, #1491, #2726, .T. ) ;
#4621 = VERTEX_POINT ( 'NONE', #1531 ) ;
#4622 = CIRCLE ( 'NONE', #3574, 0.05250000000000012990 ) ;
#4623 =( BOUNDED_CURVE ( )  B_SPLINE_CURVE ( 3, ( #3773, #3121, #5036, #3852 ),
 .UNSPECIFIED., .F., .F. ) 
 B_SPLINE_CURVE_WITH_KNOTS ( ( 4, 4 ),
 ( 1.623156204354703203, 2.931783282922106881 ),
 .UNSPECIFIED. ) 
 CURVE ( )  GEOMETRIC_REPRESENTATION_ITEM ( )  RATIONAL_B_SPLINE_CURVE ( ( 1.000000000000000000, 0.8623106034040139978, 0.8623106034040139978, 1.000000000000000000 ) ) 
 REPRESENTATION_ITEM ( '' )  );
#4624 = CARTESIAN_POINT ( 'NONE',  ( -2.290000000000000036, -2.735689314155719920, 6.965958753221239697 ) ) ;
#4625 = CARTESIAN_POINT ( 'NONE',  ( -4.500000000000000000, -1.471999999999999975, 6.074999999999999289 ) ) ;
#4626 = DIRECTION ( 'NONE',  ( -1.000000000000000000, 0.000000000000000000, 0.000000000000000000 ) ) ;
#4627 = CARTESIAN_POINT ( 'NONE',  ( 1.216750248557959990, 3.780334654450490106, 0.000000000000000000 ) ) ;
#4628 = CARTESIAN_POINT ( 'NONE',  ( 1.092588178430830004, 3.331608576447190107, 0.1000000000000000056 ) ) ;
#4629 = CARTESIAN_POINT ( 'NONE',  ( 1.448374227333130149, 3.824626387068939870, 0.000000000000000000 ) ) ;
#4630 = ORIENTED_EDGE ( 'NONE', *, *, #2810, .T. ) ;
#4631 = ORIENTED_EDGE ( 'NONE', *, *, #422, .F. ) ;
#4632 = ORIENTED_EDGE ( 'NONE', *, *, #3565, .F. ) ;
#4633 = DIRECTION ( 'NONE',  ( 0.000000000000000000, 1.000000000000000000, 0.000000000000000000 ) ) ;
#4634 = LINE ( 'NONE', #7034, #4665 ) ;
#4635 = DIRECTION ( 'NONE',  ( 0.000000000000000000, 0.000000000000000000, 1.000000000000000000 ) ) ;
#4636 = EDGE_LOOP ( 'NONE', ( #1473, #7309, #1275, #5589 ) ) ;
#4637 = CARTESIAN_POINT ( 'NONE',  ( 2.290000000000000036, -3.250000000000039968, -7.714999999999999858 ) ) ;
#4638 = LINE ( 'NONE', #2794, #3322 ) ;
#4639 = AXIS2_PLACEMENT_3D ( 'NONE', #6891, #1283, #3631 ) ;
#4640 = CYLINDRICAL_SURFACE ( 'NONE', #593, 0.05249999999999991479 ) ;
#4641 = ORIENTED_EDGE ( 'NONE', *, *, #5213, .F. ) ;
#4642 = ORIENTED_EDGE ( 'NONE', *, *, #5998, .F. ) ;
#4643 = ORIENTED_EDGE ( 'NONE', *, *, #1903, .T. ) ;
#4644 = VERTEX_POINT ( 'NONE', #3986 ) ;
#4645 = LINE ( 'NONE', #3902, #1834 ) ;
#4646 = COLOUR_RGB ( '',0.8313725490196077761, 0.8313725490196077761, 0.8313725490196077761 ) ;
#4647 = CARTESIAN_POINT ( 'NONE',  ( -0.7712950614308000663, 3.643102892731029829, 0.1000000000000000056 ) ) ;
#4648 = CARTESIAN_POINT ( 'NONE',  ( 1.494844241883630076, 3.561054273290299665, 0.1000000000000000056 ) ) ;
#4649 = LINE ( 'NONE', #1577, #6551 ) ;
#4650 = DIRECTION ( 'NONE',  ( 1.000000000000000000, 0.000000000000000000, 0.000000000000000000 ) ) ;
#4651 = CARTESIAN_POINT ( 'NONE',  ( 2.290000000000000036, -1.221999999999999975, 6.375000000000000000 ) ) ;
#4652 = CARTESIAN_POINT ( 'NONE',  ( -0.6485851792583740005, 4.245760893932890134, 0.1000000000000000056 ) ) ;
#4653 = ORIENTED_EDGE ( 'NONE', *, *, #2011, .F. ) ;
#4654 = VECTOR ( 'NONE', #6991, 1000.000000000000000 ) ;
#4655 = EDGE_LOOP ( 'NONE', ( #4024, #5133, #7160, #4554 ) ) ;
#4656 = LINE ( 'NONE', #7752, #7420 ) ;
#4657 = DIRECTION ( 'NONE',  ( 1.000000000000000000, 0.000000000000000000, 0.000000000000000000 ) ) ;
#4658 = EDGE_CURVE ( 'NONE', #3156, #3910, #4732, .T. ) ;
#4659 = CARTESIAN_POINT ( 'NONE',  ( 1.216750248557959990, 3.780334654450490106, 0.000000000000000000 ) ) ;
#4660 = AXIS2_PLACEMENT_3D ( 'NONE', #5048, #1944, #5006 ) ;
#4661 = CARTESIAN_POINT ( 'NONE',  ( -0.7393469264273279107, 4.078759279142010641, 0.1000000000000000056 ) ) ;
#4662 = CARTESIAN_POINT ( 'NONE',  ( -1.936507543767990169, 4.062959866424269428, 0.000000000000000000 ) ) ;
#4663 = EDGE_CURVE ( 'NONE', #1687, #6207, #4112, .T. ) ;
#4664 = ADVANCED_FACE ( 'NONE', ( #4148 ), #2764, .T. ) ;
#4665 = VECTOR ( 'NONE', #6694, 1000.000000000000000 ) ;
#4666 = ORIENTED_EDGE ( 'NONE', *, *, #3621, .T. ) ;
#4667 = ADVANCED_BREP_SHAPE_REPRESENTATION ( '', ( #6818, #1539, #4245, #4095, #6979, #1379, #1670 ), #6893 ) ;
#4668 = DIRECTION ( 'NONE',  ( 0.000000000000000000, 0.000000000000000000, -1.000000000000000000 ) ) ;
#4669 = EDGE_CURVE ( 'NONE', #485, #4234, #5791, .T. ) ;
#4670 = DIRECTION ( 'NONE',  ( 0.000000000000000000, 0.9961649871150949354, 0.08749467667225570289 ) ) ;
#4671 = CARTESIAN_POINT ( 'NONE',  ( 1.759142449639629957, 3.837696078661270160, 0.000000000000000000 ) ) ;
#4672 = CARTESIAN_POINT ( 'NONE',  ( 1.366325607892399985, 3.366461087360060223, 0.000000000000000000 ) ) ;
#4673 = VECTOR ( 'NONE', #6985, 1000.000000000000000 ) ;
#4674 = LINE ( 'NONE', #2829, #324 ) ;
#4675 = LINE ( 'NONE', #5848, #988 ) ;
#4676 = ORIENTED_EDGE ( 'NONE', *, *, #6494, .T. ) ;
#4677 = ORIENTED_EDGE ( 'NONE', *, *, #5303, .T. ) ;
#4678 = VERTEX_POINT ( 'NONE', #1484 ) ;
#4679 = EDGE_CURVE ( 'NONE', #3721, #1642, #413, .T. ) ;
#4680 = DIRECTION ( 'NONE',  ( 0.000000000000000000, 0.000000000000000000, 1.000000000000000000 ) ) ;
#4681 = ORIENTED_EDGE ( 'NONE', *, *, #5395, .F. ) ;
#4682 = LINE ( 'NONE', #990, #7220 ) ;
#4683 = FILL_AREA_STYLE_COLOUR ( '', #4501 ) ;
#4684 = VECTOR ( 'NONE', #1044, 1000.000000000000000 ) ;
#4685 = DIRECTION ( 'NONE',  ( 0.000000000000000000, 0.000000000000000000, -1.000000000000000000 ) ) ;
#4686 = ORIENTED_EDGE ( 'NONE', *, *, #1910, .F. ) ;
#4687 = ORIENTED_EDGE ( 'NONE', *, *, #1603, .F. ) ;
#4688 = EDGE_LOOP ( 'NONE', ( #2331, #1146, #7162, #5473 ) ) ;
#4689 = B_SPLINE_SURFACE_WITH_KNOTS ( 'NONE', 2, 1, ( 
 ( #3782, #1238 ),
 ( #7413, #6923 ),
 ( #5698, #3129 ),
 ( #6968, #5611 ) ),
 .UNSPECIFIED., .F., .F., .F.,
 ( 3, 1, 3 ),
 ( 2, 2 ),
 ( -2.000000000000000000, -1.000000000000000000, 0.000000000000000000 ),
 ( 0.000000000000000000, 0.01000000000000000021 ),
 .UNSPECIFIED. ) ;
#4691 =( BOUNDED_CURVE ( )  B_SPLINE_CURVE ( 3, ( #4804, #1073, #5561, #4227, #6638, #1035, #7287 ),
 .UNSPECIFIED., .F., .T. ) 
 B_SPLINE_CURVE_WITH_KNOTS ( ( 4, 3, 4 ),
 ( 6.025381685944607213, 8.841227869267637374, 11.65707405259066576 ),
 .UNSPECIFIED. ) 
 CURVE ( )  GEOMETRIC_REPRESENTATION_ITEM ( )  RATIONAL_B_SPLINE_CURVE ( ( 1.000000000000000000, 0.4414360541353033462, 0.4414360541353033462, 1.000000000000000000, 0.4414360541353039569, 0.4414360541353039569, 1.000000000000000000 ) ) 
 REPRESENTATION_ITEM ( '' )  );
#4690 = CARTESIAN_POINT ( 'NONE',  ( -0.4946532560598290162, 3.672872745802449934, 0.1000000000000000056 ) ) ;
#4692 = EDGE_LOOP ( 'NONE', ( #7725, #387, #4025, #5471 ) ) ;
#4693 = FACE_OUTER_BOUND ( 'NONE', #1388, .T. ) ;
#4694 = DIRECTION ( 'NONE',  ( 0.000000000000000000, -0.9961649871150950464, 0.08749467667225489798 ) ) ;
#4695 = DIRECTION ( 'NONE',  ( 0.000000000000000000, 0.000000000000000000, 1.000000000000000000 ) ) ;
#4696 = CARTESIAN_POINT ( 'NONE',  ( 1.041035506038869851, 4.007602069361549724, 0.1000000000000000056 ) ) ;
#4697 = CARTESIAN_POINT ( 'NONE',  ( -2.174680787299339890, 3.976789341645530218, 0.000000000000000000 ) ) ;
#4698 = ORIENTED_EDGE ( 'NONE', *, *, #3308, .T. ) ;
#4699 = VERTEX_POINT ( 'NONE', #1657 ) ;
#4700 = CARTESIAN_POINT ( 'NONE',  ( -4.431932583704670137, 0.07680367431158299785, -6.006932583704670314 ) ) ;
#4701 = CARTESIAN_POINT ( 'NONE',  ( 0.008529870244849970320, 3.330882482469830208, 0.000000000000000000 ) ) ;
#4702 = DIRECTION ( 'NONE',  ( 0.05226442768871371325, -0.9972646886342372285, -0.05226442768871591288 ) ) ;
#4703 = ADVANCED_FACE ( 'NONE', ( #5958 ), #6562, .T. ) ;
#4704 = DIRECTION ( 'NONE',  ( 1.000000000000000000, 0.000000000000000000, 0.000000000000000000 ) ) ;
#4705 = CARTESIAN_POINT ( 'NONE',  ( -2.790000000000000036, -2.963206657552649670, -7.197560881563970447 ) ) ;
#4706 = CARTESIAN_POINT ( 'NONE',  ( 0.5894050521261530173, 4.285696062687230246, 0.000000000000000000 ) ) ;
#4707 = EDGE_CURVE ( 'NONE', #4873, #3378, #6639, .T. ) ;
#4708 = EDGE_CURVE ( 'NONE', #6722, #2135, #2109, .T. ) ;
#4709 = PLANE ( 'NONE',  #7207 ) ;
#4710 = LINE ( 'NONE', #7192, #2258 ) ;
#4711 = DIRECTION ( 'NONE',  ( -1.000000000000000000, 0.000000000000000000, 0.000000000000000000 ) ) ;
#4712 = SURFACE_STYLE_FILL_AREA ( #5354 ) ;
#4713 = DIRECTION ( 'NONE',  ( 0.000000000000000000, -0.9975640502598299708, -0.06975647374404468637 ) ) ;
#4714 = EDGE_CURVE ( 'NONE', #2530, #253, #4041, .T. ) ;
#4715 = ORIENTED_EDGE ( 'NONE', *, *, #2387, .T. ) ;
#4716 = EDGE_LOOP ( 'NONE', ( #5320, #5894, #823, #8032 ) ) ;
#4717 = ORIENTED_EDGE ( 'NONE', *, *, #6532, .T. ) ;
#4718 = CIRCLE ( 'NONE', #2614, 0.05250000000000036582 ) ;
#4719 = FACE_OUTER_BOUND ( 'NONE', #5949, .T. ) ;
#4720 = VERTEX_POINT ( 'NONE', #922 ) ;
#4721 = CARTESIAN_POINT ( 'NONE',  ( 1.755511979752869989, 3.774525902631679752, 0.1000000000000000056 ) ) ;
#4722 = DIRECTION ( 'NONE',  ( 0.000000000000000000, 1.000000000000000000, 7.228014483236570338E-16 ) ) ;
#4723 = VECTOR ( 'NONE', #4564, 1000.000000000000114 ) ;
#4724 = ADVANCED_FACE ( 'NONE', ( #5994 ), #2230, .F. ) ;
#4725 = ORIENTED_EDGE ( 'NONE', *, *, #1752, .T. ) ;
#4726 = ORIENTED_EDGE ( 'NONE', *, *, #2983, .F. ) ;
#4727 =( GEOMETRIC_REPRESENTATION_CONTEXT ( 3 ) GLOBAL_UNCERTAINTY_ASSIGNED_CONTEXT ( ( #7541 ) ) GLOBAL_UNIT_ASSIGNED_CONTEXT ( ( #3954, #1955, #3831 ) ) REPRESENTATION_CONTEXT ( 'NONE', 'WORKASPACE' ) );
#4728 = ORIENTED_EDGE ( 'NONE', *, *, #309, .F. ) ;
#4729 = CARTESIAN_POINT ( 'NONE',  ( 1.494844241883630076, 3.561054273290299665, 0.000000000000000000 ) ) ;
#4730 = FILL_AREA_STYLE ('',( #4879 ) ) ;
#4731 = CARTESIAN_POINT ( 'NONE',  ( 2.790000000000000036, -1.221999999999999975, -6.375000000000000000 ) ) ;
#4732 = LINE ( 'NONE', #2805, #7977 ) ;
#4733 = AXIS2_PLACEMENT_3D ( 'NONE', #7850, #5981, #5942 ) ;
#4734 = DIRECTION ( 'NONE',  ( 0.000000000000000000, 0.000000000000000000, -1.000000000000000000 ) ) ;
#4735 = DIRECTION ( 'NONE',  ( 0.000000000000000000, 0.000000000000000000, 1.000000000000000000 ) ) ;
#4736 = LINE ( 'NONE', #5258, #5294 ) ;
#4737 = ORIENTED_EDGE ( 'NONE', *, *, #760, .F. ) ;
#4738 = ORIENTED_EDGE ( 'NONE', *, *, #2123, .F. ) ;
#4739 = VECTOR ( 'NONE', #5215, 1000.000000000000000 ) ;
#4740 = CARTESIAN_POINT ( 'NONE',  ( -0.2042156651191769923, 4.025754418795340683, 0.1000000000000000056 ) ) ;
#4741 = CARTESIAN_POINT ( 'NONE',  ( 1.793268866575149945, 3.537819266015050257, 0.000000000000000000 ) ) ;
#4742 = CARTESIAN_POINT ( 'NONE',  ( -0.2500000000000000000, -1.221999999999999975, -6.375000000000000000 ) ) ;
#4743 = VECTOR ( 'NONE', #7930, 1000.000000000000000 ) ;
#4744 = CARTESIAN_POINT ( 'NONE',  ( 0.2500000000000000000, -1.700126330831939869, -6.624041246778779701 ) ) ;
#4745 = LINE ( 'NONE', #2939, #851 ) ;
#4746 = CARTESIAN_POINT ( 'NONE',  ( 9.540979117872440597E-15, -1.678252661663869993, 6.873082493557559403 ) ) ;
#4747 = AXIS2_PLACEMENT_3D ( 'NONE', #2782, #125, #2617 ) ;
#4748 = FACE_OUTER_BOUND ( 'NONE', #4308, .T. ) ;
#4749 = CARTESIAN_POINT ( 'NONE',  ( 4.391596839026769672, 0.1642986682315978331, 5.966596839026767185 ) ) ;
#4750 = CARTESIAN_POINT ( 'NONE',  ( 1.368503889824450148, 3.871822495596799918, 0.000000000000000000 ) ) ;
#4751 = B_SPLINE_SURFACE_WITH_KNOTS ( 'NONE', 2, 1, ( 
 ( #3738, #6838 ),
 ( #6719, #1231 ),
 ( #3084, #5605 ),
 ( #5451, #3659 ) ),
 .UNSPECIFIED., .F., .F., .F.,
 ( 3, 1, 3 ),
 ( 2, 2 ),
 ( 0.000000000000000000, 1.000000000000000000, 2.000000000000000000 ),
 ( 0.000000000000000000, 0.01000000000000000021 ),
 .UNSPECIFIED. ) ;
#4752 = VERTEX_POINT ( 'NONE', #7862 ) ;
#4753 = EDGE_LOOP ( 'NONE', ( #6426, #4834, #2410, #2677 ) ) ;
#4754 = ADVANCED_FACE ( 'NONE', ( #272 ), #6028, .F. ) ;
#4755 = ORIENTED_EDGE ( 'NONE', *, *, #2983, .T. ) ;
#4756 = AXIS2_PLACEMENT_3D ( 'NONE', #438, #2206, #4704 ) ;
#4757 = EDGE_CURVE ( 'NONE', #2460, #409, #6477, .T. ) ;
#4758 = CARTESIAN_POINT ( 'NONE',  ( 0.9161473419343860725, 3.563958649199709949, 0.000000000000000000 ) ) ;
#4759 = ORIENTED_EDGE ( 'NONE', *, *, #7481, .T. ) ;
#4760 = DIRECTION ( 'NONE',  ( 0.000000000000000000, 0.000000000000000000, 1.000000000000000000 ) ) ;
#4761 = DIRECTION ( 'NONE',  ( 0.000000000000000000, -7.228014483236570338E-16, 1.000000000000000000 ) ) ;
#4762 = ORIENTED_EDGE ( 'NONE', *, *, #3348, .F. ) ;
#4763 = EDGE_CURVE ( 'NONE', #5862, #1480, #2153, .T. ) ;
#4764 = PRESENTATION_LAYER_ASSIGNMENT (  '', '', ( #7616 ) ) ;
#4765 = EDGE_LOOP ( 'NONE', ( #7629, #1650, #2448, #394 ) ) ;
#4766 = EDGE_LOOP ( 'NONE', ( #7198, #3641, #6555, #2265 ) ) ;
#4767 = CYLINDRICAL_SURFACE ( 'NONE', #5750, 0.1299999999999998934 ) ;
#4768 = CARTESIAN_POINT ( 'NONE',  ( 4.296555519582589966, -3.000000000000000000, -5.678444480417419449 ) ) ;
#4769 = EDGE_CURVE ( 'NONE', #6140, #7292, #4649, .T. ) ;
#4770 = CARTESIAN_POINT ( 'NONE',  ( 3.881005358273771133, -2.949731148046337292, 5.997555392153504528 ) ) ;
#4771 = AXIS2_PLACEMENT_3D ( 'NONE', #3933, #2062, #2021 ) ;
#4772 = DIRECTION ( 'NONE',  ( 0.000000000000000000, 0.000000000000000000, -1.000000000000000000 ) ) ;
#4773 = CARTESIAN_POINT ( 'NONE',  ( 9.540979117872440597E-15, -2.757562983323790018, 6.716917506442459995 ) ) ;
#4774 = VERTEX_POINT ( 'NONE', #4839 ) ;
#4775 = EDGE_LOOP ( 'NONE', ( #4221, #3048, #644, #1520 ) ) ;
#4776 = AXIS2_PLACEMENT_3D ( 'NONE', #7022, #814, #2610 ) ;
#4777 = LINE ( 'NONE', #7295, #3888 ) ;
#4778 = CARTESIAN_POINT ( 'NONE',  ( -4.500000000000000000, 0.1642986682315976665, -5.966596839026767185 ) ) ;
#4779 = EDGE_CURVE ( 'NONE', #6280, #1867, #4353, .T. ) ;
#4780 = DIRECTION ( 'NONE',  ( 0.000000000000000000, -3.469446951953610245E-15, -1.000000000000000000 ) ) ;
#4781 = VECTOR ( 'NONE', #26, 1000.000000000000000 ) ;
#4782 = CARTESIAN_POINT ( 'NONE',  ( -1.971270506913040066, 4.029289341645529987, 0.000000000000000000 ) ) ;
#4783 = CARTESIAN_POINT ( 'NONE',  ( 2.290000000000000036, -2.963206657552649670, -7.197560881563960677 ) ) ;
#4784 = DIRECTION ( 'NONE',  ( -1.000000000000000000, 4.959449760758319800E-14, 0.000000000000000000 ) ) ;
#4785 = AXIS2_PLACEMENT_3D ( 'NONE', #5967, #363, #2856 ) ;
#4786 = CARTESIAN_POINT ( 'NONE',  ( 3.750000000000000000, -0.4500000000000000111, 5.502153264050679837 ) ) ;
#4787 = CARTESIAN_POINT ( 'NONE',  ( -0.3073210099031090103, 3.963310336743099960, 0.000000000000000000 ) ) ;
#4788 = CARTESIAN_POINT ( 'NONE',  ( -2.790000000000000036, -1.221999999999999975, -6.375000000000000000 ) ) ;
#4789 = VECTOR ( 'NONE', #2464, 1000.000000000000000 ) ;
#4790 = CARTESIAN_POINT ( 'NONE',  ( -4.430168071342977854, 0.1104725758722863854, -6.005168071342973590 ) ) ;
#4791 = ORIENTED_EDGE ( 'NONE', *, *, #6047, .F. ) ;
#4792 = VERTEX_POINT ( 'NONE', #5409 ) ;
#4793 = EDGE_LOOP ( 'NONE', ( #5490, #172, #2367, #665 ) ) ;
#4794 = CARTESIAN_POINT ( 'NONE',  ( 4.500000000000000000, -1.221999999999999975, 6.074999999999999289 ) ) ;
#4795 = EDGE_CURVE ( 'NONE', #4192, #6130, #539, .T. ) ;
#4796 = ORIENTED_EDGE ( 'NONE', *, *, #5429, .T. ) ;
#4797 = DIRECTION ( 'NONE',  ( 0.000000000000000000, 0.000000000000000000, 1.000000000000000000 ) ) ;
#4798 = FACE_OUTER_BOUND ( 'NONE', #4097, .T. ) ;
#4799 = ORIENTED_EDGE ( 'NONE', *, *, #2149, .F. ) ;
#4800 = EDGE_LOOP ( 'NONE', ( #3407, #1031, #4737, #5489, #3418, #4828, #6053, #5753, #2851, #7329, #4886, #5033 ) ) ;
#4801 = ORIENTED_EDGE ( 'NONE', *, *, #7644, .T. ) ;
#4802 = AXIS2_PLACEMENT_3D ( 'NONE', #6855, #7458, #6813 ) ;
#4803 = CARTESIAN_POINT ( 'NONE',  ( 2.540000000000000036, -2.713815644987700004, -7.214999999999999858 ) ) ;
#4804 = CARTESIAN_POINT ( 'NONE',  ( -1.357936258902269877, 3.823340976527330071, 0.000000000000000000 ) ) ;
#4805 = DIRECTION ( 'NONE',  ( 0.000000000000000000, -0.06975647374412639878, 0.9975640502598241977 ) ) ;
#4806 = EDGE_CURVE ( 'NONE', #1418, #5376, #8017, .T. ) ;
#4807 = VECTOR ( 'NONE', #2814, 1000.000000000000000 ) ;
#4808 = EDGE_CURVE ( 'NONE', #7778, #643, #8058, .T. ) ;
#4809 = LINE ( 'NONE', #2231, #7860 ) ;
#4810 = FACE_OUTER_BOUND ( 'NONE', #1102, .T. ) ;
#4811 = ORIENTED_EDGE ( 'NONE', *, *, #4145, .T. ) ;
#4812 = ORIENTED_EDGE ( 'NONE', *, *, #1440, .F. ) ;
#4813 = EDGE_CURVE ( 'NONE', #5069, #1065, #3578, .T. ) ;
#4814 = ORIENTED_EDGE ( 'NONE', *, *, #7334, .T. ) ;
#4815 = AXIS2_PLACEMENT_3D ( 'NONE', #1972, #1428, #3928 ) ;
#4816 = CARTESIAN_POINT ( 'NONE',  ( -2.269236315999150211, 3.828665101344280064, 0.1000000000000000056 ) ) ;
#4817 = CARTESIAN_POINT ( 'NONE',  ( -1.884007543767990178, 3.875840976527360038, 0.000000000000000000 ) ) ;
#4818 = CARTESIAN_POINT ( 'NONE',  ( -0.7712950614308000663, 3.810104507521910211, 0.000000000000000000 ) ) ;
#4819 = CARTESIAN_POINT ( 'NONE',  ( 0.03321706547480530319, 3.527653950332130250, 0.000000000000000000 ) ) ;
#4820 = LINE ( 'NONE', #327, #581 ) ;
#4821 = ADVANCED_FACE ( 'NONE', ( #504 ), #6833, .T. ) ;
#4822 = CARTESIAN_POINT ( 'NONE',  ( 1.204406650942980272, 3.591550220339069899, 0.1000000000000000056 ) ) ;
#4823 = CARTESIAN_POINT ( 'NONE',  ( 2.206416339688229922, 3.387517812703259690, 0.000000000000000000 ) ) ;
#4824 = DIRECTION ( 'NONE',  ( 1.000000000000000000, 0.000000000000000000, 0.000000000000000000 ) ) ;
#4825 = PLANE ( 'NONE',  #5130 ) ;
#4826 = EDGE_LOOP ( 'NONE', ( #5799, #5281, #1958, #2430 ) ) ;
#4827 = ORIENTED_EDGE ( 'NONE', *, *, #7726, .T. ) ;
#4828 = ORIENTED_EDGE ( 'NONE', *, *, #3660, .F. ) ;
#4829 = CARTESIAN_POINT ( 'NONE',  ( 1.390286709144999744, 3.861657179913879911, 0.000000000000000000 ) ) ;
#4830 = EDGE_LOOP ( 'NONE', ( #2277, #339, #5980, #7274 ) ) ;
#4831 = DIRECTION ( 'NONE',  ( 0.000000000000000000, 0.000000000000000000, 1.000000000000000000 ) ) ;
#4832 = DIRECTION ( 'NONE',  ( -1.000000000000000000, 0.000000000000000000, 0.000000000000000000 ) ) ;
#4833 = VERTEX_POINT ( 'NONE', #2465 ) ;
#4834 = ORIENTED_EDGE ( 'NONE', *, *, #1950, .T. ) ;
#4835 = ORIENTED_EDGE ( 'NONE', *, *, #5359, .T. ) ;
#4836 = EDGE_CURVE ( 'NONE', #6351, #419, #4976, .T. ) ;
#4837 = DIRECTION ( 'NONE',  ( 0.000000000000000000, 0.9961649871150949354, 0.08749467667225570289 ) ) ;
#4838 = CARTESIAN_POINT ( 'NONE',  ( -1.868630649780284703, 3.838717870515067521, 0.1000000000000000056 ) ) ;
#4839 = CARTESIAN_POINT ( 'NONE',  ( -2.290000000000000036, -3.000608987435080088, -7.732439118436020387 ) ) ;
#4840 = CIRCLE ( 'NONE', #4060, 0.4999999999999995559 ) ;
#4841 = CARTESIAN_POINT ( 'NONE',  ( 1.963174857275439722, 3.484088311691030171, 0.000000000000000000 ) ) ;
#4842 = CARTESIAN_POINT ( 'NONE',  ( -3.933977675383208084, -2.999999999999984457, 5.994920913255504580 ) ) ;
#4843 = ORIENTED_EDGE ( 'NONE', *, *, #4679, .F. ) ;
#4844 = EDGE_LOOP ( 'NONE', ( #4023, #122, #4954, #2572 ) ) ;
#4845 = ORIENTED_EDGE ( 'NONE', *, *, #4663, .T. ) ;
#4846 = EDGE_CURVE ( 'NONE', #5069, #6062, #6717, .T. ) ;
#4847 = ADVANCED_FACE ( 'NONE', ( #580 ), #3082, .T. ) ;
#4848 = AXIS2_PLACEMENT_3D ( 'NONE', #5136, #2079, #3346 ) ;
#4849 = LINE ( 'NONE', #3587, #5326 ) ;
#4850 = VECTOR ( 'NONE', #6849, 1000.000000000000000 ) ;
#4851 = CARTESIAN_POINT ( 'NONE',  ( 0.9161473419343860725, 3.386065624748559877, 0.000000000000000000 ) ) ;
#4852 = CARTESIAN_POINT ( 'NONE',  ( 2.126546002179550143, 3.524749574422719967, 0.000000000000000000 ) ) ;
#4853 = EDGE_CURVE ( 'NONE', #7293, #7129, #7288, .T. ) ;
#4854 = CARTESIAN_POINT ( 'NONE',  ( 0.9873045517148459904, 3.524749574422719967, 0.000000000000000000 ) ) ;
#4855 = DIRECTION ( 'NONE',  ( -1.000000000000000000, 0.000000000000000000, 0.000000000000000000 ) ) ;
#4856 = AXIS2_PLACEMENT_3D ( 'NONE', #1849, #5562, #5449 ) ;
#4857 = PLANE ( 'NONE',  #1010 ) ;
#4858 = FILL_AREA_STYLE ('',( #2360 ) ) ;
#4859 = AXIS2_PLACEMENT_3D ( 'NONE', #3340, #190, #603 ) ;
#4860 = EDGE_CURVE ( 'NONE', #4116, #1687, #6676, .T. ) ;
#4861 = CARTESIAN_POINT ( 'NONE',  ( 0.2500000000000000000, -1.721999999999999975, -6.375000000000000000 ) ) ;
#4862 = CARTESIAN_POINT ( 'NONE',  ( -0.5382188947009269864, 3.995984565723929460, 0.1000000000000000056 ) ) ;
#4863 = DIRECTION ( 'NONE',  ( 0.000000000000000000, 0.9961649871150950464, 0.08749467667225489798 ) ) ;
#4864 = ORIENTED_EDGE ( 'NONE', *, *, #2761, .F. ) ;
#4865 = ORIENTED_EDGE ( 'NONE', *, *, #2110, .T. ) ;
#4866 = AXIS2_PLACEMENT_3D ( 'NONE', #3372, #7167, #6511 ) ;
#4867 = CARTESIAN_POINT ( 'NONE',  ( 1.368503889824450148, 3.871822495596799918, 0.000000000000000000 ) ) ;
#4868 = CLOSED_SHELL ( 'NONE', ( #7972, #4519, #7307, #4512, #5239, #6233, #361, #7000, #4214, #5607, #5598, #1190, #1553, #4457, #6004, #2256, #2317, #6797, #7291, #4354, #7328, #3639, #4565, #1802, #4355, #1515, #7501, #6732, #5060, #6943, #4452, #6200, #5096, #4004, #7390, #1152, #843 ) ) ;
#4869 = ORIENTED_EDGE ( 'NONE', *, *, #5961, .T. ) ;
#4870 = CARTESIAN_POINT ( 'NONE',  ( 1.424413126080529945, 4.015589103112420233, 0.1000000000000000056 ) ) ;
#4871 = LINE ( 'NONE', #1803, #7753 ) ;
#4872 = CARTESIAN_POINT ( 'NONE',  ( 0.008529870244849970320, 3.330882482469830208, 0.1000000000000000056 ) ) ;
#4873 = VERTEX_POINT ( 'NONE', #4186 ) ;
#4874 = ORIENTED_EDGE ( 'NONE', *, *, #5800, .F. ) ;
#4875 = EDGE_LOOP ( 'NONE', ( #1305, #7434, #4320, #7722 ) ) ;
#4876 = VECTOR ( 'NONE', #1499, 1000.000000000000000 ) ;
#4877 = CARTESIAN_POINT ( 'NONE',  ( 1.133249441162520021, 3.868192025710039950, 0.000000000000000000 ) ) ;
#4878 = PRODUCT_DEFINITION_SHAPE ( 'NONE', 'NONE',  #8073 ) ;
#4879 = FILL_AREA_STYLE_COLOUR ( '', #1930 ) ;
#4880 = CARTESIAN_POINT ( 'NONE',  ( 0.7999723055581260400, 4.285696062687230246, 0.000000000000000000 ) ) ;
#4881 = CARTESIAN_POINT ( 'NONE',  ( 0.9335735973908250163, 3.563958649199709949, 0.000000000000000000 ) ) ;
#4882 = CYLINDRICAL_SURFACE ( 'NONE', #7728, 0.1299999999999998934 ) ;
#4883 = VECTOR ( 'NONE', #5760, 1000.000000000000227 ) ;
#4884 = DIRECTION ( 'NONE',  ( -1.000000000000000000, 0.000000000000000000, 0.000000000000000000 ) ) ;
#4885 = ORIENTED_EDGE ( 'NONE', *, *, #2308, .T. ) ;
#4886 = ORIENTED_EDGE ( 'NONE', *, *, #7677, .T. ) ;
#4887 = ORIENTED_EDGE ( 'NONE', *, *, #2742, .T. ) ;
#4888 = LINE ( 'NONE', #4194, #4021 ) ;
#4889 = FACE_OUTER_BOUND ( 'NONE', #3377, .T. ) ;
#4890 = DIRECTION ( 'NONE',  ( 0.000000000000000000, -1.000000000000000000, 0.000000000000000000 ) ) ;
#4891 = EDGE_CURVE ( 'NONE', #3731, #5108, #4272, .T. ) ;
#4892 = CARTESIAN_POINT ( 'NONE',  ( -2.337484185486769839, 4.115459866424270530, 0.000000000000000000 ) ) ;
#4893 = DIRECTION ( 'NONE',  ( 0.000000000000000000, 0.9961649871150951574, -0.08749467667225410694 ) ) ;
#4894 = VERTEX_POINT ( 'NONE', #3736 ) ;
#4895 = VECTOR ( 'NONE', #4538, 1000.000000000000114 ) ;
#4896 = ADVANCED_FACE ( 'NONE', ( #1693 ), #3001, .T. ) ;
#4897 = DIRECTION ( 'NONE',  ( 1.000000000000000000, 0.000000000000000000, 0.000000000000000000 ) ) ;
#4898 = PRESENTATION_LAYER_ASSIGNMENT (  '', '', ( #5416 ) ) ;
#4899 = PRESENTATION_STYLE_ASSIGNMENT (( #5580 ) ) ;
#4900 = VECTOR ( 'NONE', #5244, 1000.000000000000000 ) ;
#4901 = FACE_OUTER_BOUND ( 'NONE', #5905, .T. ) ;
#4902 = ADVANCED_FACE ( 'NONE', ( #7941 ), #6220, .T. ) ;
#4903 = ADVANCED_FACE ( 'NONE', ( #7365 ), #1775, .F. ) ;
#4904 = DIRECTION ( 'NONE',  ( 1.000000000000000000, 0.000000000000000000, 0.000000000000000000 ) ) ;
#4905 = LINE ( 'NONE', #6900, #5019 ) ;
#4906 = EDGE_LOOP ( 'NONE', ( #7714, #3196, #7775, #4865 ) ) ;
#4907 = AXIS2_PLACEMENT_3D ( 'NONE', #6540, #1511, #7195 ) ;
#4908 = ORIENTED_EDGE ( 'NONE', *, *, #259, .T. ) ;
#4909 = EDGE_CURVE ( 'NONE', #1387, #4916, #1270, .T. ) ;
#4910 = FACE_OUTER_BOUND ( 'NONE', #4132, .T. ) ;
#4911 = AXIS2_PLACEMENT_3D ( 'NONE', #1782, #5531, #2353 ) ;
#4912 = ORIENTED_EDGE ( 'NONE', *, *, #2486, .F. ) ;
#4913 = CARTESIAN_POINT ( 'NONE',  ( -2.174680787299339890, 3.976789341645530218, 0.000000000000000000 ) ) ;
#4914 = LINE ( 'NONE', #7398, #700 ) ;
#4915 = DIRECTION ( 'NONE',  ( -1.000000000000000000, 0.000000000000000000, 0.000000000000000000 ) ) ;
#4916 = VERTEX_POINT ( 'NONE', #2628 ) ;
#4917 = VERTEX_POINT ( 'NONE', #57 ) ;
#4918 = VERTEX_POINT ( 'NONE', #3278 ) ;
#4919 = EDGE_CURVE ( 'NONE', #5366, #1572, #5903, .T. ) ;
#4920 = CYLINDRICAL_SURFACE ( 'NONE', #3087, 0.05250000000000001193 ) ;
#4921 = CARTESIAN_POINT ( 'NONE',  ( 0.07315223422914499118, 3.505871131011580211, 0.000000000000000000 ) ) ;
#4922 = CARTESIAN_POINT ( 'NONE',  ( 0.2176449357221190151, 3.546532393743270006, 0.000000000000000000 ) ) ;
#4923 = ORIENTED_EDGE ( 'NONE', *, *, #4708, .F. ) ;
#4924 = AXIS2_PLACEMENT_3D ( 'NONE', #4803, #7320, #7859 ) ;
#4925 = ORIENTED_EDGE ( 'NONE', *, *, #4269, .T. ) ;
#4926 = VERTEX_POINT ( 'NONE', #98 ) ;
#4927 = FACE_OUTER_BOUND ( 'NONE', #29, .T. ) ;
#4928 = CARTESIAN_POINT ( 'NONE',  ( 0.9161473419343860725, 3.386065624748559877, 0.000000000000000000 ) ) ;
#4929 = CARTESIAN_POINT ( 'NONE',  ( 3.845906236087969887, -2.279999999999999805, -6.032654514339300000 ) ) ;
#4930 = CYLINDRICAL_SURFACE ( 'NONE', #8002, 0.05249999999999991479 ) ;
#4931 = DIRECTION ( 'NONE',  ( -1.000000000000000000, 0.000000000000000000, 0.000000000000000000 ) ) ;
#4932 = ORIENTED_EDGE ( 'NONE', *, *, #1192, .F. ) ;
#4933 = CIRCLE ( 'NONE', #1540, 0.05250000000000036582 ) ;
#4934 = EDGE_CURVE ( 'NONE', #2988, #2180, #658, .T. ) ;
#4935 = CARTESIAN_POINT ( 'NONE',  ( -4.296555519582589966, -3.000000000000000000, -5.994920913255509021 ) ) ;
#4936 = UNCERTAINTY_MEASURE_WITH_UNIT (LENGTH_MEASURE( 1.000000000000000082E-05 ), #2098, 'distance_accuracy_value', 'NONE');
#4937 = MECHANICAL_DESIGN_GEOMETRIC_PRESENTATION_REPRESENTATION (  '', ( #4418 ), #1674 ) ;
#4938 = LINE ( 'NONE', #6433, #2373 ) ;
#4939 = DIRECTION ( 'NONE',  ( 1.000000000000000000, 0.000000000000000000, 0.000000000000000000 ) ) ;
#4940 = CARTESIAN_POINT ( 'NONE',  ( -0.6057456345946280463, 3.643102892731029829, 0.1000000000000000056 ) ) ;
#4941 = PRODUCT_DEFINITION_SHAPE ( 'NONE', 'NONE',  #8074 ) ;
#4942 = VERTEX_POINT ( 'NONE', #3811 ) ;
#4943 = ORIENTED_EDGE ( 'NONE', *, *, #4891, .F. ) ;
#4944 = ADVANCED_FACE ( 'NONE', ( #6298 ), #1618, .T. ) ;
#4945 = EDGE_CURVE ( 'NONE', #3615, #1245, #20, .T. ) ;
#4946 = DIRECTION ( 'NONE',  ( 1.000000000000000000, 0.000000000000000000, 0.000000000000000000 ) ) ;
#4947 = B_SPLINE_CURVE_WITH_KNOTS ( 'NONE', 2,
 ( #1382, #3315, #1462, #1509 ),
 .UNSPECIFIED., .F., .F.,
 ( 3, 1, 3 ),
 ( -2.000000000000000000, -1.000000000000000000, 0.000000000000000000 ),
 .UNSPECIFIED. ) ;
#4948 = ORIENTED_EDGE ( 'NONE', *, *, #8033, .T. ) ;
#4949 = DIRECTION ( 'NONE',  ( 0.000000000000000000, 0.000000000000000000, -1.000000000000000000 ) ) ;
#4950 = ADVANCED_FACE ( 'NONE', ( #1352 ), #7001, .T. ) ;
#4951 = CARTESIAN_POINT ( 'NONE',  ( 1.950831259660459782, 3.911757664351140029, 0.000000000000000000 ) ) ;
#4952 = CARTESIAN_POINT ( 'NONE',  ( 4.032859235465633851, 0.1875066163658263563, -5.942140764534365793 ) ) ;
#4953 = ORIENTED_EDGE ( 'NONE', *, *, #1796, .T. ) ;
#4954 = ORIENTED_EDGE ( 'NONE', *, *, #2486, .T. ) ;
#4955 = ORIENTED_EDGE ( 'NONE', *, *, #3836, .F. ) ;
#4956 =( NAMED_UNIT ( * ) SI_UNIT ( $, .STERADIAN. ) SOLID_ANGLE_UNIT ( ) );
#4957 = CARTESIAN_POINT ( 'NONE',  ( -0.2500000000000000000, -3.250000000000039968, 7.714999999999999858 ) ) ;
#4958 = DIRECTION ( 'NONE',  ( 0.000000000000000000, 0.000000000000000000, -1.000000000000000000 ) ) ;
#4959 = DIRECTION ( 'NONE',  ( 1.000000000000000000, 0.000000000000000000, 0.000000000000000000 ) ) ;
#4960 = DIRECTION ( 'NONE',  ( 1.000000000000000000, 0.000000000000000000, 0.000000000000000000 ) ) ;
#4961 = EDGE_CURVE ( 'NONE', #215, #5840, #5115, .T. ) ;
#4962 = DIRECTION ( 'NONE',  ( 0.000000000000000000, 0.000000000000000000, 1.000000000000000000 ) ) ;
#4963 = ORIENTED_EDGE ( 'NONE', *, *, #7217, .F. ) ;
#4964 = ORIENTED_EDGE ( 'NONE', *, *, #7677, .F. ) ;
#4965 = VERTEX_POINT ( 'NONE', #5686 ) ;
#4966 = CARTESIAN_POINT ( 'NONE',  ( 1.907265621019359925, 4.046811144138540151, 0.000000000000000000 ) ) ;
#4967 = CARTESIAN_POINT ( 'NONE',  ( -2.269236315999150211, 3.828665101344280064, 0.000000000000000000 ) ) ;
#4968 = CARTESIAN_POINT ( 'NONE',  ( 5.080000000000000071, -1.781585718017569819, 7.817681529351250269 ) ) ;
#4969 = CARTESIAN_POINT ( 'NONE',  ( 2.206416339688229922, 3.561780367267649794, 0.1000000000000000056 ) ) ;
#4970 = ORIENTED_EDGE ( 'NONE', *, *, #6178, .F. ) ;
#4971 = VECTOR ( 'NONE', #3302, 1000.000000000000000 ) ;
#4972 = CIRCLE ( 'NONE', #2363, 0.2500000000000002220 ) ;
#4973 = DIRECTION ( 'NONE',  ( 0.000000000000000000, -1.000000000000000000, 4.440892098500630895E-15 ) ) ;
#4974 =( NAMED_UNIT ( * ) SI_UNIT ( $, .STERADIAN. ) SOLID_ANGLE_UNIT ( ) );
#4975 = LINE ( 'NONE', #3294, #5378 ) ;
#4976 = CIRCLE ( 'NONE', #3026, 0.2500000000000002220 ) ;
#4977 = CARTESIAN_POINT ( 'NONE',  ( 1.409165152556139944, 3.398409222363539595, 0.1000000000000000056 ) ) ;
#4978 = DIRECTION ( 'NONE',  ( 0.000000000000000000, -1.734723475976808672E-15, 1.000000000000000000 ) ) ;
#4979 = ORIENTED_EDGE ( 'NONE', *, *, #6360, .F. ) ;
#4980 = ORIENTED_EDGE ( 'NONE', *, *, #1161, .T. ) ;
#4981 = AXIS2_PLACEMENT_3D ( 'NONE', #519, #6048, #1638 ) ;
#4982 = CARTESIAN_POINT ( 'NONE',  ( 0.2176449357221190151, 4.025754418795340683, 0.1000000000000000056 ) ) ;
#4983 = ORIENTED_EDGE ( 'NONE', *, *, #1176, .T. ) ;
#4984 = CARTESIAN_POINT ( 'NONE',  ( 4.426377359100680309, -2.876803674311580572, 6.001377359100669828 ) ) ;
#4985 = VECTOR ( 'NONE', #3004, 1000.000000000000000 ) ;
#4986 = CARTESIAN_POINT ( 'NONE',  ( -2.790000000000000036, -1.221999999999999975, 6.375000000000000000 ) ) ;
#4987 = CARTESIAN_POINT ( 'NONE',  ( 1.907265621019359925, 4.046811144138540151, 0.1000000000000000056 ) ) ;
#4988 = ORIENTED_EDGE ( 'NONE', *, *, #7998, .T. ) ;
#4989 = VERTEX_POINT ( 'NONE', #6341 ) ;
#4990 = VERTEX_POINT ( 'NONE', #2018 ) ;
#4991 = EDGE_CURVE ( 'NONE', #5594, #3872, #1594, .T. ) ;
#4992 = SURFACE_SIDE_STYLE ('',( #6296 ) ) ;
#4993 = DIRECTION ( 'NONE',  ( 1.000000000000000000, 0.000000000000000000, 0.000000000000000000 ) ) ;
#4994 = CARTESIAN_POINT ( 'NONE',  ( -1.918770506913039853, 3.789685443644290164, 0.000000000000000000 ) ) ;
#4995 = CARTESIAN_POINT ( 'NONE',  ( -2.047874691421690319, 3.860008895240490290, 0.000000000000000000 ) ) ;
#4996 = FACE_OUTER_BOUND ( 'NONE', #4830, .T. ) ;
#4997 = SURFACE_SIDE_STYLE ('',( #5691 ) ) ;
#4998 = EDGE_CURVE ( 'NONE', #619, #2458, #5373, .T. ) ;
#4999 = LINE ( 'NONE', #7487, #2688 ) ;
#5000 = EDGE_LOOP ( 'NONE', ( #1477, #5742, #2092, #4979 ) ) ;
#5001 = VECTOR ( 'NONE', #4618, 1000.000000000000000 ) ;
#5002 = ORIENTED_EDGE ( 'NONE', *, *, #7244, .F. ) ;
#5003 = EDGE_LOOP ( 'NONE', ( #5247, #4337, #4105, #2987 ) ) ;
#5004 = EDGE_CURVE ( 'NONE', #2611, #2811, #6935, .T. ) ;
#5005 = CARTESIAN_POINT ( 'NONE',  ( 2.180276956503570229, 3.377352497020340127, 0.1000000000000000056 ) ) ;
#5006 = DIRECTION ( 'NONE',  ( 1.000000000000000000, 0.000000000000000000, 0.000000000000000000 ) ) ;
#5007 = FACE_OUTER_BOUND ( 'NONE', #5098, .T. ) ;
#5008 = B_SPLINE_CURVE_WITH_KNOTS ( 'NONE', 2,
 ( #1750, #3791, #3635, #3138 ),
 .UNSPECIFIED., .F., .F.,
 ( 3, 1, 3 ),
 ( 0.000000000000000000, 1.000000000000000000, 2.000000000000000000 ),
 .UNSPECIFIED. ) ;
#5009 = CIRCLE ( 'NONE', #834, 0.4999999999999995559 ) ;
#5010 = CARTESIAN_POINT ( 'NONE',  ( -0.7505835578303650113, 4.078759279142010641, 0.000000000000000000 ) ) ;
#5011 = CARTESIAN_POINT ( 'NONE',  ( -2.711193422726100088, 3.627939937238269685, 0.1000000000000000056 ) ) ;
#5012 = ORIENTED_EDGE ( 'NONE', *, *, #6944, .F. ) ;
#5013 = AXIS2_PLACEMENT_3D ( 'NONE', #5727, #4316, #4432 ) ;
#5014 = EDGE_CURVE ( 'NONE', #3925, #3862, #3431, .T. ) ;
#5015 = CARTESIAN_POINT ( 'NONE',  ( -4.500000000000000000, -3.193939448075150178, 6.074999999999999289 ) ) ;
#5016 = CARTESIAN_POINT ( 'NONE',  ( 1.999479556143020309, 3.484088311691030171, 0.1000000000000000056 ) ) ;
#5017 = UNCERTAINTY_MEASURE_WITH_UNIT (LENGTH_MEASURE( 1.000000000000000082E-05 ), #8015, 'distance_accuracy_value', 'NONE');
#5018 = CARTESIAN_POINT ( 'NONE',  ( 0.9604390745528360585, 3.945884081286660017, 0.000000000000000000 ) ) ;
#5019 = VECTOR ( 'NONE', #1957, 1000.000000000000000 ) ;
#5020 = CARTESIAN_POINT ( 'NONE',  ( 1.242163537765269998, 3.899414066736159867, 0.000000000000000000 ) ) ;
#5021 = CARTESIAN_POINT ( 'NONE',  ( -0.2500000000000000000, -1.471999999999999975, -6.375000000000000000 ) ) ;
#5022 = ORIENTED_EDGE ( 'NONE', *, *, #6241, .T. ) ;
#5023 = EDGE_LOOP ( 'NONE', ( #6306, #7820, #10, #5245 ) ) ;
#5024 = VECTOR ( 'NONE', #7918, 1000.000000000000000 ) ;
#5025 = CIRCLE ( 'NONE', #3598, 0.05250000000000007438 ) ;
#5026 = CARTESIAN_POINT ( 'NONE',  ( 2.100406618994890007, 3.351213113835679991, 0.1000000000000000056 ) ) ;
#5027 = CARTESIAN_POINT ( 'NONE',  ( -0.5382188947009269864, 3.957501584924290050, 0.000000000000000000 ) ) ;
#5028 = CIRCLE ( 'NONE', #861, 0.1299999999999998934 ) ;
#5029 = CARTESIAN_POINT ( 'NONE',  ( 2.011097059780639906, 3.774525902631679752, 0.000000000000000000 ) ) ;
#5030 = CARTESIAN_POINT ( 'NONE',  ( -0.4133307305964469824, 4.186947281767399609, 0.1000000000000000056 ) ) ;
#5031 = ORIENTED_EDGE ( 'NONE', *, *, #7250, .T. ) ;
#5032 = VERTEX_POINT ( 'NONE', #703 ) ;
#5033 = ORIENTED_EDGE ( 'NONE', *, *, #3103, .F. ) ;
#5034 = EDGE_CURVE ( 'NONE', #7736, #3925, #6029, .T. ) ;
#5035 = AXIS2_PLACEMENT_3D ( 'NONE', #1692, #6027, #5448 ) ;
#5036 = CARTESIAN_POINT ( 'NONE',  ( 3.920102158037229056, -2.984409320492581674, -5.995737986146001397 ) ) ;
#5037 = CARTESIAN_POINT ( 'NONE',  ( 0.9190517178437930257, 3.820995917182180346, 0.1000000000000000056 ) ) ;
#5038 = CYLINDRICAL_SURFACE ( 'NONE', #3970, 0.2500000000000002220 ) ;
#5039 = DIRECTION ( 'NONE',  ( 0.000000000000000000, 0.000000000000000000, -1.000000000000000000 ) ) ;
#5040 = LINE ( 'NONE', #5075, #5541 ) ;
#5041 = EDGE_LOOP ( 'NONE', ( #2878, #585, #5319, #27, #4550, #6982, #7123, #3732, #2114, #691, #3115, #4035, #5249 ) ) ;
#5042 = AXIS2_PLACEMENT_3D ( 'NONE', #3756, #39, #2982 ) ;
#5043 = EDGE_LOOP ( 'NONE', ( #3128, #4811, #5300, #1888 ) ) ;
#5044 = ORIENTED_EDGE ( 'NONE', *, *, #7385, .F. ) ;
#5045 = VERTEX_POINT ( 'NONE', #2587 ) ;
#5046 = CYLINDRICAL_SURFACE ( 'NONE', #7803, 0.4999999999999995559 ) ;
#5047 = EDGE_CURVE ( 'NONE', #4511, #4018, #7324, .T. ) ;
#5048 = CARTESIAN_POINT ( 'NONE',  ( 1.198710307070390169, 3.683525300010840109, 0.000000000000000000 ) ) ;
#5049 = EDGE_CURVE ( 'NONE', #1347, #2104, #7518, .T. ) ;
#5050 = CARTESIAN_POINT ( 'NONE',  ( -0.7712950614308000663, 3.643102892731029829, 0.000000000000000000 ) ) ;
#5051 = CARTESIAN_POINT ( 'NONE',  ( -0.7240989529029440153, 3.810104507521910211, 0.000000000000000000 ) ) ;
#5052 = CARTESIAN_POINT ( 'NONE',  ( -0.5382188947009269864, 3.957501584924290050, 0.000000000000000000 ) ) ;
#5053 = ADVANCED_FACE ( 'NONE', ( #3930, #6259 ), #5645, .T. ) ;
#5054 = ORIENTED_EDGE ( 'NONE', *, *, #12, .F. ) ;
#5055 = CARTESIAN_POINT ( 'NONE',  ( 4.426377359100680309, -2.876803674311580572, -5.548622640899319336 ) ) ;
#5056 = FACE_OUTER_BOUND ( 'NONE', #1679, .T. ) ;
#5057 = MECHANICAL_DESIGN_GEOMETRIC_PRESENTATION_REPRESENTATION (  '', ( #6230 ), #4549 ) ;
#5058 = CARTESIAN_POINT ( 'NONE',  ( 1.166649764120700095, 3.331608576447190107, 0.1000000000000000056 ) ) ;
#5059 = LINE ( 'NONE', #5545, #1886 ) ;
#5060 = ADVANCED_FACE ( 'NONE', ( #2095 ), #2873, .T. ) ;
#5061 = ORIENTED_EDGE ( 'NONE', *, *, #5369, .T. ) ;
#5062 = ORIENTED_EDGE ( 'NONE', *, *, #6834, .F. ) ;
#5063 = CARTESIAN_POINT ( 'NONE',  ( -0.2500000000000000000, -1.471999999999999975, 6.074999999999999289 ) ) ;
#5064 = CARTESIAN_POINT ( 'NONE',  ( -4.500000000000000000, -1.221999999999999975, -6.074999999999999289 ) ) ;
#5065 = EDGE_LOOP ( 'NONE', ( #4517, #246, #1465, #2068 ) ) ;
#5066 = LINE ( 'NONE', #3842, #2358 ) ;
#5067 = CARTESIAN_POINT ( 'NONE',  ( 2.009644871825940093, 3.841326548548029685, 0.000000000000000000 ) ) ;
#5068 = CARTESIAN_POINT ( 'NONE',  ( 2.290000000000000036, -3.212597670117609994, -7.180121763127949919 ) ) ;
#5069 = VERTEX_POINT ( 'NONE', #7686 ) ;
#5070 = EDGE_LOOP ( 'NONE', ( #2044, #2930, #1608, #7041 ) ) ;
#5071 = VERTEX_POINT ( 'NONE', #2834 ) ;
#5072 = DIRECTION ( 'NONE',  ( 0.000000000000000000, 0.000000000000000000, 1.000000000000000000 ) ) ;
#5073 = DIRECTION ( 'NONE',  ( -1.000000000000000000, 0.000000000000000000, 0.000000000000000000 ) ) ;
#5074 = CARTESIAN_POINT ( 'NONE',  ( 0.007803776267498349975, 3.690299001258890321, 0.1000000000000000056 ) ) ;
#5075 = CARTESIAN_POINT ( 'NONE',  ( -2.227043860893810567, 3.973000077371250160, 0.000000000000000000 ) ) ;
#5076 = EDGE_LOOP ( 'NONE', ( #5291, #3810, #4728, #1758 ) ) ;
#5077 = EDGE_CURVE ( 'NONE', #6670, #2612, #987, .T. ) ;
#5078 = ORIENTED_EDGE ( 'NONE', *, *, #350, .F. ) ;
#5079 = ORIENTED_EDGE ( 'NONE', *, *, #3900, .T. ) ;
#5080 = CARTESIAN_POINT ( 'NONE',  ( 1.204406650942980272, 3.591550220339069899, 0.000000000000000000 ) ) ;
#5081 = LINE ( 'NONE', #4439, #5450 ) ;
#5082 = DIRECTION ( 'NONE',  ( 0.000000000000000000, -3.469446951953610245E-15, 1.000000000000000000 ) ) ;
#5083 = CARTESIAN_POINT ( 'NONE',  ( 1.216750248557959990, 3.780334654450490106, 0.1000000000000000056 ) ) ;
#5084 = CARTESIAN_POINT ( 'NONE',  ( -0.6485851792583740005, 4.245760893932890134, 0.1000000000000000056 ) ) ;
#5085 = LINE ( 'NONE', #3826, #1893 ) ;
#5086 = ORIENTED_EDGE ( 'NONE', *, *, #3298, .T. ) ;
#5087 = EDGE_CURVE ( 'NONE', #6722, #2216, #4017, .T. ) ;
#5088 = ADVANCED_FACE ( 'NONE', ( #260 ), #5991, .T. ) ;
#5089 = DIRECTION ( 'NONE',  ( 0.000000000000000000, -1.000000000000000000, 3.469446951953610245E-15 ) ) ;
#5090 = CARTESIAN_POINT ( 'NONE',  ( 2.100406618994890007, 3.513858164762440062, 0.1000000000000000056 ) ) ;
#5091 = EDGE_CURVE ( 'NONE', #5508, #2252, #3972, .T. ) ;
#5092 = PLANE ( 'NONE',  #1174 ) ;
#5093 = CARTESIAN_POINT ( 'NONE',  ( 2.290000000000000036, -3.212597670117609994, 7.180121763127949919 ) ) ;
#5094 = VECTOR ( 'NONE', #4831, 1000.000000000000000 ) ;
#5095 = DIRECTION ( 'NONE',  ( 1.000000000000000000, 0.000000000000000000, 0.000000000000000000 ) ) ;
#5096 = ADVANCED_FACE ( 'NONE', ( #4054 ), #5856, .F. ) ;
#5097 = PRESENTATION_LAYER_ASSIGNMENT (  '', '', ( #526 ) ) ;
#5098 = EDGE_LOOP ( 'NONE', ( #5442, #3886, #6058, #3701 ) ) ;
#5099 = VERTEX_POINT ( 'NONE', #828 ) ;
#5100 = DIRECTION ( 'NONE',  ( 1.000000000000000000, 0.000000000000000000, 0.000000000000000000 ) ) ;
#5101 = EDGE_CURVE ( 'NONE', #3615, #411, #3411, .T. ) ;
#5102 = AXIS2_PLACEMENT_3D ( 'NONE', #4994, #177, #4515 ) ;
#5103 = LINE ( 'NONE', #6987, #5252 ) ;
#5104 = CARTESIAN_POINT ( 'NONE',  ( 1.759142449639629957, 3.837696078661270160, 0.1000000000000000056 ) ) ;
#5105 = CARTESIAN_POINT ( 'NONE',  ( -2.790000000000000036, -1.678252661663869993, -6.873082493557559403 ) ) ;
#5106 = FACE_OUTER_BOUND ( 'NONE', #6864, .T. ) ;
#5107 = CARTESIAN_POINT ( 'NONE',  ( 2.290000000000000036, -1.221999999999999975, 6.074999999999999289 ) ) ;
#5108 = VERTEX_POINT ( 'NONE', #1519 ) ;
#5109 = ORIENTED_EDGE ( 'NONE', *, *, #1813, .F. ) ;
#5110 = VECTOR ( 'NONE', #4473, 1000.000000000000114 ) ;
#5111 = B_SPLINE_CURVE_WITH_KNOTS ( 'NONE', 2,
 ( #3314, #5804, #3359, #3525 ),
 .UNSPECIFIED., .F., .F.,
 ( 3, 1, 3 ),
 ( -2.000000000000000000, -1.000000000000000000, 0.000000000000000000 ),
 .UNSPECIFIED. ) ;
#5112 = VERTEX_POINT ( 'NONE', #3326 ) ;
#5113 = DIRECTION ( 'NONE',  ( -1.000000000000000000, 0.000000000000000000, 0.000000000000000000 ) ) ;
#5114 = LINE ( 'NONE', #7479, #7371 ) ;
#5115 = LINE ( 'NONE', #7522, #5110 ) ;
#5116 = VECTOR ( 'NONE', #6170, 1000.000000000000000 ) ;
#5117 = PLANE ( 'NONE',  #7237 ) ;
#5118 = PLANE ( 'NONE',  #1860 ) ;
#5119 = PLANE ( 'NONE',  #3466 ) ;
#5120 = PLANE ( 'NONE',  #2168 ) ;
#5121 = ORIENTED_EDGE ( 'NONE', *, *, #3500, .T. ) ;
#5122 = ORIENTED_EDGE ( 'NONE', *, *, #4806, .T. ) ;
#5123 = ORIENTED_EDGE ( 'NONE', *, *, #6934, .T. ) ;
#5124 = VECTOR ( 'NONE', #2875, 1000.000000000000000 ) ;
#5125 = CARTESIAN_POINT ( 'NONE',  ( 1.450552509265190082, 3.427452981457600245, 0.1000000000000000056 ) ) ;
#5126 = CARTESIAN_POINT ( 'NONE',  ( 2.218759937303210084, 3.723699324217069950, 0.000000000000000000 ) ) ;
#5127 = CARTESIAN_POINT ( 'NONE',  ( 2.290000000000000036, -3.000608987435080088, 7.732439118436030157 ) ) ;
#5128 = CARTESIAN_POINT ( 'NONE',  ( 1.001100337284529962, 3.977106122312779934, 0.000000000000000000 ) ) ;
#5129 = FACE_OUTER_BOUND ( 'NONE', #3924, .T. ) ;
#5130 = AXIS2_PLACEMENT_3D ( 'NONE', #5428, #7921, #5974 ) ;
#5131 = DIRECTION ( 'NONE',  ( 0.000000000000000000, 1.000000000000000000, 0.000000000000000000 ) ) ;
#5132 = CARTESIAN_POINT ( 'NONE',  ( 2.218759937303210084, 3.723699324217069950, 0.000000000000000000 ) ) ;
#5133 = ORIENTED_EDGE ( 'NONE', *, *, #1999, .T. ) ;
#5134 = LINE ( 'NONE', #2689, #7020 ) ;
#5135 = VECTOR ( 'NONE', #2692, 1000.000000000000000 ) ;
#5136 = CARTESIAN_POINT ( 'NONE',  ( 3.750000000000000000, -0.4500000000000000111, -3.824999999999999734 ) ) ;
#5137 = FILL_AREA_STYLE_COLOUR ( '', #5235 ) ;
#5138 = EDGE_CURVE ( 'NONE', #7172, #5713, #219, .T. ) ;
#5139 = CARTESIAN_POINT ( 'NONE',  ( -2.790000000000000036, -1.221999999999999975, 6.375000000000000000 ) ) ;
#5140 = LINE ( 'NONE', #7628, #451 ) ;
#5141 = VECTOR ( 'NONE', #3233, 1000.000000000000000 ) ;
#5142 = ORIENTED_EDGE ( 'NONE', *, *, #7583, .T. ) ;
#5143 = LINE ( 'NONE', #2379, #364 ) ;
#5144 = ADVANCED_FACE ( 'NONE', ( #2257 ), #381, .T. ) ;
#5145 = STYLED_ITEM ( 'NONE', ( #6302 ), #1552 ) ;
#5146 = EDGE_CURVE ( 'NONE', #472, #6701, #5201, .T. ) ;
#5147 = CARTESIAN_POINT ( 'NONE',  ( -1.295595907718998241, 4.848680170118590205, 0.1000000000000000056 ) ) ;
#5148 = DIRECTION ( 'NONE',  ( 0.000000000000000000, 0.000000000000000000, -1.000000000000000000 ) ) ;
#5149 = DIRECTION ( 'NONE',  ( 0.000000000000000000, 0.000000000000000000, -1.000000000000000000 ) ) ;
#5150 = DIRECTION ( 'NONE',  ( 0.000000000000000000, -0.9975640502598241977, -0.06975647374412621837 ) ) ;
#5151 = LINE ( 'NONE', #6252, #1113 ) ;
#5152 = ADVANCED_FACE ( 'NONE', ( #4719 ), #6509, .F. ) ;
#5153 = ORIENTED_EDGE ( 'NONE', *, *, #698, .T. ) ;
#5154 = VECTOR ( 'NONE', #3592, 1000.000000000000000 ) ;
#5155 = EDGE_LOOP ( 'NONE', ( #5610, #6660, #6789, #2398 ) ) ;
#5156 = ORIENTED_EDGE ( 'NONE', *, *, #7155, .T. ) ;
#5157 = CARTESIAN_POINT ( 'NONE',  ( 0.000000000000000000, 0.000000000000000000, 3.250000000000000000 ) ) ;
#5158 = CARTESIAN_POINT ( 'NONE',  ( -3.277734966231047764, 3.367345636024779321, 0.000000000000000000 ) ) ;
#5159 = DIRECTION ( 'NONE',  ( -0.7071067811865661135, -0.7071067811865290320, 0.000000000000000000 ) ) ;
#5160 = AXIS2_PLACEMENT_3D ( 'NONE', #1938, #101, #4476 ) ;
#5161 = B_SPLINE_CURVE_WITH_KNOTS ( 'NONE', 2,
 ( #7873, #3549, #2938, #2169 ),
 .UNSPECIFIED., .F., .F.,
 ( 3, 1, 3 ),
 ( -2.000000000000000000, -1.000000000000000000, 0.000000000000000000 ),
 .UNSPECIFIED. ) ;
#5162 = ORIENTED_EDGE ( 'NONE', *, *, #1854, .T. ) ;
#5163 = CARTESIAN_POINT ( 'NONE',  ( -0.4619790270790059550, 3.686668531372129909, 0.1000000000000000056 ) ) ;
#5164 = FACE_OUTER_BOUND ( 'NONE', #532, .T. ) ;
#5165 = LINE ( 'NONE', #7652, #7770 ) ;
#5166 = EDGE_CURVE ( 'NONE', #6740, #7139, #2896, .T. ) ;
#5167 = ORIENTED_EDGE ( 'NONE', *, *, #6337, .T. ) ;
#5168 = EDGE_LOOP ( 'NONE', ( #2421, #4698, #6017, #1717 ) ) ;
#5169 = ORIENTED_EDGE ( 'NONE', *, *, #6603, .T. ) ;
#5170 = VECTOR ( 'NONE', #7844, 1000.000000000000000 ) ;
#5171 = CARTESIAN_POINT ( 'NONE',  ( -0.6674636226695169761, 3.811556695476610024, 0.1000000000000000056 ) ) ;
#5172 = CARTESIAN_POINT ( 'NONE',  ( -4.500000000000000000, -1.221999999999999975, 6.074999999999999289 ) ) ;
#5173 = LINE ( 'NONE', #3868, #25 ) ;
#5174 = DIRECTION ( 'NONE',  ( -0.2633760307099449749, 0.9646932499232458991, 0.000000000000000000 ) ) ;
#5175 = CARTESIAN_POINT ( 'NONE',  ( -0.4133307305964469824, 4.186947281767399609, 0.1000000000000000056 ) ) ;
#5176 = CARTESIAN_POINT ( 'NONE',  ( 2.009644871825940093, 3.841326548548029685, 0.1000000000000000056 ) ) ;
#5177 = ORIENTED_EDGE ( 'NONE', *, *, #4324, .T. ) ;
#5178 = DIRECTION ( 'NONE',  ( 0.7071067811865516806, 0.7071067811865433539, 0.000000000000000000 ) ) ;
#5179 = FILL_AREA_STYLE ('',( #2568 ) ) ;
#5180 = UNCERTAINTY_MEASURE_WITH_UNIT (LENGTH_MEASURE( 1.000000000000000082E-05 ), #4312, 'distance_accuracy_value', 'NONE');
#5181 = CARTESIAN_POINT ( 'NONE',  ( 1.840054881193500025, 3.774525902631679752, 0.000000000000000000 ) ) ;
#5182 = B_SPLINE_CURVE_WITH_KNOTS ( 'NONE', 2,
 ( #3671, #3749, #1127, #515 ),
 .UNSPECIFIED., .F., .F.,
 ( 3, 1, 3 ),
 ( -2.000000000000000000, -1.000000000000000000, 0.000000000000000000 ),
 .UNSPECIFIED. ) ;
#5183 = LINE ( 'NONE', #159, #5135 ) ;
#5184 = FACE_OUTER_BOUND ( 'NONE', #7961, .T. ) ;
#5185 = AXIS2_PLACEMENT_3D ( 'NONE', #7108, #1550, #7837 ) ;
#5186 = ADVANCED_FACE ( 'NONE', ( #1472 ), #871, .F. ) ;
#5187 = EDGE_LOOP ( 'NONE', ( #3235, #6841, #3771, #6504 ) ) ;
#5188 = CARTESIAN_POINT ( 'NONE',  ( 4.442414139561279285, -0.1231963256884170271, -5.532585860438719472 ) ) ;
#5189 = LINE ( 'NONE', #937, #6415 ) ;
#5190 = CARTESIAN_POINT ( 'NONE',  ( 2.540000000000000036, -3.212597670117609994, -7.180121763127949919 ) ) ;
#5191 = CARTESIAN_POINT ( 'NONE',  ( 1.021430968650369975, 3.509501600898329965, 0.000000000000000000 ) ) ;
#5192 = LINE ( 'NONE', #6411, #6578 ) ;
#5193 = FACE_OUTER_BOUND ( 'NONE', #1762, .T. ) ;
#5194 = VERTEX_POINT ( 'NONE', #7773 ) ;
#5195 = EDGE_CURVE ( 'NONE', #2832, #3145, #3027, .T. ) ;
#5196 = ORIENTED_EDGE ( 'NONE', *, *, #4998, .F. ) ;
#5197 = ADVANCED_FACE ( 'NONE', ( #4910 ), #7354, .T. ) ;
#5198 = ORIENTED_EDGE ( 'NONE', *, *, #2072, .F. ) ;
#5199 = CARTESIAN_POINT ( 'NONE',  ( -0.2500000000000000000, -2.963206657552649670, 7.197560881563970447 ) ) ;
#5200 = ADVANCED_FACE ( 'NONE', ( #4258 ), #7311, .T. ) ;
#5201 = LINE ( 'NONE', #5283, #4201 ) ;
#5202 = ORIENTED_EDGE ( 'NONE', *, *, #501, .F. ) ;
#5203 = CARTESIAN_POINT ( 'NONE',  ( 0.1094569330967260085, 3.505871131011580211, 0.1000000000000000056 ) ) ;
#5204 = CARTESIAN_POINT ( 'NONE',  ( 0.2500000000000000000, -1.678252661663869993, -6.873082493557559403 ) ) ;
#5205 = CARTESIAN_POINT ( 'NONE',  ( -0.2500000000000000000, -1.471999999999999975, -6.375000000000000000 ) ) ;
#5206 = EDGE_LOOP ( 'NONE', ( #2920, #5962, #5999, #5638 ) ) ;
#5207 = ORIENTED_EDGE ( 'NONE', *, *, #5708, .F. ) ;
#5208 = ORIENTED_EDGE ( 'NONE', *, *, #4119, .T. ) ;
#5209 = VERTEX_POINT ( 'NONE', #5435 ) ;
#5210 = FILL_AREA_STYLE ('',( #3940 ) ) ;
#5211 = LINE ( 'NONE', #5826, #889 ) ;
#5212 = DIRECTION ( 'NONE',  ( -0.000000000000000000, 1.000000000000000000, 0.000000000000000000 ) ) ;
#5213 = EDGE_CURVE ( 'NONE', #2593, #6853, #3683, .T. ) ;
#5214 = CARTESIAN_POINT ( 'NONE',  ( 1.133249441162520021, 3.842778736502729942, 0.000000000000000000 ) ) ;
#5215 = DIRECTION ( 'NONE',  ( 1.000000000000000000, 0.000000000000000000, 0.000000000000000000 ) ) ;
#5216 = PLANE ( 'NONE',  #7093 ) ;
#5217 = CARTESIAN_POINT ( 'NONE',  ( 1.280646518564899861, 3.533462702150940160, 0.000000000000000000 ) ) ;
#5218 = VERTEX_POINT ( 'NONE', #3072 ) ;
#5219 = CARTESIAN_POINT ( 'NONE',  ( 2.206416339688229922, 3.387517812703259690, 0.000000000000000000 ) ) ;
#5220 = CARTESIAN_POINT ( 'NONE',  ( 2.540000000000000036, -2.963206657552649670, 7.197560881563960677 ) ) ;
#5221 = VECTOR ( 'NONE', #2415, 1000.000000000000000 ) ;
#5222 = FACE_OUTER_BOUND ( 'NONE', #2305, .T. ) ;
#5223 = CARTESIAN_POINT ( 'NONE',  ( 2.290000000000000036, -1.471999999999999975, 6.375000000000000000 ) ) ;
#5224 = CARTESIAN_POINT ( 'NONE',  ( 1.759142449639629957, 3.600263348067290092, 0.000000000000000000 ) ) ;
#5225 = ORIENTED_EDGE ( 'NONE', *, *, #5954, .F. ) ;
#5226 = DIRECTION ( 'NONE',  ( -0.7071067811865661135, -0.7071067811865290320, 0.000000000000000000 ) ) ;
#5227 = CARTESIAN_POINT ( 'NONE',  ( 1.216750248557959990, 3.780334654450490106, 0.000000000000000000 ) ) ;
#5228 = LINE ( 'NONE', #2128, #7738 ) ;
#5229 = CARTESIAN_POINT ( 'NONE',  ( -3.845906236087960117, -2.279999999999999805, -5.678444480417419449 ) ) ;
#5230 = CARTESIAN_POINT ( 'NONE',  ( -4.500000000000000000, 0.4672906105637049667, -6.074999999999999289 ) ) ;
#5231 = FACE_OUTER_BOUND ( 'NONE', #2333, .T. ) ;
#5232 = ORIENTED_EDGE ( 'NONE', *, *, #7690, .F. ) ;
#5233 = VERTEX_POINT ( 'NONE', #3644 ) ;
#5234 = VERTEX_POINT ( 'NONE', #1799 ) ;
#5235 = COLOUR_RGB ( '',1.000000000000000000, 1.000000000000000000, 1.000000000000000000 ) ;
#5236 = B_SPLINE_CURVE_WITH_KNOTS ( 'NONE', 2,
 ( #3214, #1943, #7531, #5570 ),
 .UNSPECIFIED., .F., .F.,
 ( 3, 1, 3 ),
 ( -2.000000000000000000, -1.000000000000000000, 0.000000000000000000 ),
 .UNSPECIFIED. ) ;
#5237 = DIRECTION ( 'NONE',  ( 0.000000000000000000, 1.000000000000000000, 0.000000000000000000 ) ) ;
#5238 = CARTESIAN_POINT ( 'NONE',  ( -2.281047728045660250, 4.062959866424269428, 0.000000000000000000 ) ) ;
#5239 = ADVANCED_FACE ( 'NONE', ( #4301 ), #5472, .T. ) ;
#5240 = ORIENTED_EDGE ( 'NONE', *, *, #6852, .T. ) ;
#5241 = CARTESIAN_POINT ( 'NONE',  ( 2.218759937303210084, 3.723699324217069950, 0.000000000000000000 ) ) ;
#5242 = FACE_OUTER_BOUND ( 'NONE', #4753, .T. ) ;
#5243 = AXIS2_PLACEMENT_3D ( 'NONE', #1308, #5603, #3855 ) ;
#5244 = DIRECTION ( 'NONE',  ( 0.000000000000000000, 7.228014483236570338E-16, 1.000000000000000000 ) ) ;
#5245 = ORIENTED_EDGE ( 'NONE', *, *, #6301, .T. ) ;
#5246 = EDGE_LOOP ( 'NONE', ( #1514, #1911, #6322, #3712 ) ) ;
#5247 = ORIENTED_EDGE ( 'NONE', *, *, #6645, .F. ) ;
#5248 = EDGE_CURVE ( 'NONE', #7063, #1059, #3042, .T. ) ;
#5249 = ORIENTED_EDGE ( 'NONE', *, *, #5049, .T. ) ;
#5250 = CARTESIAN_POINT ( 'NONE',  ( -1.971270506913040066, 4.029289341645529987, 0.000000000000000000 ) ) ;
#5251 = CARTESIAN_POINT ( 'NONE',  ( -2.290000000000000036, -3.250000000000039968, 7.714999999999999858 ) ) ;
#5252 = VECTOR ( 'NONE', #7511, 1000.000000000000000 ) ;
#5253 = CARTESIAN_POINT ( 'NONE',  ( 1.159388824347180158, 4.043906768229130755, 0.1000000000000000056 ) ) ;
#5254 = DIRECTION ( 'NONE',  ( 0.000000000000000000, -4.440892098500630895E-15, -1.000000000000000000 ) ) ;
#5255 = EDGE_CURVE ( 'NONE', #6606, #4233, #453, .T. ) ;
#5256 = CARTESIAN_POINT ( 'NONE',  ( -4.500000000000000000, -1.471999999999999975, 6.074999999999999289 ) ) ;
#5257 = CARTESIAN_POINT ( 'NONE',  ( 1.041035506038869851, 4.007602069361549724, 0.000000000000000000 ) ) ;
#5258 = CARTESIAN_POINT ( 'NONE',  ( -4.007005230844689514, -3.000000000000000000, 5.994920913255509021 ) ) ;
#5259 = ORIENTED_EDGE ( 'NONE', *, *, #3655, .F. ) ;
#5260 = VECTOR ( 'NONE', #4695, 1000.000000000000000 ) ;
#5261 = VERTEX_POINT ( 'NONE', #4794 ) ;
#5262 = EDGE_CURVE ( 'NONE', #105, #6096, #7429, .T. ) ;
#5263 = CARTESIAN_POINT ( 'NONE',  ( 2.290000000000000036, -1.678252661663869993, 6.873082493557559403 ) ) ;
#5264 = CARTESIAN_POINT ( 'NONE',  ( -4.500000000000000000, -1.221999999999999975, -6.074999999999999289 ) ) ;
#5265 = UNCERTAINTY_MEASURE_WITH_UNIT (LENGTH_MEASURE( 1.000000000000000082E-05 ), #7623, 'distance_accuracy_value', 'NONE');
#5266 = DIRECTION ( 'NONE',  ( 1.000000000000000000, 0.000000000000000000, 0.000000000000000000 ) ) ;
#5267 = AXIS2_PLACEMENT_3D ( 'NONE', #2007, #5148, #2047 ) ;
#5268 = CARTESIAN_POINT ( 'NONE',  ( 0.1308143778791139855, 3.699174868677640227, 0.1000000000000000056 ) ) ;
#5269 = CARTESIAN_POINT ( 'NONE',  ( 2.290000000000000036, -1.700126330831939869, 6.624041246778789471 ) ) ;
#5270 = ADVANCED_FACE ( 'NONE', ( #2334 ), #6572, .T. ) ;
#5271 = ORIENTED_EDGE ( 'NONE', *, *, #642, .F. ) ;
#5272 = VECTOR ( 'NONE', #1956, 1000.000000000000000 ) ;
#5273 = CARTESIAN_POINT ( 'NONE',  ( 2.290000000000000036, -3.250000000000000000, 7.714999999999999858 ) ) ;
#5274 = CARTESIAN_POINT ( 'NONE',  ( 1.756238073730219895, 3.647459456595139926, 0.1000000000000000056 ) ) ;
#5275 = AXIS2_PLACEMENT_3D ( 'NONE', #1987, #6972, #1140 ) ;
#5276 = CARTESIAN_POINT ( 'NONE',  ( -2.790000000000000036, -1.221999999999999975, 6.375000000000000000 ) ) ;
#5277 = CARTESIAN_POINT ( 'NONE',  ( 1.166649764120700095, 3.331608576447190107, 0.000000000000000000 ) ) ;
#5278 = FACE_OUTER_BOUND ( 'NONE', #3561, .T. ) ;
#5279 = DIRECTION ( 'NONE',  ( 1.000000000000000000, 0.000000000000000000, 0.000000000000000000 ) ) ;
#5280 = ORIENTED_EDGE ( 'NONE', *, *, #2469, .F. ) ;
#5281 = ORIENTED_EDGE ( 'NONE', *, *, #6747, .F. ) ;
#5282 = VERTEX_POINT ( 'NONE', #1682 ) ;
#5283 = CARTESIAN_POINT ( 'NONE',  ( 1.890565459540270110, 3.911757664351140029, 0.000000000000000000 ) ) ;
#5284 = EDGE_LOOP ( 'NONE', ( #1400, #7760, #5225, #6148 ) ) ;
#5285 = FACE_OUTER_BOUND ( 'NONE', #6158, .T. ) ;
#5286 = AXIS2_PLACEMENT_3D ( 'NONE', #1745, #1244, #1785 ) ;
#5287 = CARTESIAN_POINT ( 'NONE',  ( -2.790000000000000036, -1.221999999999999975, -6.375000000000000000 ) ) ;
#5288 = ORIENTED_EDGE ( 'NONE', *, *, #2707, .F. ) ;
#5289 = ORIENTED_EDGE ( 'NONE', *, *, #372, .T. ) ;
#5290 = ORIENTED_EDGE ( 'NONE', *, *, #4779, .F. ) ;
#5291 = ORIENTED_EDGE ( 'NONE', *, *, #3604, .T. ) ;
#5292 = ADVANCED_FACE ( 'NONE', ( #6095 ), #3055, .F. ) ;
#5293 = CARTESIAN_POINT ( 'NONE',  ( 1.078792392861150029, 3.620593979433130105, 0.1000000000000000056 ) ) ;
#5294 = VECTOR ( 'NONE', #2233, 1000.000000000000000 ) ;
#5295 = CARTESIAN_POINT ( 'NONE',  ( 1.494844241883630076, 3.636568046934870235, 0.1000000000000000056 ) ) ;
#5296 = CARTESIAN_POINT ( 'NONE',  ( 4.302110744186579794, 0.2000000000000000111, 5.877110744186579971 ) ) ;
#5297 = LINE ( 'NONE', #7786, #2253 ) ;
#5298 = LINE ( 'NONE', #1766, #1090 ) ;
#5299 = CARTESIAN_POINT ( 'NONE',  ( -0.2500000000000000000, -1.221999999999999975, -6.375000000000000000 ) ) ;
#5300 = ORIENTED_EDGE ( 'NONE', *, *, #3763, .F. ) ;
#5301 = AXIS2_PLACEMENT_3D ( 'NONE', #1385, #3234, #3768 ) ;
#5302 = ORIENTED_EDGE ( 'NONE', *, *, #7990, .T. ) ;
#5303 = EDGE_CURVE ( 'NONE', #7847, #6102, #604, .T. ) ;
#5304 = EDGE_CURVE ( 'NONE', #5099, #5594, #5398, .T. ) ;
#5305 = CARTESIAN_POINT ( 'NONE',  ( -0.2500000000000000000, -2.757562983323790018, -6.716917506442459995 ) ) ;
#5306 = DIRECTION ( 'NONE',  ( 0.000000000000000000, 0.000000000000000000, 1.000000000000000000 ) ) ;
#5307 = CARTESIAN_POINT ( 'NONE',  ( -4.500000000000000000, -1.221999999999999975, 6.074999999999999289 ) ) ;
#5308 = AXIS2_PLACEMENT_3D ( 'NONE', #1202, #7333, #512 ) ;
#5309 = EDGE_CURVE ( 'NONE', #2298, #8011, #2370, .T. ) ;
#5310 = FACE_OUTER_BOUND ( 'NONE', #7210, .T. ) ;
#5311 = FACE_OUTER_BOUND ( 'NONE', #7282, .T. ) ;
#5312 = EDGE_CURVE ( 'NONE', #2666, #7382, #5103, .T. ) ;
#5313 = DIRECTION ( 'NONE',  ( 0.000000000000000000, 0.000000000000000000, -1.000000000000000000 ) ) ;
#5314 = DIRECTION ( 'NONE',  ( 1.000000000000000000, 6.651025867514710557E-15, 0.000000000000000000 ) ) ;
#5315 = DIRECTION ( 'NONE',  ( 0.000000000000000000, 0.000000000000000000, 1.000000000000000000 ) ) ;
#5316 = CIRCLE ( 'NONE', #7662, 0.05250000000000007438 ) ;
#5317 = CARTESIAN_POINT ( 'NONE',  ( 2.290000000000000036, -3.212597670117609994, 7.180121763127949919 ) ) ;
#5318 = DIRECTION ( 'NONE',  ( 0.000000000000000000, 0.000000000000000000, 1.000000000000000000 ) ) ;
#5319 = ORIENTED_EDGE ( 'NONE', *, *, #2403, .T. ) ;
#5320 = ORIENTED_EDGE ( 'NONE', *, *, #1442, .F. ) ;
#5321 = EDGE_LOOP ( 'NONE', ( #340, #1920, #4738, #3248 ) ) ;
#5322 = CARTESIAN_POINT ( 'NONE',  ( 2.790000000000000036, -3.000608987435080088, 7.732439118436030157 ) ) ;
#5323 = VERTEX_POINT ( 'NONE', #3801 ) ;
#5324 = CARTESIAN_POINT ( 'NONE',  ( 4.150000000000000355, -3.000000000000000000, -5.678444480417419449 ) ) ;
#5325 = DIRECTION ( 'NONE',  ( 0.000000000000000000, 0.000000000000000000, 1.000000000000000000 ) ) ;
#5326 = VECTOR ( 'NONE', #5491, 1000.000000000000000 ) ;
#5327 = PLANE ( 'NONE',  #7379 ) ;
#5328 = VERTEX_POINT ( 'NONE', #9 ) ;
#5329 = ORIENTED_EDGE ( 'NONE', *, *, #951, .T. ) ;
#5330 = ORIENTED_EDGE ( 'NONE', *, *, #6983, .T. ) ;
#5331 = B_SPLINE_SURFACE_WITH_KNOTS ( 'NONE', 2, 1, ( 
 ( #7524, #6878 ),
 ( #787, #2630 ),
 ( #7649, #3858 ),
 ( #3203, #5074 ) ),
 .UNSPECIFIED., .F., .F., .F.,
 ( 3, 1, 3 ),
 ( 2, 2 ),
 ( -2.000000000000000000, -1.000000000000000000, 0.000000000000000000 ),
 ( 0.000000000000000000, 0.01000000000000000021 ),
 .UNSPECIFIED. ) ;
#5332 = PRODUCT_DEFINITION_FORMATION_WITH_SPECIFIED_SOURCE ( 'ANY', '', #5391, .NOT_KNOWN. ) ;
#5333 = CARTESIAN_POINT ( 'NONE',  ( -2.790000000000000036, -2.713815644987700004, -7.214999999999999858 ) ) ;
#5334 = DIRECTION ( 'NONE',  ( 0.000000000000000000, 0.000000000000000000, 1.000000000000000000 ) ) ;
#5335 = CARTESIAN_POINT ( 'NONE',  ( -3.766115253892839743, -3.883792513728000273, 0.000000000000000000 ) ) ;
#5336 = EDGE_CURVE ( 'NONE', #3681, #4917, #3187, .T. ) ;
#5337 = CARTESIAN_POINT ( 'NONE',  ( 0.007803776267498349975, 4.025754418795340683, 0.000000000000000000 ) ) ;
#5338 = LINE ( 'NONE', #393, #6986 ) ;
#5339 = EDGE_LOOP ( 'NONE', ( #695, #3167, #666, #1185 ) ) ;
#5340 = VERTEX_POINT ( 'NONE', #3880 ) ;
#5341 =( REPRESENTATION_RELATIONSHIP ('NONE','NONE', #690, #492 ) REPRESENTATION_RELATIONSHIP_WITH_TRANSFORMATION ( #868 )SHAPE_REPRESENTATION_RELATIONSHIP( ) );
#5342 = DIRECTION ( 'NONE',  ( 0.8307716891832557238, -0.5566133311838658004, 0.000000000000000000 ) ) ;
#5343 = CARTESIAN_POINT ( 'NONE',  ( 2.790000000000000036, -2.735689314155719920, -6.965958753221239697 ) ) ;
#5344 = CARTESIAN_POINT ( 'NONE',  ( 1.133249441162520021, 3.819543729227480089, 0.1000000000000000056 ) ) ;
#5345 = ADVANCED_FACE ( 'NONE', ( #1339 ), #5757, .T. ) ;
#5346 = EDGE_CURVE ( 'NONE', #5982, #7510, #6248, .T. ) ;
#5347 = CARTESIAN_POINT ( 'NONE',  ( -1.995049911313239832, 4.311158134903969597, 0.000000000000000000 ) ) ;
#5348 = LINE ( 'NONE', #1013, #2940 ) ;
#5349 = EDGE_CURVE ( 'NONE', #1697, #6460, #6327, .T. ) ;
#5350 = LINE ( 'NONE', #2696, #8047 ) ;
#5351 = DIRECTION ( 'NONE',  ( 0.000000000000000000, 0.000000000000000000, -1.000000000000000000 ) ) ;
#5352 = EDGE_CURVE ( 'NONE', #7604, #1857, #6945, .T. ) ;
#5353 = CARTESIAN_POINT ( 'NONE',  ( -0.5992107887984640113, 4.060606929708220569, 0.1000000000000000056 ) ) ;
#5354 = FILL_AREA_STYLE ('',( #6581 ) ) ;
#5355 = PLANE ( 'NONE',  #342 ) ;
#5356 = ORIENTED_EDGE ( 'NONE', *, *, #1570, .T. ) ;
#5357 = ORIENTED_EDGE ( 'NONE', *, *, #7684, .T. ) ;
#5358 = ORIENTED_EDGE ( 'NONE', *, *, #5004, .T. ) ;
#5359 = EDGE_CURVE ( 'NONE', #2612, #4916, #241, .T. ) ;
#5360 = CARTESIAN_POINT ( 'NONE',  ( 1.212393684693849893, 3.476101277940159662, 0.000000000000000000 ) ) ;
#5361 = ORIENTED_EDGE ( 'NONE', *, *, #2300, .F. ) ;
#5362 = LINE ( 'NONE', #7240, #2780 ) ;
#5363 = DIRECTION ( 'NONE',  ( 0.000000000000000000, -0.9961649871150950464, -0.08749467667225489798 ) ) ;
#5364 = PRESENTATION_LAYER_ASSIGNMENT (  '', '', ( #283 ) ) ;
#5365 = VERTEX_POINT ( 'NONE', #3110 ) ;
#5366 = VERTEX_POINT ( 'NONE', #4421 ) ;
#5367 = AXIS2_PLACEMENT_3D ( 'NONE', #3339, #7013, #4484 ) ;
#5368 = ORIENTED_EDGE ( 'NONE', *, *, #7097, .F. ) ;
#5369 = EDGE_CURVE ( 'NONE', #4172, #1899, #2459, .T. ) ;
#5370 =( NAMED_UNIT ( * ) SI_UNIT ( $, .STERADIAN. ) SOLID_ANGLE_UNIT ( ) );
#5371 = DIRECTION ( 'NONE',  ( 0.000000000000000000, 0.000000000000000000, 1.000000000000000000 ) ) ;
#5372 = CARTESIAN_POINT ( 'NONE',  ( 4.335825851129594177, 0.2000000000000000666, 5.910825851129593467 ) ) ;
#5373 = CIRCLE ( 'NONE', #4334, 0.3745936686793079895 ) ;
#5374 = FACE_OUTER_BOUND ( 'NONE', #3079, .T. ) ;
#5375 = LINE ( 'NONE', #7864, #3075 ) ;
#5376 = VERTEX_POINT ( 'NONE', #6286 ) ;
#5377 = EDGE_LOOP ( 'NONE', ( #3169, #3797, #4389, #6543 ) ) ;
#5378 = VECTOR ( 'NONE', #7423, 1000.000000000000000 ) ;
#5379 = LINE ( 'NONE', #6079, #3506 ) ;
#5380 = DIRECTION ( 'NONE',  ( 0.7257516997857471619, -0.6879567357458599153, 0.000000000000000000 ) ) ;
#5381 = VECTOR ( 'NONE', #3164, 1000.000000000000000 ) ;
#5382 = CARTESIAN_POINT ( 'NONE',  ( 1.001100337284529962, 3.977106122312779934, 0.1000000000000000056 ) ) ;
#5383 = DIRECTION ( 'NONE',  ( 0.8597763410315684141, -0.5106707779013481829, 0.000000000000000000 ) ) ;
#5384 = EDGE_CURVE ( 'NONE', #5392, #1716, #6824, .T. ) ;
#5385 = CARTESIAN_POINT ( 'NONE',  ( 1.409165152556139944, 3.398409222363539595, 0.1000000000000000056 ) ) ;
#5386 = CARTESIAN_POINT ( 'NONE',  ( -3.277734966231047764, 3.367345636024779321, 0.1000000000000000056 ) ) ;
#5387 = DIRECTION ( 'NONE',  ( 0.000000000000000000, 0.000000000000000000, -1.000000000000000000 ) ) ;
#5388 = PLANE ( 'NONE',  #5925 ) ;
#5389 = VECTOR ( 'NONE', #8030, 1000.000000000000114 ) ;
#5390 = CARTESIAN_POINT ( 'NONE',  ( 1.249424477538779943, 3.581384904656149892, 0.000000000000000000 ) ) ;
#5391 = PRODUCT ( '2^Pulse_-_HM2113ZNL.step', '2^Pulse_-_HM2113ZNL.step', '', ( #2093 ) ) ;
#5392 = VERTEX_POINT ( 'NONE', #4381 ) ;
#5393 = EDGE_LOOP ( 'NONE', ( #3937, #4874, #3184, #3487 ) ) ;
#5394 = ORIENTED_EDGE ( 'NONE', *, *, #6741, .T. ) ;
#5395 = EDGE_CURVE ( 'NONE', #1525, #3862, #3230, .T. ) ;
#5396 = ADVANCED_FACE ( 'NONE', ( #1218 ), #7224, .T. ) ;
#5397 = VECTOR ( 'NONE', #4545, 1000.000000000000000 ) ;
#5398 = LINE ( 'NONE', #7888, #7853 ) ;
#5399 = ORIENTED_EDGE ( 'NONE', *, *, #2160, .T. ) ;
#5400 = DIRECTION ( 'NONE',  ( 1.000000000000000000, 0.000000000000000000, 0.000000000000000000 ) ) ;
#5401 = EDGE_CURVE ( 'NONE', #523, #2264, #6211, .T. ) ;
#5402 = DIRECTION ( 'NONE',  ( 0.000000000000000000, 1.000000000000000000, 0.000000000000000000 ) ) ;
#5403 = ORIENTED_EDGE ( 'NONE', *, *, #2544, .F. ) ;
#5404 = ORIENTED_EDGE ( 'NONE', *, *, #4558, .F. ) ;
#5405 = EDGE_LOOP ( 'NONE', ( #4255, #2378, #815, #4051 ) ) ;
#5406 = FILL_AREA_STYLE ('',( #3502 ) ) ;
#5407 = DIRECTION ( 'NONE',  ( -1.000000000000000000, 0.000000000000000000, 0.000000000000000000 ) ) ;
#5408 = CARTESIAN_POINT ( 'NONE',  ( 1.419330468239069942, 3.727329794103820149, 0.000000000000000000 ) ) ;
#5409 = CARTESIAN_POINT ( 'NONE',  ( -0.2500000000000000000, -3.212597670117609994, -7.180121763127949919 ) ) ;
#5410 = AXIS2_PLACEMENT_3D ( 'NONE', #974, #4125, #3479 ) ;
#5411 = CARTESIAN_POINT ( 'NONE',  ( -2.348505956076859746, 3.792797869477800177, 0.000000000000000000 ) ) ;
#5412 = EDGE_CURVE ( 'NONE', #6140, #3025, #1962, .T. ) ;
#5413 = CARTESIAN_POINT ( 'NONE',  ( 2.183907426390330198, 3.561780367267649794, 0.1000000000000000056 ) ) ;
#5414 = ORIENTED_EDGE ( 'NONE', *, *, #6656, .T. ) ;
#5415 = ORIENTED_EDGE ( 'NONE', *, *, #2447, .T. ) ;
#5416 = STYLED_ITEM ( 'NONE', ( #1307 ), #4095 ) ;
#5417 = ORIENTED_EDGE ( 'NONE', *, *, #60, .F. ) ;
#5418 = VECTOR ( 'NONE', #6073, 1000.000000000000000 ) ;
#5419 = DIRECTION ( 'NONE',  ( 0.000000000000000000, 7.228014483236570338E-16, -1.000000000000000000 ) ) ;
#5420 = CARTESIAN_POINT ( 'NONE',  ( 2.290000000000000036, -2.963206657552649670, -7.197560881563970447 ) ) ;
#5421 = FACE_OUTER_BOUND ( 'NONE', #5284, .T. ) ;
#5422 = LINE ( 'NONE', #1707, #5792 ) ;
#5423 = DIRECTION ( 'NONE',  ( 0.000000000000000000, 0.000000000000000000, -1.000000000000000000 ) ) ;
#5424 = DIRECTION ( 'NONE',  ( 0.000000000000000000, -0.06975647374412541346, -0.9975640502598241977 ) ) ;
#5425 = AXIS2_PLACEMENT_3D ( 'NONE', #8051, #3032, #2957 ) ;
#5426 = CARTESIAN_POINT ( 'NONE',  ( 2.100406618994890007, 3.513858164762440062, 0.000000000000000000 ) ) ;
#5427 = CARTESIAN_POINT ( 'NONE',  ( 2.790000000000000036, -2.757562983323810002, 6.716917506442469765 ) ) ;
#5428 = CARTESIAN_POINT ( 'NONE',  ( -0.2500000000000000000, -2.963206657552649670, 7.197560881563960677 ) ) ;
#5429 = EDGE_CURVE ( 'NONE', #2158, #44, #2616, .T. ) ;
#5430 = AXIS2_PLACEMENT_3D ( 'NONE', #6560, #1483, #4067 ) ;
#5431 = ADVANCED_BREP_SHAPE_REPRESENTATION ( '', ( #4273, #4257, #4287, #1552, #6774, #6954, #4299, #1670 ), #5577 ) ;
#5432 = ORIENTED_EDGE ( 'NONE', *, *, #6995, .F. ) ;
#5433 = ORIENTED_EDGE ( 'NONE', *, *, #7400, .T. ) ;
#5434 = VERTEX_POINT ( 'NONE', #5227 ) ;
#5435 = CARTESIAN_POINT ( 'NONE',  ( -0.5382188947009269864, 3.957501584924290050, 0.000000000000000000 ) ) ;
#5436 = ORIENTED_EDGE ( 'NONE', *, *, #6502, .F. ) ;
#5437 = LINE ( 'NONE', #1684, #3686 ) ;
#5438 = EDGE_CURVE ( 'NONE', #2970, #6115, #7190, .T. ) ;
#5439 = ADVANCED_FACE ( 'NONE', ( #1554 ), #4709, .T. ) ;
#5440 = CARTESIAN_POINT ( 'NONE',  ( 1.545670820298249870, 3.849313582298899750, 0.1000000000000000056 ) ) ;
#5441 = ORIENTED_EDGE ( 'NONE', *, *, #7588, .F. ) ;
#5442 = ORIENTED_EDGE ( 'NONE', *, *, #3460, .F. ) ;
#5443 = VERTEX_POINT ( 'NONE', #899 ) ;
#5444 = SHAPE_REPRESENTATION ( '1^Pulse_-_HM2113ZNL.step', ( #1670 ), #6495 ) ;
#5445 = LINE ( 'NONE', #4065, #7189 ) ;
#5446 = EDGE_CURVE ( 'NONE', #3623, #876, #2175, .T. ) ;
#5447 = CARTESIAN_POINT ( 'NONE',  ( 2.540000000000000036, -1.781585718017569819, -7.817681529351250269 ) ) ;
#5448 = DIRECTION ( 'NONE',  ( 0.7257516997857471619, -0.6879567357458599153, 0.000000000000000000 ) ) ;
#5449 = DIRECTION ( 'NONE',  ( 0.000000000000000000, 0.000000000000000000, 1.000000000000000000 ) ) ;
#5450 = VECTOR ( 'NONE', #7449, 1000.000000000000000 ) ;
#5451 = CARTESIAN_POINT ( 'NONE',  ( -0.5382188947009269864, 3.957501584924290050, 0.000000000000000000 ) ) ;
#5452 = CARTESIAN_POINT ( 'NONE',  ( 4.426377359100680309, -2.876803674311580572, 6.001377359100669828 ) ) ;
#5453 = VERTEX_POINT ( 'NONE', #332 ) ;
#5454 = VERTEX_POINT ( 'NONE', #3400 ) ;
#5455 = ORIENTED_EDGE ( 'NONE', *, *, #5309, .F. ) ;
#5456 = B_SPLINE_CURVE_WITH_KNOTS ( 'NONE', 2,
 ( #7673, #6576, #247, #2084 ),
 .UNSPECIFIED., .F., .F.,
 ( 3, 1, 3 ),
 ( -2.000000000000000000, -1.000000000000000000, 0.000000000000000000 ),
 .UNSPECIFIED. ) ;
#5457 = PRODUCT_DEFINITION_FORMATION_WITH_SPECIFIED_SOURCE ( 'ANY', '', #4226, .NOT_KNOWN. ) ;
#5458 = ADVANCED_FACE ( 'NONE', ( #4043 ), #4085, .T. ) ;
#5459 = PLANE ( 'NONE',  #2980 ) ;
#5460 = CARTESIAN_POINT ( 'NONE',  ( 0.9161473419343860725, 3.386065624748559877, 0.1000000000000000056 ) ) ;
#5461 = CARTESIAN_POINT ( 'NONE',  ( 2.183907426390330198, 3.561780367267649794, 0.1000000000000000056 ) ) ;
#5462 = B_SPLINE_SURFACE_WITH_KNOTS ( 'NONE', 2, 1, ( 
 ( #5529, #4322 ),
 ( #2514, #1319 ),
 ( #7492, #5005 ),
 ( #1902, #6266 ) ),
 .UNSPECIFIED., .F., .F., .F.,
 ( 3, 1, 3 ),
 ( 2, 2 ),
 ( -2.000000000000000000, -1.000000000000000000, 0.000000000000000000 ),
 ( 0.000000000000000000, 0.01000000000000000021 ),
 .UNSPECIFIED. ) ;
#5463 = DIRECTION ( 'NONE',  ( 0.000000000000000000, 0.000000000000000000, 1.000000000000000000 ) ) ;
#5464 = DIRECTION ( 'NONE',  ( 4.959449760758319800E-14, 1.000000000000000000, 0.000000000000000000 ) ) ;
#5465 = CARTESIAN_POINT ( 'NONE',  ( 1.166649764120700095, 3.331608576447190107, 0.1000000000000000056 ) ) ;
#5466 = CARTESIAN_POINT ( 'NONE',  ( 1.133249441162520021, 3.842778736502729942, 0.000000000000000000 ) ) ;
#5467 = DIRECTION ( 'NONE',  ( 1.000000000000000000, 0.000000000000000000, 0.000000000000000000 ) ) ;
#5468 = DIRECTION ( 'NONE',  ( -1.000000000000000000, 0.000000000000000000, 0.000000000000000000 ) ) ;
#5469 =( NAMED_UNIT ( * ) PLANE_ANGLE_UNIT ( ) SI_UNIT ( $, .RADIAN. ) );
#5470 = ORIENTED_EDGE ( 'NONE', *, *, #1442, .T. ) ;
#5471 = ORIENTED_EDGE ( 'NONE', *, *, #6742, .T. ) ;
#5472 = PLANE ( 'NONE',  #5627 ) ;
#5473 = ORIENTED_EDGE ( 'NONE', *, *, #3518, .F. ) ;
#5474 = DIRECTION ( 'NONE',  ( -0.7321804635358735158, 0.6811106876392364340, 0.000000000000000000 ) ) ;
#5475 = DIRECTION ( 'NONE',  ( 0.05233595624294389709, 0.9986295347545739443, 0.000000000000000000 ) ) ;
#5476 = CARTESIAN_POINT ( 'NONE',  ( 1.242163537765269998, 3.899414066736159867, 0.000000000000000000 ) ) ;
#5477 = ORIENTED_EDGE ( 'NONE', *, *, #5146, .F. ) ;
#5478 = ORIENTED_EDGE ( 'NONE', *, *, #6704, .F. ) ;
#5479 = ORIENTED_EDGE ( 'NONE', *, *, #7577, .T. ) ;
#5480 = CARTESIAN_POINT ( 'NONE',  ( 3.997896775833643890, -3.000000000000003553, -5.977103224166357975 ) ) ;
#5481 = CARTESIAN_POINT ( 'NONE',  ( -0.2042156651191769923, 4.025754418795340683, 0.000000000000000000 ) ) ;
#5482 = CARTESIAN_POINT ( 'NONE',  ( 1.346721070503900108, 3.750564801379079771, 0.1000000000000000056 ) ) ;
#5483 = CARTESIAN_POINT ( 'NONE',  ( 1.198710307070390169, 3.683525300010840109, 0.1000000000000000056 ) ) ;
#5484 = AXIS2_PLACEMENT_3D ( 'NONE', #2579, #3270, #5595 ) ;
#5485 = DIRECTION ( 'NONE',  ( 0.7071067811865516806, 0.7071067811865433539, 0.000000000000000000 ) ) ;
#5486 = CARTESIAN_POINT ( 'NONE',  ( 2.540000000000000036, -2.713815644987700004, 7.214999999999999858 ) ) ;
#5487 = EDGE_CURVE ( 'NONE', #4388, #1642, #2825, .T. ) ;
#5488 = EDGE_LOOP ( 'NONE', ( #3168, #5123, #7161, #7362 ) ) ;
#5489 = ORIENTED_EDGE ( 'NONE', *, *, #1754, .F. ) ;
#5490 = ORIENTED_EDGE ( 'NONE', *, *, #7334, .F. ) ;
#5491 = DIRECTION ( 'NONE',  ( -1.000000000000000000, 0.000000000000000000, 0.000000000000000000 ) ) ;
#5492 = EDGE_CURVE ( 'NONE', #3769, #5525, #4542, .T. ) ;
#5493 = CARTESIAN_POINT ( 'NONE',  ( 1.166649764120700095, 3.331608576447190107, 0.000000000000000000 ) ) ;
#5494 = EDGE_CURVE ( 'NONE', #4026, #18, #978, .T. ) ;
#5495 = CARTESIAN_POINT ( 'NONE',  ( 0.000000000000000000, -2.279999999999999805, 0.000000000000000000 ) ) ;
#5496 = CARTESIAN_POINT ( 'NONE',  ( 0.9488215709152089117, 3.552341145562079916, 0.1000000000000000056 ) ) ;
#5497 = LINE ( 'NONE', #5616, #7366 ) ;
#5498 = ADVANCED_FACE ( 'NONE', ( #7066 ), #206, .T. ) ;
#5499 = ORIENTED_EDGE ( 'NONE', *, *, #6094, .F. ) ;
#5500 = VECTOR ( 'NONE', #4030, 1000.000000000000000 ) ;
#5501 = PLANE ( 'NONE',  #2577 ) ;
#5502 = UNCERTAINTY_MEASURE_WITH_UNIT (LENGTH_MEASURE( 1.000000000000000082E-05 ), #2105, 'distance_accuracy_value', 'NONE');
#5503 = AXIS2_PLACEMENT_3D ( 'NONE', #1019, #6736, #1168 ) ;
#5504 = CYLINDRICAL_SURFACE ( 'NONE', #3162, 0.05250000000000010214 ) ;
#5505 = CARTESIAN_POINT ( 'NONE',  ( 0.2500000000000000000, -3.000608987435080088, 7.732439118436020387 ) ) ;
#5506 = CARTESIAN_POINT ( 'NONE',  ( -0.5716192176591019525, 4.245760893932890134, 0.000000000000000000 ) ) ;
#5507 = EDGE_CURVE ( 'NONE', #2295, #3409, #7634, .T. ) ;
#5508 = VERTEX_POINT ( 'NONE', #3919 ) ;
#5509 = ORIENTED_EDGE ( 'NONE', *, *, #1063, .T. ) ;
#5510 = VECTOR ( 'NONE', #7204, 1000.000000000000000 ) ;
#5511 = CARTESIAN_POINT ( 'NONE',  ( 1.448374227333130149, 3.824626387068939870, 0.1000000000000000056 ) ) ;
#5512 = ORIENTED_EDGE ( 'NONE', *, *, #2072, .T. ) ;
#5513 = LINE ( 'NONE', #6214, #3299 ) ;
#5514 = CARTESIAN_POINT ( 'NONE',  ( 1.159388824347180158, 4.043906768229130755, 0.000000000000000000 ) ) ;
#5515 = CARTESIAN_POINT ( 'NONE',  ( 0.1631878874207469965, 3.378804684975039940, 0.1000000000000000056 ) ) ;
#5516 = ORIENTED_EDGE ( 'NONE', *, *, #7955, .F. ) ;
#5517 = ORIENTED_EDGE ( 'NONE', *, *, #4909, .T. ) ;
#5518 = ORIENTED_EDGE ( 'NONE', *, *, #4795, .T. ) ;
#5519 = VECTOR ( 'NONE', #5463, 1000.000000000000000 ) ;
#5520 = FACE_OUTER_BOUND ( 'NONE', #5777, .T. ) ;
#5521 = CARTESIAN_POINT ( 'NONE',  ( -2.790000000000000036, -3.250000000000039968, 7.714999999999999858 ) ) ;
#5522 = CARTESIAN_POINT ( 'NONE',  ( 3.899999999999999911, -1.221999999999999975, -6.074999999999999289 ) ) ;
#5523 = AXIS2_PLACEMENT_3D ( 'NONE', #5890, #941, #2702 ) ;
#5524 = CARTESIAN_POINT ( 'NONE',  ( 1.021430968650369975, 3.509501600898329965, 0.000000000000000000 ) ) ;
#5525 = VERTEX_POINT ( 'NONE', #2698 ) ;
#5526 = EDGE_CURVE ( 'NONE', #6386, #3850, #5189, .T. ) ;
#5527 = EDGE_LOOP ( 'NONE', ( #1989, #993, #3819, #3613 ) ) ;
#5528 = ORIENTED_EDGE ( 'NONE', *, *, #6944, .T. ) ;
#5529 = CARTESIAN_POINT ( 'NONE',  ( 2.100406618994890007, 3.351213113835679991, 0.000000000000000000 ) ) ;
#5530 = AXIS2_PLACEMENT_3D ( 'NONE', #7347, #7125, #6738 ) ;
#5531 = DIRECTION ( 'NONE',  ( 0.000000000000000000, 0.000000000000000000, 1.000000000000000000 ) ) ;
#5532 = EDGE_CURVE ( 'NONE', #5525, #5765, #3140, .T. ) ;
#5533 = FACE_OUTER_BOUND ( 'NONE', #2419, .T. ) ;
#5534 = DIRECTION ( 'NONE',  ( 0.000000000000000000, 0.000000000000000000, 1.000000000000000000 ) ) ;
#5535 = CARTESIAN_POINT ( 'NONE',  ( -4.500000000000000000, -1.221999999999999975, -6.074999999999999289 ) ) ;
#5536 = VERTEX_POINT ( 'NONE', #2865 ) ;
#5537 = EDGE_CURVE ( 'NONE', #18, #5365, #1420, .T. ) ;
#5538 = EDGE_CURVE ( 'NONE', #1795, #4437, #819, .T. ) ;
#5539 = DIRECTION ( 'NONE',  ( -1.000000000000000000, 0.000000000000000000, 0.000000000000000000 ) ) ;
#5540 = EDGE_CURVE ( 'NONE', #2171, #5112, #7804, .T. ) ;
#5541 = VECTOR ( 'NONE', #1314, 1000.000000000000000 ) ;
#5542 = B_SPLINE_CURVE_WITH_KNOTS ( 'NONE', 2,
 ( #3394, #5880, #6936, #1332 ),
 .UNSPECIFIED., .F., .F.,
 ( 3, 1, 3 ),
 ( -2.000000000000000000, -1.000000000000000000, 0.000000000000000000 ),
 .UNSPECIFIED. ) ;
#5543 = LINE ( 'NONE', #1252, #547 ) ;
#5544 = DIRECTION ( 'NONE',  ( 0.000000000000000000, 0.000000000000000000, -1.000000000000000000 ) ) ;
#5545 = CARTESIAN_POINT ( 'NONE',  ( 2.100406618994890007, 3.513858164762440062, 0.000000000000000000 ) ) ;
#5546 = EDGE_LOOP ( 'NONE', ( #3459, #918, #2958, #6033 ) ) ;
#5547 = VECTOR ( 'NONE', #6950, 1000.000000000000000 ) ;
#5548 = VERTEX_POINT ( 'NONE', #2085 ) ;
#5549 = B_SPLINE_CURVE_WITH_KNOTS ( 'NONE', 2,
 ( #530, #7966, #6098, #7357 ),
 .UNSPECIFIED., .F., .F.,
 ( 3, 1, 3 ),
 ( -2.000000000000000000, -1.000000000000000000, 0.000000000000000000 ),
 .UNSPECIFIED. ) ;
#5550 = ADVANCED_FACE ( 'NONE', ( #858 ), #4580, .F. ) ;
#5551 = CARTESIAN_POINT ( 'NONE',  ( -0.7665576253321009226, 3.810104507521910211, 0.1000000000000000056 ) ) ;
#5552 = CIRCLE ( 'NONE', #5035, 0.05250000000000010214 ) ;
#5553 = DIRECTION ( 'NONE',  ( 0.000000000000000000, 0.000000000000000000, 1.000000000000000000 ) ) ;
#5554 = DIRECTION ( 'NONE',  ( -1.000000000000000000, 0.000000000000000000, 0.000000000000000000 ) ) ;
#5555 = CARTESIAN_POINT ( 'NONE',  ( 1.890565459540270110, 3.911757664351140029, 0.000000000000000000 ) ) ;
#5556 = FACE_OUTER_BOUND ( 'NONE', #3364, .T. ) ;
#5557 = VERTEX_POINT ( 'NONE', #1507 ) ;
#5558 = ORIENTED_EDGE ( 'NONE', *, *, #1903, .F. ) ;
#5559 = ORIENTED_EDGE ( 'NONE', *, *, #4779, .T. ) ;
#5560 = FILL_AREA_STYLE ('',( #6257 ) ) ;
#5561 = CARTESIAN_POINT ( 'NONE',  ( -2.544217664878503093, 4.933636468481078730, 0.000000000000000000 ) ) ;
#5562 = DIRECTION ( 'NONE',  ( -1.000000000000000000, 0.000000000000000000, 0.000000000000000000 ) ) ;
#5563 = DIRECTION ( 'NONE',  ( 0.000000000000000000, 0.000000000000000000, 1.000000000000000000 ) ) ;
#5564 = CARTESIAN_POINT ( 'NONE',  ( 1.216750248557959990, 3.780334654450490106, 0.000000000000000000 ) ) ;
#5565 = CARTESIAN_POINT ( 'NONE',  ( -1.357936258902269877, 3.823340976527330071, 0.1000000000000000056 ) ) ;
#5566 = ORIENTED_EDGE ( 'NONE', *, *, #3795, .F. ) ;
#5567 = VECTOR ( 'NONE', #5100, 1000.000000000000000 ) ;
#5568 = VERTEX_POINT ( 'NONE', #4006 ) ;
#5569 = VERTEX_POINT ( 'NONE', #7878 ) ;
#5570 = CARTESIAN_POINT ( 'NONE',  ( 0.008529870244849970320, 3.330882482469830208, 0.1000000000000000056 ) ) ;
#5571 = CIRCLE ( 'NONE', #6363, 0.05250000000000001193 ) ;
#5572 = LINE ( 'NONE', #1239, #6479 ) ;
#5573 = CARTESIAN_POINT ( 'NONE',  ( 2.170111640820649779, 3.551615051584730232, 0.000000000000000000 ) ) ;
#5574 = CARTESIAN_POINT ( 'NONE',  ( -0.2500000000000000000, -1.471999999999999975, -6.375000000000000000 ) ) ;
#5575 = DIRECTION ( 'NONE',  ( 1.000000000000000000, 0.000000000000000000, 0.000000000000000000 ) ) ;
#5576 = ORIENTED_EDGE ( 'NONE', *, *, #6190, .T. ) ;
#5577 =( GEOMETRIC_REPRESENTATION_CONTEXT ( 3 ) GLOBAL_UNCERTAINTY_ASSIGNED_CONTEXT ( ( #197 ) ) GLOBAL_UNIT_ASSIGNED_CONTEXT ( ( #1187, #3772, #3120 ) ) REPRESENTATION_CONTEXT ( 'NONE', 'WORKASPACE' ) );
#5578 = PRODUCT_RELATED_PRODUCT_CATEGORY ( 'part', '', ( #4226 ) ) ;
#5579 = CARTESIAN_POINT ( 'NONE',  ( 2.290000000000000036, -1.221999999999999975, -6.074999999999999289 ) ) ;
#5580 = SURFACE_STYLE_USAGE ( .BOTH. , #3675 ) ;
#5581 = EDGE_CURVE ( 'NONE', #347, #4222, #2984, .T. ) ;
#5582 = EDGE_CURVE ( 'NONE', #6831, #7537, #2248, .T. ) ;
#5583 = DIRECTION ( 'NONE',  ( 0.000000000000000000, -0.9961649871150949354, -0.08749467667225570289 ) ) ;
#5584 = CARTESIAN_POINT ( 'NONE',  ( 2.290000000000000036, -2.735689314155719920, 6.965958753221239697 ) ) ;
#5585 = CARTESIAN_POINT ( 'NONE',  ( -2.290000000000000036, -1.471999999999999975, 6.375000000000000000 ) ) ;
#5586 = B_SPLINE_SURFACE_WITH_KNOTS ( 'NONE', 2, 1, ( 
 ( #775, #6498 ),
 ( #2176, #7067 ),
 ( #4671, #5104 ),
 ( #1381, #5887 ) ),
 .UNSPECIFIED., .F., .F., .F.,
 ( 3, 1, 3 ),
 ( 2, 2 ),
 ( 0.000000000000000000, 1.000000000000000000, 2.000000000000000000 ),
 ( 0.000000000000000000, 0.01000000000000000021 ),
 .UNSPECIFIED. ) ;
#5587 = EDGE_CURVE ( 'NONE', #3780, #2704, #417, .T. ) ;
#5588 = ORIENTED_EDGE ( 'NONE', *, *, #3298, .F. ) ;
#5589 = ORIENTED_EDGE ( 'NONE', *, *, #6542, .F. ) ;
#5590 = APPLICATION_CONTEXT ( 'automotive_design' ) ;
#5591 = ADVANCED_FACE ( 'NONE', ( #4748 ), #5504, .F. ) ;
#5592 = ADVANCED_FACE ( 'NONE', ( #1675 ), #633, .F. ) ;
#5593 = CARTESIAN_POINT ( 'NONE',  ( 2.126546002179550143, 3.524749574422719967, 0.000000000000000000 ) ) ;
#5594 = VERTEX_POINT ( 'NONE', #5427 ) ;
#5595 = DIRECTION ( 'NONE',  ( 0.000000000000000000, 0.000000000000000000, -1.000000000000000000 ) ) ;
#5596 = CARTESIAN_POINT ( 'NONE',  ( -4.500000000000000000, -1.221999999999999975, 6.074999999999999289 ) ) ;
#5597 = CARTESIAN_POINT ( 'NONE',  ( 0.02305174979188250040, 3.548710675675319948, 0.1000000000000000056 ) ) ;
#5598 = ADVANCED_FACE ( 'NONE', ( #4901 ), #1055, .T. ) ;
#5599 = ORIENTED_EDGE ( 'NONE', *, *, #806, .F. ) ;
#5600 = ORIENTED_EDGE ( 'NONE', *, *, #2546, .F. ) ;
#5601 = VERTEX_POINT ( 'NONE', #7268 ) ;
#5602 = PLANE ( 'NONE',  #2306 ) ;
#5603 = DIRECTION ( 'NONE',  ( 0.000000000000000000, -0.9975640502598241977, -0.06975647374412621837 ) ) ;
#5604 = PLANE ( 'NONE',  #1485 ) ;
#5605 = CARTESIAN_POINT ( 'NONE',  ( -0.5382188947009269864, 3.916840322192600254, 0.1000000000000000056 ) ) ;
#5606 = DIRECTION ( 'NONE',  ( 1.000000000000000000, 0.000000000000000000, 0.000000000000000000 ) ) ;
#5607 = ADVANCED_FACE ( 'NONE', ( #2328 ), #4128, .F. ) ;
#5608 = EDGE_LOOP ( 'NONE', ( #5054, #4050, #6974, #8013 ) ) ;
#5609 = VERTEX_POINT ( 'NONE', #6009 ) ;
#5610 = ORIENTED_EDGE ( 'NONE', *, *, #366, .T. ) ;
#5611 = CARTESIAN_POINT ( 'NONE',  ( 0.1094569330967260085, 3.505871131011580211, 0.1000000000000000056 ) ) ;
#5612 = DIRECTION ( 'NONE',  ( 0.000000000000000000, -7.228014483236570338E-16, 1.000000000000000000 ) ) ;
#5613 = AXIS2_PLACEMENT_3D ( 'NONE', #3029, #2454, #4177 ) ;
#5614 = PLANE ( 'NONE',  #800 ) ;
#5615 = CARTESIAN_POINT ( 'NONE',  ( -2.290000000000000036, -2.713815644987700004, 7.214999999999999858 ) ) ;
#5616 = CARTESIAN_POINT ( 'NONE',  ( -4.500000000000000000, -2.279999999999999805, 6.032654514339300000 ) ) ;
#5617 = ORIENTED_EDGE ( 'NONE', *, *, #3304, .T. ) ;
#5618 = CIRCLE ( 'NONE', #7059, 0.2500000000000002220 ) ;
#5619 = VECTOR ( 'NONE', #7755, 1000.000000000000000 ) ;
#5620 = FACE_OUTER_BOUND ( 'NONE', #7419, .T. ) ;
#5621 = AXIS2_PLACEMENT_3D ( 'NONE', #5914, #883, #2846 ) ;
#5622 = LINE ( 'NONE', #4252, #5785 ) ;
#5623 = CARTESIAN_POINT ( 'NONE',  ( -2.216873242404680422, 3.832454365618560121, 0.000000000000000000 ) ) ;
#5624 = VERTEX_POINT ( 'NONE', #4787 ) ;
#5625 = EDGE_CURVE ( 'NONE', #4466, #653, #2639, .T. ) ;
#5626 = VERTEX_POINT ( 'NONE', #3020 ) ;
#5627 = AXIS2_PLACEMENT_3D ( 'NONE', #4215, #7927, #6780 ) ;
#5628 = EDGE_CURVE ( 'NONE', #535, #3615, #2505, .T. ) ;
#5629 = CARTESIAN_POINT ( 'NONE',  ( -3.478774822453909898, 2.938062123312052076, 0.1000000000000000056 ) ) ;
#5630 = ORIENTED_EDGE ( 'NONE', *, *, #5384, .T. ) ;
#5631 = CARTESIAN_POINT ( 'NONE',  ( -0.3073210099031090103, 3.963310336743099960, 0.000000000000000000 ) ) ;
#5632 = AXIS2_PLACEMENT_3D ( 'NONE', #3568, #1220, #3727 ) ;
#5633 = LINE ( 'NONE', #6251, #1875 ) ;
#5634 = LINE ( 'NONE', #3155, #5547 ) ;
#5635 = APPLICATION_CONTEXT ( 'automotive_design' ) ;
#5636 = ORIENTED_EDGE ( 'NONE', *, *, #924, .F. ) ;
#5637 = EDGE_CURVE ( 'NONE', #7369, #4469, #3682, .T. ) ;
#5638 = ORIENTED_EDGE ( 'NONE', *, *, #6461, .F. ) ;
#5639 = ADVANCED_FACE ( 'NONE', ( #7958, #6164 ), #1713, .T. ) ;
#5640 = VERTEX_POINT ( 'NONE', #6695 ) ;
#5641 = PRESENTATION_STYLE_ASSIGNMENT (( #620 ) ) ;
#5642 = CLOSED_SHELL ( 'NONE', ( #5053, #1396, #6092, #5396, #7845, #5197, #5902, #4370, #3610, #450, #3452, #5941, #5498, #7799, #3017, #1145, #102, #7661 ) ) ;
#5643 = FACE_OUTER_BOUND ( 'NONE', #3185, .T. ) ;
#5644 = ADVANCED_FACE ( 'NONE', ( #7305 ), #4208, .T. ) ;
#5645 = PLANE ( 'NONE',  #6677 ) ;
#5646 = PLANE ( 'NONE',  #2406 ) ;
#5647 = LINE ( 'NONE', #58, #6420 ) ;
#5648 = CARTESIAN_POINT ( 'NONE',  ( -2.231117244740449479, 4.029289341645529987, 0.1000000000000000056 ) ) ;
#5649 = VERTEX_POINT ( 'NONE', #1751 ) ;
#5650 = VECTOR ( 'NONE', #1915, 1000.000000000000000 ) ;
#5651 = EDGE_LOOP ( 'NONE', ( #4801, #5865, #6077, #4141, #2420, #2472 ) ) ;
#5652 = ORIENTED_EDGE ( 'NONE', *, *, #969, .T. ) ;
#5653 = CARTESIAN_POINT ( 'NONE',  ( -2.540000000000000036, -2.713815644987700004, 7.214999999999999858 ) ) ;
#5654 = CARTESIAN_POINT ( 'NONE',  ( 2.100406618994890007, 3.513858164762440062, 0.1000000000000000056 ) ) ;
#5655 = B_SPLINE_CURVE_WITH_KNOTS ( 'NONE', 2,
 ( #5175, #6394, #6357, #5084 ),
 .UNSPECIFIED., .F., .F.,
 ( 3, 1, 3 ),
 ( -2.000000000000000000, -1.000000000000000000, 0.000000000000000000 ),
 .UNSPECIFIED. ) ;
#5656 = ADVANCED_FACE ( 'NONE', ( #561 ), #1131, .F. ) ;
#5657 = CARTESIAN_POINT ( 'NONE',  ( 4.150000000000000355, -3.000000000000000000, 5.502153264050679837 ) ) ;
#5658 = VECTOR ( 'NONE', #13, 1000.000000000000000 ) ;
#5659 = FACE_OUTER_BOUND ( 'NONE', #4716, .T. ) ;
#5660 = DIRECTION ( 'NONE',  ( 0.000000000000000000, -1.000000000000000000, 0.000000000000000000 ) ) ;
#5661 = EDGE_LOOP ( 'NONE', ( #1457, #1070, #8004, #5600 ) ) ;
#5662 =( GEOMETRIC_REPRESENTATION_CONTEXT ( 3 ) GLOBAL_UNCERTAINTY_ASSIGNED_CONTEXT ( ( #6814 ) ) GLOBAL_UNIT_ASSIGNED_CONTEXT ( ( #661, #2590, #706 ) ) REPRESENTATION_CONTEXT ( 'NONE', 'WORKASPACE' ) );
#5663 = DIRECTION ( 'NONE',  ( 0.000000000000000000, 1.000000000000000000, 0.000000000000000000 ) ) ;
#5664 = LINE ( 'NONE', #6932, #6271 ) ;
#5665 = PRODUCT_DEFINITION_CONTEXT ( 'detailed design', #1415, 'design' ) ;
#5666 =( NAMED_UNIT ( * ) PLANE_ANGLE_UNIT ( ) SI_UNIT ( $, .RADIAN. ) );
#5667 = VECTOR ( 'NONE', #7455, 1000.000000000000000 ) ;
#5668 = CARTESIAN_POINT ( 'NONE',  ( 1.847725914876529929, 3.500062379192759643, 0.000000000000000000 ) ) ;
#5669 = CARTESIAN_POINT ( 'NONE',  ( 1.545670820298249870, 3.514584258739800404, 0.1000000000000000056 ) ) ;
#5670 = ORIENTED_EDGE ( 'NONE', *, *, #1854, .F. ) ;
#5671 = ORIENTED_EDGE ( 'NONE', *, *, #3036, .F. ) ;
#5672 = CIRCLE ( 'NONE', #1125, 0.4999999999999995559 ) ;
#5673 = CARTESIAN_POINT ( 'NONE',  ( -0.5382188947009269864, 3.957501584924290050, 0.000000000000000000 ) ) ;
#5674 = CIRCLE ( 'NONE', #4384, 0.4999999999999995559 ) ;
#5675 = EDGE_CURVE ( 'NONE', #2555, #7017, #4938, .T. ) ;
#5676 = ORIENTED_EDGE ( 'NONE', *, *, #6391, .F. ) ;
#5677 = CARTESIAN_POINT ( 'NONE',  ( -0.6057456345946280463, 3.643102892731029829, 0.000000000000000000 ) ) ;
#5678 = VECTOR ( 'NONE', #981, 1000.000000000000000 ) ;
#5679 = PLANE ( 'NONE',  #2015 ) ;
#5680 = CARTESIAN_POINT ( 'NONE',  ( -3.391521585213531864, -3.883792513728000273, 0.000000000000000000 ) ) ;
#5681 = VERTEX_POINT ( 'NONE', #4333 ) ;
#5682 = VERTEX_POINT ( 'NONE', #2032 ) ;
#5683 = PRODUCT_DEFINITION ( 'UNKNOWN', '', #5332, #4450 ) ;
#5684 = ORIENTED_EDGE ( 'NONE', *, *, #7644, .F. ) ;
#5685 = VECTOR ( 'NONE', #5371, 1000.000000000000000 ) ;
#5686 = CARTESIAN_POINT ( 'NONE',  ( 2.790000000000000036, -1.678252661663869993, -6.873082493557559403 ) ) ;
#5687 = EDGE_CURVE ( 'NONE', #1427, #3958, #8037, .T. ) ;
#5688 = EDGE_CURVE ( 'NONE', #5548, #7641, #7702, .T. ) ;
#5689 = DIRECTION ( 'NONE',  ( -1.000000000000000000, 0.000000000000000000, 0.000000000000000000 ) ) ;
#5690 = DIRECTION ( 'NONE',  ( 1.000000000000000000, 0.000000000000000000, 0.000000000000000000 ) ) ;
#5691 = SURFACE_STYLE_FILL_AREA ( #831 ) ;
#5692 = PLANE ( 'NONE',  #4123 ) ;
#5693 = ORIENTED_EDGE ( 'NONE', *, *, #1296, .F. ) ;
#5694 = PRESENTATION_LAYER_ASSIGNMENT (  '', '', ( #6090 ) ) ;
#5695 = ORIENTED_EDGE ( 'NONE', *, *, #7086, .F. ) ;
#5696 = EDGE_CURVE ( 'NONE', #3700, #5857, #6646, .T. ) ;
#5697 = ORIENTED_EDGE ( 'NONE', *, *, #6346, .T. ) ;
#5698 = CARTESIAN_POINT ( 'NONE',  ( 0.1312397524172750074, 3.505871131011580211, 0.000000000000000000 ) ) ;
#5699 = CARTESIAN_POINT ( 'NONE',  ( 2.290000000000000036, -1.721999999999999975, 6.375000000000000000 ) ) ;
#5700 = CARTESIAN_POINT ( 'NONE',  ( -0.4590746511695990018, 4.217443228816170731, 0.1000000000000000056 ) ) ;
#5701 = CIRCLE ( 'NONE', #3498, 0.2500000000000002220 ) ;
#5702 = CARTESIAN_POINT ( 'NONE',  ( -4.500000000000000000, -1.221999999999999975, 6.074999999999999289 ) ) ;
#5703 = LINE ( 'NONE', #7704, #3856 ) ;
#5704 = ORIENTED_EDGE ( 'NONE', *, *, #4813, .T. ) ;
#5705 = EDGE_CURVE ( 'NONE', #1769, #2171, #6683, .T. ) ;
#5706 = PLANE ( 'NONE',  #5876 ) ;
#5707 = DIRECTION ( 'NONE',  ( 1.000000000000000000, 0.000000000000000000, 0.000000000000000000 ) ) ;
#5708 = EDGE_CURVE ( 'NONE', #7129, #6831, #4080, .T. ) ;
#5709 = FACE_OUTER_BOUND ( 'NONE', #225, .T. ) ;
#5710 = AXIS2_PLACEMENT_3D ( 'NONE', #5447, #7939, #4144 ) ;
#5711 = LINE ( 'NONE', #6443, #1470 ) ;
#5712 = CARTESIAN_POINT ( 'NONE',  ( 1.756238073730219895, 3.647459456595139926, 0.000000000000000000 ) ) ;
#5713 = VERTEX_POINT ( 'NONE', #5783 ) ;
#5714 = ORIENTED_EDGE ( 'NONE', *, *, #5789, .F. ) ;
#5715 = CARTESIAN_POINT ( 'NONE',  ( -0.5382188947009269864, 3.916840322192600254, 0.000000000000000000 ) ) ;
#5716 = DIRECTION ( 'NONE',  ( 0.000000000000000000, 0.000000000000000000, 1.000000000000000000 ) ) ;
#5717 = LINE ( 'NONE', #5190, #6693 ) ;
#5718 = DIRECTION ( 'NONE',  ( 1.000000000000000000, 0.000000000000000000, 0.000000000000000000 ) ) ;
#5719 = CARTESIAN_POINT ( 'NONE',  ( -0.7393469264273279107, 4.078759279142010641, 0.000000000000000000 ) ) ;
#5720 = PLANE ( 'NONE',  #5301 ) ;
#5721 = ORIENTED_EDGE ( 'NONE', *, *, #2174, .F. ) ;
#5722 = ORIENTED_EDGE ( 'NONE', *, *, #322, .F. ) ;
#5723 = VERTEX_POINT ( 'NONE', #2074 ) ;
#5724 = APPLICATION_PROTOCOL_DEFINITION ( 'draft international standard', 'automotive_design', 1998, #6019 ) ;
#5725 = LINE ( 'NONE', #2017, #1104 ) ;
#5726 = CARTESIAN_POINT ( 'NONE',  ( 1.078792392861150029, 3.620593979433130105, 0.000000000000000000 ) ) ;
#5727 = CARTESIAN_POINT ( 'NONE',  ( -2.174680787299339890, 3.976789341645530218, 0.000000000000000000 ) ) ;
#5728 = CARTESIAN_POINT ( 'NONE',  ( -0.4067958848002819483, 3.725877606149119892, 0.000000000000000000 ) ) ;
#5729 = CARTESIAN_POINT ( 'NONE',  ( 4.416052913519168399, 0.1410907200973686992, -5.558947086480841016 ) ) ;
#5730 = ORIENTED_EDGE ( 'NONE', *, *, #3660, .T. ) ;
#5731 = ORIENTED_EDGE ( 'NONE', *, *, #2803, .F. ) ;
#5732 = VERTEX_POINT ( 'NONE', #2444 ) ;
#5733 = EDGE_CURVE ( 'NONE', #1643, #6380, #7051, .T. ) ;
#5734 = DIRECTION ( 'NONE',  ( 0.000000000000000000, 0.000000000000000000, -1.000000000000000000 ) ) ;
#5735 = DIRECTION ( 'NONE',  ( 0.000000000000000000, 0.000000000000000000, 1.000000000000000000 ) ) ;
#5736 = PLANE ( 'NONE',  #4259 ) ;
#5737 = CARTESIAN_POINT ( 'NONE',  ( 1.314046841523080156, 3.761456211039349906, 0.000000000000000000 ) ) ;
#5738 = CARTESIAN_POINT ( 'NONE',  ( -4.422555392153530995, -2.949731148046350615, 5.997555392153504528 ) ) ;
#5739 = EDGE_CURVE ( 'NONE', #3025, #18, #6342, .T. ) ;
#5740 = DIRECTION ( 'NONE',  ( 0.6883545756937508031, 0.7253743710122905197, 0.000000000000000000 ) ) ;
#5741 = LINE ( 'NONE', #6312, #7762 ) ;
#5742 = ORIENTED_EDGE ( 'NONE', *, *, #2546, .T. ) ;
#5743 = EDGE_CURVE ( 'NONE', #5032, #4524, #5543, .T. ) ;
#5744 = EDGE_CURVE ( 'NONE', #5732, #6187, #4975, .T. ) ;
#5745 = CARTESIAN_POINT ( 'NONE',  ( -0.6464068973263199513, 3.815187165363369992, 0.000000000000000000 ) ) ;
#5746 = CARTESIAN_POINT ( 'NONE',  ( 0.07170004627444169498, 3.330882482469830208, 0.1000000000000000056 ) ) ;
#5747 = DIRECTION ( 'NONE',  ( 0.000000000000000000, -0.9975640502598241977, 0.06975647374412621837 ) ) ;
#5748 = EDGE_CURVE ( 'NONE', #3528, #4918, #7030, .T. ) ;
#5749 = DIRECTION ( 'NONE',  ( 0.000000000000000000, 0.000000000000000000, -1.000000000000000000 ) ) ;
#5750 = AXIS2_PLACEMENT_3D ( 'NONE', #4143, #5909, #1617 ) ;
#5751 = LINE ( 'NONE', #3957, #199 ) ;
#5752 = VECTOR ( 'NONE', #3706, 1000.000000000000000 ) ;
#5753 = ORIENTED_EDGE ( 'NONE', *, *, #3008, .F. ) ;
#5754 = CARTESIAN_POINT ( 'NONE',  ( 1.242163537765269998, 3.899414066736159867, 0.000000000000000000 ) ) ;
#5755 = VECTOR ( 'NONE', #3505, 1000.000000000000000 ) ;
#5756 = EDGE_CURVE ( 'NONE', #6065, #6294, #1466, .T. ) ;
#5757 = PLANE ( 'NONE',  #3030 ) ;
#5758 = DIRECTION ( 'NONE',  ( -0.7071067811865510144, 0.000000000000000000, -0.7071067811865441310 ) ) ;
#5759 = CARTESIAN_POINT ( 'NONE',  ( 2.290000000000000036, -1.471999999999999975, -6.375000000000000000 ) ) ;
#5760 = DIRECTION ( 'NONE',  ( 0.05226442768872088807, -0.9972646886342367845, 0.05226442768871629452 ) ) ;
#5761 = DIRECTION ( 'NONE',  ( 1.000000000000000000, 0.000000000000000000, 0.000000000000000000 ) ) ;
#5762 = EDGE_LOOP ( 'NONE', ( #5403, #8053, #4012, #4588 ) ) ;
#5763 = ORIENTED_EDGE ( 'NONE', *, *, #6007, .F. ) ;
#5764 = AXIS2_PLACEMENT_3D ( 'NONE', #2482, #1211, #6393 ) ;
#5765 = VERTEX_POINT ( 'NONE', #1872 ) ;
#5766 = CONTEXT_DEPENDENT_SHAPE_REPRESENTATION ( #738, #4941 ) ;
#5767 =( LENGTH_UNIT ( ) NAMED_UNIT ( * ) SI_UNIT ( .MILLI., .METRE. ) );
#5768 = CARTESIAN_POINT ( 'NONE',  ( 0.9190517178437930257, 3.741851673650860022, 0.000000000000000000 ) ) ;
#5769 =( BOUNDED_SURFACE ( )  B_SPLINE_SURFACE ( 1, 2, ( 
 ( #4016, #1092, #6508, #3522, #6087, #5158, #7646, #2057, #6008 ),
 ( #827, #404, #2899, #4552, #1430, #5386, #3325, #5814, #218 ) ),
 .UNSPECIFIED., .F., .F., .F. ) 
 B_SPLINE_SURFACE_WITH_KNOTS ( ( 2, 2 ),
 ( 3, 2, 2, 2, 3 ),
 ( 0.000000000000000000, 0.1150693723142290070 ),
 ( -0.2578036212349689715, 1.150119470426549828, 2.558042562088060023, 3.965965653749579989, 5.373888745411090184 ),
 .UNSPECIFIED. ) 
 GEOMETRIC_REPRESENTATION_ITEM ( )  RATIONAL_B_SPLINE_SURFACE ( (
 ( 1.000000000000000000, 0.7622840944172180055, 1.000000000000000000, 0.7622840944172180055, 1.000000000000000000, 0.7622840944172180055, 1.000000000000000000, 0.7622840944172180055, 1.000000000000000000),
 ( 1.000000000000000000, 0.7622840944172180055, 1.000000000000000000, 0.7622840944172180055, 1.000000000000000000, 0.7622840944172180055, 1.000000000000000000, 0.7622840944172180055, 1.000000000000000000) ) ) 
 REPRESENTATION_ITEM ( '' )  SURFACE ( )  );
#5770 = AXIS2_PLACEMENT_3D ( 'NONE', #6678, #3698, #5485 ) ;
#5771 = ORIENTED_EDGE ( 'NONE', *, *, #2864, .F. ) ;
#5772 = LINE ( 'NONE', #2589, #5381 ) ;
#5773 = PRESENTATION_STYLE_ASSIGNMENT (( #59 ) ) ;
#5774 = CARTESIAN_POINT ( 'NONE',  ( -2.540000000000000036, -1.700126330831939869, -6.624041246778779701 ) ) ;
#5775 = ORIENTED_EDGE ( 'NONE', *, *, #7044, .T. ) ;
#5776 = ORIENTED_EDGE ( 'NONE', *, *, #806, .T. ) ;
#5777 = EDGE_LOOP ( 'NONE', ( #6770, #2841, #3949, #6224 ) ) ;
#5778 = VECTOR ( 'NONE', #5758, 999.9999999999998863 ) ;
#5779 = DIRECTION ( 'NONE',  ( 0.000000000000000000, -0.05233595624294658938, 0.9986295347545738332 ) ) ;
#5780 = CARTESIAN_POINT ( 'NONE',  ( -2.790000000000000036, -2.757562983323790018, -6.716917506442459995 ) ) ;
#5781 = LINE ( 'NONE', #1405, #6998 ) ;
#5782 = CARTESIAN_POINT ( 'NONE',  ( -0.6485851792583740005, 4.245760893932890134, 0.000000000000000000 ) ) ;
#5783 = CARTESIAN_POINT ( 'NONE',  ( -4.007005230844689514, -3.000000000000000000, 5.994920913255509021 ) ) ;
#5784 = EDGE_CURVE ( 'NONE', #6187, #1573, #4374, .T. ) ;
#5785 = VECTOR ( 'NONE', #1132, 1000.000000000000000 ) ;
#5786 = CARTESIAN_POINT ( 'NONE',  ( 2.218759937303210084, 3.723699324217069950, 0.000000000000000000 ) ) ;
#5787 = FACE_OUTER_BOUND ( 'NONE', #2134, .T. ) ;
#5788 = ORIENTED_EDGE ( 'NONE', *, *, #1016, .T. ) ;
#5789 = EDGE_CURVE ( 'NONE', #4792, #2704, #6240, .T. ) ;
#5790 = CARTESIAN_POINT ( 'NONE',  ( -2.790000000000000036, -1.700126330831939869, 6.624041246778779701 ) ) ;
#5791 = B_SPLINE_CURVE_WITH_KNOTS ( 'NONE', 2,
 ( #1036, #2193, #7701, #5214 ),
 .UNSPECIFIED., .F., .F.,
 ( 3, 1, 3 ),
 ( 0.000000000000000000, 1.000000000000000000, 2.000000000000000000 ),
 .UNSPECIFIED. ) ;
#5792 = VECTOR ( 'NONE', #1633, 1000.000000000000000 ) ;
#5793 = CARTESIAN_POINT ( 'NONE',  ( -1.936507543767990169, 4.115459866424270530, 0.000000000000000000 ) ) ;
#5794 = PRESENTATION_STYLE_ASSIGNMENT (( #6933 ) ) ;
#5795 = ADVANCED_FACE ( 'NONE', ( #5129 ), #4530, .T. ) ;
#5796 = ADVANCED_FACE ( 'NONE', ( #1486 ), #3987, .F. ) ;
#5797 = DIRECTION ( 'NONE',  ( 0.000000000000000000, 0.000000000000000000, 1.000000000000000000 ) ) ;
#5798 = LINE ( 'NONE', #4577, #6978 ) ;
#5799 = ORIENTED_EDGE ( 'NONE', *, *, #6449, .T. ) ;
#5800 = EDGE_CURVE ( 'NONE', #1942, #5548, #1859, .T. ) ;
#5801 = FACE_OUTER_BOUND ( 'NONE', #5023, .T. ) ;
#5802 = AXIS2_PLACEMENT_3D ( 'NONE', #1610, #5325, #991 ) ;
#5803 = DIRECTION ( 'NONE',  ( 1.000000000000000000, 0.000000000000000000, 0.000000000000000000 ) ) ;
#5804 = CARTESIAN_POINT ( 'NONE',  ( 1.759142449639629957, 3.837696078661270160, 0.1000000000000000056 ) ) ;
#5805 = CARTESIAN_POINT ( 'NONE',  ( 1.409165152556139944, 3.398409222363539595, 0.000000000000000000 ) ) ;
#5806 = LINE ( 'NONE', #210, #4883 ) ;
#5807 = LINE ( 'NONE', #128, #2297 ) ;
#5808 = ORIENTED_EDGE ( 'NONE', *, *, #6514, .F. ) ;
#5809 = VECTOR ( 'NONE', #4855, 1000.000000000000000 ) ;
#5810 = ORIENTED_EDGE ( 'NONE', *, *, #1053, .T. ) ;
#5811 = ORIENTED_EDGE ( 'NONE', *, *, #1016, .F. ) ;
#5812 = EDGE_CURVE ( 'NONE', #1294, #4348, #7135, .T. ) ;
#5813 = SHAPE_DEFINITION_REPRESENTATION ( #1743, #4109 ) ;
#5814 = CARTESIAN_POINT ( 'NONE',  ( -2.027581169863117427, 2.901794724250141400, 0.1000000000000000056 ) ) ;
#5815 = CARTESIAN_POINT ( 'NONE',  ( 1.168101952075400130, 3.476101277940159662, 0.1000000000000000056 ) ) ;
#5816 = AXIS2_PLACEMENT_3D ( 'NONE', #7619, #2034, #1325 ) ;
#5817 = ORIENTED_EDGE ( 'NONE', *, *, #3147, .F. ) ;
#5818 = FACE_OUTER_BOUND ( 'NONE', #5661, .T. ) ;
#5819 = CARTESIAN_POINT ( 'NONE',  ( -1.868630649780284703, 3.838717870515067521, 0.000000000000000000 ) ) ;
#5820 = LINE ( 'NONE', #1476, #6725 ) ;
#5821 = VERTEX_POINT ( 'NONE', #3386 ) ;
#5822 = ORIENTED_EDGE ( 'NONE', *, *, #7983, .F. ) ;
#5823 = VERTEX_POINT ( 'NONE', #7904 ) ;
#5824 = VECTOR ( 'NONE', #7869, 1000.000000000000000 ) ;
#5825 = LINE ( 'NONE', #3982, #1054 ) ;
#5826 = CARTESIAN_POINT ( 'NONE',  ( 1.755511979752869989, 3.774525902631679752, 0.000000000000000000 ) ) ;
#5827 = CARTESIAN_POINT ( 'NONE',  ( -4.500000000000000000, -1.471999999999999975, -6.074999999999999289 ) ) ;
#5828 = CARTESIAN_POINT ( 'NONE',  ( -0.6485851792583740005, 4.245760893932890134, 0.1000000000000000056 ) ) ;
#5829 = DIRECTION ( 'NONE',  ( -0.7071067811865661135, -0.7071067811865290320, 0.000000000000000000 ) ) ;
#5830 = VECTOR ( 'NONE', #7901, 1000.000000000000114 ) ;
#5831 = DIRECTION ( 'NONE',  ( 0.000000000000000000, 0.000000000000000000, -1.000000000000000000 ) ) ;
#5832 = DIRECTION ( 'NONE',  ( 0.9986295347545743883, 0.05233595624293642390, 0.000000000000000000 ) ) ;
#5833 = ORIENTED_EDGE ( 'NONE', *, *, #4157, .T. ) ;
#5834 = CARTESIAN_POINT ( 'NONE',  ( -2.059709573002050043, 3.258003616276710090, 0.000000000000000000 ) ) ;
#5835 = CARTESIAN_POINT ( 'NONE',  ( 2.290000000000000036, -3.000608987435080088, 7.732439118436030157 ) ) ;
#5836 = UNCERTAINTY_MEASURE_WITH_UNIT (LENGTH_MEASURE( 1.000000000000000082E-05 ), #1273, 'distance_accuracy_value', 'NONE');
#5837 = DIRECTION ( 'NONE',  ( 0.000000000000000000, 0.000000000000000000, -1.000000000000000000 ) ) ;
#5838 = LINE ( 'NONE', #244, #847 ) ;
#5839 = MECHANICAL_DESIGN_GEOMETRIC_PRESENTATION_REPRESENTATION (  '', ( #2320 ), #4409 ) ;
#5840 = VERTEX_POINT ( 'NONE', #2312 ) ;
#5841 = EDGE_CURVE ( 'NONE', #2914, #1525, #4809, .T. ) ;
#5842 = CARTESIAN_POINT ( 'NONE',  ( -0.4619790270790059550, 3.686668531372129909, 0.1000000000000000056 ) ) ;
#5843 = DIRECTION ( 'NONE',  ( 0.000000000000000000, 0.000000000000000000, -1.000000000000000000 ) ) ;
#5844 = DIRECTION ( 'NONE',  ( 0.000000000000000000, -0.9961649871150950464, -0.08749467667225489798 ) ) ;
#5845 = DIRECTION ( 'NONE',  ( -1.000000000000000000, 0.000000000000000000, 0.000000000000000000 ) ) ;
#5846 = ADVANCED_FACE ( 'NONE', ( #2272 ), #316, .F. ) ;
#5847 = CARTESIAN_POINT ( 'NONE',  ( 0.9161473419343860725, 3.386065624748559877, 0.1000000000000000056 ) ) ;
#5848 = CARTESIAN_POINT ( 'NONE',  ( 4.007005230844689514, -3.000000000000000000, 5.994920913255509021 ) ) ;
#5849 = ORIENTED_EDGE ( 'NONE', *, *, #5581, .F. ) ;
#5850 = ORIENTED_EDGE ( 'NONE', *, *, #8028, .T. ) ;
#5851 = COLOUR_RGB ( '',0.8313725490196077761, 0.8313725490196077761, 0.8313725490196077761 ) ;
#5852 = B_SPLINE_CURVE_WITH_KNOTS ( 'NONE', 2,
 ( #7651, #1395, #7606, #788 ),
 .UNSPECIFIED., .F., .F.,
 ( 3, 1, 3 ),
 ( 0.000000000000000000, 1.000000000000000000, 2.000000000000000000 ),
 .UNSPECIFIED. ) ;
#5853 = EDGE_LOOP ( 'NONE', ( #4407, #1348, #7179, #1358 ) ) ;
#5854 = EDGE_CURVE ( 'NONE', #6724, #4302, #1623, .T. ) ;
#5855 = CARTESIAN_POINT ( 'NONE',  ( 1.243615725719970033, 3.773799808654329624, 0.000000000000000000 ) ) ;
#5856 = PLANE ( 'NONE',  #4733 ) ;
#5857 = VERTEX_POINT ( 'NONE', #4031 ) ;
#5858 = CARTESIAN_POINT ( 'NONE',  ( 0.2176449357221190151, 3.546532393743270006, 0.000000000000000000 ) ) ;
#5859 = EDGE_CURVE ( 'NONE', #4774, #557, #355, .T. ) ;
#5860 = CARTESIAN_POINT ( 'NONE',  ( -4.296555519582589966, -2.870000000000000107, -6.074999999999999289 ) ) ;
#5861 = CARTESIAN_POINT ( 'NONE',  ( -4.500000000000000000, -3.000000000000000000, 5.994920913255509021 ) ) ;
#5862 = VERTEX_POINT ( 'NONE', #2884 ) ;
#5863 = VERTEX_POINT ( 'NONE', #6522 ) ;
#5864 = ORIENTED_EDGE ( 'NONE', *, *, #2212, .T. ) ;
#5865 = ORIENTED_EDGE ( 'NONE', *, *, #6602, .T. ) ;
#5866 = FACE_OUTER_BOUND ( 'NONE', #2368, .T. ) ;
#5867 = DIRECTION ( 'NONE',  ( 0.000000000000000000, 0.9975640502598296377, -0.06975647374404837786 ) ) ;
#5868 = CARTESIAN_POINT ( 'NONE',  ( 1.820860437714520108, 3.518940822603910057, 0.000000000000000000 ) ) ;
#5869 = CARTESIAN_POINT ( 'NONE',  ( -2.540000000000000036, -2.713815644987700004, -7.214999999999999858 ) ) ;
#5870 = DIRECTION ( 'NONE',  ( 1.000000000000000000, 0.000000000000000000, 0.000000000000000000 ) ) ;
#5871 = EDGE_CURVE ( 'NONE', #2090, #3910, #553, .T. ) ;
#5872 = FACE_OUTER_BOUND ( 'NONE', #4540, .T. ) ;
#5873 = DIRECTION ( 'NONE',  ( 0.000000000000000000, -0.9986295347545737222, 0.05233595624294658244 ) ) ;
#5874 = ORIENTED_EDGE ( 'NONE', *, *, #6337, .F. ) ;
#5875 = EDGE_LOOP ( 'NONE', ( #227, #1680, #4181, #6483 ) ) ;
#5876 = AXIS2_PLACEMENT_3D ( 'NONE', #38, #3714, #5663 ) ;
#5877 = PLANE ( 'NONE',  #3132 ) ;
#5878 = CARTESIAN_POINT ( 'NONE',  ( 0.2500000000000000000, -1.221999999999999975, 6.375000000000000000 ) ) ;
#5879 = PLANE ( 'NONE',  #4195 ) ;
#5880 = CARTESIAN_POINT ( 'NONE',  ( 1.314046841523080156, 3.761456211039349906, 0.1000000000000000056 ) ) ;
#5881 = CYLINDRICAL_SURFACE ( 'NONE', #4375, 0.4999999999999995559 ) ;
#5882 = EDGE_LOOP ( 'NONE', ( #2140, #6226, #2909, #6114 ) ) ;
#5883 = CYLINDRICAL_SURFACE ( 'NONE', #2976, 0.2500000000000002220 ) ;
#5884 = B_SPLINE_CURVE_WITH_KNOTS ( 'NONE', 2,
 ( #7563, #2632, #3247, #136 ),
 .UNSPECIFIED., .F., .F.,
 ( 3, 1, 3 ),
 ( -2.000000000000000000, -1.000000000000000000, 0.000000000000000000 ),
 .UNSPECIFIED. ) ;
#5885 = AXIS2_PLACEMENT_3D ( 'NONE', #334, #2700, #5845 ) ;
#5886 = DIRECTION ( 'NONE',  ( 0.000000000000000000, 0.000000000000000000, 1.000000000000000000 ) ) ;
#5887 = CARTESIAN_POINT ( 'NONE',  ( 1.755511979752869989, 3.774525902631679752, 0.1000000000000000056 ) ) ;
#5888 = CARTESIAN_POINT ( 'NONE',  ( -3.766115253892839743, -3.883792513728000273, 0.000000000000000000 ) ) ;
#5889 = EDGE_CURVE ( 'NONE', #343, #1867, #2766, .T. ) ;
#5890 = CARTESIAN_POINT ( 'NONE',  ( -2.023770506913039835, 3.976789341645530218, 0.1000000000000000056 ) ) ;
#5891 = FACE_OUTER_BOUND ( 'NONE', #3226, .T. ) ;
#5892 = ORIENTED_EDGE ( 'NONE', *, *, #510, .T. ) ;
#5893 = EDGE_LOOP ( 'NONE', ( #6134, #2971, #6506, #3887 ) ) ;
#5894 = ORIENTED_EDGE ( 'NONE', *, *, #7948, .T. ) ;
#5895 = MECHANICAL_DESIGN_GEOMETRIC_PRESENTATION_REPRESENTATION (  '', ( #1586 ), #3149 ) ;
#5896 = ADVANCED_FACE ( 'NONE', ( #5374 ), #3426, .T. ) ;
#5897 = APPLICATION_PROTOCOL_DEFINITION ( 'draft international standard', 'automotive_design', 1998, #1007 ) ;
#5898 = DIRECTION ( 'NONE',  ( 0.000000000000000000, 0.000000000000000000, 1.000000000000000000 ) ) ;
#5899 = ORIENTED_EDGE ( 'NONE', *, *, #5628, .F. ) ;
#5900 = LINE ( 'NONE', #1029, #4613 ) ;
#5901 = PRESENTATION_STYLE_ASSIGNMENT (( #7960 ) ) ;
#5902 = ADVANCED_FACE ( 'NONE', ( #2807 ), #5915, .T. ) ;
#5903 = CIRCLE ( 'NONE', #3551, 0.4999999999999995559 ) ;
#5904 = DIRECTION ( 'NONE',  ( 0.000000000000000000, 0.000000000000000000, 1.000000000000000000 ) ) ;
#5905 = EDGE_LOOP ( 'NONE', ( #7556, #1614, #7610, #2786, #4600, #4436, #5415, #5684, #3979, #697, #3651, #3931 ) ) ;
#5906 = ORIENTED_EDGE ( 'NONE', *, *, #5047, .F. ) ;
#5907 = VERTEX_POINT ( 'NONE', #1578 ) ;
#5908 = ORIENTED_EDGE ( 'NONE', *, *, #8, .F. ) ;
#5909 = DIRECTION ( 'NONE',  ( -1.133806193448889744E-16, 0.000000000000000000, -1.000000000000000000 ) ) ;
#5910 = EDGE_CURVE ( 'NONE', #3208, #6752, #5297, .T. ) ;
#5911 = CARTESIAN_POINT ( 'NONE',  ( 1.280646518564899861, 3.533462702150940160, 0.1000000000000000056 ) ) ;
#5912 = AXIS2_PLACEMENT_3D ( 'NONE', #7345, #1095, #3599 ) ;
#5913 = CARTESIAN_POINT ( 'NONE',  ( 2.100406618994890007, 3.351213113835679991, 0.000000000000000000 ) ) ;
#5914 = CARTESIAN_POINT ( 'NONE',  ( 0.2500000000000000000, -1.721999999999999975, -6.375000000000000000 ) ) ;
#5915 = PLANE ( 'NONE',  #1730 ) ;
#5916 = FACE_OUTER_BOUND ( 'NONE', #7392, .T. ) ;
#5917 = DIRECTION ( 'NONE',  ( 0.000000000000000000, 0.000000000000000000, 1.000000000000000000 ) ) ;
#5918 = ORIENTED_EDGE ( 'NONE', *, *, #2654, .F. ) ;
#5919 = VECTOR ( 'NONE', #2643, 1000.000000000000000 ) ;
#5920 = ORIENTED_EDGE ( 'NONE', *, *, #4314, .T. ) ;
#5921 = EDGE_CURVE ( 'NONE', #2182, #2389, #7336, .T. ) ;
#5922 = DIRECTION ( 'NONE',  ( 0.000000000000000000, 0.000000000000000000, 1.000000000000000000 ) ) ;
#5923 = CARTESIAN_POINT ( 'NONE',  ( 1.759142449639629957, 3.600263348067290092, 0.1000000000000000056 ) ) ;
#5924 = FILL_AREA_STYLE ('',( #5137 ) ) ;
#5925 = AXIS2_PLACEMENT_3D ( 'NONE', #2213, #2985, #5468 ) ;
#5926 = B_SPLINE_SURFACE_WITH_KNOTS ( 'NONE', 2, 1, ( 
 ( #2535, #7514 ),
 ( #5677, #6868 ),
 ( #1924, #692 ),
 ( #7593, #2048 ) ),
 .UNSPECIFIED., .F., .F., .F.,
 ( 3, 1, 3 ),
 ( 2, 2 ),
 ( -2.000000000000000000, -1.000000000000000000, 0.000000000000000000 ),
 ( 0.000000000000000000, 0.01000000000000000021 ),
 .UNSPECIFIED. ) ;
#5927 = CARTESIAN_POINT ( 'NONE',  ( -2.552470405119579677, 3.115849986476367572, 0.000000000000000000 ) ) ;
#5928 = CARTESIAN_POINT ( 'NONE',  ( -1.357936258902269877, 3.823340976527330071, 0.000000000000000000 ) ) ;
#5929 = AXIS2_PLACEMENT_3D ( 'NONE', #4537, #3914, #1453 ) ;
#5930 = CARTESIAN_POINT ( 'NONE',  ( 4.367140764534364727, 0.1875066163658261897, -5.607859235465643799 ) ) ;
#5931 = CARTESIAN_POINT ( 'NONE',  ( 1.793268866575149945, 3.537819266015050257, 0.1000000000000000056 ) ) ;
#5932 = VECTOR ( 'NONE', #4072, 1000.000000000000114 ) ;
#5933 = CARTESIAN_POINT ( 'NONE',  ( -0.5992107887984640113, 4.060606929708220569, 0.000000000000000000 ) ) ;
#5934 = CARTESIAN_POINT ( 'NONE',  ( 1.248698383561429814, 3.331608576447190107, 0.000000000000000000 ) ) ;
#5935 = CARTESIAN_POINT ( 'NONE',  ( -0.5992107887984640113, 4.060606929708220569, 0.1000000000000000056 ) ) ;
#5936 = CARTESIAN_POINT ( 'NONE',  ( -0.2500000000000000000, -1.471999999999999975, 6.375000000000000000 ) ) ;
#5937 = ORIENTED_EDGE ( 'NONE', *, *, #7199, .T. ) ;
#5938 = VERTEX_POINT ( 'NONE', #2194 ) ;
#5939 = EDGE_LOOP ( 'NONE', ( #4243, #2217, #28, #3625 ) ) ;
#5940 = AXIS2_PLACEMENT_3D ( 'NONE', #7425, #3105, #3794 ) ;
#5941 = ADVANCED_FACE ( 'NONE', ( #6604 ), #4070, .T. ) ;
#5942 = DIRECTION ( 'NONE',  ( 0.000000000000000000, 0.000000000000000000, -1.000000000000000000 ) ) ;
#5943 = ORIENTED_EDGE ( 'NONE', *, *, #7691, .F. ) ;
#5944 = LINE ( 'NONE', #6590, #6568 ) ;
#5945 = PLANE ( 'NONE',  #2935 ) ;
#5946 = AXIS2_PLACEMENT_3D ( 'NONE', #2283, #6653, #439 ) ;
#5947 = CARTESIAN_POINT ( 'NONE',  ( 0.4282121891540919822, 4.025754418795340683, 0.1000000000000000056 ) ) ;
#5948 = ORIENTED_EDGE ( 'NONE', *, *, #5507, .F. ) ;
#5949 = EDGE_LOOP ( 'NONE', ( #2101, #5693, #6763, #5617 ) ) ;
#5950 = VERTEX_POINT ( 'NONE', #4150 ) ;
#5951 = DIRECTION ( 'NONE',  ( 0.000000000000000000, 0.06975647374412639878, 0.9975640502598241977 ) ) ;
#5952 = PRESENTATION_LAYER_ASSIGNMENT (  '', '', ( #7498 ) ) ;
#5953 = DIRECTION ( 'NONE',  ( 1.000000000000000000, 0.000000000000000000, 0.000000000000000000 ) ) ;
#5954 = EDGE_CURVE ( 'NONE', #1857, #7847, #6640, .T. ) ;
#5955 = AXIS2_PLACEMENT_3D ( 'NONE', #2468, #2969, #6147 ) ;
#5956 = FACE_OUTER_BOUND ( 'NONE', #6023, .T. ) ;
#5957 = EDGE_CURVE ( 'NONE', #7410, #3028, #6290, .T. ) ;
#5958 = FACE_OUTER_BOUND ( 'NONE', #2947, .T. ) ;
#5959 = CARTESIAN_POINT ( 'NONE',  ( 1.756238073730219895, 3.647459456595139926, 0.000000000000000000 ) ) ;
#5960 = CARTESIAN_POINT ( 'NONE',  ( 2.206416339688229922, 3.387517812703259690, 0.1000000000000000056 ) ) ;
#5961 = EDGE_CURVE ( 'NONE', #6910, #1697, #7944, .T. ) ;
#5962 = ORIENTED_EDGE ( 'NONE', *, *, #5538, .F. ) ;
#5963 = CIRCLE ( 'NONE', #6208, 0.05250000000000010214 ) ;
#5964 = ORIENTED_EDGE ( 'NONE', *, *, #549, .T. ) ;
#5965 = DIRECTION ( 'NONE',  ( -0.05226442768871659983, -0.9972646886342370065, 0.05226442768871820271 ) ) ;
#5966 = ADVANCED_FACE ( 'NONE', ( #7978 ), #6222, .F. ) ;
#5967 = CARTESIAN_POINT ( 'NONE',  ( 9.540979117872440597E-15, -2.713815644987700004, -7.214999999999999858 ) ) ;
#5968 = VECTOR ( 'NONE', #270, 1000.000000000000000 ) ;
#5969 = LINE ( 'NONE', #6615, #826 ) ;
#5970 = DIRECTION ( 'NONE',  ( 0.000000000000000000, 0.000000000000000000, 1.000000000000000000 ) ) ;
#5971 = EDGE_CURVE ( 'NONE', #6270, #7737, #4356, .T. ) ;
#5972 = CARTESIAN_POINT ( 'NONE',  ( -4.007005230844689514, -3.000000000000000000, 5.502153264050679837 ) ) ;
#5973 = CARTESIAN_POINT ( 'NONE',  ( 1.759142449639629957, 3.600263348067290092, 0.1000000000000000056 ) ) ;
#5974 = DIRECTION ( 'NONE',  ( 1.000000000000000000, 0.000000000000000000, 0.000000000000000000 ) ) ;
#5975 = VECTOR ( 'NONE', #7152, 1000.000000000000114 ) ;
#5976 = PRESENTATION_STYLE_ASSIGNMENT (( #375 ) ) ;
#5977 = FACE_OUTER_BOUND ( 'NONE', #1223, .T. ) ;
#5978 = EDGE_LOOP ( 'NONE', ( #4446, #3111, #7513, #7550, #3073, #5588, #533, #6471, #2303, #3835, #2800, #879 ) ) ;
#5979 = ORIENTED_EDGE ( 'NONE', *, *, #1355, .T. ) ;
#5980 = ORIENTED_EDGE ( 'NONE', *, *, #254, .F. ) ;
#5981 = DIRECTION ( 'NONE',  ( 0.9986295347545738332, -0.05233595624294599263, 0.000000000000000000 ) ) ;
#5982 = VERTEX_POINT ( 'NONE', #5522 ) ;
#5983 = DIRECTION ( 'NONE',  ( -1.000000000000000000, 0.000000000000000000, 0.000000000000000000 ) ) ;
#5984 = CARTESIAN_POINT ( 'NONE',  ( -2.290000000000000036, -3.250000000000039968, -7.714999999999999858 ) ) ;
#5985 = VECTOR ( 'NONE', #3391, 1000.000000000000000 ) ;
#5986 = CARTESIAN_POINT ( 'NONE',  ( -0.2042156651191769923, 3.585741468520259989, 0.000000000000000000 ) ) ;
#5987 = ORIENTED_EDGE ( 'NONE', *, *, #5812, .F. ) ;
#5988 = ORIENTED_EDGE ( 'NONE', *, *, #2451, .F. ) ;
#5989 = ORIENTED_EDGE ( 'NONE', *, *, #2174, .T. ) ;
#5990 = CARTESIAN_POINT ( 'NONE',  ( -2.290000000000000036, -2.735689314155719920, -6.965958753221239697 ) ) ;
#5991 = B_SPLINE_SURFACE_WITH_KNOTS ( 'NONE', 2, 1, ( 
 ( #1564, #2749 ),
 ( #7727, #909 ),
 ( #5360, #3490 ),
 ( #6587, #5815 ) ),
 .UNSPECIFIED., .F., .F., .F.,
 ( 3, 1, 3 ),
 ( 2, 2 ),
 ( -2.000000000000000000, -1.000000000000000000, 0.000000000000000000 ),
 ( 0.000000000000000000, 0.01000000000000000021 ),
 .UNSPECIFIED. ) ;
#5992 = AXIS2_PLACEMENT_3D ( 'NONE', #5157, #4633, #5113 ) ;
#5993 = DIRECTION ( 'NONE',  ( 1.000000000000000000, 0.000000000000000000, 0.000000000000000000 ) ) ;
#5994 = FACE_OUTER_BOUND ( 'NONE', #5043, .T. ) ;
#5995 = DIRECTION ( 'NONE',  ( 1.000000000000000000, 0.000000000000000000, 0.000000000000000000 ) ) ;
#5996 = CYLINDRICAL_SURFACE ( 'NONE', #6326, 0.4999999999999995559 ) ;
#5997 = ORIENTED_EDGE ( 'NONE', *, *, #2115, .T. ) ;
#5998 = EDGE_CURVE ( 'NONE', #876, #6706, #2384, .T. ) ;
#5999 = ORIENTED_EDGE ( 'NONE', *, *, #1343, .T. ) ;
#6000 = CARTESIAN_POINT ( 'NONE',  ( 0.2176449357221190151, 4.025754418795340683, 0.000000000000000000 ) ) ;
#6001 = LINE ( 'NONE', #4121, #5824 ) ;
#6002 = CARTESIAN_POINT ( 'NONE',  ( -2.552470405119579677, 3.115849986476367572, 0.1000000000000000194 ) ) ;
#6003 = LINE ( 'NONE', #4783, #1637 ) ;
#6004 = ADVANCED_FACE ( 'NONE', ( #4317 ), #4882, .T. ) ;
#6005 = EDGE_CURVE ( 'NONE', #4508, #3279, #6145, .T. ) ;
#6006 = DIRECTION ( 'NONE',  ( 0.000000000000000000, -1.000000000000000000, -7.228014483236570338E-16 ) ) ;
#6007 = EDGE_CURVE ( 'NONE', #3769, #4990, #7679, .T. ) ;
#6008 = CARTESIAN_POINT ( 'NONE',  ( -1.558624907085859990, 3.394807403769890097, 0.000000000000000000 ) ) ;
#6009 = CARTESIAN_POINT ( 'NONE',  ( 1.021430968650369975, 3.509501600898329965, 0.1000000000000000056 ) ) ;
#6010 = CARTESIAN_POINT ( 'NONE',  ( -4.335825851129594177, 0.2000000000000001499, 5.910825851129595243 ) ) ;
#6011 = CARTESIAN_POINT ( 'NONE',  ( -2.790000000000000036, -1.471999999999999975, 6.375000000000000000 ) ) ;
#6012 = ORIENTED_EDGE ( 'NONE', *, *, #1600, .F. ) ;
#6013 = ORIENTED_EDGE ( 'NONE', *, *, #4412, .T. ) ;
#6014 = ORIENTED_EDGE ( 'NONE', *, *, #6803, .T. ) ;
#6015 = ADVANCED_FACE ( 'NONE', ( #4996 ), #7872, .T. ) ;
#6016 = CARTESIAN_POINT ( 'NONE',  ( 0.2176449357221190151, 3.546532393743270006, 0.1000000000000000056 ) ) ;
#6017 = ORIENTED_EDGE ( 'NONE', *, *, #6848, .T. ) ;
#6018 = CARTESIAN_POINT ( 'NONE',  ( 2.290000000000000036, -2.963206657552649670, -7.197560881563960677 ) ) ;
#6019 = APPLICATION_CONTEXT ( 'automotive_design' ) ;
#6020 = CARTESIAN_POINT ( 'NONE',  ( 4.431932583704670137, 0.07680367431158299785, -5.543067416295329508 ) ) ;
#6021 = CIRCLE ( 'NONE', #6668, 0.2500000000000002220 ) ;
#6022 = ORIENTED_EDGE ( 'NONE', *, *, #3153, .T. ) ;
#6023 = EDGE_LOOP ( 'NONE', ( #6608, #6541, #3449, #3209 ) ) ;
#6024 = AXIS2_PLACEMENT_3D ( 'NONE', #7298, #3996, #6038 ) ;
#6025 = VERTEX_POINT ( 'NONE', #1853 ) ;
#6026 = DIRECTION ( 'NONE',  ( 0.000000000000000000, 0.000000000000000000, 1.000000000000000000 ) ) ;
#6027 = DIRECTION ( 'NONE',  ( 0.000000000000000000, 0.000000000000000000, 1.000000000000000000 ) ) ;
#6028 = PLANE ( 'NONE',  #4076 ) ;
#6029 = CIRCLE ( 'NONE', #1062, 0.05249999999999991479 ) ;
#6030 = DIRECTION ( 'NONE',  ( -1.000000000000000000, 0.000000000000000000, 0.000000000000000000 ) ) ;
#6031 = DIRECTION ( 'NONE',  ( -1.000000000000000000, 0.000000000000000000, 0.000000000000000000 ) ) ;
#6032 = ORIENTED_EDGE ( 'NONE', *, *, #1689, .F. ) ;
#6033 = ORIENTED_EDGE ( 'NONE', *, *, #3704, .F. ) ;
#6034 = ORIENTED_EDGE ( 'NONE', *, *, #5954, .T. ) ;
#6035 = VECTOR ( 'NONE', #1791, 1000.000000000000000 ) ;
#6036 = CARTESIAN_POINT ( 'NONE',  ( -4.391596839026767007, 0.1642986682315978331, 5.966596839026767185 ) ) ;
#6037 = CARTESIAN_POINT ( 'NONE',  ( 1.092588178430830004, 3.331608576447190107, 0.1000000000000000056 ) ) ;
#6038 = DIRECTION ( 'NONE',  ( 0.000000000000000000, 7.228014483236570338E-16, -1.000000000000000000 ) ) ;
#6039 = ADVANCED_FACE ( 'NONE', ( #3579 ), #4751, .F. ) ;
#6040 = VECTOR ( 'NONE', #1194, 1000.000000000000000 ) ;
#6041 = CARTESIAN_POINT ( 'NONE',  ( -1.514448358292738828, 4.255265573465251805, 0.1000000000000000194 ) ) ;
#6042 = DIRECTION ( 'NONE',  ( 1.000000000000000000, -4.959449760758319800E-14, 0.000000000000000000 ) ) ;
#6043 = DIRECTION ( 'NONE',  ( 0.000000000000000000, 7.228014483236570338E-16, -1.000000000000000000 ) ) ;
#6044 = CLOSED_SHELL ( 'NONE', ( #4896, #3647, #3473, #7301, #6894, #3854, #4498, #4309, #7036, #7637, #5270, #6442, #3799, #6289, #1040, #4202, #4944, #49, #3312, #5088, #7802, #818, #3197, #5144 ) ) ;
#6045 = CARTESIAN_POINT ( 'NONE',  ( 1.314046841523080156, 3.761456211039349906, 0.000000000000000000 ) ) ;
#6046 = EDGE_CURVE ( 'NONE', #5234, #264, #23, .T. ) ;
#6047 = EDGE_CURVE ( 'NONE', #4234, #5434, #2620, .T. ) ;
#6048 = DIRECTION ( 'NONE',  ( 0.000000000000000000, -1.000000000000000000, 0.000000000000000000 ) ) ;
#6049 = DIRECTION ( 'NONE',  ( -1.000000000000000000, 0.000000000000000000, 0.000000000000000000 ) ) ;
#6050 = AXIS2_PLACEMENT_3D ( 'NONE', #2735, #813, #5797 ) ;
#6051 = CARTESIAN_POINT ( 'NONE',  ( -4.416052913519170176, 0.1410907200973677000, -5.991052913519165024 ) ) ;
#6052 = EDGE_CURVE ( 'NONE', #4833, #7893, #2507, .T. ) ;
#6053 = ORIENTED_EDGE ( 'NONE', *, *, #4961, .F. ) ;
#6054 = EDGE_LOOP ( 'NONE', ( #7256, #5142, #3509, #7180 ) ) ;
#6055 = EDGE_LOOP ( 'NONE', ( #4887, #1746, #1399, #751, #7477, #5122, #3228, #4908 ) ) ;
#6056 = AXIS2_PLACEMENT_3D ( 'NONE', #4651, #6708, #7747 ) ;
#6057 = CARTESIAN_POINT ( 'NONE',  ( 0.6946886788421389181, 3.817728494284100105, 0.1000000000000000056 ) ) ;
#6058 = ORIENTED_EDGE ( 'NONE', *, *, #468, .F. ) ;
#6059 = CARTESIAN_POINT ( 'NONE',  ( 0.1094569330967260085, 3.505871131011580211, 0.000000000000000000 ) ) ;
#6060 = CARTESIAN_POINT ( 'NONE',  ( 1.545670820298249870, 3.683764155462729839, 0.1000000000000000056 ) ) ;
#6061 = EDGE_CURVE ( 'NONE', #6246, #347, #2732, .T. ) ;
#6062 = VERTEX_POINT ( 'NONE', #2968 ) ;
#6063 = VECTOR ( 'NONE', #582, 1000.000000000000000 ) ;
#6064 = ORIENTED_EDGE ( 'NONE', *, *, #2499, .T. ) ;
#6065 = VERTEX_POINT ( 'NONE', #4475 ) ;
#6066 = LINE ( 'NONE', #463, #1711 ) ;
#6067 = PRESENTATION_STYLE_ASSIGNMENT (( #6598 ) ) ;
#6068 = DIRECTION ( 'NONE',  ( -0.7321804635358735158, 0.6811106876392364340, 0.000000000000000000 ) ) ;
#6069 = CARTESIAN_POINT ( 'NONE',  ( -2.290000000000000036, -1.471999999999999975, -6.375000000000000000 ) ) ;
#6070 = CIRCLE ( 'NONE', #7891, 0.05250000000000001193 ) ;
#6071 = B_SPLINE_CURVE_WITH_KNOTS ( 'NONE', 2,
 ( #5712, #5224, #1417, #1376 ),
 .UNSPECIFIED., .F., .F.,
 ( 3, 1, 3 ),
 ( 0.000000000000000000, 1.000000000000000000, 2.000000000000000000 ),
 .UNSPECIFIED. ) ;
#6072 = DIRECTION ( 'NONE',  ( 0.000000000000000000, 0.000000000000000000, 1.000000000000000000 ) ) ;
#6073 = DIRECTION ( 'NONE',  ( 0.000000000000000000, 0.000000000000000000, 1.000000000000000000 ) ) ;
#6074 = ORIENTED_EDGE ( 'NONE', *, *, #1490, .F. ) ;
#6075 = EDGE_LOOP ( 'NONE', ( #5022, #7436, #3787, #2449 ) ) ;
#6076 = VECTOR ( 'NONE', #7877, 1000.000000000000000 ) ;
#6077 = ORIENTED_EDGE ( 'NONE', *, *, #7577, .F. ) ;
#6078 = VECTOR ( 'NONE', #3258, 1000.000000000000000 ) ;
#6079 = CARTESIAN_POINT ( 'NONE',  ( -4.500000000000000000, -1.221999999999999975, 6.074999999999999289 ) ) ;
#6080 = CARTESIAN_POINT ( 'NONE',  ( 0.9597129805754840426, 3.364282805428009837, 0.000000000000000000 ) ) ;
#6081 = DIRECTION ( 'NONE',  ( -1.000000000000000000, 0.000000000000000000, 0.000000000000000000 ) ) ;
#6082 = AXIS2_PLACEMENT_3D ( 'NONE', #7433, #4832, #4305 ) ;
#6083 = PLANE ( 'NONE',  #7609 ) ;
#6084 = LINE ( 'NONE', #2323, #7493 ) ;
#6085 = DIRECTION ( 'NONE',  ( 0.000000000000000000, 1.000000000000000000, 0.000000000000000000 ) ) ;
#6086 = AXIS2_PLACEMENT_3D ( 'NONE', #4146, #6755, #3577 ) ;
#6087 = CARTESIAN_POINT ( 'NONE',  ( -3.011496243666210049, 3.935849295896549194, 0.000000000000000000 ) ) ;
#6088 = CARTESIAN_POINT ( 'NONE',  ( -2.790000000000000036, -2.757562983323790018, 6.716917506442459995 ) ) ;
#6089 = CARTESIAN_POINT ( 'NONE',  ( 1.963174857275439722, 3.484088311691030171, 0.1000000000000000056 ) ) ;
#6090 = STYLED_ITEM ( 'NONE', ( #4491 ), #4257 ) ;
#6091 = ORIENTED_EDGE ( 'NONE', *, *, #4314, .F. ) ;
#6092 = ADVANCED_FACE ( 'NONE', ( #6959 ), #3576, .T. ) ;
#6093 = ORIENTED_EDGE ( 'NONE', *, *, #5696, .F. ) ;
#6094 = EDGE_CURVE ( 'NONE', #1573, #6711, #3814, .T. ) ;
#6095 = FACE_OUTER_BOUND ( 'NONE', #1980, .T. ) ;
#6096 = VERTEX_POINT ( 'NONE', #7561 ) ;
#6097 = LINE ( 'NONE', #613, #817 ) ;
#6098 = CARTESIAN_POINT ( 'NONE',  ( 1.133249441162520021, 3.819543729227480089, 0.1000000000000000056 ) ) ;
#6099 = CARTESIAN_POINT ( 'NONE',  ( -1.971270506913040066, 3.789685443644290164, 0.1000000000000000056 ) ) ;
#6100 = EDGE_LOOP ( 'NONE', ( #5763, #3878, #2304, #6470 ) ) ;
#6101 = ADVANCED_FACE ( 'NONE', ( #705 ), #3932, .T. ) ;
#6102 = VERTEX_POINT ( 'NONE', #5203 ) ;
#6103 = EDGE_CURVE ( 'NONE', #1963, #3208, #5772, .T. ) ;
#6104 = EDGE_LOOP ( 'NONE', ( #4328, #7006, #1627, #4631 ) ) ;
#6105 = VECTOR ( 'NONE', #4784, 1000.000000000000000 ) ;
#6106 = CARTESIAN_POINT ( 'NONE',  ( 0.7999723055581260400, 3.349760925880980178, 0.000000000000000000 ) ) ;
#6107 = LINE ( 'NONE', #5481, #4149 ) ;
#6108 = CARTESIAN_POINT ( 'NONE',  ( 2.790000000000000036, -1.678252661663869993, 6.873082493557559403 ) ) ;
#6109 = ADVANCED_FACE ( 'NONE', ( #5818 ), #5331, .T. ) ;
#6110 = CARTESIAN_POINT ( 'NONE',  ( 0.1094569330967260085, 3.505871131011580211, 0.1000000000000000056 ) ) ;
#6111 = VECTOR ( 'NONE', #7332, 1000.000000000000000 ) ;
#6112 = CARTESIAN_POINT ( 'NONE',  ( 1.993670804324199963, 3.331608576447190107, 0.000000000000000000 ) ) ;
#6113 = LINE ( 'NONE', #4357, #75 ) ;
#6114 = ORIENTED_EDGE ( 'NONE', *, *, #407, .T. ) ;
#6115 = VERTEX_POINT ( 'NONE', #2714 ) ;
#6116 = VERTEX_POINT ( 'NONE', #4433 ) ;
#6117 = CARTESIAN_POINT ( 'NONE',  ( -2.281047728045660250, 4.062959866424269428, 0.1000000000000000056 ) ) ;
#6118 = CARTESIAN_POINT ( 'NONE',  ( 2.290000000000000036, -1.678252661663869993, -6.873082493557559403 ) ) ;
#6119 = ADVANCED_FACE ( 'NONE', ( #1394 ), #5118, .T. ) ;
#6120 = DIRECTION ( 'NONE',  ( -0.05233595624294599263, 0.9986295347545738332, 0.000000000000000000 ) ) ;
#6121 =( BOUNDED_CURVE ( )  B_SPLINE_CURVE ( 3, ( #3154, #2455, #1344, #90 ),
 .UNSPECIFIED., .F., .F. ) 
 B_SPLINE_CURVE_WITH_KNOTS ( ( 4, 4 ),
 ( 5.471607205002216645, 6.230825429619750722 ),
 .UNSPECIFIED. ) 
 CURVE ( )  GEOMETRIC_REPRESENTATION_ITEM ( )  RATIONAL_B_SPLINE_CURVE ( ( 1.000000000000000000, 0.9525397019146160105, 0.9525397019146160105, 1.000000000000000000 ) ) 
 REPRESENTATION_ITEM ( '' )  );
#6122 = FACE_OUTER_BOUND ( 'NONE', #753, .T. ) ;
#6123 = CARTESIAN_POINT ( 'NONE',  ( 4.426377359100680309, -2.876803674311580572, -5.548622640899319336 ) ) ;
#6124 = ORIENTED_EDGE ( 'NONE', *, *, #4443, .T. ) ;
#6125 = LINE ( 'NONE', #517, #6105 ) ;
#6126 = FILL_AREA_STYLE_COLOUR ( '', #4646 ) ;
#6127 = CARTESIAN_POINT ( 'NONE',  ( -0.6282545478925289917, 3.818091541272780276, 0.1000000000000000056 ) ) ;
#6128 = CARTESIAN_POINT ( 'NONE',  ( 1.341638412662439883, 3.883439999234420181, 0.000000000000000000 ) ) ;
#6129 = DIRECTION ( 'NONE',  ( 1.000000000000000000, 0.000000000000000000, 0.000000000000000000 ) ) ;
#6130 = VERTEX_POINT ( 'NONE', #7688 ) ;
#6131 = EDGE_LOOP ( 'NONE', ( #740, #4134, #4379, #2931 ) ) ;
#6132 = DIRECTION ( 'NONE',  ( 0.000000000000000000, 0.000000000000000000, 1.000000000000000000 ) ) ;
#6133 = ADVANCED_FACE ( 'NONE', ( #6422 ), #4518, .T. ) ;
#6134 = ORIENTED_EDGE ( 'NONE', *, *, #3165, .F. ) ;
#6135 = LINE ( 'NONE', #7890, #5221 ) ;
#6136 = LINE ( 'NONE', #5959, #3183 ) ;
#6137 = DIRECTION ( 'NONE',  ( 0.000000000000000000, -7.228014483236570338E-16, 1.000000000000000000 ) ) ;
#6138 = ORIENTED_EDGE ( 'NONE', *, *, #3558, .T. ) ;
#6139 = ORIENTED_EDGE ( 'NONE', *, *, #2533, .T. ) ;
#6140 = VERTEX_POINT ( 'NONE', #3895 ) ;
#6141 = CARTESIAN_POINT ( 'NONE',  ( 3.877183391326589845, -2.876803674311580572, -3.824999999999999734 ) ) ;
#6142 = DIRECTION ( 'NONE',  ( 0.000000000000000000, -0.9975640502598241977, 0.06975647374412621837 ) ) ;
#6143 = ADVANCED_FACE ( 'NONE', ( #4393 ), #1148, .T. ) ;
#6144 = EDGE_CURVE ( 'NONE', #264, #7897, #7594, .T. ) ;
#6145 = LINE ( 'NONE', #3124, #6040 ) ;
#6146 = VECTOR ( 'NONE', #7335, 999.9999999999998863 ) ;
#6147 = DIRECTION ( 'NONE',  ( 0.000000000000000000, 0.000000000000000000, 1.000000000000000000 ) ) ;
#6148 = ORIENTED_EDGE ( 'NONE', *, *, #2701, .F. ) ;
#6149 = ORIENTED_EDGE ( 'NONE', *, *, #760, .T. ) ;
#6150 = EDGE_CURVE ( 'NONE', #4319, #3721, #1311, .T. ) ;
#6151 = ORIENTED_EDGE ( 'NONE', *, *, #952, .T. ) ;
#6152 = CARTESIAN_POINT ( 'NONE',  ( 2.009644871825940093, 3.841326548548029685, 0.000000000000000000 ) ) ;
#6153 = AXIS2_PLACEMENT_3D ( 'NONE', #2344, #2926, #2383 ) ;
#6154 = CARTESIAN_POINT ( 'NONE',  ( -0.7240989529029440153, 3.810104507521910211, 0.000000000000000000 ) ) ;
#6155 = CARTESIAN_POINT ( 'NONE',  ( -1.918770506913039853, 3.789685443644290164, 0.000000000000000000 ) ) ;
#6156 = LINE ( 'NONE', #1822, #6964 ) ;
#6157 = CARTESIAN_POINT ( 'NONE',  ( -2.174680787299339890, 4.029289341645529987, 0.1000000000000000056 ) ) ;
#6158 = EDGE_LOOP ( 'NONE', ( #2880, #7564 ) ) ;
#6159 = VECTOR ( 'NONE', #7549, 1000.000000000000114 ) ;
#6160 = EDGE_CURVE ( 'NONE', #3527, #2390, #5647, .T. ) ;
#6161 = CARTESIAN_POINT ( 'NONE',  ( 2.218759937303210084, 3.647459456595139926, 0.1000000000000000056 ) ) ;
#6162 = CARTESIAN_POINT ( 'NONE',  ( 0.2500000000000000000, -1.721999999999999975, 6.375000000000000000 ) ) ;
#6163 = VECTOR ( 'NONE', #7387, 1000.000000000000227 ) ;
#6164 = FACE_OUTER_BOUND ( 'NONE', #1923, .T. ) ;
#6165 = DIRECTION ( 'NONE',  ( 0.8307716891832557238, -0.5566133311838658004, 0.000000000000000000 ) ) ;
#6166 = DIRECTION ( 'NONE',  ( 0.000000000000000000, 0.000000000000000000, 1.000000000000000000 ) ) ;
#6167 = ORIENTED_EDGE ( 'NONE', *, *, #7706, .F. ) ;
#6168 = ORIENTED_EDGE ( 'NONE', *, *, #5262, .F. ) ;
#6169 = AXIS2_PLACEMENT_3D ( 'NONE', #6564, #1002, #4772 ) ;
#6170 = DIRECTION ( 'NONE',  ( -1.000000000000000000, 0.000000000000000000, 0.000000000000000000 ) ) ;
#6171 = ORIENTED_EDGE ( 'NONE', *, *, #1501, .T. ) ;
#6172 = CARTESIAN_POINT ( 'NONE',  ( 1.166649764120700095, 3.331608576447190107, 0.000000000000000000 ) ) ;
#6173 = CARTESIAN_POINT ( 'NONE',  ( 0.2500000000000000000, -3.212597670117609994, 7.180121763127949919 ) ) ;
#6174 = CARTESIAN_POINT ( 'NONE',  ( -0.2042156651191769923, 3.457948928506370034, 0.000000000000000000 ) ) ;
#6175 = ORIENTED_EDGE ( 'NONE', *, *, #2003, .F. ) ;
#6176 = ORIENTED_EDGE ( 'NONE', *, *, #3356, .F. ) ;
#6177 = ORIENTED_EDGE ( 'NONE', *, *, #4757, .F. ) ;
#6178 = EDGE_CURVE ( 'NONE', #5261, #4644, #5362, .T. ) ;
#6179 = VECTOR ( 'NONE', #1282, 1000.000000000000000 ) ;
#6180 = B_SPLINE_SURFACE_WITH_KNOTS ( 'NONE', 2, 1, ( 
 ( #548, #2473 ),
 ( #4401, #8025 ),
 ( #2433, #7568 ),
 ( #4966, #6804 ) ),
 .UNSPECIFIED., .F., .F., .F.,
 ( 3, 1, 3 ),
 ( 2, 2 ),
 ( -2.000000000000000000, -1.000000000000000000, 0.000000000000000000 ),
 ( 0.000000000000000000, 0.01000000000000000021 ),
 .UNSPECIFIED. ) ;
#6181 = LINE ( 'NONE', #7364, #4789 ) ;
#6182 = DIRECTION ( 'NONE',  ( 0.000000000000000000, 1.000000000000000000, -3.469446951953610245E-15 ) ) ;
#6183 = B_SPLINE_CURVE_WITH_KNOTS ( 'NONE', 2,
 ( #5933, #6579, #7306, #482 ),
 .UNSPECIFIED., .F., .F.,
 ( 3, 1, 3 ),
 ( 0.000000000000000000, 1.000000000000000000, 2.000000000000000000 ),
 .UNSPECIFIED. ) ;
#6184 = CARTESIAN_POINT ( 'NONE',  ( -2.790000000000000036, -3.000608987435080088, 7.732439118436020387 ) ) ;
#6185 = CARTESIAN_POINT ( 'NONE',  ( -0.3472561786574480114, 3.787595594224010043, 0.1000000000000000056 ) ) ;
#6186 = DIRECTION ( 'NONE',  ( 0.000000000000000000, 0.000000000000000000, 1.000000000000000000 ) ) ;
#6187 = VERTEX_POINT ( 'NONE', #4594 ) ;
#6188 = EDGE_LOOP ( 'NONE', ( #7599, #3321, #7447, #4338 ) ) ;
#6189 = ORIENTED_EDGE ( 'NONE', *, *, #1701, .T. ) ;
#6190 = EDGE_CURVE ( 'NONE', #3297, #5568, #262, .T. ) ;
#6191 = CARTESIAN_POINT ( 'NONE',  ( 2.011097059780639906, 3.774525902631679752, 0.000000000000000000 ) ) ;
#6192 = STYLED_ITEM ( 'NONE', ( #5901 ), #1583 ) ;
#6193 = PLANE ( 'NONE',  #2828 ) ;
#6194 = DIRECTION ( 'NONE',  ( 0.000000000000000000, 0.000000000000000000, 1.000000000000000000 ) ) ;
#6195 = EDGE_CURVE ( 'NONE', #5640, #2812, #5900, .T. ) ;
#6196 = DIRECTION ( 'NONE',  ( 0.000000000000000000, -7.228014483236570338E-16, -1.000000000000000000 ) ) ;
#6197 = CARTESIAN_POINT ( 'NONE',  ( -0.2500000000000000000, -2.713815644987700004, 7.214999999999999858 ) ) ;
#6198 = ORIENTED_EDGE ( 'NONE', *, *, #1748, .T. ) ;
#6199 = AXIS2_PLACEMENT_3D ( 'NONE', #6197, #6505, #6730 ) ;
#6200 = ADVANCED_FACE ( 'NONE', ( #344 ), #2836, .T. ) ;
#6201 = DIRECTION ( 'NONE',  ( 0.000000000000000000, 4.440892098500630895E-15, 1.000000000000000000 ) ) ;
#6202 = ADVANCED_FACE ( 'NONE', ( #5285 ), #7080, .F. ) ;
#6203 = CARTESIAN_POINT ( 'NONE',  ( -4.369583075044078946, -3.000000000000007550, 5.994920913255506356 ) ) ;
#6204 = FACE_OUTER_BOUND ( 'NONE', #6881, .T. ) ;
#6205 = CARTESIAN_POINT ( 'NONE',  ( 2.011097059780639906, 3.774525902631679752, 0.1000000000000000056 ) ) ;
#6206 = EDGE_CURVE ( 'NONE', #380, #3489, #383, .T. ) ;
#6207 = VERTEX_POINT ( 'NONE', #4721 ) ;
#6208 = AXIS2_PLACEMENT_3D ( 'NONE', #7754, #4158, #5380 ) ;
#6209 = EDGE_LOOP ( 'NONE', ( #1601, #6295, #6721, #3188 ) ) ;
#6210 = ADVANCED_FACE ( 'NONE', ( #2141 ), #2185, .T. ) ;
#6211 = LINE ( 'NONE', #610, #6159 ) ;
#6212 = AXIS2_PLACEMENT_3D ( 'NONE', #2071, #6924, #3783 ) ;
#6213 = VERTEX_POINT ( 'NONE', #7730 ) ;
#6214 = CARTESIAN_POINT ( 'NONE',  ( 2.540000000000000036, -2.735689314155719920, -6.965958753221239697 ) ) ;
#6215 = CARTESIAN_POINT ( 'NONE',  ( 0.7999723055581260400, 4.285696062687230246, 0.000000000000000000 ) ) ;
#6216 = EDGE_LOOP ( 'NONE', ( #5822, #877, #7750, #421 ) ) ;
#6217 = ORIENTED_EDGE ( 'NONE', *, *, #2204, .T. ) ;
#6218 = ORIENTED_EDGE ( 'NONE', *, *, #5034, .F. ) ;
#6219 = DIRECTION ( 'NONE',  ( 0.8597763410315684141, -0.5106707779013481829, 0.000000000000000000 ) ) ;
#6220 = PLANE ( 'NONE',  #6153 ) ;
#6221 = DIRECTION ( 'NONE',  ( 0.000000000000000000, 1.000000000000000000, 0.000000000000000000 ) ) ;
#6222 = CYLINDRICAL_SURFACE ( 'NONE', #5770, 0.05250000000000007438 ) ;
#6223 = LINE ( 'NONE', #1855, #4781 ) ;
#6224 = ORIENTED_EDGE ( 'NONE', *, *, #7136, .T. ) ;
#6225 = VECTOR ( 'NONE', #1709, 1000.000000000000114 ) ;
#6226 = ORIENTED_EDGE ( 'NONE', *, *, #2103, .T. ) ;
#6227 = ORIENTED_EDGE ( 'NONE', *, *, #1613, .T. ) ;
#6228 = B_SPLINE_CURVE_WITH_KNOTS ( 'NONE', 2,
 ( #4661, #3591, #7756, #1012 ),
 .UNSPECIFIED., .F., .F.,
 ( 3, 1, 3 ),
 ( -2.000000000000000000, -1.000000000000000000, 0.000000000000000000 ),
 .UNSPECIFIED. ) ;
#6229 = FACE_OUTER_BOUND ( 'NONE', #498, .T. ) ;
#6230 = STYLED_ITEM ( 'NONE', ( #6067 ), #1918 ) ;
#6231 = CARTESIAN_POINT ( 'NONE',  ( 2.070636765923479672, 3.500062379192759643, 0.000000000000000000 ) ) ;
#6232 = CARTESIAN_POINT ( 'NONE',  ( 2.100406618994890007, 3.513858164762440062, 0.000000000000000000 ) ) ;
#6233 = ADVANCED_FACE ( 'NONE', ( #416 ), #6467, .T. ) ;
#6234 = DIRECTION ( 'NONE',  ( -1.000000000000000000, 0.000000000000000000, 0.000000000000000000 ) ) ;
#6235 = DIRECTION ( 'NONE',  ( 0.000000000000000000, -1.000000000000000000, 0.000000000000000000 ) ) ;
#6236 = ORIENTED_EDGE ( 'NONE', *, *, #1961, .T. ) ;
#6237 = EDGE_CURVE ( 'NONE', #4942, #5823, #1331, .T. ) ;
#6238 = LINE ( 'NONE', #3873, #7143 ) ;
#6239 = UNCERTAINTY_MEASURE_WITH_UNIT (LENGTH_MEASURE( 1.000000000000000082E-05 ), #2867, 'distance_accuracy_value', 'NONE');
#6240 = LINE ( 'NONE', #7092, #5919 ) ;
#6241 = EDGE_CURVE ( 'NONE', #1401, #2988, #4682, .T. ) ;
#6242 = EDGE_CURVE ( 'NONE', #791, #3681, #7816, .T. ) ;
#6243 = CARTESIAN_POINT ( 'NONE',  ( 1.963174857275439722, 3.484088311691030171, 0.1000000000000000056 ) ) ;
#6244 = CARTESIAN_POINT ( 'NONE',  ( 2.066280202059370019, 3.341773892130110113, 0.1000000000000000056 ) ) ;
#6245 = ORIENTED_EDGE ( 'NONE', *, *, #5784, .F. ) ;
#6246 = VERTEX_POINT ( 'NONE', #2222 ) ;
#6247 = EDGE_CURVE ( 'NONE', #4918, #1316, #1566, .T. ) ;
#6248 = LINE ( 'NONE', #647, #1452 ) ;
#6249 = CARTESIAN_POINT ( 'NONE',  ( -0.5382188947009269864, 3.995984565723929460, 0.000000000000000000 ) ) ;
#6250 = CARTESIAN_POINT ( 'NONE',  ( 1.545670820298249870, 3.683764155462729839, 0.000000000000000000 ) ) ;
#6251 = CARTESIAN_POINT ( 'NONE',  ( 2.540000000000000036, -3.000608987435080088, -7.732439118436020387 ) ) ;
#6252 = CARTESIAN_POINT ( 'NONE',  ( -2.023770506913039835, 4.029289341645529987, 0.000000000000000000 ) ) ;
#6253 = ORIENTED_EDGE ( 'NONE', *, *, #2653, .T. ) ;
#6254 = VERTEX_POINT ( 'NONE', #5241 ) ;
#6255 = EDGE_LOOP ( 'NONE', ( #7949, #2335, #2972, #7456 ) ) ;
#6256 = EDGE_CURVE ( 'NONE', #4437, #1981, #4056, .T. ) ;
#6257 = FILL_AREA_STYLE_COLOUR ( '', #8066 ) ;
#6258 = CARTESIAN_POINT ( 'NONE',  ( -2.790000000000000036, -3.250000000000039968, -7.714999999999999858 ) ) ;
#6259 = FACE_OUTER_BOUND ( 'NONE', #5041, .T. ) ;
#6260 = CARTESIAN_POINT ( 'NONE',  ( -1.884007543767990178, 4.115459866424270530, 0.000000000000000000 ) ) ;
#6261 =( NAMED_UNIT ( * ) PLANE_ANGLE_UNIT ( ) SI_UNIT ( $, .RADIAN. ) );
#6262 = LINE ( 'NONE', #6348, #1765 ) ;
#6263 = ORIENTED_EDGE ( 'NONE', *, *, #7055, .F. ) ;
#6264 = ORIENTED_EDGE ( 'NONE', *, *, #2608, .T. ) ;
#6265 = ORIENTED_EDGE ( 'NONE', *, *, #7, .F. ) ;
#6266 = CARTESIAN_POINT ( 'NONE',  ( 2.206416339688229922, 3.387517812703259690, 0.1000000000000000056 ) ) ;
#6267 = CARTESIAN_POINT ( 'NONE',  ( 1.346721070503900108, 3.750564801379079771, 0.000000000000000000 ) ) ;
#6268 = DIRECTION ( 'NONE',  ( -0.07217646236721332598, 0.9973918779898671705, 0.000000000000000000 ) ) ;
#6269 = CARTESIAN_POINT ( 'NONE',  ( -2.252823782353760240, 3.778796486571669888, 0.000000000000000000 ) ) ;
#6270 = VERTEX_POINT ( 'NONE', #5858 ) ;
#6271 = VECTOR ( 'NONE', #5707, 1000.000000000000000 ) ;
#6272 = AXIS2_PLACEMENT_3D ( 'NONE', #3256, #7571, #70 ) ;
#6273 = EDGE_CURVE ( 'NONE', #7491, #523, #1609, .T. ) ;
#6274 = DIRECTION ( 'NONE',  ( 0.000000000000000000, 0.9975640502598296377, -0.06975647374404837786 ) ) ;
#6275 = DIRECTION ( 'NONE',  ( -1.000000000000000000, 0.000000000000000000, 0.000000000000000000 ) ) ;
#6276 =( NAMED_UNIT ( * ) SI_UNIT ( $, .STERADIAN. ) SOLID_ANGLE_UNIT ( ) );
#6277 = AXIS2_PLACEMENT_3D ( 'NONE', #5483, #6756, #7976 ) ;
#6278 = CARTESIAN_POINT ( 'NONE',  ( 0.4282121891540919822, 4.025754418795340683, 0.000000000000000000 ) ) ;
#6279 = CARTESIAN_POINT ( 'NONE',  ( -2.290000000000000036, -1.700126330831939869, -6.624041246778779701 ) ) ;
#6280 = VERTEX_POINT ( 'NONE', #1474 ) ;
#6281 = ORIENTED_EDGE ( 'NONE', *, *, #6502, .T. ) ;
#6282 = EDGE_CURVE ( 'NONE', #5194, #1716, #5944, .T. ) ;
#6283 = FACE_OUTER_BOUND ( 'NONE', #7084, .T. ) ;
#6284 = AXIS2_PLACEMENT_3D ( 'NONE', #4861, #6657, #3556 ) ;
#6285 = EDGE_CURVE ( 'NONE', #3601, #5328, #3974, .T. ) ;
#6286 = CARTESIAN_POINT ( 'NONE',  ( -0.7393469264273279107, 4.078759279142010641, 0.1000000000000000056 ) ) ;
#6287 = ORIENTED_EDGE ( 'NONE', *, *, #5077, .F. ) ;
#6288 = CARTESIAN_POINT ( 'NONE',  ( 4.422555392153523890, -2.949731148046352835, 5.997555392153501863 ) ) ;
#6289 = ADVANCED_FACE ( 'NONE', ( #7356 ), #3119, .T. ) ;
#6290 = CIRCLE ( 'NONE', #40, 0.4999999999999995559 ) ;
#6291 = DIRECTION ( 'NONE',  ( 0.000000000000000000, 1.000000000000000000, 0.000000000000000000 ) ) ;
#6292 = CARTESIAN_POINT ( 'NONE',  ( -4.007005230844689514, -3.000000000000000000, -5.994920913255509021 ) ) ;
#6293 = ORIENTED_EDGE ( 'NONE', *, *, #7012, .T. ) ;
#6294 = VERTEX_POINT ( 'NONE', #6827 ) ;
#6295 = ORIENTED_EDGE ( 'NONE', *, *, #744, .T. ) ;
#6296 = SURFACE_STYLE_FILL_AREA ( #6754 ) ;
#6297 = VECTOR ( 'NONE', #5844, 1000.000000000000227 ) ;
#6298 = FACE_OUTER_BOUND ( 'NONE', #5065, .T. ) ;
#6299 = FACE_OUTER_BOUND ( 'NONE', #5893, .T. ) ;
#6300 = DIRECTION ( 'NONE',  ( -1.000000000000000000, 0.000000000000000000, 0.000000000000000000 ) ) ;
#6301 = EDGE_CURVE ( 'NONE', #4319, #627, #7278, .T. ) ;
#6302 = PRESENTATION_STYLE_ASSIGNMENT (( #1977 ) ) ;
#6303 = CARTESIAN_POINT ( 'NONE',  ( 0.2176449357221190151, 4.025754418795340683, 0.000000000000000000 ) ) ;
#6304 = VERTEX_POINT ( 'NONE', #6172 ) ;
#6305 = ORIENTED_EDGE ( 'NONE', *, *, #1306, .T. ) ;
#6306 = ORIENTED_EDGE ( 'NONE', *, *, #6595, .T. ) ;
#6307 = CARTESIAN_POINT ( 'NONE',  ( 0.2176449357221190151, 3.546532393743270006, 0.1000000000000000056 ) ) ;
#6308 = CARTESIAN_POINT ( 'NONE',  ( -1.526419133241583292, 4.478987038486846650, 0.000000000000000000 ) ) ;
#6309 = CARTESIAN_POINT ( 'NONE',  ( -0.4133307305964469824, 4.186947281767399609, 0.1000000000000000056 ) ) ;
#6310 = VECTOR ( 'NONE', #191, 1000.000000000000000 ) ;
#6311 = CARTESIAN_POINT ( 'NONE',  ( 1.196419617192119977, 3.899414066736159867, 0.1000000000000000056 ) ) ;
#6312 = CARTESIAN_POINT ( 'NONE',  ( -3.845906236087960117, -2.279999999999999805, 0.000000000000000000 ) ) ;
#6313 = EDGE_LOOP ( 'NONE', ( #1737, #4585, #544, #2491 ) ) ;
#6314 = MECHANICAL_DESIGN_GEOMETRIC_PRESENTATION_REPRESENTATION (  '', ( #3588 ), #5662 ) ;
#6315 = PLANE ( 'NONE',  #4442 ) ;
#6316 = DIRECTION ( 'NONE',  ( -1.000000000000000000, 0.000000000000000000, 0.000000000000000000 ) ) ;
#6317 = UNCERTAINTY_MEASURE_WITH_UNIT (LENGTH_MEASURE( 1.000000000000000082E-05 ), #7898, 'distance_accuracy_value', 'NONE');
#6318 = CARTESIAN_POINT ( 'NONE',  ( -3.845906236087960117, -2.279999999999999805, 5.502153264050679837 ) ) ;
#6319 = VECTOR ( 'NONE', #555, 1000.000000000000227 ) ;
#6320 = FACE_OUTER_BOUND ( 'NONE', #3991, .T. ) ;
#6321 = ORIENTED_EDGE ( 'NONE', *, *, #807, .F. ) ;
#6322 = ORIENTED_EDGE ( 'NONE', *, *, #3118, .T. ) ;
#6323 = ADVANCED_FACE ( 'NONE', ( #1178 ), #6746, .T. ) ;
#6324 = AXIS2_PLACEMENT_3D ( 'NONE', #3063, #1130, #2404 ) ;
#6325 = DIRECTION ( 'NONE',  ( 1.133806193448889744E-16, 0.000000000000000000, 1.000000000000000000 ) ) ;
#6326 = AXIS2_PLACEMENT_3D ( 'NONE', #6605, #1038, #4151 ) ;
#6327 = LINE ( 'NONE', #5064, #7984 ) ;
#6328 = CARTESIAN_POINT ( 'NONE',  ( -0.5745235935685080175, 4.050441614025300119, 0.000000000000000000 ) ) ;
#6329 = LINE ( 'NONE', #48, #137 ) ;
#6330 = EDGE_CURVE ( 'NONE', #1133, #2988, #2652, .T. ) ;
#6331 = VECTOR ( 'NONE', #4713, 999.9999999999998863 ) ;
#6332 = CARTESIAN_POINT ( 'NONE',  ( 0.4282121891540919822, 3.349760925880980178, 0.000000000000000000 ) ) ;
#6333 = CARTESIAN_POINT ( 'NONE',  ( -4.431932583704670137, 0.07680367431158340030, 6.006932583704670314 ) ) ;
#6334 = VERTEX_POINT ( 'NONE', #2372 ) ;
#6335 = VERTEX_POINT ( 'NONE', #1103 ) ;
#6336 = VERTEX_POINT ( 'NONE', #1838 ) ;
#6337 = EDGE_CURVE ( 'NONE', #2792, #3126, #5437, .T. ) ;
#6338 = APPLICATION_PROTOCOL_DEFINITION ( 'draft international standard', 'automotive_design', 1998, #1833 ) ;
#6339 = VECTOR ( 'NONE', #3384, 1000.000000000000000 ) ;
#6340 = CARTESIAN_POINT ( 'NONE',  ( -4.500000000000000000, -1.471999999999999975, 6.074999999999999289 ) ) ;
#6341 = CARTESIAN_POINT ( 'NONE',  ( 3.979929681736380065, -2.997149182618229712, -5.995070318263630682 ) ) ;
#6342 =( BOUNDED_CURVE ( )  B_SPLINE_CURVE ( 3, ( #3065, #6203, #5738, #3945 ),
 .UNSPECIFIED., .F., .F. ) 
 B_SPLINE_CURVE_WITH_KNOTS ( ( 4, 4 ),
 ( 3.141592653740834518, 4.660029102976480431 ),
 .UNSPECIFIED. ) 
 CURVE ( )  GEOMETRIC_REPRESENTATION_ITEM ( )  RATIONAL_B_SPLINE_CURVE ( ( 1.000000000000000000, 0.8169162473413920100, 0.8169162473413920100, 1.000000000000000000 ) ) 
 REPRESENTATION_ITEM ( '' )  );
#6343 = CARTESIAN_POINT ( 'NONE',  ( -0.2500000000000000000, -1.678252661663869993, 6.873082493557559403 ) ) ;
#6344 = CARTESIAN_POINT ( 'NONE',  ( 0.2176449357221190151, 3.349760925880980178, 0.000000000000000000 ) ) ;
#6345 = DIRECTION ( 'NONE',  ( 0.000000000000000000, 0.000000000000000000, 1.000000000000000000 ) ) ;
#6346 = EDGE_CURVE ( 'NONE', #105, #2254, #572, .T. ) ;
#6347 = EDGE_CURVE ( 'NONE', #1561, #4572, #5513, .T. ) ;
#6348 = CARTESIAN_POINT ( 'NONE',  ( 0.7999723055581260400, 3.349760925880980178, 0.000000000000000000 ) ) ;
#6349 = ORIENTED_EDGE ( 'NONE', *, *, #5910, .F. ) ;
#6350 = EDGE_LOOP ( 'NONE', ( #382, #6556, #1681, #4812 ) ) ;
#6351 = VERTEX_POINT ( 'NONE', #4261 ) ;
#6352 = CARTESIAN_POINT ( 'NONE',  ( 2.290000000000000036, -1.721999999999999975, 6.375000000000000000 ) ) ;
#6353 = EDGE_CURVE ( 'NONE', #7491, #3006, #6097, .T. ) ;
#6354 = CARTESIAN_POINT ( 'NONE',  ( -0.5774279694779149708, 3.846409206389489910, 0.000000000000000000 ) ) ;
#6355 = DIRECTION ( 'NONE',  ( 0.000000000000000000, 0.000000000000000000, -1.000000000000000000 ) ) ;
#6356 = DIRECTION ( 'NONE',  ( 0.000000000000000000, 0.000000000000000000, 1.000000000000000000 ) ) ;
#6357 = CARTESIAN_POINT ( 'NONE',  ( -0.5716192176591019525, 4.245760893932890134, 0.1000000000000000056 ) ) ;
#6358 = CARTESIAN_POINT ( 'NONE',  ( -0.3842869715023810029, 3.749838707401719873, 0.1000000000000000056 ) ) ;
#6359 = EDGE_LOOP ( 'NONE', ( #1735, #7351, #3380, #846 ) ) ;
#6360 = EDGE_CURVE ( 'NONE', #2224, #6102, #3646, .T. ) ;
#6361 = PLANE ( 'NONE',  #95 ) ;
#6362 = CARTESIAN_POINT ( 'NONE',  ( 0.1631878874207469965, 3.378804684975039940, 0.1000000000000000056 ) ) ;
#6363 = AXIS2_PLACEMENT_3D ( 'NONE', #2028, #920, #2680 ) ;
#6364 = CARTESIAN_POINT ( 'NONE',  ( -1.899384437755696320, 4.100082972436562834, 0.000000000000000000 ) ) ;
#6365 = DIRECTION ( 'NONE',  ( 0.7071067811865495711, 0.7071067811865454633, 0.000000000000000000 ) ) ;
#6366 = ORIENTED_EDGE ( 'NONE', *, *, #1999, .F. ) ;
#6367 =( NAMED_UNIT ( * ) SI_UNIT ( $, .STERADIAN. ) SOLID_ANGLE_UNIT ( ) );
#6368 = MECHANICAL_DESIGN_GEOMETRIC_PRESENTATION_REPRESENTATION (  '', ( #3109 ), #2327 ) ;
#6369 = DIRECTION ( 'NONE',  ( -1.000000000000000000, 0.000000000000000000, 0.000000000000000000 ) ) ;
#6370 = FACE_OUTER_BOUND ( 'NONE', #6255, .T. ) ;
#6371 = CARTESIAN_POINT ( 'NONE',  ( 4.369583075044074505, -3.000000000000008882, 5.994920913255503692 ) ) ;
#6372 = CARTESIAN_POINT ( 'NONE',  ( 1.907265621019359925, 4.046811144138540151, 0.1000000000000000056 ) ) ;
#6373 = CARTESIAN_POINT ( 'NONE',  ( 1.078792392861150029, 3.620593979433130105, 0.000000000000000000 ) ) ;
#6374 = ORIENTED_EDGE ( 'NONE', *, *, #1949, .T. ) ;
#6375 = ORIENTED_EDGE ( 'NONE', *, *, #6496, .F. ) ;
#6376 = ORIENTED_EDGE ( 'NONE', *, *, #3357, .F. ) ;
#6377 = EDGE_CURVE ( 'NONE', #4523, #8011, #6135, .T. ) ;
#6378 = DIRECTION ( 'NONE',  ( 0.000000000000000000, -0.06975647374404986278, 0.9975640502598295267 ) ) ;
#6379 = DIRECTION ( 'NONE',  ( 0.000000000000000000, 0.000000000000000000, 1.000000000000000000 ) ) ;
#6380 = VERTEX_POINT ( 'NONE', #8049 ) ;
#6381 = CARTESIAN_POINT ( 'NONE',  ( 1.941392037954889904, 3.331608576447190107, 0.000000000000000000 ) ) ;
#6382 = CARTESIAN_POINT ( 'NONE',  ( -2.269236315999150211, 3.828665101344280064, 0.000000000000000000 ) ) ;
#6383 = DIRECTION ( 'NONE',  ( 0.000000000000000000, 0.000000000000000000, 1.000000000000000000 ) ) ;
#6384 = ORIENTED_EDGE ( 'NONE', *, *, #4891, .T. ) ;
#6385 = ORIENTED_EDGE ( 'NONE', *, *, #2753, .T. ) ;
#6386 = VERTEX_POINT ( 'NONE', #529 ) ;
#6387 = DIRECTION ( 'NONE',  ( 1.000000000000000000, 0.000000000000000000, 0.000000000000000000 ) ) ;
#6388 = LINE ( 'NONE', #5780, #7666 ) ;
#6389 = ADVANCED_FACE ( 'NONE', ( #491 ), #2956, .F. ) ;
#6390 = DIRECTION ( 'NONE',  ( 0.000000000000000000, 0.000000000000000000, -1.000000000000000000 ) ) ;
#6391 = EDGE_CURVE ( 'NONE', #6336, #348, #4718, .T. ) ;
#6392 = CARTESIAN_POINT ( 'NONE',  ( 1.041035506038869851, 4.007602069361549724, 0.000000000000000000 ) ) ;
#6393 = DIRECTION ( 'NONE',  ( 0.000000000000000000, 8.673617379884043361E-16, 1.000000000000000000 ) ) ;
#6394 = CARTESIAN_POINT ( 'NONE',  ( -0.4590746511695990018, 4.217443228816170731, 0.1000000000000000056 ) ) ;
#6395 = CARTESIAN_POINT ( 'NONE',  ( -0.2500000000000000000, -1.221999999999999975, -6.375000000000000000 ) ) ;
#6396 = EDGE_CURVE ( 'NONE', #1525, #2970, #2756, .T. ) ;
#6397 = ORIENTED_EDGE ( 'NONE', *, *, #2810, .F. ) ;
#6398 = CARTESIAN_POINT ( 'NONE',  ( 0.5894050521261530173, 4.285696062687230246, 0.000000000000000000 ) ) ;
#6399 = DIRECTION ( 'NONE',  ( -1.000000000000000000, 0.000000000000000000, 0.000000000000000000 ) ) ;
#6400 = UNCERTAINTY_MEASURE_WITH_UNIT (LENGTH_MEASURE( 1.000000000000000082E-05 ), #7580, 'distance_accuracy_value', 'NONE');
#6401 = LINE ( 'NONE', #6364, #4876 ) ;
#6402 = AXIS2_PLACEMENT_3D ( 'NONE', #1438, #5779, #3288 ) ;
#6403 = CARTESIAN_POINT ( 'NONE',  ( 0.2176449357221190151, 4.025754418795340683, 0.1000000000000000056 ) ) ;
#6404 = EDGE_CURVE ( 'NONE', #682, #1815, #2336, .T. ) ;
#6405 = ORIENTED_EDGE ( 'NONE', *, *, #5352, .T. ) ;
#6406 = CARTESIAN_POINT ( 'NONE',  ( 4.335825851129595065, 0.1999999999999999556, -5.639174148870415237 ) ) ;
#6407 = AXIS2_PLACEMENT_3D ( 'NONE', #7077, #4096, #7238 ) ;
#6408 = CARTESIAN_POINT ( 'NONE',  ( -4.426377359100680309, -2.876803674311580572, -6.074999999999999289 ) ) ;
#6409 = DIRECTION ( 'NONE',  ( 1.000000000000000000, 0.000000000000000000, 0.000000000000000000 ) ) ;
#6410 = CARTESIAN_POINT ( 'NONE',  ( -0.6536678370998361132, 3.643102892731029829, 0.000000000000000000 ) ) ;
#6411 = CARTESIAN_POINT ( 'NONE',  ( -2.790000000000000036, -1.700126330831939869, 6.624041246778779701 ) ) ;
#6412 = CARTESIAN_POINT ( 'NONE',  ( -0.3073210099031090103, 3.963310336743099960, 0.1000000000000000056 ) ) ;
#6413 = ORIENTED_EDGE ( 'NONE', *, *, #4991, .F. ) ;
#6414 = ORIENTED_EDGE ( 'NONE', *, *, #549, .F. ) ;
#6415 = VECTOR ( 'NONE', #5843, 1000.000000000000000 ) ;
#6416 = EDGE_LOOP ( 'NONE', ( #6955, #6800, #8022, #6946 ) ) ;
#6417 = APPLICATION_PROTOCOL_DEFINITION ( 'draft international standard', 'automotive_design', 1998, #4242 ) ;
#6418 = FACE_OUTER_BOUND ( 'NONE', #6188, .T. ) ;
#6419 = DIRECTION ( 'NONE',  ( 1.000000000000000000, 0.000000000000000000, 0.000000000000000000 ) ) ;
#6420 = VECTOR ( 'NONE', #911, 1000.000000000000000 ) ;
#6421 = ORIENTED_EDGE ( 'NONE', *, *, #3751, .T. ) ;
#6422 = FACE_OUTER_BOUND ( 'NONE', #2870, .T. ) ;
#6423 = LINE ( 'NONE', #3331, #4249 ) ;
#6424 = ORIENTED_EDGE ( 'NONE', *, *, #3093, .T. ) ;
#6425 = ORIENTED_EDGE ( 'NONE', *, *, #7286, .T. ) ;
#6426 = ORIENTED_EDGE ( 'NONE', *, *, #4451, .F. ) ;
#6427 = CLOSED_SHELL ( 'NONE', ( #4754, #6133, #5644, #7813, #3720, #4254, #6783, #198, #1905, #3136, #2457, #8039, #6951, #3557 ) ) ;
#6428 = DIRECTION ( 'NONE',  ( -0.9103664842201012464, -0.4138029294346911025, 0.000000000000000000 ) ) ;
#6429 =( REPRESENTATION_RELATIONSHIP ('NONE','NONE', #690, #5444 ) REPRESENTATION_RELATIONSHIP_WITH_TRANSFORMATION ( #7075 )SHAPE_REPRESENTATION_RELATIONSHIP( ) );
#6430 = FACE_OUTER_BOUND ( 'NONE', #2869, .T. ) ;
#6431 = CARTESIAN_POINT ( 'NONE',  ( 2.218759937303210084, 3.647459456595139926, 0.000000000000000000 ) ) ;
#6432 = CARTESIAN_POINT ( 'NONE',  ( 4.500000000000000000, 0.000000000000000000, -5.474999999999999645 ) ) ;
#6433 = CARTESIAN_POINT ( 'NONE',  ( -0.2500000000000000000, -1.471999999999999975, 6.375000000000000000 ) ) ;
#6434 = VECTOR ( 'NONE', #3141, 1000.000000000000114 ) ;
#6435 = CARTESIAN_POINT ( 'NONE',  ( -0.6674636226695169761, 3.811556695476610024, 0.000000000000000000 ) ) ;
#6436 = CARTESIAN_POINT ( 'NONE',  ( 1.890565459540270110, 3.911757664351140029, 0.1000000000000000056 ) ) ;
#6437 = ORIENTED_EDGE ( 'NONE', *, *, #3665, .F. ) ;
#6438 = B_SPLINE_CURVE_WITH_KNOTS ( 'NONE', 2,
 ( #2664, #1557, #2131, #251 ),
 .UNSPECIFIED., .F., .F.,
 ( 3, 1, 3 ),
 ( 0.000000000000000000, 1.000000000000000000, 2.000000000000000000 ),
 .UNSPECIFIED. ) ;
#6439 = LINE ( 'NONE', #5834, #4288 ) ;
#6440 = VECTOR ( 'NONE', #71, 1000.000000000000000 ) ;
#6441 = PRESENTATION_STYLE_ASSIGNMENT (( #7579 ) ) ;
#6442 = ADVANCED_FACE ( 'NONE', ( #1801 ), #7965, .T. ) ;
#6443 = CARTESIAN_POINT ( 'NONE',  ( 0.000000000000000000, -2.279999999999999805, 5.502153264050679837 ) ) ;
#6444 = CARTESIAN_POINT ( 'NONE',  ( 2.540000000000000036, -2.713815644987700004, -7.214999999999999858 ) ) ;
#6445 = EDGE_CURVE ( 'NONE', #1642, #5032, #1422, .T. ) ;
#6446 =( GEOMETRIC_REPRESENTATION_CONTEXT ( 3 ) GLOBAL_UNCERTAINTY_ASSIGNED_CONTEXT ( ( #5836 ) ) GLOBAL_UNIT_ASSIGNED_CONTEXT ( ( #1273, #6261, #2837 ) ) REPRESENTATION_CONTEXT ( 'NONE', 'WORKASPACE' ) );
#6447 = EDGE_LOOP ( 'NONE', ( #294, #4310, #4176, #4762 ) ) ;
#6448 = CARTESIAN_POINT ( 'NONE',  ( -1.936507543767990169, 4.062959866424269428, 0.1000000000000000056 ) ) ;
#6449 = EDGE_CURVE ( 'NONE', #2390, #1720, #525, .T. ) ;
#6450 = AXIS2_PLACEMENT_3D ( 'NONE', #1634, #7226, #2207 ) ;
#6451 = DIRECTION ( 'NONE',  ( -1.000000000000000000, 0.000000000000000000, 0.000000000000000000 ) ) ;
#6452 = CARTESIAN_POINT ( 'NONE',  ( -2.290000000000000036, -1.678252661663869993, -6.873082493557559403 ) ) ;
#6453 = CARTESIAN_POINT ( 'NONE',  ( 0.4282121891540919822, 3.349760925880980178, 0.1000000000000000056 ) ) ;
#6454 = DIRECTION ( 'NONE',  ( 1.000000000000000000, 0.000000000000000000, 0.000000000000000000 ) ) ;
#6455 = DIRECTION ( 'NONE',  ( 0.000000000000000000, 0.000000000000000000, 1.000000000000000000 ) ) ;
#6456 = VECTOR ( 'NONE', #2094, 1000.000000000000000 ) ;
#6457 = ORIENTED_EDGE ( 'NONE', *, *, #6353, .T. ) ;
#6458 = VECTOR ( 'NONE', #6566, 1000.000000000000000 ) ;
#6459 = ORIENTED_EDGE ( 'NONE', *, *, #1241, .T. ) ;
#6460 = VERTEX_POINT ( 'NONE', #1299 ) ;
#6461 = EDGE_CURVE ( 'NONE', #1245, #3135, #2663, .T. ) ;
#6462 = SHAPE_DEFINITION_REPRESENTATION ( #6636, #492 ) ;
#6463 = LINE ( 'NONE', #4786, #6076 ) ;
#6464 = DIRECTION ( 'NONE',  ( 1.133806193448889744E-16, 0.000000000000000000, 1.000000000000000000 ) ) ;
#6465 = VECTOR ( 'NONE', #7819, 1000.000000000000000 ) ;
#6466 = EDGE_LOOP ( 'NONE', ( #5808, #1806, #7280, #83 ) ) ;
#6467 = PLANE ( 'NONE',  #7213 ) ;
#6468 = CARTESIAN_POINT ( 'NONE',  ( -4.007005230844689514, -2.870000000000000107, 5.502153264050679837 ) ) ;
#6469 = ORIENTED_EDGE ( 'NONE', *, *, #6052, .F. ) ;
#6470 = ORIENTED_EDGE ( 'NONE', *, *, #7548, .F. ) ;
#6471 = ORIENTED_EDGE ( 'NONE', *, *, #2205, .F. ) ;
#6472 = VECTOR ( 'NONE', #2375, 1000.000000000000000 ) ;
#6473 = FACE_OUTER_BOUND ( 'NONE', #2760, .T. ) ;
#6474 = CARTESIAN_POINT ( 'NONE',  ( -0.7553209939290640440, 3.810104507521910211, 0.1000000000000000056 ) ) ;
#6475 = CARTESIAN_POINT ( 'NONE',  ( 0.9604390745528360585, 3.945884081286660017, 0.000000000000000000 ) ) ;
#6476 = B_SPLINE_CURVE_WITH_KNOTS ( 'NONE', 2,
 ( #5353, #7880, #4862, #979 ),
 .UNSPECIFIED., .F., .F.,
 ( 3, 1, 3 ),
 ( -2.000000000000000000, -1.000000000000000000, 0.000000000000000000 ),
 .UNSPECIFIED. ) ;
#6477 = LINE ( 'NONE', #7785, #540 ) ;
#6478 = CARTESIAN_POINT ( 'NONE',  ( -2.790000000000000036, -3.212597670117609994, -7.180121763127949919 ) ) ;
#6479 = VECTOR ( 'NONE', #2319, 1000.000000000000114 ) ;
#6480 = DIRECTION ( 'NONE',  ( 0.000000000000000000, 0.000000000000000000, 1.000000000000000000 ) ) ;
#6481 = CARTESIAN_POINT ( 'NONE',  ( 1.907265621019359925, 4.046811144138540151, 0.000000000000000000 ) ) ;
#6482 = EDGE_LOOP ( 'NONE', ( #4180, #3009, #2013, #1199, #5652, #1959, #4477, #7598, #7735, #2025 ) ) ;
#6483 = ORIENTED_EDGE ( 'NONE', *, *, #4071, .F. ) ;
#6484 = DIRECTION ( 'NONE',  ( -1.000000000000000000, 0.000000000000000000, 0.000000000000000000 ) ) ;
#6485 = CARTESIAN_POINT ( 'NONE',  ( 0.01288643410895969933, 3.571219588973220116, 0.1000000000000000056 ) ) ;
#6486 = CARTESIAN_POINT ( 'NONE',  ( 1.164471482188639939, 3.793404346042819952, 0.1000000000000000056 ) ) ;
#6487 = EDGE_CURVE ( 'NONE', #1815, #2511, #6329, .T. ) ;
#6488 = CARTESIAN_POINT ( 'NONE',  ( -2.225620802317028968, 3.799442901457126709, 0.000000000000000000 ) ) ;
#6489 = LINE ( 'NONE', #7671, #712 ) ;
#6490 = ADVANCED_FACE ( 'NONE', ( #735 ), #5926, .T. ) ;
#6491 = AXIS2_PLACEMENT_3D ( 'NONE', #6448, #4668, #3918 ) ;
#6492 = EDGE_LOOP ( 'NONE', ( #5357, #6623, #4970, #5636 ) ) ;
#6493 = DIRECTION ( 'NONE',  ( 1.000000000000000000, 0.000000000000000000, 0.000000000000000000 ) ) ;
#6494 = EDGE_CURVE ( 'NONE', #2226, #6665, #5066, .T. ) ;
#6495 =( GEOMETRIC_REPRESENTATION_CONTEXT ( 3 ) GLOBAL_UNCERTAINTY_ASSIGNED_CONTEXT ( ( #1414 ) ) GLOBAL_UNIT_ASSIGNED_CONTEXT ( ( #4183, #2228, #4110 ) ) REPRESENTATION_CONTEXT ( 'NONE', 'WORKASPACE' ) );
#6496 = EDGE_CURVE ( 'NONE', #2226, #5938, #3766, .T. ) ;
#6497 = CARTESIAN_POINT ( 'NONE',  ( 1.820860437714520108, 3.518940822603910057, 0.000000000000000000 ) ) ;
#6498 = CARTESIAN_POINT ( 'NONE',  ( 1.890565459540270110, 3.911757664351140029, 0.1000000000000000056 ) ) ;
#6499 = CARTESIAN_POINT ( 'NONE',  ( 2.070636765923479672, 3.500062379192759643, 0.000000000000000000 ) ) ;
#6500 = DIRECTION ( 'NONE',  ( 0.000000000000000000, 0.000000000000000000, 1.000000000000000000 ) ) ;
#6501 = CARTESIAN_POINT ( 'NONE',  ( 9.540979117872440597E-15, -1.721999999999999975, -6.375000000000000000 ) ) ;
#6502 = EDGE_CURVE ( 'NONE', #1268, #5624, #1150, .T. ) ;
#6503 = ORIENTED_EDGE ( 'NONE', *, *, #4447, .F. ) ;
#6504 = ORIENTED_EDGE ( 'NONE', *, *, #412, .F. ) ;
#6505 = DIRECTION ( 'NONE',  ( -1.000000000000000000, 0.000000000000000000, 0.000000000000000000 ) ) ;
#6506 = ORIENTED_EDGE ( 'NONE', *, *, #1328, .T. ) ;
#6507 =( NAMED_UNIT ( * ) SI_UNIT ( $, .STERADIAN. ) SOLID_ANGLE_UNIT ( ) );
#6508 = CARTESIAN_POINT ( 'NONE',  ( -2.033837232041109999, 4.455947877135050028, 0.000000000000000000 ) ) ;
#6509 = CYLINDRICAL_SURFACE ( 'NONE', #6407, 0.2500000000000002220 ) ;
#6510 = ORIENTED_EDGE ( 'NONE', *, *, #156, .F. ) ;
#6511 = DIRECTION ( 'NONE',  ( 0.000000000000000000, 0.000000000000000000, -1.000000000000000000 ) ) ;
#6512 = CARTESIAN_POINT ( 'NONE',  ( 1.168101952075400130, 3.476101277940159662, 0.000000000000000000 ) ) ;
#6513 = LINE ( 'NONE', #7732, #2039 ) ;
#6514 = EDGE_CURVE ( 'NONE', #4833, #709, #4184, .T. ) ;
#6515 = ORIENTED_EDGE ( 'NONE', *, *, #120, .F. ) ;
#6516 = ORIENTED_EDGE ( 'NONE', *, *, #7538, .F. ) ;
#6517 = ORIENTED_EDGE ( 'NONE', *, *, #1506, .F. ) ;
#6518 = ORIENTED_EDGE ( 'NONE', *, *, #2212, .F. ) ;
#6519 = LINE ( 'NONE', #1529, #487 ) ;
#6520 = CARTESIAN_POINT ( 'NONE',  ( -0.9963841944098049686, 4.245760893932890134, 0.000000000000000000 ) ) ;
#6521 = DIRECTION ( 'NONE',  ( 0.3126196884834920309, -0.9498783766211779112, 0.000000000000000000 ) ) ;
#6522 = CARTESIAN_POINT ( 'NONE',  ( 0.7999723055581260400, 4.285696062687230246, 0.1000000000000000056 ) ) ;
#6523 = LINE ( 'NONE', #925, #7875 ) ;
#6524 = DIRECTION ( 'NONE',  ( 0.000000000000000000, -0.9975640502598295267, 0.06975647374404986278 ) ) ;
#6525 = ORIENTED_EDGE ( 'NONE', *, *, #5537, .T. ) ;
#6526 = ORIENTED_EDGE ( 'NONE', *, *, #664, .F. ) ;
#6527 = CARTESIAN_POINT ( 'NONE',  ( 0.4282121891540919822, 4.025754418795340683, 0.1000000000000000056 ) ) ;
#6528 = PLANE ( 'NONE',  #1374 ) ;
#6529 = PLANE ( 'NONE',  #6546 ) ;
#6530 = CARTESIAN_POINT ( 'NONE',  ( -3.092262749228352536, 3.690209090453997476, 0.000000000000000000 ) ) ;
#6531 = PLANE ( 'NONE',  #5946 ) ;
#6532 = EDGE_CURVE ( 'NONE', #6386, #946, #3267, .T. ) ;
#6533 = DIRECTION ( 'NONE',  ( 0.05226442768871591288, -0.9972646886342372285, 0.05226442768871270711 ) ) ;
#6534 = AXIS2_PLACEMENT_3D ( 'NONE', #5888, #3442, #6580 ) ;
#6535 = PRODUCT_DEFINITION ( 'UNKNOWN', '', #893, #769 ) ;
#6536 = DIRECTION ( 'NONE',  ( 0.000000000000000000, 1.000000000000000000, 0.000000000000000000 ) ) ;
#6537 = CARTESIAN_POINT ( 'NONE',  ( 1.166649764120700095, 3.331608576447190107, 0.000000000000000000 ) ) ;
#6538 = DIRECTION ( 'NONE',  ( 0.000000000000000000, -0.08749467667225491185, 0.9961649871150951574 ) ) ;
#6539 = CARTESIAN_POINT ( 'NONE',  ( 1.494844241883630076, 3.561054273290299665, 0.1000000000000000056 ) ) ;
#6540 = CARTESIAN_POINT ( 'NONE',  ( 0.2176449357221190151, 3.424548605548189961, 0.000000000000000000 ) ) ;
#6541 = ORIENTED_EDGE ( 'NONE', *, *, #3704, .T. ) ;
#6542 = EDGE_CURVE ( 'NONE', #3700, #7319, #7473, .T. ) ;
#6543 = ORIENTED_EDGE ( 'NONE', *, *, #2605, .T. ) ;
#6544 = EDGE_CURVE ( 'NONE', #6928, #4416, #6614, .T. ) ;
#6545 = ORIENTED_EDGE ( 'NONE', *, *, #6791, .T. ) ;
#6546 = AXIS2_PLACEMENT_3D ( 'NONE', #3053, #6081, #6194 ) ;
#6547 = EDGE_CURVE ( 'NONE', #2147, #2104, #1262, .T. ) ;
#6548 = CARTESIAN_POINT ( 'NONE',  ( -2.540000000000000036, -1.678252661663869993, 6.873082493557559403 ) ) ;
#6549 = ORIENTED_EDGE ( 'NONE', *, *, #1198, .F. ) ;
#6550 = CARTESIAN_POINT ( 'NONE',  ( -2.790000000000000036, -2.963206657552649670, 7.197560881563960677 ) ) ;
#6551 = VECTOR ( 'NONE', #4068, 1000.000000000000000 ) ;
#6552 = LINE ( 'NONE', #3494, #2949 ) ;
#6553 = ORIENTED_EDGE ( 'NONE', *, *, #7250, .F. ) ;
#6554 = ADVANCED_FACE ( 'NONE', ( #3152 ), #1964, .F. ) ;
#6555 = ORIENTED_EDGE ( 'NONE', *, *, #5101, .F. ) ;
#6556 = ORIENTED_EDGE ( 'NONE', *, *, #7955, .T. ) ;
#6557 = CARTESIAN_POINT ( 'NONE',  ( 0.2500000000000000000, -3.000608987435080088, -7.732439118436020387 ) ) ;
#6558 = DIRECTION ( 'NONE',  ( 0.000000000000000000, -0.06975647374412639878, -0.9975640502598241977 ) ) ;
#6559 = VECTOR ( 'NONE', #4502, 1000.000000000000000 ) ;
#6560 = CARTESIAN_POINT ( 'NONE',  ( 1.465074388812219963, 3.824626387068939870, 0.000000000000000000 ) ) ;
#6561 = EDGE_CURVE ( 'NONE', #1572, #7411, #2618, .T. ) ;
#6562 = PLANE ( 'NONE',  #1844 ) ;
#6563 = B_SPLINE_CURVE_WITH_KNOTS ( 'NONE', 2,
 ( #681, #5669, #3182, #1333 ),
 .UNSPECIFIED., .F., .F.,
 ( 3, 1, 3 ),
 ( -2.000000000000000000, -1.000000000000000000, 0.000000000000000000 ),
 .UNSPECIFIED. ) ;
#6564 = CARTESIAN_POINT ( 'NONE',  ( 1.756238073730219895, 3.647459456595139926, 0.000000000000000000 ) ) ;
#6565 = DIRECTION ( 'NONE',  ( 1.000000000000000000, 0.000000000000000000, 0.000000000000000000 ) ) ;
#6566 = DIRECTION ( 'NONE',  ( -1.000000000000000000, 0.000000000000000000, 0.000000000000000000 ) ) ;
#6567 = ORIENTED_EDGE ( 'NONE', *, *, #6247, .T. ) ;
#6568 = VECTOR ( 'NONE', #2260, 1000.000000000000000 ) ;
#6569 = EDGE_LOOP ( 'NONE', ( #379, #261, #1171, #1527 ) ) ;
#6570 = DIRECTION ( 'NONE',  ( -1.000000000000000000, 0.000000000000000000, 0.000000000000000000 ) ) ;
#6571 = CARTESIAN_POINT ( 'NONE',  ( 4.007005230844689514, -3.000000000000000000, -5.967994769155310131 ) ) ;
#6572 = B_SPLINE_SURFACE_WITH_KNOTS ( 'NONE', 2, 1, ( 
 ( #4867, #2953 ),
 ( #4829, #3606 ),
 ( #4135, #6626 ),
 ( #6743, #5511 ) ),
 .UNSPECIFIED., .F., .F., .F.,
 ( 3, 1, 3 ),
 ( 2, 2 ),
 ( -2.000000000000000000, -1.000000000000000000, 0.000000000000000000 ),
 ( 0.000000000000000000, 0.01000000000000000021 ),
 .UNSPECIFIED. ) ;
#6573 = CARTESIAN_POINT ( 'NONE',  ( -2.790000000000000036, -3.212597670117609994, 7.180121763127949919 ) ) ;
#6574 = CARTESIAN_POINT ( 'NONE',  ( -1.955893612925333480, 3.752562337631996758, 0.000000000000000000 ) ) ;
#6575 = AXIS2_PLACEMENT_3D ( 'NONE', #594, #6234, #5534 ) ;
#6576 = CARTESIAN_POINT ( 'NONE',  ( 1.390286709144999744, 3.861657179913879911, 0.1000000000000000056 ) ) ;
#6577 = CARTESIAN_POINT ( 'NONE',  ( -3.845906236087969887, -2.279999999999999805, -6.032654514339300000 ) ) ;
#6578 = VECTOR ( 'NONE', #7114, 1000.000000000000000 ) ;
#6579 = CARTESIAN_POINT ( 'NONE',  ( -0.6311589238019350567, 4.074402715277900100, 0.000000000000000000 ) ) ;
#6580 = DIRECTION ( 'NONE',  ( -1.000000000000000000, 0.000000000000000000, 0.000000000000000000 ) ) ;
#6581 = FILL_AREA_STYLE_COLOUR ( '', #7100 ) ;
#6582 = CARTESIAN_POINT ( 'NONE',  ( -0.3842869715023810029, 3.749838707401719873, 0.000000000000000000 ) ) ;
#6583 = ORIENTED_EDGE ( 'NONE', *, *, #7633, .F. ) ;
#6584 = ORIENTED_EDGE ( 'NONE', *, *, #2821, .F. ) ;
#6585 = VERTEX_POINT ( 'NONE', #4504 ) ;
#6586 = VECTOR ( 'NONE', #1916, 1000.000000000000000 ) ;
#6587 = CARTESIAN_POINT ( 'NONE',  ( 1.168101952075400130, 3.476101277940159662, 0.000000000000000000 ) ) ;
#6588 = EDGE_CURVE ( 'NONE', #236, #5525, #4947, .T. ) ;
#6589 = ORIENTED_EDGE ( 'NONE', *, *, #6377, .F. ) ;
#6590 = CARTESIAN_POINT ( 'NONE',  ( -0.2042156651191769923, 3.585741468520259989, 0.000000000000000000 ) ) ;
#6591 = CIRCLE ( 'NONE', #4509, 0.05249999999999991479 ) ;
#6592 = CARTESIAN_POINT ( 'NONE',  ( -2.290000000000000036, -1.700126330831939869, -6.624041246778779701 ) ) ;
#6593 = ORIENTED_EDGE ( 'NONE', *, *, #7136, .F. ) ;
#6594 = ORIENTED_EDGE ( 'NONE', *, *, #7572, .T. ) ;
#6595 = EDGE_CURVE ( 'NONE', #627, #2593, #6989, .T. ) ;
#6596 = ORIENTED_EDGE ( 'NONE', *, *, #6532, .F. ) ;
#6597 = CARTESIAN_POINT ( 'NONE',  ( -0.3842869715023810029, 3.749838707401719873, 0.000000000000000000 ) ) ;
#6598 = SURFACE_STYLE_USAGE ( .BOTH. , #1575 ) ;
#6599 = AXIS2_PLACEMENT_3D ( 'NONE', #1580, #966, #319 ) ;
#6600 = LINE ( 'NONE', #6520, #5685 ) ;
#6601 = CARTESIAN_POINT ( 'NONE',  ( 1.840054881193500025, 3.774525902631679752, 0.1000000000000000056 ) ) ;
#6602 = EDGE_CURVE ( 'NONE', #3286, #6706, #7187, .T. ) ;
#6603 = EDGE_CURVE ( 'NONE', #1206, #5376, #7068, .T. ) ;
#6604 = FACE_OUTER_BOUND ( 'NONE', #5853, .T. ) ;
#6605 = CARTESIAN_POINT ( 'NONE',  ( 9.540979117872440597E-15, -2.713815644987700004, 7.214999999999999858 ) ) ;
#6606 = VERTEX_POINT ( 'NONE', #7765 ) ;
#6607 = AXIS2_PLACEMENT_3D ( 'NONE', #4048, #942, #5318 ) ;
#6608 = ORIENTED_EDGE ( 'NONE', *, *, #6897, .F. ) ;
#6609 = ADVANCED_FACE ( 'NONE', ( #2214 ), #3964, .F. ) ;
#6610 = CARTESIAN_POINT ( 'NONE',  ( 1.341638412662439883, 3.883439999234420181, 0.000000000000000000 ) ) ;
#6611 = CARTESIAN_POINT ( 'NONE',  ( 0.2176449357221190151, 3.424548605548189961, 0.000000000000000000 ) ) ;
#6612 = FACE_OUTER_BOUND ( 'NONE', #5377, .T. ) ;
#6613 = VECTOR ( 'NONE', #1321, 1000.000000000000000 ) ;
#6614 =( BOUNDED_CURVE ( )  B_SPLINE_CURVE ( 3, ( #820, #1882, #4383, #1342 ),
 .UNSPECIFIED., .F., .F. ) 
 B_SPLINE_CURVE_WITH_KNOTS ( ( 4, 4 ),
 ( 4.712388980384689674, 5.471607205002235297 ),
 .UNSPECIFIED. ) 
 CURVE ( )  GEOMETRIC_REPRESENTATION_ITEM ( )  RATIONAL_B_SPLINE_CURVE ( ( 1.000000000000000000, 0.9525397019146144562, 0.9525397019146144562, 1.000000000000000000 ) ) 
 REPRESENTATION_ITEM ( '' )  );
#6615 = CARTESIAN_POINT ( 'NONE',  ( 0.2176449357221190151, 4.025754418795340683, 0.000000000000000000 ) ) ;
#6616 = CARTESIAN_POINT ( 'NONE',  ( -4.500000000000000000, -3.193939448075150178, 6.074999999999999289 ) ) ;
#6617 = EDGE_CURVE ( 'NONE', #4990, #4172, #176, .T. ) ;
#6618 = CARTESIAN_POINT ( 'NONE',  ( 1.248698383561429814, 3.331608576447190107, 0.000000000000000000 ) ) ;
#6619 = DIRECTION ( 'NONE',  ( 1.000000000000000000, 0.000000000000000000, 0.000000000000000000 ) ) ;
#6620 = CARTESIAN_POINT ( 'NONE',  ( -2.790000000000000036, -2.757562983323810002, -6.716917506442459995 ) ) ;
#6621 = LINE ( 'NONE', #3445, #5170 ) ;
#6622 = ORIENTED_EDGE ( 'NONE', *, *, #6542, .T. ) ;
#6623 = ORIENTED_EDGE ( 'NONE', *, *, #3565, .T. ) ;
#6624 = VERTEX_POINT ( 'NONE', #5229 ) ;
#6625 = VECTOR ( 'NONE', #1439, 1000.000000000000000 ) ;
#6626 = CARTESIAN_POINT ( 'NONE',  ( 1.437482817672859792, 3.833339514797160064, 0.1000000000000000056 ) ) ;
#6627 = ORIENTED_EDGE ( 'NONE', *, *, #3467, .T. ) ;
#6628 = DIRECTION ( 'NONE',  ( 0.000000000000000000, 0.000000000000000000, 1.000000000000000000 ) ) ;
#6629 = PRODUCT_DEFINITION_FORMATION_WITH_SPECIFIED_SOURCE ( 'ANY', '', #2986, .NOT_KNOWN. ) ;
#6630 = CARTESIAN_POINT ( 'NONE',  ( -2.790000000000000036, -1.221999999999999975, 6.074999999999999289 ) ) ;
#6631 = VERTEX_POINT ( 'NONE', #6453 ) ;
#6632 = ORIENTED_EDGE ( 'NONE', *, *, #7986, .F. ) ;
#6633 = ORIENTED_EDGE ( 'NONE', *, *, #2308, .F. ) ;
#6634 = ADVANCED_FACE ( 'NONE', ( #901 ), #860, .T. ) ;
#6635 = CARTESIAN_POINT ( 'NONE',  ( 0.02305174979188250040, 3.548710675675319948, 0.000000000000000000 ) ) ;
#6636 = PRODUCT_DEFINITION_SHAPE ( 'NONE', 'NONE',  #7733 ) ;
#6637 = LINE ( 'NONE', #2380, #618 ) ;
#6638 = CARTESIAN_POINT ( 'NONE',  ( -3.478774822453909898, 2.938062123312052076, 0.000000000000000000 ) ) ;
#6639 = LINE ( 'NONE', #962, #5755 ) ;
#6640 = LINE ( 'NONE', #3540, #4985 ) ;
#6641 = CARTESIAN_POINT ( 'NONE',  ( 2.100406618994890007, 3.351213113835679991, 0.1000000000000000056 ) ) ;
#6642 = ORIENTED_EDGE ( 'NONE', *, *, #1014, .T. ) ;
#6643 = ORIENTED_EDGE ( 'NONE', *, *, #1868, .F. ) ;
#6644 = ORIENTED_EDGE ( 'NONE', *, *, #5166, .F. ) ;
#6645 = EDGE_CURVE ( 'NONE', #2147, #3024, #1336, .T. ) ;
#6646 = B_SPLINE_CURVE_WITH_KNOTS ( 'NONE', 2,
 ( #7014, #1407, #4569, #2 ),
 .UNSPECIFIED., .F., .F.,
 ( 3, 1, 3 ),
 ( 0.000000000000000000, 1.000000000000000000, 2.000000000000000000 ),
 .UNSPECIFIED. ) ;
#6647 = EDGE_CURVE ( 'NONE', #3471, #6304, #4278, .T. ) ;
#6648 = CARTESIAN_POINT ( 'NONE',  ( -4.430168071342978742, 0.1104725758722877871, 6.005168071342978919 ) ) ;
#6649 = CARTESIAN_POINT ( 'NONE',  ( 0.007803776267498309209, 4.025754418795340683, 0.1000000000000000056 ) ) ;
#6650 = CARTESIAN_POINT ( 'NONE',  ( 0.2500000000000000000, -1.221999999999999975, -6.074999999999999289 ) ) ;
#6651 = ADVANCED_FACE ( 'NONE', ( #7719 ), #4045, .F. ) ;
#6652 = FACE_OUTER_BOUND ( 'NONE', #5393, .T. ) ;
#6653 = DIRECTION ( 'NONE',  ( 0.000000000000000000, -0.08749467667225491185, -0.9961649871150951574 ) ) ;
#6654 = PLANE ( 'NONE',  #4802 ) ;
#6655 = DIRECTION ( 'NONE',  ( 0.000000000000000000, 0.000000000000000000, 1.000000000000000000 ) ) ;
#6656 = EDGE_CURVE ( 'NONE', #2540, #3601, #3501, .T. ) ;
#6657 = DIRECTION ( 'NONE',  ( -1.000000000000000000, 0.000000000000000000, 0.000000000000000000 ) ) ;
#6658 = FACE_OUTER_BOUND ( 'NONE', #5875, .T. ) ;
#6659 = CARTESIAN_POINT ( 'NONE',  ( 1.280646518564899861, 3.556697709426190013, 0.000000000000000000 ) ) ;
#6660 = ORIENTED_EDGE ( 'NONE', *, *, #2443, .T. ) ;
#6661 = EDGE_LOOP ( 'NONE', ( #2026, #6424, #420, #2512, #5414, #2563, #6014, #968, #6830, #684, #1652, #6992, #6984, #6680, #3744, #5289, #3567, #3461, #7308, #3327, #8065, #7281 ) ) ;
#6662 = ORIENTED_EDGE ( 'NONE', *, *, #3213, .F. ) ;
#6663 = VECTOR ( 'NONE', #3189, 1000.000000000000000 ) ;
#6664 = DIRECTION ( 'NONE',  ( 1.000000000000000000, 0.000000000000000000, 0.000000000000000000 ) ) ;
#6665 = VERTEX_POINT ( 'NONE', #7676 ) ;
#6666 = DIRECTION ( 'NONE',  ( 0.7257516997857471619, -0.6879567357458599153, 0.000000000000000000 ) ) ;
#6667 = CARTESIAN_POINT ( 'NONE',  ( 4.064174148870405290, 0.1999999999999999833, -5.910825851129594355 ) ) ;
#6668 = AXIS2_PLACEMENT_3D ( 'NONE', #7088, #6387, #5734 ) ;
#6669 = ORIENTED_EDGE ( 'NONE', *, *, #165, .F. ) ;
#6670 = VERTEX_POINT ( 'NONE', #291 ) ;
#6671 = PRESENTATION_LAYER_ASSIGNMENT (  '', '', ( #1586 ) ) ;
#6672 = ORIENTED_EDGE ( 'NONE', *, *, #3916, .F. ) ;
#6673 = PRESENTATION_STYLE_ASSIGNMENT (( #4182 ) ) ;
#6674 = DIRECTION ( 'NONE',  ( 1.000000000000000000, 0.000000000000000000, 0.000000000000000000 ) ) ;
#6675 = DIRECTION ( 'NONE',  ( 0.000000000000000000, 0.000000000000000000, 1.000000000000000000 ) ) ;
#6676 = LINE ( 'NONE', #6836, #2243 ) ;
#6677 = AXIS2_PLACEMENT_3D ( 'NONE', #2183, #4680, #7814 ) ;
#6678 = CARTESIAN_POINT ( 'NONE',  ( -2.023770506913039835, 3.976789341645530218, 0.000000000000000000 ) ) ;
#6679 = DIRECTION ( 'NONE',  ( 0.000000000000000000, 0.000000000000000000, -1.000000000000000000 ) ) ;
#6680 = ORIENTED_EDGE ( 'NONE', *, *, #55, .T. ) ;
#6681 = ORIENTED_EDGE ( 'NONE', *, *, #5637, .F. ) ;
#6682 = ORIENTED_EDGE ( 'NONE', *, *, #4169, .F. ) ;
#6683 = CIRCLE ( 'NONE', #4859, 0.05249999999999991479 ) ;
#6684 = CARTESIAN_POINT ( 'NONE',  ( 1.368503889824450148, 3.871822495596799918, 0.000000000000000000 ) ) ;
#6685 = LINE ( 'NONE', #1082, #2962 ) ;
#6686 = DIRECTION ( 'NONE',  ( -1.000000000000000000, 0.000000000000000000, 0.000000000000000000 ) ) ;
#6687 = EDGE_CURVE ( 'NONE', #5434, #5071, #2087, .T. ) ;
#6688 = AXIS2_PLACEMENT_3D ( 'NONE', #6478, #1827, #7254 ) ;
#6689 = CARTESIAN_POINT ( 'NONE',  ( -2.475651464333749718, 4.367050696342690053, 0.1000000000000000194 ) ) ;
#6690 = FACE_OUTER_BOUND ( 'NONE', #3544, .T. ) ;
#6691 = EDGE_CURVE ( 'NONE', #3901, #104, #2432, .T. ) ;
#6692 = CYLINDRICAL_SURFACE ( 'NONE', #1787, 0.4999999999999995559 ) ;
#6693 = VECTOR ( 'NONE', #2086, 1000.000000000000000 ) ;
#6694 = DIRECTION ( 'NONE',  ( 1.000000000000000000, 0.000000000000000000, 0.000000000000000000 ) ) ;
#6695 = CARTESIAN_POINT ( 'NONE',  ( 0.2176449357221190151, 3.349760925880980178, 0.000000000000000000 ) ) ;
#6696 = EDGE_CURVE ( 'NONE', #4321, #5032, #4840, .T. ) ;
#6697 = CARTESIAN_POINT ( 'NONE',  ( -4.302110744186579794, 0.2000000000000000111, 5.877110744186579971 ) ) ;
#6698 = CIRCLE ( 'NONE', #5929, 0.4999999999999995559 ) ;
#6699 = B_SPLINE_SURFACE_WITH_KNOTS ( 'NONE', 2, 1, ( 
 ( #2682, #5654 ),
 ( #6231, #713 ),
 ( #3292, #187 ),
 ( #1279, #32 ) ),
 .UNSPECIFIED., .F., .F., .F.,
 ( 3, 1, 3 ),
 ( 2, 2 ),
 ( -2.000000000000000000, -1.000000000000000000, 0.000000000000000000 ),
 ( 0.000000000000000000, 0.01000000000000000021 ),
 .UNSPECIFIED. ) ;
#6700 = ORIENTED_EDGE ( 'NONE', *, *, #3206, .F. ) ;
#6701 = VERTEX_POINT ( 'NONE', #1286 ) ;
#6702 = B_SPLINE_CURVE_WITH_KNOTS ( 'NONE', 2,
 ( #7142, #6485, #972, #7223 ),
 .UNSPECIFIED., .F., .F.,
 ( 3, 1, 3 ),
 ( -2.000000000000000000, -1.000000000000000000, 0.000000000000000000 ),
 .UNSPECIFIED. ) ;
#6703 = ORIENTED_EDGE ( 'NONE', *, *, #3950, .F. ) ;
#6704 = EDGE_CURVE ( 'NONE', #709, #4523, #7019, .T. ) ;
#6705 = DIRECTION ( 'NONE',  ( 1.000000000000000000, 0.000000000000000000, 0.000000000000000000 ) ) ;
#6706 = VERTEX_POINT ( 'NONE', #3830 ) ;
#6707 = CARTESIAN_POINT ( 'NONE',  ( 0.2500000000000000000, -2.713815644987700004, 7.214999999999999858 ) ) ;
#6708 = DIRECTION ( 'NONE',  ( 0.000000000000000000, -1.000000000000000000, -7.228014483236570338E-16 ) ) ;
#6709 = CARTESIAN_POINT ( 'NONE',  ( 4.008403160973232460, 0.1642986682315976665, -5.966596839026767185 ) ) ;
#6710 = ORIENTED_EDGE ( 'NONE', *, *, #7097, .T. ) ;
#6711 = VERTEX_POINT ( 'NONE', #3180 ) ;
#6712 = ORIENTED_EDGE ( 'NONE', *, *, #1014, .F. ) ;
#6713 = EDGE_CURVE ( 'NONE', #2171, #7648, #677, .T. ) ;
#6714 = FACE_OUTER_BOUND ( 'NONE', #1077, .T. ) ;
#6715 = CARTESIAN_POINT ( 'NONE',  ( -1.884007543767990178, 4.062959866424269428, 0.000000000000000000 ) ) ;
#6716 = DIRECTION ( 'NONE',  ( 0.000000000000000000, -0.9975640502598296377, 0.06975647374404837786 ) ) ;
#6717 = LINE ( 'NONE', #3696, #2116 ) ;
#6718 = VECTOR ( 'NONE', #4931, 1000.000000000000000 ) ;
#6719 = CARTESIAN_POINT ( 'NONE',  ( -0.5541929622026628977, 3.868192025710039950, 0.000000000000000000 ) ) ;
#6720 = CARTESIAN_POINT ( 'NONE',  ( -2.370230609872179706, 3.840592109899359841, 0.000000000000000000 ) ) ;
#6721 = ORIENTED_EDGE ( 'NONE', *, *, #6487, .F. ) ;
#6722 = VERTEX_POINT ( 'NONE', #2037 ) ;
#6723 = VECTOR ( 'NONE', #4591, 1000.000000000000000 ) ;
#6724 = VERTEX_POINT ( 'NONE', #196 ) ;
#6725 = VECTOR ( 'NONE', #3897, 1000.000000000000114 ) ;
#6726 = LINE ( 'NONE', #4323, #4130 ) ;
#6727 = LINE ( 'NONE', #7453, #5752 ) ;
#6728 = VECTOR ( 'NONE', #2581, 1000.000000000000000 ) ;
#6729 = CARTESIAN_POINT ( 'NONE',  ( -1.936507543767990169, 4.062959866424269428, 0.000000000000000000 ) ) ;
#6730 = DIRECTION ( 'NONE',  ( 0.000000000000000000, 0.000000000000000000, 1.000000000000000000 ) ) ;
#6731 = ORIENTED_EDGE ( 'NONE', *, *, #2605, .F. ) ;
#6732 = ADVANCED_FACE ( 'NONE', ( #722 ), #2690, .F. ) ;
#6733 = DIRECTION ( 'NONE',  ( 0.000000000000000000, 0.000000000000000000, 1.000000000000000000 ) ) ;
#6734 = VECTOR ( 'NONE', #7322, 1000.000000000000000 ) ;
#6735 = CARTESIAN_POINT ( 'NONE',  ( 1.941392037954889904, 3.331608576447190107, 0.1000000000000000056 ) ) ;
#6736 = DIRECTION ( 'NONE',  ( -0.9986295347545739443, 0.05233595624294400117, 1.132252351465719220E-16 ) ) ;
#6737 = CARTESIAN_POINT ( 'NONE',  ( -2.290000000000000036, -3.000608987435080088, 7.732439118436020387 ) ) ;
#6738 = DIRECTION ( 'NONE',  ( -1.000000000000000000, 0.000000000000000000, 0.000000000000000000 ) ) ;
#6739 = ORIENTED_EDGE ( 'NONE', *, *, #1889, .T. ) ;
#6740 = VERTEX_POINT ( 'NONE', #4575 ) ;
#6741 = EDGE_CURVE ( 'NONE', #557, #1156, #5618, .T. ) ;
#6742 = EDGE_CURVE ( 'NONE', #4348, #264, #3798, .T. ) ;
#6743 = CARTESIAN_POINT ( 'NONE',  ( 1.448374227333130149, 3.824626387068939870, 0.000000000000000000 ) ) ;
#6744 = CIRCLE ( 'NONE', #4015, 0.05249999999999991479 ) ;
#6745 = ORIENTED_EDGE ( 'NONE', *, *, #2442, .F. ) ;
#6746 = PLANE ( 'NONE',  #5632 ) ;
#6747 = EDGE_CURVE ( 'NONE', #2787, #1720, #5664, .T. ) ;
#6748 = LINE ( 'NONE', #3469, #2797 ) ;
#6749 = CARTESIAN_POINT ( 'NONE',  ( -2.290000000000000036, -1.221999999999999975, 6.375000000000000000 ) ) ;
#6750 = ORIENTED_EDGE ( 'NONE', *, *, #4164, .F. ) ;
#6751 = EDGE_LOOP ( 'NONE', ( #2633, #588, #3672, #5671 ) ) ;
#6752 = VERTEX_POINT ( 'NONE', #78 ) ;
#6753 = CARTESIAN_POINT ( 'NONE',  ( 1.465074388812219963, 3.824626387068939870, 0.1000000000000000056 ) ) ;
#6754 = FILL_AREA_STYLE ('',( #2501 ) ) ;
#6755 = DIRECTION ( 'NONE',  ( 0.000000000000000000, 0.000000000000000000, 1.000000000000000000 ) ) ;
#6756 = DIRECTION ( 'NONE',  ( 0.000000000000000000, 0.000000000000000000, 1.000000000000000000 ) ) ;
#6757 = VECTOR ( 'NONE', #2964, 1000.000000000000000 ) ;
#6758 = CARTESIAN_POINT ( 'NONE',  ( -0.3842869715023810029, 3.749838707401719873, 0.1000000000000000056 ) ) ;
#6759 = EDGE_CURVE ( 'NONE', #2961, #236, #7985, .T. ) ;
#6760 = CARTESIAN_POINT ( 'NONE',  ( 0.007803776267498349975, 3.690299001258890321, 0.000000000000000000 ) ) ;
#6761 = ORIENTED_EDGE ( 'NONE', *, *, #6237, .F. ) ;
#6762 = VERTEX_POINT ( 'NONE', #1451 ) ;
#6763 = ORIENTED_EDGE ( 'NONE', *, *, #4573, .T. ) ;
#6764 = CARTESIAN_POINT ( 'NONE',  ( 1.021430968650369975, 3.509501600898329965, 0.1000000000000000056 ) ) ;
#6765 = FACE_OUTER_BOUND ( 'NONE', #2431, .T. ) ;
#6766 = CARTESIAN_POINT ( 'NONE',  ( -2.174680787299339890, 3.976789341645530218, 0.1000000000000000056 ) ) ;
#6767 = B_SPLINE_SURFACE_WITH_KNOTS ( 'NONE', 2, 1, ( 
 ( #356, #3031 ),
 ( #5514, #1579 ),
 ( #5257, #4696 ),
 ( #2417, #4219 ) ),
 .UNSPECIFIED., .F., .F., .F.,
 ( 3, 1, 3 ),
 ( 2, 2 ),
 ( -2.000000000000000000, -1.000000000000000000, 0.000000000000000000 ),
 ( 0.000000000000000000, 0.01000000000000000021 ),
 .UNSPECIFIED. ) ;
#6768 = CARTESIAN_POINT ( 'NONE',  ( 1.021430968650369975, 3.509501600898329965, 0.000000000000000000 ) ) ;
#6769 = CARTESIAN_POINT ( 'NONE',  ( 2.790000000000000036, -2.963206657552649670, 7.197560881563970447 ) ) ;
#6770 = ORIENTED_EDGE ( 'NONE', *, *, #702, .F. ) ;
#6771 = LINE ( 'NONE', #3553, #7270 ) ;
#6772 = LINE ( 'NONE', #518, #477 ) ;
#6773 = CARTESIAN_POINT ( 'NONE',  ( 0.2500000000000000000, -2.713815644987700004, -7.214999999999999858 ) ) ;
#6774 = MANIFOLD_SOLID_BREP ( 'Imported5', #2658 ) ;
#6775 = DIRECTION ( 'NONE',  ( 0.7071067811865516806, -0.7071067811865433539, 0.000000000000000000 ) ) ;
#6776 = CARTESIAN_POINT ( 'NONE',  ( -0.2500000000000000000, -1.721999999999999975, -6.375000000000000000 ) ) ;
#6777 = EDGE_CURVE ( 'NONE', #5840, #5508, #849, .T. ) ;
#6778 = EDGE_LOOP ( 'NONE', ( #4643, #1024, #4561, #7982 ) ) ;
#6779 = EDGE_LOOP ( 'NONE', ( #6633, #2235, #7401, #5516 ) ) ;
#6780 = DIRECTION ( 'NONE',  ( 1.000000000000000000, 0.000000000000000000, 0.000000000000000000 ) ) ;
#6781 = ORIENTED_EDGE ( 'NONE', *, *, #7548, .T. ) ;
#6782 = DIRECTION ( 'NONE',  ( -1.000000000000000000, 0.000000000000000000, 0.000000000000000000 ) ) ;
#6783 = ADVANCED_FACE ( 'NONE', ( #5056 ), #1953, .F. ) ;
#6784 = CARTESIAN_POINT ( 'NONE',  ( -1.899384437755696320, 4.100082972436562834, 0.1000000000000000056 ) ) ;
#6785 = EDGE_CURVE ( 'NONE', #1302, #7897, #4645, .T. ) ;
#6786 = CARTESIAN_POINT ( 'NONE',  ( 1.907265621019359925, 4.046811144138540151, 0.000000000000000000 ) ) ;
#6787 = EDGE_LOOP ( 'NONE', ( #5202, #4103, #5892, #173 ) ) ;
#6788 = ORIENTED_EDGE ( 'NONE', *, *, #6061, .F. ) ;
#6789 = ORIENTED_EDGE ( 'NONE', *, *, #7706, .T. ) ;
#6790 = DIRECTION ( 'NONE',  ( 0.000000000000000000, 0.000000000000000000, 1.000000000000000000 ) ) ;
#6791 = EDGE_CURVE ( 'NONE', #1573, #2538, #6021, .T. ) ;
#6792 = CARTESIAN_POINT ( 'NONE',  ( 0.4282121891540919822, 3.349760925880980178, 0.000000000000000000 ) ) ;
#6793 = CARTESIAN_POINT ( 'NONE',  ( -0.2500000000000000000, -2.963206657552649670, 7.197560881563960677 ) ) ;
#6794 = LINE ( 'NONE', #3083, #4113 ) ;
#6795 = STYLED_ITEM ( 'NONE', ( #3335 ), #6818 ) ;
#6796 = DIRECTION ( 'NONE',  ( -1.000000000000000000, 0.000000000000000000, 0.000000000000000000 ) ) ;
#6797 = ADVANCED_FACE ( 'NONE', ( #6473 ), #795, .T. ) ;
#6798 = VECTOR ( 'NONE', #2073, 1000.000000000000000 ) ;
#6799 = DIRECTION ( 'NONE',  ( 0.8597763410315684141, -0.5106707779013481829, 0.000000000000000000 ) ) ;
#6800 = ORIENTED_EDGE ( 'NONE', *, *, #2653, .F. ) ;
#6801 = ORIENTED_EDGE ( 'NONE', *, *, #161, .T. ) ;
#6802 = ORIENTED_EDGE ( 'NONE', *, *, #3881, .T. ) ;
#6803 = EDGE_CURVE ( 'NONE', #2295, #3700, #2247, .T. ) ;
#6804 = CARTESIAN_POINT ( 'NONE',  ( 1.907265621019359925, 4.046811144138540151, 0.1000000000000000056 ) ) ;
#6805 = VECTOR ( 'NONE', #1606, 1000.000000000000114 ) ;
#6806 = DIRECTION ( 'NONE',  ( -0.07217646236721837749, 0.9973918779898668374, 0.000000000000000000 ) ) ;
#6807 = LINE ( 'NONE', #592, #7444 ) ;
#6808 = CARTESIAN_POINT ( 'NONE',  ( 0.9604390745528360585, 3.945884081286660017, 0.1000000000000000056 ) ) ;
#6809 = LINE ( 'NONE', #2562, #2539 ) ;
#6810 = ORIENTED_EDGE ( 'NONE', *, *, #3221, .F. ) ;
#6811 = AXIS2_PLACEMENT_3D ( 'NONE', #7394, #6705, #1719 ) ;
#6812 = EDGE_CURVE ( 'NONE', #3969, #3818, #7697, .T. ) ;
#6813 = DIRECTION ( 'NONE',  ( 1.000000000000000000, 0.000000000000000000, 0.000000000000000000 ) ) ;
#6814 = UNCERTAINTY_MEASURE_WITH_UNIT (LENGTH_MEASURE( 1.000000000000000082E-05 ), #661, 'distance_accuracy_value', 'NONE');
#6815 = CARTESIAN_POINT ( 'NONE',  ( 1.001100337284529962, 3.977106122312779934, 0.000000000000000000 ) ) ;
#6816 = VECTOR ( 'NONE', #4760, 1000.000000000000000 ) ;
#6817 = B_SPLINE_CURVE_WITH_KNOTS ( 'NONE', 2,
 ( #4005, #5842, #4042, #2779 ),
 .UNSPECIFIED., .F., .F.,
 ( 3, 1, 3 ),
 ( -2.000000000000000000, -1.000000000000000000, 0.000000000000000000 ),
 .UNSPECIFIED. ) ;
#6818 = MANIFOLD_SOLID_BREP ( 'Imported1', #7601 ) ;
#6819 = DIRECTION ( 'NONE',  ( 0.000000000000000000, 0.000000000000000000, -1.000000000000000000 ) ) ;
#6820 = CARTESIAN_POINT ( 'NONE',  ( -0.5280535790180039823, 3.659076960232769959, 0.1000000000000000056 ) ) ;
#6821 = VERTEX_POINT ( 'NONE', #4526 ) ;
#6822 = ORIENTED_EDGE ( 'NONE', *, *, #7943, .F. ) ;
#6823 = VECTOR ( 'NONE', #7269, 1000.000000000000000 ) ;
#6824 = LINE ( 'NONE', #688, #4207 ) ;
#6825 = AXIS2_PLACEMENT_3D ( 'NONE', #6850, #2396, #1865 ) ;
#6826 = ORIENTED_EDGE ( 'NONE', *, *, #5705, .F. ) ;
#6827 = CARTESIAN_POINT ( 'NONE',  ( 1.465074388812219963, 3.995984565723929460, 0.000000000000000000 ) ) ;
#6828 = FACE_OUTER_BOUND ( 'NONE', #5168, .T. ) ;
#6829 = CARTESIAN_POINT ( 'NONE',  ( 0.2176449357221190151, 3.424548605548189961, 0.1000000000000000056 ) ) ;
#6830 = ORIENTED_EDGE ( 'NONE', *, *, #3513, .T. ) ;
#6831 = VERTEX_POINT ( 'NONE', #1362 ) ;
#6832 = EDGE_LOOP ( 'NONE', ( #131, #1182, #2595, #5288 ) ) ;
#6833 = B_SPLINE_SURFACE_WITH_KNOTS ( 'NONE', 2, 1, ( 
 ( #1732, #6110 ),
 ( #4921, #7441 ),
 ( #466, #2311 ),
 ( #7406, #1153 ) ),
 .UNSPECIFIED., .F., .F., .F.,
 ( 3, 1, 3 ),
 ( 2, 2 ),
 ( -2.000000000000000000, -1.000000000000000000, 0.000000000000000000 ),
 ( 0.000000000000000000, 0.01000000000000000021 ),
 .UNSPECIFIED. ) ;
#6834 = EDGE_CURVE ( 'NONE', #3872, #64, #2069, .T. ) ;
#6835 = LINE ( 'NONE', #7558, #7263 ) ;
#6836 = CARTESIAN_POINT ( 'NONE',  ( 2.011097059780639906, 3.774525902631679752, 0.000000000000000000 ) ) ;
#6837 = FACE_OUTER_BOUND ( 'NONE', #2932, .T. ) ;
#6838 = CARTESIAN_POINT ( 'NONE',  ( -0.5774279694779149708, 3.846409206389489910, 0.1000000000000000056 ) ) ;
#6839 = AXIS2_PLACEMENT_3D ( 'NONE', #5317, #5150, #7807 ) ;
#6840 = LINE ( 'NONE', #2427, #3728 ) ;
#6841 = ORIENTED_EDGE ( 'NONE', *, *, #7393, .T. ) ;
#6842 = EDGE_LOOP ( 'NONE', ( #7023, #7219, #4835, #3663, #2146, #6703, #2461, #7083, #4602, #6218, #779, #7597, #2259, #1646, #7235, #6593, #202, #7370, #7119, #4286, #92, #6167, #5906, #6627, #1080, #89, #3077, #3035, #6526, #5356, #7127, #1479, #3334, #4912 ) ) ;
#6843 = ORIENTED_EDGE ( 'NONE', *, *, #1402, .T. ) ;
#6844 = DIRECTION ( 'NONE',  ( 0.000000000000000000, 0.000000000000000000, -1.000000000000000000 ) ) ;
#6845 = ADVANCED_FACE ( 'NONE', ( #7009 ), #1481, .T. ) ;
#6846 = MECHANICAL_DESIGN_GEOMETRIC_PRESENTATION_REPRESENTATION (  '', ( #6192 ), #2674 ) ;
#6847 = CARTESIAN_POINT ( 'NONE',  ( 1.234176504014399933, 4.043906768229130755, 0.000000000000000000 ) ) ;
#6848 = EDGE_CURVE ( 'NONE', #7489, #3107, #5825, .T. ) ;
#6849 = DIRECTION ( 'NONE',  ( 0.000000000000000000, 0.000000000000000000, 1.000000000000000000 ) ) ;
#6850 = CARTESIAN_POINT ( 'NONE',  ( -2.290000000000000036, -1.721999999999999975, -6.375000000000000000 ) ) ;
#6851 = CARTESIAN_POINT ( 'NONE',  ( 0.1094569330967260085, 3.505871131011580211, 0.000000000000000000 ) ) ;
#6852 = EDGE_CURVE ( 'NONE', #1294, #6722, #229, .T. ) ;
#6853 = VERTEX_POINT ( 'NONE', #7739 ) ;
#6854 = AXIS2_PLACEMENT_3D ( 'NONE', #5928, #5464, #6042 ) ;
#6855 = CARTESIAN_POINT ( 'NONE',  ( 0.1308143778791139855, 3.699174868677640227, 0.000000000000000000 ) ) ;
#6856 = DIRECTION ( 'NONE',  ( 0.9986295347545739443, 0.05233595624294400117, -1.132252351465721439E-16 ) ) ;
#6857 = VECTOR ( 'NONE', #4486, 1000.000000000000000 ) ;
#6858 = CARTESIAN_POINT ( 'NONE',  ( 2.790000000000000036, -1.471999999999999975, 6.375000000000000000 ) ) ;
#6859 = CYLINDRICAL_SURFACE ( 'NONE', #317, 0.4999999999999995559 ) ;
#6860 = CARTESIAN_POINT ( 'NONE',  ( 2.290000000000000036, -2.713815644987700004, 7.214999999999999858 ) ) ;
#6861 = EDGE_CURVE ( 'NONE', #4469, #1643, #7046, .T. ) ;
#6862 = ORIENTED_EDGE ( 'NONE', *, *, #642, .T. ) ;
#6863 = VECTOR ( 'NONE', #1966, 1000.000000000000000 ) ;
#6864 = EDGE_LOOP ( 'NONE', ( #3778, #3127, #7438, #2991 ) ) ;
#6865 = CARTESIAN_POINT ( 'NONE',  ( -1.357936258902269877, 3.823340976527330071, 0.1000000000000000056 ) ) ;
#6866 = AXIS2_PLACEMENT_3D ( 'NONE', #3618, #3538, #6068 ) ;
#6867 = CARTESIAN_POINT ( 'NONE',  ( 1.107110057977859885, 3.611880851704910356, 0.1000000000000000056 ) ) ;
#6868 = CARTESIAN_POINT ( 'NONE',  ( -0.6057456345946280463, 3.643102892731029829, 0.1000000000000000056 ) ) ;
#6869 =( BOUNDED_CURVE ( )  B_SPLINE_CURVE ( 3, ( #3823, #670, #3130, #3904, #3172, #6308, #3215 ),
 .UNSPECIFIED., .F., .F. ) 
 B_SPLINE_CURVE_WITH_KNOTS ( ( 4, 3, 4 ),
 ( 4.692682789984516489, 7.136792965498241159, 9.580903141011965829 ),
 .UNSPECIFIED. ) 
 CURVE ( )  GEOMETRIC_REPRESENTATION_ITEM ( )  RATIONAL_B_SPLINE_CURVE ( ( 1.000000000000000000, 0.5611433936072428574, 0.5611433936072428574, 1.000000000000000000, 0.5611433936072428574, 0.5611433936072428574, 1.000000000000000000 ) ) 
 REPRESENTATION_ITEM ( '' )  );
#6870 = PLANE ( 'NONE',  #3834 ) ;
#6871 = CARTESIAN_POINT ( 'NONE',  ( -3.877183391326599615, -2.876803674311580572, -6.001377359100669828 ) ) ;
#6872 = EDGE_LOOP ( 'NONE', ( #7448, #337, #2314, #1537 ) ) ;
#6873 = ORIENTED_EDGE ( 'NONE', *, *, #4620, .T. ) ;
#6874 = ORIENTED_EDGE ( 'NONE', *, *, #2742, .F. ) ;
#6875 = CARTESIAN_POINT ( 'NONE',  ( -4.500000000000000000, 0.06999999999999999278, 5.877110744186579971 ) ) ;
#6876 = CARTESIAN_POINT ( 'NONE',  ( -3.766115253892839743, -3.883792513728000273, 0.1000000000000000056 ) ) ;
#6877 = CARTESIAN_POINT ( 'NONE',  ( -0.4133307305964469824, 4.186947281767399609, 0.000000000000000000 ) ) ;
#6878 = CARTESIAN_POINT ( 'NONE',  ( 0.02305174979188250040, 3.548710675675319948, 0.1000000000000000056 ) ) ;
#6879 = SURFACE_STYLE_FILL_AREA ( #1896 ) ;
#6880 = CARTESIAN_POINT ( 'NONE',  ( -4.007005230844689514, -3.000000000000000000, 5.994920913255509021 ) ) ;
#6881 = EDGE_LOOP ( 'NONE', ( #5771, #3582, #7969, #3069 ) ) ;
#6882 = AXIS2_PLACEMENT_3D ( 'NONE', #7589, #6325, #773 ) ;
#6883 = EDGE_CURVE ( 'NONE', #4621, #6711, #4459, .T. ) ;
#6884 = ORIENTED_EDGE ( 'NONE', *, *, #7, .T. ) ;
#6885 = ORIENTED_EDGE ( 'NONE', *, *, #6759, .F. ) ;
#6886 = FACE_OUTER_BOUND ( 'NONE', #6920, .T. ) ;
#6887 = VECTOR ( 'NONE', #5867, 1000.000000000000000 ) ;
#6888 = CARTESIAN_POINT ( 'NONE',  ( -3.845906236087960117, -2.279999999999999805, -6.032654514339300000 ) ) ;
#6889 = FACE_OUTER_BOUND ( 'NONE', #949, .T. ) ;
#6890 = CARTESIAN_POINT ( 'NONE',  ( 2.290000000000000036, -1.221999999999999975, 6.375000000000000000 ) ) ;
#6891 = CARTESIAN_POINT ( 'NONE',  ( -0.7618201892334030001, 3.822575185012120347, 0.000000000000000000 ) ) ;
#6892 = ORIENTED_EDGE ( 'NONE', *, *, #1600, .T. ) ;
#6893 =( GEOMETRIC_REPRESENTATION_CONTEXT ( 3 ) GLOBAL_UNCERTAINTY_ASSIGNED_CONTEXT ( ( #4290 ) ) GLOBAL_UNIT_ASSIGNED_CONTEXT ( ( #1932, #4270, #1149 ) ) REPRESENTATION_CONTEXT ( 'NONE', 'WORKASPACE' ) );
#6894 = ADVANCED_FACE ( 'NONE', ( #5866 ), #7938, .T. ) ;
#6895 = CARTESIAN_POINT ( 'NONE',  ( -0.2500000000000000000, -1.221999999999999975, 6.375000000000000000 ) ) ;
#6896 = CARTESIAN_POINT ( 'NONE',  ( 2.540000000000000036, -1.721999999999999975, -6.375000000000000000 ) ) ;
#6897 = EDGE_CURVE ( 'NONE', #7170, #1843, #5445, .T. ) ;
#6898 = CARTESIAN_POINT ( 'NONE',  ( -0.7712950614308000663, 3.810104507521910211, 0.1000000000000000056 ) ) ;
#6899 = CARTESIAN_POINT ( 'NONE',  ( 1.248698383561429814, 3.331608576447190107, 0.1000000000000000056 ) ) ;
#6900 = CARTESIAN_POINT ( 'NONE',  ( 0.5894050521261530173, 3.349760925880980178, 0.000000000000000000 ) ) ;
#6901 = ORIENTED_EDGE ( 'NONE', *, *, #96, .T. ) ;
#6902 = VERTEX_POINT ( 'NONE', #1574 ) ;
#6903 = EDGE_CURVE ( 'NONE', #6025, #2832, #1071, .T. ) ;
#6904 = VECTOR ( 'NONE', #5089, 1000.000000000000000 ) ;
#6905 = CARTESIAN_POINT ( 'NONE',  ( 2.170111640820649779, 3.551615051584730232, 0.000000000000000000 ) ) ;
#6906 = ORIENTED_EDGE ( 'NONE', *, *, #5743, .T. ) ;
#6907 = CARTESIAN_POINT ( 'NONE',  ( -0.4133307305964469824, 4.186947281767399609, 0.000000000000000000 ) ) ;
#6908 = DIRECTION ( 'NONE',  ( 0.000000000000000000, 1.000000000000000000, 0.000000000000000000 ) ) ;
#6909 = CARTESIAN_POINT ( 'NONE',  ( -0.3073210099031090103, 3.963310336743099960, 0.000000000000000000 ) ) ;
#6910 = VERTEX_POINT ( 'NONE', #2843 ) ;
#6911 = VERTEX_POINT ( 'NONE', #1728 ) ;
#6912 = ORIENTED_EDGE ( 'NONE', *, *, #7650, .T. ) ;
#6913 = SURFACE_SIDE_STYLE ('',( #3159 ) ) ;
#6914 = SURFACE_SIDE_STYLE ('',( #1351 ) ) ;
#6915 = DIRECTION ( 'NONE',  ( 0.000000000000000000, 0.000000000000000000, 1.000000000000000000 ) ) ;
#6916 = FACE_OUTER_BOUND ( 'NONE', #4342, .T. ) ;
#6917 = CARTESIAN_POINT ( 'NONE',  ( -0.4067958848002819483, 3.725877606149119892, 0.1000000000000000056 ) ) ;
#6918 = DIRECTION ( 'NONE',  ( 1.000000000000000000, 0.000000000000000000, 0.000000000000000000 ) ) ;
#6919 = ORIENTED_EDGE ( 'NONE', *, *, #1063, .F. ) ;
#6920 = EDGE_LOOP ( 'NONE', ( #6583, #2720, #3898, #4211 ) ) ;
#6921 = VERTEX_POINT ( 'NONE', #6597 ) ;
#6922 = ORIENTED_EDGE ( 'NONE', *, *, #2761, .T. ) ;
#6923 = CARTESIAN_POINT ( 'NONE',  ( 0.1922316465148120046, 3.527653950332130250, 0.1000000000000000056 ) ) ;
#6924 = DIRECTION ( 'NONE',  ( 0.000000000000000000, 0.000000000000000000, 1.000000000000000000 ) ) ;
#6925 = CARTESIAN_POINT ( 'NONE',  ( -0.6536678370998361132, 3.643102892731029829, 0.000000000000000000 ) ) ;
#6926 = CARTESIAN_POINT ( 'NONE',  ( -0.6464068973263199513, 3.815187165363369992, 0.000000000000000000 ) ) ;
#6927 = CARTESIAN_POINT ( 'NONE',  ( -0.5992107887984640113, 4.060606929708220569, 0.000000000000000000 ) ) ;
#6928 = VERTEX_POINT ( 'NONE', #1654 ) ;
#6929 = COLOUR_RGB ( '',0.8313725490196077761, 0.8313725490196077761, 0.8313725490196077761 ) ;
#6930 = AXIS2_PLACEMENT_3D ( 'NONE', #7625, #2569, #2691 ) ;
#6931 = CYLINDRICAL_SURFACE ( 'NONE', #783, 0.1299999999999998657 ) ;
#6932 = CARTESIAN_POINT ( 'NONE',  ( -0.2500000000000000000, -1.700126330831939869, 6.624041246778789471 ) ) ;
#6933 = SURFACE_STYLE_USAGE ( .BOTH. , #3347 ) ;
#6934 = EDGE_CURVE ( 'NONE', #3389, #6606, #6066, .T. ) ;
#6935 = CIRCLE ( 'NONE', #5102, 0.05249999999999976213 ) ;
#6936 = CARTESIAN_POINT ( 'NONE',  ( 1.243615725719970033, 3.773799808654329624, 0.1000000000000000056 ) ) ;
#6937 = CARTESIAN_POINT ( 'NONE',  ( -2.023770506913039835, 4.029289341645529987, 0.1000000000000000056 ) ) ;
#6938 = EDGE_CURVE ( 'NONE', #4062, #4133, #2108, .T. ) ;
#6939 = VERTEX_POINT ( 'NONE', #4225 ) ;
#6940 = ORIENTED_EDGE ( 'NONE', *, *, #224, .T. ) ;
#6941 = CARTESIAN_POINT ( 'NONE',  ( 1.196419617192119977, 3.899414066736159867, 0.1000000000000000056 ) ) ;
#6942 = VECTOR ( 'NONE', #4946, 1000.000000000000000 ) ;
#6943 = ADVANCED_FACE ( 'NONE', ( #423 ), #4767, .T. ) ;
#6944 = EDGE_CURVE ( 'NONE', #1156, #85, #4107, .T. ) ;
#6945 = LINE ( 'NONE', #4982, #7073 ) ;
#6946 = ORIENTED_EDGE ( 'NONE', *, *, #6241, .F. ) ;
#6947 = DIRECTION ( 'NONE',  ( 0.000000000000000000, 0.000000000000000000, 1.000000000000000000 ) ) ;
#6948 = VECTOR ( 'NONE', #950, 1000.000000000000114 ) ;
#6949 = FACE_OUTER_BOUND ( 'NONE', #2053, .T. ) ;
#6950 = DIRECTION ( 'NONE',  ( 0.000000000000000000, 0.000000000000000000, 1.000000000000000000 ) ) ;
#6951 = ADVANCED_FACE ( 'NONE', ( #6714 ), #7782, .F. ) ;
#6952 = ORIENTED_EDGE ( 'NONE', *, *, #3071, .T. ) ;
#6953 = ORIENTED_EDGE ( 'NONE', *, *, #2948, .T. ) ;
#6954 = MANIFOLD_SOLID_BREP ( 'Imported6', #2518 ) ;
#6955 = ORIENTED_EDGE ( 'NONE', *, *, #2205, .T. ) ;
#6956 = FACE_OUTER_BOUND ( 'NONE', #320, .T. ) ;
#6957 = DIRECTION ( 'NONE',  ( 0.000000000000000000, 0.000000000000000000, 1.000000000000000000 ) ) ;
#6958 = CARTESIAN_POINT ( 'NONE',  ( -3.766115253892839743, -3.883792513728000273, 0.000000000000000000 ) ) ;
#6959 = FACE_OUTER_BOUND ( 'NONE', #1359, .T. ) ;
#6960 = DIRECTION ( 'NONE',  ( 0.8307716891832557238, -0.5566133311838658004, 0.000000000000000000 ) ) ;
#6961 = CARTESIAN_POINT ( 'NONE',  ( -0.5541929622026628977, 3.868192025710039950, 0.1000000000000000056 ) ) ;
#6962 = EDGE_CURVE ( 'NONE', #5626, #7780, #1851, .T. ) ;
#6963 = ORIENTED_EDGE ( 'NONE', *, *, #322, .T. ) ;
#6964 = VECTOR ( 'NONE', #6196, 1000.000000000000000 ) ;
#6965 = ORIENTED_EDGE ( 'NONE', *, *, #1846, .T. ) ;
#6966 = ORIENTED_EDGE ( 'NONE', *, *, #7110, .F. ) ;
#6967 = SURFACE_STYLE_FILL_AREA ( #5210 ) ;
#6968 = CARTESIAN_POINT ( 'NONE',  ( 0.1094569330967260085, 3.505871131011580211, 0.000000000000000000 ) ) ;
#6969 = CARTESIAN_POINT ( 'NONE',  ( 0.9161473419343860725, 3.563958649199709949, 0.1000000000000000056 ) ) ;
#6970 = CARTESIAN_POINT ( 'NONE',  ( -0.5716192176591019525, 4.245760893932890134, 0.000000000000000000 ) ) ;
#6971 = AXIS2_PLACEMENT_3D ( 'NONE', #318, #7787, #2196 ) ;
#6972 = DIRECTION ( 'NONE',  ( 0.000000000000000000, 0.000000000000000000, 1.000000000000000000 ) ) ;
#6973 = CARTESIAN_POINT ( 'NONE',  ( -0.7712950614308000663, 3.349760925880980178, 0.1000000000000000056 ) ) ;
#6974 = ORIENTED_EDGE ( 'NONE', *, *, #259, .F. ) ;
#6975 = VECTOR ( 'NONE', #606, 1000.000000000000000 ) ;
#6976 = CARTESIAN_POINT ( 'NONE',  ( -2.790000000000000036, -2.735689314155739904, -6.965958753221239697 ) ) ;
#6977 = FILL_AREA_STYLE ('',( #7669 ) ) ;
#6978 = VECTOR ( 'NONE', #7148, 1000.000000000000000 ) ;
#6979 = MANIFOLD_SOLID_BREP ( 'Imported5', #311 ) ;
#6980 = CARTESIAN_POINT ( 'NONE',  ( 1.242163537765269998, 3.899414066736159867, 0.000000000000000000 ) ) ;
#6981 = DIRECTION ( 'NONE',  ( 0.000000000000000000, 0.000000000000000000, 1.000000000000000000 ) ) ;
#6982 = ORIENTED_EDGE ( 'NONE', *, *, #986, .T. ) ;
#6983 = EDGE_CURVE ( 'NONE', #8011, #5950, #389, .T. ) ;
#6984 = ORIENTED_EDGE ( 'NONE', *, *, #2644, .T. ) ;
#6985 = DIRECTION ( 'NONE',  ( -1.130700638968989854E-16, -5.925750952228049337E-18, -1.000000000000000000 ) ) ;
#6986 = VECTOR ( 'NONE', #7178, 1000.000000000000000 ) ;
#6987 = CARTESIAN_POINT ( 'NONE',  ( 2.290000000000000036, -2.757562983323790018, -6.716917506442459995 ) ) ;
#6988 = DIRECTION ( 'NONE',  ( 0.000000000000000000, 0.000000000000000000, 1.000000000000000000 ) ) ;
#6989 = LINE ( 'NONE', #4008, #1970 ) ;
#6990 = CARTESIAN_POINT ( 'NONE',  ( -2.290000000000000036, -2.713815644987700004, 7.214999999999999858 ) ) ;
#6991 = DIRECTION ( 'NONE',  ( 0.000000000000000000, 0.000000000000000000, -1.000000000000000000 ) ) ;
#6992 = ORIENTED_EDGE ( 'NONE', *, *, #5756, .T. ) ;
#6993 = EDGE_CURVE ( 'NONE', #3528, #3045, #536, .T. ) ;
#6994 = ORIENTED_EDGE ( 'NONE', *, *, #2821, .T. ) ;
#6995 = EDGE_CURVE ( 'NONE', #7476, #2530, #4311, .T. ) ;
#6996 = EDGE_LOOP ( 'NONE', ( #1181, #5775, #5943, #7150 ) ) ;
#6997 = CONTEXT_DEPENDENT_SHAPE_REPRESENTATION ( #6429, #4878 ) ;
#6998 = VECTOR ( 'NONE', #5612, 1000.000000000000000 ) ;
#6999 = CARTESIAN_POINT ( 'NONE',  ( -2.281047728045660250, 4.062959866424269428, 0.000000000000000000 ) ) ;
#7000 = ADVANCED_FACE ( 'NONE', ( #6283 ), #1186, .T. ) ;
#7001 = PLANE ( 'NONE',  #5243 ) ;
#7002 = ORIENTED_EDGE ( 'NONE', *, *, #5859, .T. ) ;
#7003 = CARTESIAN_POINT ( 'NONE',  ( 2.540000000000000036, -1.471999999999999975, 6.375000000000000000 ) ) ;
#7004 = CARTESIAN_POINT ( 'NONE',  ( 2.206416339688229922, 3.387517812703259690, 0.1000000000000000056 ) ) ;
#7005 = DIRECTION ( 'NONE',  ( 0.000000000000000000, -1.000000000000000000, 0.000000000000000000 ) ) ;
#7006 = ORIENTED_EDGE ( 'NONE', *, *, #3363, .F. ) ;
#7007 = VERTEX_POINT ( 'NONE', #1772 ) ;
#7008 = ORIENTED_EDGE ( 'NONE', *, *, #1712, .T. ) ;
#7009 = FACE_OUTER_BOUND ( 'NONE', #7209, .T. ) ;
#7010 = CARTESIAN_POINT ( 'NONE',  ( 4.302110744186579794, 0.06999999999999999278, -0.03202115314193899887 ) ) ;
#7011 = CARTESIAN_POINT ( 'NONE',  ( -2.790000000000000036, -1.678252661663869993, 6.873082493557559403 ) ) ;
#7012 = EDGE_CURVE ( 'NONE', #2198, #3570, #4458, .T. ) ;
#7013 = DIRECTION ( 'NONE',  ( -1.000000000000000000, 0.000000000000000000, 0.000000000000000000 ) ) ;
#7014 = CARTESIAN_POINT ( 'NONE',  ( 1.204406650942980272, 3.591550220339069899, 0.000000000000000000 ) ) ;
#7015 = DIRECTION ( 'NONE',  ( 0.000000000000000000, 0.000000000000000000, -1.000000000000000000 ) ) ;
#7016 = CARTESIAN_POINT ( 'NONE',  ( 2.290000000000000036, -3.212597670117609994, -7.180121763127949919 ) ) ;
#7017 = VERTEX_POINT ( 'NONE', #5063 ) ;
#7018 = CARTESIAN_POINT ( 'NONE',  ( 0.007803776267498349975, 4.025754418795340683, 0.000000000000000000 ) ) ;
#7019 = LINE ( 'NONE', #4449, #4971 ) ;
#7020 = VECTOR ( 'NONE', #2773, 1000.000000000000000 ) ;
#7021 = LINE ( 'NONE', #4576, #5272 ) ;
#7022 = CARTESIAN_POINT ( 'NONE',  ( -2.174680787299339890, 3.976789341645530218, 0.000000000000000000 ) ) ;
#7023 = ORIENTED_EDGE ( 'NONE', *, *, #407, .F. ) ;
#7024 = CARTESIAN_POINT ( 'NONE',  ( 1.280646518564899861, 3.533462702150940160, 0.000000000000000000 ) ) ;
#7025 = LINE ( 'NONE', #5276, #7087 ) ;
#7026 = CARTESIAN_POINT ( 'NONE',  ( -2.790000000000000036, -2.735689314155719920, 6.965958753221239697 ) ) ;
#7027 = CARTESIAN_POINT ( 'NONE',  ( -1.558624907085859990, 3.394807403769890097, 0.000000000000000000 ) ) ;
#7028 = CARTESIAN_POINT ( 'NONE',  ( -4.500000000000000000, -3.193939448075150178, 6.074999999999999289 ) ) ;
#7029 = ORIENTED_EDGE ( 'NONE', *, *, #8045, .T. ) ;
#7030 = B_SPLINE_CURVE_WITH_KNOTS ( 'NONE', 2,
 ( #2684, #639, #3139, #1445 ),
 .UNSPECIFIED., .F., .F.,
 ( 3, 1, 3 ),
 ( 0.000000000000000000, 1.000000000000000000, 2.000000000000000000 ),
 .UNSPECIFIED. ) ;
#7031 = ORIENTED_EDGE ( 'NONE', *, *, #2119, .F. ) ;
#7032 = VERTEX_POINT ( 'NONE', #6106 ) ;
#7033 = DIRECTION ( 'NONE',  ( 0.000000000000000000, 0.000000000000000000, 1.000000000000000000 ) ) ;
#7034 = CARTESIAN_POINT ( 'NONE',  ( -4.500000000000000000, 0.1642986682315978331, 5.966596839026767185 ) ) ;
#7035 = DIRECTION ( 'NONE',  ( 0.000000000000000000, 0.000000000000000000, 1.000000000000000000 ) ) ;
#7036 = ADVANCED_FACE ( 'NONE', ( #2575 ), #7416, .T. ) ;
#7037 = ORIENTED_EDGE ( 'NONE', *, *, #6897, .T. ) ;
#7038 = CARTESIAN_POINT ( 'NONE',  ( -2.370230609872179706, 3.840592109899359841, 0.1000000000000000056 ) ) ;
#7039 = CARTESIAN_POINT ( 'NONE',  ( 1.494844241883630076, 3.561054273290299665, 0.000000000000000000 ) ) ;
#7040 = LINE ( 'NONE', #1434, #7251 ) ;
#7041 = ORIENTED_EDGE ( 'NONE', *, *, #4961, .T. ) ;
#7042 = ORIENTED_EDGE ( 'NONE', *, *, #212, .F. ) ;
#7043 = VERTEX_POINT ( 'NONE', #2002 ) ;
#7044 = EDGE_CURVE ( 'NONE', #5282, #5392, #5143, .T. ) ;
#7045 = EDGE_LOOP ( 'NONE', ( #4791, #3417, #295, #1807 ) ) ;
#7046 = LINE ( 'NONE', #2150, #3673 ) ;
#7047 = LINE ( 'NONE', #5126, #6625 ) ;
#7048 = CARTESIAN_POINT ( 'NONE',  ( 0.5894050521261530173, 4.285696062687230246, 0.000000000000000000 ) ) ;
#7049 = CYLINDRICAL_SURFACE ( 'NONE', #6272, 0.1299999999999999767 ) ;
#7050 = EDGE_CURVE ( 'NONE', #7221, #1770, #500, .T. ) ;
#7051 = LINE ( 'NONE', #3716, #7331 ) ;
#7052 = CARTESIAN_POINT ( 'NONE',  ( 2.790000000000000036, -1.721999999999999975, 6.375000000000000000 ) ) ;
#7053 = DIRECTION ( 'NONE',  ( 0.000000000000000000, 0.000000000000000000, 1.000000000000000000 ) ) ;
#7054 = ORIENTED_EDGE ( 'NONE', *, *, #2042, .F. ) ;
#7055 = EDGE_CURVE ( 'NONE', #7936, #5209, #3320, .T. ) ;
#7056 = DIRECTION ( 'NONE',  ( 0.000000000000000000, -1.000000000000000000, 0.000000000000000000 ) ) ;
#7057 = CARTESIAN_POINT ( 'NONE',  ( 2.070636765923479672, 3.500062379192759643, 0.1000000000000000056 ) ) ;
#7058 = CARTESIAN_POINT ( 'NONE',  ( 4.500000000000000000, -1.221999999999999975, -6.074999999999999289 ) ) ;
#7059 = AXIS2_PLACEMENT_3D ( 'NONE', #3913, #6316, #3223 ) ;
#7060 = FACE_OUTER_BOUND ( 'NONE', #7769, .T. ) ;
#7061 = AXIS2_PLACEMENT_3D ( 'NONE', #7796, #4780, #7183 ) ;
#7062 = EDGE_CURVE ( 'NONE', #4989, #829, #765, .T. ) ;
#7063 = VERTEX_POINT ( 'NONE', #7547 ) ;
#7064 = DIRECTION ( 'NONE',  ( 1.000000000000000000, 0.000000000000000000, 0.000000000000000000 ) ) ;
#7065 = VECTOR ( 'NONE', #7603, 1000.000000000000114 ) ;
#7066 = FACE_OUTER_BOUND ( 'NONE', #6350, .T. ) ;
#7067 = CARTESIAN_POINT ( 'NONE',  ( 1.828847471465379959, 3.911757664351140029, 0.1000000000000000056 ) ) ;
#7068 = LINE ( 'NONE', #7157, #3668 ) ;
#7069 = DIRECTION ( 'NONE',  ( 0.000000000000000000, -4.440892098500630895E-15, -1.000000000000000000 ) ) ;
#7070 = PLANE ( 'NONE',  #4907 ) ;
#7071 = ORIENTED_EDGE ( 'NONE', *, *, #908, .T. ) ;
#7072 = ORIENTED_EDGE ( 'NONE', *, *, #1671, .T. ) ;
#7073 = VECTOR ( 'NONE', #1921, 1000.000000000000000 ) ;
#7074 = ORIENTED_EDGE ( 'NONE', *, *, #3900, .F. ) ;
#7075 = ITEM_DEFINED_TRANSFORMATION ( 'NONE', 'NONE', #5992,  #1670 ) ;
#7076 = PLANE ( 'NONE',  #850 ) ;
#7077 = CARTESIAN_POINT ( 'NONE',  ( -2.540000000000000036, -1.721999999999999975, 6.375000000000000000 ) ) ;
#7078 = AXIS2_PLACEMENT_3D ( 'NONE', #5335, #7827, #4114 ) ;
#7079 = ORIENTED_EDGE ( 'NONE', *, *, #152, .T. ) ;
#7080 = PLANE ( 'NONE',  #301 ) ;
#7081 = DIRECTION ( 'NONE',  ( 1.000000000000000000, 0.000000000000000000, 0.000000000000000000 ) ) ;
#7082 = CARTESIAN_POINT ( 'NONE',  ( -1.955893612925333480, 3.752562337631996758, 0.000000000000000000 ) ) ;
#7083 = ORIENTED_EDGE ( 'NONE', *, *, #5395, .T. ) ;
#7084 = EDGE_LOOP ( 'NONE', ( #2066, #310, #3379, #7665 ) ) ;
#7085 = ORIENTED_EDGE ( 'NONE', *, *, #7834, .T. ) ;
#7086 = EDGE_CURVE ( 'NONE', #6096, #2158, #5316, .T. ) ;
#7087 = VECTOR ( 'NONE', #1508, 1000.000000000000000 ) ;
#7088 = CARTESIAN_POINT ( 'NONE',  ( 2.790000000000000036, -1.721999999999999975, 6.375000000000000000 ) ) ;
#7089 = CARTESIAN_POINT ( 'NONE',  ( 3.845906236087969887, -2.279999999999999805, 0.000000000000000000 ) ) ;
#7090 = CARTESIAN_POINT ( 'NONE',  ( 1.494844241883630076, 3.636568046934870235, 0.000000000000000000 ) ) ;
#7091 = DIRECTION ( 'NONE',  ( 1.000000000000000000, 0.000000000000000000, 0.000000000000000000 ) ) ;
#7092 = CARTESIAN_POINT ( 'NONE',  ( 9.540979117872440597E-15, -3.212597670117609994, -7.180121763127949919 ) ) ;
#7093 = AXIS2_PLACEMENT_3D ( 'NONE', #2033, #3218, #5831 ) ;
#7094 = CARTESIAN_POINT ( 'NONE',  ( 0.008529870244849970320, 3.330882482469830208, 0.000000000000000000 ) ) ;
#7095 = CARTESIAN_POINT ( 'NONE',  ( -0.5382188947009269864, 3.995984565723929460, 0.1000000000000000056 ) ) ;
#7096 = ORIENTED_EDGE ( 'NONE', *, *, #2342, .F. ) ;
#7097 = EDGE_CURVE ( 'NONE', #4720, #7499, #781, .T. ) ;
#7098 = EDGE_CURVE ( 'NONE', #3279, #7221, #5456, .T. ) ;
#7099 = CARTESIAN_POINT ( 'NONE',  ( 2.180276956503570229, 3.377352497020340127, 0.000000000000000000 ) ) ;
#7100 = COLOUR_RGB ( '',0.8313725490196077761, 0.8313725490196077761, 0.8313725490196077761 ) ;
#7101 = LINE ( 'NONE', #3392, #1242 ) ;
#7102 = FILL_AREA_STYLE_COLOUR ( '', #1313 ) ;
#7103 = EDGE_CURVE ( 'NONE', #4358, #3318, #7363, .T. ) ;
#7104 = LINE ( 'NONE', #2121, #7871 ) ;
#7105 = CARTESIAN_POINT ( 'NONE',  ( 4.416052913519170176, 0.1410907200973685049, 5.991052913519167689 ) ) ;
#7106 = CIRCLE ( 'NONE', #1879, 0.05250000000000012990 ) ;
#7107 = ORIENTED_EDGE ( 'NONE', *, *, #452, .T. ) ;
#7108 = CARTESIAN_POINT ( 'NONE',  ( 2.290000000000000036, -2.963206657552649670, 7.197560881563960677 ) ) ;
#7109 = VECTOR ( 'NONE', #4893, 1000.000000000000114 ) ;
#7110 = EDGE_CURVE ( 'NONE', #5682, #3543, #6744, .T. ) ;
#7111 = DIRECTION ( 'NONE',  ( 0.000000000000000000, 0.000000000000000000, 1.000000000000000000 ) ) ;
#7112 = DIRECTION ( 'NONE',  ( 0.000000000000000000, 0.000000000000000000, -1.000000000000000000 ) ) ;
#7113 = CARTESIAN_POINT ( 'NONE',  ( -0.2500000000000000000, -1.721999999999999975, -6.375000000000000000 ) ) ;
#7114 = DIRECTION ( 'NONE',  ( 1.000000000000000000, 0.000000000000000000, 0.000000000000000000 ) ) ;
#7115 = FACE_OUTER_BOUND ( 'NONE', #2187, .T. ) ;
#7116 = ORIENTED_EDGE ( 'NONE', *, *, #328, .F. ) ;
#7117 = VECTOR ( 'NONE', #1696, 1000.000000000000000 ) ;
#7118 = ORIENTED_EDGE ( 'NONE', *, *, #7534, .T. ) ;
#7119 = ORIENTED_EDGE ( 'NONE', *, *, #6742, .F. ) ;
#7120 = CARTESIAN_POINT ( 'NONE',  ( 2.011097059780639906, 3.774525902631679752, 0.000000000000000000 ) ) ;
#7121 = DIRECTION ( 'NONE',  ( 0.9498783766211779112, 0.3126196884834920309, 0.000000000000000000 ) ) ;
#7122 = VECTOR ( 'NONE', #4761, 1000.000000000000000 ) ;
#7123 = ORIENTED_EDGE ( 'NONE', *, *, #6759, .T. ) ;
#7124 = DIRECTION ( 'NONE',  ( 0.000000000000000000, 0.000000000000000000, 1.000000000000000000 ) ) ;
#7125 = DIRECTION ( 'NONE',  ( 0.000000000000000000, 0.000000000000000000, -1.000000000000000000 ) ) ;
#7126 = DIRECTION ( 'NONE',  ( 0.000000000000000000, 0.000000000000000000, 1.000000000000000000 ) ) ;
#7127 = ORIENTED_EDGE ( 'NONE', *, *, #556, .F. ) ;
#7128 = ORIENTED_EDGE ( 'NONE', *, *, #6360, .T. ) ;
#7129 = VERTEX_POINT ( 'NONE', #369 ) ;
#7130 = ORIENTED_EDGE ( 'NONE', *, *, #3893, .T. ) ;
#7131 = DIRECTION ( 'NONE',  ( 0.000000000000000000, 0.000000000000000000, 1.000000000000000000 ) ) ;
#7132 = LINE ( 'NONE', #1655, #6757 ) ;
#7133 = CARTESIAN_POINT ( 'NONE',  ( 1.234176504014399933, 4.043906768229130755, 0.1000000000000000056 ) ) ;
#7134 = CARTESIAN_POINT ( 'NONE',  ( 3.877183391326599615, -2.876803674311580572, 6.001377359100669828 ) ) ;
#7135 = LINE ( 'NONE', #5411, #5260 ) ;
#7136 = EDGE_CURVE ( 'NONE', #1302, #5536, #4142, .T. ) ;
#7137 = PLANE ( 'NONE',  #6056 ) ;
#7138 = DIRECTION ( 'NONE',  ( -0.7321804635358735158, 0.6811106876392364340, 0.000000000000000000 ) ) ;
#7139 = VERTEX_POINT ( 'NONE', #2823 ) ;
#7140 = ORIENTED_EDGE ( 'NONE', *, *, #6285, .F. ) ;
#7141 = CYLINDRICAL_SURFACE ( 'NONE', #8054, 0.05250000000000007438 ) ;
#7142 = CARTESIAN_POINT ( 'NONE',  ( 0.02305174979188250040, 3.548710675675319948, 0.1000000000000000056 ) ) ;
#7143 = VECTOR ( 'NONE', #3754, 1000.000000000000114 ) ;
#7144 = CARTESIAN_POINT ( 'NONE',  ( 1.133249441162520021, 3.819543729227480089, 0.000000000000000000 ) ) ;
#7145 = EDGE_CURVE ( 'NONE', #3135, #411, #287, .T. ) ;
#7146 = ADVANCED_FACE ( 'NONE', ( #1593 ), #5883, .F. ) ;
#7147 = PLANE ( 'NONE',  #4756 ) ;
#7148 = DIRECTION ( 'NONE',  ( -6.651025867514710557E-15, 1.000000000000000000, 0.000000000000000000 ) ) ;
#7149 = CIRCLE ( 'NONE', #3753, 0.2500000000000002220 ) ;
#7150 = ORIENTED_EDGE ( 'NONE', *, *, #4707, .F. ) ;
#7151 = ADVANCED_FACE ( 'NONE', ( #7761 ), #7715, .T. ) ;
#7152 = DIRECTION ( 'NONE',  ( 0.000000000000000000, 0.9961649871150949354, -0.08749467667225570289 ) ) ;
#7153 = VECTOR ( 'NONE', #1008, 1000.000000000000000 ) ;
#7154 = DIRECTION ( 'NONE',  ( 0.000000000000000000, 0.000000000000000000, 1.000000000000000000 ) ) ;
#7155 = EDGE_CURVE ( 'NONE', #1491, #7476, #3586, .T. ) ;
#7156 = PLANE ( 'NONE',  #3046 ) ;
#7157 = CARTESIAN_POINT ( 'NONE',  ( -0.7393469264273279107, 4.078759279142010641, 0.000000000000000000 ) ) ;
#7158 = CARTESIAN_POINT ( 'NONE',  ( 2.290000000000000036, -1.678252661663869993, 6.873082493557559403 ) ) ;
#7159 = DIRECTION ( 'NONE',  ( -0.000000000000000000, 1.000000000000000000, 0.000000000000000000 ) ) ;
#7160 = ORIENTED_EDGE ( 'NONE', *, *, #5336, .F. ) ;
#7161 = ORIENTED_EDGE ( 'NONE', *, *, #7896, .F. ) ;
#7162 = ORIENTED_EDGE ( 'NONE', *, *, #2357, .F. ) ;
#7163 = EDGE_CURVE ( 'NONE', #2832, #4388, #5701, .T. ) ;
#7164 = EDGE_CURVE ( 'NONE', #7893, #2339, #6817, .T. ) ;
#7165 = CARTESIAN_POINT ( 'NONE',  ( -2.711193422726100088, 3.627939937238269685, 0.000000000000000000 ) ) ;
#7166 = ORIENTED_EDGE ( 'NONE', *, *, #4557, .F. ) ;
#7167 = DIRECTION ( 'NONE',  ( 0.000000000000000000, -1.000000000000000000, 0.000000000000000000 ) ) ;
#7168 = SURFACE_SIDE_STYLE ('',( #2876 ) ) ;
#7169 = DIRECTION ( 'NONE',  ( -0.7071067811865475727, -0.7071067811865475727, 0.000000000000000000 ) ) ;
#7170 = VERTEX_POINT ( 'NONE', #4706 ) ;
#7171 = ORIENTED_EDGE ( 'NONE', *, *, #55, .F. ) ;
#7172 = VERTEX_POINT ( 'NONE', #5972 ) ;
#7173 = CARTESIAN_POINT ( 'NONE',  ( 0.9190517178437930257, 3.741851673650860022, 0.1000000000000000056 ) ) ;
#7174 = CARTESIAN_POINT ( 'NONE',  ( 0.9190517178437930257, 3.820995917182180346, 0.000000000000000000 ) ) ;
#7175 = DIRECTION ( 'NONE',  ( 0.000000000000000000, 0.000000000000000000, -1.000000000000000000 ) ) ;
#7176 = CARTESIAN_POINT ( 'NONE',  ( 2.206416339688229922, 3.561780367267649794, 0.000000000000000000 ) ) ;
#7177 = PLANE ( 'NONE',  #6971 ) ;
#7178 = DIRECTION ( 'NONE',  ( 1.000000000000000000, 0.000000000000000000, 0.000000000000000000 ) ) ;
#7179 = ORIENTED_EDGE ( 'NONE', *, *, #3523, .F. ) ;
#7180 = ORIENTED_EDGE ( 'NONE', *, *, #6005, .F. ) ;
#7181 = FACE_OUTER_BOUND ( 'NONE', #5546, .T. ) ;
#7182 = DIRECTION ( 'NONE',  ( -1.000000000000000000, 0.000000000000000000, 0.000000000000000000 ) ) ;
#7183 = DIRECTION ( 'NONE',  ( 0.000000000000000000, -1.000000000000000000, 3.469446951953610245E-15 ) ) ;
#7184 = B_SPLINE_CURVE_WITH_KNOTS ( 'NONE', 2,
 ( #252, #1022, #904, #4750 ),
 .UNSPECIFIED., .F., .F.,
 ( 3, 1, 3 ),
 ( 0.000000000000000000, 1.000000000000000000, 2.000000000000000000 ),
 .UNSPECIFIED. ) ;
#7185 = LINE ( 'NONE', #4782, #2394 ) ;
#7186 = CARTESIAN_POINT ( 'NONE',  ( -0.7712950614308000663, 4.078759279142010641, 0.000000000000000000 ) ) ;
#7187 = CIRCLE ( 'NONE', #1584, 0.1299999999999998934 ) ;
#7188 = DIRECTION ( 'NONE',  ( 0.000000000000000000, -1.000000000000000000, 4.440892098500630895E-15 ) ) ;
#7189 = VECTOR ( 'NONE', #2801, 1000.000000000000000 ) ;
#7190 = LINE ( 'NONE', #2127, #4474 ) ;
#7191 = AXIS2_PLACEMENT_3D ( 'NONE', #6432, #4441, #2599 ) ;
#7192 = CARTESIAN_POINT ( 'NONE',  ( 2.290000000000000036, -3.212597670117609994, 7.180121763127949919 ) ) ;
#7193 = CARTESIAN_POINT ( 'NONE',  ( 1.545670820298249870, 3.849313582298899750, 0.000000000000000000 ) ) ;
#7194 = EDGE_CURVE ( 'NONE', #4926, #1266, #5350, .T. ) ;
#7195 = DIRECTION ( 'NONE',  ( 0.000000000000000000, 0.000000000000000000, 1.000000000000000000 ) ) ;
#7196 = EDGE_LOOP ( 'NONE', ( #4925, #7085, #6171 ) ) ;
#7197 = EDGE_LOOP ( 'NONE', ( #7403, #6525, #2634, #522 ) ) ;
#7198 = ORIENTED_EDGE ( 'NONE', *, *, #6461, .T. ) ;
#7199 = EDGE_CURVE ( 'NONE', #3028, #2180, #1504, .T. ) ;
#7200 = AXIS2_PLACEMENT_3D ( 'NONE', #7826, #6521, #3385 ) ;
#7201 = EDGE_CURVE ( 'NONE', #2839, #5569, #1458, .T. ) ;
#7202 = CARTESIAN_POINT ( 'NONE',  ( 4.007005230844689514, -2.870000000000000107, 5.994920913255509021 ) ) ;
#7203 = VERTEX_POINT ( 'NONE', #5273 ) ;
#7204 = DIRECTION ( 'NONE',  ( 0.000000000000000000, 0.000000000000000000, 1.000000000000000000 ) ) ;
#7205 = EDGE_CURVE ( 'NONE', #7648, #1165, #7922, .T. ) ;
#7206 = CARTESIAN_POINT ( 'NONE',  ( -1.971270506913040066, 4.029289341645529987, 0.1000000000000000056 ) ) ;
#7207 = AXIS2_PLACEMENT_3D ( 'NONE', #289, #3483, #5803 ) ;
#7208 = CARTESIAN_POINT ( 'NONE',  ( -1.936507543767990169, 4.062959866424269428, 0.000000000000000000 ) ) ;
#7209 = EDGE_LOOP ( 'NONE', ( #915, #3453, #5874, #6862 ) ) ;
#7210 = EDGE_LOOP ( 'NONE', ( #3973, #2951, #43, #2083, #1885, #6906, #3571, #4948, #2497, #1437, #1284, #5576 ) ) ;
#7211 = EDGE_LOOP ( 'NONE', ( #1277, #7723, #3899, #3510 ) ) ;
#7212 = DIRECTION ( 'NONE',  ( 0.000000000000000000, 0.000000000000000000, 1.000000000000000000 ) ) ;
#7213 = AXIS2_PLACEMENT_3D ( 'NONE', #5324, #3492, #303 ) ;
#7214 = CARTESIAN_POINT ( 'NONE',  ( 0.9190517178437930257, 3.866013743777979794, 0.000000000000000000 ) ) ;
#7215 = DIRECTION ( 'NONE',  ( -1.130700638968989854E-16, -5.925750952228049337E-18, -1.000000000000000000 ) ) ;
#7216 = CARTESIAN_POINT ( 'NONE',  ( -2.290000000000000036, -3.000608987435080088, -7.732439118436020387 ) ) ;
#7217 = EDGE_CURVE ( 'NONE', #7043, #3527, #816, .T. ) ;
#7218 = DIRECTION ( 'NONE',  ( -1.000000000000000000, 0.000000000000000000, 0.000000000000000000 ) ) ;
#7219 = ORIENTED_EDGE ( 'NONE', *, *, #4248, .T. ) ;
#7220 = VECTOR ( 'NONE', #5400, 1000.000000000000000 ) ;
#7221 = VERTEX_POINT ( 'NONE', #935 ) ;
#7222 = DIRECTION ( 'NONE',  ( 1.000000000000000000, 0.000000000000000000, 0.000000000000000000 ) ) ;
#7223 = CARTESIAN_POINT ( 'NONE',  ( 0.007803776267498309209, 3.690299001258890321, 0.1000000000000000056 ) ) ;
#7224 = B_SPLINE_SURFACE_WITH_KNOTS ( 'NONE', 2, 1, ( 
 ( #1297, #45 ),
 ( #1880, #87 ),
 ( #2532, #2576 ),
 ( #1258, #5026 ) ),
 .UNSPECIFIED., .F., .F., .F.,
 ( 3, 1, 3 ),
 ( 2, 2 ),
 ( -2.000000000000000000, -1.000000000000000000, 0.000000000000000000 ),
 ( 0.000000000000000000, 0.01000000000000000021 ),
 .UNSPECIFIED. ) ;
#7225 = FACE_OUTER_BOUND ( 'NONE', #3088, .T. ) ;
#7226 = DIRECTION ( 'NONE',  ( -1.000000000000000000, 0.000000000000000000, 0.000000000000000000 ) ) ;
#7227 = B_SPLINE_CURVE_WITH_KNOTS ( 'NONE', 2,
 ( #1423, #3922, #821, #3316 ),
 .UNSPECIFIED., .F., .F.,
 ( 3, 1, 3 ),
 ( -2.000000000000000000, -1.000000000000000000, 0.000000000000000000 ),
 .UNSPECIFIED. ) ;
#7228 = VECTOR ( 'NONE', #7454, 1000.000000000000000 ) ;
#7229 = CARTESIAN_POINT ( 'NONE',  ( 9.540979117872440597E-15, -1.471999999999999975, 6.375000000000000000 ) ) ;
#7230 = CARTESIAN_POINT ( 'NONE',  ( -0.5883193791381891025, 3.835517796729220219, 0.1000000000000000056 ) ) ;
#7231 = DIRECTION ( 'NONE',  ( 1.000000000000000000, 0.000000000000000000, 0.000000000000000000 ) ) ;
#7232 = ADVANCED_FACE ( 'NONE', ( #5801 ), #2209, .F. ) ;
#7233 = LINE ( 'NONE', #2179, #7774 ) ;
#7234 = ORIENTED_EDGE ( 'NONE', *, *, #3071, .F. ) ;
#7235 = ORIENTED_EDGE ( 'NONE', *, *, #7795, .F. ) ;
#7236 = ORIENTED_EDGE ( 'NONE', *, *, #2244, .T. ) ;
#7237 = AXIS2_PLACEMENT_3D ( 'NONE', #133, #2588, #8060 ) ;
#7238 = DIRECTION ( 'NONE',  ( 0.000000000000000000, 0.000000000000000000, -1.000000000000000000 ) ) ;
#7239 = ORIENTED_EDGE ( 'NONE', *, *, #4412, .F. ) ;
#7240 = CARTESIAN_POINT ( 'NONE',  ( 4.500000000000000000, 0.000000000000000000, 6.074999999999999289 ) ) ;
#7241 = ADVANCED_FACE ( 'NONE', ( #4289 ), #2898, .F. ) ;
#7242 = CIRCLE ( 'NONE', #1364, 0.2500000000000002220 ) ;
#7243 = B_SPLINE_CURVE_WITH_KNOTS ( 'NONE', 2,
 ( #7526, #1978, #6961, #749 ),
 .UNSPECIFIED., .F., .F.,
 ( 3, 1, 3 ),
 ( -2.000000000000000000, -1.000000000000000000, 0.000000000000000000 ),
 .UNSPECIFIED. ) ;
#7244 = EDGE_CURVE ( 'NONE', #5209, #5723, #558, .T. ) ;
#7245 = LINE ( 'NONE', #6630, #6465 ) ;
#7246 = ORIENTED_EDGE ( 'NONE', *, *, #6645, .T. ) ;
#7247 = ORIENTED_EDGE ( 'NONE', *, *, #300, .F. ) ;
#7248 = ORIENTED_EDGE ( 'NONE', *, *, #4145, .F. ) ;
#7249 = CARTESIAN_POINT ( 'NONE',  ( 1.494844241883630076, 3.513858164762440062, 0.000000000000000000 ) ) ;
#7250 = EDGE_CURVE ( 'NONE', #2914, #4678, #6125, .T. ) ;
#7251 = VECTOR ( 'NONE', #3935, 1000.000000000000000 ) ;
#7252 = DIRECTION ( 'NONE',  ( -0.9103664842201012464, -0.4138029294346911025, 0.000000000000000000 ) ) ;
#7253 = CARTESIAN_POINT ( 'NONE',  ( -4.500000000000000000, 0.4672906105637049667, -6.074999999999999289 ) ) ;
#7254 = DIRECTION ( 'NONE',  ( -1.000000000000000000, 0.000000000000000000, 0.000000000000000000 ) ) ;
#7255 = DIRECTION ( 'NONE',  ( 1.000000000000000000, 0.000000000000000000, 0.000000000000000000 ) ) ;
#7256 = ORIENTED_EDGE ( 'NONE', *, *, #3259, .F. ) ;
#7257 = VECTOR ( 'NONE', #7182, 1000.000000000000000 ) ;
#7258 = ORIENTED_EDGE ( 'NONE', *, *, #4239, .F. ) ;
#7259 = EDGE_CURVE ( 'NONE', #6334, #2216, #4246, .T. ) ;
#7260 = CARTESIAN_POINT ( 'NONE',  ( -4.431932583704670137, 0.07680367431158340030, 6.006932583704670314 ) ) ;
#7261 = DIRECTION ( 'NONE',  ( -1.000000000000000000, 0.000000000000000000, 0.000000000000000000 ) ) ;
#7262 = CARTESIAN_POINT ( 'NONE',  ( -4.500000000000000000, 0.000000000000000000, 6.010957693716120431 ) ) ;
#7263 = VECTOR ( 'NONE', #657, 1000.000000000000000 ) ;
#7264 = CARTESIAN_POINT ( 'NONE',  ( -2.822366577173960334, 3.403029538465190296, 0.1000000000000000056 ) ) ;
#7265 = CARTESIAN_POINT ( 'NONE',  ( -2.370230609872179706, 3.840592109899359841, 0.000000000000000000 ) ) ;
#7266 = CARTESIAN_POINT ( 'NONE',  ( 2.790000000000000036, -3.000608987435080088, -7.732439118436020387 ) ) ;
#7267 = CARTESIAN_POINT ( 'NONE',  ( 0.2500000000000000000, -3.212597670117609994, 7.180121763127949919 ) ) ;
#7268 = CARTESIAN_POINT ( 'NONE',  ( 0.2500000000000000000, -3.250000000000039968, -7.714999999999999858 ) ) ;
#7269 = DIRECTION ( 'NONE',  ( -1.000000000000000000, 0.000000000000000000, 0.000000000000000000 ) ) ;
#7270 = VECTOR ( 'NONE', #5424, 1000.000000000000114 ) ;
#7271 = CARTESIAN_POINT ( 'NONE',  ( 1.280646518564899861, 3.556697709426190013, 0.1000000000000000056 ) ) ;
#7272 = EDGE_LOOP ( 'NONE', ( #3158, #910, #2055, #5776 ) ) ;
#7273 = VERTEX_POINT ( 'NONE', #4204 ) ;
#7274 = ORIENTED_EDGE ( 'NONE', *, *, #2608, .F. ) ;
#7275 = VECTOR ( 'NONE', #4566, 1000.000000000000114 ) ;
#7276 = CARTESIAN_POINT ( 'NONE',  ( -2.231117244740449479, 4.029289341645529987, 0.000000000000000000 ) ) ;
#7277 = VERTEX_POINT ( 'NONE', #8034 ) ;
#7278 = LINE ( 'NONE', #455, #1072 ) ;
#7279 = DIRECTION ( 'NONE',  ( 0.7071067811865495711, 0.7071067811865454633, 0.000000000000000000 ) ) ;
#7280 = ORIENTED_EDGE ( 'NONE', *, *, #1796, .F. ) ;
#7281 = ORIENTED_EDGE ( 'NONE', *, *, #6647, .T. ) ;
#7282 = EDGE_LOOP ( 'NONE', ( #386, #3938, #2027, #4415 ) ) ;
#7283 = DIRECTION ( 'NONE',  ( -1.000000000000000000, 0.000000000000000000, 0.000000000000000000 ) ) ;
#7284 = B_SPLINE_SURFACE_WITH_KNOTS ( 'NONE', 2, 1, ( 
 ( #6267, #1443 ),
 ( #5737, #1406 ),
 ( #3784, #3905 ),
 ( #1986, #5083 ) ),
 .UNSPECIFIED., .F., .F., .F.,
 ( 3, 1, 3 ),
 ( 2, 2 ),
 ( -2.000000000000000000, -1.000000000000000000, 0.000000000000000000 ),
 ( 0.000000000000000000, 0.01000000000000000021 ),
 .UNSPECIFIED. ) ;
#7285 = FACE_OUTER_BOUND ( 'NONE', #4793, .T. ) ;
#7286 = EDGE_CURVE ( 'NONE', #7273, #7491, #6771, .T. ) ;
#7287 = CARTESIAN_POINT ( 'NONE',  ( -1.558624907085859990, 3.394807403769890097, 0.000000000000000000 ) ) ;
#7288 = LINE ( 'NONE', #5521, #7450 ) ;
#7289 = CARTESIAN_POINT ( 'NONE',  ( 2.290000000000000036, -1.221999999999999975, 6.375000000000000000 ) ) ;
#7290 = FACE_OUTER_BOUND ( 'NONE', #4844, .T. ) ;
#7291 = ADVANCED_FACE ( 'NONE', ( #2941 ), #4857, .F. ) ;
#7292 = VERTEX_POINT ( 'NONE', #1749 ) ;
#7293 = VERTEX_POINT ( 'NONE', #1052 ) ;
#7294 = EDGE_LOOP ( 'NONE', ( #1738, #5044, #4923, #1919 ) ) ;
#7295 = CARTESIAN_POINT ( 'NONE',  ( -4.500000000000000000, -1.221999999999999975, 6.074999999999999289 ) ) ;
#7296 = ADVANCED_FACE ( 'NONE', ( #3062 ), #6692, .T. ) ;
#7297 = CARTESIAN_POINT ( 'NONE',  ( -0.7553209939290640440, 3.810104507521910211, 0.000000000000000000 ) ) ;
#7298 = CARTESIAN_POINT ( 'NONE',  ( 2.290000000000000036, -1.471999999999999975, 6.375000000000000000 ) ) ;
#7299 = CARTESIAN_POINT ( 'NONE',  ( -0.2500000000000000000, -1.221999999999999975, -6.375000000000000000 ) ) ;
#7300 = CARTESIAN_POINT ( 'NONE',  ( 4.007005230844689514, -3.000000000000000000, 5.502153264050679837 ) ) ;
#7301 = ADVANCED_FACE ( 'NONE', ( #2402 ), #1808, .T. ) ;
#7302 = VECTOR ( 'NONE', #6274, 1000.000000000000000 ) ;
#7303 = LINE ( 'NONE', #7266, #6225 ) ;
#7304 = CARTESIAN_POINT ( 'NONE',  ( 3.750000000000000000, -0.4500000000000000111, -5.678444480417419449 ) ) ;
#7305 = FACE_OUTER_BOUND ( 'NONE', #1026, .T. ) ;
#7306 = CARTESIAN_POINT ( 'NONE',  ( -0.6892464419900660166, 4.078759279142010641, 0.000000000000000000 ) ) ;
#7307 = ADVANCED_FACE ( 'NONE', ( #3018 ), #7341, .T. ) ;
#7308 = ORIENTED_EDGE ( 'NONE', *, *, #4152, .T. ) ;
#7309 = ORIENTED_EDGE ( 'NONE', *, *, #5507, .T. ) ;
#7310 = ORIENTED_EDGE ( 'NONE', *, *, #2544, .T. ) ;
#7311 = PLANE ( 'NONE',  #3435 ) ;
#7312 = VERTEX_POINT ( 'NONE', #7383 ) ;
#7313 = DIRECTION ( 'NONE',  ( 0.000000000000000000, -1.000000000000000000, 0.000000000000000000 ) ) ;
#7314 = DIRECTION ( 'NONE',  ( 0.000000000000000000, 0.000000000000000000, 1.000000000000000000 ) ) ;
#7315 = CARTESIAN_POINT ( 'NONE',  ( -4.296555519582589966, -3.000000000000000000, 5.994920913255509021 ) ) ;
#7316 = PRESENTATION_LAYER_ASSIGNMENT (  '', '', ( #6795 ) ) ;
#7317 = ORIENTED_EDGE ( 'NONE', *, *, #6561, .F. ) ;
#7318 = ORIENTED_EDGE ( 'NONE', *, *, #1658, .T. ) ;
#7319 = VERTEX_POINT ( 'NONE', #4822 ) ;
#7320 = DIRECTION ( 'NONE',  ( 1.000000000000000000, 0.000000000000000000, 0.000000000000000000 ) ) ;
#7321 = CARTESIAN_POINT ( 'NONE',  ( -0.2500000000000000000, -2.963206657552649670, -7.197560881563960677 ) ) ;
#7322 = DIRECTION ( 'NONE',  ( 0.000000000000000000, 0.000000000000000000, 1.000000000000000000 ) ) ;
#7323 = CARTESIAN_POINT ( 'NONE',  ( -0.7505835578303650113, 4.078759279142010641, 0.1000000000000000056 ) ) ;
#7324 = CIRCLE ( 'NONE', #3934, 0.05250000000000012990 ) ;
#7325 = DIRECTION ( 'NONE',  ( 0.000000000000000000, 0.000000000000000000, 1.000000000000000000 ) ) ;
#7326 = CARTESIAN_POINT ( 'NONE',  ( -2.790000000000000036, -2.757562983323790018, -6.716917506442459995 ) ) ;
#7327 = EDGE_LOOP ( 'NONE', ( #7171, #5162, #4455, #825 ) ) ;
#7328 = ADVANCED_FACE ( 'NONE', ( #1672 ), #5501, .F. ) ;
#7329 = ORIENTED_EDGE ( 'NONE', *, *, #3693, .F. ) ;
#7330 = VERTEX_POINT ( 'NONE', #6161 ) ;
#7331 = VECTOR ( 'NONE', #801, 1000.000000000000000 ) ;
#7332 = DIRECTION ( 'NONE',  ( -1.000000000000000000, 0.000000000000000000, 0.000000000000000000 ) ) ;
#7333 = DIRECTION ( 'NONE',  ( -1.000000000000000000, 0.000000000000000000, 0.000000000000000000 ) ) ;
#7334 = EDGE_CURVE ( 'NONE', #3006, #380, #7303, .T. ) ;
#7335 = DIRECTION ( 'NONE',  ( 0.05226442768871591288, 0.9972646886342371175, 0.05226442768871820271 ) ) ;
#7336 = CIRCLE ( 'NONE', #7078, 0.3745936686793079895 ) ;
#7337 = CARTESIAN_POINT ( 'NONE',  ( 0.9873045517148459904, 3.524749574422719967, 0.1000000000000000056 ) ) ;
#7338 = PLANE ( 'NONE',  #5286 ) ;
#7339 = EDGE_CURVE ( 'NONE', #2787, #2555, #7149, .T. ) ;
#7340 = EDGE_CURVE ( 'NONE', #2390, #2555, #7876, .T. ) ;
#7341 = CYLINDRICAL_SURFACE ( 'NONE', #2842, 0.1299999999999998657 ) ;
#7342 = VECTOR ( 'NONE', #6409, 1000.000000000000000 ) ;
#7343 = ADVANCED_FACE ( 'NONE', ( #4165 ), #6654, .F. ) ;
#7344 = FILL_AREA_STYLE ('',( #6126 ) ) ;
#7345 = CARTESIAN_POINT ( 'NONE',  ( 2.290000000000000036, -1.221999999999999975, -6.375000000000000000 ) ) ;
#7346 = FACE_OUTER_BOUND ( 'NONE', #5882, .T. ) ;
#7347 = CARTESIAN_POINT ( 'NONE',  ( -3.766115253892839743, -3.883792513728000273, 0.000000000000000000 ) ) ;
#7348 = VECTOR ( 'NONE', #3875, 1000.000000000000000 ) ;
#7349 = B_SPLINE_SURFACE_WITH_KNOTS ( 'NONE', 2, 1, ( 
 ( #1487, #2729 ),
 ( #5051, #4532 ),
 ( #6435, #3175 ),
 ( #6926, #3908 ) ),
 .UNSPECIFIED., .F., .F., .F.,
 ( 3, 1, 3 ),
 ( 2, 2 ),
 ( 0.000000000000000000, 1.000000000000000000, 2.000000000000000000 ),
 ( 0.000000000000000000, 0.01000000000000000021 ),
 .UNSPECIFIED. ) ;
#7350 = ORIENTED_EDGE ( 'NONE', *, *, #6883, .T. ) ;
#7351 = ORIENTED_EDGE ( 'NONE', *, *, #6282, .T. ) ;
#7352 = EDGE_CURVE ( 'NONE', #3664, #4306, #767, .T. ) ;
#7353 = AXIS2_PLACEMENT_3D ( 'NONE', #3804, #1221, #1925 ) ;
#7354 = PLANE ( 'NONE',  #6811 ) ;
#7355 = ORIENTED_EDGE ( 'NONE', *, *, #5748, .F. ) ;
#7356 = FACE_OUTER_BOUND ( 'NONE', #2831, .T. ) ;
#7357 = CARTESIAN_POINT ( 'NONE',  ( 1.133249441162520021, 3.842778736502729942, 0.1000000000000000056 ) ) ;
#7358 = LINE ( 'NONE', #6749, #80 ) ;
#7359 = ORIENTED_EDGE ( 'NONE', *, *, #5401, .T. ) ;
#7360 = CIRCLE ( 'NONE', #5940, 0.05249999999999991479 ) ;
#7361 = ORIENTED_EDGE ( 'NONE', *, *, #6330, .F. ) ;
#7362 = ORIENTED_EDGE ( 'NONE', *, *, #7393, .F. ) ;
#7363 = LINE ( 'NONE', #1419, #3097 ) ;
#7364 = CARTESIAN_POINT ( 'NONE',  ( 0.2176449357221190151, 3.424548605548189961, 0.000000000000000000 ) ) ;
#7365 = FACE_OUTER_BOUND ( 'NONE', #6872, .T. ) ;
#7366 = VECTOR ( 'NONE', #5575, 1000.000000000000000 ) ;
#7367 = CARTESIAN_POINT ( 'NONE',  ( 4.296555519582589966, -2.870000000000000107, 5.994920913255509021 ) ) ;
#7368 = DIRECTION ( 'NONE',  ( 1.000000000000000000, 0.000000000000000000, 0.000000000000000000 ) ) ;
#7369 = VERTEX_POINT ( 'NONE', #2606 ) ;
#7370 = ORIENTED_EDGE ( 'NONE', *, *, #6144, .F. ) ;
#7371 = VECTOR ( 'NONE', #1973, 1000.000000000000000 ) ;
#7372 = ORIENTED_EDGE ( 'NONE', *, *, #5004, .F. ) ;
#7373 = AXIS2_PLACEMENT_3D ( 'NONE', #192, #804, #2730 ) ;
#7374 = FACE_OUTER_BOUND ( 'NONE', #297, .T. ) ;
#7375 = CYLINDRICAL_SURFACE ( 'NONE', #2043, 0.05250000000000012990 ) ;
#7376 = DIRECTION ( 'NONE',  ( 0.000000000000000000, 0.000000000000000000, -1.000000000000000000 ) ) ;
#7377 = EDGE_CURVE ( 'NONE', #6140, #5365, #1534, .T. ) ;
#7378 =( BOUNDED_CURVE ( )  B_SPLINE_CURVE ( 3, ( #6292, #3923, #1927, #6871 ),
 .UNSPECIFIED., .F., .F. ) 
 B_SPLINE_CURVE_WITH_KNOTS ( ( 4, 4 ),
 ( 8.457793399432626797E-11, 1.518436449319725323 ),
 .UNSPECIFIED. ) 
 CURVE ( )  GEOMETRIC_REPRESENTATION_ITEM ( )  RATIONAL_B_SPLINE_CURVE ( ( 1.000000000000000000, 0.8169162473415065850, 0.8169162473415065850, 1.000000000000000000 ) ) 
 REPRESENTATION_ITEM ( '' )  );
#7379 = AXIS2_PLACEMENT_3D ( 'NONE', #2223, #4722, #1030 ) ;
#7380 = LINE ( 'NONE', #5574, #6179 ) ;
#7381 = CARTESIAN_POINT ( 'NONE',  ( 1.166649764120700095, 3.331608576447190107, 0.1000000000000000056 ) ) ;
#7382 = VERTEX_POINT ( 'NONE', #1248 ) ;
#7383 = CARTESIAN_POINT ( 'NONE',  ( 1.409165152556139944, 3.398409222363539595, 0.1000000000000000056 ) ) ;
#7384 = FACE_OUTER_BOUND ( 'NONE', #7867, .T. ) ;
#7385 = EDGE_CURVE ( 'NONE', #2135, #6334, #6238, .T. ) ;
#7386 = ADVANCED_FACE ( 'NONE', ( #4410 ), #6361, .T. ) ;
#7387 = DIRECTION ( 'NONE',  ( 0.000000000000000000, 0.9961649871150950464, -0.08749467667225489798 ) ) ;
#7388 = CARTESIAN_POINT ( 'NONE',  ( 1.366325607892399985, 3.366461087360060223, 0.1000000000000000056 ) ) ;
#7389 = LINE ( 'NONE', #4294, #8018 ) ;
#7390 = ADVANCED_FACE ( 'NONE', ( #637 ), #6931, .T. ) ;
#7391 = ORIENTED_EDGE ( 'NONE', *, *, #2708, .F. ) ;
#7392 = EDGE_LOOP ( 'NONE', ( #7815, #6149, #1757, #4223 ) ) ;
#7393 = EDGE_CURVE ( 'NONE', #4347, #1059, #7421, .T. ) ;
#7394 = CARTESIAN_POINT ( 'NONE',  ( 2.206416339688229922, 3.387517812703259690, 0.000000000000000000 ) ) ;
#7395 = COLOUR_RGB ( '',0.8313725490196077761, 0.8313725490196077761, 0.8313725490196077761 ) ;
#7396 = FACE_OUTER_BOUND ( 'NONE', #943, .T. ) ;
#7397 = CARTESIAN_POINT ( 'NONE',  ( 2.206416339688229922, 3.561780367267649794, 0.000000000000000000 ) ) ;
#7398 = CARTESIAN_POINT ( 'NONE',  ( -4.500000000000000000, -1.471999999999999975, -6.074999999999999289 ) ) ;
#7399 = PLANE ( 'NONE',  #5425 ) ;
#7400 = EDGE_CURVE ( 'NONE', #2530, #2798, #4331, .T. ) ;
#7401 = ORIENTED_EDGE ( 'NONE', *, *, #1084, .F. ) ;
#7402 = ORIENTED_EDGE ( 'NONE', *, *, #328, .T. ) ;
#7403 = ORIENTED_EDGE ( 'NONE', *, *, #5739, .T. ) ;
#7404 =( LENGTH_UNIT ( ) NAMED_UNIT ( * ) SI_UNIT ( .MILLI., .METRE. ) );
#7405 = CARTESIAN_POINT ( 'NONE',  ( -2.370230609872179706, 3.840592109899359841, 0.000000000000000000 ) ) ;
#7406 = CARTESIAN_POINT ( 'NONE',  ( 0.02305174979188250040, 3.548710675675319948, 0.000000000000000000 ) ) ;
#7407 = DIRECTION ( 'NONE',  ( 0.000000000000000000, 1.000000000000000000, 0.000000000000000000 ) ) ;
#7408 = DIRECTION ( 'NONE',  ( 0.000000000000000000, 1.000000000000000000, 0.000000000000000000 ) ) ;
#7409 = VERTEX_POINT ( 'NONE', #4489 ) ;
#7410 = VERTEX_POINT ( 'NONE', #6895 ) ;
#7411 = VERTEX_POINT ( 'NONE', #6976 ) ;
#7412 = AXIS2_PLACEMENT_3D ( 'NONE', #298, #5072, #2710 ) ;
#7413 = CARTESIAN_POINT ( 'NONE',  ( 0.1922316465148120046, 3.527653950332130250, 0.000000000000000000 ) ) ;
#7414 = CARTESIAN_POINT ( 'NONE',  ( -2.540000000000000036, -1.678252661663869993, -6.873082493557559403 ) ) ;
#7415 = CARTESIAN_POINT ( 'NONE',  ( 2.126546002179550143, 3.524749574422719967, 0.1000000000000000056 ) ) ;
#7416 = B_SPLINE_SURFACE_WITH_KNOTS ( 'NONE', 2, 1, ( 
 ( #731, #686 ),
 ( #4877, #86 ),
 ( #1147, #6941 ),
 ( #5754, #3186 ) ),
 .UNSPECIFIED., .F., .F., .F.,
 ( 3, 1, 3 ),
 ( 2, 2 ),
 ( -2.000000000000000000, -1.000000000000000000, 0.000000000000000000 ),
 ( 0.000000000000000000, 0.01000000000000000021 ),
 .UNSPECIFIED. ) ;
#7417 = LINE ( 'NONE', #3709, #5519 ) ;
#7418 = FACE_OUTER_BOUND ( 'NONE', #6482, .T. ) ;
#7419 = EDGE_LOOP ( 'NONE', ( #54, #1967, #5455, #1233 ) ) ;
#7420 = VECTOR ( 'NONE', #808, 1000.000000000000000 ) ;
#7421 = LINE ( 'NONE', #5745, #645 ) ;
#7422 = DIRECTION ( 'NONE',  ( 0.000000000000000000, 1.000000000000000000, 0.000000000000000000 ) ) ;
#7423 = DIRECTION ( 'NONE',  ( 0.000000000000000000, -1.000000000000000000, -3.469446951953610245E-15 ) ) ;
#7424 = DIRECTION ( 'NONE',  ( -1.133806193448889744E-16, 0.000000000000000000, -1.000000000000000000 ) ) ;
#7425 = CARTESIAN_POINT ( 'NONE',  ( -1.936507543767990169, 4.062959866424269428, 0.1000000000000000056 ) ) ;
#7426 = ORIENTED_EDGE ( 'NONE', *, *, #7440, .F. ) ;
#7427 = EDGE_CURVE ( 'NONE', #7831, #2778, #3788, .T. ) ;
#7428 = ORIENTED_EDGE ( 'NONE', *, *, #6061, .T. ) ;
#7429 = LINE ( 'NONE', #7276, #2901 ) ;
#7430 = CARTESIAN_POINT ( 'NONE',  ( 0.008529870244849970320, 3.330882482469830208, 0.000000000000000000 ) ) ;
#7431 = DIRECTION ( 'NONE',  ( 0.000000000000000000, 0.000000000000000000, 1.000000000000000000 ) ) ;
#7432 = CARTESIAN_POINT ( 'NONE',  ( 1.950831259660459782, 3.911757664351140029, 0.1000000000000000056 ) ) ;
#7433 = CARTESIAN_POINT ( 'NONE',  ( 2.290000000000000036, -2.713815644987700004, 7.214999999999999858 ) ) ;
#7434 = ORIENTED_EDGE ( 'NONE', *, *, #7110, .T. ) ;
#7435 = ADVANCED_FACE ( 'NONE', ( #5620 ), #5706, .T. ) ;
#7436 = ORIENTED_EDGE ( 'NONE', *, *, #4934, .T. ) ;
#7437 = ADVANCED_FACE ( 'NONE', ( #154 ), #6315, .F. ) ;
#7438 = ORIENTED_EDGE ( 'NONE', *, *, #969, .F. ) ;
#7439 = DIRECTION ( 'NONE',  ( 0.000000000000000000, 0.000000000000000000, 1.000000000000000000 ) ) ;
#7440 = EDGE_CURVE ( 'NONE', #653, #5568, #599, .T. ) ;
#7441 = CARTESIAN_POINT ( 'NONE',  ( 0.07315223422914499118, 3.505871131011580211, 0.1000000000000000056 ) ) ;
#7442 =( NAMED_UNIT ( * ) SI_UNIT ( $, .STERADIAN. ) SOLID_ANGLE_UNIT ( ) );
#7443 = CARTESIAN_POINT ( 'NONE',  ( -0.3472561786574480114, 3.787595594224010043, 0.000000000000000000 ) ) ;
#7444 = VECTOR ( 'NONE', #3131, 1000.000000000000114 ) ;
#7445 = DIRECTION ( 'NONE',  ( 0.000000000000000000, 0.000000000000000000, -1.000000000000000000 ) ) ;
#7446 = ORIENTED_EDGE ( 'NONE', *, *, #3103, .T. ) ;
#7447 = ORIENTED_EDGE ( 'NONE', *, *, #5077, .T. ) ;
#7448 = ORIENTED_EDGE ( 'NONE', *, *, #6903, .F. ) ;
#7449 = DIRECTION ( 'NONE',  ( 0.000000000000000000, 1.000000000000000000, -3.469446951953610245E-15 ) ) ;
#7450 = VECTOR ( 'NONE', #4228, 1000.000000000000114 ) ;
#7451 = CARTESIAN_POINT ( 'NONE',  ( 0.9597129805754840426, 3.364282805428009837, 0.1000000000000000056 ) ) ;
#7452 = EDGE_CURVE ( 'NONE', #6460, #5938, #721, .T. ) ;
#7453 = CARTESIAN_POINT ( 'NONE',  ( -2.216873242404680422, 3.832454365618560121, 0.000000000000000000 ) ) ;
#7454 = DIRECTION ( 'NONE',  ( 0.000000000000000000, 1.000000000000000000, 0.000000000000000000 ) ) ;
#7455 = DIRECTION ( 'NONE',  ( 0.000000000000000000, 7.228014483236570338E-16, 1.000000000000000000 ) ) ;
#7456 = ORIENTED_EDGE ( 'NONE', *, *, #6934, .F. ) ;
#7457 = VECTOR ( 'NONE', #1595, 1000.000000000000341 ) ;
#7458 = DIRECTION ( 'NONE',  ( 0.000000000000000000, 0.000000000000000000, 1.000000000000000000 ) ) ;
#7459 = UNCERTAINTY_MEASURE_WITH_UNIT (LENGTH_MEASURE( 1.000000000000000082E-05 ), #2321, 'distance_accuracy_value', 'NONE');
#7460 = CARTESIAN_POINT ( 'NONE',  ( 0.9190517178437930257, 3.820995917182180346, 0.000000000000000000 ) ) ;
#7461 = VECTOR ( 'NONE', #3507, 1000.000000000000000 ) ;
#7462 = CARTESIAN_POINT ( 'NONE',  ( 1.305333713794860184, 4.043906768229130755, 0.000000000000000000 ) ) ;
#7463 = CARTESIAN_POINT ( 'NONE',  ( -2.790000000000000036, -1.471999999999999975, -6.375000000000000000 ) ) ;
#7464 = CARTESIAN_POINT ( 'NONE',  ( 1.993670804324199963, 3.331608576447190107, 0.1000000000000000056 ) ) ;
#7465 = ORIENTED_EDGE ( 'NONE', *, *, #4470, .T. ) ;
#7466 = VERTEX_POINT ( 'NONE', #5055 ) ;
#7467 = CLOSED_SHELL ( 'NONE', ( #4341, #7146, #1097, #4057, #1337, #4420, #7151, #2615, #1289, #399, #5846, #2195, #1046, #3101 ) ) ;
#7468 = CARTESIAN_POINT ( 'NONE',  ( -2.544217664878503093, 4.933636468481078730, 0.1000000000000000056 ) ) ;
#7469 = B_SPLINE_CURVE_WITH_KNOTS ( 'NONE', 2,
 ( #143, #269, #4527, #5911 ),
 .UNSPECIFIED., .F., .F.,
 ( 3, 1, 3 ),
 ( -2.000000000000000000, -1.000000000000000000, 0.000000000000000000 ),
 .UNSPECIFIED. ) ;
#7470 = EDGE_CURVE ( 'NONE', #6624, #6116, #7502, .T. ) ;
#7471 = CIRCLE ( 'NONE', #3310, 0.05250000000000007438 ) ;
#7472 = ORIENTED_EDGE ( 'NONE', *, *, #1429, .F. ) ;
#7473 = LINE ( 'NONE', #126, #6663 ) ;
#7474 = DIRECTION ( 'NONE',  ( 0.7071067811865516806, 0.7071067811865433539, 0.000000000000000000 ) ) ;
#7475 = ORIENTED_EDGE ( 'NONE', *, *, #752, .F. ) ;
#7476 = VERTEX_POINT ( 'NONE', #3178 ) ;
#7477 = ORIENTED_EDGE ( 'NONE', *, *, #3605, .T. ) ;
#7478 = VECTOR ( 'NONE', #4506, 1000.000000000000114 ) ;
#7479 = CARTESIAN_POINT ( 'NONE',  ( -1.884007543767990178, 3.823340976527359825, 0.1000000000000000056 ) ) ;
#7480 = CARTESIAN_POINT ( 'NONE',  ( -1.831507543767989965, 3.875840976527360038, 0.1000000000000000056 ) ) ;
#7481 = EDGE_CURVE ( 'NONE', #5601, #6025, #1285, .T. ) ;
#7482 = EDGE_CURVE ( 'NONE', #4792, #3297, #1292, .T. ) ;
#7483 = DIRECTION ( 'NONE',  ( 0.000000000000000000, 1.000000000000000000, -7.228014483236570338E-16 ) ) ;
#7484 = DIRECTION ( 'NONE',  ( 1.130700638968989854E-16, -5.925750952228049337E-18, 1.000000000000000000 ) ) ;
#7485 = CYLINDRICAL_SURFACE ( 'NONE', #3839, 0.05250000000000010214 ) ;
#7486 = VECTOR ( 'NONE', #2629, 1000.000000000000000 ) ;
#7487 = CARTESIAN_POINT ( 'NONE',  ( -1.373313152889976019, 3.752562337631996758, 0.000000000000000000 ) ) ;
#7488 = ORIENTED_EDGE ( 'NONE', *, *, #5540, .T. ) ;
#7489 = VERTEX_POINT ( 'NONE', #4700 ) ;
#7490 = ADVANCED_FACE ( 'NONE', ( #7181 ), #5877, .T. ) ;
#7491 = VERTEX_POINT ( 'NONE', #848 ) ;
#7492 = CARTESIAN_POINT ( 'NONE',  ( 2.180276956503570229, 3.377352497020340127, 0.000000000000000000 ) ) ;
#7493 = VECTOR ( 'NONE', #1708, 1000.000000000000341 ) ;
#7494 = CARTESIAN_POINT ( 'NONE',  ( -3.877183391326589845, -2.876803674311580572, 6.001377359100669828 ) ) ;
#7495 = CARTESIAN_POINT ( 'NONE',  ( 1.368503889824450148, 3.871822495596799918, 0.000000000000000000 ) ) ;
#7496 = DIRECTION ( 'NONE',  ( -1.000000000000000000, 0.000000000000000000, 0.000000000000000000 ) ) ;
#7497 = FACE_BOUND ( 'NONE', #3743, .T. ) ;
#7498 = STYLED_ITEM ( 'NONE', ( #4899 ), #4245 ) ;
#7499 = VERTEX_POINT ( 'NONE', #1585 ) ;
#7500 = VECTOR ( 'NONE', #663, 1000.000000000000000 ) ;
#7501 = ADVANCED_FACE ( 'NONE', ( #278 ), #1493, .F. ) ;
#7502 = LINE ( 'NONE', #1912, #1695 ) ;
#7503 = CARTESIAN_POINT ( 'NONE',  ( -1.831507543767989965, 3.875840976527360038, 0.000000000000000000 ) ) ;
#7504 = VECTOR ( 'NONE', #4915, 1000.000000000000000 ) ;
#7505 = CARTESIAN_POINT ( 'NONE',  ( -2.290000000000000036, -1.471999999999999975, 6.074999999999999289 ) ) ;
#7506 = DIRECTION ( 'NONE',  ( 0.000000000000000000, 0.06975647374412541346, -0.9975640502598241977 ) ) ;
#7507 = B_SPLINE_CURVE_WITH_KNOTS ( 'NONE', 2,
 ( #1535, #1106, #8009, #2232 ),
 .UNSPECIFIED., .F., .F.,
 ( 3, 1, 3 ),
 ( -2.000000000000000000, -1.000000000000000000, 0.000000000000000000 ),
 .UNSPECIFIED. ) ;
#7508 = ORIENTED_EDGE ( 'NONE', *, *, #6691, .T. ) ;
#7509 = AXIS2_PLACEMENT_3D ( 'NONE', #4483, #3866, #6355 ) ;
#7510 = VERTEX_POINT ( 'NONE', #3912 ) ;
#7511 = DIRECTION ( 'NONE',  ( -1.000000000000000000, 0.000000000000000000, 0.000000000000000000 ) ) ;
#7512 = AXIS2_PLACEMENT_3D ( 'NONE', #2804, #999, #1620 ) ;
#7513 = ORIENTED_EDGE ( 'NONE', *, *, #2162, .F. ) ;
#7514 = CARTESIAN_POINT ( 'NONE',  ( -0.6536678370998361132, 3.643102892731029829, 0.1000000000000000056 ) ) ;
#7515 = DIRECTION ( 'NONE',  ( 1.000000000000000000, 0.000000000000000000, 0.000000000000000000 ) ) ;
#7516 = FACE_OUTER_BOUND ( 'NONE', #4350, .T. ) ;
#7517 = ORIENTED_EDGE ( 'NONE', *, *, #114, .T. ) ;
#7518 = B_SPLINE_CURVE_WITH_KNOTS ( 'NONE', 2,
 ( #622, #3122, #1892, #4391 ),
 .UNSPECIFIED., .F., .F.,
 ( 3, 1, 3 ),
 ( -2.000000000000000000, -1.000000000000000000, 0.000000000000000000 ),
 .UNSPECIFIED. ) ;
#7519 = ORIENTED_EDGE ( 'NONE', *, *, #3108, .F. ) ;
#7520 = ORIENTED_EDGE ( 'NONE', *, *, #8, .T. ) ;
#7521 = CYLINDRICAL_SURFACE ( 'NONE', #2166, 0.4999999999999995559 ) ;
#7522 = CARTESIAN_POINT ( 'NONE',  ( 2.290000000000000036, -2.963206657552649670, 7.197560881563960677 ) ) ;
#7523 = DIRECTION ( 'NONE',  ( 0.000000000000000000, 0.000000000000000000, 1.000000000000000000 ) ) ;
#7524 = CARTESIAN_POINT ( 'NONE',  ( 0.02305174979188250040, 3.548710675675319948, 0.000000000000000000 ) ) ;
#7525 = CARTESIAN_POINT ( 'NONE',  ( -2.790000000000000036, -1.700126330831939869, 6.624041246778779701 ) ) ;
#7526 = CARTESIAN_POINT ( 'NONE',  ( -0.5382188947009269864, 3.957501584924290050, 0.1000000000000000056 ) ) ;
#7527 = VERTEX_POINT ( 'NONE', #2163 ) ;
#7528 = AXIS2_PLACEMENT_3D ( 'NONE', #4579, #856, #7188 ) ;
#7529 = ORIENTED_EDGE ( 'NONE', *, *, #501, .T. ) ;
#7530 = ORIENTED_EDGE ( 'NONE', *, *, #702, .T. ) ;
#7531 = CARTESIAN_POINT ( 'NONE',  ( -0.09167109862967480483, 3.330882482469830208, 0.1000000000000000056 ) ) ;
#7532 = DIRECTION ( 'NONE',  ( 0.000000000000000000, -0.9975640502598295267, -0.06975647374404865542 ) ) ;
#7533 = LINE ( 'NONE', #6925, #7576 ) ;
#7534 = EDGE_CURVE ( 'NONE', #2102, #7489, #7793, .T. ) ;
#7535 = LINE ( 'NONE', #716, #1870 ) ;
#7536 = DIRECTION ( 'NONE',  ( 0.000000000000000000, -7.228014483236570338E-16, -1.000000000000000000 ) ) ;
#7537 = VERTEX_POINT ( 'NONE', #5790 ) ;
#7538 = EDGE_CURVE ( 'NONE', #6910, #6665, #4656, .T. ) ;
#7539 = DIRECTION ( 'NONE',  ( 1.000000000000000000, 0.000000000000000000, 0.000000000000000000 ) ) ;
#7540 = DIRECTION ( 'NONE',  ( 0.000000000000000000, 0.000000000000000000, 1.000000000000000000 ) ) ;
#7541 = UNCERTAINTY_MEASURE_WITH_UNIT (LENGTH_MEASURE( 1.000000000000000082E-05 ), #3954, 'distance_accuracy_value', 'NONE');
#7542 = EDGE_CURVE ( 'NONE', #3107, #4358, #4036, .T. ) ;
#7543 = CARTESIAN_POINT ( 'NONE',  ( 1.820860437714520108, 3.518940822603910057, 0.1000000000000000056 ) ) ;
#7544 = CARTESIAN_POINT ( 'NONE',  ( -0.2042156651191769923, 3.585741468520259989, 0.1000000000000000056 ) ) ;
#7545 = ORIENTED_EDGE ( 'NONE', *, *, #2167, .T. ) ;
#7546 = VERTEX_POINT ( 'NONE', #3994 ) ;
#7547 = CARTESIAN_POINT ( 'NONE',  ( -0.5774279694779149708, 3.846409206389489910, 0.1000000000000000056 ) ) ;
#7548 = EDGE_CURVE ( 'NONE', #4990, #236, #4077, .T. ) ;
#7549 = DIRECTION ( 'NONE',  ( 0.000000000000000000, 0.06975647374412541346, 0.9975640502598241977 ) ) ;
#7550 = ORIENTED_EDGE ( 'NONE', *, *, #2533, .F. ) ;
#7551 = CARTESIAN_POINT ( 'NONE',  ( -0.6057456345946280463, 3.643102892731029829, 0.000000000000000000 ) ) ;
#7552 = DIRECTION ( 'NONE',  ( 0.000000000000000000, -1.000000000000000000, 0.000000000000000000 ) ) ;
#7553 = FACE_OUTER_BOUND ( 'NONE', #3564, .T. ) ;
#7554 = EDGE_LOOP ( 'NONE', ( #1303, #1426, #994, #3542 ) ) ;
#7555 = ORIENTED_EDGE ( 'NONE', *, *, #7935, .T. ) ;
#7556 = ORIENTED_EDGE ( 'NONE', *, *, #7741, .T. ) ;
#7557 = SHAPE_DEFINITION_REPRESENTATION ( #3446, #690 ) ;
#7558 = CARTESIAN_POINT ( 'NONE',  ( -2.540000000000000036, -3.212597670117609994, -7.180121763127949919 ) ) ;
#7559 = DIRECTION ( 'NONE',  ( -0.7071067811865661135, -0.7071067811865290320, 0.000000000000000000 ) ) ;
#7560 = FACE_OUTER_BOUND ( 'NONE', #3691, .T. ) ;
#7561 = CARTESIAN_POINT ( 'NONE',  ( -2.023770506913039835, 4.029289341645529987, 0.000000000000000000 ) ) ;
#7562 = FACE_OUTER_BOUND ( 'NONE', #7642, .T. ) ;
#7563 = CARTESIAN_POINT ( 'NONE',  ( 1.409165152556139944, 3.398409222363539595, 0.1000000000000000056 ) ) ;
#7564 = ORIENTED_EDGE ( 'NONE', *, *, #1621, .T. ) ;
#7565 = ORIENTED_EDGE ( 'NONE', *, *, #2054, .T. ) ;
#7566 = VERTEX_POINT ( 'NONE', #195 ) ;
#7567 = CARTESIAN_POINT ( 'NONE',  ( 1.280646518564899861, 3.533462702150940160, 0.000000000000000000 ) ) ;
#7568 = CARTESIAN_POINT ( 'NONE',  ( 2.061923638195259922, 4.046811144138540151, 0.1000000000000000056 ) ) ;
#7569 = FACE_OUTER_BOUND ( 'NONE', #6661, .T. ) ;
#7570 = VECTOR ( 'NONE', #649, 1000.000000000000000 ) ;
#7571 = DIRECTION ( 'NONE',  ( 1.000000000000000000, 0.000000000000000000, 0.000000000000000000 ) ) ;
#7572 = EDGE_CURVE ( 'NONE', #3780, #3297, #3475, .T. ) ;
#7573 = DIRECTION ( 'NONE',  ( 0.000000000000000000, -1.000000000000000000, 0.000000000000000000 ) ) ;
#7574 = CARTESIAN_POINT ( 'NONE',  ( -4.500000000000000000, -1.471999999999999975, -6.074999999999999289 ) ) ;
#7575 = VERTEX_POINT ( 'NONE', #2201 ) ;
#7576 = VECTOR ( 'NONE', #758, 1000.000000000000000 ) ;
#7577 = EDGE_CURVE ( 'NONE', #6624, #6706, #5134, .T. ) ;
#7578 = DIRECTION ( 'NONE',  ( 0.000000000000000000, 0.7253743710122905197, -0.6883545756937508031 ) ) ;
#7579 = SURFACE_STYLE_USAGE ( .BOTH. , #117 ) ;
#7580 =( LENGTH_UNIT ( ) NAMED_UNIT ( * ) SI_UNIT ( .MILLI., .METRE. ) );
#7581 = ADVANCED_FACE ( 'NONE', ( #2117 ), #7141, .F. ) ;
#7582 = VECTOR ( 'NONE', #1974, 1000.000000000000114 ) ;
#7583 = EDGE_CURVE ( 'NONE', #3309, #7221, #4574, .T. ) ;
#7584 = DIRECTION ( 'NONE',  ( 1.000000000000000000, 0.000000000000000000, 0.000000000000000000 ) ) ;
#7585 = PLANE ( 'NONE',  #2813 ) ;
#7586 = EDGE_LOOP ( 'NONE', ( #7809, #1177, #4173, #3447 ) ) ;
#7587 = ORIENTED_EDGE ( 'NONE', *, *, #315, .F. ) ;
#7588 = EDGE_CURVE ( 'NONE', #3007, #523, #1541, .T. ) ;
#7589 = CARTESIAN_POINT ( 'NONE',  ( 4.007005230844689514, -2.870000000000000107, 5.994920913255509021 ) ) ;
#7590 = VECTOR ( 'NONE', #7111, 1000.000000000000000 ) ;
#7591 = CARTESIAN_POINT ( 'NONE',  ( -1.986647400900745986, 4.013912447657824067, 0.000000000000000000 ) ) ;
#7592 = LINE ( 'NONE', #3963, #4216 ) ;
#7593 = CARTESIAN_POINT ( 'NONE',  ( -0.4946532560598290162, 3.672872745802449934, 0.000000000000000000 ) ) ;
#7594 = CIRCLE ( 'NONE', #4344, 0.05250000000000001193 ) ;
#7595 = DIRECTION ( 'NONE',  ( 1.000000000000000000, 0.000000000000000000, 0.000000000000000000 ) ) ;
#7596 = CARTESIAN_POINT ( 'NONE',  ( -1.971270506913040066, 3.976789341645530218, 0.1000000000000000056 ) ) ;
#7597 = ORIENTED_EDGE ( 'NONE', *, *, #1658, .F. ) ;
#7598 = ORIENTED_EDGE ( 'NONE', *, *, #4769, .F. ) ;
#7599 = ORIENTED_EDGE ( 'NONE', *, *, #2862, .F. ) ;
#7600 = EDGE_CURVE ( 'NONE', #1427, #265, #7667, .T. ) ;
#7601 = CLOSED_SHELL ( 'NONE', ( #3255, #3711, #1995, #2400, #4950, #4046, #205, #897, #1456, #4052, #5550, #3352, #7241, #2004 ) ) ;
#7602 = CARTESIAN_POINT ( 'NONE',  ( -0.2500000000000000000, -3.250000000000039968, -7.714999999999999858 ) ) ;
#7603 = DIRECTION ( 'NONE',  ( 0.000000000000000000, -0.9961649871150949354, 0.08749467667225570289 ) ) ;
#7604 = VERTEX_POINT ( 'NONE', #6527 ) ;
#7605 = CARTESIAN_POINT ( 'NONE',  ( 1.941392037954889904, 3.331608576447190107, 0.1000000000000000056 ) ) ;
#7606 = CARTESIAN_POINT ( 'NONE',  ( 1.759142449639629957, 3.837696078661270160, 0.000000000000000000 ) ) ;
#7607 = CARTESIAN_POINT ( 'NONE',  ( 1.756238073730219895, 3.647459456595139926, 0.000000000000000000 ) ) ;
#7608 = EDGE_LOOP ( 'NONE', ( #1649, #3762, #7118, #944 ) ) ;
#7609 = AXIS2_PLACEMENT_3D ( 'NONE', #7299, #478, #4039 ) ;
#7610 = ORIENTED_EDGE ( 'NONE', *, *, #5138, .T. ) ;
#7611 = VERTEX_POINT ( 'NONE', #4535 ) ;
#7612 = CARTESIAN_POINT ( 'NONE',  ( -2.315229264888200245, 3.807923637544230022, 0.000000000000000000 ) ) ;
#7613 = CYLINDRICAL_SURFACE ( 'NONE', #2854, 0.1299999999999998657 ) ;
#7614 = CARTESIAN_POINT ( 'NONE',  ( -0.7712950614308000663, 4.078759279142010641, 0.000000000000000000 ) ) ;
#7615 = CARTESIAN_POINT ( 'NONE',  ( 1.159388824347180158, 4.043906768229130755, 0.000000000000000000 ) ) ;
#7616 = STYLED_ITEM ( 'NONE', ( #5976 ), #1379 ) ;
#7617 = DIRECTION ( 'NONE',  ( 0.000000000000000000, 0.000000000000000000, 1.000000000000000000 ) ) ;
#7618 = CARTESIAN_POINT ( 'NONE',  ( 2.218759937303210084, 3.647459456595139926, 0.000000000000000000 ) ) ;
#7619 = CARTESIAN_POINT ( 'NONE',  ( -2.540000000000000036, -2.713815644987700004, -7.214999999999999858 ) ) ;
#7620 = ORIENTED_EDGE ( 'NONE', *, *, #1176, .F. ) ;
#7621 = EDGE_CURVE ( 'NONE', #4873, #5626, #323, .T. ) ;
#7622 = CARTESIAN_POINT ( 'NONE',  ( -2.023770506913039835, 3.976789341645530218, 0.000000000000000000 ) ) ;
#7623 =( LENGTH_UNIT ( ) NAMED_UNIT ( * ) SI_UNIT ( .MILLI., .METRE. ) );
#7624 = UNCERTAINTY_MEASURE_WITH_UNIT (LENGTH_MEASURE( 1.000000000000000082E-05 ), #1, 'distance_accuracy_value', 'NONE');
#7625 = CARTESIAN_POINT ( 'NONE',  ( -2.790000000000000036, -1.471999999999999975, -6.375000000000000000 ) ) ;
#7626 = VECTOR ( 'NONE', #7506, 1000.000000000000114 ) ;
#7627 = CARTESIAN_POINT ( 'NONE',  ( -2.281047728045660250, 4.115459866424270530, 0.1000000000000000056 ) ) ;
#7628 = CARTESIAN_POINT ( 'NONE',  ( -2.213916905234190047, 3.791601342545180220, 0.000000000000000000 ) ) ;
#7629 = ORIENTED_EDGE ( 'NONE', *, *, #4157, .F. ) ;
#7630 = EDGE_CURVE ( 'NONE', #490, #1942, #6439, .T. ) ;
#7631 = DIRECTION ( 'NONE',  ( 0.000000000000000000, 0.000000000000000000, 1.000000000000000000 ) ) ;
#7632 = AXIS2_PLACEMENT_3D ( 'NONE', #5486, #4231, #4962 ) ;
#7633 = EDGE_CURVE ( 'NONE', #7925, #6246, #175, .T. ) ;
#7634 = LINE ( 'NONE', #7024, #7590 ) ;
#7635 = CARTESIAN_POINT ( 'NONE',  ( 0.2176449357221190151, 3.546532393743270006, 0.000000000000000000 ) ) ;
#7636 = CARTESIAN_POINT ( 'NONE',  ( 9.540979117872440597E-15, -1.678252661663869993, -6.873082493557559403 ) ) ;
#7637 = ADVANCED_FACE ( 'NONE', ( #238 ), #3517, .T. ) ;
#7638 = VECTOR ( 'NONE', #2050, 1000.000000000000000 ) ;
#7639 = DIRECTION ( 'NONE',  ( 1.000000000000000000, 0.000000000000000000, 0.000000000000000000 ) ) ;
#7640 = LINE ( 'NONE', #5107, #2954 ) ;
#7641 = VERTEX_POINT ( 'NONE', #2855 ) ;
#7642 = EDGE_LOOP ( 'NONE', ( #2144, #3653, #184, #927 ) ) ;
#7643 = ORIENTED_EDGE ( 'NONE', *, *, #4119, .F. ) ;
#7644 = EDGE_CURVE ( 'NONE', #5323, #3286, #4849, .T. ) ;
#7645 = AXIS2_PLACEMENT_3D ( 'NONE', #5699, #109, #6390 ) ;
#7646 = CARTESIAN_POINT ( 'NONE',  ( -2.652658068047089923, 3.134570180137459694, 0.000000000000000000 ) ) ;
#7647 = CARTESIAN_POINT ( 'NONE',  ( -2.269236315999150211, 3.828665101344280064, 0.1000000000000000056 ) ) ;
#7648 = VERTEX_POINT ( 'NONE', #7910 ) ;
#7649 = CARTESIAN_POINT ( 'NONE',  ( 0.007803776267498349975, 3.638020234889570048, 0.000000000000000000 ) ) ;
#7650 = EDGE_CURVE ( 'NONE', #7566, #535, #2889, .T. ) ;
#7651 = CARTESIAN_POINT ( 'NONE',  ( 1.890565459540270110, 3.911757664351140029, 0.000000000000000000 ) ) ;
#7652 = CARTESIAN_POINT ( 'NONE',  ( 0.4282121891540919822, 4.025754418795340683, 0.000000000000000000 ) ) ;
#7653 = ORIENTED_EDGE ( 'NONE', *, *, #4573, .F. ) ;
#7654 = ORIENTED_EDGE ( 'NONE', *, *, #664, .T. ) ;
#7655 = EDGE_LOOP ( 'NONE', ( #2721, #7107, #6253, #5518 ) ) ;
#7656 = ORIENTED_EDGE ( 'NONE', *, *, #7790, .T. ) ;
#7657 = DIRECTION ( 'NONE',  ( 0.000000000000000000, 0.000000000000000000, 1.000000000000000000 ) ) ;
#7658 = LINE ( 'NONE', #1365, #3742 ) ;
#7659 = CYLINDRICAL_SURFACE ( 'NONE', #4589, 0.1300000000000001710 ) ;
#7660 = DIRECTION ( 'NONE',  ( 0.000000000000000000, 0.000000000000000000, 1.000000000000000000 ) ) ;
#7661 = ADVANCED_FACE ( 'NONE', ( #7374 ), #5459, .F. ) ;
#7662 = AXIS2_PLACEMENT_3D ( 'NONE', #1960, #4499, #2422 ) ;
#7663 = FACE_OUTER_BOUND ( 'NONE', #6416, .T. ) ;
#7664 = CARTESIAN_POINT ( 'NONE',  ( -4.419920913255519501, -3.000000000000000000, -6.074999999999999289 ) ) ;
#7665 = ORIENTED_EDGE ( 'NONE', *, *, #4658, .T. ) ;
#7666 = VECTOR ( 'NONE', #186, 1000.000000000000227 ) ;
#7667 = LINE ( 'NONE', #5263, #2584 ) ;
#7668 = CARTESIAN_POINT ( 'NONE',  ( 0.008529870244849970320, 3.330882482469830208, 0.1000000000000000056 ) ) ;
#7669 = FILL_AREA_STYLE_COLOUR ( '', #2765 ) ;
#7670 = FACE_OUTER_BOUND ( 'NONE', #6359, .T. ) ;
#7671 = CARTESIAN_POINT ( 'NONE',  ( -2.790000000000000036, -3.000608987435080088, 7.732439118436020387 ) ) ;
#7672 = ORIENTED_EDGE ( 'NONE', *, *, #1551, .T. ) ;
#7673 = CARTESIAN_POINT ( 'NONE',  ( 1.368503889824450148, 3.871822495596799918, 0.1000000000000000056 ) ) ;
#7674 = DIRECTION ( 'NONE',  ( -1.000000000000000000, 0.000000000000000000, 0.000000000000000000 ) ) ;
#7675 = CARTESIAN_POINT ( 'NONE',  ( 0.2500000000000000000, -1.700126330831939869, -6.624041246778779701 ) ) ;
#7676 = CARTESIAN_POINT ( 'NONE',  ( 2.790000000000000036, -1.471999999999999975, -6.375000000000000000 ) ) ;
#7677 = EDGE_CURVE ( 'NONE', #790, #3608, #1781, .T. ) ;
#7678 = CARTESIAN_POINT ( 'NONE',  ( -4.140708922572147621, -3.883792513728000273, 0.000000000000000000 ) ) ;
#7679 = B_SPLINE_CURVE_WITH_KNOTS ( 'NONE', 2,
 ( #1776, #1116, #467, #4841 ),
 .UNSPECIFIED., .F., .F.,
 ( 3, 1, 3 ),
 ( 0.000000000000000000, 1.000000000000000000, 2.000000000000000000 ),
 .UNSPECIFIED. ) ;
#7680 = CARTESIAN_POINT ( 'NONE',  ( 0.5894050521261530173, 3.349760925880980178, 0.1000000000000000056 ) ) ;
#7681 = EDGE_LOOP ( 'NONE', ( #5478, #8064, #129, #6589 ) ) ;
#7682 = ORIENTED_EDGE ( 'NONE', *, *, #2436, .F. ) ;
#7683 = ORIENTED_EDGE ( 'NONE', *, *, #3950, .T. ) ;
#7684 = EDGE_CURVE ( 'NONE', #4358, #4026, #5379, .T. ) ;
#7685 = PRODUCT_CONTEXT ( 'NONE', #1833, 'mechanical' ) ;
#7686 = CARTESIAN_POINT ( 'NONE',  ( -2.290000000000000036, -1.471999999999999975, -6.074999999999999289 ) ) ;
#7687 = ORIENTED_EDGE ( 'NONE', *, *, #5705, .T. ) ;
#7688 = CARTESIAN_POINT ( 'NONE',  ( -0.2500000000000000000, -3.000608987435080088, 7.732439118436020387 ) ) ;
#7689 = LINE ( 'NONE', #1522, #4236 ) ;
#7690 = EDGE_CURVE ( 'NONE', #5328, #5609, #763, .T. ) ;
#7691 = EDGE_CURVE ( 'NONE', #3378, #5392, #2391, .T. ) ;
#7692 = DIRECTION ( 'NONE',  ( -1.000000000000000000, 0.000000000000000000, 0.000000000000000000 ) ) ;
#7693 = ORIENTED_EDGE ( 'NONE', *, *, #4919, .T. ) ;
#7694 = ORIENTED_EDGE ( 'NONE', *, *, #7884, .F. ) ;
#7695 = ORIENTED_EDGE ( 'NONE', *, *, #6285, .T. ) ;
#7696 = EDGE_LOOP ( 'NONE', ( #5198, #2000, #750, #7079 ) ) ;
#7697 = LINE ( 'NONE', #2679, #3423 ) ;
#7698 = EDGE_CURVE ( 'NONE', #3107, #5907, #4373, .T. ) ;
#7699 = CARTESIAN_POINT ( 'NONE',  ( 1.021430968650369975, 3.509501600898329965, 0.000000000000000000 ) ) ;
#7700 = CARTESIAN_POINT ( 'NONE',  ( 0.007803776267498309209, 3.690299001258890321, 0.1000000000000000056 ) ) ;
#7701 = CARTESIAN_POINT ( 'NONE',  ( 1.133249441162520021, 3.868192025710039950, 0.000000000000000000 ) ) ;
#7702 = LINE ( 'NONE', #2111, #1191 ) ;
#7703 = DIRECTION ( 'NONE',  ( -1.000000000000000000, 0.000000000000000000, 0.000000000000000000 ) ) ;
#7704 = CARTESIAN_POINT ( 'NONE',  ( -3.877183391326589845, -2.876803674311580572, -3.824999999999999734 ) ) ;
#7705 = ORIENTED_EDGE ( 'NONE', *, *, #6242, .T. ) ;
#7706 = EDGE_CURVE ( 'NONE', #4018, #6334, #108, .T. ) ;
#7707 = CARTESIAN_POINT ( 'NONE',  ( 2.138163505817180177, 3.359926241563900184, 0.000000000000000000 ) ) ;
#7708 = DIRECTION ( 'NONE',  ( -1.000000000000000000, 0.000000000000000000, 0.000000000000000000 ) ) ;
#7709 = LINE ( 'NONE', #5181, #3546 ) ;
#7710 = DIRECTION ( 'NONE',  ( 1.000000000000000000, 0.000000000000000000, 0.000000000000000000 ) ) ;
#7711 = COLOUR_RGB ( '',1.000000000000000000, 1.000000000000000000, 1.000000000000000000 ) ;
#7712 = DIRECTION ( 'NONE',  ( 1.000000000000000000, 0.000000000000000000, 0.000000000000000000 ) ) ;
#7713 = VECTOR ( 'NONE', #1011, 1000.000000000000114 ) ;
#7714 = ORIENTED_EDGE ( 'NONE', *, *, #1094, .F. ) ;
#7715 = PLANE ( 'NONE',  #5185 ) ;
#7716 = VECTOR ( 'NONE', #4635, 1000.000000000000000 ) ;
#7717 = CARTESIAN_POINT ( 'NONE',  ( 0.2500000000000000000, -2.735689314155719920, -6.965958753221239697 ) ) ;
#7718 = CARTESIAN_POINT ( 'NONE',  ( -2.174680787299339890, 4.029289341645529987, 0.000000000000000000 ) ) ;
#7719 = FACE_OUTER_BOUND ( 'NONE', #2874, .T. ) ;
#7720 = CARTESIAN_POINT ( 'NONE',  ( 0.9597129805754840426, 3.364282805428009837, 0.1000000000000000056 ) ) ;
#7721 = FACE_OUTER_BOUND ( 'NONE', #866, .T. ) ;
#7722 = ORIENTED_EDGE ( 'NONE', *, *, #5034, .T. ) ;
#7723 = ORIENTED_EDGE ( 'NONE', *, *, #1004, .T. ) ;
#7724 = VECTOR ( 'NONE', #166, 1000.000000000000000 ) ;
#7725 = ORIENTED_EDGE ( 'NONE', *, *, #6046, .F. ) ;
#7726 = EDGE_CURVE ( 'NONE', #728, #2996, #4777, .T. ) ;
#7727 = CARTESIAN_POINT ( 'NONE',  ( 1.280646518564899861, 3.503692849079520499, 0.000000000000000000 ) ) ;
#7728 = AXIS2_PLACEMENT_3D ( 'NONE', #7367, #2345, #6796 ) ;
#7729 = ORIENTED_EDGE ( 'NONE', *, *, #2789, .T. ) ;
#7730 = CARTESIAN_POINT ( 'NONE',  ( 2.790000000000000036, -1.221999999999999975, -6.375000000000000000 ) ) ;
#7731 = APPLICATION_CONTEXT ( 'automotive_design' ) ;
#7732 = CARTESIAN_POINT ( 'NONE',  ( -1.558624907085859990, 3.394807403769890097, 0.1000000000000000056 ) ) ;
#7733 = PRODUCT_DEFINITION ( 'UNKNOWN', '', #6629, #5665 ) ;
#7734 = ORIENTED_EDGE ( 'NONE', *, *, #3300, .F. ) ;
#7735 = ORIENTED_EDGE ( 'NONE', *, *, #7377, .T. ) ;
#7736 = VERTEX_POINT ( 'NONE', #1081 ) ;
#7737 = VERTEX_POINT ( 'NONE', #6000 ) ;
#7738 = VECTOR ( 'NONE', #2740, 1000.000000000000000 ) ;
#7739 = CARTESIAN_POINT ( 'NONE',  ( 0.2500000000000000000, -1.471999999999999975, -6.074999999999999289 ) ) ;
#7740 = CARTESIAN_POINT ( 'NONE',  ( -0.7240989529029440153, 3.810104507521910211, 0.1000000000000000056 ) ) ;
#7741 = EDGE_CURVE ( 'NONE', #5649, #2090, #4888, .T. ) ;
#7742 = CARTESIAN_POINT ( 'NONE',  ( 1.494844241883630076, 3.561054273290299665, 0.000000000000000000 ) ) ;
#7743 = EDGE_CURVE ( 'NONE', #7032, #1963, #7832, .T. ) ;
#7744 = DIRECTION ( 'NONE',  ( -1.000000000000000000, 0.000000000000000000, 0.000000000000000000 ) ) ;
#7745 = CARTESIAN_POINT ( 'NONE',  ( -0.9963841944098049686, 3.349760925880980178, 0.000000000000000000 ) ) ;
#7746 = AXIS2_PLACEMENT_3D ( 'NONE', #5615, #34, #4240 ) ;
#7747 = DIRECTION ( 'NONE',  ( 0.000000000000000000, 7.228014483236570338E-16, -1.000000000000000000 ) ) ;
#7748 = CARTESIAN_POINT ( 'NONE',  ( 5.080000000000000071, -1.781585718017569819, -7.817681529351250269 ) ) ;
#7749 = EDGE_CURVE ( 'NONE', #7017, #6762, #2237, .T. ) ;
#7750 = ORIENTED_EDGE ( 'NONE', *, *, #2893, .F. ) ;
#7751 = EDGE_LOOP ( 'NONE', ( #1604, #864, #1110, #872, #7643, #2189 ) ) ;
#7752 = CARTESIAN_POINT ( 'NONE',  ( 2.790000000000000036, -1.471999999999999975, -6.375000000000000000 ) ) ;
#7753 = VECTOR ( 'NONE', #7314, 1000.000000000000000 ) ;
#7754 = CARTESIAN_POINT ( 'NONE',  ( -1.546721400342430108, 3.875840976527340054, 0.000000000000000000 ) ) ;
#7755 = DIRECTION ( 'NONE',  ( 1.000000000000000000, 0.000000000000000000, 0.000000000000000000 ) ) ;
#7756 = CARTESIAN_POINT ( 'NONE',  ( -0.6311589238019350567, 4.074402715277900100, 0.1000000000000000056 ) ) ;
#7757 = DIRECTION ( 'NONE',  ( 0.000000000000000000, 0.000000000000000000, 1.000000000000000000 ) ) ;
#7758 = EDGE_CURVE ( 'NONE', #2798, #6928, #511, .T. ) ;
#7759 = CIRCLE ( 'NONE', #5530, 0.3745936686793079895 ) ;
#7760 = ORIENTED_EDGE ( 'NONE', *, *, #4447, .T. ) ;
#7761 = FACE_OUTER_BOUND ( 'NONE', #5070, .T. ) ;
#7762 = VECTOR ( 'NONE', #2686, 1000.000000000000000 ) ;
#7763 = CARTESIAN_POINT ( 'NONE',  ( -2.540000000000000036, -2.963206657552649670, 7.197560881563960677 ) ) ;
#7764 = CARTESIAN_POINT ( 'NONE',  ( 2.790000000000000036, -3.250000000000000000, 7.714999999999999858 ) ) ;
#7765 = CARTESIAN_POINT ( 'NONE',  ( -0.7553209939290640440, 3.810104507521910211, 0.1000000000000000056 ) ) ;
#7766 = PLANE ( 'NONE',  #6839 ) ;
#7767 = DIRECTION ( 'NONE',  ( 0.000000000000000000, 0.000000000000000000, -1.000000000000000000 ) ) ;
#7768 = VECTOR ( 'NONE', #3369, 1000.000000000000000 ) ;
#7769 = EDGE_LOOP ( 'NONE', ( #4136, #5850, #6151, #2582 ) ) ;
#7770 = VECTOR ( 'NONE', #2064, 1000.000000000000000 ) ;
#7771 = ORIENTED_EDGE ( 'NONE', *, *, #1861, .T. ) ;
#7772 = VERTEX_POINT ( 'NONE', #1628 ) ;
#7773 = CARTESIAN_POINT ( 'NONE',  ( -0.2042156651191769923, 3.585741468520259989, 0.000000000000000000 ) ) ;
#7774 = VECTOR ( 'NONE', #293, 1000.000000000000000 ) ;
#7775 = ORIENTED_EDGE ( 'NONE', *, *, #3060, .F. ) ;
#7776 = DIRECTION ( 'NONE',  ( 0.000000000000000000, -1.000000000000000000, 0.000000000000000000 ) ) ;
#7777 = DIRECTION ( 'NONE',  ( -0.9646932499232458991, -0.2633760307099449749, 0.000000000000000000 ) ) ;
#7778 = VERTEX_POINT ( 'NONE', #3545 ) ;
#7779 = EDGE_LOOP ( 'NONE', ( #1571, #6139, #7846, #7962 ) ) ;
#7780 = VERTEX_POINT ( 'NONE', #3627 ) ;
#7781 = VECTOR ( 'NONE', #4440, 1000.000000000000000 ) ;
#7782 = CYLINDRICAL_SURFACE ( 'NONE', #4924, 0.2500000000000002220 ) ;
#7783 = CARTESIAN_POINT ( 'NONE',  ( 0.9989220553524719159, 3.645281174663089985, 0.1000000000000000056 ) ) ;
#7784 = DIRECTION ( 'NONE',  ( 1.000000000000000000, 0.000000000000000000, 0.000000000000000000 ) ) ;
#7785 = CARTESIAN_POINT ( 'NONE',  ( -0.9963841944098049686, 4.245760893932890134, 0.1000000000000000056 ) ) ;
#7786 = CARTESIAN_POINT ( 'NONE',  ( 0.7999723055581260400, 3.349760925880980178, 0.1000000000000000056 ) ) ;
#7787 = DIRECTION ( 'NONE',  ( 0.000000000000000000, -0.08749467667225491185, -0.9961649871150951574 ) ) ;
#7788 = CARTESIAN_POINT ( 'NONE',  ( -2.333410801640130039, 4.059170602149990259, 0.000000000000000000 ) ) ;
#7789 = ORIENTED_EDGE ( 'NONE', *, *, #7684, .F. ) ;
#7790 = EDGE_CURVE ( 'NONE', #1716, #3901, #5236, .T. ) ;
#7791 =( BOUNDED_CURVE ( )  B_SPLINE_CURVE ( 3, ( #1998, #7105, #1500, #3876 ),
 .UNSPECIFIED., .F., .F. ) 
 B_SPLINE_CURVE_WITH_KNOTS ( ( 4, 4 ),
 ( 5.471607205002222862, 6.230825429619748057 ),
 .UNSPECIFIED. ) 
 CURVE ( )  GEOMETRIC_REPRESENTATION_ITEM ( )  RATIONAL_B_SPLINE_CURVE ( ( 1.000000000000000000, 0.9525397019146171207, 0.9525397019146171207, 1.000000000000000000 ) ) 
 REPRESENTATION_ITEM ( '' )  );
#7792 = EDGE_LOOP ( 'NONE', ( #4094, #4140, #528, #359 ) ) ;
#7793 = LINE ( 'NONE', #2733, #2908 ) ;
#7794 = CARTESIAN_POINT ( 'NONE',  ( 1.133249441162520021, 3.842778736502729942, 0.000000000000000000 ) ) ;
#7795 = EDGE_CURVE ( 'NONE', #5536, #577, #4933, .T. ) ;
#7796 = CARTESIAN_POINT ( 'NONE',  ( -4.500000000000000000, -1.221999999999999975, -6.074999999999999289 ) ) ;
#7797 = CARTESIAN_POINT ( 'NONE',  ( -4.140708922572147621, -3.883792513728000273, 0.1000000000000000056 ) ) ;
#7798 = DIRECTION ( 'NONE',  ( -1.000000000000000000, 0.000000000000000000, 0.000000000000000000 ) ) ;
#7799 = ADVANCED_FACE ( 'NONE', ( #3090 ), #6180, .T. ) ;
#7800 = EDGE_CURVE ( 'NONE', #6853, #4319, #5081, .T. ) ;
#7801 = CARTESIAN_POINT ( 'NONE',  ( -2.281047728045660250, 4.062959866424269428, 0.1000000000000000056 ) ) ;
#7802 = ADVANCED_FACE ( 'NONE', ( #6229 ), #1086, .T. ) ;
#7803 = AXIS2_PLACEMENT_3D ( 'NONE', #4362, #3703, #1363 ) ;
#7804 = LINE ( 'NONE', #2211, #812 ) ;
#7805 = FACE_OUTER_BOUND ( 'NONE', #5321, .T. ) ;
#7806 = CARTESIAN_POINT ( 'NONE',  ( 1.124536313434300050, 3.476101277940159662, 0.000000000000000000 ) ) ;
#7807 = DIRECTION ( 'NONE',  ( 0.000000000000000000, 0.06975647374412621837, -0.9975640502598241977 ) ) ;
#7808 = DIRECTION ( 'NONE',  ( 0.000000000000000000, 7.228014483236570338E-16, -1.000000000000000000 ) ) ;
#7809 = ORIENTED_EDGE ( 'NONE', *, *, #601, .F. ) ;
#7810 = ORIENTED_EDGE ( 'NONE', *, *, #802, .F. ) ;
#7811 = AXIS2_PLACEMENT_3D ( 'NONE', #7974, #2924, #2748 ) ;
#7812 = ORIENTED_EDGE ( 'NONE', *, *, #2753, .F. ) ;
#7813 = ADVANCED_FACE ( 'NONE', ( #4927 ), #5046, .T. ) ;
#7814 = DIRECTION ( 'NONE',  ( 1.000000000000000000, 0.000000000000000000, 0.000000000000000000 ) ) ;
#7815 = ORIENTED_EDGE ( 'NONE', *, *, #5304, .F. ) ;
#7816 = LINE ( 'NONE', #2097, #1607 ) ;
#7817 = CARTESIAN_POINT ( 'NONE',  ( -2.213916905234190047, 3.791601342545180220, 0.000000000000000000 ) ) ;
#7818 = B_SPLINE_CURVE_WITH_KNOTS ( 'NONE', 2,
 ( #1830, #7464, #6244, #641 ),
 .UNSPECIFIED., .F., .F.,
 ( 3, 1, 3 ),
 ( -2.000000000000000000, -1.000000000000000000, 0.000000000000000000 ),
 .UNSPECIFIED. ) ;
#7819 = DIRECTION ( 'NONE',  ( 0.000000000000000000, 1.000000000000000000, 3.469446951953610245E-15 ) ) ;
#7820 = ORIENTED_EDGE ( 'NONE', *, *, #5213, .T. ) ;
#7821 = ORIENTED_EDGE ( 'NONE', *, *, #2822, .F. ) ;
#7822 = ORIENTED_EDGE ( 'NONE', *, *, #110, .T. ) ;
#7823 =( NAMED_UNIT ( * ) PLANE_ANGLE_UNIT ( ) SI_UNIT ( $, .RADIAN. ) );
#7824 = FACE_OUTER_BOUND ( 'NONE', #4189, .T. ) ;
#7825 = CARTESIAN_POINT ( 'NONE',  ( 1.041035506038869851, 4.007602069361549724, 0.1000000000000000056 ) ) ;
#7826 = CARTESIAN_POINT ( 'NONE',  ( -2.711193422726100088, 3.627939937238269685, 0.000000000000000000 ) ) ;
#7827 = DIRECTION ( 'NONE',  ( 0.000000000000000000, 0.000000000000000000, -1.000000000000000000 ) ) ;
#7828 = DIRECTION ( 'NONE',  ( -0.000000000000000000, 1.000000000000000000, 0.000000000000000000 ) ) ;
#7829 = CARTESIAN_POINT ( 'NONE',  ( -2.225620802317028968, 3.799442901457126709, 0.000000000000000000 ) ) ;
#7830 = ORIENTED_EDGE ( 'NONE', *, *, #4349, .T. ) ;
#7831 = VERTEX_POINT ( 'NONE', #1862 ) ;
#7832 = LINE ( 'NONE', #1665, #371 ) ;
#7833 = DIRECTION ( 'NONE',  ( 0.000000000000000000, 0.000000000000000000, -1.000000000000000000 ) ) ;
#7834 = EDGE_CURVE ( 'NONE', #4116, #472, #3499, .T. ) ;
#7835 = CARTESIAN_POINT ( 'NONE',  ( -1.514448358292738828, 4.255265573465251805, 0.000000000000000000 ) ) ;
#7836 = CARTESIAN_POINT ( 'NONE',  ( 0.5894050521261530173, 3.349760925880980178, 0.000000000000000000 ) ) ;
#7837 = DIRECTION ( 'NONE',  ( 1.000000000000000000, 0.000000000000000000, 0.000000000000000000 ) ) ;
#7838 = ADVANCED_FACE ( 'NONE', ( #3051 ), #4689, .T. ) ;
#7839 = EDGE_CURVE ( 'NONE', #5261, #607, #1818, .T. ) ;
#7840 = COLOUR_RGB ( '',1.000000000000000000, 1.000000000000000000, 1.000000000000000000 ) ;
#7841 = CARTESIAN_POINT ( 'NONE',  ( -2.290000000000000036, -2.713815644987700004, -7.214999999999999858 ) ) ;
#7842 = AXIS2_PLACEMENT_3D ( 'NONE', #1864, #4364, #6120 ) ;
#7843 = CARTESIAN_POINT ( 'NONE',  ( -4.367140764534365616, 0.1875066163658266338, 5.942140764534365793 ) ) ;
#7844 = DIRECTION ( 'NONE',  ( 0.000000000000000000, 0.000000000000000000, 1.000000000000000000 ) ) ;
#7845 = ADVANCED_FACE ( 'NONE', ( #6886 ), #5462, .T. ) ;
#7846 = ORIENTED_EDGE ( 'NONE', *, *, #2496, .T. ) ;
#7847 = VERTEX_POINT ( 'NONE', #6307 ) ;
#7848 = ORIENTED_EDGE ( 'NONE', *, *, #6195, .F. ) ;
#7849 = AXIS2_PLACEMENT_3D ( 'NONE', #4758, #3451, #341 ) ;
#7850 = CARTESIAN_POINT ( 'NONE',  ( -4.500000000000000000, -1.221999999999999975, -6.074999999999999289 ) ) ;
#7851 = ORIENTED_EDGE ( 'NONE', *, *, #3604, .F. ) ;
#7852 = DIRECTION ( 'NONE',  ( 0.000000000000000000, 0.05233595624294788695, -0.9986295347545737222 ) ) ;
#7853 = VECTOR ( 'NONE', #6664, 1000.000000000000000 ) ;
#7854 = LINE ( 'NONE', #3976, #3602 ) ;
#7855 = ADVANCED_FACE ( 'NONE', ( #3171 ), #3822, .T. ) ;
#7856 = ORIENTED_EDGE ( 'NONE', *, *, #1241, .F. ) ;
#7857 = ORIENTED_EDGE ( 'NONE', *, *, #3836, .T. ) ;
#7858 = ORIENTED_EDGE ( 'NONE', *, *, #6647, .F. ) ;
#7859 = DIRECTION ( 'NONE',  ( 0.000000000000000000, 0.000000000000000000, -1.000000000000000000 ) ) ;
#7860 = VECTOR ( 'NONE', #392, 1000.000000000000000 ) ;
#7861 = CARTESIAN_POINT ( 'NONE',  ( 4.500000000000000000, -1.471999999999999975, -5.474999999999999645 ) ) ;
#7862 = CARTESIAN_POINT ( 'NONE',  ( -1.373313152889976019, 3.752562337631996758, 0.1000000000000000056 ) ) ;
#7863 = CARTESIAN_POINT ( 'NONE',  ( -3.275404079329014895, 3.489178595218874523, 0.1000000000000000056 ) ) ;
#7864 = CARTESIAN_POINT ( 'NONE',  ( 0.9161473419343860725, 3.563958649199709949, 0.1000000000000000056 ) ) ;
#7865 = ORIENTED_EDGE ( 'NONE', *, *, #7400, .F. ) ;
#7866 = VECTOR ( 'NONE', #333, 1000.000000000000000 ) ;
#7867 = EDGE_LOOP ( 'NONE', ( #4676, #6516, #431, #6375 ) ) ;
#7868 = CARTESIAN_POINT ( 'NONE',  ( 2.290000000000000036, -1.221999999999999975, 6.375000000000000000 ) ) ;
#7869 = DIRECTION ( 'NONE',  ( 0.000000000000000000, 0.000000000000000000, -1.000000000000000000 ) ) ;
#7870 = CARTESIAN_POINT ( 'NONE',  ( -0.9963841944098049686, 3.349760925880980178, 0.1000000000000000056 ) ) ;
#7871 = VECTOR ( 'NONE', #7584, 1000.000000000000000 ) ;
#7872 = B_SPLINE_SURFACE_WITH_KNOTS ( 'NONE', 2, 1, ( 
 ( #1895, #6758 ),
 ( #7443, #6185 ),
 ( #4274, #1154 ),
 ( #583, #2467 ) ),
 .UNSPECIFIED., .F., .F., .F.,
 ( 3, 1, 3 ),
 ( 2, 2 ),
 ( -2.000000000000000000, -1.000000000000000000, 0.000000000000000000 ),
 ( 0.000000000000000000, 0.01000000000000000021 ),
 .UNSPECIFIED. ) ;
#7873 = CARTESIAN_POINT ( 'NONE',  ( -0.3073210099031090103, 3.963310336743099960, 0.1000000000000000056 ) ) ;
#7874 = LINE ( 'NONE', #7186, #2029 ) ;
#7875 = VECTOR ( 'NONE', #3427, 1000.000000000000000 ) ;
#7876 = LINE ( 'NONE', #7229, #233 ) ;
#7877 = DIRECTION ( 'NONE',  ( 0.05233595624294400117, -0.9986295347545739443, 0.000000000000000000 ) ) ;
#7878 = CARTESIAN_POINT ( 'NONE',  ( 4.500000000000000000, -1.221999999999999975, -5.474999999999999645 ) ) ;
#7879 = COLOUR_RGB ( '',0.8313725490196077761, 0.8313725490196077761, 0.8313725490196077761 ) ;
#7880 = CARTESIAN_POINT ( 'NONE',  ( -0.5745235935685080175, 4.050441614025300119, 0.1000000000000000056 ) ) ;
#7881 = CARTESIAN_POINT ( 'NONE',  ( 1.204406650942980272, 3.591550220339069899, 0.1000000000000000056 ) ) ;
#7882 = ORIENTED_EDGE ( 'NONE', *, *, #5687, .T. ) ;
#7883 = ORIENTED_EDGE ( 'NONE', *, *, #107, .T. ) ;
#7884 = EDGE_CURVE ( 'NONE', #5234, #1294, #5571, .T. ) ;
#7885 = ORIENTED_EDGE ( 'NONE', *, *, #6514, .T. ) ;
#7886 = VECTOR ( 'NONE', #6221, 1000.000000000000000 ) ;
#7887 = EDGE_CURVE ( 'NONE', #1156, #7411, #6519, .T. ) ;
#7888 = CARTESIAN_POINT ( 'NONE',  ( 2.540000000000000036, -2.757562983323790018, 6.716917506442459995 ) ) ;
#7889 = EDGE_LOOP ( 'NONE', ( #1842, #6305, #4869, #3068 ) ) ;
#7890 = CARTESIAN_POINT ( 'NONE',  ( -0.7712950614308000663, 3.643102892731029829, 0.000000000000000000 ) ) ;
#7891 = AXIS2_PLACEMENT_3D ( 'NONE', #7265, #5423, #5383 ) ;
#7892 = LINE ( 'NONE', #5287, #4900 ) ;
#7893 = VERTEX_POINT ( 'NONE', #4690 ) ;
#7894 = EDGE_CURVE ( 'NONE', #7319, #3409, #7469, .T. ) ;
#7895 = ORIENTED_EDGE ( 'NONE', *, *, #1050, .F. ) ;
#7896 = EDGE_CURVE ( 'NONE', #1059, #6606, #3396, .T. ) ;
#7897 = VERTEX_POINT ( 'NONE', #2151 ) ;
#7898 =( LENGTH_UNIT ( ) NAMED_UNIT ( * ) SI_UNIT ( .MILLI., .METRE. ) );
#7899 = LINE ( 'NONE', #7321, #3102 ) ;
#7900 = AXIS2_PLACEMENT_3D ( 'NONE', #7748, #1003, #6524 ) ;
#7901 = DIRECTION ( 'NONE',  ( -0.05226442768871679412, -0.9972646886342368955, -0.05226442768871839700 ) ) ;
#7902 = EDGE_CURVE ( 'NONE', #4306, #3389, #3941, .T. ) ;
#7903 = DIRECTION ( 'NONE',  ( 0.000000000000000000, 0.000000000000000000, 1.000000000000000000 ) ) ;
#7904 = CARTESIAN_POINT ( 'NONE',  ( -1.373313152889976019, 3.752562337631996758, 0.000000000000000000 ) ) ;
#7905 = CYLINDRICAL_SURFACE ( 'NONE', #6599, 0.05250000000000007438 ) ;
#7906 = ORIENTED_EDGE ( 'NONE', *, *, #5537, .F. ) ;
#7907 = AXIS2_PLACEMENT_3D ( 'NONE', #3415, #3375, #4022 ) ;
#7908 = ORIENTED_EDGE ( 'NONE', *, *, #3906, .F. ) ;
#7909 = ORIENTED_EDGE ( 'NONE', *, *, #2352, .F. ) ;
#7910 = CARTESIAN_POINT ( 'NONE',  ( -1.936507543767990169, 4.115459866424270530, 0.1000000000000000056 ) ) ;
#7911 = CARTESIAN_POINT ( 'NONE',  ( 0.9989220553524719159, 3.645281174663089985, 0.000000000000000000 ) ) ;
#7912 = EDGE_CURVE ( 'NONE', #267, #460, #4170, .T. ) ;
#7913 = CARTESIAN_POINT ( 'NONE',  ( 1.133249441162520021, 3.842778736502729942, 0.000000000000000000 ) ) ;
#7914 = VECTOR ( 'NONE', #4363, 1000.000000000000000 ) ;
#7915 = CARTESIAN_POINT ( 'NONE',  ( -2.475651464333749718, 4.367050696342690053, 0.000000000000000000 ) ) ;
#7916 = DIRECTION ( 'NONE',  ( 0.000000000000000000, -0.06975647374412639878, -0.9975640502598241977 ) ) ;
#7917 = CARTESIAN_POINT ( 'NONE',  ( 4.419920913255519501, -3.000000000000000000, -6.074999999999999289 ) ) ;
#7918 = DIRECTION ( 'NONE',  ( 0.000000000000000000, 7.228014483236570338E-16, -1.000000000000000000 ) ) ;
#7919 = B_SPLINE_CURVE_WITH_KNOTS ( 'NONE', 2,
 ( #2418, #1222, #2337, #5597 ),
 .UNSPECIFIED., .F., .F.,
 ( 3, 1, 3 ),
 ( -2.000000000000000000, -1.000000000000000000, 0.000000000000000000 ),
 .UNSPECIFIED. ) ;
#7920 = CARTESIAN_POINT ( 'NONE',  ( -0.6464068973263199513, 3.815187165363369992, 0.000000000000000000 ) ) ;
#7921 = DIRECTION ( 'NONE',  ( -0.000000000000000000, 0.9975640502598241977, 0.06975647374412621837 ) ) ;
#7922 = CIRCLE ( 'NONE', #6491, 0.05249999999999991479 ) ;
#7923 = ORIENTED_EDGE ( 'NONE', *, *, #3190, .T. ) ;
#7924 = ORIENTED_EDGE ( 'NONE', *, *, #1502, .F. ) ;
#7925 = VERTEX_POINT ( 'NONE', #796 ) ;
#7926 = B_SPLINE_CURVE_WITH_KNOTS ( 'NONE', 2,
 ( #4166, #5855, #6045, #1518 ),
 .UNSPECIFIED., .F., .F.,
 ( 3, 1, 3 ),
 ( 0.000000000000000000, 1.000000000000000000, 2.000000000000000000 ),
 .UNSPECIFIED. ) ;
#7927 = DIRECTION ( 'NONE',  ( 0.000000000000000000, 0.000000000000000000, 1.000000000000000000 ) ) ;
#7928 = EDGE_CURVE ( 'NONE', #6928, #1858, #2106, .T. ) ;
#7929 = ORIENTED_EDGE ( 'NONE', *, *, #7103, .T. ) ;
#7930 = DIRECTION ( 'NONE',  ( 0.000000000000000000, 0.000000000000000000, 1.000000000000000000 ) ) ;
#7931 =( GEOMETRIC_REPRESENTATION_CONTEXT ( 3 ) GLOBAL_UNCERTAINTY_ASSIGNED_CONTEXT ( ( #1993 ) ) GLOBAL_UNIT_ASSIGNED_CONTEXT ( ( #1469, #1350, #6507 ) ) REPRESENTATION_CONTEXT ( 'NONE', 'WORKASPACE' ) );
#7932 = CARTESIAN_POINT ( 'NONE',  ( 0.2176449357221190151, 3.424548605548189961, 0.000000000000000000 ) ) ;
#7933 = VERTEX_POINT ( 'NONE', #881 ) ;
#7934 = EDGE_LOOP ( 'NONE', ( #4496, #805, #6385, #6994, #448, #1877, #7071, #7236, #4563, #628, #3285, #6710, #6421, #654, #616, #3371, #3807, #5810, #7947, #5979, #1032, #2788 ) ) ;
#7935 = EDGE_CURVE ( 'NONE', #4894, #6207, #5211, .T. ) ;
#7936 = VERTEX_POINT ( 'NONE', #6354 ) ;
#7937 = CARTESIAN_POINT ( 'NONE',  ( 1.494844241883630076, 3.561054273290299665, 0.1000000000000000056 ) ) ;
#7938 = B_SPLINE_SURFACE_WITH_KNOTS ( 'NONE', 2, 1, ( 
 ( #754, #268 ),
 ( #3251, #5125 ),
 ( #7249, #2963 ),
 ( #4729, #7937 ) ),
 .UNSPECIFIED., .F., .F., .F.,
 ( 3, 1, 3 ),
 ( 2, 2 ),
 ( -2.000000000000000000, -1.000000000000000000, 0.000000000000000000 ),
 ( 0.000000000000000000, 0.01000000000000000021 ),
 .UNSPECIFIED. ) ;
#7939 = DIRECTION ( 'NONE',  ( 0.000000000000000000, -0.06975647374404986278, -0.9975640502598295267 ) ) ;
#7940 = LINE ( 'NONE', #3040, #2694 ) ;
#7941 = FACE_OUTER_BOUND ( 'NONE', #255, .T. ) ;
#7942 = EDGE_CURVE ( 'NONE', #5443, #3958, #1403, .T. ) ;
#7943 = EDGE_CURVE ( 'NONE', #2540, #5609, #755, .T. ) ;
#7944 = LINE ( 'NONE', #625, #2381 ) ;
#7945 = DIRECTION ( 'NONE',  ( 0.05226442768870642047, 0.9972646886342373396, 0.05226442768872052724 ) ) ;
#7946 = EDGE_LOOP ( 'NONE', ( #7166, #2386, #1699, #2585 ) ) ;
#7947 = ORIENTED_EDGE ( 'NONE', *, *, #7690, .T. ) ;
#7948 = EDGE_CURVE ( 'NONE', #5557, #2298, #3252, .T. ) ;
#7949 = ORIENTED_EDGE ( 'NONE', *, *, #7902, .F. ) ;
#7950 = CARTESIAN_POINT ( 'NONE',  ( 1.276289954700789986, 3.899414066736159867, 0.1000000000000000056 ) ) ;
#7951 = CARTESIAN_POINT ( 'NONE',  ( -2.213916905234190047, 3.791601342545180220, 0.1000000000000000056 ) ) ;
#7952 = CARTESIAN_POINT ( 'NONE',  ( 4.008403160973232460, 0.1642986682315976665, -5.966596839026767185 ) ) ;
#7953 = FACE_OUTER_BOUND ( 'NONE', #3096, .T. ) ;
#7954 = CARTESIAN_POINT ( 'NONE',  ( -0.3073210099031090103, 3.963310336743099960, 0.000000000000000000 ) ) ;
#7955 = EDGE_CURVE ( 'NONE', #6254, #2879, #7047, .T. ) ;
#7956 = CARTESIAN_POINT ( 'NONE',  ( 1.366325607892399985, 3.366461087360060223, 0.1000000000000000056 ) ) ;
#7957 = PLANE ( 'NONE',  #6930 ) ;
#7958 = FACE_BOUND ( 'NONE', #6055, .T. ) ;
#7959 = CARTESIAN_POINT ( 'NONE',  ( 2.290000000000000036, -2.735689314155739904, 6.965958753221239697 ) ) ;
#7960 = SURFACE_STYLE_USAGE ( .BOTH. , #7168 ) ;
#7961 = EDGE_LOOP ( 'NONE', ( #3273, #2479, #470, #792 ) ) ;
#7962 = ORIENTED_EDGE ( 'NONE', *, *, #6938, .T. ) ;
#7963 = CARTESIAN_POINT ( 'NONE',  ( -0.7393469264273279107, 4.078759279142010641, 0.000000000000000000 ) ) ;
#7964 = EDGE_LOOP ( 'NONE', ( #5864, #1098, #5509, #220 ) ) ;
#7965 = PLANE ( 'NONE',  #3539 ) ;
#7966 = CARTESIAN_POINT ( 'NONE',  ( 1.164471482188639939, 3.793404346042819952, 0.1000000000000000056 ) ) ;
#7967 = LINE ( 'NONE', #3730, #7504 ) ;
#7968 = VECTOR ( 'NONE', #6428, 1000.000000000000227 ) ;
#7969 = ORIENTED_EDGE ( 'NONE', *, *, #2600, .T. ) ;
#7970 = EDGE_LOOP ( 'NONE', ( #7858, #6138, #1197, #2409 ) ) ;
#7971 = EDGE_LOOP ( 'NONE', ( #7882, #5329, #228, #1824 ) ) ;
#7972 = ADVANCED_FACE ( 'NONE', ( #6430 ), #7613, .T. ) ;
#7973 = CARTESIAN_POINT ( 'NONE',  ( 1.424413126080529945, 4.015589103112420233, 0.1000000000000000056 ) ) ;
#7974 = CARTESIAN_POINT ( 'NONE',  ( 0.000000000000000000, 0.000000000000000000, 0.000000000000000000 ) ) ;
#7975 = FACE_OUTER_BOUND ( 'NONE', #1526, .T. ) ;
#7976 = DIRECTION ( 'NONE',  ( 1.000000000000000000, 0.000000000000000000, 0.000000000000000000 ) ) ;
#7977 = VECTOR ( 'NONE', #7215, 1000.000000000000000 ) ;
#7978 = FACE_OUTER_BOUND ( 'NONE', #1360, .T. ) ;
#7979 = CARTESIAN_POINT ( 'NONE',  ( 9.540979117872440597E-15, -2.963206657552649670, 7.197560881563960677 ) ) ;
#7980 = ORIENTED_EDGE ( 'NONE', *, *, #4846, .F. ) ;
#7981 = ORIENTED_EDGE ( 'NONE', *, *, #3621, .F. ) ;
#7982 = ORIENTED_EDGE ( 'NONE', *, *, #6256, .T. ) ;
#7983 = EDGE_CURVE ( 'NONE', #307, #6351, #6388, .T. ) ;
#7984 = VECTOR ( 'NONE', #6369, 1000.000000000000000 ) ;
#7985 = B_SPLINE_CURVE_WITH_KNOTS ( 'NONE', 2,
 ( #5090, #7057, #5016, #1992 ),
 .UNSPECIFIED., .F., .F.,
 ( 3, 1, 3 ),
 ( -2.000000000000000000, -1.000000000000000000, 0.000000000000000000 ),
 .UNSPECIFIED. ) ;
#7986 = EDGE_CURVE ( 'NONE', #8003, #7611, #838, .T. ) ;
#7987 = CARTESIAN_POINT ( 'NONE',  ( 1.755511979752869989, 3.774525902631679752, 0.000000000000000000 ) ) ;
#7988 = DIRECTION ( 'NONE',  ( 0.000000000000000000, -0.08749467667225491185, 0.9961649871150951574 ) ) ;
#7989 = DIRECTION ( 'NONE',  ( 0.000000000000000000, 0.000000000000000000, 1.000000000000000000 ) ) ;
#7990 = EDGE_CURVE ( 'NONE', #5681, #1226, #2723, .T. ) ;
#7991 = AXIS2_PLACEMENT_3D ( 'NONE', #4187, #4734, #5870 ) ;
#7992 = FACE_OUTER_BOUND ( 'NONE', #3193, .T. ) ;
#7993 = DIRECTION ( 'NONE',  ( 0.000000000000000000, 0.9975640502598299708, 0.06975647374404468637 ) ) ;
#7994 = EDGE_LOOP ( 'NONE', ( #6064, #7545, #2722, #3740 ) ) ;
#7995 = CARTESIAN_POINT ( 'NONE',  ( -4.500000000000000000, 0.000000000000000000, 0.000000000000000000 ) ) ;
#7996 = AXIS2_PLACEMENT_3D ( 'NONE', #3726, #3684, #5553 ) ;
#7997 = FACE_OUTER_BOUND ( 'NONE', #4875, .T. ) ;
#7998 = EDGE_CURVE ( 'NONE', #1643, #4774, #3984, .T. ) ;
#7999 = CARTESIAN_POINT ( 'NONE',  ( -1.831507543767989965, 3.875840976527360038, 0.000000000000000000 ) ) ;
#8000 = DIRECTION ( 'NONE',  ( 0.000000000000000000, 0.06975647374412630164, -0.9975640502598241977 ) ) ;
#8001 = CARTESIAN_POINT ( 'NONE',  ( -0.4133307305964469824, 4.186947281767399609, 0.000000000000000000 ) ) ;
#8002 = AXIS2_PLACEMENT_3D ( 'NONE', #6729, #514, #3094 ) ;
#8003 = VERTEX_POINT ( 'NONE', #5251 ) ;
#8004 = ORIENTED_EDGE ( 'NONE', *, *, #3406, .F. ) ;
#8005 = AXIS2_PLACEMENT_3D ( 'NONE', #5230, #7069, #4583 ) ;
#8006 = CARTESIAN_POINT ( 'NONE',  ( -0.5992107887984640113, 4.060606929708220569, 0.1000000000000000056 ) ) ;
#8007 = CARTESIAN_POINT ( 'NONE',  ( -0.5992107887984640113, 4.060606929708220569, 0.000000000000000000 ) ) ;
#8008 = DIRECTION ( 'NONE',  ( 1.000000000000000000, 0.000000000000000000, 0.000000000000000000 ) ) ;
#8009 = CARTESIAN_POINT ( 'NONE',  ( 1.212393684693849893, 3.476101277940159662, 0.1000000000000000056 ) ) ;
#8010 = CARTESIAN_POINT ( 'NONE',  ( 0.2500000000000000000, -2.735689314155739904, 6.965958753221239697 ) ) ;
#8011 = VERTEX_POINT ( 'NONE', #4647 ) ;
#8012 = ORIENTED_EDGE ( 'NONE', *, *, #5971, .T. ) ;
#8013 = ORIENTED_EDGE ( 'NONE', *, *, #7194, .F. ) ;
#8014 = CARTESIAN_POINT ( 'NONE',  ( 4.302110744186579794, 0.2000000000000000111, -0.03202115314193899887 ) ) ;
#8015 =( LENGTH_UNIT ( ) NAMED_UNIT ( * ) SI_UNIT ( .MILLI., .METRE. ) );
#8016 = PLANE ( 'NONE',  #2560 ) ;
#8017 = LINE ( 'NONE', #7323, #2369 ) ;
#8018 = VECTOR ( 'NONE', #2571, 1000.000000000000000 ) ;
#8019 = B_SPLINE_CURVE_WITH_KNOTS ( 'NONE', 2,
 ( #6481, #886, #275, #5132 ),
 .UNSPECIFIED., .F., .F.,
 ( 3, 1, 3 ),
 ( 0.000000000000000000, 1.000000000000000000, 2.000000000000000000 ),
 .UNSPECIFIED. ) ;
#8020 = CARTESIAN_POINT ( 'NONE',  ( 1.133249441162520021, 3.819543729227480089, 0.000000000000000000 ) ) ;
#8021 = CARTESIAN_POINT ( 'NONE',  ( -3.881005358273764028, -2.949731148046343510, 5.997555392153501863 ) ) ;
#8022 = ORIENTED_EDGE ( 'NONE', *, *, #6330, .T. ) ;
#8023 = ORIENTED_EDGE ( 'NONE', *, *, #1605, .T. ) ;
#8024 = ORIENTED_EDGE ( 'NONE', *, *, #2123, .T. ) ;
#8025 = CARTESIAN_POINT ( 'NONE',  ( 2.218759937303210084, 3.879083435370310085, 0.1000000000000000056 ) ) ;
#8026 = DIRECTION ( 'NONE',  ( 0.8307716891832557238, -0.5566133311838658004, 0.000000000000000000 ) ) ;
#8027 = CARTESIAN_POINT ( 'NONE',  ( -0.6485851792583740005, 4.245760893932890134, 0.000000000000000000 ) ) ;
#8028 = EDGE_CURVE ( 'NONE', #4644, #3845, #7132, .T. ) ;
#8029 = AXIS2_PLACEMENT_3D ( 'NONE', #1264, #5761, #694 ) ;
#8030 = DIRECTION ( 'NONE',  ( 0.000000000000000000, -0.9961649871150951574, 0.08749467667225410694 ) ) ;
#8031 = CARTESIAN_POINT ( 'NONE',  ( 3.877183391326589845, -2.876803674311580572, -5.678444480417419449 ) ) ;
#8032 = ORIENTED_EDGE ( 'NONE', *, *, #5854, .F. ) ;
#8033 = EDGE_CURVE ( 'NONE', #3145, #6902, #7899, .T. ) ;
#8034 = CARTESIAN_POINT ( 'NONE',  ( 0.2500000000000000000, -3.250000000000039968, 7.714999999999999858 ) ) ;
#8035 = VECTOR ( 'NONE', #390, 1000.000000000000000 ) ;
#8036 = UNCERTAINTY_MEASURE_WITH_UNIT (LENGTH_MEASURE( 1.000000000000000082E-05 ), #1034, 'distance_accuracy_value', 'NONE');
#8037 = LINE ( 'NONE', #3907, #4739 ) ;
#8038 = ADVANCED_FACE ( 'NONE', ( #7824 ), #1729, .T. ) ;
#8039 = ADVANCED_FACE ( 'NONE', ( #7285 ), #1691, .F. ) ;
#8040 = CARTESIAN_POINT ( 'NONE',  ( -0.5774279694779149708, 3.846409206389489910, 0.000000000000000000 ) ) ;
#8041 = DIRECTION ( 'NONE',  ( 0.000000000000000000, 1.000000000000000000, 0.000000000000000000 ) ) ;
#8042 = ORIENTED_EDGE ( 'NONE', *, *, #5889, .F. ) ;
#8043 = ORIENTED_EDGE ( 'NONE', *, *, #4250, .F. ) ;
#8044 =( BOUNDED_SURFACE ( )  B_SPLINE_SURFACE ( 1, 2, ( 
 ( #2241, #7835, #5347, #7915, #2322, #6530, #4162, #5927, #4198 ),
 ( #3519, #6041, #1048, #6689, #2819, #2978, #7264, #6002, #2894 ) ),
 .UNSPECIFIED., .F., .F., .F. ) 
 B_SPLINE_SURFACE_WITH_KNOTS ( ( 2, 2 ),
 ( 3, 2, 2, 2, 3 ),
 ( 0.000000000000000000, 0.1365658108732179798 ),
 ( 2.985467473347199974, 4.207522561104060088, 5.429577648860929528, 6.651632736617790087, 7.873687824374659527 ),
 .UNSPECIFIED. ) 
 GEOMETRIC_REPRESENTATION_ITEM ( )  RATIONAL_B_SPLINE_SURFACE ( (
 ( 1.000000000000000000, 0.8190589387861119119, 1.000000000000000000, 0.8190589387861119119, 1.000000000000000000, 0.8190589387861119119, 1.000000000000000000, 0.8190589387861119119, 1.000000000000000000),
 ( 1.000000000000000000, 0.8190589387861119119, 1.000000000000000000, 0.8190589387861119119, 1.000000000000000000, 0.8190589387861119119, 1.000000000000000000, 0.8190589387861119119, 1.000000000000000000) ) ) 
 REPRESENTATION_ITEM ( '' )  SURFACE ( )  );
#8045 = EDGE_CURVE ( 'NONE', #4302, #2298, #960, .T. ) ;
#8046 = DIRECTION ( 'NONE',  ( -1.000000000000000000, 0.000000000000000000, 0.000000000000000000 ) ) ;
#8047 = VECTOR ( 'NONE', #2245, 1000.000000000000000 ) ;
#8048 = CARTESIAN_POINT ( 'NONE',  ( 1.180445549690380069, 3.598085066135229937, 0.1000000000000000056 ) ) ;
#8049 = CARTESIAN_POINT ( 'NONE',  ( -2.790000000000000036, -3.250000000000039968, -7.714999999999999858 ) ) ;
#8050 = DIRECTION ( 'NONE',  ( 0.000000000000000000, -0.06975647374412699553, 0.9975640502598240866 ) ) ;
#8051 = CARTESIAN_POINT ( 'NONE',  ( -0.7393469264273279107, 4.078759279142010641, 0.000000000000000000 ) ) ;
#8052 = EDGE_LOOP ( 'NONE', ( #6682, #2348, #7981, #3488 ) ) ;
#8053 = ORIENTED_EDGE ( 'NONE', *, *, #6785, .F. ) ;
#8054 = AXIS2_PLACEMENT_3D ( 'NONE', #7622, #5922, #5178 ) ;
#8055 = VERTEX_POINT ( 'NONE', #6715 ) ;
#8056 = EDGE_CURVE ( 'NONE', #5282, #4873, #6107, .T. ) ;
#8057 = DIRECTION ( 'NONE',  ( 0.000000000000000000, -1.000000000000000000, 0.000000000000000000 ) ) ;
#8058 = LINE ( 'NONE', #1074, #1591 ) ;
#8059 = VECTOR ( 'NONE', #3290, 1000.000000000000000 ) ;
#8060 = DIRECTION ( 'NONE',  ( 1.000000000000000000, 0.000000000000000000, 0.000000000000000000 ) ) ;
#8061 = DIRECTION ( 'NONE',  ( 0.000000000000000000, 0.000000000000000000, -1.000000000000000000 ) ) ;
#8062 = DIRECTION ( 'NONE',  ( 0.000000000000000000, 8.673617379884043361E-16, 1.000000000000000000 ) ) ;
#8063 = ORIENTED_EDGE ( 'NONE', *, *, #6150, .F. ) ;
#8064 = ORIENTED_EDGE ( 'NONE', *, *, #4500, .T. ) ;
#8065 = ORIENTED_EDGE ( 'NONE', *, *, #1506, .T. ) ;
#8066 = COLOUR_RGB ( '',1.000000000000000000, 1.000000000000000000, 1.000000000000000000 ) ;
#8067 = DIRECTION ( 'NONE',  ( -0.7321804635358735158, 0.6811106876392364340, 0.000000000000000000 ) ) ;
#8068 = CARTESIAN_POINT ( 'NONE',  ( 1.166649764120700095, 3.331608576447190107, 0.1000000000000000056 ) ) ;
#8069 = CARTESIAN_POINT ( 'NONE',  ( 0.2500000000000000000, -2.735689314155739904, -6.965958753221239697 ) ) ;
#8070 = B_SPLINE_SURFACE_WITH_KNOTS ( 'NONE', 2, 1, ( 
 ( #2683, #6309 ),
 ( #3216, #5700 ),
 ( #6970, #111 ),
 ( #5782, #5828 ) ),
 .UNSPECIFIED., .F., .F., .F.,
 ( 3, 1, 3 ),
 ( 2, 2 ),
 ( -2.000000000000000000, -1.000000000000000000, 0.000000000000000000 ),
 ( 0.000000000000000000, 0.01000000000000000021 ),
 .UNSPECIFIED. ) ;
#8071 = CARTESIAN_POINT ( 'NONE',  ( 1.001100337284529962, 3.977106122312779934, 0.1000000000000000056 ) ) ;
#8072 = CARTESIAN_POINT ( 'NONE',  ( 0.2500000000000000000, -3.250000000000039968, -7.714999999999999858 ) ) ;
#8073 = NEXT_ASSEMBLY_USAGE_OCCURRENCE ( 'NAUO1', ' ', ' ', #6535, #4494, $ ) ;
#8074 = NEXT_ASSEMBLY_USAGE_OCCURRENCE ( 'NAUO2', ' ', ' ', #6535, #5683, $ ) ;
#8075 = NEXT_ASSEMBLY_USAGE_OCCURRENCE ( 'NAUO3', ' ', ' ', #6535, #7733, $ ) ;
ENDSEC;
END-ISO-10303-21;
