ISO-10303-21;
HEADER;
FILE_DESCRIPTION (( 'STEP AP214' ),
    '1' );
FILE_NAME ('TDR 3SM.STEP',
    '2018-10-15T10:15:30',
    ( 'user' ),
    ( '' ),
    'SwSTEP 2.0',
    'SolidWorks 2016',
    '' );
FILE_SCHEMA (( 'AUTOMOTIVE_DESIGN' ));
ENDSEC;

DATA;
#1 = CARTESIAN_POINT ( 'NONE',  ( 8.609999999999999400, -1.872880335899569100, 6.969999999999999800 ) ) ;
#2 = VERTEX_POINT ( 'NONE', #4506 ) ;
#3 = DIRECTION ( 'NONE',  ( -0.0000000000000000000, -1.000000000000000000, -0.0000000000000000000 ) ) ;
#4 = VERTEX_POINT ( 'NONE', #4469 ) ;
#5 = AXIS2_PLACEMENT_3D ( 'NONE', #1851, #1613, #1601 ) ;
#6 = VERTEX_POINT ( 'NONE', #5049 ) ;
#7 = UNCERTAINTY_MEASURE_WITH_UNIT (LENGTH_MEASURE( 1.000000000000000100E-005 ), #677, 'distance_accuracy_value', 'NONE');
#8 = EDGE_CURVE ( 'NONE', #2931, #3280, #1838, .T. ) ;
#9 = ORIENTED_EDGE ( 'NONE', *, *, #512, .F. ) ;
#10 = CARTESIAN_POINT ( 'NONE',  ( -6.649999999999994100, 0.1249999999999930100, -6.969999999999993500 ) ) ;
#11 = VERTEX_POINT ( 'NONE', #4329 ) ;
#12 = DIRECTION ( 'NONE',  ( 1.000000000000000000, 0.0000000000000000000, 0.0000000000000000000 ) ) ;
#13 = ORIENTED_EDGE ( 'NONE', *, *, #501, .F. ) ;
#14 = STYLED_ITEM ( 'NONE', ( #5608 ), #1658 ) ;
#15 = EDGE_CURVE ( 'NONE', #2931, #2102, #1849, .T. ) ;
#16 = EDGE_LOOP ( 'NONE', ( #3815, #3977, #3026, #3768 ) ) ;
#17 = CARTESIAN_POINT ( 'NONE',  ( -6.649999999999994100, -0.1250000000000057700, -4.429999999999994400 ) ) ;
#18 = CARTESIAN_POINT ( 'NONE',  ( 8.609999999999999400, 8.377119664100432000, 7.219999999999999800 ) ) ;
#19 = FACE_OUTER_BOUND ( 'NONE', #4057, .T. ) ;
#20 = PRESENTATION_STYLE_ASSIGNMENT (( #759 ) ) ;
#21 = EDGE_CURVE ( 'NONE', #2102, #4891, #4010, .T. ) ;
#22 = COLOUR_RGB ( '',1.000000000000000000, 1.000000000000000000, 0.0000000000000000000 ) ;
#23 = CARTESIAN_POINT ( 'NONE',  ( 6.813907182274246700, 0.1250000000000001400, -8.269999999999999600 ) ) ;
#24 =( NAMED_UNIT ( * ) SI_UNIT ( $, .STERADIAN. ) SOLID_ANGLE_UNIT ( ) );
#25 = COLOUR_RGB ( '',0.0000000000000000000, 0.0000000000000000000, 0.0000000000000000000 ) ;
#26 = ORIENTED_EDGE ( 'NONE', *, *, #708, .F. ) ;
#27 = CARTESIAN_POINT ( 'NONE',  ( 7.573907182274236800, 8.377119664100432000, 4.679999999999999700 ) ) ;
#28 = PRESENTATION_LAYER_ASSIGNMENT (  '', '', ( #5319 ) ) ;
#29 =( GEOMETRIC_REPRESENTATION_CONTEXT ( 3 ) GLOBAL_UNCERTAINTY_ASSIGNED_CONTEXT ( ( #1621 ) ) GLOBAL_UNIT_ASSIGNED_CONTEXT ( ( #4186, #5005, #4970 ) ) REPRESENTATION_CONTEXT ( 'NONE', 'WORKASPACE' ) );
#30 = DIRECTION ( 'NONE',  ( 1.000000000000000000, 0.0000000000000000000, -0.0000000000000000000 ) ) ;
#31 = ADVANCED_FACE ( 'NONE', ( #1845 ), #3758, .T. ) ;
#32 = FILL_AREA_STYLE_COLOUR ( '', #1926 ) ;
#33 = VECTOR ( 'NONE', #2952, 1000.000000000000000 ) ;
#34 = PLANE ( 'NONE',  #5628 ) ;
#35 = STYLED_ITEM ( 'NONE', ( #5178 ), #2237 ) ;
#36 = VERTEX_POINT ( 'NONE', #4878 ) ;
#37 = FILL_AREA_STYLE ('',( #973 ) ) ;
#38 = EDGE_CURVE ( 'NONE', #5211, #3358, #1685, .T. ) ;
#39 = CARTESIAN_POINT ( 'NONE',  ( 8.055773820624498400, -0.1249999999999992500, 8.269999999999999600 ) ) ;
#40 = LINE ( 'NONE', #3543, #4917 ) ;
#41 = FILL_AREA_STYLE ('',( #2360 ) ) ;
#42 = SURFACE_SIDE_STYLE ('',( #5492 ) ) ;
#43 = STYLED_ITEM ( 'NONE', ( #2492 ), #5441 ) ;
#44 = AXIS2_PLACEMENT_3D ( 'NONE', #3902, #1243, #4311 ) ;
#45 = PRESENTATION_STYLE_ASSIGNMENT (( #1967 ) ) ;
#46 = FILL_AREA_STYLE_COLOUR ( '', #233 ) ;
#47 = MECHANICAL_DESIGN_GEOMETRIC_PRESENTATION_REPRESENTATION (  '', ( #102 ), #29 ) ;
#48 = EDGE_CURVE ( 'NONE', #68, #5211, #1725, .T. ) ;
#49 = VECTOR ( 'NONE', #891, 1000.000000000000000 ) ;
#50 = CARTESIAN_POINT ( 'NONE',  ( 4.599999999999996100, 6.824999999999996600, 7.650000000000000400 ) ) ;
#51 = PRESENTATION_LAYER_ASSIGNMENT (  '', '', ( #3232 ) ) ;
#52 = PRESENTATION_STYLE_ASSIGNMENT (( #4245 ) ) ;
#53 = EDGE_CURVE ( 'NONE', #4564, #2642, #1679, .T. ) ;
#54 = DIRECTION ( 'NONE',  ( -0.0000000000000000000, 1.000000000000000000, -0.0000000000000000000 ) ) ;
#55 = EDGE_CURVE ( 'NONE', #1248, #68, #2886, .T. ) ;
#56 = COLOUR_RGB ( '',1.000000000000000000, 1.000000000000000000, 0.0000000000000000000 ) ;
#57 = VECTOR ( 'NONE', #4702, 1000.000000000000000 ) ;
#58 = VERTEX_POINT ( 'NONE', #1997 ) ;
#59 = SURFACE_STYLE_FILL_AREA ( #1334 ) ;
#60 = EDGE_CURVE ( 'NONE', #2642, #1186, #3917, .T. ) ;
#61 = PRESENTATION_STYLE_ASSIGNMENT (( #5478 ) ) ;
#62 = CARTESIAN_POINT ( 'NONE',  ( 6.649999999999996800, 0.1250000000000020000, 6.969999999999999800 ) ) ;
#63 =( LENGTH_UNIT ( ) NAMED_UNIT ( * ) SI_UNIT ( .MILLI., .METRE. ) );
#64 = PRESENTATION_LAYER_ASSIGNMENT (  '', '', ( #102 ) ) ;
#65 = SURFACE_STYLE_USAGE ( .BOTH. , #5624 ) ;
#66 = UNCERTAINTY_MEASURE_WITH_UNIT (LENGTH_MEASURE( 1.000000000000000100E-005 ), #1768, 'distance_accuracy_value', 'NONE');
#67 = DIRECTION ( 'NONE',  ( 0.0000000000000000000, 0.0000000000000000000, -1.000000000000000000 ) ) ;
#68 = VERTEX_POINT ( 'NONE', #1887 ) ;
#69 = SURFACE_STYLE_FILL_AREA ( #5621 ) ;
#70 = FACE_OUTER_BOUND ( 'NONE', #146, .T. ) ;
#71 = EDGE_LOOP ( 'NONE', ( #3032, #5183, #4853, #3290 ) ) ;
#72 = UNCERTAINTY_MEASURE_WITH_UNIT (LENGTH_MEASURE( 1.000000000000000100E-005 ), #4392, 'distance_accuracy_value', 'NONE');
#73 = ORIENTED_EDGE ( 'NONE', *, *, #2849, .F. ) ;
#74 = ORIENTED_EDGE ( 'NONE', *, *, #5542, .F. ) ;
#75 = EDGE_CURVE ( 'NONE', #1248, #3358, #1654, .T. ) ;
#76 = EDGE_LOOP ( 'NONE', ( #1866, #2460, #2267, #435 ) ) ;
#77 = ORIENTED_EDGE ( 'NONE', *, *, #2567, .T. ) ;
#78 = UNCERTAINTY_MEASURE_WITH_UNIT (LENGTH_MEASURE( 1.000000000000000100E-005 ), #4974, 'distance_accuracy_value', 'NONE');
#79 = ORIENTED_EDGE ( 'NONE', *, *, #5552, .T. ) ;
#80 = VERTEX_POINT ( 'NONE', #1388 ) ;
#81 = CARTESIAN_POINT ( 'NONE',  ( 8.055773820624491300, -0.1250000000000005800, -5.730000000000001300 ) ) ;
#82 = SURFACE_STYLE_USAGE ( .BOTH. , #107 ) ;
#83 = EDGE_CURVE ( 'NONE', #3899, #1244, #1594, .T. ) ;
#84 = ADVANCED_FACE ( 'NONE', ( #1602 ), #1437, .F. ) ;
#85 = DIRECTION ( 'NONE',  ( 4.742694567940698700E-032, -7.233811389675590400E-032, 1.000000000000000000 ) ) ;
#86 = SURFACE_STYLE_USAGE ( .BOTH. , #3199 ) ;
#87 =( GEOMETRIC_REPRESENTATION_CONTEXT ( 3 ) GLOBAL_UNCERTAINTY_ASSIGNED_CONTEXT ( ( #2766 ) ) GLOBAL_UNIT_ASSIGNED_CONTEXT ( ( #2351, #2333, #1912 ) ) REPRESENTATION_CONTEXT ( 'NONE', 'WORKASPACE' ) );
#88 =( LENGTH_UNIT ( ) NAMED_UNIT ( * ) SI_UNIT ( .MILLI., .METRE. ) );
#89 = VECTOR ( 'NONE', #3717, 1000.000000000000000 ) ;
#90 = AXIS2_PLACEMENT_3D ( 'NONE', #348, #319, #296 ) ;
#91 = ADVANCED_FACE ( 'NONE', ( #1466 ), #1006, .T. ) ;
#92 = DIRECTION ( 'NONE',  ( 0.0000000000000000000, -1.000000000000000000, 0.0000000000000000000 ) ) ;
#93 = SURFACE_STYLE_FILL_AREA ( #4990 ) ;
#94 =( NAMED_UNIT ( * ) PLANE_ANGLE_UNIT ( ) SI_UNIT ( $, .RADIAN. ) );
#95 = CARTESIAN_POINT ( 'NONE',  ( -6.399999999999990600, 0.1249999999999938200, 9.449999999999999300 ) ) ;
#96 = LINE ( 'NONE', #2437, #2113 ) ;
#97 = VECTOR ( 'NONE', #946, 1000.000000000000000 ) ;
#98 = EDGE_CURVE ( 'NONE', #2642, #80, #5530, .T. ) ;
#99 = DIRECTION ( 'NONE',  ( 0.0000000000000000000, -1.668003342285391800E-016, 1.000000000000000000 ) ) ;
#100 = ADVANCED_FACE ( 'NONE', ( #3173 ), #4274, .F. ) ;
#101 = MECHANICAL_DESIGN_GEOMETRIC_PRESENTATION_REPRESENTATION (  '', ( #152 ), #87 ) ;
#102 = STYLED_ITEM ( 'NONE', ( #2540 ), #2075 ) ;
#103 = CARTESIAN_POINT ( 'NONE',  ( -7.573907182274247400, -1.622880335899560000, -5.729999999999997800 ) ) ;
#104 = LINE ( 'NONE', #509, #97 ) ;
#105 = PRESENTATION_STYLE_ASSIGNMENT (( #2341 ) ) ;
#106 = CARTESIAN_POINT ( 'NONE',  ( 7.573907182274155000, 8.377119664100433700, -4.430000000000001500 ) ) ;
#107 = SURFACE_SIDE_STYLE ('',( #2943 ) ) ;
#108 = FILL_AREA_STYLE_COLOUR ( '', #540 ) ;
#109 = EDGE_CURVE ( 'NONE', #1186, #4641, #1195, .T. ) ;
#110 =( NAMED_UNIT ( * ) SI_UNIT ( $, .STERADIAN. ) SOLID_ANGLE_UNIT ( ) );
#111 = VECTOR ( 'NONE', #1285, 1000.000000000000000 ) ;
#112 = PRESENTATION_LAYER_ASSIGNMENT (  '', '', ( #152 ) ) ;
#113 = CARTESIAN_POINT ( 'NONE',  ( -6.399999999999997700, -0.1249999999999998200, 6.970000000000004200 ) ) ;
#114 =( NAMED_UNIT ( * ) SI_UNIT ( $, .STERADIAN. ) SOLID_ANGLE_UNIT ( ) );
#115 = DIRECTION ( 'NONE',  ( 4.742694567940698700E-032, -7.233811389675590400E-032, 1.000000000000000000 ) ) ;
#116 = FACE_OUTER_BOUND ( 'NONE', #2889, .T. ) ;
#117 = STYLED_ITEM ( 'NONE', ( #2331 ), #2252 ) ;
#118 = LINE ( 'NONE', #2924, #1932 ) ;
#119 = VECTOR ( 'NONE', #4742, 1000.000000000000000 ) ;
#120 = DIRECTION ( 'NONE',  ( -0.0000000000000000000, 1.000000000000000000, 1.668003342285391800E-016 ) ) ;
#121 = DIRECTION ( 'NONE',  ( -1.000000000000000000, 1.734723475976805500E-015, 0.0000000000000000000 ) ) ;
#122 = EDGE_CURVE ( 'NONE', #2243, #3899, #1200, .T. ) ;
#123 = CARTESIAN_POINT ( 'NONE',  ( 6.649999999999987900, -0.1249999999999995400, -5.730000000000001300 ) ) ;
#124 = FILL_AREA_STYLE_COLOUR ( '', #2105 ) ;
#125 =( NAMED_UNIT ( * ) PLANE_ANGLE_UNIT ( ) SI_UNIT ( $, .RADIAN. ) );
#126 = LINE ( 'NONE', #5127, #119 ) ;
#127 = DIRECTION ( 'NONE',  ( 1.000000000000000000, 0.0000000000000000000, 0.0000000000000000000 ) ) ;
#128 = AXIS2_PLACEMENT_3D ( 'NONE', #220, #3407, #693 ) ;
#129 = EDGE_CURVE ( 'NONE', #4735, #215, #3391, .T. ) ;
#130 = CARTESIAN_POINT ( 'NONE',  ( 7.344642163677967500, -1.722567603130882100, -8.269999999999999600 ) ) ;
#131 = EDGE_CURVE ( 'NONE', #4497, #2243, #4790, .T. ) ;
#132 = EDGE_CURVE ( 'NONE', #216, #2520, #2367, .T. ) ;
#133 = CARTESIAN_POINT ( 'NONE',  ( 4.599999999999996100, 6.824999999999996600, 8.049999999999990100 ) ) ;
#134 = EDGE_CURVE ( 'NONE', #1244, #4497, #2356, .T. ) ;
#135 = CARTESIAN_POINT ( 'NONE',  ( -7.573907182274247400, -1.622880335899560000, 7.220000000000010400 ) ) ;
#136 = FILL_AREA_STYLE_COLOUR ( '', #5461 ) ;
#137 = CARTESIAN_POINT ( 'NONE',  ( 6.399999999999998600, 0.1250000000000020000, 8.269999999999999600 ) ) ;
#138 = EDGE_CURVE ( 'NONE', #2095, #2801, #1119, .T. ) ;
#139 = VERTEX_POINT ( 'NONE', #1178 ) ;
#140 = CARTESIAN_POINT ( 'NONE',  ( -7.573907182274247400, -1.872880335899558300, 8.019999999999999600 ) ) ;
#141 = PLANE ( 'NONE',  #1005 ) ;
#142 =( LENGTH_UNIT ( ) NAMED_UNIT ( * ) SI_UNIT ( .MILLI., .METRE. ) );
#143 = AXIS2_PLACEMENT_3D ( 'NONE', #3137, #3115, #3092 ) ;
#144 =( GEOMETRIC_REPRESENTATION_CONTEXT ( 3 ) GLOBAL_UNCERTAINTY_ASSIGNED_CONTEXT ( ( #1463 ) ) GLOBAL_UNIT_ASSIGNED_CONTEXT ( ( #551, #436, #402 ) ) REPRESENTATION_CONTEXT ( 'NONE', 'WORKASPACE' ) );
#145 = ADVANCED_FACE ( 'NONE', ( #1070 ), #240, .T. ) ;
#146 = EDGE_LOOP ( 'NONE', ( #4370, #4344, #4333, #2763 ) ) ;
#147 = EDGE_LOOP ( 'NONE', ( #4803, #4785, #4775, #2422 ) ) ;
#148 =( NAMED_UNIT ( * ) PLANE_ANGLE_UNIT ( ) SI_UNIT ( $, .RADIAN. ) );
#149 = FILL_AREA_STYLE_COLOUR ( '', #2961 ) ;
#150 = VERTEX_POINT ( 'NONE', #735 ) ;
#151 = ORIENTED_EDGE ( 'NONE', *, *, #3916, .T. ) ;
#152 = STYLED_ITEM ( 'NONE', ( #5252 ), #2235 ) ;
#153 = EDGE_CURVE ( 'NONE', #1244, #5211, #1129, .T. ) ;
#154 = ORIENTED_EDGE ( 'NONE', *, *, #492, .T. ) ;
#155 = DIRECTION ( 'NONE',  ( -1.000000000000000000, -0.0000000000000000000, -0.0000000000000000000 ) ) ;
#156 = EDGE_LOOP ( 'NONE', ( #5047, #2289, #295, #864, #5282, #2294 ) ) ;
#157 = ADVANCED_FACE ( 'NONE', ( #901 ), #2544, .T. ) ;
#158 = COLOUR_RGB ( '',1.000000000000000000, 1.000000000000000000, 0.0000000000000000000 ) ;
#159 = CARTESIAN_POINT ( 'NONE',  ( -6.399999999999992400, -0.1250000000000057500, -5.729999999999997800 ) ) ;
#160 = PRESENTATION_STYLE_ASSIGNMENT (( #4546 ) ) ;
#161 = MECHANICAL_DESIGN_GEOMETRIC_PRESENTATION_REPRESENTATION (  '', ( #195 ), #144 ) ;
#162 = FILL_AREA_STYLE_COLOUR ( '', #2883 ) ;
#163 = SURFACE_STYLE_FILL_AREA ( #2413 ) ;
#164 = DIRECTION ( 'NONE',  ( -1.000000000000000000, 0.0000000000000000000, 0.0000000000000000000 ) ) ;
#165 =( LENGTH_UNIT ( ) NAMED_UNIT ( * ) SI_UNIT ( .MILLI., .METRE. ) );
#166 = AXIS2_PLACEMENT_3D ( 'NONE', #2484, #5388, #2911 ) ;
#167 = CARTESIAN_POINT ( 'NONE',  ( 7.573907182274257200, -1.622880335899569400, 8.269999999999999600 ) ) ;
#168 = PRESENTATION_STYLE_ASSIGNMENT (( #5467 ) ) ;
#169 = PRESENTATION_LAYER_ASSIGNMENT (  '', '', ( #195 ) ) ;
#170 = EDGE_CURVE ( 'NONE', #4497, #68, #3580, .T. ) ;
#171 = APPLICATION_PROTOCOL_DEFINITION ( 'draft international standard', 'automotive_design', 1998, #638 ) ;
#172 = CARTESIAN_POINT ( 'NONE',  ( -7.573907182274247400, -1.622880335899559200, 8.270000000000006700 ) ) ;
#173 = VERTEX_POINT ( 'NONE', #2502 ) ;
#174 = PLANE ( 'NONE',  #4108 ) ;
#175 = FACE_OUTER_BOUND ( 'NONE', #4738, .T. ) ;
#176 = AXIS2_PLACEMENT_3D ( 'NONE', #921, #833, #814 ) ;
#177 = SURFACE_STYLE_USAGE ( .BOTH. , #202 ) ;
#178 = DIRECTION ( 'NONE',  ( -1.000000000000000000, -0.0000000000000000000, -0.0000000000000000000 ) ) ;
#179 = DIRECTION ( 'NONE',  ( 0.0000000000000000000, -0.0000000000000000000, -1.000000000000000000 ) ) ;
#180 = VERTEX_POINT ( 'NONE', #2015 ) ;
#181 = DIRECTION ( 'NONE',  ( 0.0000000000000000000, -1.000000000000000000, 0.0000000000000000000 ) ) ;
#182 = SURFACE_STYLE_FILL_AREA ( #5480 ) ;
#183 = CARTESIAN_POINT ( 'NONE',  ( 7.573907182274134600, -1.872880335899570700, -7.220000000000000600 ) ) ;
#184 = SURFACE_STYLE_USAGE ( .BOTH. , #227 ) ;
#185 = CIRCLE ( 'NONE', #4581, 0.2500000000000002200 ) ;
#186 = LINE ( 'NONE', #5527, #2066 ) ;
#187 = EDGE_CURVE ( 'NONE', #80, #4582, #745, .T. ) ;
#188 = UNCERTAINTY_MEASURE_WITH_UNIT (LENGTH_MEASURE( 1.000000000000000100E-005 ), #4653, 'distance_accuracy_value', 'NONE');
#189 = DIRECTION ( 'NONE',  ( -2.501825041390404400E-018, 0.1045284632676541600, -0.9945218953682734000 ) ) ;
#190 = EDGE_LOOP ( 'NONE', ( #1836, #3613, #1493, #1425 ) ) ;
#191 = FILL_AREA_STYLE ('',( #5121 ) ) ;
#192 = LINE ( 'NONE', #3921, #2134 ) ;
#193 =( LENGTH_UNIT ( ) NAMED_UNIT ( * ) SI_UNIT ( .MILLI., .METRE. ) );
#194 = PRODUCT_CONTEXT ( 'NONE', #638, 'mechanical' ) ;
#195 = STYLED_ITEM ( 'NONE', ( #3282 ), #2068 ) ;
#196 = AXIS2_PLACEMENT_3D ( 'NONE', #3770, #1108, #4175 ) ;
#197 = UNCERTAINTY_MEASURE_WITH_UNIT (LENGTH_MEASURE( 1.000000000000000100E-005 ), #3062, 'distance_accuracy_value', 'NONE');
#198 = ADVANCED_FACE ( 'NONE', ( #5407 ), #2625, .T. ) ;
#199 = SURFACE_SIDE_STYLE ('',( #2273 ) ) ;
#200 = EDGE_CURVE ( 'NONE', #4812, #442, #598, .T. ) ;
#201 = VECTOR ( 'NONE', #1606, 1000.000000000000000 ) ;
#202 = SURFACE_SIDE_STYLE ('',( #5537 ) ) ;
#203 = CARTESIAN_POINT ( 'NONE',  ( -8.609999999999992300, 8.377119664100432000, -5.479999999999990700 ) ) ;
#204 = CARTESIAN_POINT ( 'NONE',  ( 6.399999999999997700, 0.1250000000000017200, 4.429999999999999700 ) ) ;
#205 = FILL_AREA_STYLE_COLOUR ( '', #4902 ) ;
#206 = VERTEX_POINT ( 'NONE', #1322 ) ;
#207 = CARTESIAN_POINT ( 'NONE',  ( -6.649999999999994100, -0.1250000000000056300, -4.429999999999994400 ) ) ;
#208 = EDGE_CURVE ( 'NONE', #442, #2528, #908, .T. ) ;
#209 = PLANE ( 'NONE',  #2456 ) ;
#210 = VERTEX_POINT ( 'NONE', #2122 ) ;
#211 =( GEOMETRIC_REPRESENTATION_CONTEXT ( 3 ) GLOBAL_UNCERTAINTY_ASSIGNED_CONTEXT ( ( #1505 ) ) GLOBAL_UNIT_ASSIGNED_CONTEXT ( ( #4754, #4731, #4723 ) ) REPRESENTATION_CONTEXT ( 'NONE', 'WORKASPACE' ) );
#212 =( GEOMETRIC_REPRESENTATION_CONTEXT ( 3 ) GLOBAL_UNCERTAINTY_ASSIGNED_CONTEXT ( ( #1550 ) ) GLOBAL_UNIT_ASSIGNED_CONTEXT ( ( #1060, #1011, #959 ) ) REPRESENTATION_CONTEXT ( 'NONE', 'WORKASPACE' ) );
#213 = CARTESIAN_POINT ( 'NONE',  ( 8.609999999999876900, -1.872880335899570700, -8.019999999999999600 ) ) ;
#214 = EDGE_CURVE ( 'NONE', #804, #2528, #2416, .T. ) ;
#215 = VERTEX_POINT ( 'NONE', #5154 ) ;
#216 = VERTEX_POINT ( 'NONE', #3428 ) ;
#217 = EDGE_LOOP ( 'NONE', ( #317, #4280, #4146, #4872 ) ) ;
#218 = CARTESIAN_POINT ( 'NONE',  ( 8.609999999999999400, -1.622880335899568700, 8.019999999999999600 ) ) ;
#219 = EDGE_LOOP ( 'NONE', ( #2742, #2005, #3227, #807 ) ) ;
#220 = CARTESIAN_POINT ( 'NONE',  ( 7.573907182274248300, -1.622880335899571100, -4.430000000000001500 ) ) ;
#221 = DIRECTION ( 'NONE',  ( 0.0000000000000000000, -1.000000000000000000, 0.0000000000000000000 ) ) ;
#222 = DIRECTION ( 'NONE',  ( 4.742694567940699800E-032, -7.233811389675590400E-032, 1.000000000000000000 ) ) ;
#223 = MECHANICAL_DESIGN_GEOMETRIC_PRESENTATION_REPRESENTATION (  '', ( #248 ), #212 ) ;
#224 =( LENGTH_UNIT ( ) NAMED_UNIT ( * ) SI_UNIT ( .MILLI., .METRE. ) );
#225 = ORIENTED_EDGE ( 'NONE', *, *, #1653, .F. ) ;
#226 = ORIENTED_EDGE ( 'NONE', *, *, #4975, .F. ) ;
#227 = SURFACE_SIDE_STYLE ('',( #4472 ) ) ;
#228 = VERTEX_POINT ( 'NONE', #3962 ) ;
#229 = CARTESIAN_POINT ( 'NONE',  ( 8.055773820624491300, -0.1250000000000005800, -5.730000000000001300 ) ) ;
#230 = UNCERTAINTY_MEASURE_WITH_UNIT (LENGTH_MEASURE( 1.000000000000000100E-005 ), #1823, 'distance_accuracy_value', 'NONE');
#231 = EDGE_CURVE ( 'NONE', #804, #570, #606, .T. ) ;
#232 = CYLINDRICAL_SURFACE ( 'NONE', #2319, 0.2500000000000002200 ) ;
#233 = COLOUR_RGB ( '',1.000000000000000000, 1.000000000000000000, 0.0000000000000000000 ) ;
#234 = CARTESIAN_POINT ( 'NONE',  ( 6.649999999999987900, -0.1250000000000005800, -5.730000000000001300 ) ) ;
#235 = ORIENTED_EDGE ( 'NONE', *, *, #571, .F. ) ;
#236 = AXIS2_PLACEMENT_3D ( 'NONE', #1837, #2519, #1432 ) ;
#237 = CARTESIAN_POINT ( 'NONE',  ( -6.399999999999991500, 0.1249999999999938200, 8.270000000000006700 ) ) ;
#238 =( NAMED_UNIT ( * ) SI_UNIT ( $, .STERADIAN. ) SOLID_ANGLE_UNIT ( ) );
#239 = EDGE_CURVE ( 'NONE', #2327, #3811, #587, .T. ) ;
#240 = PLANE ( 'NONE',  #5084 ) ;
#241 = DIRECTION ( 'NONE',  ( 0.0000000000000000000, -0.0000000000000000000, -1.000000000000000000 ) ) ;
#242 = COLOUR_RGB ( '',0.0000000000000000000, 0.0000000000000000000, 0.0000000000000000000 ) ;
#243 = FILL_AREA_STYLE ('',( #1074 ) ) ;
#244 = ORIENTED_EDGE ( 'NONE', *, *, #2658, .T. ) ;
#245 = CIRCLE ( 'NONE', #441, 0.2500000000000002200 ) ;
#246 = AXIS2_PLACEMENT_3D ( 'NONE', #123, #3309, #577 ) ;
#247 = DIRECTION ( 'NONE',  ( 0.0000000000000000000, 0.0000000000000000000, 1.000000000000000000 ) ) ;
#248 = STYLED_ITEM ( 'NONE', ( #4266 ), #2065 ) ;
#249 = EDGE_CURVE ( 'NONE', #2327, #58, #595, .T. ) ;
#250 = VECTOR ( 'NONE', #964, 1000.000000000000000 ) ;
#251 = LINE ( 'NONE', #797, #2769 ) ;
#252 = PRESENTATION_STYLE_ASSIGNMENT (( #4965 ) ) ;
#253 = FILL_AREA_STYLE_COLOUR ( '', #847 ) ;
#254 = ADVANCED_FACE ( 'NONE', ( #538 ), #772, .T. ) ;
#255 = PRESENTATION_STYLE_ASSIGNMENT (( #5199 ) ) ;
#256 = SURFACE_STYLE_USAGE ( .BOTH. , #2984 ) ;
#257 = SURFACE_STYLE_FILL_AREA ( #2605 ) ;
#258 =( GEOMETRIC_REPRESENTATION_CONTEXT ( 3 ) GLOBAL_UNCERTAINTY_ASSIGNED_CONTEXT ( ( #2596 ) ) GLOBAL_UNIT_ASSIGNED_CONTEXT ( ( #3591, #3586, #3322 ) ) REPRESENTATION_CONTEXT ( 'NONE', 'WORKASPACE' ) );
#259 = EDGE_CURVE ( 'NONE', #932, #3236, #405, .T. ) ;
#260 = DIRECTION ( 'NONE',  ( 1.000000000000000000, 1.807003620809171900E-016, 0.0000000000000000000 ) ) ;
#261 = CARTESIAN_POINT ( 'NONE',  ( 7.573907182274236800, -1.872880335899568900, 5.479999999999998600 ) ) ;
#262 = CARTESIAN_POINT ( 'NONE',  ( 8.055773820624491300, 0.1250000000000004700, -4.430000000000001500 ) ) ;
#263 = DIRECTION ( 'NONE',  ( 1.000000000000000000, 3.577867169202161500E-015, 0.0000000000000000000 ) ) ;
#264 = SURFACE_SIDE_STYLE ('',( #69 ) ) ;
#265 = SURFACE_STYLE_FILL_AREA ( #3514 ) ;
#266 = DIRECTION ( 'NONE',  ( 0.0000000000000000000, -1.000000000000000000, 0.0000000000000000000 ) ) ;
#267 = UNCERTAINTY_MEASURE_WITH_UNIT (LENGTH_MEASURE( 1.000000000000000100E-005 ), #3135, 'distance_accuracy_value', 'NONE');
#268 = EDGE_CURVE ( 'NONE', #2801, #3418, #2261, .T. ) ;
#269 = SURFACE_STYLE_FILL_AREA ( #5013 ) ;
#270 =( NAMED_UNIT ( * ) PLANE_ANGLE_UNIT ( ) SI_UNIT ( $, .RADIAN. ) );
#271 = AXIS2_PLACEMENT_3D ( 'NONE', #4482, #1846, #4880 ) ;
#272 = EDGE_CURVE ( 'NONE', #58, #4812, #397, .T. ) ;
#273 = PRESENTATION_STYLE_ASSIGNMENT (( #2545 ) ) ;
#274 =( NAMED_UNIT ( * ) SI_UNIT ( $, .STERADIAN. ) SOLID_ANGLE_UNIT ( ) );
#275 = ORIENTED_EDGE ( 'NONE', *, *, #1420, .F. ) ;
#276 = MECHANICAL_DESIGN_GEOMETRIC_PRESENTATION_REPRESENTATION (  '', ( #117 ), #5627 ) ;
#277 = SURFACE_STYLE_USAGE ( .BOTH. , #264 ) ;
#278 = DIRECTION ( 'NONE',  ( 1.807003620809171900E-016, -1.000000000000000000, -7.233811389675591500E-032 ) ) ;
#279 = FACE_OUTER_BOUND ( 'NONE', #1499, .T. ) ;
#280 = EDGE_CURVE ( 'NONE', #1125, #2938, #2800, .T. ) ;
#281 = CARTESIAN_POINT ( 'NONE',  ( -6.649999999999994100, -0.1250000000000061900, -8.269999999999996000 ) ) ;
#282 = EDGE_LOOP ( 'NONE', ( #1085, #1091, #1045, #1095 ) ) ;
#283 = COLOUR_RGB ( '',1.000000000000000000, 1.000000000000000000, 0.0000000000000000000 ) ;
#284 = CARTESIAN_POINT ( 'NONE',  ( 6.879265018596268700, -0.02531273276868873500, -5.730000000000001300 ) ) ;
#285 = LINE ( 'NONE', #4103, #2247 ) ;
#286 = SURFACE_SIDE_STYLE ('',( #3307 ) ) ;
#287 = ADVANCED_BREP_SHAPE_REPRESENTATION ( 'TDR 3SM', ( #5441, #981 ), #438 ) ;
#288 = DIRECTION ( 'NONE',  ( 0.0000000000000000000, -1.000000000000000000, 0.0000000000000000000 ) ) ;
#289 = CARTESIAN_POINT ( 'NONE',  ( -6.813907182274253800, 0.1249999999999929800, -8.269999999999996000 ) ) ;
#290 = PRESENTATION_LAYER_ASSIGNMENT (  '', '', ( #248 ) ) ;
#291 = VERTEX_POINT ( 'NONE', #4661 ) ;
#292 = LINE ( 'NONE', #1884, #2299 ) ;
#293 = DIRECTION ( 'NONE',  ( -0.0000000000000000000, -0.0000000000000000000, 1.000000000000000000 ) ) ;
#294 = ORIENTED_EDGE ( 'NONE', *, *, #2546, .F. ) ;
#295 = ORIENTED_EDGE ( 'NONE', *, *, #4551, .T. ) ;
#296 = DIRECTION ( 'NONE',  ( 1.000000000000000000, 0.0000000000000000000, 0.0000000000000000000 ) ) ;
#297 =( GEOMETRIC_REPRESENTATION_CONTEXT ( 3 ) GLOBAL_UNCERTAINTY_ASSIGNED_CONTEXT ( ( #1615 ) ) GLOBAL_UNIT_ASSIGNED_CONTEXT ( ( #1711, #1598, #1563 ) ) REPRESENTATION_CONTEXT ( 'NONE', 'WORKASPACE' ) );
#298 = EDGE_LOOP ( 'NONE', ( #1825, #1647, #660, #1518 ) ) ;
#299 = CARTESIAN_POINT ( 'NONE',  ( -7.573907182274247400, -1.622880335899559200, -8.269999999999996000 ) ) ;
#300 = EDGE_LOOP ( 'NONE', ( #3017, #343, #2956, #2825 ) ) ;
#301 = VERTEX_POINT ( 'NONE', #3880 ) ;
#302 = ORIENTED_EDGE ( 'NONE', *, *, #479, .T. ) ;
#303 = FACE_OUTER_BOUND ( 'NONE', #1760, .T. ) ;
#304 = AXIS2_PLACEMENT_3D ( 'NONE', #3690, #1021, #4110 ) ;
#305 = MECHANICAL_DESIGN_GEOMETRIC_PRESENTATION_REPRESENTATION (  '', ( #418 ), #258 ) ;
#306 = MECHANICAL_DESIGN_GEOMETRIC_PRESENTATION_REPRESENTATION (  '', ( #340 ), #297 ) ;
#307 = SURFACE_STYLE_USAGE ( .BOTH. , #286 ) ;
#308 =( NAMED_UNIT ( * ) SI_UNIT ( $, .STERADIAN. ) SOLID_ANGLE_UNIT ( ) );
#309 = PRESENTATION_STYLE_ASSIGNMENT (( #3681 ) ) ;
#310 = EDGE_CURVE ( 'NONE', #657, #1125, #2359, .T. ) ;
#311 = ORIENTED_EDGE ( 'NONE', *, *, #1293, .T. ) ;
#312 =( NAMED_UNIT ( * ) SI_UNIT ( $, .STERADIAN. ) SOLID_ANGLE_UNIT ( ) );
#313 = FILL_AREA_STYLE ('',( #1209 ) ) ;
#314 = PRESENTATION_LAYER_ASSIGNMENT (  '', '', ( #340 ) ) ;
#315 = SURFACE_STYLE_FILL_AREA ( #3705 ) ;
#316 = LINE ( 'NONE', #5003, #394 ) ;
#317 = ORIENTED_EDGE ( 'NONE', *, *, #3152, .F. ) ;
#318 = CYLINDRICAL_SURFACE ( 'NONE', #1928, 0.2500000000000000000 ) ;
#319 = DIRECTION ( 'NONE',  ( -0.0000000000000000000, 0.0000000000000000000, 1.000000000000000000 ) ) ;
#320 = EDGE_CURVE ( 'NONE', #657, #6, #395, .T. ) ;
#321 = DIRECTION ( 'NONE',  ( 4.742694567940698700E-032, -7.233811389675591500E-032, 1.000000000000000000 ) ) ;
#322 = CARTESIAN_POINT ( 'NONE',  ( 6.261656216492939500, -1.441253176262168100, -9.311656216492947300 ) ) ;
#323 = CARTESIAN_POINT ( 'NONE',  ( -7.573907182274247400, -1.872880335899558500, 7.220000000000010400 ) ) ;
#324 = LINE ( 'NONE', #2255, #5035 ) ;
#325 = ADVANCED_FACE ( 'NONE', ( #816 ), #5464, .T. ) ;
#326 = EDGE_LOOP ( 'NONE', ( #4020, #3134, #2672, #4259, #4179, #3673, #4580, #4622 ) ) ;
#327 = SURFACE_STYLE_USAGE ( .BOTH. , #199 ) ;
#328 = COLOUR_RGB ( '',1.000000000000000000, 1.000000000000000000, 0.0000000000000000000 ) ;
#329 = DIRECTION ( 'NONE',  ( -0.3987490689252438100, -0.9170600743851250500, 0.0000000000000000000 ) ) ;
#330 = VECTOR ( 'NONE', #1688, 1000.000000000000000 ) ;
#331 = AXIS2_PLACEMENT_3D ( 'NONE', #2004, #1944, #1855 ) ;
#332 = EDGE_CURVE ( 'NONE', #6, #1567, #251, .T. ) ;
#333 = ADVANCED_FACE ( 'NONE', ( #5053 ), #704, .T. ) ;
#334 =( LENGTH_UNIT ( ) NAMED_UNIT ( * ) SI_UNIT ( .MILLI., .METRE. ) );
#335 = CARTESIAN_POINT ( 'NONE',  ( 7.573907182274258100, -1.622880335899568300, 8.269999999999999600 ) ) ;
#336 =( NAMED_UNIT ( * ) PLANE_ANGLE_UNIT ( ) SI_UNIT ( $, .RADIAN. ) );
#337 = CARTESIAN_POINT ( 'NONE',  ( 7.409999999999988600, -1.872880335899570900, -5.480000000000001300 ) ) ;
#338 = LINE ( 'NONE', #3802, #1454 ) ;
#339 = CARTESIAN_POINT ( 'NONE',  ( -7.573907182274247400, 8.377119664100432000, -7.220000000000000600 ) ) ;
#340 = STYLED_ITEM ( 'NONE', ( #5213 ), #2036 ) ;
#341 = PRESENTATION_STYLE_ASSIGNMENT (( #4499 ) ) ;
#342 = EDGE_CURVE ( 'NONE', #5067, #1585, #2862, .T. ) ;
#343 = ORIENTED_EDGE ( 'NONE', *, *, #1198, .T. ) ;
#344 = COLOUR_RGB ( '',1.000000000000000000, 1.000000000000000000, 0.0000000000000000000 ) ;
#345 =( LENGTH_UNIT ( ) NAMED_UNIT ( * ) SI_UNIT ( .MILLI., .METRE. ) );
#346 = DIRECTION ( 'NONE',  ( -1.093590911432185900E-016, -1.668003342285390800E-016, 1.000000000000000000 ) ) ;
#347 = ADVANCED_FACE ( 'NONE', ( #4066 ), #2482, .F. ) ;
#348 = CARTESIAN_POINT ( 'NONE',  ( 8.055773820624491300, 0.1250000000000004700, -5.730000000000001300 ) ) ;
#349 = UNCERTAINTY_MEASURE_WITH_UNIT (LENGTH_MEASURE( 1.000000000000000100E-005 ), #4590, 'distance_accuracy_value', 'NONE');
#350 = CARTESIAN_POINT ( 'NONE',  ( 6.048867878803643600, 6.824999999999999300, -9.098867878803648800 ) ) ;
#351 = FILL_AREA_STYLE ('',( #3009 ) ) ;
#352 = CARTESIAN_POINT ( 'NONE',  ( 6.649999999999987900, -0.1249999999999995400, -4.430000000000001500 ) ) ;
#353 =( LENGTH_UNIT ( ) NAMED_UNIT ( * ) SI_UNIT ( .MILLI., .METRE. ) );
#354 = COLOUR_RGB ( '',1.000000000000000000, 1.000000000000000000, 0.0000000000000000000 ) ;
#355 =( GEOMETRIC_REPRESENTATION_CONTEXT ( 3 ) GLOBAL_UNCERTAINTY_ASSIGNED_CONTEXT ( ( #415 ) ) GLOBAL_UNIT_ASSIGNED_CONTEXT ( ( #3651, #977, #4071 ) ) REPRESENTATION_CONTEXT ( 'NONE', 'WORKASPACE' ) );
#356 = EDGE_CURVE ( 'NONE', #5067, #210, #4464, .T. ) ;
#357 = FILL_AREA_STYLE_COLOUR ( '', #1423 ) ;
#358 = EDGE_LOOP ( 'NONE', ( #3475, #4517, #3151, #2737 ) ) ;
#359 = PRESENTATION_STYLE_ASSIGNMENT (( #2131 ) ) ;
#360 = DIRECTION ( 'NONE',  ( -0.0000000000000000000, 0.0000000000000000000, -1.000000000000000000 ) ) ;
#361 = ORIENTED_EDGE ( 'NONE', *, *, #1203, .T. ) ;
#362 = FACE_OUTER_BOUND ( 'NONE', #217, .T. ) ;
#363 = EDGE_CURVE ( 'NONE', #4413, #2251, #5593, .T. ) ;
#364 = EDGE_CURVE ( 'NONE', #210, #2938, #4538, .T. ) ;
#365 = COLOUR_RGB ( '',1.000000000000000000, 1.000000000000000000, 0.0000000000000000000 ) ;
#366 = SURFACE_SIDE_STYLE ('',( #2527 ) ) ;
#367 = UNCERTAINTY_MEASURE_WITH_UNIT (LENGTH_MEASURE( 1.000000000000000100E-005 ), #4019, 'distance_accuracy_value', 'NONE');
#368 = DIRECTION ( 'NONE',  ( -1.000000000000000000, -0.0000000000000000000, -0.0000000000000000000 ) ) ;
#369 = PRESENTATION_LAYER_ASSIGNMENT (  '', '', ( #4247 ) ) ;
#370 = FILL_AREA_STYLE ('',( #841 ) ) ;
#371 = ORIENTED_EDGE ( 'NONE', *, *, #1127, .T. ) ;
#372 =( GEOMETRIC_REPRESENTATION_CONTEXT ( 3 ) GLOBAL_UNCERTAINTY_ASSIGNED_CONTEXT ( ( #1541 ) ) GLOBAL_UNIT_ASSIGNED_CONTEXT ( ( #2165, #2076, #2043 ) ) REPRESENTATION_CONTEXT ( 'NONE', 'WORKASPACE' ) );
#373 =( NAMED_UNIT ( * ) PLANE_ANGLE_UNIT ( ) SI_UNIT ( $, .RADIAN. ) );
#374 = EDGE_CURVE ( 'NONE', #953, #3412, #5425, .T. ) ;
#375 = ORIENTED_EDGE ( 'NONE', *, *, #2815, .T. ) ;
#376 = EDGE_LOOP ( 'NONE', ( #2440, #3153, #5332, #3074 ) ) ;
#377 = VECTOR ( 'NONE', #4378, 1000.000000000000000 ) ;
#378 = VERTEX_POINT ( 'NONE', #5429 ) ;
#379 = EDGE_CURVE ( 'NONE', #2496, #3418, #586, .T. ) ;
#380 = EDGE_LOOP ( 'NONE', ( #3836, #3709, #3700, #4018 ) ) ;
#381 = DIRECTION ( 'NONE',  ( -4.742694567940697100E-032, 7.233811389675592600E-032, -1.000000000000000000 ) ) ;
#382 = UNCERTAINTY_MEASURE_WITH_UNIT (LENGTH_MEASURE( 1.000000000000000100E-005 ), #970, 'distance_accuracy_value', 'NONE');
#383 = MECHANICAL_DESIGN_GEOMETRIC_PRESENTATION_REPRESENTATION (  '', ( #419 ), #372 ) ;
#384 = SURFACE_STYLE_FILL_AREA ( #351 ) ;
#385 = DIRECTION ( 'NONE',  ( 1.000000000000000000, -1.734723475976805500E-015, 0.0000000000000000000 ) ) ;
#386 = FILL_AREA_STYLE ('',( #32 ) ) ;
#387 = CARTESIAN_POINT ( 'NONE',  ( -6.649999999999994100, -0.1250000000000061900, -8.269999999999996000 ) ) ;
#388 = PRESENTATION_STYLE_ASSIGNMENT (( #1282 ) ) ;
#389 = VECTOR ( 'NONE', #3103, 1000.000000000000200 ) ;
#390 = DIRECTION ( 'NONE',  ( -1.000000000000000000, -0.0000000000000000000, -0.0000000000000000000 ) ) ;
#391 = ADVANCED_FACE ( 'NONE', ( #5350 ), #1722, .T. ) ;
#392 = EDGE_CURVE ( 'NONE', #36, #953, #5230, .T. ) ;
#393 = LINE ( 'NONE', #427, #400 ) ;
#394 = VECTOR ( 'NONE', #5129, 1000.000000000000000 ) ;
#395 = CIRCLE ( 'NONE', #4852, 0.2500000000000002200 ) ;
#396 = VECTOR ( 'NONE', #4598, 1000.000000000000000 ) ;
#397 = LINE ( 'NONE', #3603, #389 ) ;
#398 = FACE_OUTER_BOUND ( 'NONE', #358, .T. ) ;
#399 = DIRECTION ( 'NONE',  ( 4.742694567940698700E-032, -7.233811389675591500E-032, 1.000000000000000000 ) ) ;
#400 = VECTOR ( 'NONE', #1447, 1000.000000000000100 ) ;
#401 = EDGE_CURVE ( 'NONE', #36, #5376, #185, .T. ) ;
#402 =( NAMED_UNIT ( * ) SI_UNIT ( $, .STERADIAN. ) SOLID_ANGLE_UNIT ( ) );
#403 = LINE ( 'NONE', #4834, #528 ) ;
#404 = CARTESIAN_POINT ( 'NONE',  ( -7.573907182274247400, -1.622880335899560000, -7.220000000000000600 ) ) ;
#405 = LINE ( 'NONE', #3620, #1525 ) ;
#406 = PRESENTATION_LAYER_ASSIGNMENT (  '', '', ( #418 ) ) ;
#407 = SURFACE_STYLE_FILL_AREA ( #1421 ) ;
#408 = PRESENTATION_LAYER_ASSIGNMENT (  '', '', ( #419 ) ) ;
#409 = EDGE_CURVE ( 'NONE', #5376, #3779, #118, .T. ) ;
#410 = VECTOR ( 'NONE', #3791, 1000.000000000000000 ) ;
#411 = VECTOR ( 'NONE', #1516, 1000.000000000000000 ) ;
#412 = DIRECTION ( 'NONE',  ( -0.3987490689252437500, -0.9170600743851251600, 0.0000000000000000000 ) ) ;
#413 = ORIENTED_EDGE ( 'NONE', *, *, #3014, .F. ) ;
#414 = CARTESIAN_POINT ( 'NONE',  ( 8.609999999999876900, -1.872880335899572500, -7.220000000000000600 ) ) ;
#415 = UNCERTAINTY_MEASURE_WITH_UNIT (LENGTH_MEASURE( 1.000000000000000100E-005 ), #3651, 'distance_accuracy_value', 'NONE');
#416 = CARTESIAN_POINT ( 'NONE',  ( -7.573907182274247400, -1.622880335899559200, 8.270000000000006700 ) ) ;
#417 = LINE ( 'NONE', #1582, #201 ) ;
#418 = STYLED_ITEM ( 'NONE', ( #5329 ), #2232 ) ;
#419 = STYLED_ITEM ( 'NONE', ( #526 ), #2035 ) ;
#420 = VECTOR ( 'NONE', #1347, 1000.000000000000000 ) ;
#421 = DIRECTION ( 'NONE',  ( 0.0000000000000000000, -1.814126214557196800E-031, 1.000000000000000000 ) ) ;
#422 = AXIS2_PLACEMENT_3D ( 'NONE', #5147, #5136, #5070 ) ;
#423 = AXIS2_PLACEMENT_3D ( 'NONE', #2720, #2686, #2656 ) ;
#424 = LINE ( 'NONE', #1374, #411 ) ;
#425 = VERTEX_POINT ( 'NONE', #3298 ) ;
#426 = CARTESIAN_POINT ( 'NONE',  ( 6.399999999999998600, 0.1249999999999998900, 9.449999999999999300 ) ) ;
#427 = CARTESIAN_POINT ( 'NONE',  ( 6.649999999999987900, -0.1250000000000008900, -8.269999999999999600 ) ) ;
#428 =( LENGTH_UNIT ( ) NAMED_UNIT ( * ) SI_UNIT ( .MILLI., .METRE. ) );
#429 = DIRECTION ( 'NONE',  ( -0.0000000000000000000, 0.0000000000000000000, 1.000000000000000000 ) ) ;
#430 = MECHANICAL_DESIGN_GEOMETRIC_PRESENTATION_REPRESENTATION (  '', ( #489 ), #355 ) ;
#431 = ADVANCED_FACE ( 'NONE', ( #836 ), #4099, .T. ) ;
#432 = EDGE_CURVE ( 'NONE', #2591, #2509, #4722, .T. ) ;
#433 = CYLINDRICAL_SURFACE ( 'NONE', #3192, 0.2500000000000002200 ) ;
#434 =( NAMED_UNIT ( * ) PLANE_ANGLE_UNIT ( ) SI_UNIT ( $, .RADIAN. ) );
#435 = ORIENTED_EDGE ( 'NONE', *, *, #1384, .F. ) ;
#436 =( NAMED_UNIT ( * ) PLANE_ANGLE_UNIT ( ) SI_UNIT ( $, .RADIAN. ) );
#437 = CARTESIAN_POINT ( 'NONE',  ( -6.649999999999994100, -0.1250000000000059100, -6.969999999999993500 ) ) ;
#438 =( GEOMETRIC_REPRESENTATION_CONTEXT ( 3 ) GLOBAL_UNCERTAINTY_ASSIGNED_CONTEXT ( ( #78 ) ) GLOBAL_UNIT_ASSIGNED_CONTEXT ( ( #4974, #2476, #5380 ) ) REPRESENTATION_CONTEXT ( 'NONE', 'WORKASPACE' ) );
#439 = CLOSED_SHELL ( 'NONE', ( #1934, #2000, #930, #2310, #2305, #1895, #2078, #1892, #2246, #1903, #333, #1593, #1973, #2100, #1872, #2378, #1943, #1543, #1936, #2202, #1956, #1172, #1991, #1945, #2080, #347, #254, #2068, #2125, #2242, #2180, #2252, #2205, #2374, #2171, #1917, #2337, #2145, #2281, #2117, #2237, #391, #2211, #2906, #2204, #1880, #145, #198, #454, #591, #2075, #2295, #592, #2010, #2128, #608, #635, #1207, #2232, #1299, #1380, #1975, #2144, #1469, #2279, #2036, #1925, #1546, #2160, #1946, #1658, #1861, #31, #1882, #2065, #2229, #2001, #2023, #2029, #2030, #100, #2035, #2315, #1984, #84, #157, #2170, #2223, #2254, #2270, #2272, #431, #1916, #2158, #1964, #2286, #2101, #1923, #2288, #1990, #2301, #2183, #684, #91, #460, #2235, #1965, #2312, #325, #2322, #2324, #1953, #988, #2338, #2221, #2343, #1885, #2345, #2154, #1842, #2365, #2094, #2112, #2212, #2368, #2162, #546, #2379, #2135 ) ) ;
#440 = SURFACE_STYLE_FILL_AREA ( #2975 ) ;
#441 = AXIS2_PLACEMENT_3D ( 'NONE', #2390, #2353, #2302 ) ;
#442 = VERTEX_POINT ( 'NONE', #4830 ) ;
#443 = EDGE_CURVE ( 'NONE', #2591, #4697, #3016, .T. ) ;
#444 = SURFACE_STYLE_USAGE ( .BOTH. , #485 ) ;
#445 = VERTEX_POINT ( 'NONE', #281 ) ;
#446 = CARTESIAN_POINT ( 'NONE',  ( -6.399999999999999500, -0.1250000000000058600, -6.969999999999993500 ) ) ;
#447 = UNCERTAINTY_MEASURE_WITH_UNIT (LENGTH_MEASURE( 1.000000000000000100E-005 ), #2537, 'distance_accuracy_value', 'NONE');
#448 = ORIENTED_EDGE ( 'NONE', *, *, #1441, .T. ) ;
#449 = LINE ( 'NONE', #4083, #1737 ) ;
#450 = EDGE_CURVE ( 'NONE', #4697, #3412, #842, .T. ) ;
#451 = ORIENTED_EDGE ( 'NONE', *, *, #894, .F. ) ;
#452 = VECTOR ( 'NONE', #515, 1000.000000000000000 ) ;
#453 = UNCERTAINTY_MEASURE_WITH_UNIT (LENGTH_MEASURE( 1.000000000000000100E-005 ), #4335, 'distance_accuracy_value', 'NONE');
#454 = ADVANCED_FACE ( 'NONE', ( #4589 ), #4535, .T. ) ;
#455 = VECTOR ( 'NONE', #1966, 1000.000000000000200 ) ;
#456 =( NAMED_UNIT ( * ) SI_UNIT ( $, .STERADIAN. ) SOLID_ANGLE_UNIT ( ) );
#457 = EDGE_CURVE ( 'NONE', #2496, #5420, #4857, .T. ) ;
#458 = EDGE_CURVE ( 'NONE', #5216, #504, #4792, .T. ) ;
#459 = ORIENTED_EDGE ( 'NONE', *, *, #675, .F. ) ;
#460 = ADVANCED_FACE ( 'NONE', ( #4796 ), #1534, .T. ) ;
#461 = CARTESIAN_POINT ( 'NONE',  ( -7.573907182274247400, -1.872880335899558900, -7.220000000000000600 ) ) ;
#462 = DIRECTION ( 'NONE',  ( 0.0000000000000000000, -0.0000000000000000000, 1.000000000000000000 ) ) ;
#463 = AXIS2_PLACEMENT_3D ( 'NONE', #4288, #4123, #3925 ) ;
#464 = EDGE_CURVE ( 'NONE', #2998, #4035, #5468, .T. ) ;
#465 = PRESENTATION_STYLE_ASSIGNMENT (( #1522 ) ) ;
#466 = DIRECTION ( 'NONE',  ( -0.3987490689252438100, -0.9170600743851250500, 0.0000000000000000000 ) ) ;
#467 = DIRECTION ( 'NONE',  ( 0.3987490689252437500, -0.9170600743851250500, 0.0000000000000000000 ) ) ;
#468 = PRESENTATION_STYLE_ASSIGNMENT (( #65 ) ) ;
#469 =( GEOMETRIC_REPRESENTATION_CONTEXT ( 3 ) GLOBAL_UNCERTAINTY_ASSIGNED_CONTEXT ( ( #1573 ) ) GLOBAL_UNIT_ASSIGNED_CONTEXT ( ( #2936, #2916, #2832 ) ) REPRESENTATION_CONTEXT ( 'NONE', 'WORKASPACE' ) );
#470 = DIRECTION ( 'NONE',  ( 0.0000000000000000000, -0.0000000000000000000, -1.000000000000000000 ) ) ;
#471 = EDGE_CURVE ( 'NONE', #5518, #5620, #2550, .T. ) ;
#472 = COLOUR_RGB ( '',1.000000000000000000, 1.000000000000000000, 0.0000000000000000000 ) ;
#473 = SURFACE_STYLE_FILL_AREA ( #2014 ) ;
#474 = CARTESIAN_POINT ( 'NONE',  ( 6.399999999999996800, 0.1250000000000017200, 5.729999999999998600 ) ) ;
#475 = PRESENTATION_LAYER_ASSIGNMENT (  '', '', ( #489 ) ) ;
#476 = SURFACE_STYLE_FILL_AREA ( #5080 ) ;
#477 = MECHANICAL_DESIGN_GEOMETRIC_PRESENTATION_REPRESENTATION (  '', ( #510 ), #469 ) ;
#478 = DIRECTION ( 'NONE',  ( 1.000000000000000000, 0.0000000000000000000, -0.0000000000000000000 ) ) ;
#479 = EDGE_CURVE ( 'NONE', #2701, #497, #5413, .T. ) ;
#480 = UNCERTAINTY_MEASURE_WITH_UNIT (LENGTH_MEASURE( 1.000000000000000100E-005 ), #345, 'distance_accuracy_value', 'NONE');
#481 = VECTOR ( 'NONE', #1328, 1000.000000000000000 ) ;
#482 = PRESENTATION_STYLE_ASSIGNMENT (( #1206 ) ) ;
#483 = CARTESIAN_POINT ( 'NONE',  ( 8.609999999999896400, 8.377119664100433700, -5.480000000000001300 ) ) ;
#484 = FACE_OUTER_BOUND ( 'NONE', #4700, .T. ) ;
#485 = SURFACE_SIDE_STYLE ('',( #4937 ) ) ;
#486 = FACE_OUTER_BOUND ( 'NONE', #2407, .T. ) ;
#487 = DIRECTION ( 'NONE',  ( 0.0000000000000000000, -1.000000000000000000, 0.0000000000000000000 ) ) ;
#488 = VERTEX_POINT ( 'NONE', #2486 ) ;
#489 = STYLED_ITEM ( 'NONE', ( #800 ), #2906 ) ;
#490 = PRESENTATION_LAYER_ASSIGNMENT (  '', '', ( #510 ) ) ;
#491 =( NAMED_UNIT ( * ) PLANE_ANGLE_UNIT ( ) SI_UNIT ( $, .RADIAN. ) );
#492 = EDGE_CURVE ( 'NONE', #4767, #4322, #2806, .T. ) ;
#493 = SURFACE_SIDE_STYLE ('',( #2581 ) ) ;
#494 = LINE ( 'NONE', #483, #3274 ) ;
#495 = AXIS2_PLACEMENT_3D ( 'NONE', #680, #3234, #3215 ) ;
#496 = AXIS2_PLACEMENT_3D ( 'NONE', #766, #743, #713 ) ;
#497 = VERTEX_POINT ( 'NONE', #2607 ) ;
#498 = SURFACE_STYLE_USAGE ( .BOTH. , #3222 ) ;
#499 =( NAMED_UNIT ( * ) PLANE_ANGLE_UNIT ( ) SI_UNIT ( $, .RADIAN. ) );
#500 = PRESENTATION_STYLE_ASSIGNMENT (( #1555 ) ) ;
#501 = EDGE_CURVE ( 'NONE', #575, #4322, #3645, .T. ) ;
#502 = ORIENTED_EDGE ( 'NONE', *, *, #471, .T. ) ;
#503 = DIRECTION ( 'NONE',  ( 1.000000000000000000, 1.807003620809171700E-016, 0.0000000000000000000 ) ) ;
#504 = VERTEX_POINT ( 'NONE', #2898 ) ;
#505 = FILL_AREA_STYLE ('',( #543 ) ) ;
#506 = LINE ( 'NONE', #1409, #3288 ) ;
#507 =( NAMED_UNIT ( * ) SI_UNIT ( $, .STERADIAN. ) SOLID_ANGLE_UNIT ( ) );
#508 = ORIENTED_EDGE ( 'NONE', *, *, #1215, .F. ) ;
#509 = CARTESIAN_POINT ( 'NONE',  ( -8.055773820624500200, 0.1249999999999929800, -5.729999999999997800 ) ) ;
#510 = STYLED_ITEM ( 'NONE', ( #3769 ), #2030 ) ;
#511 = FACE_OUTER_BOUND ( 'NONE', #4191, .T. ) ;
#512 = EDGE_CURVE ( 'NONE', #4055, #575, #2768, .T. ) ;
#513 = DIRECTION ( 'NONE',  ( -0.9170600743851251600, 0.3987490689252437500, 7.233811389675592600E-032 ) ) ;
#514 =( NAMED_UNIT ( * ) SI_UNIT ( $, .STERADIAN. ) SOLID_ANGLE_UNIT ( ) );
#515 = DIRECTION ( 'NONE',  ( 1.000000000000000000, 1.807003620809171700E-016, -0.0000000000000000000 ) ) ;
#516 = DIRECTION ( 'NONE',  ( -0.3987490689252438100, -0.9170600743851250500, 0.0000000000000000000 ) ) ;
#517 = CARTESIAN_POINT ( 'NONE',  ( -6.879265018596275800, -0.02531273276869610800, -5.729999999999997800 ) ) ;
#518 = EDGE_CURVE ( 'NONE', #4055, #5518, #3235, .T. ) ;
#519 = PLANE ( 'NONE',  #1856 ) ;
#520 = DIRECTION ( 'NONE',  ( -1.000000000000000000, 0.0000000000000000000, -0.0000000000000000000 ) ) ;
#521 = CARTESIAN_POINT ( 'NONE',  ( -6.813907182274253800, 0.1249999999999937100, 8.270000000000006700 ) ) ;
#522 =( GEOMETRIC_REPRESENTATION_CONTEXT ( 3 ) GLOBAL_UNCERTAINTY_ASSIGNED_CONTEXT ( ( #1724 ) ) GLOBAL_UNIT_ASSIGNED_CONTEXT ( ( #3455, #1188, #3382 ) ) REPRESENTATION_CONTEXT ( 'NONE', 'WORKASPACE' ) );
#523 = SURFACE_STYLE_FILL_AREA ( #5345 ) ;
#524 = PLANE ( 'NONE',  #3186 ) ;
#525 = PRESENTATION_STYLE_ASSIGNMENT (( #2314 ) ) ;
#526 = PRESENTATION_STYLE_ASSIGNMENT (( #2215 ) ) ;
#527 = CARTESIAN_POINT ( 'NONE',  ( -6.399999999999991500, -0.1250000000000057500, -4.429999999999994400 ) ) ;
#528 = VECTOR ( 'NONE', #4994, 1000.000000000000000 ) ;
#529 = COLOUR_RGB ( '',1.000000000000000000, 1.000000000000000000, 0.0000000000000000000 ) ;
#530 =( NAMED_UNIT ( * ) SI_UNIT ( $, .STERADIAN. ) SOLID_ANGLE_UNIT ( ) );
#531 = EDGE_CURVE ( 'NONE', #4569, #504, #4784, .T. ) ;
#532 = CYLINDRICAL_SURFACE ( 'NONE', #1390, 0.2500000000000002200 ) ;
#533 = DIRECTION ( 'NONE',  ( -0.3987490689252437000, -0.9170600743851251600, 0.0000000000000000000 ) ) ;
#534 = DIRECTION ( 'NONE',  ( 0.3987490689252437500, -0.9170600743851250500, 0.0000000000000000000 ) ) ;
#535 = VECTOR ( 'NONE', #1191, 1000.000000000000000 ) ;
#536 =( LENGTH_UNIT ( ) NAMED_UNIT ( * ) SI_UNIT ( .MILLI., .METRE. ) );
#537 = DIRECTION ( 'NONE',  ( 0.0000000000000000000, 0.0000000000000000000, -1.000000000000000000 ) ) ;
#538 = FACE_OUTER_BOUND ( 'NONE', #4456, .T. ) ;
#539 = SURFACE_STYLE_USAGE ( .BOTH. , #5284 ) ;
#540 = COLOUR_RGB ( '',0.0000000000000000000, 0.0000000000000000000, 0.0000000000000000000 ) ;
#541 =( NAMED_UNIT ( * ) PLANE_ANGLE_UNIT ( ) SI_UNIT ( $, .RADIAN. ) );
#542 = MECHANICAL_DESIGN_GEOMETRIC_PRESENTATION_REPRESENTATION (  '', ( #588 ), #522 ) ;
#543 = FILL_AREA_STYLE_COLOUR ( '', #4418 ) ;
#544 = EDGE_CURVE ( 'NONE', #4942, #2111, #3229, .T. ) ;
#545 = LINE ( 'NONE', #1255, #481 ) ;
#546 = ADVANCED_FACE ( 'NONE', ( #4032 ), #3653, .T. ) ;
#547 = LINE ( 'NONE', #4458, #2362 ) ;
#548 = SURFACE_STYLE_FILL_AREA ( #4820 ) ;
#549 = FILL_AREA_STYLE ('',( #253 ) ) ;
#550 = VECTOR ( 'NONE', #3530, 1000.000000000000000 ) ;
#551 =( LENGTH_UNIT ( ) NAMED_UNIT ( * ) SI_UNIT ( .MILLI., .METRE. ) );
#552 = PRESENTATION_LAYER_ASSIGNMENT (  '', '', ( #588 ) ) ;
#553 = CARTESIAN_POINT ( 'NONE',  ( 8.609999999999992300, -1.622880335899570900, -4.430000000000001500 ) ) ;
#554 = CARTESIAN_POINT ( 'NONE',  ( -6.399999999999991500, -0.1250000000000051600, 8.270000000000006700 ) ) ;
#555 = EDGE_CURVE ( 'NONE', #3811, #1567, #3171, .T. ) ;
#556 = PRESENTATION_STYLE_ASSIGNMENT (( #774 ) ) ;
#557 = CARTESIAN_POINT ( 'NONE',  ( 4.599999999999996100, 6.624999999999991100, 7.650000000000000400 ) ) ;
#558 = SURFACE_STYLE_USAGE ( .BOTH. , #614 ) ;
#559 = EDGE_LOOP ( 'NONE', ( #5271, #2945, #819, #3166 ) ) ;
#560 = FACE_OUTER_BOUND ( 'NONE', #2689, .T. ) ;
#561 = VECTOR ( 'NONE', #4877, 1000.000000000000000 ) ;
#562 =( NAMED_UNIT ( * ) PLANE_ANGLE_UNIT ( ) SI_UNIT ( $, .RADIAN. ) );
#563 = DIRECTION ( 'NONE',  ( -1.000000000000000000, -0.0000000000000000000, -0.0000000000000000000 ) ) ;
#564 = SURFACE_STYLE_USAGE ( .BOTH. , #578 ) ;
#565 =( GEOMETRIC_REPRESENTATION_CONTEXT ( 3 ) GLOBAL_UNCERTAINTY_ASSIGNED_CONTEXT ( ( #2683 ) ) GLOBAL_UNIT_ASSIGNED_CONTEXT ( ( #5386, #5310, #5298 ) ) REPRESENTATION_CONTEXT ( 'NONE', 'WORKASPACE' ) );
#566 = AXIS2_PLACEMENT_3D ( 'NONE', #3844, #3809, #3798 ) ;
#567 = DIRECTION ( 'NONE',  ( 1.807003620809171700E-016, -1.000000000000000000, -7.233811389675591500E-032 ) ) ;
#568 = EDGE_CURVE ( 'NONE', #3268, #4942, #3176, .T. ) ;
#569 = COLOUR_RGB ( '',1.000000000000000000, 1.000000000000000000, 0.0000000000000000000 ) ;
#570 = VERTEX_POINT ( 'NONE', #4315 ) ;
#571 = EDGE_CURVE ( 'NONE', #2093, #4767, #3089, .T. ) ;
#572 = DIRECTION ( 'NONE',  ( -0.0000000000000000000, 1.000000000000000000, -0.0000000000000000000 ) ) ;
#573 =( LENGTH_UNIT ( ) NAMED_UNIT ( * ) SI_UNIT ( .MILLI., .METRE. ) );
#574 = SURFACE_STYLE_FILL_AREA ( #2226 ) ;
#575 = VERTEX_POINT ( 'NONE', #4595 ) ;
#576 = VERTEX_POINT ( 'NONE', #4757 ) ;
#577 = DIRECTION ( 'NONE',  ( 1.000000000000000000, 4.445228907190564200E-015, 0.0000000000000000000 ) ) ;
#578 = SURFACE_SIDE_STYLE ('',( #3576 ) ) ;
#579 = EDGE_CURVE ( 'NONE', #575, #2093, #2200, .T. ) ;
#580 = LINE ( 'NONE', #2355, #2377 ) ;
#581 = VECTOR ( 'NONE', #912, 1000.000000000000000 ) ;
#582 = DIRECTION ( 'NONE',  ( 1.000000000000000000, 0.0000000000000000000, -0.0000000000000000000 ) ) ;
#583 = VERTEX_POINT ( 'NONE', #4904 ) ;
#584 = MECHANICAL_DESIGN_GEOMETRIC_PRESENTATION_REPRESENTATION (  '', ( #690 ), #565 ) ;
#585 = VECTOR ( 'NONE', #1013, 1000.000000000000000 ) ;
#586 = LINE ( 'NONE', #4719, #594 ) ;
#587 = LINE ( 'NONE', #1155, #33 ) ;
#588 = STYLED_ITEM ( 'NONE', ( #3028 ), #2029 ) ;
#589 = SURFACE_SIDE_STYLE ('',( #4741 ) ) ;
#590 = EDGE_CURVE ( 'NONE', #4476, #5620, #2293, .T. ) ;
#591 = ADVANCED_FACE ( 'NONE', ( #4362 ), #5166, .T. ) ;
#592 = ADVANCED_FACE ( 'NONE', ( #2760 ), #4987, .F. ) ;
#593 = DIRECTION ( 'NONE',  ( -0.0000000000000000000, 1.000000000000000000, -0.0000000000000000000 ) ) ;
#594 = VECTOR ( 'NONE', #533, 1000.000000000000000 ) ;
#595 = CIRCLE ( 'NONE', #4933, 0.2500000000000002200 ) ;
#596 = EDGE_CURVE ( 'NONE', #3268, #1213, #2213, .T. ) ;
#597 =( LENGTH_UNIT ( ) NAMED_UNIT ( * ) SI_UNIT ( .MILLI., .METRE. ) );
#598 = LINE ( 'NONE', #1367, #3784 ) ;
#599 = SURFACE_STYLE_FILL_AREA ( #2233 ) ;
#600 = CARTESIAN_POINT ( 'NONE',  ( 6.399999999999998600, -0.1249999999999938800, -5.730000000000001300 ) ) ;
#601 = FILL_AREA_STYLE ('',( #162 ) ) ;
#602 = DIRECTION ( 'NONE',  ( -1.000000000000000000, 8.673617379884027600E-016, 0.0000000000000000000 ) ) ;
#603 = SURFACE_SIDE_STYLE ('',( #4143 ) ) ;
#604 = LINE ( 'NONE', #2970, #5041 ) ;
#605 = DIRECTION ( 'NONE',  ( 0.0000000000000000000, 0.0000000000000000000, 1.000000000000000000 ) ) ;
#606 = LINE ( 'NONE', #695, #581 ) ;
#607 = EDGE_CURVE ( 'NONE', #4364, #4635, #3463, .T. ) ;
#608 = ADVANCED_FACE ( 'NONE', ( #2287 ), #174, .F. ) ;
#609 = COLOUR_RGB ( '',0.0000000000000000000, 0.0000000000000000000, 0.0000000000000000000 ) ;
#610 = EDGE_CURVE ( 'NONE', #2093, #4476, #4292, .T. ) ;
#611 = SURFACE_STYLE_USAGE ( .BOTH. , #589 ) ;
#612 =( NAMED_UNIT ( * ) SI_UNIT ( $, .STERADIAN. ) SOLID_ANGLE_UNIT ( ) );
#613 = AXIS2_PLACEMENT_3D ( 'NONE', #4733, #2173, #5137 ) ;
#614 = SURFACE_SIDE_STYLE ('',( #3435 ) ) ;
#615 = FACE_OUTER_BOUND ( 'NONE', #2539, .T. ) ;
#616 = CARTESIAN_POINT ( 'NONE',  ( -6.399999999999997700, -0.1249999999999997400, 9.449999999999999300 ) ) ;
#617 = CARTESIAN_POINT ( 'NONE',  ( 6.399999999999989700, 0.1250000000000000000, -9.449999999999990400 ) ) ;
#618 =( GEOMETRIC_REPRESENTATION_CONTEXT ( 3 ) GLOBAL_UNCERTAINTY_ASSIGNED_CONTEXT ( ( #1553 ) ) GLOBAL_UNIT_ASSIGNED_CONTEXT ( ( #4041, #3938, #3935 ) ) REPRESENTATION_CONTEXT ( 'NONE', 'WORKASPACE' ) );
#619 = AXIS2_PLACEMENT_3D ( 'NONE', #1681, #1676, #1104 ) ;
#620 = VECTOR ( 'NONE', #2007, 1000.000000000000000 ) ;
#621 = EDGE_CURVE ( 'NONE', #3280, #3779, #4416, .T. ) ;
#622 = DIRECTION ( 'NONE',  ( -1.000000000000000000, 0.0000000000000000000, 0.0000000000000000000 ) ) ;
#623 = SURFACE_STYLE_FILL_AREA ( #2580 ) ;
#624 = CARTESIAN_POINT ( 'NONE',  ( -7.344642163677967500, -1.722567603130871200, -4.429999999999994400 ) ) ;
#625 = PLANE ( 'NONE',  #1120 ) ;
#626 = FILL_AREA_STYLE ('',( #4980 ) ) ;
#627 = LINE ( 'NONE', #1756, #2716 ) ;
#628 = PRESENTATION_LAYER_ASSIGNMENT (  '', '', ( #690 ) ) ;
#629 = MECHANICAL_DESIGN_GEOMETRIC_PRESENTATION_REPRESENTATION (  '', ( #671 ), #618 ) ;
#630 = CARTESIAN_POINT ( 'NONE',  ( -6.247598858864773100, -1.575000000000001500, -9.297598858864768400 ) ) ;
#631 = CARTESIAN_POINT ( 'NONE',  ( 8.609999999999978100, 8.377119664100432000, 5.479999999999998600 ) ) ;
#632 = EDGE_CURVE ( 'NONE', #488, #139, #4423, .T. ) ;
#633 = FILL_AREA_STYLE ('',( #149 ) ) ;
#634 = VECTOR ( 'NONE', #1169, 1000.000000000000000 ) ;
#635 = ADVANCED_FACE ( 'NONE', ( #5172 ), #4475, .F. ) ;
#636 = CARTESIAN_POINT ( 'NONE',  ( -8.609999999999992300, -1.747880335899559400, 7.620000000000005400 ) ) ;
#637 = PRESENTATION_LAYER_ASSIGNMENT (  '', '', ( #671 ) ) ;
#638 = APPLICATION_CONTEXT ( 'automotive_design' ) ;
#639 = ORIENTED_EDGE ( 'NONE', *, *, #3837, .T. ) ;
#640 = EDGE_CURVE ( 'NONE', #2585, #425, #4480, .T. ) ;
#641 = CARTESIAN_POINT ( 'NONE',  ( -6.399999999999991500, -0.1250000000000051600, 8.270000000000006700 ) ) ;
#642 = CYLINDRICAL_SURFACE ( 'NONE', #2619, 0.2500000000000000000 ) ;
#643 = ORIENTED_EDGE ( 'NONE', *, *, #3106, .T. ) ;
#644 = PRESENTATION_STYLE_ASSIGNMENT (( #86 ) ) ;
#645 = DIRECTION ( 'NONE',  ( 1.307152337339442300E-047, -7.233811389675592600E-032, 1.000000000000000000 ) ) ;
#646 = FILL_AREA_STYLE_COLOUR ( '', #3512 ) ;
#647 = AXIS2_PLACEMENT_3D ( 'NONE', #3118, #4320, #4303 ) ;
#648 =( NAMED_UNIT ( * ) PLANE_ANGLE_UNIT ( ) SI_UNIT ( $, .RADIAN. ) );
#649 = CARTESIAN_POINT ( 'NONE',  ( 8.609999999999999400, -1.872880335899568900, 7.219999999999999800 ) ) ;
#650 =( NAMED_UNIT ( * ) PLANE_ANGLE_UNIT ( ) SI_UNIT ( $, .RADIAN. ) );
#651 = FILL_AREA_STYLE ('',( #136 ) ) ;
#652 = EDGE_LOOP ( 'NONE', ( #2168, #3638, #2530, #4193 ) ) ;
#653 = LINE ( 'NONE', #4165, #1366 ) ;
#654 = ORIENTED_EDGE ( 'NONE', *, *, #2785, .F. ) ;
#655 = PRESENTATION_STYLE_ASSIGNMENT (( #1630 ) ) ;
#656 = SURFACE_SIDE_STYLE ('',( #1128 ) ) ;
#657 = VERTEX_POINT ( 'NONE', #2250 ) ;
#658 =( NAMED_UNIT ( * ) SI_UNIT ( $, .STERADIAN. ) SOLID_ANGLE_UNIT ( ) );
#659 = FACE_OUTER_BOUND ( 'NONE', #4648, .T. ) ;
#660 = ORIENTED_EDGE ( 'NONE', *, *, #132, .T. ) ;
#661 = AXIS2_PLACEMENT_3D ( 'NONE', #2554, #1332, #1227 ) ;
#662 = CARTESIAN_POINT ( 'NONE',  ( 6.649999999999996800, -0.1249999999999980000, 8.269999999999999600 ) ) ;
#663 = EDGE_CURVE ( 'NONE', #763, #4413, #3522, .T. ) ;
#664 = APPLICATION_PROTOCOL_DEFINITION ( 'draft international standard', 'automotive_design', 1998, #3384 ) ;
#665 = CARTESIAN_POINT ( 'NONE',  ( -7.573907182274247400, -1.622880335899560000, -4.429999999999994400 ) ) ;
#666 = ORIENTED_EDGE ( 'NONE', *, *, #2856, .F. ) ;
#667 =( NAMED_UNIT ( * ) PLANE_ANGLE_UNIT ( ) SI_UNIT ( $, .RADIAN. ) );
#668 = LINE ( 'NONE', #554, #702 ) ;
#669 = VECTOR ( 'NONE', #1267, 1000.000000000000000 ) ;
#670 = COLOUR_RGB ( '',1.000000000000000000, 1.000000000000000000, 0.0000000000000000000 ) ;
#671 = STYLED_ITEM ( 'NONE', ( #2887 ), #2023 ) ;
#672 = PRESENTATION_STYLE_ASSIGNMENT (( #3081 ) ) ;
#673 = CARTESIAN_POINT ( 'NONE',  ( -8.609999999999992300, 8.377119664100432000, -7.220000000000000600 ) ) ;
#674 = DIRECTION ( 'NONE',  ( 0.9170600743851251600, -0.3987490689252437500, -7.233811389675592600E-032 ) ) ;
#675 = EDGE_CURVE ( 'NONE', #4476, #4055, #1389, .T. ) ;
#676 =( NAMED_UNIT ( * ) SI_UNIT ( $, .STERADIAN. ) SOLID_ANGLE_UNIT ( ) );
#677 =( LENGTH_UNIT ( ) NAMED_UNIT ( * ) SI_UNIT ( .MILLI., .METRE. ) );
#678 = CARTESIAN_POINT ( 'NONE',  ( 8.609999999999999400, -1.747880335899569100, 7.620000000000000100 ) ) ;
#679 = VECTOR ( 'NONE', #1857, 1000.000000000000000 ) ;
#680 = CARTESIAN_POINT ( 'NONE',  ( 6.813907182274253800, 0.1250000000000017200, 5.729999999999998600 ) ) ;
#681 = LINE ( 'NONE', #1062, #1796 ) ;
#682 = VECTOR ( 'NONE', #2562, 1000.000000000000000 ) ;
#683 = SURFACE_STYLE_FILL_AREA ( #4893 ) ;
#684 = ADVANCED_FACE ( 'NONE', ( #1459 ), #2890, .T. ) ;
#685 =( NAMED_UNIT ( * ) SI_UNIT ( $, .STERADIAN. ) SOLID_ANGLE_UNIT ( ) );
#686 = EDGE_CURVE ( 'NONE', #2520, #216, #4278, .T. ) ;
#687 = PLANE ( 'NONE',  #90 ) ;
#688 = EDGE_CURVE ( 'NONE', #1213, #2095, #1858, .T. ) ;
#689 = PLANE ( 'NONE',  #3795 ) ;
#690 = STYLED_ITEM ( 'NONE', ( #1453 ), #2229 ) ;
#691 = EDGE_CURVE ( 'NONE', #1186, #11, #4789, .T. ) ;
#692 = SURFACE_STYLE_USAGE ( .BOTH. , #603 ) ;
#693 = DIRECTION ( 'NONE',  ( -1.000000000000000000, 2.602085213965208300E-015, 0.0000000000000000000 ) ) ;
#694 = DIRECTION ( 'NONE',  ( 0.3987490689252437500, 0.9170600743851251600, 0.0000000000000000000 ) ) ;
#695 = CARTESIAN_POINT ( 'NONE',  ( -8.055773820624500200, -0.1250000000000053300, 8.270000000000006700 ) ) ;
#696 = ORIENTED_EDGE ( 'NONE', *, *, #571, .T. ) ;
#697 =( NAMED_UNIT ( * ) PLANE_ANGLE_UNIT ( ) SI_UNIT ( $, .RADIAN. ) );
#698 =( NAMED_UNIT ( * ) SI_UNIT ( $, .STERADIAN. ) SOLID_ANGLE_UNIT ( ) );
#699 = LINE ( 'NONE', #4687, #3589 ) ;
#700 = LINE ( 'NONE', #204, #634 ) ;
#701 = ORIENTED_EDGE ( 'NONE', *, *, #2392, .T. ) ;
#702 = VECTOR ( 'NONE', #1043, 1000.000000000000000 ) ;
#703 = EDGE_CURVE ( 'NONE', #2701, #4776, #4411, .T. ) ;
#704 = PLANE ( 'NONE',  #4727 ) ;
#705 = CARTESIAN_POINT ( 'NONE',  ( 7.573907182274248300, -1.622880335899570900, -4.680000000000001500 ) ) ;
#706 =( NAMED_UNIT ( * ) SI_UNIT ( $, .STERADIAN. ) SOLID_ANGLE_UNIT ( ) );
#707 = DIRECTION ( 'NONE',  ( 6.672013369141548500E-016, -0.0000000000000000000, 1.000000000000000000 ) ) ;
#708 = EDGE_CURVE ( 'NONE', #4776, #1150, #3579, .T. ) ;
#709 = DIRECTION ( 'NONE',  ( 0.9170600743851251600, -0.3987490689252437500, -7.233811389675592600E-032 ) ) ;
#710 = DIRECTION ( 'NONE',  ( 0.0000000000000000000, -1.000000000000000000, 0.0000000000000000000 ) ) ;
#711 = SURFACE_STYLE_USAGE ( .BOTH. , #757 ) ;
#712 =( GEOMETRIC_REPRESENTATION_CONTEXT ( 3 ) GLOBAL_UNCERTAINTY_ASSIGNED_CONTEXT ( ( #1693 ) ) GLOBAL_UNIT_ASSIGNED_CONTEXT ( ( #3704, #4473, #4465 ) ) REPRESENTATION_CONTEXT ( 'NONE', 'WORKASPACE' ) );
#713 = DIRECTION ( 'NONE',  ( -1.000000000000000000, -1.734723475976805500E-015, 0.0000000000000000000 ) ) ;
#714 =( NAMED_UNIT ( * ) PLANE_ANGLE_UNIT ( ) SI_UNIT ( $, .RADIAN. ) );
#715 = EDGE_CURVE ( 'NONE', #1150, #497, #1212, .T. ) ;
#716 = FACE_OUTER_BOUND ( 'NONE', #916, .T. ) ;
#717 =( NAMED_UNIT ( * ) PLANE_ANGLE_UNIT ( ) SI_UNIT ( $, .RADIAN. ) );
#718 = ORIENTED_EDGE ( 'NONE', *, *, #3697, .F. ) ;
#719 = SURFACE_STYLE_FILL_AREA ( #4049 ) ;
#720 = EDGE_CURVE ( 'NONE', #2794, #378, #1221, .T. ) ;
#721 =( GEOMETRIC_REPRESENTATION_CONTEXT ( 3 ) GLOBAL_UNCERTAINTY_ASSIGNED_CONTEXT ( ( #382 ) ) GLOBAL_UNIT_ASSIGNED_CONTEXT ( ( #970, #4063, #1411 ) ) REPRESENTATION_CONTEXT ( 'NONE', 'WORKASPACE' ) );
#722 = MECHANICAL_DESIGN_GEOMETRIC_PRESENTATION_REPRESENTATION (  '', ( #760 ), #712 ) ;
#723 = PRESENTATION_STYLE_ASSIGNMENT (( #444 ) ) ;
#724 = ORIENTED_EDGE ( 'NONE', *, *, #1044, .T. ) ;
#725 = FILL_AREA_STYLE_COLOUR ( '', #3858 ) ;
#726 = ORIENTED_EDGE ( 'NONE', *, *, #379, .T. ) ;
#727 = COLOUR_RGB ( '',1.000000000000000000, 1.000000000000000000, 0.0000000000000000000 ) ;
#728 = DIRECTION ( 'NONE',  ( 0.0000000000000000000, -1.000000000000000000, 0.0000000000000000000 ) ) ;
#729 = EDGE_CURVE ( 'NONE', #2735, #2794, #1199, .T. ) ;
#730 = ORIENTED_EDGE ( 'NONE', *, *, #729, .T. ) ;
#731 = CARTESIAN_POINT ( 'NONE',  ( -6.649999999999994100, -0.1250000000000051900, 8.270000000000006700 ) ) ;
#732 = ORIENTED_EDGE ( 'NONE', *, *, #1740, .T. ) ;
#733 = AXIS2_PLACEMENT_3D ( 'NONE', #1151, #5342, #1137 ) ;
#734 = PRESENTATION_LAYER_ASSIGNMENT (  '', '', ( #760 ) ) ;
#735 = CARTESIAN_POINT ( 'NONE',  ( 7.573907182274236800, -1.872880335899568700, 4.429999999999999700 ) ) ;
#736 = UNCERTAINTY_MEASURE_WITH_UNIT (LENGTH_MEASURE( 1.000000000000000100E-005 ), #2979, 'distance_accuracy_value', 'NONE');
#737 = VECTOR ( 'NONE', #3931, 1000.000000000000000 ) ;
#738 = ORIENTED_EDGE ( 'NONE', *, *, #464, .F. ) ;
#739 = FACE_OUTER_BOUND ( 'NONE', #3832, .T. ) ;
#740 = ORIENTED_EDGE ( 'NONE', *, *, #688, .F. ) ;
#741 = PLANE ( 'NONE',  #3479 ) ;
#742 = EDGE_CURVE ( 'NONE', #2669, #4776, #1148, .T. ) ;
#743 = DIRECTION ( 'NONE',  ( 0.0000000000000000000, -0.0000000000000000000, 1.000000000000000000 ) ) ;
#744 = FACE_OUTER_BOUND ( 'NONE', #2258, .T. ) ;
#745 = LINE ( 'NONE', #2151, #737 ) ;
#746 = CARTESIAN_POINT ( 'NONE',  ( -6.649999999999994100, -0.1250000000000058800, -6.969999999999993500 ) ) ;
#747 = PRESENTATION_STYLE_ASSIGNMENT (( #4756 ) ) ;
#748 = FACE_OUTER_BOUND ( 'NONE', #4101, .T. ) ;
#749 = SURFACE_STYLE_FILL_AREA ( #4430 ) ;
#750 = SURFACE_STYLE_FILL_AREA ( #2146 ) ;
#751 = AXIS2_PLACEMENT_3D ( 'NONE', #4782, #4188, #4745 ) ;
#752 = CARTESIAN_POINT ( 'NONE',  ( 8.609999999999978100, 8.377119664100432000, 5.479999999999998600 ) ) ;
#753 = EDGE_CURVE ( 'NONE', #2669, #3133, #1138, .T. ) ;
#754 = CARTESIAN_POINT ( 'NONE',  ( 6.649999999999987900, -0.1250000000000008900, -8.269999999999999600 ) ) ;
#755 = FACE_OUTER_BOUND ( 'NONE', #3549, .T. ) ;
#756 = CARTESIAN_POINT ( 'NONE',  ( 6.399999999999998600, 0.1249999999999998900, 9.449999999999999300 ) ) ;
#757 = SURFACE_SIDE_STYLE ('',( #1612 ) ) ;
#758 = UNCERTAINTY_MEASURE_WITH_UNIT (LENGTH_MEASURE( 1.000000000000000100E-005 ), #5161, 'distance_accuracy_value', 'NONE');
#759 = SURFACE_STYLE_USAGE ( .BOTH. , #656 ) ;
#760 = STYLED_ITEM ( 'NONE', ( #160 ), #2010 ) ;
#761 = EDGE_CURVE ( 'NONE', #3133, #1150, #1076, .T. ) ;
#762 = COLOUR_RGB ( '',1.000000000000000000, 1.000000000000000000, 0.0000000000000000000 ) ;
#763 = VERTEX_POINT ( 'NONE', #1776 ) ;
#764 = CARTESIAN_POINT ( 'NONE',  ( 7.573907182274134600, -1.622880335899308500, -7.220000000000000600 ) ) ;
#765 = COLOUR_RGB ( '',1.000000000000000000, 1.000000000000000000, 0.0000000000000000000 ) ;
#766 = CARTESIAN_POINT ( 'NONE',  ( -7.573907182274247400, -1.622880335899559200, -6.969999999999993500 ) ) ;
#767 = EDGE_CURVE ( 'NONE', #2735, #2551, #4732, .T. ) ;
#768 = FILL_AREA_STYLE ('',( #725 ) ) ;
#769 = PRESENTATION_STYLE_ASSIGNMENT (( #4206 ) ) ;
#770 = SURFACE_STYLE_FILL_AREA ( #3011 ) ;
#771 =( GEOMETRIC_REPRESENTATION_CONTEXT ( 3 ) GLOBAL_UNCERTAINTY_ASSIGNED_CONTEXT ( ( #2552 ) ) GLOBAL_UNIT_ASSIGNED_CONTEXT ( ( #2871, #3210, #2779 ) ) REPRESENTATION_CONTEXT ( 'NONE', 'WORKASPACE' ) );
#772 = PLANE ( 'NONE',  #4856 ) ;
#773 = DIRECTION ( 'NONE',  ( 0.0000000000000000000, 0.0000000000000000000, 1.000000000000000000 ) ) ;
#774 = SURFACE_STYLE_USAGE ( .BOTH. , #792 ) ;
#775 = PRESENTATION_STYLE_ASSIGNMENT (( #4616 ) ) ;
#776 = CARTESIAN_POINT ( 'NONE',  ( -8.609999999999992300, -1.747880335899559800, -7.619999999999994800 ) ) ;
#777 =( LENGTH_UNIT ( ) NAMED_UNIT ( * ) SI_UNIT ( .MILLI., .METRE. ) );
#778 = EDGE_CURVE ( 'NONE', #2669, #2998, #338, .T. ) ;
#779 = DIRECTION ( 'NONE',  ( 0.0000000000000000000, -0.0000000000000000000, -1.000000000000000000 ) ) ;
#780 =( LENGTH_UNIT ( ) NAMED_UNIT ( * ) SI_UNIT ( .MILLI., .METRE. ) );
#781 = LINE ( 'NONE', #1955, #3020 ) ;
#782 = VECTOR ( 'NONE', #1396, 1000.000000000000000 ) ;
#783 = SURFACE_SIDE_STYLE ('',( #1620 ) ) ;
#784 = VECTOR ( 'NONE', #5060, 1000.000000000000000 ) ;
#785 = EDGE_CURVE ( 'NONE', #4035, #3133, #3776, .T. ) ;
#786 = ORIENTED_EDGE ( 'NONE', *, *, #918, .F. ) ;
#787 = FACE_OUTER_BOUND ( 'NONE', #4879, .T. ) ;
#788 = DIRECTION ( 'NONE',  ( -1.000000000000000000, -0.0000000000000000000, -0.0000000000000000000 ) ) ;
#789 = CARTESIAN_POINT ( 'NONE',  ( -7.573907182274247400, -1.622880335899558300, 8.270000000000006700 ) ) ;
#790 = LINE ( 'NONE', #18, #2446 ) ;
#791 = DIRECTION ( 'NONE',  ( 1.000000000000000000, 0.0000000000000000000, -0.0000000000000000000 ) ) ;
#792 = SURFACE_SIDE_STYLE ('',( #548 ) ) ;
#793 =( NAMED_UNIT ( * ) PLANE_ANGLE_UNIT ( ) SI_UNIT ( $, .RADIAN. ) );
#794 =( GEOMETRIC_REPRESENTATION_CONTEXT ( 3 ) GLOBAL_UNCERTAINTY_ASSIGNED_CONTEXT ( ( #1810 ) ) GLOBAL_UNIT_ASSIGNED_CONTEXT ( ( #4869, #4860, #4854 ) ) REPRESENTATION_CONTEXT ( 'NONE', 'WORKASPACE' ) );
#795 = CARTESIAN_POINT ( 'NONE',  ( 7.573907182274248300, -1.622880335899570900, -4.430000000000001500 ) ) ;
#796 = ORIENTED_EDGE ( 'NONE', *, *, #1273, .T. ) ;
#797 = CARTESIAN_POINT ( 'NONE',  ( -8.055773820624500200, 0.1249999999999935700, 6.970000000000003300 ) ) ;
#798 = EDGE_CURVE ( 'NONE', #215, #4735, #1392, .T. ) ;
#799 = VECTOR ( 'NONE', #5113, 1000.000000000000000 ) ;
#800 = PRESENTATION_STYLE_ASSIGNMENT (( #498 ) ) ;
#801 = CARTESIAN_POINT ( 'NONE',  ( -8.609999999999992300, 8.377119664100432000, -8.019999999999988900 ) ) ;
#802 = SURFACE_STYLE_USAGE ( .BOTH. , #827 ) ;
#803 = SURFACE_STYLE_USAGE ( .BOTH. , #823 ) ;
#804 = VERTEX_POINT ( 'NONE', #3577 ) ;
#805 = EDGE_CURVE ( 'NONE', #2551, #2111, #104, .T. ) ;
#806 = AXIS2_PLACEMENT_3D ( 'NONE', #4367, #1739, #4765 ) ;
#807 = ORIENTED_EDGE ( 'NONE', *, *, #1225, .F. ) ;
#808 = FILL_AREA_STYLE_COLOUR ( '', #2864 ) ;
#809 = DIRECTION ( 'NONE',  ( 0.0000000000000000000, -0.0000000000000000000, -1.000000000000000000 ) ) ;
#810 = VECTOR ( 'NONE', #4462, 1000.000000000000000 ) ;
#811 = ORIENTED_EDGE ( 'NONE', *, *, #450, .T. ) ;
#812 = CARTESIAN_POINT ( 'NONE',  ( -7.573907182274247400, -1.622880335899560000, -4.429999999999994400 ) ) ;
#813 = ORIENTED_EDGE ( 'NONE', *, *, #1755, .T. ) ;
#814 = DIRECTION ( 'NONE',  ( -0.0000000000000000000, 0.0000000000000000000, 1.000000000000000000 ) ) ;
#815 = FACE_OUTER_BOUND ( 'NONE', #4384, .T. ) ;
#816 = FACE_OUTER_BOUND ( 'NONE', #4944, .T. ) ;
#817 = CARTESIAN_POINT ( 'NONE',  ( 6.879265018596269600, -0.02531273276868873500, -6.970000000000000600 ) ) ;
#818 =( GEOMETRIC_REPRESENTATION_CONTEXT ( 3 ) GLOBAL_UNCERTAINTY_ASSIGNED_CONTEXT ( ( #230 ) ) GLOBAL_UNIT_ASSIGNED_CONTEXT ( ( #1823, #1798, #1754 ) ) REPRESENTATION_CONTEXT ( 'NONE', 'WORKASPACE' ) );
#819 = ORIENTED_EDGE ( 'NONE', *, *, #3121, .T. ) ;
#820 = EDGE_CURVE ( 'NONE', #2013, #4364, #1202, .T. ) ;
#821 =( NAMED_UNIT ( * ) PLANE_ANGLE_UNIT ( ) SI_UNIT ( $, .RADIAN. ) );
#822 = PLANE ( 'NONE',  #3563 ) ;
#823 = SURFACE_SIDE_STYLE ('',( #3131 ) ) ;
#824 = COLOUR_RGB ( '',1.000000000000000000, 1.000000000000000000, 0.0000000000000000000 ) ;
#825 = EDGE_CURVE ( 'NONE', #3438, #4697, #843, .T. ) ;
#826 = CARTESIAN_POINT ( 'NONE',  ( -8.609999999999992300, -1.622880335899560000, -4.680000000000001500 ) ) ;
#827 = SURFACE_SIDE_STYLE ('',( #440 ) ) ;
#828 = MECHANICAL_DESIGN_GEOMETRIC_PRESENTATION_REPRESENTATION (  '', ( #853 ), #794 ) ;
#829 = CARTESIAN_POINT ( 'NONE',  ( 6.649999999999987900, 0.1250000000000001400, -8.269999999999999600 ) ) ;
#830 = EDGE_CURVE ( 'NONE', #2591, #291, #1398, .T. ) ;
#831 = DIRECTION ( 'NONE',  ( -0.3987490689252437500, 0.9170600743851250500, 0.0000000000000000000 ) ) ;
#832 = SURFACE_STYLE_USAGE ( .BOTH. , #783 ) ;
#833 = DIRECTION ( 'NONE',  ( -1.000000000000000000, 0.0000000000000000000, -0.0000000000000000000 ) ) ;
#834 = FILL_AREA_STYLE ('',( #1536 ) ) ;
#835 = UNCERTAINTY_MEASURE_WITH_UNIT (LENGTH_MEASURE( 1.000000000000000100E-005 ), #3852, 'distance_accuracy_value', 'NONE');
#836 = FACE_OUTER_BOUND ( 'NONE', #4845, .T. ) ;
#837 = PRESENTATION_LAYER_ASSIGNMENT (  '', '', ( #853 ) ) ;
#838 = EDGE_CURVE ( 'NONE', #2102, #36, #3594, .T. ) ;
#839 =( NAMED_UNIT ( * ) SI_UNIT ( $, .STERADIAN. ) SOLID_ANGLE_UNIT ( ) );
#840 = PRESENTATION_STYLE_ASSIGNMENT (( #3146 ) ) ;
#841 = FILL_AREA_STYLE_COLOUR ( '', #2465 ) ;
#842 = CIRCLE ( 'NONE', #4503, 0.2500000000000002200 ) ;
#843 = LINE ( 'NONE', #1055, #2282 ) ;
#844 = COLOUR_RGB ( '',0.0000000000000000000, 0.0000000000000000000, 0.0000000000000000000 ) ;
#845 = AXIS2_PLACEMENT_3D ( 'NONE', #5126, #5109, #5130 ) ;
#846 = EDGE_CURVE ( 'NONE', #953, #4729, #324, .T. ) ;
#847 = COLOUR_RGB ( '',1.000000000000000000, 1.000000000000000000, 0.0000000000000000000 ) ;
#848 = COLOUR_RGB ( '',1.000000000000000000, 1.000000000000000000, 0.0000000000000000000 ) ;
#849 = FACE_OUTER_BOUND ( 'NONE', #875, .T. ) ;
#850 =( LENGTH_UNIT ( ) NAMED_UNIT ( * ) SI_UNIT ( .MILLI., .METRE. ) );
#851 = DIRECTION ( 'NONE',  ( 1.000000000000000000, 1.084202172485503400E-016, -0.0000000000000000000 ) ) ;
#852 = VECTOR ( 'NONE', #92, 1000.000000000000000 ) ;
#853 = STYLED_ITEM ( 'NONE', ( #747 ), #2001 ) ;
#854 = CARTESIAN_POINT ( 'NONE',  ( 7.573907182274155000, -1.872880335899570900, -5.730000000000001300 ) ) ;
#855 = UNCERTAINTY_MEASURE_WITH_UNIT (LENGTH_MEASURE( 1.000000000000000100E-005 ), #2119, 'distance_accuracy_value', 'NONE');
#856 =( LENGTH_UNIT ( ) NAMED_UNIT ( * ) SI_UNIT ( .MILLI., .METRE. ) );
#857 = DIRECTION ( 'NONE',  ( 0.9170600743851251600, 0.3987490689252438100, -0.0000000000000000000 ) ) ;
#858 = VECTOR ( 'NONE', #4135, 1000.000000000000000 ) ;
#859 = SURFACE_SIDE_STYLE ('',( #895 ) ) ;
#860 = VECTOR ( 'NONE', #5176, 1000.000000000000000 ) ;
#861 = LINE ( 'NONE', #4943, #3491 ) ;
#862 = EDGE_CURVE ( 'NONE', #4, #4891, #699, .T. ) ;
#863 = LINE ( 'NONE', #289, #1879 ) ;
#864 = ORIENTED_EDGE ( 'NONE', *, *, #1163, .T. ) ;
#865 = CARTESIAN_POINT ( 'NONE',  ( -8.055773820624498400, -0.1250000000000060800, -6.969999999999993500 ) ) ;
#866 = CARTESIAN_POINT ( 'NONE',  ( -8.055773820624498400, 0.1249999999999928500, -6.969999999999993500 ) ) ;
#867 = FACE_OUTER_BOUND ( 'NONE', #2927, .T. ) ;
#868 = DIRECTION ( 'NONE',  ( -0.0000000000000000000, -0.0000000000000000000, -1.000000000000000000 ) ) ;
#869 = UNCERTAINTY_MEASURE_WITH_UNIT (LENGTH_MEASURE( 1.000000000000000100E-005 ), #4863, 'distance_accuracy_value', 'NONE');
#870 =( NAMED_UNIT ( * ) PLANE_ANGLE_UNIT ( ) SI_UNIT ( $, .RADIAN. ) );
#871 = ORIENTED_EDGE ( 'NONE', *, *, #1391, .T. ) ;
#872 = CIRCLE ( 'NONE', #2880, 0.2499999999999993600 ) ;
#873 = EDGE_LOOP ( 'NONE', ( #5265, #5220, #5315, #5506 ) ) ;
#874 = CARTESIAN_POINT ( 'NONE',  ( 7.573907182274255400, -1.622880335899568900, 5.729999999999998600 ) ) ;
#875 = EDGE_LOOP ( 'NONE', ( #738, #508, #502, #371 ) ) ;
#876 = MECHANICAL_DESIGN_GEOMETRIC_PRESENTATION_REPRESENTATION (  '', ( #983 ), #818 ) ;
#877 =( GEOMETRIC_REPRESENTATION_CONTEXT ( 3 ) GLOBAL_UNCERTAINTY_ASSIGNED_CONTEXT ( ( #1650 ) ) GLOBAL_UNIT_ASSIGNED_CONTEXT ( ( #1079, #5240, #5228 ) ) REPRESENTATION_CONTEXT ( 'NONE', 'WORKASPACE' ) );
#878 = CARTESIAN_POINT ( 'NONE',  ( 7.573907182274248300, -1.872880335899570700, -8.019999999999999600 ) ) ;
#879 = EDGE_CURVE ( 'NONE', #5376, #2931, #2266, .T. ) ;
#880 = ORIENTED_EDGE ( 'NONE', *, *, #1305, .T. ) ;
#881 = ORIENTED_EDGE ( 'NONE', *, *, #1763, .T. ) ;
#882 = ORIENTED_EDGE ( 'NONE', *, *, #443, .T. ) ;
#883 = DIRECTION ( 'NONE',  ( 0.0000000000000000000, 0.0000000000000000000, -1.000000000000000000 ) ) ;
#884 = PLANE ( 'NONE',  #4011 ) ;
#885 = ORIENTED_EDGE ( 'NONE', *, *, #1330, .T. ) ;
#886 = CARTESIAN_POINT ( 'NONE',  ( 7.573907182274248300, -1.622880335899570900, -7.220000000000000600 ) ) ;
#887 = VECTOR ( 'NONE', #321, 1000.000000000000000 ) ;
#888 = EDGE_CURVE ( 'NONE', #3090, #4641, #3021, .T. ) ;
#889 = LINE ( 'NONE', #4833, #2524 ) ;
#890 = VECTOR ( 'NONE', #181, 1000.000000000000000 ) ;
#891 = DIRECTION ( 'NONE',  ( 0.0000000000000000000, -1.000000000000000000, 0.0000000000000000000 ) ) ;
#892 = ORIENTED_EDGE ( 'NONE', *, *, #894, .T. ) ;
#893 = VECTOR ( 'NONE', #4426, 1000.000000000000000 ) ;
#894 = EDGE_CURVE ( 'NONE', #4578, #1704, #604, .T. ) ;
#895 = SURFACE_STYLE_FILL_AREA ( #1695 ) ;
#896 = DIRECTION ( 'NONE',  ( -4.589215544912188200E-017, 0.0000000000000000000, 1.000000000000000000 ) ) ;
#897 = UNCERTAINTY_MEASURE_WITH_UNIT (LENGTH_MEASURE( 1.000000000000000100E-005 ), #3482, 'distance_accuracy_value', 'NONE');
#898 = PRESENTATION_LAYER_ASSIGNMENT (  '', '', ( #983 ) ) ;
#899 = MECHANICAL_DESIGN_GEOMETRIC_PRESENTATION_REPRESENTATION (  '', ( #1098 ), #771 ) ;
#900 = EDGE_CURVE ( 'NONE', #2509, #5341, #5031, .T. ) ;
#901 = FACE_OUTER_BOUND ( 'NONE', #2729, .T. ) ;
#902 = UNCERTAINTY_MEASURE_WITH_UNIT (LENGTH_MEASURE( 1.000000000000000100E-005 ), #3417, 'distance_accuracy_value', 'NONE');
#903 = UNCERTAINTY_MEASURE_WITH_UNIT (LENGTH_MEASURE( 1.000000000000000100E-005 ), #3664, 'distance_accuracy_value', 'NONE');
#904 = DIRECTION ( 'NONE',  ( -1.000000000000000000, 0.0000000000000000000, 0.0000000000000000000 ) ) ;
#905 = AXIS2_PLACEMENT_3D ( 'NONE', #986, #487, #470 ) ;
#906 = ORIENTED_EDGE ( 'NONE', *, *, #1144, .F. ) ;
#907 = EDGE_CURVE ( 'NONE', #2528, #210, #5046, .T. ) ;
#908 = CIRCLE ( 'NONE', #4953, 0.2500000000000002200 ) ;
#909 = PRESENTATION_LAYER_ASSIGNMENT (  '', '', ( #4566 ) ) ;
#910 = AXIS2_PLACEMENT_3D ( 'NONE', #2052, #2034, #2012 ) ;
#911 = MECHANICAL_DESIGN_GEOMETRIC_PRESENTATION_REPRESENTATION (  '', ( #931 ), #877 ) ;
#912 = DIRECTION ( 'NONE',  ( 1.000000000000000000, 1.084202172485503400E-016, -0.0000000000000000000 ) ) ;
#913 = EDGE_CURVE ( 'NONE', #5067, #804, #5481, .T. ) ;
#914 = DIRECTION ( 'NONE',  ( 0.0000000000000000000, 0.0000000000000000000, 1.000000000000000000 ) ) ;
#915 = CARTESIAN_POINT ( 'NONE',  ( 8.609999999999990500, -1.872880335899570700, -8.269999999999999600 ) ) ;
#916 = EDGE_LOOP ( 'NONE', ( #1712, #1770, #4932, #4471 ) ) ;
#917 = SURFACE_STYLE_FILL_AREA ( #5212 ) ;
#918 = EDGE_CURVE ( 'NONE', #4578, #301, #403, .T. ) ;
#919 = PRESENTATION_LAYER_ASSIGNMENT (  '', '', ( #931 ) ) ;
#920 = CARTESIAN_POINT ( 'NONE',  ( -7.573907182274248300, -1.872880335899559600, -4.429999999999994400 ) ) ;
#921 = CARTESIAN_POINT ( 'NONE',  ( -7.573907182274247400, 8.377119664100432000, 8.270000000000006700 ) ) ;
#922 = FACE_OUTER_BOUND ( 'NONE', #1794, .T. ) ;
#923 = PRESENTATION_LAYER_ASSIGNMENT (  '', '', ( #1098 ) ) ;
#924 = AXIS2_PLACEMENT_3D ( 'NONE', #5578, #5548, #5532 ) ;
#925 = SURFACE_STYLE_USAGE ( .BOTH. , #943 ) ;
#926 = EDGE_CURVE ( 'NONE', #58, #657, #316, .T. ) ;
#927 = DIRECTION ( 'NONE',  ( -1.000000000000000000, 0.0000000000000000000, 0.0000000000000000000 ) ) ;
#928 = LINE ( 'NONE', #4014, #858 ) ;
#929 = FILL_AREA_STYLE ('',( #2971 ) ) ;
#930 = ADVANCED_FACE ( 'NONE', ( #2017 ), #5029, .T. ) ;
#931 = STYLED_ITEM ( 'NONE', ( #1527 ), #2000 ) ;
#932 = VERTEX_POINT ( 'NONE', #3741 ) ;
#933 = PRESENTATION_STYLE_ASSIGNMENT (( #1803 ) ) ;
#934 = UNCERTAINTY_MEASURE_WITH_UNIT (LENGTH_MEASURE( 1.000000000000000100E-005 ), #4144, 'distance_accuracy_value', 'NONE');
#935 = FILL_AREA_STYLE ('',( #1383 ) ) ;
#936 = VERTEX_POINT ( 'NONE', #3266 ) ;
#937 = PLANE ( 'NONE',  #5601 ) ;
#938 = PLANE ( 'NONE',  #422 ) ;
#939 = ORIENTED_EDGE ( 'NONE', *, *, #1740, .F. ) ;
#940 = ORIENTED_EDGE ( 'NONE', *, *, #457, .F. ) ;
#941 = EDGE_CURVE ( 'NONE', #1125, #2243, #5566, .T. ) ;
#942 = ORIENTED_EDGE ( 'NONE', *, *, #432, .F. ) ;
#943 = SURFACE_SIDE_STYLE ('',( #5175 ) ) ;
#944 = CARTESIAN_POINT ( 'NONE',  ( 7.573907182274257200, -1.872880335899569100, 6.969999999999999800 ) ) ;
#945 = VERTEX_POINT ( 'NONE', #5338 ) ;
#946 = DIRECTION ( 'NONE',  ( 1.000000000000000000, 1.084202172485503400E-016, -0.0000000000000000000 ) ) ;
#947 = DIRECTION ( 'NONE',  ( 0.0000000000000000000, 0.0000000000000000000, -1.000000000000000000 ) ) ;
#948 = CARTESIAN_POINT ( 'NONE',  ( 6.048867878803644500, 6.825000000000000200, -7.830349023506437600E-017 ) ) ;
#949 =( GEOMETRIC_REPRESENTATION_CONTEXT ( 3 ) GLOBAL_UNCERTAINTY_ASSIGNED_CONTEXT ( ( #1783 ) ) GLOBAL_UNIT_ASSIGNED_CONTEXT ( ( #1495, #491, #514 ) ) REPRESENTATION_CONTEXT ( 'NONE', 'WORKASPACE' ) );
#950 = ORIENTED_EDGE ( 'NONE', *, *, #4912, .T. ) ;
#951 =( LENGTH_UNIT ( ) NAMED_UNIT ( * ) SI_UNIT ( .MILLI., .METRE. ) );
#952 = FILL_AREA_STYLE ('',( #2920 ) ) ;
#953 = VERTEX_POINT ( 'NONE', #5483 ) ;
#954 = CARTESIAN_POINT ( 'NONE',  ( -6.399999999999990600, 0.1249999999999938200, 9.449999999999999300 ) ) ;
#955 =( NAMED_UNIT ( * ) PLANE_ANGLE_UNIT ( ) SI_UNIT ( $, .RADIAN. ) );
#956 =( NAMED_UNIT ( * ) SI_UNIT ( $, .STERADIAN. ) SOLID_ANGLE_UNIT ( ) );
#957 = VECTOR ( 'NONE', #1622, 1000.000000000000000 ) ;
#958 = PRESENTATION_STYLE_ASSIGNMENT (( #1561 ) ) ;
#959 =( NAMED_UNIT ( * ) SI_UNIT ( $, .STERADIAN. ) SOLID_ANGLE_UNIT ( ) );
#960 =( LENGTH_UNIT ( ) NAMED_UNIT ( * ) SI_UNIT ( .MILLI., .METRE. ) );
#961 = EDGE_CURVE ( 'NONE', #3564, #2463, #1812, .T. ) ;
#962 = FILL_AREA_STYLE_COLOUR ( '', #3565 ) ;
#963 = VECTOR ( 'NONE', #2559, 1000.000000000000000 ) ;
#964 = DIRECTION ( 'NONE',  ( -0.0000000000000000000, -0.0000000000000000000, -1.000000000000000000 ) ) ;
#965 = LINE ( 'NONE', #1210, #2260 ) ;
#966 = VECTOR ( 'NONE', #2541, 1000.000000000000000 ) ;
#967 = CARTESIAN_POINT ( 'NONE',  ( 7.573907182274258100, 8.377119664100432000, 8.269999999999999600 ) ) ;
#968 = LINE ( 'NONE', #5443, #1214 ) ;
#969 = FILL_AREA_STYLE ('',( #1617 ) ) ;
#970 =( LENGTH_UNIT ( ) NAMED_UNIT ( * ) SI_UNIT ( .MILLI., .METRE. ) );
#971 = VECTOR ( 'NONE', #4638, 1000.000000000000000 ) ;
#972 = DIRECTION ( 'NONE',  ( -0.3987490689252438100, -0.9170600743851250500, 0.0000000000000000000 ) ) ;
#973 = FILL_AREA_STYLE_COLOUR ( '', #1460 ) ;
#974 = EDGE_CURVE ( 'NONE', #3899, #4812, #5615, .T. ) ;
#975 = UNCERTAINTY_MEASURE_WITH_UNIT (LENGTH_MEASURE( 1.000000000000000100E-005 ), #142, 'distance_accuracy_value', 'NONE');
#976 = FILL_AREA_STYLE_COLOUR ( '', #4045 ) ;
#977 =( NAMED_UNIT ( * ) PLANE_ANGLE_UNIT ( ) SI_UNIT ( $, .RADIAN. ) );
#978 =( NAMED_UNIT ( * ) PLANE_ANGLE_UNIT ( ) SI_UNIT ( $, .RADIAN. ) );
#979 =( NAMED_UNIT ( * ) PLANE_ANGLE_UNIT ( ) SI_UNIT ( $, .RADIAN. ) );
#980 = LINE ( 'NONE', #106, #991 ) ;
#981 = AXIS2_PLACEMENT_3D ( 'NONE', #1981, #5400, #2926 ) ;
#982 =( NAMED_UNIT ( * ) SI_UNIT ( $, .STERADIAN. ) SOLID_ANGLE_UNIT ( ) );
#983 = STYLED_ITEM ( 'NONE', ( #3476 ), #2379 ) ;
#984 = MECHANICAL_DESIGN_GEOMETRIC_PRESENTATION_REPRESENTATION (  '', ( #1035 ), #949 ) ;
#985 = VECTOR ( 'NONE', #4171, 1000.000000000000000 ) ;
#986 = CARTESIAN_POINT ( 'NONE',  ( 7.573907182274255400, -1.622880335899568500, 5.729999999999998600 ) ) ;
#987 = EDGE_CURVE ( 'NONE', #1585, #570, #3866, .T. ) ;
#988 = ADVANCED_FACE ( 'NONE', ( #2224 ), #689, .T. ) ;
#989 = LINE ( 'NONE', #4594, #971 ) ;
#990 = PRESENTATION_STYLE_ASSIGNMENT (( #611 ) ) ;
#991 = VECTOR ( 'NONE', #5355, 1000.000000000000000 ) ;
#992 = PRESENTATION_LAYER_ASSIGNMENT (  '', '', ( #1035 ) ) ;
#993 = CARTESIAN_POINT ( 'NONE',  ( 6.399999999999999500, 0.1249999999999998900, -5.730000000000000400 ) ) ;
#994 = CARTESIAN_POINT ( 'NONE',  ( -7.409999999999987700, -1.872880335899558900, -7.220000000000000600 ) ) ;
#995 = EDGE_CURVE ( 'NONE', #6, #2327, #5304, .T. ) ;
#996 = DIRECTION ( 'NONE',  ( 4.742694567940700400E-032, -7.233811389675590400E-032, 1.000000000000000000 ) ) ;
#997 = VECTOR ( 'NONE', #4684, 1000.000000000000000 ) ;
#998 = FILL_AREA_STYLE_COLOUR ( '', #22 ) ;
#999 = EDGE_CURVE ( 'NONE', #301, #378, #5309, .T. ) ;
#1000 = CARTESIAN_POINT ( 'NONE',  ( -7.573907182274247400, 8.377119664100432000, -8.269999999999996000 ) ) ;
#1001 =( LENGTH_UNIT ( ) NAMED_UNIT ( * ) SI_UNIT ( .MILLI., .METRE. ) );
#1002 =( LENGTH_UNIT ( ) NAMED_UNIT ( * ) SI_UNIT ( .MILLI., .METRE. ) );
#1003 = AXIS2_PLACEMENT_3D ( 'NONE', #5568, #5460, #4871 ) ;
#1004 = FACE_OUTER_BOUND ( 'NONE', #1378, .T. ) ;
#1005 = AXIS2_PLACEMENT_3D ( 'NONE', #4725, #3956, #3541 ) ;
#1006 = PLANE ( 'NONE',  #5229 ) ;
#1007 = SURFACE_STYLE_USAGE ( .BOTH. , #1030 ) ;
#1008 = DIRECTION ( 'NONE',  ( -1.000000000000000000, -0.0000000000000000000, -0.0000000000000000000 ) ) ;
#1009 = ORIENTED_EDGE ( 'NONE', *, *, #1357, .T. ) ;
#1010 = UNCERTAINTY_MEASURE_WITH_UNIT (LENGTH_MEASURE( 1.000000000000000100E-005 ), #4457, 'distance_accuracy_value', 'NONE');
#1011 =( NAMED_UNIT ( * ) PLANE_ANGLE_UNIT ( ) SI_UNIT ( $, .RADIAN. ) );
#1012 = EDGE_CURVE ( 'NONE', #3358, #442, #4100, .T. ) ;
#1013 = DIRECTION ( 'NONE',  ( 0.0000000000000000000, 1.000000000000000000, 0.0000000000000000000 ) ) ;
#1014 = ORIENTED_EDGE ( 'NONE', *, *, #805, .F. ) ;
#1015 = VECTOR ( 'NONE', #3859, 1000.000000000000000 ) ;
#1016 = EDGE_LOOP ( 'NONE', ( #5294, #448, #3319, #2803 ) ) ;
#1017 = EDGE_LOOP ( 'NONE', ( #5231, #5227, #3208, #2965 ) ) ;
#1019 =( NAMED_UNIT ( * ) SI_UNIT ( $, .STERADIAN. ) SOLID_ANGLE_UNIT ( ) );
#1018 = CARTESIAN_POINT ( 'NONE',  ( 6.813907182274246700, 0.1250000000000001400, -6.970000000000000600 ) ) ;
#1020 = VECTOR ( 'NONE', #3996, 1000.000000000000000 ) ;
#1021 = DIRECTION ( 'NONE',  ( 0.0000000000000000000, -0.0000000000000000000, -1.000000000000000000 ) ) ;
#1022 = SURFACE_STYLE_USAGE ( .BOTH. , #1050 ) ;
#1023 = LINE ( 'NONE', #5173, #2648 ) ;
#1024 = EDGE_CURVE ( 'NONE', #2938, #1248, #3537, .T. ) ;
#1025 = ORIENTED_EDGE ( 'NONE', *, *, #409, .T. ) ;
#1026 =( NAMED_UNIT ( * ) PLANE_ANGLE_UNIT ( ) SI_UNIT ( $, .RADIAN. ) );
#1027 = ORIENTED_EDGE ( 'NONE', *, *, #544, .T. ) ;
#1028 = FACE_OUTER_BOUND ( 'NONE', #3022, .T. ) ;
#1029 = EDGE_LOOP ( 'NONE', ( #77, #3367, #5234, #225 ) ) ;
#1030 = SURFACE_SIDE_STYLE ('',( #4554 ) ) ;
#1031 = LINE ( 'NONE', #3718, #799 ) ;
#1032 = VERTEX_POINT ( 'NONE', #2032 ) ;
#1033 = ORIENTED_EDGE ( 'NONE', *, *, #401, .T. ) ;
#1034 = CARTESIAN_POINT ( 'NONE',  ( -6.813907182274253800, 0.1249999999999930600, -6.969999999999993500 ) ) ;
#1035 = STYLED_ITEM ( 'NONE', ( #2188 ), #1991 ) ;
#1036 = COLOUR_RGB ( '',0.0000000000000000000, 0.0000000000000000000, 0.0000000000000000000 ) ;
#1037 = CARTESIAN_POINT ( 'NONE',  ( 7.409999999999988600, -1.872880335899570700, -8.019999999999999600 ) ) ;
#1038 = EDGE_CURVE ( 'NONE', #2259, #945, #3937, .T. ) ;
#1039 = ORIENTED_EDGE ( 'NONE', *, *, #568, .T. ) ;
#1040 = PRESENTATION_STYLE_ASSIGNMENT (( #5138 ) ) ;
#1041 = VECTOR ( 'NONE', #3552, 1000.000000000000200 ) ;
#1042 = PLANE ( 'NONE',  #3239 ) ;
#1043 = DIRECTION ( 'NONE',  ( 0.0000000000000000000, 1.000000000000000000, 0.0000000000000000000 ) ) ;
#1044 = EDGE_CURVE ( 'NONE', #2998, #1942, #3933, .T. ) ;
#1045 = ORIENTED_EDGE ( 'NONE', *, *, #2713, .F. ) ;
#1046 = DIRECTION ( 'NONE',  ( -1.000000000000000000, -1.807003620809171900E-016, 0.0000000000000000000 ) ) ;
#1047 = FACE_OUTER_BOUND ( 'NONE', #2396, .T. ) ;
#1048 = EDGE_LOOP ( 'NONE', ( #3873, #3947, #2579, #4584 ) ) ;
#1049 = PRESENTATION_STYLE_ASSIGNMENT (( #4354 ) ) ;
#1050 = SURFACE_SIDE_STYLE ('',( #4213 ) ) ;
#1051 =( LENGTH_UNIT ( ) NAMED_UNIT ( * ) SI_UNIT ( .MILLI., .METRE. ) );
#1052 = DIRECTION ( 'NONE',  ( 5.507058653894625900E-016, 0.0000000000000000000, 1.000000000000000000 ) ) ;
#1053 = FILL_AREA_STYLE ('',( #1114 ) ) ;
#1054 =( GEOMETRIC_REPRESENTATION_CONTEXT ( 3 ) GLOBAL_UNCERTAINTY_ASSIGNED_CONTEXT ( ( #855 ) ) GLOBAL_UNIT_ASSIGNED_CONTEXT ( ( #2119, #2116, #2097 ) ) REPRESENTATION_CONTEXT ( 'NONE', 'WORKASPACE' ) );
#1055 = CARTESIAN_POINT ( 'NONE',  ( 7.344642163677975500, -1.722567603130880300, 8.269999999999999600 ) ) ;
#1056 = VECTOR ( 'NONE', #5626, 1000.000000000000000 ) ;
#1057 = CARTESIAN_POINT ( 'NONE',  ( 6.879265018596276700, -0.02531273276868713600, 5.729999999999998600 ) ) ;
#1058 = DIRECTION ( 'NONE',  ( -1.000000000000000000, 0.0000000000000000000, 0.0000000000000000000 ) ) ;
#1059 = PRESENTATION_STYLE_ASSIGNMENT (( #307 ) ) ;
#1060 =( LENGTH_UNIT ( ) NAMED_UNIT ( * ) SI_UNIT ( .MILLI., .METRE. ) );
#1061 = DIRECTION ( 'NONE',  ( -1.000000000000000000, -4.605690828718422800E-016, 5.507058653894625900E-016 ) ) ;
#1062 = CARTESIAN_POINT ( 'NONE',  ( 6.399999999999999500, 0.1249999999999998900, -9.449999999999999300 ) ) ;
#1063 = MECHANICAL_DESIGN_GEOMETRIC_PRESENTATION_REPRESENTATION (  '', ( #1158 ), #1054 ) ;
#1064 = VECTOR ( 'NONE', #5034, 1000.000000000000000 ) ;
#1065 =( GEOMETRIC_REPRESENTATION_CONTEXT ( 3 ) GLOBAL_UNCERTAINTY_ASSIGNED_CONTEXT ( ( #197 ) ) GLOBAL_UNIT_ASSIGNED_CONTEXT ( ( #3062, #2900, #2868 ) ) REPRESENTATION_CONTEXT ( 'NONE', 'WORKASPACE' ) );
#1066 = VERTEX_POINT ( 'NONE', #2262 ) ;
#1067 = SURFACE_STYLE_USAGE ( .BOTH. , #1122 ) ;
#1068 = EDGE_CURVE ( 'NONE', #3412, #5074, #5192, .T. ) ;
#1069 = FILL_AREA_STYLE ('',( #1507 ) ) ;
#1070 = FACE_OUTER_BOUND ( 'NONE', #5249, .T. ) ;
#1071 = PRESENTATION_LAYER_ASSIGNMENT (  '', '', ( #1158 ) ) ;
#1072 =( GEOMETRIC_REPRESENTATION_CONTEXT ( 3 ) GLOBAL_UNCERTAINTY_ASSIGNED_CONTEXT ( ( #1931 ) ) GLOBAL_UNIT_ASSIGNED_CONTEXT ( ( #63, #3652, #5526 ) ) REPRESENTATION_CONTEXT ( 'NONE', 'WORKASPACE' ) );
#1073 = CARTESIAN_POINT ( 'NONE',  ( 6.649999999999995900, -0.1249999999999992500, 8.269999999999999600 ) ) ;
#1074 = FILL_AREA_STYLE_COLOUR ( '', #4461 ) ;
#1075 = EDGE_CURVE ( 'NONE', #4729, #5074, #5237, .T. ) ;
#1076 = LINE ( 'NONE', #5431, #3509 ) ;
#1077 = SURFACE_STYLE_FILL_AREA ( #4669 ) ;
#1078 = LINE ( 'NONE', #5196, #997 ) ;
#1079 =( LENGTH_UNIT ( ) NAMED_UNIT ( * ) SI_UNIT ( .MILLI., .METRE. ) );
#1080 = DIRECTION ( 'NONE',  ( -1.000000000000000000, -1.807003620809171900E-016, 0.0000000000000000000 ) ) ;
#1081 = EDGE_CURVE ( 'NONE', #425, #488, #5195, .T. ) ;
#1082 = CARTESIAN_POINT ( 'NONE',  ( -6.399999999999991500, -0.1250000000000058800, -6.969999999999993500 ) ) ;
#1083 = EDGE_CURVE ( 'NONE', #2243, #1248, #4113, .T. ) ;
#1084 = CARTESIAN_POINT ( 'NONE',  ( 6.649999999999987900, 0.1250000000000004700, -5.730000000000001300 ) ) ;
#1085 = ORIENTED_EDGE ( 'NONE', *, *, #2228, .T. ) ;
#1086 = EDGE_CURVE ( 'NONE', #504, #5518, #2830, .T. ) ;
#1087 = CARTESIAN_POINT ( 'NONE',  ( 6.399999999999999500, 0.1250000000000020000, 6.969999999999999800 ) ) ;
#1088 = FILL_AREA_STYLE ('',( #646 ) ) ;
#1089 = MECHANICAL_DESIGN_GEOMETRIC_PRESENTATION_REPRESENTATION (  '', ( #1142 ), #1072 ) ;
#1090 = CARTESIAN_POINT ( 'NONE',  ( 6.649999999999996800, 0.1250000000000020000, 6.969999999999999800 ) ) ;
#1091 = ORIENTED_EDGE ( 'NONE', *, *, #1370, .T. ) ;
#1092 = DIRECTION ( 'NONE',  ( 0.0000000000000000000, 0.0000000000000000000, -1.000000000000000000 ) ) ;
#1093 = SURFACE_STYLE_USAGE ( .BOTH. , #3191 ) ;
#1094 = CARTESIAN_POINT ( 'NONE',  ( 6.399999999999989700, 0.1250000000000002200, 9.449999999999990400 ) ) ;
#1095 = ORIENTED_EDGE ( 'NONE', *, *, #1384, .T. ) ;
#1096 = FILL_AREA_STYLE ('',( #205 ) ) ;
#1097 = PRESENTATION_LAYER_ASSIGNMENT (  '', '', ( #117 ) ) ;
#1098 = STYLED_ITEM ( 'NONE', ( #1412 ), #2223 ) ;
#1099 = EDGE_CURVE ( 'NONE', #3899, #3358, #2835, .T. ) ;
#1100 = ORIENTED_EDGE ( 'NONE', *, *, #1480, .F. ) ;
#1101 = UNCERTAINTY_MEASURE_WITH_UNIT (LENGTH_MEASURE( 1.000000000000000100E-005 ), #5422, 'distance_accuracy_value', 'NONE');
#1102 = VERTEX_POINT ( 'NONE', #2946 ) ;
#1103 = ORIENTED_EDGE ( 'NONE', *, *, #392, .F. ) ;
#1104 = DIRECTION ( 'NONE',  ( -0.1045284632676493500, 0.9945218953682737300, 0.0000000000000000000 ) ) ;
#1105 = SURFACE_STYLE_USAGE ( .BOTH. , #1116 ) ;
#1106 = ORIENTED_EDGE ( 'NONE', *, *, #1552, .F. ) ;
#1107 = PRESENTATION_LAYER_ASSIGNMENT (  '', '', ( #1142 ) ) ;
#1108 = DIRECTION ( 'NONE',  ( 0.0000000000000000000, -0.0000000000000000000, 1.000000000000000000 ) ) ;
#1109 = EDGE_CURVE ( 'NONE', #4, #2259, #2647, .T. ) ;
#1110 = SURFACE_STYLE_FILL_AREA ( #5004 ) ;
#1111 = COLOUR_RGB ( '',0.0000000000000000000, 0.0000000000000000000, 0.0000000000000000000 ) ;
#1112 = ORIENTED_EDGE ( 'NONE', *, *, #374, .F. ) ;
#1113 = CARTESIAN_POINT ( 'NONE',  ( -6.399999999999990600, 0.1249999999999938200, 9.449999999999999300 ) ) ;
#1114 = FILL_AREA_STYLE_COLOUR ( '', #4547 ) ;
#1115 = VERTEX_POINT ( 'NONE', #1314 ) ;
#1116 = SURFACE_SIDE_STYLE ('',( #5610 ) ) ;
#1117 = DIRECTION ( 'NONE',  ( -2.659816755829718200E-017, 0.05233595624293881800, 0.9986295347545741700 ) ) ;
#1118 = COLOUR_RGB ( '',1.000000000000000000, 1.000000000000000000, 0.0000000000000000000 ) ;
#1119 = LINE ( 'NONE', #1231, #3037 ) ;
#1120 = AXIS2_PLACEMENT_3D ( 'NONE', #262, #221, #179 ) ;
#1121 = EDGE_CURVE ( 'NONE', #1032, #3630, #40, .T. ) ;
#1122 = SURFACE_SIDE_STYLE ('',( #5019 ) ) ;
#1123 = FILL_AREA_STYLE ('',( #3781 ) ) ;
#1124 = UNCERTAINTY_MEASURE_WITH_UNIT (LENGTH_MEASURE( 1.000000000000000100E-005 ), #5139, 'distance_accuracy_value', 'NONE');
#1125 = VERTEX_POINT ( 'NONE', #3138 ) ;
#1126 =( NAMED_UNIT ( * ) SI_UNIT ( $, .STERADIAN. ) SOLID_ANGLE_UNIT ( ) );
#1127 = EDGE_CURVE ( 'NONE', #5620, #4035, #2045, .T. ) ;
#1128 = SURFACE_STYLE_FILL_AREA ( #633 ) ;
#1129 = LINE ( 'NONE', #1133, #890 ) ;
#1130 = DIRECTION ( 'NONE',  ( 0.0000000000000000000, -0.9986295347545741700, 0.05233595624293881800 ) ) ;
#1131 = UNCERTAINTY_MEASURE_WITH_UNIT (LENGTH_MEASURE( 1.000000000000000100E-005 ), #597, 'distance_accuracy_value', 'NONE');
#1132 = DIRECTION ( 'NONE',  ( -6.672013369141566200E-016, -0.0000000000000000000, 1.000000000000000000 ) ) ;
#1133 = CARTESIAN_POINT ( 'NONE',  ( -8.609999999999992300, 8.377119664100432000, 8.019999999999999600 ) ) ;
#1134 =( NAMED_UNIT ( * ) PLANE_ANGLE_UNIT ( ) SI_UNIT ( $, .RADIAN. ) );
#1135 = FILL_AREA_STYLE ('',( #1822 ) ) ;
#1136 = VECTOR ( 'NONE', #4996, 1000.000000000000100 ) ;
#1137 = DIRECTION ( 'NONE',  ( -1.000000000000000000, 8.673617379884027600E-016, 0.0000000000000000000 ) ) ;
#1138 = LINE ( 'NONE', #5438, #1056 ) ;
#1139 = PLANE ( 'NONE',  #4779 ) ;
#1140 = AXIS2_PLACEMENT_3D ( 'NONE', #2481, #2466, #2334 ) ;
#1141 = ORIENTED_EDGE ( 'NONE', *, *, #464, .T. ) ;
#1142 = STYLED_ITEM ( 'NONE', ( #2947 ), #1990 ) ;
#1143 = DIRECTION ( 'NONE',  ( 1.000000000000000000, 4.743384504624081900E-016, 0.0000000000000000000 ) ) ;
#1144 = EDGE_CURVE ( 'NONE', #583, #2028, #4802, .T. ) ;
#1145 = SURFACE_SIDE_STYLE ('',( #476 ) ) ;
#1146 = VERTEX_POINT ( 'NONE', #3494 ) ;
#1147 = DIRECTION ( 'NONE',  ( 1.807003620809171900E-016, -1.000000000000000000, 0.0000000000000000000 ) ) ;
#1148 = LINE ( 'NONE', #5512, #2026 ) ;
#1149 = EDGE_CURVE ( 'NONE', #228, #1929, #3108, .T. ) ;
#1150 = VERTEX_POINT ( 'NONE', #3819 ) ;
#1151 = CARTESIAN_POINT ( 'NONE',  ( 7.573907182274248300, -1.622880335899570900, -6.970000000000000600 ) ) ;
#1152 = CIRCLE ( 'NONE', #806, 0.2500000000000002200 ) ;
#1153 = DIRECTION ( 'NONE',  ( 0.0000000000000000000, -1.000000000000000000, 0.0000000000000000000 ) ) ;
#1154 = DIRECTION ( 'NONE',  ( 1.000000000000000000, 0.0000000000000000000, -0.0000000000000000000 ) ) ;
#1155 = CARTESIAN_POINT ( 'NONE',  ( -8.055773820624500200, 0.1249999999999935700, 8.270000000000006700 ) ) ;
#1156 =( GEOMETRIC_REPRESENTATION_CONTEXT ( 3 ) GLOBAL_UNCERTAINTY_ASSIGNED_CONTEXT ( ( #349 ) ) GLOBAL_UNIT_ASSIGNED_CONTEXT ( ( #4590, #2006, #4991 ) ) REPRESENTATION_CONTEXT ( 'NONE', 'WORKASPACE' ) );
#1157 = FILL_AREA_STYLE_COLOUR ( '', #848 ) ;
#1158 = STYLED_ITEM ( 'NONE', ( #359 ), #2378 ) ;
#1159 = FILL_AREA_STYLE ('',( #808 ) ) ;
#1160 = VECTOR ( 'NONE', #1279, 1000.000000000000000 ) ;
#1161 =( GEOMETRIC_REPRESENTATION_CONTEXT ( 3 ) GLOBAL_UNCERTAINTY_ASSIGNED_CONTEXT ( ( #1746 ) ) GLOBAL_UNIT_ASSIGNED_CONTEXT ( ( #536, #499, #4570 ) ) REPRESENTATION_CONTEXT ( 'NONE', 'WORKASPACE' ) );
#1162 = CARTESIAN_POINT ( 'NONE',  ( 7.573907182274248300, -1.622880335899570900, -5.480000000000001300 ) ) ;
#1163 = EDGE_CURVE ( 'NONE', #4998, #4118, #4806, .T. ) ;
#1164 = VECTOR ( 'NONE', #2300, 1000.000000000000000 ) ;
#1165 = FILL_AREA_STYLE_COLOUR ( '', #3915 ) ;
#1166 = LINE ( 'NONE', #2543, #3120 ) ;
#1167 = MECHANICAL_DESIGN_GEOMETRIC_PRESENTATION_REPRESENTATION (  '', ( #1201 ), #1161 ) ;
#1168 = ORIENTED_EDGE ( 'NONE', *, *, #1755, .F. ) ;
#1169 = DIRECTION ( 'NONE',  ( -0.0000000000000000000, 1.000000000000000000, -0.0000000000000000000 ) ) ;
#1170 = DIRECTION ( 'NONE',  ( -0.9945218953682729600, 0.1045284632676572600, 0.0000000000000000000 ) ) ;
#1171 = CARTESIAN_POINT ( 'NONE',  ( -6.813907182274253800, 0.1249999999999929800, -6.969999999999993500 ) ) ;
#1172 = ADVANCED_FACE ( 'NONE', ( #4746 ), #3984, .T. ) ;
#1173 = ORIENTED_EDGE ( 'NONE', *, *, #767, .F. ) ;
#1174 = SURFACE_SIDE_STYLE ('',( #5508 ) ) ;
#1175 = FILL_AREA_STYLE ('',( #1950 ) ) ;
#1176 =( GEOMETRIC_REPRESENTATION_CONTEXT ( 3 ) GLOBAL_UNCERTAINTY_ASSIGNED_CONTEXT ( ( #975 ) ) GLOBAL_UNIT_ASSIGNED_CONTEXT ( ( #142, #125, #24 ) ) REPRESENTATION_CONTEXT ( 'NONE', 'WORKASPACE' ) );
#1177 = PRESENTATION_LAYER_ASSIGNMENT (  '', '', ( #1201 ) ) ;
#1178 = CARTESIAN_POINT ( 'NONE',  ( 6.399999999999996800, 0.1250000000000017200, 5.729999999999998600 ) ) ;
#1179 = ORIENTED_EDGE ( 'NONE', *, *, #2645, .F. ) ;
#1180 = PRESENTATION_STYLE_ASSIGNMENT (( #802 ) ) ;
#1181 = CARTESIAN_POINT ( 'NONE',  ( -6.649999999999994100, 0.1249999999999931400, -5.729999999999997800 ) ) ;
#1182 = ORIENTED_EDGE ( 'NONE', *, *, #1708, .F. ) ;
#1183 = ORIENTED_EDGE ( 'NONE', *, *, #364, .T. ) ;
#1184 = FACE_OUTER_BOUND ( 'NONE', #3703, .T. ) ;
#1185 = CARTESIAN_POINT ( 'NONE',  ( 6.399999999999998600, -0.1249999999999938800, -9.450024999999991200 ) ) ;
#1186 = VERTEX_POINT ( 'NONE', #4610 ) ;
#1187 = ORIENTED_EDGE ( 'NONE', *, *, #1614, .F. ) ;
#1188 =( NAMED_UNIT ( * ) PLANE_ANGLE_UNIT ( ) SI_UNIT ( $, .RADIAN. ) );
#1189 = EDGE_CURVE ( 'NONE', #2386, #2807, #3474, .T. ) ;
#1190 = ORIENTED_EDGE ( 'NONE', *, *, #356, .T. ) ;
#1191 = DIRECTION ( 'NONE',  ( 0.0000000000000000000, 1.668003342285391100E-016, -1.000000000000000000 ) ) ;
#1192 = DIRECTION ( 'NONE',  ( -0.9170600743851251600, 0.3987490689252437500, 7.233811389675592600E-032 ) ) ;
#1193 = ORIENTED_EDGE ( 'NONE', *, *, #1452, .F. ) ;
#1194 = COLOUR_RGB ( '',1.000000000000000000, 1.000000000000000000, 0.0000000000000000000 ) ;
#1195 = LINE ( 'NONE', #203, #2617 ) ;
#1196 = AXIS2_PLACEMENT_3D ( 'NONE', #731, #709, #694 ) ;
#1197 = DIRECTION ( 'NONE',  ( 0.0000000000000000000, -0.0000000000000000000, 1.000000000000000000 ) ) ;
#1198 = EDGE_CURVE ( 'NONE', #3259, #3623, #5618, .T. ) ;
#1199 = LINE ( 'NONE', #5291, #2490 ) ;
#1200 = LINE ( 'NONE', #4663, #4906 ) ;
#1201 = STYLED_ITEM ( 'NONE', ( #3628 ), #1984 ) ;
#1202 = LINE ( 'NONE', #1034, #1393 ) ;
#1203 = EDGE_CURVE ( 'NONE', #206, #173, #1699, .T. ) ;
#1204 = DIRECTION ( 'NONE',  ( -0.3987490689252437000, -0.9170600743851250500, 0.0000000000000000000 ) ) ;
#1205 = VECTOR ( 'NONE', #4744, 1000.000000000000000 ) ;
#1206 = SURFACE_STYLE_USAGE ( .BOTH. , #1145 ) ;
#1207 = ADVANCED_FACE ( 'NONE', ( #2578 ), #5114, .T. ) ;
#1208 = UNCERTAINTY_MEASURE_WITH_UNIT (LENGTH_MEASURE( 1.000000000000000100E-005 ), #573, 'distance_accuracy_value', 'NONE');
#1209 = FILL_AREA_STYLE_COLOUR ( '', #5529 ) ;
#1210 = CARTESIAN_POINT ( 'NONE',  ( 7.573907182274255400, -1.872880335899568700, 4.429999999999999700 ) ) ;
#1211 = CARTESIAN_POINT ( 'NONE',  ( -8.055773820624500200, -0.1250000000000060800, -8.269999999999996000 ) ) ;
#1212 = LINE ( 'NONE', #4905, #1136 ) ;
#1213 = VERTEX_POINT ( 'NONE', #4758 ) ;
#1214 = VECTOR ( 'NONE', #5455, 1000.000000000000000 ) ;
#1215 = EDGE_CURVE ( 'NONE', #5518, #2998, #4313, .T. ) ;
#1216 = CARTESIAN_POINT ( 'NONE',  ( -8.055773820624500200, -0.1250000000000053300, 6.970000000000003300 ) ) ;
#1217 = VECTOR ( 'NONE', #4246, 1000.000000000000100 ) ;
#1218 = MECHANICAL_DESIGN_GEOMETRIC_PRESENTATION_REPRESENTATION (  '', ( #1311 ), #1176 ) ;
#1219 = LINE ( 'NONE', #2561, #3379 ) ;
#1220 = EDGE_CURVE ( 'NONE', #1115, #5042, #3994, .T. ) ;
#1221 = LINE ( 'NONE', #4567, #1064 ) ;
#1222 = VECTOR ( 'NONE', #4809, 1000.000000000000000 ) ;
#1223 = DIRECTION ( 'NONE',  ( 1.000000000000000000, 1.807003620809171700E-016, 0.0000000000000000000 ) ) ;
#1224 = SURFACE_STYLE_FILL_AREA ( #2577 ) ;
#1225 = EDGE_CURVE ( 'NONE', #3201, #1102, #4369, .T. ) ;
#1226 = LINE ( 'NONE', #5110, #1222 ) ;
#1227 = DIRECTION ( 'NONE',  ( 0.0000000000000000000, -0.0000000000000000000, -1.000000000000000000 ) ) ;
#1228 = FACE_OUTER_BOUND ( 'NONE', #1924, .T. ) ;
#1229 = DIRECTION ( 'NONE',  ( 0.0000000000000000000, -1.000000000000000000, 0.0000000000000000000 ) ) ;
#1230 = SURFACE_SIDE_STYLE ('',( #2042 ) ) ;
#1231 = CARTESIAN_POINT ( 'NONE',  ( -7.573907182274247400, 8.377119664100432000, -4.429999999999994400 ) ) ;
#1232 =( LENGTH_UNIT ( ) NAMED_UNIT ( * ) SI_UNIT ( .MILLI., .METRE. ) );
#1233 = ORIENTED_EDGE ( 'NONE', *, *, #2139, .T. ) ;
#1234 =( GEOMETRIC_REPRESENTATION_CONTEXT ( 3 ) GLOBAL_UNCERTAINTY_ASSIGNED_CONTEXT ( ( #1930 ) ) GLOBAL_UNIT_ASSIGNED_CONTEXT ( ( #1001, #978, #238 ) ) REPRESENTATION_CONTEXT ( 'NONE', 'WORKASPACE' ) );
#1235 = EDGE_CURVE ( 'NONE', #4201, #2201, #2375, .T. ) ;
#1236 = COLOUR_RGB ( '',1.000000000000000000, 1.000000000000000000, 0.0000000000000000000 ) ;
#1237 = PRESENTATION_STYLE_ASSIGNMENT (( #2627 ) ) ;
#1238 = SURFACE_STYLE_USAGE ( .BOTH. , #3043 ) ;
#1239 = MECHANICAL_DESIGN_GEOMETRIC_PRESENTATION_REPRESENTATION (  '', ( #1272 ), #1234 ) ;
#1240 = ORIENTED_EDGE ( 'NONE', *, *, #596, .F. ) ;
#1241 = LINE ( 'NONE', #1678, #2762 ) ;
#1242 = ORIENTED_EDGE ( 'NONE', *, *, #1670, .F. ) ;
#1243 = DIRECTION ( 'NONE',  ( 0.0000000000000000000, -0.0000000000000000000, -1.000000000000000000 ) ) ;
#1244 = VERTEX_POINT ( 'NONE', #2964 ) ;
#1245 =( GEOMETRIC_REPRESENTATION_CONTEXT ( 3 ) GLOBAL_UNCERTAINTY_ASSIGNED_CONTEXT ( ( #447 ) ) GLOBAL_UNIT_ASSIGNED_CONTEXT ( ( #2537, #2512, #2508 ) ) REPRESENTATION_CONTEXT ( 'NONE', 'WORKASPACE' ) );
#1246 = PRESENTATION_LAYER_ASSIGNMENT (  '', '', ( #1311 ) ) ;
#1247 = PRESENTATION_LAYER_ASSIGNMENT (  '', '', ( #1272 ) ) ;
#1248 = VERTEX_POINT ( 'NONE', #323 ) ;
#1249 = EDGE_CURVE ( 'NONE', #180, #3843, #3712, .T. ) ;
#1250 = CARTESIAN_POINT ( 'NONE',  ( 8.609999999999896400, -1.622880335899570500, -4.680000000000001500 ) ) ;
#1251 = CARTESIAN_POINT ( 'NONE',  ( -8.055773820624500200, -0.1250000000000059400, -4.429999999999994400 ) ) ;
#1252 = VECTOR ( 'NONE', #1229, 1000.000000000000000 ) ;
#1253 = ORIENTED_EDGE ( 'NONE', *, *, #342, .F. ) ;
#1254 = EDGE_CURVE ( 'NONE', #3236, #4884, #2371, .T. ) ;
#1255 = CARTESIAN_POINT ( 'NONE',  ( -7.573907182274248300, -1.872880335899559600, -4.429999999999994400 ) ) ;
#1256 = ORIENTED_EDGE ( 'NONE', *, *, #1703, .F. ) ;
#1257 = DIRECTION ( 'NONE',  ( -1.000000000000000000, -0.0000000000000000000, -0.0000000000000000000 ) ) ;
#1258 = DIRECTION ( 'NONE',  ( -1.000000000000000000, 0.0000000000000000000, 0.0000000000000000000 ) ) ;
#1259 = EDGE_CURVE ( 'NONE', #936, #5088, #3790, .T. ) ;
#1260 = FILL_AREA_STYLE_COLOUR ( '', #4923 ) ;
#1261 = ORIENTED_EDGE ( 'NONE', *, *, #5629, .F. ) ;
#1262 = DIRECTION ( 'NONE',  ( 4.742694567940698200E-032, -7.233811389675590400E-032, 1.000000000000000000 ) ) ;
#1263 = UNCERTAINTY_MEASURE_WITH_UNIT (LENGTH_MEASURE( 1.000000000000000100E-005 ), #3337, 'distance_accuracy_value', 'NONE');
#1264 = AXIS2_PLACEMENT_3D ( 'NONE', #1211, #1197, #1154 ) ;
#1265 = CARTESIAN_POINT ( 'NONE',  ( 6.879265018596268700, -0.02531273276868906100, -8.269999999999999600 ) ) ;
#1266 = EDGE_CURVE ( 'NONE', #3277, #1649, #192, .T. ) ;
#1267 = DIRECTION ( 'NONE',  ( 1.000000000000000000, 1.807003620809171900E-016, 0.0000000000000000000 ) ) ;
#1268 =( NAMED_UNIT ( * ) PLANE_ANGLE_UNIT ( ) SI_UNIT ( $, .RADIAN. ) );
#1269 =( NAMED_UNIT ( * ) SI_UNIT ( $, .STERADIAN. ) SOLID_ANGLE_UNIT ( ) );
#1270 = SURFACE_SIDE_STYLE ('',( #407 ) ) ;
#1271 = VECTOR ( 'NONE', #2838, 1000.000000000000100 ) ;
#1272 = STYLED_ITEM ( 'NONE', ( #4277 ), #1975 ) ;
#1273 = EDGE_CURVE ( 'NONE', #2794, #11, #2230, .T. ) ;
#1274 =( NAMED_UNIT ( * ) PLANE_ANGLE_UNIT ( ) SI_UNIT ( $, .RADIAN. ) );
#1275 =( LENGTH_UNIT ( ) NAMED_UNIT ( * ) SI_UNIT ( .MILLI., .METRE. ) );
#1276 = CARTESIAN_POINT ( 'NONE',  ( 8.055773820624489500, -0.1250000000000008900, -8.269999999999999600 ) ) ;
#1277 = MECHANICAL_DESIGN_GEOMETRIC_PRESENTATION_REPRESENTATION (  '', ( #1394 ), #1245 ) ;
#1278 = FILL_AREA_STYLE_COLOUR ( '', #5072 ) ;
#1279 = DIRECTION ( 'NONE',  ( 0.0000000000000000000, -1.000000000000000000, 0.0000000000000000000 ) ) ;
#1280 = VECTOR ( 'NONE', #3036, 1000.000000000000100 ) ;
#1281 = VECTOR ( 'NONE', #4404, 1000.000000000000000 ) ;
#1282 = SURFACE_STYLE_USAGE ( .BOTH. , #1270 ) ;
#1283 = ORIENTED_EDGE ( 'NONE', *, *, #555, .T. ) ;
#1284 = DIRECTION ( 'NONE',  ( -0.0000000000000000000, 1.000000000000000000, -0.0000000000000000000 ) ) ;
#1285 = DIRECTION ( 'NONE',  ( 1.000000000000000000, 1.084202172485503400E-016, -0.0000000000000000000 ) ) ;
#1286 = LINE ( 'NONE', #4338, #57 ) ;
#1287 = EDGE_CURVE ( 'NONE', #5177, #3359, #3794, .T. ) ;
#1288 = PLANE ( 'NONE',  #3063 ) ;
#1289 = PLANE ( 'NONE',  #3326 ) ;
#1290 = AXIS2_PLACEMENT_3D ( 'NONE', #874, #3989, #1337 ) ;
#1291 = SURFACE_SIDE_STYLE ('',( #1418 ) ) ;
#1292 =( GEOMETRIC_REPRESENTATION_CONTEXT ( 3 ) GLOBAL_UNCERTAINTY_ASSIGNED_CONTEXT ( ( #1976 ) ) GLOBAL_UNIT_ASSIGNED_CONTEXT ( ( #1419, #1402, #2516 ) ) REPRESENTATION_CONTEXT ( 'NONE', 'WORKASPACE' ) );
#1293 = EDGE_CURVE ( 'NONE', #2799, #1066, #3861, .T. ) ;
#1294 = CARTESIAN_POINT ( 'NONE',  ( 6.399999999999991500, 0.1250000000000004700, -5.730000000000001300 ) ) ;
#1295 = VECTOR ( 'NONE', #1940, 1000.000000000000000 ) ;
#1296 = ORIENTED_EDGE ( 'NONE', *, *, #1357, .F. ) ;
#1297 = CARTESIAN_POINT ( 'NONE',  ( 8.055773820624494900, 0.1250000000000017200, 5.729999999999998600 ) ) ;
#1298 = CARTESIAN_POINT ( 'NONE',  ( -6.399999999999989700, 0.1249999999999937100, 9.449999999999990400 ) ) ;
#1299 = ADVANCED_FACE ( 'NONE', ( #3658 ), #822, .F. ) ;
#1300 = DIRECTION ( 'NONE',  ( 4.742694567940698700E-032, -7.233811389675590400E-032, 1.000000000000000000 ) ) ;
#1301 = AXIS2_PLACEMENT_3D ( 'NONE', #801, #537, #520 ) ;
#1302 = MECHANICAL_DESIGN_GEOMETRIC_PRESENTATION_REPRESENTATION (  '', ( #1353 ), #1292 ) ;
#1303 = CARTESIAN_POINT ( 'NONE',  ( -7.344642163677966600, -1.722567603130868800, 8.270000000000006700 ) ) ;
#1304 = ORIENTED_EDGE ( 'NONE', *, *, #2139, .F. ) ;
#1305 = EDGE_CURVE ( 'NONE', #4564, #2095, #3323, .T. ) ;
#1306 = UNCERTAINTY_MEASURE_WITH_UNIT (LENGTH_MEASURE( 1.000000000000000100E-005 ), #960, 'distance_accuracy_value', 'NONE');
#1307 = VERTEX_POINT ( 'NONE', #649 ) ;
#1308 = EDGE_CURVE ( 'NONE', #2402, #1952, #3401, .T. ) ;
#1309 = ORIENTED_EDGE ( 'NONE', *, *, #2713, .T. ) ;
#1310 = FILL_AREA_STYLE ('',( #5215 ) ) ;
#1311 = STYLED_ITEM ( 'NONE', ( #5541 ), #2221 ) ;
#1312 = PRESENTATION_LAYER_ASSIGNMENT (  '', '', ( #1353 ) ) ;
#1313 = EDGE_LOOP ( 'NONE', ( #639, #3575, #2453, #2395 ) ) ;
#1314 = CARTESIAN_POINT ( 'NONE',  ( 7.344642163677967500, -1.722567603130881600, -5.730000000000001300 ) ) ;
#1315 = ORIENTED_EDGE ( 'NONE', *, *, #5565, .T. ) ;
#1316 = PLANE ( 'NONE',  #176 ) ;
#1317 = ORIENTED_EDGE ( 'NONE', *, *, #2231, .F. ) ;
#1318 = SURFACE_STYLE_USAGE ( .BOTH. , #366 ) ;
#1319 = ORIENTED_EDGE ( 'NONE', *, *, #1068, .T. ) ;
#1320 = ORIENTED_EDGE ( 'NONE', *, *, #5519, .T. ) ;
#1321 = CARTESIAN_POINT ( 'NONE',  ( 6.399999999999999500, -0.1249999999999992500, 8.269999999999999600 ) ) ;
#1322 = CARTESIAN_POINT ( 'NONE',  ( 6.399999999999998600, -0.1249999999999938800, 5.729999999999998600 ) ) ;
#1323 = PRESENTATION_LAYER_ASSIGNMENT (  '', '', ( #1394 ) ) ;
#1324 = EDGE_LOOP ( 'NONE', ( #5255, #3739, #3889, #3820, #3871, #3995, #3955, #4004 ) ) ;
#1325 =( LENGTH_UNIT ( ) NAMED_UNIT ( * ) SI_UNIT ( .MILLI., .METRE. ) );
#1326 = EDGE_CURVE ( 'NONE', #4273, #1571, #3333, .T. ) ;
#1327 = DIRECTION ( 'NONE',  ( -6.672013369141566200E-016, -0.0000000000000000000, 1.000000000000000000 ) ) ;
#1328 = DIRECTION ( 'NONE',  ( 4.742694567940698700E-032, -7.233811389675591500E-032, 1.000000000000000000 ) ) ;
#1329 = SURFACE_SIDE_STYLE ('',( #2124 ) ) ;
#1330 = EDGE_CURVE ( 'NONE', #1704, #5420, #3399, .T. ) ;
#1331 =( NAMED_UNIT ( * ) SI_UNIT ( $, .STERADIAN. ) SOLID_ANGLE_UNIT ( ) );
#1332 = DIRECTION ( 'NONE',  ( 0.0000000000000000000, -1.000000000000000000, 0.0000000000000000000 ) ) ;
#1333 = CARTESIAN_POINT ( 'NONE',  ( -6.649999999999994100, 0.1249999999999937400, 8.270000000000006700 ) ) ;
#1334 = FILL_AREA_STYLE ('',( #4643 ) ) ;
#1335 = SURFACE_STYLE_USAGE ( .BOTH. , #3527 ) ;
#1336 = EDGE_CURVE ( 'NONE', #2929, #5204, #863, .T. ) ;
#1337 = DIRECTION ( 'NONE',  ( -1.000000000000000000, 8.673617379884027600E-016, 0.0000000000000000000 ) ) ;
#1338 = EDGE_CURVE ( 'NONE', #4393, #4502, #1961, .T. ) ;
#1339 = PLANE ( 'NONE',  #1003 ) ;
#1340 = SURFACE_STYLE_FILL_AREA ( #4694 ) ;
#1341 = COLOUR_RGB ( '',1.000000000000000000, 1.000000000000000000, 0.0000000000000000000 ) ;
#1342 = DIRECTION ( 'NONE',  ( -6.672013369141566200E-016, -0.0000000000000000000, 1.000000000000000000 ) ) ;
#1343 = EDGE_CURVE ( 'NONE', #1373, #2402, #1871, .T. ) ;
#1344 = VECTOR ( 'NONE', #4642, 1000.000000000000000 ) ;
#1345 = CARTESIAN_POINT ( 'NONE',  ( -7.573907182274247400, -1.622880335899559800, -6.969999999999993500 ) ) ;
#1346 = AXIS2_PLACEMENT_3D ( 'NONE', #1642, #1623, #1579 ) ;
#1347 = DIRECTION ( 'NONE',  ( 4.742694567940698700E-032, -7.233811389675591500E-032, 1.000000000000000000 ) ) ;
#1348 = PRESENTATION_STYLE_ASSIGNMENT (( #5028 ) ) ;
#1349 = PRESENTATION_STYLE_ASSIGNMENT (( #3389 ) ) ;
#1350 = DIRECTION ( 'NONE',  ( 4.742694567940699300E-032, -7.233811389675590400E-032, 1.000000000000000000 ) ) ;
#1351 =( GEOMETRIC_REPRESENTATION_CONTEXT ( 3 ) GLOBAL_UNCERTAINTY_ASSIGNED_CONTEXT ( ( #2582 ) ) GLOBAL_UNIT_ASSIGNED_CONTEXT ( ( #1002, #955, #839 ) ) REPRESENTATION_CONTEXT ( 'NONE', 'WORKASPACE' ) );
#1352 = LINE ( 'NONE', #5069, #1295 ) ;
#1353 = STYLED_ITEM ( 'NONE', ( #5095 ), #1973 ) ;
#1354 = CARTESIAN_POINT ( 'NONE',  ( 7.573907182274236800, -1.622880335899525400, 5.729999999999998600 ) ) ;
#1355 = DIRECTION ( 'NONE',  ( -0.9986295347545742800, 0.05233595624293829700, -6.004524598698420400E-019 ) ) ;
#1356 =( NAMED_UNIT ( * ) SI_UNIT ( $, .STERADIAN. ) SOLID_ANGLE_UNIT ( ) );
#1357 = EDGE_CURVE ( 'NONE', #2551, #3268, #4682, .T. ) ;
#1358 = FILL_AREA_STYLE_COLOUR ( '', #3054 ) ;
#1359 = ORIENTED_EDGE ( 'NONE', *, *, #2955, .F. ) ;
#1360 =( NAMED_UNIT ( * ) PLANE_ANGLE_UNIT ( ) SI_UNIT ( $, .RADIAN. ) );
#1361 =( NAMED_UNIT ( * ) PLANE_ANGLE_UNIT ( ) SI_UNIT ( $, .RADIAN. ) );
#1362 = MECHANICAL_DESIGN_GEOMETRIC_PRESENTATION_REPRESENTATION (  '', ( #1787 ), #4348 ) ;
#1363 = ORIENTED_EDGE ( 'NONE', *, *, #3447, .F. ) ;
#1364 = VECTOR ( 'NONE', #4249, 1000.000000000000000 ) ;
#1365 = EDGE_CURVE ( 'NONE', #2404, #1373, #1888, .T. ) ;
#1366 = VECTOR ( 'NONE', #3760, 1000.000000000000000 ) ;
#1367 = CARTESIAN_POINT ( 'NONE',  ( -7.573907182274247400, 8.377119664100432000, 8.270000000000006700 ) ) ;
#1368 = ORIENTED_EDGE ( 'NONE', *, *, #1308, .T. ) ;
#1369 =( GEOMETRIC_REPRESENTATION_CONTEXT ( 3 ) GLOBAL_UNCERTAINTY_ASSIGNED_CONTEXT ( ( #1908 ) ) GLOBAL_UNIT_ASSIGNED_CONTEXT ( ( #1896, #1864, #1847 ) ) REPRESENTATION_CONTEXT ( 'NONE', 'WORKASPACE' ) );
#1370 = EDGE_CURVE ( 'NONE', #4793, #3564, #1757, .T. ) ;
#1371 = ORIENTED_EDGE ( 'NONE', *, *, #2228, .F. ) ;
#1372 = ORIENTED_EDGE ( 'NONE', *, *, #5519, .F. ) ;
#1373 = VERTEX_POINT ( 'NONE', #764 ) ;
#1374 = CARTESIAN_POINT ( 'NONE',  ( 7.409999999999988600, -1.872880335899570900, -7.220000000000000600 ) ) ;
#1375 = EDGE_LOOP ( 'NONE', ( #3400, #2531, #2114, #5200 ) ) ;
#1376 = MECHANICAL_DESIGN_GEOMETRIC_PRESENTATION_REPRESENTATION (  '', ( #1395 ), #1369 ) ;
#1377 = ORIENTED_EDGE ( 'NONE', *, *, #4650, .T. ) ;
#1378 = EDGE_LOOP ( 'NONE', ( #4437, #3484, #1371, #3147, #1581, #1304, #3348, #3355 ) ) ;
#1379 = ORIENTED_EDGE ( 'NONE', *, *, #2526, .T. ) ;
#1380 = ADVANCED_FACE ( 'NONE', ( #1863 ), #741, .F. ) ;
#1381 = AXIS2_PLACEMENT_3D ( 'NONE', #2907, #2858, #2834 ) ;
#1382 = DIRECTION ( 'NONE',  ( -0.0000000000000000000, 1.000000000000000000, -0.0000000000000000000 ) ) ;
#1383 = FILL_AREA_STYLE_COLOUR ( '', #4724 ) ;
#1384 = EDGE_CURVE ( 'NONE', #445, #5020, #4982, .T. ) ;
#1385 = DIRECTION ( 'NONE',  ( 1.000000000000000000, 0.0000000000000000000, 0.0000000000000000000 ) ) ;
#1386 = VECTOR ( 'NONE', #4768, 1000.000000000000100 ) ;
#1387 = COLOUR_RGB ( '',0.0000000000000000000, 0.0000000000000000000, 0.0000000000000000000 ) ;
#1388 = CARTESIAN_POINT ( 'NONE',  ( -8.609999999999992300, -1.872880335899560300, -4.680000000000001500 ) ) ;
#1389 = LINE ( 'NONE', #1962, #1609 ) ;
#1390 = AXIS2_PLACEMENT_3D ( 'NONE', #2789, #3223, #2361 ) ;
#1391 = EDGE_CURVE ( 'NONE', #2402, #3444, #4977, .T. ) ;
#1392 = CIRCLE ( 'NONE', #3957, 0.3999999999999889200 ) ;
#1393 = VECTOR ( 'NONE', #516, 1000.000000000000200 ) ;
#1394 = STYLED_ITEM ( 'NONE', ( #3545 ), #2374 ) ;
#1395 = STYLED_ITEM ( 'NONE', ( #45 ), #1965 ) ;
#1396 = DIRECTION ( 'NONE',  ( 1.093590911432185600E-016, 1.668003342285391300E-016, -1.000000000000000000 ) ) ;
#1397 = EDGE_CURVE ( 'NONE', #4122, #1428, #2782, .T. ) ;
#1398 = LINE ( 'NONE', #5305, #330 ) ;
#1399 = UNCERTAINTY_MEASURE_WITH_UNIT (LENGTH_MEASURE( 1.000000000000000100E-005 ), #2458, 'distance_accuracy_value', 'NONE');
#1400 = EDGE_CURVE ( 'NONE', #3292, #1373, #2773, .T. ) ;
#1401 = DIRECTION ( 'NONE',  ( 0.0000000000000000000, -1.000000000000000000, 0.0000000000000000000 ) ) ;
#1402 =( NAMED_UNIT ( * ) PLANE_ANGLE_UNIT ( ) SI_UNIT ( $, .RADIAN. ) );
#1403 = ORIENTED_EDGE ( 'NONE', *, *, #4356, .F. ) ;
#1404 = STYLED_ITEM ( 'NONE', ( #1586 ), #2101 ) ;
#1405 = PRESENTATION_LAYER_ASSIGNMENT (  '', '', ( #1395 ) ) ;
#1406 = FILL_AREA_STYLE_COLOUR ( '', #283 ) ;
#1407 = PLANE ( 'NONE',  #4529 ) ;
#1408 = LINE ( 'NONE', #2987, #2845 ) ;
#1409 = CARTESIAN_POINT ( 'NONE',  ( 7.573907182274248300, -1.872880335899570900, -5.730000000000001300 ) ) ;
#1410 = CARTESIAN_POINT ( 'NONE',  ( -7.573907182274247400, -1.622880335899560000, -8.019999999999988900 ) ) ;
#1411 =( NAMED_UNIT ( * ) SI_UNIT ( $, .STERADIAN. ) SOLID_ANGLE_UNIT ( ) );
#1412 = PRESENTATION_STYLE_ASSIGNMENT (( #3362 ) ) ;
#1413 = FILL_AREA_STYLE ('',( #4815 ) ) ;
#1414 = DIRECTION ( 'NONE',  ( 4.742694567940698200E-032, -7.233811389675590400E-032, 1.000000000000000000 ) ) ;
#1415 =( GEOMETRIC_REPRESENTATION_CONTEXT ( 3 ) GLOBAL_UNCERTAINTY_ASSIGNED_CONTEXT ( ( #1960 ) ) GLOBAL_UNIT_ASSIGNED_CONTEXT ( ( #2462, #2443, #2399 ) ) REPRESENTATION_CONTEXT ( 'NONE', 'WORKASPACE' ) );
#1416 = EDGE_LOOP ( 'NONE', ( #2610, #2603, #2532, #2525 ) ) ;
#1417 =( GEOMETRIC_REPRESENTATION_CONTEXT ( 3 ) GLOBAL_UNCERTAINTY_ASSIGNED_CONTEXT ( ( #736 ) ) GLOBAL_UNIT_ASSIGNED_CONTEXT ( ( #2979, #2973, #2963 ) ) REPRESENTATION_CONTEXT ( 'NONE', 'WORKASPACE' ) );
#1418 = SURFACE_STYLE_FILL_AREA ( #3617 ) ;
#1419 =( LENGTH_UNIT ( ) NAMED_UNIT ( * ) SI_UNIT ( .MILLI., .METRE. ) );
#1420 = EDGE_CURVE ( 'NONE', #2013, #2929, #2839, .T. ) ;
#1421 = FILL_AREA_STYLE ('',( #1666 ) ) ;
#1422 = ORIENTED_EDGE ( 'NONE', *, *, #5565, .F. ) ;
#1423 = COLOUR_RGB ( '',1.000000000000000000, 1.000000000000000000, 0.0000000000000000000 ) ;
#1424 = CARTESIAN_POINT ( 'NONE',  ( 6.813907182274247600, 0.1250000000000001700, -6.970000000000000600 ) ) ;
#1425 = ORIENTED_EDGE ( 'NONE', *, *, #1708, .T. ) ;
#1426 = LINE ( 'NONE', #866, #5375 ) ;
#1427 = MECHANICAL_DESIGN_GEOMETRIC_PRESENTATION_REPRESENTATION (  '', ( #1477 ), #1415 ) ;
#1428 = VERTEX_POINT ( 'NONE', #1730 ) ;
#1429 = EDGE_CURVE ( 'NONE', #2251, #4224, #2652, .T. ) ;
#1430 = UNCERTAINTY_MEASURE_WITH_UNIT (LENGTH_MEASURE( 1.000000000000000100E-005 ), #1478, 'distance_accuracy_value', 'NONE');
#1431 = ORIENTED_EDGE ( 'NONE', *, *, #332, .T. ) ;
#1432 = DIRECTION ( 'NONE',  ( 0.0000000000000000000, -1.000000000000000000, 0.0000000000000000000 ) ) ;
#1433 = SURFACE_STYLE_FILL_AREA ( #2884 ) ;
#1434 = CARTESIAN_POINT ( 'NONE',  ( 8.609999999999896400, -1.622880335899570500, -5.480000000000001300 ) ) ;
#1435 = EDGE_LOOP ( 'NONE', ( #4764, #4453, #5327, #4778 ) ) ;
#1436 = VERTEX_POINT ( 'NONE', #5182 ) ;
#1437 = PLANE ( 'NONE',  #5279 ) ;
#1438 = PRESENTATION_LAYER_ASSIGNMENT (  '', '', ( #1477 ) ) ;
#1439 = ORIENTED_EDGE ( 'NONE', *, *, #320, .T. ) ;
#1440 =( NAMED_UNIT ( * ) PLANE_ANGLE_UNIT ( ) SI_UNIT ( $, .RADIAN. ) );
#1441 = EDGE_CURVE ( 'NONE', #1436, #150, #5057, .T. ) ;
#1442 = COLOUR_RGB ( '',1.000000000000000000, 1.000000000000000000, 0.0000000000000000000 ) ;
#1443 = DIRECTION ( 'NONE',  ( -1.000000000000000000, 0.0000000000000000000, 0.0000000000000000000 ) ) ;
#1444 = DIRECTION ( 'NONE',  ( 0.0000000000000000000, -1.000000000000000000, 0.0000000000000000000 ) ) ;
#1445 = SURFACE_STYLE_USAGE ( .BOTH. , #4881 ) ;
#1446 = DIRECTION ( 'NONE',  ( 1.000000000000000000, 1.084202172485503400E-016, -0.0000000000000000000 ) ) ;
#1447 = DIRECTION ( 'NONE',  ( 0.3987490689252437500, -0.9170600743851250500, 0.0000000000000000000 ) ) ;
#1448 = CARTESIAN_POINT ( 'NONE',  ( -7.573907182274247400, -1.872880335899558300, 8.270000000000006700 ) ) ;
#1449 = PRESENTATION_STYLE_ASSIGNMENT (( #2778 ) ) ;
#1450 = DIRECTION ( 'NONE',  ( 1.000000000000000000, 0.0000000000000000000, 0.0000000000000000000 ) ) ;
#1451 = MECHANICAL_DESIGN_GEOMETRIC_PRESENTATION_REPRESENTATION (  '', ( #1542 ), #1351 ) ;
#1452 = EDGE_CURVE ( 'NONE', #1146, #2067, #627, .T. ) ;
#1453 = PRESENTATION_STYLE_ASSIGNMENT (( #5546 ) ) ;
#1454 = VECTOR ( 'NONE', #3388, 1000.000000000000100 ) ;
#1455 =( NAMED_UNIT ( * ) SI_UNIT ( $, .STERADIAN. ) SOLID_ANGLE_UNIT ( ) );
#1456 = SURFACE_STYLE_FILL_AREA ( #3029 ) ;
#1457 = FACE_OUTER_BOUND ( 'NONE', #4759, .T. ) ;
#1458 = CARTESIAN_POINT ( 'NONE',  ( 4.599999999999996100, 6.824999999999998400, 8.049999999999990100 ) ) ;
#1459 = FACE_OUTER_BOUND ( 'NONE', #376, .T. ) ;
#1460 = COLOUR_RGB ( '',1.000000000000000000, 1.000000000000000000, 0.0000000000000000000 ) ;
#1461 = EDGE_CURVE ( 'NONE', #5204, #2067, #5122, .T. ) ;
#1462 = CARTESIAN_POINT ( 'NONE',  ( -7.573907182274247400, -1.872880335899559600, -8.269999999999996000 ) ) ;
#1463 = UNCERTAINTY_MEASURE_WITH_UNIT (LENGTH_MEASURE( 1.000000000000000100E-005 ), #551, 'distance_accuracy_value', 'NONE');
#1464 = FILL_AREA_STYLE_COLOUR ( '', #762 ) ;
#1465 = PRESENTATION_STYLE_ASSIGNMENT (( #3148 ) ) ;
#1466 = FACE_OUTER_BOUND ( 'NONE', #3495, .T. ) ;
#1467 = DIRECTION ( 'NONE',  ( 0.0000000000000000000, 0.0000000000000000000, 1.000000000000000000 ) ) ;
#1468 = MECHANICAL_DESIGN_GEOMETRIC_PRESENTATION_REPRESENTATION (  '', ( #1682 ), #1417 ) ;
#1469 = ADVANCED_FACE ( 'NONE', ( #2565 ), #2633, .F. ) ;
#1470 = CARTESIAN_POINT ( 'NONE',  ( -7.573907182274247400, -1.622880335899559200, 8.019999999999999600 ) ) ;
#1471 = AXIS2_PLACEMENT_3D ( 'NONE', #2837, #2819, #2802 ) ;
#1472 = DIRECTION ( 'NONE',  ( -0.0000000000000000000, 0.0000000000000000000, 1.000000000000000000 ) ) ;
#1473 = EDGE_CURVE ( 'NONE', #2, #4095, #4491, .T. ) ;
#1474 = FACE_OUTER_BOUND ( 'NONE', #282, .T. ) ;
#1475 = PRESENTATION_STYLE_ASSIGNMENT (( #3607 ) ) ;
#1476 = PRESENTATION_LAYER_ASSIGNMENT (  '', '', ( #1542 ) ) ;
#1477 = STYLED_ITEM ( 'NONE', ( #5235 ), #1964 ) ;
#1478 =( LENGTH_UNIT ( ) NAMED_UNIT ( * ) SI_UNIT ( .MILLI., .METRE. ) );
#1479 = COLOUR_RGB ( '',1.000000000000000000, 1.000000000000000000, 0.0000000000000000000 ) ;
#1480 = EDGE_CURVE ( 'NONE', #2676, #2680, #4431, .T. ) ;
#1481 = COLOUR_RGB ( '',1.000000000000000000, 1.000000000000000000, 0.0000000000000000000 ) ;
#1482 = COLOUR_RGB ( '',1.000000000000000000, 1.000000000000000000, 0.0000000000000000000 ) ;
#1483 = SURFACE_SIDE_STYLE ('',( #5281 ) ) ;
#1484 = DIRECTION ( 'NONE',  ( -1.307152337339442300E-047, 7.233811389675592600E-032, -1.000000000000000000 ) ) ;
#1485 = CARTESIAN_POINT ( 'NONE',  ( 6.399999999999998600, -0.1249999999999938800, 8.269999999999999600 ) ) ;
#1486 = DIRECTION ( 'NONE',  ( 0.0000000000000000000, 0.0000000000000000000, -1.000000000000000000 ) ) ;
#1487 = CARTESIAN_POINT ( 'NONE',  ( 6.247598858864761500, -1.575000000000000000, -9.297598858864768400 ) ) ;
#1488 = FILL_AREA_STYLE ('',( #2038 ) ) ;
#1489 = LINE ( 'NONE', #1037, #3181 ) ;
#1490 = PLANE ( 'NONE',  #905 ) ;
#1491 = FACE_OUTER_BOUND ( 'NONE', #5145, .T. ) ;
#1492 = EDGE_CURVE ( 'NONE', #1952, #3292, #2385, .T. ) ;
#1493 = ORIENTED_EDGE ( 'NONE', *, *, #259, .F. ) ;
#1494 = FILL_AREA_STYLE ('',( #2041 ) ) ;
#1495 =( LENGTH_UNIT ( ) NAMED_UNIT ( * ) SI_UNIT ( .MILLI., .METRE. ) );
#1496 = EDGE_CURVE ( 'NONE', #4070, #4394, #4495, .T. ) ;
#1497 = DIRECTION ( 'NONE',  ( -0.0000000000000000000, -0.0000000000000000000, 1.000000000000000000 ) ) ;
#1498 = DIRECTION ( 'NONE',  ( 3.469446951953596800E-015, -1.000000000000000000, -0.0000000000000000000 ) ) ;
#1499 = EDGE_LOOP ( 'NONE', ( #4328, #4334, #3671, #3676 ) ) ;
#1500 = COLOUR_RGB ( '',1.000000000000000000, 1.000000000000000000, 0.0000000000000000000 ) ;
#1501 = SURFACE_STYLE_USAGE ( .BOTH. , #1547 ) ;
#1502 = PRESENTATION_LAYER_ASSIGNMENT (  '', '', ( #1682 ) ) ;
#1503 = UNCERTAINTY_MEASURE_WITH_UNIT (LENGTH_MEASURE( 1.000000000000000100E-005 ), #224, 'distance_accuracy_value', 'NONE');
#1504 = ORIENTED_EDGE ( 'NONE', *, *, #3193, .F. ) ;
#1505 = UNCERTAINTY_MEASURE_WITH_UNIT (LENGTH_MEASURE( 1.000000000000000100E-005 ), #4754, 'distance_accuracy_value', 'NONE');
#1506 = CARTESIAN_POINT ( 'NONE',  ( 6.813907182274246700, 0.1250000000000004700, -5.730000000000001300 ) ) ;
#1507 = FILL_AREA_STYLE_COLOUR ( '', #4153 ) ;
#1508 = EDGE_CURVE ( 'NONE', #2601, #576, #1286, .T. ) ;
#1509 = ORIENTED_EDGE ( 'NONE', *, *, #720, .F. ) ;
#1510 = FILL_AREA_STYLE ('',( #2918 ) ) ;
#1511 = ORIENTED_EDGE ( 'NONE', *, *, #5497, .F. ) ;
#1512 = CARTESIAN_POINT ( 'NONE',  ( 8.055773820624498400, 0.1250000000000020000, 6.969999999999999800 ) ) ;
#1513 = CARTESIAN_POINT ( 'NONE',  ( -8.055773820624500200, -0.1250000000000053300, 8.270000000000006700 ) ) ;
#1514 = ORIENTED_EDGE ( 'NONE', *, *, #310, .F. ) ;
#1515 =( GEOMETRIC_REPRESENTATION_CONTEXT ( 3 ) GLOBAL_UNCERTAINTY_ASSIGNED_CONTEXT ( ( #2057 ) ) GLOBAL_UNIT_ASSIGNED_CONTEXT ( ( #2912, #2892, #2877 ) ) REPRESENTATION_CONTEXT ( 'NONE', 'WORKASPACE' ) );
#1516 = DIRECTION ( 'NONE',  ( 1.000000000000000000, 0.0000000000000000000, -0.0000000000000000000 ) ) ;
#1517 = EDGE_CURVE ( 'NONE', #2147, #4364, #1226, .T. ) ;
#1518 = ORIENTED_EDGE ( 'NONE', *, *, #5590, .F. ) ;
#1519 = ORIENTED_EDGE ( 'NONE', *, *, #280, .F. ) ;
#1520 = DIRECTION ( 'NONE',  ( 0.0000000000000000000, 1.000000000000000000, 0.0000000000000000000 ) ) ;
#1521 = ORIENTED_EDGE ( 'NONE', *, *, #3447, .T. ) ;
#1522 = SURFACE_STYLE_USAGE ( .BOTH. , #1483 ) ;
#1523 = AXIS2_PLACEMENT_3D ( 'NONE', #1513, #1486, #1443 ) ;
#1524 = EDGE_CURVE ( 'NONE', #2251, #3359, #126, .T. ) ;
#1525 = VECTOR ( 'NONE', #3806, 1000.000000000000000 ) ;
#1526 = PLANE ( 'NONE',  #2953 ) ;
#1527 = PRESENTATION_STYLE_ASSIGNMENT (( #5250 ) ) ;
#1528 = CARTESIAN_POINT ( 'NONE',  ( 6.813907182274247600, 0.1250000000000005000, -4.430000000000001500 ) ) ;
#1529 = DIRECTION ( 'NONE',  ( 1.000000000000000000, 1.084202172485503400E-016, -0.0000000000000000000 ) ) ;
#1530 =( LENGTH_UNIT ( ) NAMED_UNIT ( * ) SI_UNIT ( .MILLI., .METRE. ) );
#1531 = CIRCLE ( 'NONE', #128, 0.2500000000000002200 ) ;
#1532 = FACE_OUTER_BOUND ( 'NONE', #5082, .T. ) ;
#1533 = MECHANICAL_DESIGN_GEOMETRIC_PRESENTATION_REPRESENTATION (  '', ( #1554 ), #1515 ) ;
#1534 = PLANE ( 'NONE',  #4376 ) ;
#1535 = EDGE_CURVE ( 'NONE', #2962, #2761, #186, .T. ) ;
#1536 = FILL_AREA_STYLE_COLOUR ( '', #1442 ) ;
#1537 = COLOUR_RGB ( '',1.000000000000000000, 1.000000000000000000, 0.0000000000000000000 ) ;
#1538 = VECTOR ( 'NONE', #2933, 1000.000000000000200 ) ;
#1539 = SURFACE_STYLE_USAGE ( .BOTH. , #2137 ) ;
#1540 = PRESENTATION_LAYER_ASSIGNMENT (  '', '', ( #1554 ) ) ;
#1541 = UNCERTAINTY_MEASURE_WITH_UNIT (LENGTH_MEASURE( 1.000000000000000100E-005 ), #2165, 'distance_accuracy_value', 'NONE');
#1542 = STYLED_ITEM ( 'NONE', ( #5616 ), #2212 ) ;
#1543 = ADVANCED_FACE ( 'NONE', ( #2303 ), #1289, .F. ) ;
#1544 = LINE ( 'NONE', #2805, #4679 ) ;
#1545 = EDGE_CURVE ( 'NONE', #1942, #5071, #1078, .T. ) ;
#1546 = ADVANCED_FACE ( 'NONE', ( #1491 ), #3470, .T. ) ;
#1547 = SURFACE_SIDE_STYLE ('',( #4207 ) ) ;
#1548 = DIRECTION ( 'NONE',  ( -0.0000000000000000000, -0.0000000000000000000, 1.000000000000000000 ) ) ;
#1549 = PLANE ( 'NONE',  #1196 ) ;
#1550 = UNCERTAINTY_MEASURE_WITH_UNIT (LENGTH_MEASURE( 1.000000000000000100E-005 ), #1060, 'distance_accuracy_value', 'NONE');
#1551 = AXIS2_PLACEMENT_3D ( 'NONE', #3263, #674, #3242 ) ;
#1552 = EDGE_CURVE ( 'NONE', #4118, #4095, #1352, .T. ) ;
#1553 = UNCERTAINTY_MEASURE_WITH_UNIT (LENGTH_MEASURE( 1.000000000000000100E-005 ), #4041, 'distance_accuracy_value', 'NONE');
#1554 = STYLED_ITEM ( 'NONE', ( #2120 ), #1956 ) ;
#1555 = SURFACE_STYLE_USAGE ( .BOTH. , #4190 ) ;
#1556 = EDGE_CURVE ( 'NONE', #2386, #1436, #2214, .T. ) ;
#1557 = DIRECTION ( 'NONE',  ( 1.093590911432185600E-016, 1.668003342285391800E-016, -1.000000000000000000 ) ) ;
#1558 = CARTESIAN_POINT ( 'NONE',  ( -6.400000000000001200, 0.1249999999999938200, -9.449999999999999300 ) ) ;
#1559 = AXIS2_PLACEMENT_3D ( 'NONE', #416, #278, #260 ) ;
#1560 =( GEOMETRIC_REPRESENTATION_CONTEXT ( 3 ) GLOBAL_UNCERTAINTY_ASSIGNED_CONTEXT ( ( #5277 ) ) GLOBAL_UNIT_ASSIGNED_CONTEXT ( ( #1766, #1716, #1677 ) ) REPRESENTATION_CONTEXT ( 'NONE', 'WORKASPACE' ) );
#1561 = SURFACE_STYLE_USAGE ( .BOTH. , #859 ) ;
#1562 = SURFACE_SIDE_STYLE ('',( #1636 ) ) ;
#1563 =( NAMED_UNIT ( * ) SI_UNIT ( $, .STERADIAN. ) SOLID_ANGLE_UNIT ( ) );
#1564 = SURFACE_STYLE_FILL_AREA ( #2913 ) ;
#1565 =( NAMED_UNIT ( * ) SI_UNIT ( $, .STERADIAN. ) SOLID_ANGLE_UNIT ( ) );
#1566 = PLANE ( 'NONE',  #2387 ) ;
#1567 = VERTEX_POINT ( 'NONE', #4434 ) ;
#1568 =( GEOMETRIC_REPRESENTATION_CONTEXT ( 3 ) GLOBAL_UNCERTAINTY_ASSIGNED_CONTEXT ( ( #72 ) ) GLOBAL_UNIT_ASSIGNED_CONTEXT ( ( #4392, #4374, #4355 ) ) REPRESENTATION_CONTEXT ( 'NONE', 'WORKASPACE' ) );
#1569 = EDGE_CURVE ( 'NONE', #5216, #1588, #1166, .T. ) ;
#1570 = DIRECTION ( 'NONE',  ( 0.3987490689252437500, -0.9170600743851250500, 0.0000000000000000000 ) ) ;
#1571 = VERTEX_POINT ( 'NONE', #754 ) ;
#1572 = DIRECTION ( 'NONE',  ( 4.742694567940698200E-032, -7.233811389675590400E-032, 1.000000000000000000 ) ) ;
#1573 = UNCERTAINTY_MEASURE_WITH_UNIT (LENGTH_MEASURE( 1.000000000000000100E-005 ), #2936, 'distance_accuracy_value', 'NONE');
#1574 = EDGE_LOOP ( 'NONE', ( #4013, #3492, #3434, #3424 ) ) ;
#1575 = ORIENTED_EDGE ( 'NONE', *, *, #272, .T. ) ;
#1576 = CARTESIAN_POINT ( 'NONE',  ( 7.573907182274134600, -1.622880335899308500, -8.019999999999999600 ) ) ;
#1577 = ORIENTED_EDGE ( 'NONE', *, *, #688, .T. ) ;
#1578 =( GEOMETRIC_REPRESENTATION_CONTEXT ( 3 ) GLOBAL_UNCERTAINTY_ASSIGNED_CONTEXT ( ( #1941 ) ) GLOBAL_UNIT_ASSIGNED_CONTEXT ( ( #3369, #3344, #3327 ) ) REPRESENTATION_CONTEXT ( 'NONE', 'WORKASPACE' ) );
#1579 = DIRECTION ( 'NONE',  ( 0.0000000000000000000, 0.0000000000000000000, -1.000000000000000000 ) ) ;
#1580 = FACE_OUTER_BOUND ( 'NONE', #1029, .T. ) ;
#1581 = ORIENTED_EDGE ( 'NONE', *, *, #5612, .T. ) ;
#1582 = CARTESIAN_POINT ( 'NONE',  ( -8.055773820624500200, -0.1250000000000060800, -8.269999999999996000 ) ) ;
#1583 =( LENGTH_UNIT ( ) NAMED_UNIT ( * ) SI_UNIT ( .MILLI., .METRE. ) );
#1584 = ORIENTED_EDGE ( 'NONE', *, *, #1326, .T. ) ;
#1585 = VERTEX_POINT ( 'NONE', #113 ) ;
#1586 = PRESENTATION_STYLE_ASSIGNMENT (( #4027 ) ) ;
#1587 =( NAMED_UNIT ( * ) PLANE_ANGLE_UNIT ( ) SI_UNIT ( $, .RADIAN. ) );
#1588 = VERTEX_POINT ( 'NONE', #10 ) ;
#1589 = FILL_AREA_STYLE ('',( #1165 ) ) ;
#1590 = VECTOR ( 'NONE', #1046, 1000.000000000000000 ) ;
#1591 = MECHANICAL_DESIGN_GEOMETRIC_PRESENTATION_REPRESENTATION (  '', ( #1675 ), #1578 ) ;
#1592 = EDGE_CURVE ( 'NONE', #3843, #4394, #3854, .T. ) ;
#1593 = ADVANCED_FACE ( 'NONE', ( #1004 ), #524, .F. ) ;
#1594 = LINE ( 'NONE', #1470, #1590 ) ;
#1595 = DIRECTION ( 'NONE',  ( 0.0000000000000000000, -0.9945218953682735100, 0.1045284632676530000 ) ) ;
#1596 = EDGE_CURVE ( 'NONE', #2786, #2601, #1489, .T. ) ;
#1597 = SURFACE_STYLE_FILL_AREA ( #5339 ) ;
#1598 =( NAMED_UNIT ( * ) PLANE_ANGLE_UNIT ( ) SI_UNIT ( $, .RADIAN. ) );
#1599 = EDGE_CURVE ( 'NONE', #173, #488, #700, .T. ) ;
#1600 = CARTESIAN_POINT ( 'NONE',  ( 7.573907182274134600, -1.622880335899306700, -6.970000000000000600 ) ) ;
#1601 = DIRECTION ( 'NONE',  ( -1.000000000000000000, 0.0000000000000000000, 0.0000000000000000000 ) ) ;
#1602 = FACE_OUTER_BOUND ( 'NONE', #219, .T. ) ;
#1603 = CARTESIAN_POINT ( 'NONE',  ( 7.573907182274255400, -1.622880335899568500, 5.479999999999998600 ) ) ;
#1604 = CARTESIAN_POINT ( 'NONE',  ( -6.399999999999997700, -0.1249999999999998200, -8.269999999999996000 ) ) ;
#1605 = DIRECTION ( 'NONE',  ( -1.093590911432185700E-016, -1.668003342285391300E-016, 1.000000000000000000 ) ) ;
#1606 = DIRECTION ( 'NONE',  ( 1.000000000000000000, 1.084202172485503400E-016, -0.0000000000000000000 ) ) ;
#1607 = SURFACE_STYLE_USAGE ( .BOTH. , #1562 ) ;
#1608 = EDGE_CURVE ( 'NONE', #2717, #2786, #3188, .T. ) ;
#1609 = VECTOR ( 'NONE', #2298, 1000.000000000000000 ) ;
#1610 =( LENGTH_UNIT ( ) NAMED_UNIT ( * ) SI_UNIT ( .MILLI., .METRE. ) );
#1611 = AXIS2_PLACEMENT_3D ( 'NONE', #3253, #3238, #3187 ) ;
#1612 = SURFACE_STYLE_FILL_AREA ( #935 ) ;
#1613 = DIRECTION ( 'NONE',  ( -0.0000000000000000000, 0.0000000000000000000, -1.000000000000000000 ) ) ;
#1614 = EDGE_CURVE ( 'NONE', #4582, #2801, #545, .T. ) ;
#1615 = UNCERTAINTY_MEASURE_WITH_UNIT (LENGTH_MEASURE( 1.000000000000000100E-005 ), #1711, 'distance_accuracy_value', 'NONE');
#1616 = VECTOR ( 'NONE', #1484, 1000.000000000000000 ) ;
#1617 = FILL_AREA_STYLE_COLOUR ( '', #4137 ) ;
#1618 =( LENGTH_UNIT ( ) NAMED_UNIT ( * ) SI_UNIT ( .MILLI., .METRE. ) );
#1619 = CARTESIAN_POINT ( 'NONE',  ( -7.573907182274247400, -1.872880335899558300, 8.270000000000006700 ) ) ;
#1620 = SURFACE_STYLE_FILL_AREA ( #768 ) ;
#1621 = UNCERTAINTY_MEASURE_WITH_UNIT (LENGTH_MEASURE( 1.000000000000000100E-005 ), #4186, 'distance_accuracy_value', 'NONE');
#1622 = DIRECTION ( 'NONE',  ( -0.0000000000000000000, 0.0000000000000000000, 1.000000000000000000 ) ) ;
#1623 = DIRECTION ( 'NONE',  ( 1.000000000000000000, 0.0000000000000000000, 0.0000000000000000000 ) ) ;
#1624 = FILL_AREA_STYLE_COLOUR ( '', #529 ) ;
#1625 = CARTESIAN_POINT ( 'NONE',  ( 7.573907182274155000, 8.377119664100433700, -5.480000000000001300 ) ) ;
#1626 =( NAMED_UNIT ( * ) PLANE_ANGLE_UNIT ( ) SI_UNIT ( $, .RADIAN. ) );
#1627 = CARTESIAN_POINT ( 'NONE',  ( -6.399999999999996800, -0.1249999999999998200, -9.449999999999999300 ) ) ;
#1628 = VECTOR ( 'NONE', #5336, 1000.000000000000000 ) ;
#1629 = PRESENTATION_LAYER_ASSIGNMENT (  '', '', ( #1675 ) ) ;
#1630 = SURFACE_STYLE_USAGE ( .BOTH. , #1805 ) ;
#1631 = EDGE_CURVE ( 'NONE', #378, #3090, #4619, .T. ) ;
#1632 = CARTESIAN_POINT ( 'NONE',  ( 7.573907182274248300, -1.622880335899570700, -8.269999999999999600 ) ) ;
#1633 = LINE ( 'NONE', #1506, #3038 ) ;
#1634 = EDGE_CURVE ( 'NONE', #2761, #2717, #424, .T. ) ;
#1635 = MECHANICAL_DESIGN_GEOMETRIC_PRESENTATION_REPRESENTATION (  '', ( #1741 ), #1560 ) ;
#1636 = SURFACE_STYLE_FILL_AREA ( #929 ) ;
#1637 = EDGE_CURVE ( 'NONE', #445, #1942, #417, .T. ) ;
#1638 = ORIENTED_EDGE ( 'NONE', *, *, #5539, .F. ) ;
#1639 = CARTESIAN_POINT ( 'NONE',  ( -7.573907182274247400, -1.872880335899558300, 8.270000000000006700 ) ) ;
#1640 = ORIENTED_EDGE ( 'NONE', *, *, #5560, .F. ) ;
#1641 = CARTESIAN_POINT ( 'NONE',  ( 7.573907182274248300, -1.872880335899570500, -4.430000000000001500 ) ) ;
#1642 = CARTESIAN_POINT ( 'NONE',  ( 7.573907182274134600, 8.377119664100433700, -8.019999999999999600 ) ) ;
#1643 =( NAMED_UNIT ( * ) SI_UNIT ( $, .STERADIAN. ) SOLID_ANGLE_UNIT ( ) );
#1644 =( LENGTH_UNIT ( ) NAMED_UNIT ( * ) SI_UNIT ( .MILLI., .METRE. ) );
#1645 = ORIENTED_EDGE ( 'NONE', *, *, #5497, .T. ) ;
#1646 = CARTESIAN_POINT ( 'NONE',  ( 6.399999999999998600, -0.1249999999999938800, -9.450024999999991200 ) ) ;
#1647 = ORIENTED_EDGE ( 'NONE', *, *, #5629, .T. ) ;
#1648 = MECHANICAL_DESIGN_GEOMETRIC_PRESENTATION_REPRESENTATION (  '', ( #2960 ), #1156 ) ;
#1649 = VERTEX_POINT ( 'NONE', #1084 ) ;
#1650 = UNCERTAINTY_MEASURE_WITH_UNIT (LENGTH_MEASURE( 1.000000000000000100E-005 ), #1079, 'distance_accuracy_value', 'NONE');
#1651 = ORIENTED_EDGE ( 'NONE', *, *, #805, .T. ) ;
#1652 =( NAMED_UNIT ( * ) SI_UNIT ( $, .STERADIAN. ) SOLID_ANGLE_UNIT ( ) );
#1653 = EDGE_CURVE ( 'NONE', #936, #2676, #5559, .T. ) ;
#1654 = LINE ( 'NONE', #1448, #1674 ) ;
#1655 = ORIENTED_EDGE ( 'NONE', *, *, #249, .T. ) ;
#1656 = CARTESIAN_POINT ( 'NONE',  ( 6.649999999999987900, -0.1250000000000011100, -6.970000000000000600 ) ) ;
#1657 = ORIENTED_EDGE ( 'NONE', *, *, #5542, .T. ) ;
#1658 = ADVANCED_FACE ( 'NONE', ( #484 ), #3736, .T. ) ;
#1659 = CARTESIAN_POINT ( 'NONE',  ( 8.055773820624489500, -0.1250000000000011100, -6.970000000000000600 ) ) ;
#1660 = COLOUR_RGB ( '',1.000000000000000000, 1.000000000000000000, 0.0000000000000000000 ) ;
#1661 = AXIS2_PLACEMENT_3D ( 'NONE', #3789, #3771, #3747 ) ;
#1662 = CARTESIAN_POINT ( 'NONE',  ( 8.055773820624496700, -0.1249999999999993200, 4.429999999999999700 ) ) ;
#1663 = EDGE_CURVE ( 'NONE', #1373, #2761, #3248, .T. ) ;
#1664 = ORIENTED_EDGE ( 'NONE', *, *, #98, .F. ) ;
#1665 = DIRECTION ( 'NONE',  ( 0.0000000000000000000, 0.0000000000000000000, 1.000000000000000000 ) ) ;
#1666 = FILL_AREA_STYLE_COLOUR ( '', #365 ) ;
#1667 = VECTOR ( 'NONE', #2450, 1000.000000000000000 ) ;
#1668 = FACE_OUTER_BOUND ( 'NONE', #2429, .T. ) ;
#1669 = DIRECTION ( 'NONE',  ( 4.742694567940698700E-032, -7.233811389675590400E-032, 1.000000000000000000 ) ) ;
#1670 = EDGE_CURVE ( 'NONE', #5214, #4635, #781, .T. ) ;
#1671 = ORIENTED_EDGE ( 'NONE', *, *, #1397, .F. ) ;
#1672 = FILL_AREA_STYLE ('',( #998 ) ) ;
#1673 = DIRECTION ( 'NONE',  ( 0.0000000000000000000, -1.000000000000000000, 0.0000000000000000000 ) ) ;
#1674 = VECTOR ( 'NONE', #1414, 1000.000000000000000 ) ;
#1675 = STYLED_ITEM ( 'NONE', ( #1349 ), #1953 ) ;
#1676 = DIRECTION ( 'NONE',  ( 0.9945218953682738400, 0.1045284632676493600, 0.0000000000000000000 ) ) ;
#1677 =( NAMED_UNIT ( * ) SI_UNIT ( $, .STERADIAN. ) SOLID_ANGLE_UNIT ( ) );
#1678 = CARTESIAN_POINT ( 'NONE',  ( 6.649999999999994100, -0.1249999999999993200, 4.429999999999999700 ) ) ;
#1679 = LINE ( 'NONE', #3204, #1667 ) ;
#1680 = DIRECTION ( 'NONE',  ( -1.307152337339442100E-047, 7.233811389675591500E-032, -1.000000000000000000 ) ) ;
#1681 = CARTESIAN_POINT ( 'NONE',  ( -6.247598858864773100, -1.575000000000001500, -9.450024999999991200 ) ) ;
#1682 = STYLED_ITEM ( 'NONE', ( #3627 ), #2368 ) ;
#1683 = PRESENTATION_LAYER_ASSIGNMENT (  '', '', ( #1741 ) ) ;
#1684 = SURFACE_SIDE_STYLE ('',( #2817 ) ) ;
#1685 = LINE ( 'NONE', #3778, #4909 ) ;
#1686 = EDGE_CURVE ( 'NONE', #2402, #2601, #3225, .T. ) ;
#1687 = LINE ( 'NONE', #3669, #2048 ) ;
#1688 = DIRECTION ( 'NONE',  ( 1.093590911432185600E-016, 1.668003342285391800E-016, -1.000000000000000000 ) ) ;
#1689 = CARTESIAN_POINT ( 'NONE',  ( -7.573907182274248300, -1.622880335899559800, -5.729999999999997800 ) ) ;
#1690 = FILL_AREA_STYLE_COLOUR ( '', #5358 ) ;
#1691 = EDGE_CURVE ( 'NONE', #2463, #932, #3039, .T. ) ;
#1692 = VECTOR ( 'NONE', #707, 1000.000000000000000 ) ;
#1693 = UNCERTAINTY_MEASURE_WITH_UNIT (LENGTH_MEASURE( 1.000000000000000100E-005 ), #3704, 'distance_accuracy_value', 'NONE');
#1694 = CARTESIAN_POINT ( 'NONE',  ( 7.573907182274155000, -1.872880335899570700, -4.680000000000001500 ) ) ;
#1695 = FILL_AREA_STYLE ('',( #1157 ) ) ;
#1696 =( LENGTH_UNIT ( ) NAMED_UNIT ( * ) SI_UNIT ( .MILLI., .METRE. ) );
#1697 = FILL_AREA_STYLE_COLOUR ( '', #5202 ) ;
#1698 =( GEOMETRIC_REPRESENTATION_CONTEXT ( 3 ) GLOBAL_UNCERTAINTY_ASSIGNED_CONTEXT ( ( #902 ) ) GLOBAL_UNIT_ASSIGNED_CONTEXT ( ( #3417, #3398, #3360 ) ) REPRESENTATION_CONTEXT ( 'NONE', 'WORKASPACE' ) );
#1699 = LINE ( 'NONE', #4795, #4232 ) ;
#1700 =( GEOMETRIC_REPRESENTATION_CONTEXT ( 3 ) GLOBAL_UNCERTAINTY_ASSIGNED_CONTEXT ( ( #2056 ) ) GLOBAL_UNIT_ASSIGNED_CONTEXT ( ( #4047, #3879, #3825 ) ) REPRESENTATION_CONTEXT ( 'NONE', 'WORKASPACE' ) );
#1701 = PLANE ( 'NONE',  #3390 ) ;
#1702 = DIRECTION ( 'NONE',  ( -1.000000000000000000, -1.807003620809171900E-016, 0.0000000000000000000 ) ) ;
#1703 = EDGE_CURVE ( 'NONE', #3418, #301, #1219, .T. ) ;
#1704 = VERTEX_POINT ( 'NONE', #2739 ) ;
#1705 = PRESENTATION_STYLE_ASSIGNMENT (( #1807 ) ) ;
#1706 = EDGE_CURVE ( 'NONE', #2761, #2601, #3311, .T. ) ;
#1707 = CARTESIAN_POINT ( 'NONE',  ( 7.573907182274255400, -1.872880335899568700, 4.429999999999999700 ) ) ;
#1708 = EDGE_CURVE ( 'NONE', #932, #5214, #3325, .T. ) ;
#1709 = DIRECTION ( 'NONE',  ( -0.0000000000000000000, 0.0000000000000000000, -1.000000000000000000 ) ) ;
#1710 = ORIENTED_EDGE ( 'NONE', *, *, #5528, .T. ) ;
#1711 =( LENGTH_UNIT ( ) NAMED_UNIT ( * ) SI_UNIT ( .MILLI., .METRE. ) );
#1712 = ORIENTED_EDGE ( 'NONE', *, *, #2452, .F. ) ;
#1713 = DIRECTION ( 'NONE',  ( -0.05233595624293829700, -0.9986295347545742800, 0.0000000000000000000 ) ) ;
#1714 = ORIENTED_EDGE ( 'NONE', *, *, #5585, .F. ) ;
#1715 = MECHANICAL_DESIGN_GEOMETRIC_PRESENTATION_REPRESENTATION (  '', ( #1809 ), #1698 ) ;
#1716 =( NAMED_UNIT ( * ) PLANE_ANGLE_UNIT ( ) SI_UNIT ( $, .RADIAN. ) );
#1717 = AXIS2_PLACEMENT_3D ( 'NONE', #2190, #2182, #2156 ) ;
#1718 = MECHANICAL_DESIGN_GEOMETRIC_PRESENTATION_REPRESENTATION (  '', ( #1743 ), #1700 ) ;
#1719 = VECTOR ( 'NONE', #3254, 1000.000000000000000 ) ;
#1720 = ORIENTED_EDGE ( 'NONE', *, *, #239, .F. ) ;
#1721 = EDGE_CURVE ( 'NONE', #11, #3090, #3430, .T. ) ;
#1722 = PLANE ( 'NONE',  #4574 ) ;
#1723 = ORIENTED_EDGE ( 'NONE', *, *, #5491, .T. ) ;
#1724 = UNCERTAINTY_MEASURE_WITH_UNIT (LENGTH_MEASURE( 1.000000000000000100E-005 ), #3455, 'distance_accuracy_value', 'NONE');
#1725 = LINE ( 'NONE', #2812, #1733 ) ;
#1726 = ORIENTED_EDGE ( 'NONE', *, *, #5539, .T. ) ;
#1727 = PRESENTATION_LAYER_ASSIGNMENT (  '', '', ( #1743 ) ) ;
#1728 =( NAMED_UNIT ( * ) SI_UNIT ( $, .STERADIAN. ) SOLID_ANGLE_UNIT ( ) );
#1729 = ORIENTED_EDGE ( 'NONE', *, *, #961, .T. ) ;
#1730 = CARTESIAN_POINT ( 'NONE',  ( 6.649999999999987900, 0.1250000000000001400, -8.269999999999999600 ) ) ;
#1731 = EDGE_CURVE ( 'NONE', #4564, #4582, #3329, .T. ) ;
#1732 = LINE ( 'NONE', #527, #585 ) ;
#1733 = VECTOR ( 'NONE', #3219, 1000.000000000000000 ) ;
#1734 = SURFACE_STYLE_USAGE ( .BOTH. , #1684 ) ;
#1735 = DIRECTION ( 'NONE',  ( 1.000000000000000000, 8.673617379884027600E-016, 0.0000000000000000000 ) ) ;
#1736 = SURFACE_STYLE_USAGE ( .BOTH. , #1804 ) ;
#1737 = VECTOR ( 'NONE', #4895, 1000.000000000000000 ) ;
#1738 = AXIS2_PLACEMENT_3D ( 'NONE', #4231, #1948, #4216 ) ;
#1739 = DIRECTION ( 'NONE',  ( -0.0000000000000000000, -0.0000000000000000000, 1.000000000000000000 ) ) ;
#1740 = EDGE_CURVE ( 'NONE', #4578, #2496, #3405, .T. ) ;
#1741 = STYLED_ITEM ( 'NONE', ( #1705 ), #2211 ) ;
#1742 =( NAMED_UNIT ( * ) PLANE_ANGLE_UNIT ( ) SI_UNIT ( $, .RADIAN. ) );
#1743 = STYLED_ITEM ( 'NONE', ( #5599 ), #1946 ) ;
#1744 = EDGE_CURVE ( 'NONE', #2067, #932, #3088, .T. ) ;
#1745 = VECTOR ( 'NONE', #1980, 1000.000000000000100 ) ;
#1746 = UNCERTAINTY_MEASURE_WITH_UNIT (LENGTH_MEASURE( 1.000000000000000100E-005 ), #536, 'distance_accuracy_value', 'NONE');
#1747 = EDGE_CURVE ( 'NONE', #1952, #2786, #1031, .T. ) ;
#1748 = CARTESIAN_POINT ( 'NONE',  ( 4.599999999999996100, 6.624999999999991100, 7.250000000000011500 ) ) ;
#1749 = VECTOR ( 'NONE', #2271, 1000.000000000000000 ) ;
#1750 =( NAMED_UNIT ( * ) PLANE_ANGLE_UNIT ( ) SI_UNIT ( $, .RADIAN. ) );
#1751 =( NAMED_UNIT ( * ) PLANE_ANGLE_UNIT ( ) SI_UNIT ( $, .RADIAN. ) );
#1752 =( NAMED_UNIT ( * ) SI_UNIT ( $, .STERADIAN. ) SOLID_ANGLE_UNIT ( ) );
#1753 =( NAMED_UNIT ( * ) PLANE_ANGLE_UNIT ( ) SI_UNIT ( $, .RADIAN. ) );
#1754 =( NAMED_UNIT ( * ) SI_UNIT ( $, .STERADIAN. ) SOLID_ANGLE_UNIT ( ) );
#1755 = EDGE_CURVE ( 'NONE', #1213, #2735, #861, .T. ) ;
#1756 = CARTESIAN_POINT ( 'NONE',  ( -7.573907182274247400, -1.622880335899559800, -8.019999999999988900 ) ) ;
#1757 = LINE ( 'NONE', #4983, #3244 ) ;
#1758 =( GEOMETRIC_REPRESENTATION_CONTEXT ( 3 ) GLOBAL_UNCERTAINTY_ASSIGNED_CONTEXT ( ( #2132 ) ) GLOBAL_UNIT_ASSIGNED_CONTEXT ( ( #4483, #4463, #4290 ) ) REPRESENTATION_CONTEXT ( 'NONE', 'WORKASPACE' ) );
#1759 = VECTOR ( 'NONE', #85, 1000.000000000000000 ) ;
#1760 = EDGE_LOOP ( 'NONE', ( #3281, #3209, #3202, #3144 ) ) ;
#1761 = DIRECTION ( 'NONE',  ( -0.0000000000000000000, -0.0000000000000000000, 1.000000000000000000 ) ) ;
#1762 = FACE_OUTER_BOUND ( 'NONE', #2346, .T. ) ;
#1763 = EDGE_CURVE ( 'NONE', #11, #4564, #3075, .T. ) ;
#1764 = ORIENTED_EDGE ( 'NONE', *, *, #1637, .F. ) ;
#1765 = EDGE_CURVE ( 'NONE', #2147, #5214, #3350, .T. ) ;
#1766 =( LENGTH_UNIT ( ) NAMED_UNIT ( * ) SI_UNIT ( .MILLI., .METRE. ) );
#1767 = PRESENTATION_STYLE_ASSIGNMENT (( #4397 ) ) ;
#1768 =( LENGTH_UNIT ( ) NAMED_UNIT ( * ) SI_UNIT ( .MILLI., .METRE. ) );
#1769 = ORIENTED_EDGE ( 'NONE', *, *, #2031, .T. ) ;
#1770 = ORIENTED_EDGE ( 'NONE', *, *, #3045, .F. ) ;
#1771 = PLANE ( 'NONE',  #495 ) ;
#1772 = MECHANICAL_DESIGN_GEOMETRIC_PRESENTATION_REPRESENTATION (  '', ( #1813 ), #1758 ) ;
#1773 = CARTESIAN_POINT ( 'NONE',  ( 7.573907182274257200, -1.872880335899569100, 6.969999999999999800 ) ) ;
#1774 = ORIENTED_EDGE ( 'NONE', *, *, #1215, .T. ) ;
#1775 = COLOUR_RGB ( '',1.000000000000000000, 1.000000000000000000, 0.0000000000000000000 ) ;
#1776 = CARTESIAN_POINT ( 'NONE',  ( 6.399999999999999500, 0.1249999999999998900, -8.269999999999999600 ) ) ;
#1777 = ORIENTED_EDGE ( 'NONE', *, *, #5619, .T. ) ;
#1778 = EDGE_CURVE ( 'NONE', #3292, #2717, #4478, .T. ) ;
#1779 = ORIENTED_EDGE ( 'NONE', *, *, #231, .T. ) ;
#1780 = CARTESIAN_POINT ( 'NONE',  ( -6.649999999999994100, -0.1250000000000054100, 6.970000000000003300 ) ) ;
#1781 = AXIS2_PLACEMENT_3D ( 'NONE', #3754, #3724, #3578 ) ;
#1782 = ORIENTED_EDGE ( 'NONE', *, *, #109, .T. ) ;
#1783 = UNCERTAINTY_MEASURE_WITH_UNIT (LENGTH_MEASURE( 1.000000000000000100E-005 ), #1495, 'distance_accuracy_value', 'NONE');
#1784 = ORIENTED_EDGE ( 'NONE', *, *, #1086, .T. ) ;
#1785 = CIRCLE ( 'NONE', #246, 0.2500000000000002200 ) ;
#1786 =( NAMED_UNIT ( * ) PLANE_ANGLE_UNIT ( ) SI_UNIT ( $, .RADIAN. ) );
#1787 = STYLED_ITEM ( 'NONE', ( #5111 ), #2242 ) ;
#1788 = ORIENTED_EDGE ( 'NONE', *, *, #129, .T. ) ;
#1789 = VECTOR ( 'NONE', #563, 1000.000000000000000 ) ;
#1790 = LINE ( 'NONE', #1938, #2136 ) ;
#1791 = PRESENTATION_LAYER_ASSIGNMENT (  '', '', ( #1813 ) ) ;
#1792 = CARTESIAN_POINT ( 'NONE',  ( -6.649999999999994100, 0.1249999999999930100, -8.269999999999996000 ) ) ;
#1793 = COLOUR_RGB ( '',0.0000000000000000000, 0.0000000000000000000, 0.0000000000000000000 ) ;
#1794 = EDGE_LOOP ( 'NONE', ( #3601, #3621, #3612, #3560 ) ) ;
#1795 = SURFACE_STYLE_FILL_AREA ( #3057 ) ;
#1796 = VECTOR ( 'NONE', #4141, 1000.000000000000000 ) ;
#1797 =( NAMED_UNIT ( * ) SI_UNIT ( $, .STERADIAN. ) SOLID_ANGLE_UNIT ( ) );
#1798 =( NAMED_UNIT ( * ) PLANE_ANGLE_UNIT ( ) SI_UNIT ( $, .RADIAN. ) );
#1799 = VECTOR ( 'NONE', #1327, 1000.000000000000000 ) ;
#1800 = ORIENTED_EDGE ( 'NONE', *, *, #767, .T. ) ;
#1801 = LINE ( 'NONE', #1082, #2077 ) ;
#1802 = AXIS2_PLACEMENT_3D ( 'NONE', #4674, #4660, #4639 ) ;
#1803 = SURFACE_STYLE_USAGE ( .BOTH. , #5226 ) ;
#1804 = SURFACE_SIDE_STYLE ('',( #4949 ) ) ;
#1805 = SURFACE_SIDE_STYLE ('',( #4625 ) ) ;
#1806 = CIRCLE ( 'NONE', #3614, 0.2499999999999993600 ) ;
#1807 = SURFACE_STYLE_USAGE ( .BOTH. , #1894 ) ;
#1808 = COLOUR_RGB ( '',1.000000000000000000, 1.000000000000000000, 0.0000000000000000000 ) ;
#1809 = STYLED_ITEM ( 'NONE', ( #3679 ), #2365 ) ;
#1810 = UNCERTAINTY_MEASURE_WITH_UNIT (LENGTH_MEASURE( 1.000000000000000100E-005 ), #4869, 'distance_accuracy_value', 'NONE');
#1811 =( GEOMETRIC_REPRESENTATION_CONTEXT ( 3 ) GLOBAL_UNCERTAINTY_ASSIGNED_CONTEXT ( ( #5066 ) ) GLOBAL_UNIT_ASSIGNED_CONTEXT ( ( #2470, #2419, #2317 ) ) REPRESENTATION_CONTEXT ( 'NONE', 'WORKASPACE' ) );
#1812 = CIRCLE ( 'NONE', #3909, 0.2500000000000002200 ) ;
#1813 = STYLED_ITEM ( 'NONE', ( #341 ), #1945 ) ;
#1814 = VECTOR ( 'NONE', #3967, 1000.000000000000000 ) ;
#1815 = MECHANICAL_DESIGN_GEOMETRIC_PRESENTATION_REPRESENTATION (  '', ( #1878 ), #1811 ) ;
#1816 = VECTOR ( 'NONE', #947, 1000.000000000000000 ) ;
#1817 = DIRECTION ( 'NONE',  ( 0.0000000000000000000, 0.0000000000000000000, 1.000000000000000000 ) ) ;
#1818 = FILL_AREA_STYLE ('',( #2558 ) ) ;
#1819 = FILL_AREA_STYLE ('',( #2467 ) ) ;
#1820 = ORIENTED_EDGE ( 'NONE', *, *, #5453, .F. ) ;
#1821 = EDGE_CURVE ( 'NONE', #3090, #4582, #928, .T. ) ;
#1822 = FILL_AREA_STYLE_COLOUR ( '', #2459 ) ;
#1823 =( LENGTH_UNIT ( ) NAMED_UNIT ( * ) SI_UNIT ( .MILLI., .METRE. ) );
#1824 = CARTESIAN_POINT ( 'NONE',  ( -6.399999999999997700, -0.1249999999999998200, -4.429999999999994400 ) ) ;
#1825 = ORIENTED_EDGE ( 'NONE', *, *, #129, .F. ) ;
#1826 =( NAMED_UNIT ( * ) SI_UNIT ( $, .STERADIAN. ) SOLID_ANGLE_UNIT ( ) );
#1827 =( GEOMETRIC_REPRESENTATION_CONTEXT ( 3 ) GLOBAL_UNCERTAINTY_ASSIGNED_CONTEXT ( ( #2016 ) ) GLOBAL_UNIT_ASSIGNED_CONTEXT ( ( #4952, #4931, #4919 ) ) REPRESENTATION_CONTEXT ( 'NONE', 'WORKASPACE' ) );
#1828 = ORIENTED_EDGE ( 'NONE', *, *, #729, .F. ) ;
#1829 = ORIENTED_EDGE ( 'NONE', *, *, #1821, .T. ) ;
#1830 = ORIENTED_EDGE ( 'NONE', *, *, #214, .F. ) ;
#1831 = ORIENTED_EDGE ( 'NONE', *, *, #457, .T. ) ;
#1832 = DIRECTION ( 'NONE',  ( 0.3987490689252437500, -0.9170600743851250500, 0.0000000000000000000 ) ) ;
#1833 = PRESENTATION_LAYER_ASSIGNMENT (  '', '', ( #1878 ) ) ;
#1834 = MECHANICAL_DESIGN_GEOMETRIC_PRESENTATION_REPRESENTATION (  '', ( #1868 ), #1827 ) ;
#1835 = VECTOR ( 'NONE', #4988, 1000.000000000000000 ) ;
#1836 = ORIENTED_EDGE ( 'NONE', *, *, #5466, .F. ) ;
#1837 = CARTESIAN_POINT ( 'NONE',  ( -7.573907182274247400, -1.622880335899558300, 8.270000000000006700 ) ) ;
#1838 = LINE ( 'NONE', #4531, #1835 ) ;
#1839 = SURFACE_STYLE_USAGE ( .BOTH. , #1883 ) ;
#1840 = CARTESIAN_POINT ( 'NONE',  ( -7.573907182274247400, -1.622880335899559800, -7.220000000000000600 ) ) ;
#1841 = PRESENTATION_LAYER_ASSIGNMENT (  '', '', ( #1809 ) ) ;
#1842 = ADVANCED_FACE ( 'NONE', ( #922 ), #4401, .T. ) ;
#1843 = SHAPE_DEFINITION_REPRESENTATION ( #5346, #287 ) ;
#1844 = SURFACE_SIDE_STYLE ('',( #5451 ) ) ;
#1845 = FACE_OUTER_BOUND ( 'NONE', #2320, .T. ) ;
#1846 = DIRECTION ( 'NONE',  ( 0.0000000000000000000, -0.0000000000000000000, 1.000000000000000000 ) ) ;
#1847 =( NAMED_UNIT ( * ) SI_UNIT ( $, .STERADIAN. ) SOLID_ANGLE_UNIT ( ) );
#1848 = CARTESIAN_POINT ( 'NONE',  ( 6.399999999999990600, 0.1250000000000004700, -4.430000000000001500 ) ) ;
#1849 = CIRCLE ( 'NONE', #5428, 0.2500000000000002200 ) ;
#1850 = PRESENTATION_LAYER_ASSIGNMENT (  '', '', ( #1868 ) ) ;
#1851 = CARTESIAN_POINT ( 'NONE',  ( 8.609999999999876900, 8.377119664100433700, -8.019999999999999600 ) ) ;
#1852 = VECTOR ( 'NONE', #2248, 1000.000000000000000 ) ;
#1853 = SURFACE_STYLE_USAGE ( .BOTH. , #2628 ) ;
#1854 = SURFACE_STYLE_FILL_AREA ( #3728 ) ;
#1855 = DIRECTION ( 'NONE',  ( 0.3987490689252438100, -0.9170600743851250500, 0.0000000000000000000 ) ) ;
#1856 = AXIS2_PLACEMENT_3D ( 'NONE', #5337, #5301, #5283 ) ;
#1857 = DIRECTION ( 'NONE',  ( -5.507058653894625900E-016, 0.0000000000000000000, -1.000000000000000000 ) ) ;
#1858 = LINE ( 'NONE', #4269, #4407 ) ;
#1859 = VECTOR ( 'NONE', #4897, 1000.000000000000100 ) ;
#1860 = VECTOR ( 'NONE', #593, 1000.000000000000000 ) ;
#1861 = ADVANCED_FACE ( 'NONE', ( #867 ), #4264, .T. ) ;
#1862 = EDGE_CURVE ( 'NONE', #3444, #576, #968, .T. ) ;
#1863 = FACE_OUTER_BOUND ( 'NONE', #147, .T. ) ;
#1864 =( NAMED_UNIT ( * ) PLANE_ANGLE_UNIT ( ) SI_UNIT ( $, .RADIAN. ) );
#1865 =( LENGTH_UNIT ( ) NAMED_UNIT ( * ) SI_UNIT ( .MILLI., .METRE. ) );
#1866 = ORIENTED_EDGE ( 'NONE', *, *, #1637, .T. ) ;
#1867 = AXIS2_PLACEMENT_3D ( 'NONE', #3025, #2958, #2944 ) ;
#1868 = STYLED_ITEM ( 'NONE', ( #252 ), #1943 ) ;
#1869 = DIRECTION ( 'NONE',  ( -1.000000000000000000, 0.0000000000000000000, 0.0000000000000000000 ) ) ;
#1870 = FACE_OUTER_BOUND ( 'NONE', #3812, .T. ) ;
#1871 = LINE ( 'NONE', #4379, #4685 ) ;
#1872 = ADVANCED_FACE ( 'NONE', ( #787 ), #5128, .F. ) ;
#1873 = EDGE_CURVE ( 'NONE', #576, #2799, #872, .T. ) ;
#1874 = LINE ( 'NONE', #5366, #1902 ) ;
#1875 = CARTESIAN_POINT ( 'NONE',  ( 7.573907182274258100, 8.377119664100432000, 8.019999999999999600 ) ) ;
#1876 = SURFACE_STYLE_USAGE ( .BOTH. , #1978 ) ;
#1877 =( GEOMETRIC_REPRESENTATION_CONTEXT ( 3 ) GLOBAL_UNCERTAINTY_ASSIGNED_CONTEXT ( ( #903 ) ) GLOBAL_UNIT_ASSIGNED_CONTEXT ( ( #3664, #3650, #3604 ) ) REPRESENTATION_CONTEXT ( 'NONE', 'WORKASPACE' ) );
#1878 = STYLED_ITEM ( 'NONE', ( #2321 ), #2205 ) ;
#1879 = VECTOR ( 'NONE', #972, 1000.000000000000200 ) ;
#1880 = ADVANCED_FACE ( 'NONE', ( #849 ), #2025, .T. ) ;
#1881 = DIRECTION ( 'NONE',  ( -1.000000000000000000, -0.0000000000000000000, -0.0000000000000000000 ) ) ;
#1882 = ADVANCED_FACE ( 'NONE', ( #1047 ), #3640, .T. ) ;
#1883 = SURFACE_SIDE_STYLE ('',( #3471 ) ) ;
#1884 = CARTESIAN_POINT ( 'NONE',  ( -6.399999999999997700, -0.1249999999999998200, -9.450024999999991200 ) ) ;
#1885 = ADVANCED_FACE ( 'NONE', ( #1228 ), #642, .T. ) ;
#1886 = COLOUR_RGB ( '',0.7921568627450980000, 0.8196078431372548800, 0.9333333333333333500 ) ;
#1887 = CARTESIAN_POINT ( 'NONE',  ( -8.609999999999992300, -1.872880335899558500, 7.220000000000010400 ) ) ;
#1888 = LINE ( 'NONE', #2990, #1816 ) ;
#1889 = DIRECTION ( 'NONE',  ( -4.605690828718422800E-016, 1.000000000000000000, 0.0000000000000000000 ) ) ;
#1890 = ORIENTED_EDGE ( 'NONE', *, *, #888, .F. ) ;
#1891 = DIRECTION ( 'NONE',  ( 1.000000000000000000, 1.084202172485503400E-016, -0.0000000000000000000 ) ) ;
#1892 = ADVANCED_FACE ( 'NONE', ( #615 ), #3410, .T. ) ;
#1893 = LINE ( 'NONE', #3338, #2070 ) ;
#1894 = SURFACE_SIDE_STYLE ('',( #1564 ) ) ;
#1895 = ADVANCED_FACE ( 'NONE', ( #560 ), #209, .T. ) ;
#1896 =( LENGTH_UNIT ( ) NAMED_UNIT ( * ) SI_UNIT ( .MILLI., .METRE. ) );
#1897 = SURFACE_SIDE_STYLE ('',( #2700 ) ) ;
#1898 = DIRECTION ( 'NONE',  ( 0.0000000000000000000, -1.000000000000000000, 0.0000000000000000000 ) ) ;
#1899 =( NAMED_UNIT ( * ) SI_UNIT ( $, .STERADIAN. ) SOLID_ANGLE_UNIT ( ) );
#1900 = FILL_AREA_STYLE_COLOUR ( '', #1194 ) ;
#1901 = ORIENTED_EDGE ( 'NONE', *, *, #5552, .F. ) ;
#1902 = VECTOR ( 'NONE', #155, 1000.000000000000000 ) ;
#1903 = ADVANCED_FACE ( 'NONE', ( #486 ), #1566, .F. ) ;
#1904 = MECHANICAL_DESIGN_GEOMETRIC_PRESENTATION_REPRESENTATION (  '', ( #1979 ), #1877 ) ;
#1905 = VERTEX_POINT ( 'NONE', #2344 ) ;
#1906 = ORIENTED_EDGE ( 'NONE', *, *, #999, .T. ) ;
#1907 = DIRECTION ( 'NONE',  ( 1.000000000000000000, 0.0000000000000000000, -0.0000000000000000000 ) ) ;
#1908 = UNCERTAINTY_MEASURE_WITH_UNIT (LENGTH_MEASURE( 1.000000000000000100E-005 ), #1896, 'distance_accuracy_value', 'NONE');
#1909 = FACE_OUTER_BOUND ( 'NONE', #2917, .T. ) ;
#1910 = FILL_AREA_STYLE ('',( #2153 ) ) ;
#1911 = DIRECTION ( 'NONE',  ( 4.605690828718422800E-016, -1.000000000000000000, 0.0000000000000000000 ) ) ;
#1912 =( NAMED_UNIT ( * ) SI_UNIT ( $, .STERADIAN. ) SOLID_ANGLE_UNIT ( ) );
#1913 = ORIENTED_EDGE ( 'NONE', *, *, #458, .T. ) ;
#1914 = EDGE_CURVE ( 'NONE', #1571, #2799, #393, .T. ) ;
#1915 =( NAMED_UNIT ( * ) SI_UNIT ( $, .STERADIAN. ) SOLID_ANGLE_UNIT ( ) );
#1916 = ADVANCED_FACE ( 'NONE', ( #362 ), #232, .T. ) ;
#1917 = ADVANCED_FACE ( 'NONE', ( #279 ), #3581, .F. ) ;
#1918 = ORIENTED_EDGE ( 'NONE', *, *, #1249, .T. ) ;
#1919 =( GEOMETRIC_REPRESENTATION_CONTEXT ( 3 ) GLOBAL_UNCERTAINTY_ASSIGNED_CONTEXT ( ( #1124 ) ) GLOBAL_UNIT_ASSIGNED_CONTEXT ( ( #5139, #5131, #5125 ) ) REPRESENTATION_CONTEXT ( 'NONE', 'WORKASPACE' ) );
#1920 =( GEOMETRIC_REPRESENTATION_CONTEXT ( 3 ) GLOBAL_UNCERTAINTY_ASSIGNED_CONTEXT ( ( #2098 ) ) GLOBAL_UNIT_ASSIGNED_CONTEXT ( ( #5410, #5389, #5368 ) ) REPRESENTATION_CONTEXT ( 'NONE', 'WORKASPACE' ) );
#1921 = EDGE_LOOP ( 'NONE', ( #2685, #5572, #1106, #4859 ) ) ;
#1922 = CARTESIAN_POINT ( 'NONE',  ( -6.399999999999992400, -0.1250000000000058800, -8.269999999999996000 ) ) ;
#1923 = ADVANCED_FACE ( 'NONE', ( #175 ), #2110, .T. ) ;
#1924 = EDGE_LOOP ( 'NONE', ( #1240, #1296, #1173, #1168 ) ) ;
#1925 = ADVANCED_FACE ( 'NONE', ( #70 ), #3924, .T. ) ;
#1926 = COLOUR_RGB ( '',1.000000000000000000, 1.000000000000000000, 0.0000000000000000000 ) ;
#1927 = DIRECTION ( 'NONE',  ( 1.000000000000000000, 1.084202172485503400E-016, 0.0000000000000000000 ) ) ;
#1928 = AXIS2_PLACEMENT_3D ( 'NONE', #4235, #3896, #3767 ) ;
#1929 = VERTEX_POINT ( 'NONE', #1057 ) ;
#1930 = UNCERTAINTY_MEASURE_WITH_UNIT (LENGTH_MEASURE( 1.000000000000000100E-005 ), #1001, 'distance_accuracy_value', 'NONE');
#1931 = UNCERTAINTY_MEASURE_WITH_UNIT (LENGTH_MEASURE( 1.000000000000000100E-005 ), #63, 'distance_accuracy_value', 'NONE');
#1932 = VECTOR ( 'NONE', #1881, 1000.000000000000000 ) ;
#1933 = ORIENTED_EDGE ( 'NONE', *, *, #1914, .T. ) ;
#1934 = ADVANCED_FACE ( 'NONE', ( #5551 ), #4739, .F. ) ;
#1935 = DIRECTION ( 'NONE',  ( -0.0000000000000000000, 0.0000000000000000000, -1.000000000000000000 ) ) ;
#1936 = ADVANCED_FACE ( 'NONE', ( #1870 ), #519, .T. ) ;
#1937 = CARTESIAN_POINT ( 'NONE',  ( 6.813907182274256500, 0.1250000000000020000, 8.269999999999999600 ) ) ;
#1938 = CARTESIAN_POINT ( 'NONE',  ( 6.399999999999997700, -0.1249999999999995400, 5.729999999999998600 ) ) ;
#1939 =( GEOMETRIC_REPRESENTATION_CONTEXT ( 3 ) GLOBAL_UNCERTAINTY_ASSIGNED_CONTEXT ( ( #2697 ) ) GLOBAL_UNIT_ASSIGNED_CONTEXT ( ( #856, #562, #507 ) ) REPRESENTATION_CONTEXT ( 'NONE', 'WORKASPACE' ) );
#1940 = DIRECTION ( 'NONE',  ( 0.0000000000000000000, -1.000000000000000000, 0.0000000000000000000 ) ) ;
#1941 = UNCERTAINTY_MEASURE_WITH_UNIT (LENGTH_MEASURE( 1.000000000000000100E-005 ), #3369, 'distance_accuracy_value', 'NONE');
#1942 = VERTEX_POINT ( 'NONE', #1604 ) ;
#1943 = ADVANCED_FACE ( 'NONE', ( #3458 ), #5045, .F. ) ;
#1944 = DIRECTION ( 'NONE',  ( -0.9170600743851251600, -0.3987490689252438700, -1.668003342285391600E-016 ) ) ;
#1945 = ADVANCED_FACE ( 'NONE', ( #3107 ), #4865, .F. ) ;
#1946 = ADVANCED_FACE ( 'NONE', ( #5607 ), #4615, .T. ) ;
#1947 = CARTESIAN_POINT ( 'NONE',  ( -6.649999999999994100, 0.1249999999999931400, -4.429999999999994400 ) ) ;
#1948 = DIRECTION ( 'NONE',  ( 0.0000000000000000000, 0.0000000000000000000, -1.000000000000000000 ) ) ;
#1949 =( NAMED_UNIT ( * ) PLANE_ANGLE_UNIT ( ) SI_UNIT ( $, .RADIAN. ) );
#1950 = FILL_AREA_STYLE_COLOUR ( '', #5604 ) ;
#1951 = EDGE_CURVE ( 'NONE', #570, #2701, #1687, .T. ) ;
#1952 = VERTEX_POINT ( 'NONE', #3691 ) ;
#1953 = ADVANCED_FACE ( 'NONE', ( #1474 ), #3408, .T. ) ;
#1954 = FACE_OUTER_BOUND ( 'NONE', #4706, .T. ) ;
#1955 = CARTESIAN_POINT ( 'NONE',  ( -7.573907182274247400, -1.872880335899558900, -6.969999999999993500 ) ) ;
#1956 = ADVANCED_FACE ( 'NONE', ( #5186 ), #3285, .F. ) ;
#1957 = MECHANICAL_DESIGN_GEOMETRIC_PRESENTATION_REPRESENTATION (  '', ( #1987 ), #1920 ) ;
#1958 = CARTESIAN_POINT ( 'NONE',  ( 6.399999999999999500, 0.1249999999999998900, -9.449999999999999300 ) ) ;
#1959 = DIRECTION ( 'NONE',  ( 0.0000000000000000000, -0.0000000000000000000, -1.000000000000000000 ) ) ;
#1960 = UNCERTAINTY_MEASURE_WITH_UNIT (LENGTH_MEASURE( 1.000000000000000100E-005 ), #2462, 'distance_accuracy_value', 'NONE');
#1961 = LINE ( 'NONE', #4347, #2568 ) ;
#1962 = CARTESIAN_POINT ( 'NONE',  ( -3.468599919006361900E-015, 6.824999999999996600, -9.098867878803647000 ) ) ;
#1963 = CYLINDRICAL_SURFACE ( 'NONE', #5244, 0.2500000000000002200 ) ;
#1964 = ADVANCED_FACE ( 'NONE', ( #4096 ), #532, .T. ) ;
#1965 = ADVANCED_FACE ( 'NONE', ( #116 ), #2062, .T. ) ;
#1966 = DIRECTION ( 'NONE',  ( 0.3987490689252438100, -0.9170600743851250500, 0.0000000000000000000 ) ) ;
#1967 = SURFACE_STYLE_USAGE ( .BOTH. , #1989 ) ;
#1968 = VECTOR ( 'NONE', #3663, 1000.000000000000000 ) ;
#1969 = AXIS2_PLACEMENT_3D ( 'NONE', #50, #4979, #1467 ) ;
#1970 = DIRECTION ( 'NONE',  ( 0.0000000000000000000, 0.0000000000000000000, 1.000000000000000000 ) ) ;
#1971 = DIRECTION ( 'NONE',  ( 1.084202172485503400E-016, -1.000000000000000000, -7.233811389675590400E-032 ) ) ;
#1972 =( NAMED_UNIT ( * ) SI_UNIT ( $, .STERADIAN. ) SOLID_ANGLE_UNIT ( ) );
#1973 = ADVANCED_FACE ( 'NONE', ( #5101 ), #2104, .F. ) ;
#1974 = VECTOR ( 'NONE', #4644, 1000.000000000000000 ) ;
#1975 = ADVANCED_FACE ( 'NONE', ( #4341 ), #1549, .T. ) ;
#1976 = UNCERTAINTY_MEASURE_WITH_UNIT (LENGTH_MEASURE( 1.000000000000000100E-005 ), #1419, 'distance_accuracy_value', 'NONE');
#1977 = COLOUR_RGB ( '',1.000000000000000000, 1.000000000000000000, 0.0000000000000000000 ) ;
#1978 = SURFACE_SIDE_STYLE ('',( #4444 ) ) ;
#1979 = STYLED_ITEM ( 'NONE', ( #309 ), #2345 ) ;
#1980 = DIRECTION ( 'NONE',  ( 0.3987490689252437500, -0.9170600743851250500, 0.0000000000000000000 ) ) ;
#1981 = CARTESIAN_POINT ( 'NONE',  ( 0.0000000000000000000, 0.0000000000000000000, 0.0000000000000000000 ) ) ;
#1982 = ORIENTED_EDGE ( 'NONE', *, *, #379, .F. ) ;
#1983 = CARTESIAN_POINT ( 'NONE',  ( 8.055773820624498400, 0.1250000000000020000, 8.269999999999999600 ) ) ;
#1984 = ADVANCED_FACE ( 'NONE', ( #3632 ), #625, .F. ) ;
#1985 = DIRECTION ( 'NONE',  ( 1.000000000000000000, 4.605690828718422800E-016, 4.589215544912188200E-017 ) ) ;
#1986 = ORIENTED_EDGE ( 'NONE', *, *, #1254, .T. ) ;
#1987 = STYLED_ITEM ( 'NONE', ( #5485 ), #1936 ) ;
#1988 = CARTESIAN_POINT ( 'NONE',  ( -8.609999999999992300, -1.872880335899559800, -4.429999999999994400 ) ) ;
#1989 = SURFACE_SIDE_STYLE ('',( #473 ) ) ;
#1990 = ADVANCED_FACE ( 'NONE', ( #3018 ), #141, .T. ) ;
#1991 = ADVANCED_FACE ( 'NONE', ( #2347 ), #5623, .F. ) ;
#1992 = CARTESIAN_POINT ( 'NONE',  ( 7.573907182274236800, -1.622880335899527200, 4.679999999999999700 ) ) ;
#1993 = EDGE_LOOP ( 'NONE', ( #2089, #1996, #1830, #1779, #1726, #1720, #1655, #1575 ) ) ;
#1994 =( GEOMETRIC_REPRESENTATION_CONTEXT ( 3 ) GLOBAL_UNCERTAINTY_ASSIGNED_CONTEXT ( ( #5102 ) ) GLOBAL_UNIT_ASSIGNED_CONTEXT ( ( #3127, #3109, #3078 ) ) REPRESENTATION_CONTEXT ( 'NONE', 'WORKASPACE' ) );
#1995 = PRESENTATION_LAYER_ASSIGNMENT (  '', '', ( #1979 ) ) ;
#1996 = ORIENTED_EDGE ( 'NONE', *, *, #208, .T. ) ;
#1997 = CARTESIAN_POINT ( 'NONE',  ( -6.879265018596275800, -0.02531273276869548300, 8.270000000000006700 ) ) ;
#1998 = CARTESIAN_POINT ( 'NONE',  ( 8.609999999999978100, -1.872880335899570700, 5.479999999999998600 ) ) ;
#1999 = PRESENTATION_LAYER_ASSIGNMENT (  '', '', ( #1987 ) ) ;
#2000 = ADVANCED_FACE ( 'NONE', ( #1532 ), #5365, .T. ) ;
#2001 = ADVANCED_FACE ( 'NONE', ( #755 ), #5496, .T. ) ;
#2002 = ORIENTED_EDGE ( 'NONE', *, *, #596, .T. ) ;
#2003 = SURFACE_STYLE_FILL_AREA ( #5489 ) ;
#2004 = CARTESIAN_POINT ( 'NONE',  ( 6.649999999999987900, -0.1250000000000005800, -5.730000000000001300 ) ) ;
#2005 = ORIENTED_EDGE ( 'NONE', *, *, #1287, .T. ) ;
#2006 =( NAMED_UNIT ( * ) PLANE_ANGLE_UNIT ( ) SI_UNIT ( $, .RADIAN. ) );
#2007 = DIRECTION ( 'NONE',  ( -0.0000000000000000000, -0.0000000000000000000, 1.000000000000000000 ) ) ;
#2008 = UNCERTAINTY_MEASURE_WITH_UNIT (LENGTH_MEASURE( 1.000000000000000100E-005 ), #951, 'distance_accuracy_value', 'NONE');
#2009 = ORIENTED_EDGE ( 'NONE', *, *, #568, .F. ) ;
#2010 = ADVANCED_FACE ( 'NONE', ( #19 ), #4740, .F. ) ;
#2011 =( GEOMETRIC_REPRESENTATION_CONTEXT ( 3 ) GLOBAL_UNCERTAINTY_ASSIGNED_CONTEXT ( ( #2308 ) ) GLOBAL_UNIT_ASSIGNED_CONTEXT ( ( #3864, #3848, #3427 ) ) REPRESENTATION_CONTEXT ( 'NONE', 'WORKASPACE' ) );
#2012 = DIRECTION ( 'NONE',  ( 1.807003620809171900E-016, -1.000000000000000000, 0.0000000000000000000 ) ) ;
#2013 = VERTEX_POINT ( 'NONE', #4600 ) ;
#2014 = FILL_AREA_STYLE ('',( #2560 ) ) ;
#2015 = CARTESIAN_POINT ( 'NONE',  ( 7.573907182274155000, -1.622880335899353500, -4.430000000000001500 ) ) ;
#2016 = UNCERTAINTY_MEASURE_WITH_UNIT (LENGTH_MEASURE( 1.000000000000000100E-005 ), #4952, 'distance_accuracy_value', 'NONE');
#2017 = FACE_OUTER_BOUND ( 'NONE', #3887, .T. ) ;
#2018 = EDGE_LOOP ( 'NONE', ( #2606, #3566, #1982, #1831, #1645, #2009, #2002, #1577 ) ) ;
#2019 =( NAMED_UNIT ( * ) SI_UNIT ( $, .STERADIAN. ) SOLID_ANGLE_UNIT ( ) );
#2020 = CARTESIAN_POINT ( 'NONE',  ( -8.055773820624500200, 0.1249999999999935700, 8.270000000000006700 ) ) ;
#2021 = MECHANICAL_DESIGN_GEOMETRIC_PRESENTATION_REPRESENTATION (  '', ( #2063 ), #1994 ) ;
#2022 = MECHANICAL_DESIGN_GEOMETRIC_PRESENTATION_REPRESENTATION (  '', ( #2051 ), #2011 ) ;
#2023 = ADVANCED_FACE ( 'NONE', ( #2194 ), #2690, .T. ) ;
#2024 = CARTESIAN_POINT ( 'NONE',  ( 7.573907182274134600, 8.377119664100433700, -7.220000000000000600 ) ) ;
#2025 = PLANE ( 'NONE',  #2771 ) ;
#2026 = VECTOR ( 'NONE', #5596, 1000.000000000000000 ) ;
#2027 =( LENGTH_UNIT ( ) NAMED_UNIT ( * ) SI_UNIT ( .MILLI., .METRE. ) );
#2028 = VERTEX_POINT ( 'NONE', #3918 ) ;
#2029 = ADVANCED_FACE ( 'NONE', ( #2557 ), #1771, .T. ) ;
#2030 = ADVANCED_FACE ( 'NONE', ( #3308 ), #3320, .F. ) ;
#2031 = EDGE_CURVE ( 'NONE', #2929, #5216, #245, .T. ) ;
#2032 = CARTESIAN_POINT ( 'NONE',  ( 7.344642163677973700, -1.722567603130880100, 4.429999999999999700 ) ) ;
#2033 = ORIENTED_EDGE ( 'NONE', *, *, #1235, .T. ) ;
#2034 = DIRECTION ( 'NONE',  ( -1.000000000000000000, -1.807003620809171900E-016, 0.0000000000000000000 ) ) ;
#2035 = ADVANCED_FACE ( 'NONE', ( #398 ), #2637, .T. ) ;
#2036 = ADVANCED_FACE ( 'NONE', ( #5325 ), #2534, .T. ) ;
#2037 = CARTESIAN_POINT ( 'NONE',  ( 8.609999999999978100, -1.622880335899566900, 5.479999999999998600 ) ) ;
#2038 = FILL_AREA_STYLE_COLOUR ( '', #5024 ) ;
#2039 = CARTESIAN_POINT ( 'NONE',  ( -6.649999999999994100, -0.1250000000000063000, 8.270000000000006700 ) ) ;
#2040 = PRESENTATION_LAYER_ASSIGNMENT (  '', '', ( #2063 ) ) ;
#2041 = FILL_AREA_STYLE_COLOUR ( '', #4508 ) ;
#2042 = SURFACE_STYLE_FILL_AREA ( #3726 ) ;
#2043 =( NAMED_UNIT ( * ) SI_UNIT ( $, .STERADIAN. ) SOLID_ANGLE_UNIT ( ) );
#2044 = AXIS2_PLACEMENT_3D ( 'NONE', #5486, #2840, #1898 ) ;
#2045 = LINE ( 'NONE', #3442, #3113 ) ;
#2046 = PRESENTATION_STYLE_ASSIGNMENT (( #3051 ) ) ;
#2047 = SURFACE_STYLE_FILL_AREA ( #1123 ) ;
#2048 = VECTOR ( 'NONE', #3461, 1000.000000000000000 ) ;
#2049 = PRESENTATION_STYLE_ASSIGNMENT (( #2159 ) ) ;
#2050 = AXIS2_PLACEMENT_3D ( 'NONE', #3507, #3485, #3478 ) ;
#2051 = STYLED_ITEM ( 'NONE', ( #4805 ), #1934 ) ;
#2052 = CARTESIAN_POINT ( 'NONE',  ( -8.609999999999992300, -1.747880335899559600, -5.079999999999995600 ) ) ;
#2053 = VECTOR ( 'NONE', #4583, 1000.000000000000000 ) ;
#2054 = PLANE ( 'NONE',  #1523 ) ;
#2055 = CARTESIAN_POINT ( 'NONE',  ( -6.399999999999997700, -0.1249999999999998200, -9.450024999999991200 ) ) ;
#2056 = UNCERTAINTY_MEASURE_WITH_UNIT (LENGTH_MEASURE( 1.000000000000000100E-005 ), #4047, 'distance_accuracy_value', 'NONE');
#2057 = UNCERTAINTY_MEASURE_WITH_UNIT (LENGTH_MEASURE( 1.000000000000000100E-005 ), #2912, 'distance_accuracy_value', 'NONE');
#2058 = COLOUR_RGB ( '',1.000000000000000000, 1.000000000000000000, 0.0000000000000000000 ) ;
#2059 = EDGE_CURVE ( 'NONE', #1571, #4224, #2604, .T. ) ;
#2060 = LINE ( 'NONE', #4548, #2053 ) ;
#2061 = CARTESIAN_POINT ( 'NONE',  ( 7.573907182274155000, -1.622880335899357100, -4.680000000000001500 ) ) ;
#2062 = PLANE ( 'NONE',  #1346 ) ;
#2063 = STYLED_ITEM ( 'NONE', ( #4623 ), #2204 ) ;
#2064 = PRESENTATION_LAYER_ASSIGNMENT (  '', '', ( #2051 ) ) ;
#2065 = ADVANCED_FACE ( 'NONE', ( #2405 ), #1316, .T. ) ;
#2066 = VECTOR ( 'NONE', #5573, 1000.000000000000000 ) ;
#2067 = VERTEX_POINT ( 'NONE', #1410 ) ;
#2068 = ADVANCED_FACE ( 'NONE', ( #739 ), #687, .F. ) ;
#2069 = ORIENTED_EDGE ( 'NONE', *, *, #1365, .T. ) ;
#2070 = VECTOR ( 'NONE', #3762, 1000.000000000000000 ) ;
#2071 = EDGE_LOOP ( 'NONE', ( #4074, #4947, #459, #3001 ) ) ;
#2072 = DIRECTION ( 'NONE',  ( 0.0000000000000000000, 0.0000000000000000000, -1.000000000000000000 ) ) ;
#2073 = DIRECTION ( 'NONE',  ( 1.093590911432185600E-016, 1.668003342285391300E-016, -1.000000000000000000 ) ) ;
#2074 = ORIENTED_EDGE ( 'NONE', *, *, #363, .F. ) ;
#2075 = ADVANCED_FACE ( 'NONE', ( #4395 ), #34, .T. ) ;
#2076 =( NAMED_UNIT ( * ) PLANE_ANGLE_UNIT ( ) SI_UNIT ( $, .RADIAN. ) );
#2077 = VECTOR ( 'NONE', #1520, 1000.000000000000000 ) ;
#2078 = ADVANCED_FACE ( 'NONE', ( #716 ), #5563, .T. ) ;
#2079 = PRESENTATION_LAYER_ASSIGNMENT (  '', '', ( #43 ) ) ;
#2080 = ADVANCED_FACE ( 'NONE', ( #5075 ), #2473, .F. ) ;
#2081 =( GEOMETRIC_REPRESENTATION_CONTEXT ( 3 ) GLOBAL_UNCERTAINTY_ASSIGNED_CONTEXT ( ( #835 ) ) GLOBAL_UNIT_ASSIGNED_CONTEXT ( ( #3852, #3845, #3799 ) ) REPRESENTATION_CONTEXT ( 'NONE', 'WORKASPACE' ) );
#2082 = ORIENTED_EDGE ( 'NONE', *, *, #2785, .T. ) ;
#2083 =( GEOMETRIC_REPRESENTATION_CONTEXT ( 3 ) GLOBAL_UNCERTAINTY_ASSIGNED_CONTEXT ( ( #2090 ) ) GLOBAL_UNIT_ASSIGNED_CONTEXT ( ( #5150, #3571, #2948 ) ) REPRESENTATION_CONTEXT ( 'NONE', 'WORKASPACE' ) );
#2084 = CARTESIAN_POINT ( 'NONE',  ( 8.609999999999997700, -1.872880335899568700, 4.429999999999999700 ) ) ;
#2085 = CARTESIAN_POINT ( 'NONE',  ( -6.649999999999994100, -0.1250000000000063000, 6.970000000000003300 ) ) ;
#2086 = EDGE_LOOP ( 'NONE', ( #2464, #2457, #2401, #2340 ) ) ;
#2087 = CARTESIAN_POINT ( 'NONE',  ( 6.649999999999987900, -0.1250000000000008900, -8.269999999999999600 ) ) ;
#2088 = ORIENTED_EDGE ( 'NONE', *, *, #785, .T. ) ;
#2089 = ORIENTED_EDGE ( 'NONE', *, *, #200, .T. ) ;
#2090 = UNCERTAINTY_MEASURE_WITH_UNIT (LENGTH_MEASURE( 1.000000000000000100E-005 ), #5150, 'distance_accuracy_value', 'NONE');
#2091 = ORIENTED_EDGE ( 'NONE', *, *, #691, .F. ) ;
#2092 = MECHANICAL_DESIGN_GEOMETRIC_PRESENTATION_REPRESENTATION (  '', ( #2150 ), #2083 ) ;
#2093 = VERTEX_POINT ( 'NONE', #4844 ) ;
#2094 = ADVANCED_FACE ( 'NONE', ( #1762 ), #4822, .T. ) ;
#2095 = VERTEX_POINT ( 'NONE', #4633 ) ;
#2096 = PRESENTATION_LAYER_ASSIGNMENT (  '', '', ( #2150 ) ) ;
#2097 =( NAMED_UNIT ( * ) SI_UNIT ( $, .STERADIAN. ) SOLID_ANGLE_UNIT ( ) );
#2098 = UNCERTAINTY_MEASURE_WITH_UNIT (LENGTH_MEASURE( 1.000000000000000100E-005 ), #5410, 'distance_accuracy_value', 'NONE');
#2099 = PRESENTATION_STYLE_ASSIGNMENT (( #539 ) ) ;
#2100 = ADVANCED_FACE ( 'NONE', ( #511 ), #4449, .F. ) ;
#2101 = ADVANCED_FACE ( 'NONE', ( #5394 ), #4327, .T. ) ;
#2102 = VERTEX_POINT ( 'NONE', #4225 ) ;
#2103 = CARTESIAN_POINT ( 'NONE',  ( 6.399999999999998600, -0.1249999999999937400, -9.449999999999999300 ) ) ;
#2104 = PLANE ( 'NONE',  #1264 ) ;
#2105 = COLOUR_RGB ( '',1.000000000000000000, 1.000000000000000000, 0.0000000000000000000 ) ;
#2106 = DIRECTION ( 'NONE',  ( -0.9170600743851251600, -0.3987490689252438100, -1.668003342285391300E-016 ) ) ;
#2107 = CARTESIAN_POINT ( 'NONE',  ( 6.879265018596277600, -0.02531273276868718400, 8.269999999999999600 ) ) ;
#2108 = FILL_AREA_STYLE_COLOUR ( '', #158 ) ;
#2109 = EDGE_CURVE ( 'NONE', #1428, #763, #653, .T. ) ;
#2110 = PLANE ( 'NONE',  #2130 ) ;
#2111 = VERTEX_POINT ( 'NONE', #3808 ) ;
#2112 = ADVANCED_FACE ( 'NONE', ( #659 ), #3775, .T. ) ;
#2113 = VECTOR ( 'NONE', #2870, 1000.000000000000100 ) ;
#2114 = ORIENTED_EDGE ( 'NONE', *, *, #1592, .F. ) ;
#2115 = DIRECTION ( 'NONE',  ( 1.093590911432185400E-016, 1.668003342285391300E-016, -1.000000000000000000 ) ) ;
#2116 =( NAMED_UNIT ( * ) PLANE_ANGLE_UNIT ( ) SI_UNIT ( $, .RADIAN. ) );
#2117 = ADVANCED_FACE ( 'NONE', ( #3734 ), #3132, .F. ) ;
#2118 = EDGE_LOOP ( 'NONE', ( #3531, #3451, #4443, #3523, #2854, #2208 ) ) ;
#2119 =( LENGTH_UNIT ( ) NAMED_UNIT ( * ) SI_UNIT ( .MILLI., .METRE. ) );
#2120 = PRESENTATION_STYLE_ASSIGNMENT (( #2934 ) ) ;
#2121 = CARTESIAN_POINT ( 'NONE',  ( 6.649999999999987900, -0.1250000000000011100, -6.970000000000000600 ) ) ;
#2122 = CARTESIAN_POINT ( 'NONE',  ( -7.344642163677966600, -1.722567603130868500, 6.970000000000003300 ) ) ;
#2123 = PLANE ( 'NONE',  #1301 ) ;
#2124 = SURFACE_STYLE_FILL_AREA ( #1310 ) ;
#2125 = ADVANCED_FACE ( 'NONE', ( #1028 ), #3179, .F. ) ;
#2126 = DIRECTION ( 'NONE',  ( 0.3987490689252437500, -0.9170600743851250500, 0.0000000000000000000 ) ) ;
#2127 = AXIS2_PLACEMENT_3D ( 'NONE', #5555, #5533, #5377 ) ;
#2128 = ADVANCED_FACE ( 'NONE', ( #2853 ), #2667, .F. ) ;
#2129 = LINE ( 'NONE', #133, #1860 ) ;
#2130 = AXIS2_PLACEMENT_3D ( 'NONE', #3796, #2152, #5501 ) ;
#2131 = SURFACE_STYLE_USAGE ( .BOTH. , #2140 ) ;
#2132 = UNCERTAINTY_MEASURE_WITH_UNIT (LENGTH_MEASURE( 1.000000000000000100E-005 ), #4483, 'distance_accuracy_value', 'NONE');
#2133 = DIRECTION ( 'NONE',  ( -0.0000000000000000000, 0.0000000000000000000, -1.000000000000000000 ) ) ;
#2134 = VECTOR ( 'NONE', #5148, 1000.000000000000000 ) ;
#2135 = ADVANCED_FACE ( 'NONE', ( #748 ), #2166, .F. ) ;
#2136 = VECTOR ( 'NONE', #1498, 1000.000000000000000 ) ;
#2137 = SURFACE_SIDE_STYLE ('',( #2179 ) ) ;
#2138 = VECTOR ( 'NONE', #2904, 1000.000000000000000 ) ;
#2139 = EDGE_CURVE ( 'NONE', #1588, #4569, #1426, .T. ) ;
#2140 = SURFACE_SIDE_STYLE ('',( #750 ) ) ;
#2141 = FILL_AREA_STYLE_COLOUR ( '', #1236 ) ;
#2142 = DIRECTION ( 'NONE',  ( 0.0000000000000000000, -1.000000000000000000, 0.0000000000000000000 ) ) ;
#2143 = CARTESIAN_POINT ( 'NONE',  ( 7.573907182274257200, -1.872880335899569100, 6.969999999999999800 ) ) ;
#2144 = ADVANCED_FACE ( 'NONE', ( #4514 ), #884, .T. ) ;
#2145 = ADVANCED_FACE ( 'NONE', ( #303 ), #2649, .T. ) ;
#2146 = FILL_AREA_STYLE ('',( #3099 ) ) ;
#2147 = VERTEX_POINT ( 'NONE', #404 ) ;
#2148 = CARTESIAN_POINT ( 'NONE',  ( -6.399999999999990600, 0.1249999999999938200, 9.449999999999999300 ) ) ;
#2149 = DIRECTION ( 'NONE',  ( 0.0000000000000000000, -0.0000000000000000000, 1.000000000000000000 ) ) ;
#2150 = STYLED_ITEM ( 'NONE', ( #61 ), #1925 ) ;
#2151 = CARTESIAN_POINT ( 'NONE',  ( -7.409999999999987700, -1.872880335899559600, -4.680000000000001500 ) ) ;
#2152 = DIRECTION ( 'NONE',  ( -0.0000000000000000000, 0.0000000000000000000, -1.000000000000000000 ) ) ;
#2153 = FILL_AREA_STYLE_COLOUR ( '', #3468 ) ;
#2154 = ADVANCED_FACE ( 'NONE', ( #1909 ), #3550, .T. ) ;
#2155 = CARTESIAN_POINT ( 'NONE',  ( -6.399999999999997700, -0.1249999999999998200, 9.449999999999999300 ) ) ;
#2156 = DIRECTION ( 'NONE',  ( 1.000000000000000000, 0.0000000000000000000, 0.0000000000000000000 ) ) ;
#2157 = EDGE_LOOP ( 'NONE', ( #3584, #4485, #4451, #4419, #4417, #4403 ) ) ;
#2158 = ADVANCED_FACE ( 'NONE', ( #4056 ), #3570, .T. ) ;
#2159 = SURFACE_STYLE_USAGE ( .BOTH. , #1329 ) ;
#2160 = ADVANCED_FACE ( 'NONE', ( #1457 ), #433, .T. ) ;
#2161 = ORIENTED_EDGE ( 'NONE', *, *, #170, .T. ) ;
#2162 = ADVANCED_FACE ( 'NONE', ( #1184 ), #1288, .T. ) ;
#2163 = DIRECTION ( 'NONE',  ( 1.093590911432185500E-016, 1.668003342285391300E-016, -1.000000000000000000 ) ) ;
#2164 = VERTEX_POINT ( 'NONE', #1998 ) ;
#2165 =( LENGTH_UNIT ( ) NAMED_UNIT ( * ) SI_UNIT ( .MILLI., .METRE. ) );
#2166 = PLANE ( 'NONE',  #4255 ) ;
#2167 = MECHANICAL_DESIGN_GEOMETRIC_PRESENTATION_REPRESENTATION (  '', ( #2352 ), #2081 ) ;
#2168 = ORIENTED_EDGE ( 'NONE', *, *, #2370, .F. ) ;
#2170 = ADVANCED_FACE ( 'NONE', ( #3966 ), #1526, .T. ) ;
#2169 = ORIENTED_EDGE ( 'NONE', *, *, #134, .T. ) ;
#2171 = ADVANCED_FACE ( 'NONE', ( #2726 ), #5078, .T. ) ;
#2172 =( GEOMETRIC_REPRESENTATION_CONTEXT ( 3 ) GLOBAL_UNCERTAINTY_ASSIGNED_CONTEXT ( ( #2420 ) ) GLOBAL_UNIT_ASSIGNED_CONTEXT ( ( #5484, #5268, #4696 ) ) REPRESENTATION_CONTEXT ( 'NONE', 'WORKASPACE' ) );
#2173 = DIRECTION ( 'NONE',  ( 0.0000000000000000000, -0.0000000000000000000, -1.000000000000000000 ) ) ;
#2174 = EDGE_LOOP ( 'NONE', ( #3104, #3643, #1233, #3205 ) ) ;
#2175 = DIRECTION ( 'NONE',  ( 0.0000000000000000000, 0.0000000000000000000, -1.000000000000000000 ) ) ;
#2176 = DIRECTION ( 'NONE',  ( -1.000000000000000000, 0.0000000000000000000, -0.0000000000000000000 ) ) ;
#2177 = VECTOR ( 'NONE', #115, 1000.000000000000000 ) ;
#2178 = ORIENTED_EDGE ( 'NONE', *, *, #1081, .F. ) ;
#2179 = SURFACE_STYLE_FILL_AREA ( #2588 ) ;
#2180 = ADVANCED_FACE ( 'NONE', ( #2529 ), #5267, .F. ) ;
#2181 = UNCERTAINTY_MEASURE_WITH_UNIT (LENGTH_MEASURE( 1.000000000000000100E-005 ), #3287, 'distance_accuracy_value', 'NONE');
#2182 = DIRECTION ( 'NONE',  ( -0.0000000000000000000, 0.0000000000000000000, 1.000000000000000000 ) ) ;
#2183 = ADVANCED_FACE ( 'NONE', ( #1580 ), #5296, .T. ) ;
#2184 = LINE ( 'NONE', #3301, #89 ) ;
#2185 = FILL_AREA_STYLE_COLOUR ( '', #3211 ) ;
#2186 = MECHANICAL_DESIGN_GEOMETRIC_PRESENTATION_REPRESENTATION (  '', ( #2268 ), #2172 ) ;
#2187 = VECTOR ( 'NONE', #1911, 1000.000000000000000 ) ;
#2188 = PRESENTATION_STYLE_ASSIGNMENT (( #1539 ) ) ;
#2189 = DIRECTION ( 'NONE',  ( 1.000000000000000000, 1.807003620809171700E-016, 0.0000000000000000000 ) ) ;
#2190 = CARTESIAN_POINT ( 'NONE',  ( 8.055773820624496700, 0.1250000000000017200, 4.429999999999999700 ) ) ;
#2191 = DIRECTION ( 'NONE',  ( 0.0000000000000000000, 0.0000000000000000000, 1.000000000000000000 ) ) ;
#2192 = DIRECTION ( 'NONE',  ( 0.0000000000000000000, 0.0000000000000000000, 1.000000000000000000 ) ) ;
#2193 = ORIENTED_EDGE ( 'NONE', *, *, #2059, .F. ) ;
#2194 = FACE_OUTER_BOUND ( 'NONE', #380, .T. ) ;
#2195 = LINE ( 'NONE', #5331, #2177 ) ;
#2196 = PRESENTATION_LAYER_ASSIGNMENT (  '', '', ( #2268 ) ) ;
#2197 = PRESENTATION_STYLE_ASSIGNMENT (( #327 ) ) ;
#2198 = DIRECTION ( 'NONE',  ( 0.3987490689252438700, -0.9170600743851250500, 0.0000000000000000000 ) ) ;
#2199 = DIRECTION ( 'NONE',  ( -1.000000000000000000, 4.445228907190564200E-015, 0.0000000000000000000 ) ) ;
#2200 = LINE ( 'NONE', #4588, #5115 ) ;
#2201 = VERTEX_POINT ( 'NONE', #4675 ) ;
#2202 = ADVANCED_FACE ( 'NONE', ( #3881 ), #3877, .F. ) ;
#2203 = VECTOR ( 'NONE', #4119, 1000.000000000000000 ) ;
#2204 = ADVANCED_FACE ( 'NONE', ( #4993 ), #3595, .F. ) ;
#2205 = ADVANCED_FACE ( 'NONE', ( #3123 ), #3459, .F. ) ;
#2206 = PRESENTATION_LAYER_ASSIGNMENT (  '', '', ( #2352 ) ) ;
#2207 = COLOUR_RGB ( '',0.0000000000000000000, 0.0000000000000000000, 0.0000000000000000000 ) ;
#2208 = ORIENTED_EDGE ( 'NONE', *, *, #1121, .F. ) ;
#2209 = LINE ( 'NONE', #337, #3310 ) ;
#2210 = DIRECTION ( 'NONE',  ( -1.000000000000000000, 0.0000000000000000000, 0.0000000000000000000 ) ) ;
#2211 = ADVANCED_FACE ( 'NONE', ( #5135 ), #2054, .F. ) ;
#2212 = ADVANCED_FACE ( 'NONE', ( #5622 ), #2123, .T. ) ;
#2213 = CIRCLE ( 'NONE', #4182, 0.2500000000000002200 ) ;
#2214 = LINE ( 'NONE', #2389, #1164 ) ;
#2215 = SURFACE_STYLE_USAGE ( .BOTH. , #2222 ) ;
#2216 = PRESENTATION_STYLE_ASSIGNMENT (( #3409 ) ) ;
#2217 = LINE ( 'NONE', #1294, #3402 ) ;
#2218 = CARTESIAN_POINT ( 'NONE',  ( 6.399999999999998600, 0.1249999999999998900, 9.449999999999999300 ) ) ;
#2219 = CARTESIAN_POINT ( 'NONE',  ( 7.573907182274258100, 8.377119664100432000, 8.019999999999999600 ) ) ;
#2220 = AXIS2_PLACEMENT_3D ( 'NONE', #335, #288, #241 ) ;
#2221 = ADVANCED_FACE ( 'NONE', ( #5545 ), #1339, .F. ) ;
#2222 = SURFACE_SIDE_STYLE ('',( #599 ) ) ;
#2223 = ADVANCED_FACE ( 'NONE', ( #5458 ), #2724, .F. ) ;
#2224 = FACE_OUTER_BOUND ( 'NONE', #2336, .T. ) ;
#2225 = CARTESIAN_POINT ( 'NONE',  ( 6.399999999999989700, 0.1250000000000002200, 9.449999999999990400 ) ) ;
#2226 = FILL_AREA_STYLE ('',( #1624 ) ) ;
#2227 =( GEOMETRIC_REPRESENTATION_CONTEXT ( 3 ) GLOBAL_UNCERTAINTY_ASSIGNED_CONTEXT ( ( #5163 ) ) GLOBAL_UNIT_ASSIGNED_CONTEXT ( ( #3693, #3670, #3606 ) ) REPRESENTATION_CONTEXT ( 'NONE', 'WORKASPACE' ) );
#2228 = EDGE_CURVE ( 'NONE', #5020, #4793, #5411, .T. ) ;
#2229 = ADVANCED_FACE ( 'NONE', ( #5401 ), #938, .T. ) ;
#2230 = LINE ( 'NONE', #665, #1749 ) ;
#2231 = EDGE_CURVE ( 'NONE', #1428, #4393, #5334, .T. ) ;
#2232 = ADVANCED_FACE ( 'NONE', ( #5343 ), #4440, .T. ) ;
#2233 = FILL_AREA_STYLE ('',( #2409 ) ) ;
#2234 = CARTESIAN_POINT ( 'NONE',  ( 6.399999999999990600, -0.1250000000000008900, -8.269999999999999600 ) ) ;
#2235 = ADVANCED_FACE ( 'NONE', ( #5258 ), #4360, .T. ) ;
#2236 = MECHANICAL_DESIGN_GEOMETRIC_PRESENTATION_REPRESENTATION (  '', ( #2304 ), #2227 ) ;
#2237 = ADVANCED_FACE ( 'NONE', ( #5184 ), #3065, .F. ) ;
#2238 = DIRECTION ( 'NONE',  ( -1.000000000000000000, -1.807003620809171900E-016, 0.0000000000000000000 ) ) ;
#2239 = LINE ( 'NONE', #95, #2203 ) ;
#2240 = DIRECTION ( 'NONE',  ( 0.0000000000000000000, 0.0000000000000000000, -1.000000000000000000 ) ) ;
#2241 = EDGE_CURVE ( 'NONE', #4393, #3444, #5087, .T. ) ;
#2242 = ADVANCED_FACE ( 'NONE', ( #5068 ), #1490, .F. ) ;
#2243 = VERTEX_POINT ( 'NONE', #135 ) ;
#2244 = CARTESIAN_POINT ( 'NONE',  ( -7.573907182274247400, -1.622880335899560000, 8.270000000000006700 ) ) ;
#2245 = SURFACE_SIDE_STYLE ('',( #574 ) ) ;
#2246 = ADVANCED_FACE ( 'NONE', ( #5001 ), #5433, .F. ) ;
#2247 = VECTOR ( 'NONE', #5313, 1000.000000000000000 ) ;
#2249 = ORIENTED_EDGE ( 'NONE', *, *, #153, .F. ) ;
#2248 = DIRECTION ( 'NONE',  ( 9.642864933193456400E-035, -1.147303886228048400E-017, -1.000000000000000000 ) ) ;
#2250 = CARTESIAN_POINT ( 'NONE',  ( -6.879265018596275800, -0.02531273276869548300, 6.970000000000003300 ) ) ;
#2251 = VERTEX_POINT ( 'NONE', #5241 ) ;
#2252 = ADVANCED_FACE ( 'NONE', ( #5030 ), #4885, .T. ) ;
#2253 = EDGE_LOOP ( 'NONE', ( #4357, #3886, #4964, #4960, #4716, #2875 ) ) ;
#2254 = ADVANCED_FACE ( 'NONE', ( #4899 ), #937, .F. ) ;
#2255 = CARTESIAN_POINT ( 'NONE',  ( 7.573907182274258100, -1.622880335899568300, 8.269999999999999600 ) ) ;
#2256 = UNCERTAINTY_MEASURE_WITH_UNIT (LENGTH_MEASURE( 1.000000000000000100E-005 ), #1232, 'distance_accuracy_value', 'NONE');
#2257 = LINE ( 'NONE', #752, #1252 ) ;
#2258 = EDGE_LOOP ( 'NONE', ( #1521, #1664, #4389, #1782 ) ) ;
#2259 = VERTEX_POINT ( 'NONE', #4450 ) ;
#2260 = VECTOR ( 'NONE', #4272, 1000.000000000000000 ) ;
#2261 = CIRCLE ( 'NONE', #4868, 0.2499999999999993600 ) ;
#2262 = CARTESIAN_POINT ( 'NONE',  ( 7.344642163677967500, -1.722567603130882300, -6.970000000000000600 ) ) ;
#2263 = ORIENTED_EDGE ( 'NONE', *, *, #1326, .F. ) ;
#2264 = PRESENTATION_LAYER_ASSIGNMENT (  '', '', ( #2304 ) ) ;
#2265 = LINE ( 'NONE', #4289, #2770 ) ;
#2266 = LINE ( 'NONE', #1090, #250 ) ;
#2267 = ORIENTED_EDGE ( 'NONE', *, *, #3271, .F. ) ;
#2268 = STYLED_ITEM ( 'NONE', ( #168 ), #1923 ) ;
#2269 = CARTESIAN_POINT ( 'NONE',  ( 7.573907182274258100, -1.622880335899568700, 6.969999999999999800 ) ) ;
#2270 = ADVANCED_FACE ( 'NONE', ( #4836 ), #4751, .T. ) ;
#2271 = DIRECTION ( 'NONE',  ( 4.742694567940700400E-032, -7.233811389675591500E-032, 1.000000000000000000 ) ) ;
#2272 = ADVANCED_FACE ( 'NONE', ( #4769 ), #1963, .T. ) ;
#2273 = SURFACE_STYLE_FILL_AREA ( #191 ) ;
#2274 = ORIENTED_EDGE ( 'NONE', *, *, #5194, .T. ) ;
#2275 = EDGE_CURVE ( 'NONE', #2404, #2962, #1544, .T. ) ;
#2276 = DIRECTION ( 'NONE',  ( 1.000000000000000000, 4.605690828718422800E-016, 4.589215544912187000E-017 ) ) ;
#2277 = AXIS2_PLACEMENT_3D ( 'NONE', #4069, #4048, #3862 ) ;
#2278 = CARTESIAN_POINT ( 'NONE',  ( 6.399999999999989700, 0.1250000000000001400, -6.970000000000000600 ) ) ;
#2279 = ADVANCED_FACE ( 'NONE', ( #4668 ), #2522, .F. ) ;
#2280 = CARTESIAN_POINT ( 'NONE',  ( -7.573907182274247400, -1.872880335899558900, -6.969999999999993500 ) ) ;
#2281 = ADVANCED_FACE ( 'NONE', ( #1954 ), #2776, .F. ) ;
#2282 = VECTOR ( 'NONE', #1605, 1000.000000000000000 ) ;
#2283 = ORIENTED_EDGE ( 'NONE', *, *, #1338, .T. ) ;
#2284 = EDGE_CURVE ( 'NONE', #4502, #2404, #4557, .T. ) ;
#2285 = CARTESIAN_POINT ( 'NONE',  ( -7.573907182274247400, 8.377119664100432000, 7.220000000000010400 ) ) ;
#2286 = ADVANCED_FACE ( 'NONE', ( #4542 ), #1139, .T. ) ;
#2287 = FACE_OUTER_BOUND ( 'NONE', #4824, .T. ) ;
#2288 = ADVANCED_FACE ( 'NONE', ( #4486 ), #1407, .T. ) ;
#2289 = ORIENTED_EDGE ( 'NONE', *, *, #1149, .T. ) ;
#2290 =( GEOMETRIC_REPRESENTATION_CONTEXT ( 3 ) GLOBAL_UNCERTAINTY_ASSIGNED_CONTEXT ( ( #2318 ) ) GLOBAL_UNIT_ASSIGNED_CONTEXT ( ( #2400, #4607, #2382 ) ) REPRESENTATION_CONTEXT ( 'NONE', 'WORKASPACE' ) );
#2291 = CARTESIAN_POINT ( 'NONE',  ( 7.344642163677967500, -1.722567603130881900, -4.430000000000001500 ) ) ;
#2292 = SURFACE_SIDE_STYLE ('',( #384 ) ) ;
#2293 = LINE ( 'NONE', #4968, #3831 ) ;
#2294 = ORIENTED_EDGE ( 'NONE', *, *, #1189, .T. ) ;
#2295 = ADVANCED_FACE ( 'NONE', ( #4422, #4410 ), #5193, .F. ) ;
#2296 = AXIS2_PLACEMENT_3D ( 'NONE', #4102, #4082, #3993 ) ;
#2297 = SURFACE_STYLE_USAGE ( .BOTH. , #1897 ) ;
#2298 = DIRECTION ( 'NONE',  ( -1.000000000000000000, -5.082197683525809900E-016, -3.081487911019577400E-033 ) ) ;
#2299 = VECTOR ( 'NONE', #2408, 1000.000000000000000 ) ;
#2300 = DIRECTION ( 'NONE',  ( 0.0000000000000000000, -1.000000000000000000, 0.0000000000000000000 ) ) ;
#2301 = ADVANCED_FACE ( 'NONE', ( #4372 ), #5021, .T. ) ;
#2302 = DIRECTION ( 'NONE',  ( 1.000000000000000000, 3.577867169202161500E-015, 0.0000000000000000000 ) ) ;
#2303 = FACE_OUTER_BOUND ( 'NONE', #4829, .T. ) ;
#2304 = STYLED_ITEM ( 'NONE', ( #5208 ), #2202 ) ;
#2305 = ADVANCED_FACE ( 'NONE', ( #4299 ), #4307, .T. ) ;
#2306 = LINE ( 'NONE', #2811, #1719 ) ;
#2307 = MECHANICAL_DESIGN_GEOMETRIC_PRESENTATION_REPRESENTATION (  '', ( #2348 ), #2290 ) ;
#2308 = UNCERTAINTY_MEASURE_WITH_UNIT (LENGTH_MEASURE( 1.000000000000000100E-005 ), #3864, 'distance_accuracy_value', 'NONE');
#2309 = VECTOR ( 'NONE', #4728, 1000.000000000000000 ) ;
#2310 = ADVANCED_FACE ( 'NONE', ( #4217 ), #2881, .T. ) ;
#2311 = EDGE_LOOP ( 'NONE', ( #2274, #4837, #4164, #5162 ) ) ;
#2312 = ADVANCED_FACE ( 'NONE', ( #4150 ), #1701, .T. ) ;
#2313 = CARTESIAN_POINT ( 'NONE',  ( -8.609999999999992300, -1.872880335899558500, 8.019999999999999600 ) ) ;
#2314 = SURFACE_STYLE_USAGE ( .BOTH. , #2245 ) ;
#2315 = ADVANCED_FACE ( 'NONE', ( #4065 ), #1042, .T. ) ;
#2316 = VECTOR ( 'NONE', #3661, 1000.000000000000000 ) ;
#2317 =( NAMED_UNIT ( * ) SI_UNIT ( $, .STERADIAN. ) SOLID_ANGLE_UNIT ( ) );
#2318 = UNCERTAINTY_MEASURE_WITH_UNIT (LENGTH_MEASURE( 1.000000000000000100E-005 ), #2400, 'distance_accuracy_value', 'NONE');
#2319 = AXIS2_PLACEMENT_3D ( 'NONE', #352, #2175, #1869 ) ;
#2320 = EDGE_LOOP ( 'NONE', ( #3965, #4667, #4605, #3922 ) ) ;
#2321 = PRESENTATION_STYLE_ASSIGNMENT (( #2575 ) ) ;
#2322 = ADVANCED_FACE ( 'NONE', ( #4023 ), #5520, .F. ) ;
#2323 = COLOUR_RGB ( '',1.000000000000000000, 1.000000000000000000, 0.0000000000000000000 ) ;
#2324 = ADVANCED_FACE ( 'NONE', ( #3988 ), #5246, .F. ) ;
#2325 = CARTESIAN_POINT ( 'NONE',  ( -8.609999999999992300, 8.377119664100432000, 7.220000000000010400 ) ) ;
#2326 = EDGE_CURVE ( 'NONE', #4502, #4122, #3912, .T. ) ;
#2327 = VERTEX_POINT ( 'NONE', #4652 ) ;
#2328 =( NAMED_UNIT ( * ) SI_UNIT ( $, .STERADIAN. ) SOLID_ANGLE_UNIT ( ) );
#2329 = EDGE_CURVE ( 'NONE', #1146, #3236, #3897, .T. ) ;
#2330 = COLOUR_RGB ( '',1.000000000000000000, 1.000000000000000000, 0.0000000000000000000 ) ;
#2331 = PRESENTATION_STYLE_ASSIGNMENT (( #4847 ) ) ;
#2332 = ORIENTED_EDGE ( 'NONE', *, *, #48, .T. ) ;
#2333 =( NAMED_UNIT ( * ) PLANE_ANGLE_UNIT ( ) SI_UNIT ( $, .RADIAN. ) );
#2334 = DIRECTION ( 'NONE',  ( -1.000000000000000000, 0.0000000000000000000, -0.0000000000000000000 ) ) ;
#2335 = CARTESIAN_POINT ( 'NONE',  ( 7.409999999999997500, -1.872880335899569400, 8.019999999999999600 ) ) ;
#2336 = EDGE_LOOP ( 'NONE', ( #3314, #3200, #2478, #5448, #3212, #3448 ) ) ;
#2337 = ADVANCED_FACE ( 'NONE', ( #3903 ), #4537, .F. ) ;
#2338 = ADVANCED_FACE ( 'NONE', ( #3838 ), #4656, .F. ) ;
#2339 = UNCERTAINTY_MEASURE_WITH_UNIT (LENGTH_MEASURE( 1.000000000000000100E-005 ), #1051, 'distance_accuracy_value', 'NONE');
#2340 = ORIENTED_EDGE ( 'NONE', *, *, #134, .F. ) ;
#2341 = SURFACE_STYLE_USAGE ( .BOTH. , #1844 ) ;
#2342 = ORIENTED_EDGE ( 'NONE', *, *, #53, .F. ) ;
#2343 = ADVANCED_FACE ( 'NONE', ( #3766 ), #318, .T. ) ;
#2344 = CARTESIAN_POINT ( 'NONE',  ( 8.609999999999978100, -1.872880335899568900, 4.679999999999999700 ) ) ;
#2345 = ADVANCED_FACE ( 'NONE', ( #3730 ), #2861, .T. ) ;
#2346 = EDGE_LOOP ( 'NONE', ( #3477, #3500, #3814, #3488 ) ) ;
#2347 = FACE_OUTER_BOUND ( 'NONE', #1324, .T. ) ;
#2348 = STYLED_ITEM ( 'NONE', ( #273 ), #1917 ) ;
#2349 = SURFACE_STYLE_FILL_AREA ( #4094 ) ;
#2350 = CARTESIAN_POINT ( 'NONE',  ( -6.399999999999990600, 0.1249999999999938200, 9.449999999999999300 ) ) ;
#2351 =( LENGTH_UNIT ( ) NAMED_UNIT ( * ) SI_UNIT ( .MILLI., .METRE. ) );
#2352 = STYLED_ITEM ( 'NONE', ( #3772 ), #2343 ) ;
#2353 = DIRECTION ( 'NONE',  ( -0.0000000000000000000, 0.0000000000000000000, -1.000000000000000000 ) ) ;
#2354 = PRESENTATION_LAYER_ASSIGNMENT (  '', '', ( #2348 ) ) ;
#2355 = CARTESIAN_POINT ( 'NONE',  ( 8.609999999999999400, 8.377119664100432000, 8.019999999999999600 ) ) ;
#2356 = LINE ( 'NONE', #4233, #3303 ) ;
#2357 = LINE ( 'NONE', #5274, #2316 ) ;
#2358 = SURFACE_STYLE_USAGE ( .BOTH. , #2397 ) ;
#2359 = LINE ( 'NONE', #5233, #2410 ) ;
#2360 = FILL_AREA_STYLE_COLOUR ( '', #3269 ) ;
#2361 = DIRECTION ( 'NONE',  ( -1.000000000000000000, 0.0000000000000000000, 0.0000000000000000000 ) ) ;
#2362 = VECTOR ( 'NONE', #54, 1000.000000000000000 ) ;
#2363 =( GEOMETRIC_REPRESENTATION_CONTEXT ( 3 ) GLOBAL_UNCERTAINTY_ASSIGNED_CONTEXT ( ( #2256 ) ) GLOBAL_UNIT_ASSIGNED_CONTEXT ( ( #1232, #1268, #3944 ) ) REPRESENTATION_CONTEXT ( 'NONE', 'WORKASPACE' ) );
#2364 = SURFACE_SIDE_STYLE ('',( #269 ) ) ;
#2365 = ADVANCED_FACE ( 'NONE', ( #3685 ), #3504, .T. ) ;
#2366 =( NAMED_UNIT ( * ) PLANE_ANGLE_UNIT ( ) SI_UNIT ( $, .RADIAN. ) );
#2367 = CIRCLE ( 'NONE', #5159, 0.3999999999999889200 ) ;
#2368 = ADVANCED_FACE ( 'NONE', ( #3629 ), #3538, .T. ) ;
#2369 = LINE ( 'NONE', #3682, #679 ) ;
#2370 = EDGE_CURVE ( 'NONE', #4122, #4413, #3561, .T. ) ;
#2371 = LINE ( 'NONE', #3801, #3980 ) ;
#2372 = MECHANICAL_DESIGN_GEOMETRIC_PRESENTATION_REPRESENTATION (  '', ( #2394 ), #2363 ) ;
#2373 = ORIENTED_EDGE ( 'NONE', *, *, #1508, .F. ) ;
#2374 = ADVANCED_FACE ( 'NONE', ( #3573 ), #2698, .F. ) ;
#2375 = LINE ( 'NONE', #5547, #2434 ) ;
#2376 = PRESENTATION_LAYER_ASSIGNMENT (  '', '', ( #2394 ) ) ;
#2377 = VECTOR ( 'NONE', #2784, 1000.000000000000000 ) ;
#2378 = ADVANCED_FACE ( 'NONE', ( #744 ), #2810, .T. ) ;
#2379 = ADVANCED_FACE ( 'NONE', ( #1668 ), #4167, .F. ) ;
#2380 = CARTESIAN_POINT ( 'NONE',  ( 8.609999999999896400, 8.377119664100433700, -4.680000000000001500 ) ) ;
#2381 = VECTOR ( 'NONE', #3385, 1000.000000000000000 ) ;
#2382 =( NAMED_UNIT ( * ) SI_UNIT ( $, .STERADIAN. ) SOLID_ANGLE_UNIT ( ) );
#2383 =( LENGTH_UNIT ( ) NAMED_UNIT ( * ) SI_UNIT ( .MILLI., .METRE. ) );
#2384 = MECHANICAL_DESIGN_GEOMETRIC_PRESENTATION_REPRESENTATION (  '', ( #4247 ), #3928 ) ;
#2385 = LINE ( 'NONE', #3936, #1281 ) ;
#2386 = VERTEX_POINT ( 'NONE', #1992 ) ;
#2387 = AXIS2_PLACEMENT_3D ( 'NONE', #1345, #567, #503 ) ;
#2388 = LINE ( 'NONE', #1840, #561 ) ;
#2389 = CARTESIAN_POINT ( 'NONE',  ( 7.573907182274236800, 8.377119664100432000, 4.679999999999999700 ) ) ;
#2390 = CARTESIAN_POINT ( 'NONE',  ( -6.649999999999994100, -0.1250000000000069900, -8.269999999999996000 ) ) ;
#2391 = ORIENTED_EDGE ( 'NONE', *, *, #3111, .T. ) ;
#2392 = EDGE_CURVE ( 'NONE', #4273, #2251, #2791, .T. ) ;
#2393 = LINE ( 'NONE', #994, #452 ) ;
#2394 = STYLED_ITEM ( 'NONE', ( #388 ), #1916 ) ;
#2395 = ORIENTED_EDGE ( 'NONE', *, *, #4104, .F. ) ;
#2396 = EDGE_LOOP ( 'NONE', ( #3901, #3974, #3964, #3855 ) ) ;
#2397 = SURFACE_SIDE_STYLE ('',( #5247 ) ) ;
#2398 = CARTESIAN_POINT ( 'NONE',  ( 6.649999999999987900, -0.1250000000000005800, -5.730000000000001300 ) ) ;
#2399 =( NAMED_UNIT ( * ) SI_UNIT ( $, .STERADIAN. ) SOLID_ANGLE_UNIT ( ) );
#2400 =( LENGTH_UNIT ( ) NAMED_UNIT ( * ) SI_UNIT ( .MILLI., .METRE. ) );
#2401 = ORIENTED_EDGE ( 'NONE', *, *, #131, .F. ) ;
#2402 = VERTEX_POINT ( 'NONE', #1576 ) ;
#2403 =( LENGTH_UNIT ( ) NAMED_UNIT ( * ) SI_UNIT ( .MILLI., .METRE. ) );
#2404 = VERTEX_POINT ( 'NONE', #1600 ) ;
#2405 = FACE_OUTER_BOUND ( 'NONE', #4773, .T. ) ;
#2406 = ORIENTED_EDGE ( 'NONE', *, *, #1429, .T. ) ;
#2407 = EDGE_LOOP ( 'NONE', ( #3339, #1640, #1193, #1422 ) ) ;
#2408 = DIRECTION ( 'NONE',  ( -0.0000000000000000000, -0.0000000000000000000, 1.000000000000000000 ) ) ;
#2409 = FILL_AREA_STYLE_COLOUR ( '', #328 ) ;
#2410 = VECTOR ( 'NONE', #5536, 1000.000000000000200 ) ;
#2411 = CARTESIAN_POINT ( 'NONE',  ( 8.609999999999896400, -1.872880335899570700, -4.680000000000001500 ) ) ;
#2412 = DIRECTION ( 'NONE',  ( 1.000000000000000000, 4.605690828718422800E-016, 4.589215544912187000E-017 ) ) ;
#2413 = FILL_AREA_STYLE ('',( #2108 ) ) ;
#2414 =( NAMED_UNIT ( * ) SI_UNIT ( $, .STERADIAN. ) SOLID_ANGLE_UNIT ( ) );
#2415 =( GEOMETRIC_REPRESENTATION_CONTEXT ( 3 ) GLOBAL_UNCERTAINTY_ASSIGNED_CONTEXT ( ( #934 ) ) GLOBAL_UNIT_ASSIGNED_CONTEXT ( ( #4144, #4140, #4129 ) ) REPRESENTATION_CONTEXT ( 'NONE', 'WORKASPACE' ) );
#2416 = LINE ( 'NONE', #4693, #4159 ) ;
#2417 =( GEOMETRIC_REPRESENTATION_CONTEXT ( 3 ) GLOBAL_UNCERTAINTY_ASSIGNED_CONTEXT ( ( #2339 ) ) GLOBAL_UNIT_ASSIGNED_CONTEXT ( ( #1051, #1026, #956 ) ) REPRESENTATION_CONTEXT ( 'NONE', 'WORKASPACE' ) );
#2418 = SURFACE_STYLE_USAGE ( .BOTH. , #2433 ) ;
#2419 =( NAMED_UNIT ( * ) PLANE_ANGLE_UNIT ( ) SI_UNIT ( $, .RADIAN. ) );
#2420 = UNCERTAINTY_MEASURE_WITH_UNIT (LENGTH_MEASURE( 1.000000000000000100E-005 ), #5484, 'distance_accuracy_value', 'NONE');
#2421 = CARTESIAN_POINT ( 'NONE',  ( 7.573907182274134600, 8.377119664100433700, -8.019999999999999600 ) ) ;
#2422 = ORIENTED_EDGE ( 'NONE', *, *, #830, .F. ) ;
#2423 = MECHANICAL_DESIGN_GEOMETRIC_PRESENTATION_REPRESENTATION (  '', ( #2469 ), #2417 ) ;
#2424 = VECTOR ( 'NONE', #4571, 1000.000000000000000 ) ;
#2425 = DIRECTION ( 'NONE',  ( 0.0000000000000000000, -1.000000000000000000, 0.0000000000000000000 ) ) ;
#2426 = ORIENTED_EDGE ( 'NONE', *, *, #518, .T. ) ;
#2427 = SURFACE_STYLE_USAGE ( .BOTH. , #2571 ) ;
#2428 = VECTOR ( 'NONE', #3019, 1000.000000000000000 ) ;
#2429 = EDGE_LOOP ( 'NONE', ( #4573, #5439, #5446, #4632, #3963, #5465, #5450, #4253, #4007, #3999 ) ) ;
#2430 = PRESENTATION_LAYER_ASSIGNMENT (  '', '', ( #2469 ) ) ;
#2431 = DIRECTION ( 'NONE',  ( 0.0000000000000000000, 0.0000000000000000000, -1.000000000000000000 ) ) ;
#2432 = DIRECTION ( 'NONE',  ( -1.000000000000000000, -0.0000000000000000000, -0.0000000000000000000 ) ) ;
#2433 = SURFACE_SIDE_STYLE ('',( #4683 ) ) ;
#2434 = VECTOR ( 'NONE', #2192, 1000.000000000000000 ) ;
#2435 = EDGE_CURVE ( 'NONE', #4273, #1066, #2796, .T. ) ;
#2436 = VECTOR ( 'NONE', #2709, 1000.000000000000000 ) ;
#2437 = CARTESIAN_POINT ( 'NONE',  ( 6.649999999999995900, -0.1249999999999990300, 6.969999999999999800 ) ) ;
#2438 = CARTESIAN_POINT ( 'NONE',  ( 7.573907182274134600, 8.377119664100433700, -7.220000000000000600 ) ) ;
#2439 = VECTOR ( 'NONE', #2655, 1000.000000000000000 ) ;
#2440 = ORIENTED_EDGE ( 'NONE', *, *, #1653, .T. ) ;
#2441 = COLOUR_RGB ( '',0.7921568627450980000, 0.8196078431372548800, 0.9333333333333333500 ) ;
#2442 = CARTESIAN_POINT ( 'NONE',  ( 6.649999999999994100, 0.1250000000000017200, 5.729999999999998600 ) ) ;
#2443 =( NAMED_UNIT ( * ) PLANE_ANGLE_UNIT ( ) SI_UNIT ( $, .RADIAN. ) );
#2444 =( NAMED_UNIT ( * ) PLANE_ANGLE_UNIT ( ) SI_UNIT ( $, .RADIAN. ) );
#2445 = EDGE_LOOP ( 'NONE', ( #4545, #4540, #4532, #4530 ) ) ;
#2446 = VECTOR ( 'NONE', #5261, 1000.000000000000000 ) ;
#2447 = FILL_AREA_STYLE ('',( #2491 ) ) ;
#2448 = MECHANICAL_DESIGN_GEOMETRIC_PRESENTATION_REPRESENTATION (  '', ( #2595 ), #2415 ) ;
#2449 = CARTESIAN_POINT ( 'NONE',  ( 6.399999999999999500, -0.1249999999999990300, 6.969999999999999800 ) ) ;
#2450 = DIRECTION ( 'NONE',  ( -1.000000000000000000, -1.807003620809171700E-016, 0.0000000000000000000 ) ) ;
#2451 = UNCERTAINTY_MEASURE_WITH_UNIT (LENGTH_MEASURE( 1.000000000000000100E-005 ), #1696, 'distance_accuracy_value', 'NONE');
#2452 = EDGE_CURVE ( 'NONE', #5177, #173, #3416, .T. ) ;
#2453 = ORIENTED_EDGE ( 'NONE', *, *, #3987, .T. ) ;
#2454 = DIRECTION ( 'NONE',  ( -6.672013369141566200E-016, -0.0000000000000000000, 1.000000000000000000 ) ) ;
#2455 = COLOUR_RGB ( '',1.000000000000000000, 1.000000000000000000, 0.0000000000000000000 ) ;
#2456 = AXIS2_PLACEMENT_3D ( 'NONE', #5119, #4816, #4346 ) ;
#2457 = ORIENTED_EDGE ( 'NONE', *, *, #122, .F. ) ;
#2458 =( LENGTH_UNIT ( ) NAMED_UNIT ( * ) SI_UNIT ( .MILLI., .METRE. ) );
#2459 = COLOUR_RGB ( '',1.000000000000000000, 1.000000000000000000, 0.0000000000000000000 ) ;
#2460 = ORIENTED_EDGE ( 'NONE', *, *, #1545, .T. ) ;
#2461 = CARTESIAN_POINT ( 'NONE',  ( 7.573907182274134600, -1.622880335899570500, -8.269999999999999600 ) ) ;
#2462 =( LENGTH_UNIT ( ) NAMED_UNIT ( * ) SI_UNIT ( .MILLI., .METRE. ) );
#2463 = VERTEX_POINT ( 'NONE', #1462 ) ;
#2464 = ORIENTED_EDGE ( 'NONE', *, *, #83, .F. ) ;
#2465 = COLOUR_RGB ( '',1.000000000000000000, 1.000000000000000000, 0.0000000000000000000 ) ;
#2466 = DIRECTION ( 'NONE',  ( 0.0000000000000000000, 0.0000000000000000000, -1.000000000000000000 ) ) ;
#2467 = FILL_AREA_STYLE_COLOUR ( '', #4613 ) ;
#2468 =( GEOMETRIC_REPRESENTATION_CONTEXT ( 3 ) GLOBAL_UNCERTAINTY_ASSIGNED_CONTEXT ( ( #5197 ) ) GLOBAL_UNIT_ASSIGNED_CONTEXT ( ( #4271, #4959, #4236 ) ) REPRESENTATION_CONTEXT ( 'NONE', 'WORKASPACE' ) );
#2469 = STYLED_ITEM ( 'NONE', ( #482 ), #1903 ) ;
#2470 =( LENGTH_UNIT ( ) NAMED_UNIT ( * ) SI_UNIT ( .MILLI., .METRE. ) );
#2471 = CARTESIAN_POINT ( 'NONE',  ( -6.365035898859147800, 0.7921547930320174100, 9.415035898859146700 ) ) ;
#2472 = VECTOR ( 'NONE', #478, 1000.000000000000000 ) ;
#2473 = PLANE ( 'NONE',  #3532 ) ;
#2474 = CARTESIAN_POINT ( 'NONE',  ( 6.649999999999995900, -0.1249999999999992500, 8.269999999999999600 ) ) ;
#2475 =( NAMED_UNIT ( * ) PLANE_ANGLE_UNIT ( ) SI_UNIT ( $, .RADIAN. ) );
#2476 =( NAMED_UNIT ( * ) PLANE_ANGLE_UNIT ( ) SI_UNIT ( $, .RADIAN. ) );
#2477 = SURFACE_STYLE_FILL_AREA ( #2846 ) ;
#2478 = ORIENTED_EDGE ( 'NONE', *, *, #1336, .T. ) ;
#2479 = LINE ( 'NONE', #2335, #2472 ) ;
#2480 = DIRECTION ( 'NONE',  ( 1.093590911432185600E-016, 1.668003342285391300E-016, -1.000000000000000000 ) ) ;
#2481 = CARTESIAN_POINT ( 'NONE',  ( 8.055773820624496700, -0.1249999999999995400, 5.729999999999998600 ) ) ;
#2482 = PLANE ( 'NONE',  #4662 ) ;
#2483 = EDGE_LOOP ( 'NONE', ( #4337, #2923, #2795, #2848 ) ) ;
#2484 = CARTESIAN_POINT ( 'NONE',  ( 6.649999999999987900, -0.1249999999999995400, -4.430000000000001500 ) ) ;
#2485 = SURFACE_STYLE_USAGE ( .BOTH. , #2499 ) ;
#2486 = CARTESIAN_POINT ( 'NONE',  ( 6.399999999999998600, 0.1249999999999998900, 4.430000000000001500 ) ) ;
#2487 = LINE ( 'NONE', #4515, #2187 ) ;
#2488 = UNCERTAINTY_MEASURE_WITH_UNIT (LENGTH_MEASURE( 1.000000000000000100E-005 ), #2775, 'distance_accuracy_value', 'NONE');
#2489 =( GEOMETRIC_REPRESENTATION_CONTEXT ( 3 ) GLOBAL_UNCERTAINTY_ASSIGNED_CONTEXT ( ( #2503 ) ) GLOBAL_UNIT_ASSIGNED_CONTEXT ( ( #4867, #793, #3807 ) ) REPRESENTATION_CONTEXT ( 'NONE', 'WORKASPACE' ) );
#2490 = VECTOR ( 'NONE', #4945, 1000.000000000000000 ) ;
#2491 = FILL_AREA_STYLE_COLOUR ( '', #1977 ) ;
#2492 = PRESENTATION_STYLE_ASSIGNMENT (( #3647 ) ) ;
#2493 = ORIENTED_EDGE ( 'NONE', *, *, #2827, .T. ) ;
#2494 = VECTOR ( 'NONE', #4034, 1000.000000000000000 ) ;
#2495 = CARTESIAN_POINT ( 'NONE',  ( 6.399999999999999500, 0.1249999999999998900, -9.449999999999999300 ) ) ;
#2496 = VERTEX_POINT ( 'NONE', #207 ) ;
#2497 = LINE ( 'NONE', #944, #782 ) ;
#2498 = CARTESIAN_POINT ( 'NONE',  ( 6.649999999999994100, 0.1250000000000017200, 4.429999999999999700 ) ) ;
#2499 = SURFACE_SIDE_STYLE ('',( #5180 ) ) ;
#2500 = PRESENTATION_LAYER_ASSIGNMENT (  '', '', ( #2595 ) ) ;
#2501 = MECHANICAL_DESIGN_GEOMETRIC_PRESENTATION_REPRESENTATION (  '', ( #2569 ), #2489 ) ;
#2502 = CARTESIAN_POINT ( 'NONE',  ( 6.399999999999998600, -0.1249999999999938800, 4.429999999999999700 ) ) ;
#2503 = UNCERTAINTY_MEASURE_WITH_UNIT (LENGTH_MEASURE( 1.000000000000000100E-005 ), #4867, 'distance_accuracy_value', 'NONE');
#2504 = LINE ( 'NONE', #1, #2494 ) ;
#2505 =( NAMED_UNIT ( * ) SI_UNIT ( $, .STERADIAN. ) SOLID_ANGLE_UNIT ( ) );
#2506 = DIRECTION ( 'NONE',  ( 0.0000000000000000000, -0.0000000000000000000, -1.000000000000000000 ) ) ;
#2507 =( NAMED_UNIT ( * ) PLANE_ANGLE_UNIT ( ) SI_UNIT ( $, .RADIAN. ) );
#2508 =( NAMED_UNIT ( * ) SI_UNIT ( $, .STERADIAN. ) SOLID_ANGLE_UNIT ( ) );
#2509 = VERTEX_POINT ( 'NONE', #1485 ) ;
#2510 = LINE ( 'NONE', #4442, #2517 ) ;
#2511 = CARTESIAN_POINT ( 'NONE',  ( -6.399999999999990600, 0.1249999999999938200, 9.449999999999999300 ) ) ;
#2512 =( NAMED_UNIT ( * ) PLANE_ANGLE_UNIT ( ) SI_UNIT ( $, .RADIAN. ) );
#2513 = DIRECTION ( 'NONE',  ( 0.0000000000000000000, -1.000000000000000000, 0.0000000000000000000 ) ) ;
#2514 = VERTEX_POINT ( 'NONE', #1434 ) ;
#2515 = PRESENTATION_LAYER_ASSIGNMENT (  '', '', ( #2569 ) ) ;
#2516 =( NAMED_UNIT ( * ) SI_UNIT ( $, .STERADIAN. ) SOLID_ANGLE_UNIT ( ) );
#2517 = VECTOR ( 'NONE', #927, 1000.000000000000000 ) ;
#2518 = CARTESIAN_POINT ( 'NONE',  ( -8.609999999999992300, 8.377119664100432000, 7.220000000000010400 ) ) ;
#2519 = DIRECTION ( 'NONE',  ( 4.742694567940698200E-032, -7.233811389675590400E-032, 1.000000000000000000 ) ) ;
#2520 = VERTEX_POINT ( 'NONE', #1458 ) ;
#2521 = PRESENTATION_STYLE_ASSIGNMENT (( #3519 ) ) ;
#2522 = PLANE ( 'NONE',  #5100 ) ;
#2523 = PRODUCT_DEFINITION ( 'UNKNOWN', '', #4244, #2757 ) ;
#2524 = VECTOR ( 'NONE', #5232, 1000.000000000000000 ) ;
#2525 = ORIENTED_EDGE ( 'NONE', *, *, #75, .T. ) ;
#2526 = EDGE_CURVE ( 'NONE', #3359, #2585, #2217, .T. ) ;
#2527 = SURFACE_STYLE_FILL_AREA ( #370 ) ;
#2528 = VERTEX_POINT ( 'NONE', #1303 ) ;
#2529 = FACE_OUTER_BOUND ( 'NONE', #4009, .T. ) ;
#2530 = ORIENTED_EDGE ( 'NONE', *, *, #2109, .T. ) ;
#2531 = ORIENTED_EDGE ( 'NONE', *, *, #1496, .T. ) ;
#2532 = ORIENTED_EDGE ( 'NONE', *, *, #55, .F. ) ;
#2533 = DIRECTION ( 'NONE',  ( 0.0000000000000000000, -1.000000000000000000, 0.0000000000000000000 ) ) ;
#2534 = CYLINDRICAL_SURFACE ( 'NONE', #236, 0.2500000000000000000 ) ;
#2535 = PRESENTATION_STYLE_ASSIGNMENT (( #1318 ) ) ;
#2536 = DIRECTION ( 'NONE',  ( 0.0000000000000000000, -1.000000000000000000, 0.0000000000000000000 ) ) ;
#2537 =( LENGTH_UNIT ( ) NAMED_UNIT ( * ) SI_UNIT ( .MILLI., .METRE. ) );
#2538 = VECTOR ( 'NONE', #3184, 1000.000000000000000 ) ;
#2539 = EDGE_LOOP ( 'NONE', ( #3122, #1714, #643, #1820 ) ) ;
#2540 = PRESENTATION_STYLE_ASSIGNMENT (( #3296 ) ) ;
#2541 = DIRECTION ( 'NONE',  ( -1.000000000000000000, 0.0000000000000000000, 0.0000000000000000000 ) ) ;
#2542 = FILL_AREA_STYLE ('',( #2988 ) ) ;
#2543 = CARTESIAN_POINT ( 'NONE',  ( -6.649999999999994100, 0.1249999999999930100, -6.969999999999993500 ) ) ;
#2544 = PLANE ( 'NONE',  #5007 ) ;
#2545 = SURFACE_STYLE_USAGE ( .BOTH. , #2364 ) ;
#2546 = EDGE_CURVE ( 'NONE', #1066, #2962, #3404, .T. ) ;
#2547 = VERTEX_POINT ( 'NONE', #1250 ) ;
#2548 = MECHANICAL_DESIGN_GEOMETRIC_PRESENTATION_REPRESENTATION (  '', ( #2618 ), #2468 ) ;
#2549 =( NAMED_UNIT ( * ) PLANE_ANGLE_UNIT ( ) SI_UNIT ( $, .RADIAN. ) );
#2550 = LINE ( 'NONE', #1558, #5471 ) ;
#2551 = VERTEX_POINT ( 'NONE', #1181 ) ;
#2552 = UNCERTAINTY_MEASURE_WITH_UNIT (LENGTH_MEASURE( 1.000000000000000100E-005 ), #2871, 'distance_accuracy_value', 'NONE');
#2553 = AXIS2_PLACEMENT_3D ( 'NONE', #4297, #4252, #4241 ) ;
#2554 = CARTESIAN_POINT ( 'NONE',  ( 8.055773820624487800, 0.1250000000000001400, -6.970000000000000600 ) ) ;
#2555 = DIRECTION ( 'NONE',  ( -4.589215544912188200E-017, 0.0000000000000000000, 1.000000000000000000 ) ) ;
#2556 = EDGE_LOOP ( 'NONE', ( #2855, #2790, #2734, #2660 ) ) ;
#2557 = FACE_OUTER_BOUND ( 'NONE', #156, .T. ) ;
#2558 = FILL_AREA_STYLE_COLOUR ( '', #4832 ) ;
#2559 = DIRECTION ( 'NONE',  ( -1.000000000000000000, 0.0000000000000000000, 0.0000000000000000000 ) ) ;
#2560 = FILL_AREA_STYLE_COLOUR ( '', #4300 ) ;
#2561 = CARTESIAN_POINT ( 'NONE',  ( -7.344642163677967500, -1.722567603130871000, -5.729999999999997800 ) ) ;
#2562 = DIRECTION ( 'NONE',  ( 0.0000000000000000000, -1.000000000000000000, 0.0000000000000000000 ) ) ;
#2563 =( LENGTH_UNIT ( ) NAMED_UNIT ( * ) SI_UNIT ( .MILLI., .METRE. ) );
#2564 = AXIS2_PLACEMENT_3D ( 'NONE', #3710, #3502, #5083 ) ;
#2565 = FACE_OUTER_BOUND ( 'NONE', #2445, .T. ) ;
#2566 = DIRECTION ( 'NONE',  ( 4.742694567940699800E-032, -7.233811389675590400E-032, 1.000000000000000000 ) ) ;
#2567 = EDGE_CURVE ( 'NONE', #936, #2514, #3374, .T. ) ;
#2568 = VECTOR ( 'NONE', #1970, 1000.000000000000000 ) ;
#2569 = STYLED_ITEM ( 'NONE', ( #556 ), #1895 ) ;
#2570 = COLOUR_RGB ( '',1.000000000000000000, 1.000000000000000000, 0.0000000000000000000 ) ;
#2571 = SURFACE_SIDE_STYLE ('',( #4287 ) ) ;
#2572 = VECTOR ( 'NONE', #5613, 1000.000000000000000 ) ;
#2573 = CARTESIAN_POINT ( 'NONE',  ( 8.609999999999978100, 8.377119664100432000, 4.679999999999999700 ) ) ;
#2574 =( LENGTH_UNIT ( ) NAMED_UNIT ( * ) SI_UNIT ( .MILLI., .METRE. ) );
#2575 = SURFACE_STYLE_USAGE ( .BOTH. , #2615 ) ;
#2576 = PRESENTATION_LAYER_ASSIGNMENT (  '', '', ( #2618 ) ) ;
#2577 = FILL_AREA_STYLE ('',( #4487 ) ) ;
#2578 = FACE_OUTER_BOUND ( 'NONE', #4261, .T. ) ;
#2579 = ORIENTED_EDGE ( 'NONE', *, *, #607, .F. ) ;
#2580 = FILL_AREA_STYLE ('',( #3203 ) ) ;
#2581 = SURFACE_STYLE_FILL_AREA ( #3218 ) ;
#2582 = UNCERTAINTY_MEASURE_WITH_UNIT (LENGTH_MEASURE( 1.000000000000000100E-005 ), #1002, 'distance_accuracy_value', 'NONE');
#2583 = CARTESIAN_POINT ( 'NONE',  ( -8.609999999999992300, -1.622880335899560300, -4.429999999999994400 ) ) ;
#2584 = DIRECTION ( 'NONE',  ( -0.0000000000000000000, -0.0000000000000000000, 1.000000000000000000 ) ) ;
#2585 = VERTEX_POINT ( 'NONE', #993 ) ;
#2586 = PRESENTATION_LAYER_ASSIGNMENT (  '', '', ( #2798 ) ) ;
#2587 = LINE ( 'NONE', #3164, #893 ) ;
#2588 = FILL_AREA_STYLE ('',( #124 ) ) ;
#2589 = CARTESIAN_POINT ( 'NONE',  ( -7.573907182274247400, -1.622880335899559800, -6.969999999999993500 ) ) ;
#2590 = UNCERTAINTY_MEASURE_WITH_UNIT (LENGTH_MEASURE( 1.000000000000000100E-005 ), #4714, 'distance_accuracy_value', 'NONE');
#2591 = VERTEX_POINT ( 'NONE', #1073 ) ;
#2592 = VECTOR ( 'NONE', #2712, 1000.000000000000000 ) ;
#2593 = MECHANICAL_DESIGN_GEOMETRIC_PRESENTATION_REPRESENTATION (  '', ( #43 ), #721 ) ;
#2594 = AXIS2_PLACEMENT_3D ( 'NONE', #4886, #4807, #4712 ) ;
#2595 = STYLED_ITEM ( 'NONE', ( #3830 ), #2338 ) ;
#2596 = UNCERTAINTY_MEASURE_WITH_UNIT (LENGTH_MEASURE( 1.000000000000000100E-005 ), #3591, 'distance_accuracy_value', 'NONE');
#2597 =( GEOMETRIC_REPRESENTATION_CONTEXT ( 3 ) GLOBAL_UNCERTAINTY_ASSIGNED_CONTEXT ( ( #2181 ) ) GLOBAL_UNIT_ASSIGNED_CONTEXT ( ( #3287, #3267, #3466 ) ) REPRESENTATION_CONTEXT ( 'NONE', 'WORKASPACE' ) );
#2598 = CARTESIAN_POINT ( 'NONE',  ( 8.055773820624496700, 0.1250000000000017200, 4.429999999999999700 ) ) ;
#2599 =( NAMED_UNIT ( * ) PLANE_ANGLE_UNIT ( ) SI_UNIT ( $, .RADIAN. ) );
#2600 = PRESENTATION_STYLE_ASSIGNMENT (( #5043 ) ) ;
#2601 = VERTEX_POINT ( 'NONE', #878 ) ;
#2602 = LINE ( 'NONE', #4814, #2572 ) ;
#2603 = ORIENTED_EDGE ( 'NONE', *, *, #48, .F. ) ;
#2604 = LINE ( 'NONE', #1276, #4134 ) ;
#2605 = FILL_AREA_STYLE ('',( #5583 ) ) ;
#2606 = ORIENTED_EDGE ( 'NONE', *, *, #138, .T. ) ;
#2607 = CARTESIAN_POINT ( 'NONE',  ( 6.399999999999997700, -0.1249999999999939600, 9.449999999999999300 ) ) ;
#2608 = LINE ( 'NONE', #2752, #2538 ) ;
#2609 = MECHANICAL_DESIGN_GEOMETRIC_PRESENTATION_REPRESENTATION (  '', ( #2636 ), #2597 ) ;
#2610 = ORIENTED_EDGE ( 'NONE', *, *, #38, .F. ) ;
#2611 = ORIENTED_EDGE ( 'NONE', *, *, #2241, .F. ) ;
#2612 =( LENGTH_UNIT ( ) NAMED_UNIT ( * ) SI_UNIT ( .MILLI., .METRE. ) );
#2613 = VECTOR ( 'NONE', #5594, 1000.000000000000000 ) ;
#2614 = LINE ( 'NONE', #3593, #2643 ) ;
#2615 = SURFACE_SIDE_STYLE ('',( #2981 ) ) ;
#2616 = DIRECTION ( 'NONE',  ( 4.742694567940698700E-032, -7.233811389675590400E-032, 1.000000000000000000 ) ) ;
#2617 = VECTOR ( 'NONE', #266, 1000.000000000000000 ) ;
#2618 = STYLED_ITEM ( 'NONE', ( #4196 ), #2183 ) ;
#2619 = AXIS2_PLACEMENT_3D ( 'NONE', #4737, #3908, #3012 ) ;
#2620 = VECTOR ( 'NONE', #1761, 1000.000000000000000 ) ;
#2621 = FILL_AREA_STYLE ('',( #4928 ) ) ;
#2622 = DIRECTION ( 'NONE',  ( -1.000000000000000000, -0.0000000000000000000, -0.0000000000000000000 ) ) ;
#2623 =( NAMED_UNIT ( * ) SI_UNIT ( $, .STERADIAN. ) SOLID_ANGLE_UNIT ( ) );
#2624 = LINE ( 'NONE', #3124, #2620 ) ;
#2625 = PLANE ( 'NONE',  #4941 ) ;
#2626 = DIRECTION ( 'NONE',  ( 0.0000000000000000000, -0.0000000000000000000, -1.000000000000000000 ) ) ;
#2627 = SURFACE_STYLE_USAGE ( .BOTH. , #2644 ) ;
#2628 = SURFACE_SIDE_STYLE ('',( #3557 ) ) ;
#2629 = SURFACE_STYLE_USAGE ( .BOTH. , #2646 ) ;
#2630 =( LENGTH_UNIT ( ) NAMED_UNIT ( * ) SI_UNIT ( .MILLI., .METRE. ) );
#2631 =( LENGTH_UNIT ( ) NAMED_UNIT ( * ) SI_UNIT ( .MILLI., .METRE. ) );
#2632 = FILL_AREA_STYLE ('',( #3128 ) ) ;
#2633 = PLANE ( 'NONE',  #3393 ) ;
#2634 = LINE ( 'NONE', #426, #2592 ) ;
#2635 = CARTESIAN_POINT ( 'NONE',  ( 7.573907182274155000, 8.377119664100433700, -4.680000000000001500 ) ) ;
#2636 = STYLED_ITEM ( 'NONE', ( #644 ), #1892 ) ;
#2637 = PLANE ( 'NONE',  #331 ) ;
#2638 = FILL_AREA_STYLE_COLOUR ( '', #4699 ) ;
#2639 = LINE ( 'NONE', #1321, #2613 ) ;
#2640 = CARTESIAN_POINT ( 'NONE',  ( 6.813907182274253800, 0.1250000000000017200, 4.429999999999999700 ) ) ;
#2641 =( GEOMETRIC_REPRESENTATION_CONTEXT ( 3 ) GLOBAL_UNCERTAINTY_ASSIGNED_CONTEXT ( ( #1010 ) ) GLOBAL_UNIT_ASSIGNED_CONTEXT ( ( #4457, #4350, #4330 ) ) REPRESENTATION_CONTEXT ( 'NONE', 'WORKASPACE' ) );
#2642 = VERTEX_POINT ( 'NONE', #826 ) ;
#2643 = VECTOR ( 'NONE', #896, 1000.000000000000000 ) ;
#2644 = SURFACE_SIDE_STYLE ('',( #1224 ) ) ;
#2645 = EDGE_CURVE ( 'NONE', #4635, #4793, #3366, .T. ) ;
#2646 = SURFACE_SIDE_STYLE ('',( #3568 ) ) ;
#2647 = LINE ( 'NONE', #3047, #4858 ) ;
#2648 = VECTOR ( 'NONE', #390, 1000.000000000000000 ) ;
#2649 = PLANE ( 'NONE',  #3773 ) ;
#2650 = EDGE_CURVE ( 'NONE', #3843, #936, #3387, .T. ) ;
#2651 = DIRECTION ( 'NONE',  ( 4.742694567940698700E-032, -7.233811389675590400E-032, 1.000000000000000000 ) ) ;
#2652 = LINE ( 'NONE', #2234, #550 ) ;
#2653 = PRESENTATION_LAYER_ASSIGNMENT (  '', '', ( #2636 ) ) ;
#2654 = VECTOR ( 'NONE', #368, 1000.000000000000000 ) ;
#2655 = DIRECTION ( 'NONE',  ( 0.0000000000000000000, -1.000000000000000000, 0.0000000000000000000 ) ) ;
#2656 = DIRECTION ( 'NONE',  ( 0.0000000000000000000, -0.0000000000000000000, -1.000000000000000000 ) ) ;
#2657 = FILL_AREA_STYLE ('',( #2813 ) ) ;
#2658 = EDGE_CURVE ( 'NONE', #2547, #3843, #3377, .T. ) ;
#2659 = FILL_AREA_STYLE ('',( #1464 ) ) ;
#2660 = ORIENTED_EDGE ( 'NONE', *, *, #1778, .T. ) ;
#2661 = CARTESIAN_POINT ( 'NONE',  ( -6.649999999999994100, -0.1250000000000059700, -5.729999999999997800 ) ) ;
#2662 = LINE ( 'NONE', #3961, #1041 ) ;
#2663 =( GEOMETRIC_REPRESENTATION_CONTEXT ( 3 ) GLOBAL_UNCERTAINTY_ASSIGNED_CONTEXT ( ( #5225 ) ) GLOBAL_UNIT_ASSIGNED_CONTEXT ( ( #4986, #4981, #4978 ) ) REPRESENTATION_CONTEXT ( 'NONE', 'WORKASPACE' ) );
#2664 = CIRCLE ( 'NONE', #1290, 0.2500000000000002200 ) ;
#2665 = CARTESIAN_POINT ( 'NONE',  ( -7.573907182274247400, -1.872880335899559800, -4.429999999999994400 ) ) ;
#2666 =( GEOMETRIC_REPRESENTATION_CONTEXT ( 3 ) GLOBAL_UNCERTAINTY_ASSIGNED_CONTEXT ( ( #2488 ) ) GLOBAL_UNIT_ASSIGNED_CONTEXT ( ( #2775, #2732, #2942 ) ) REPRESENTATION_CONTEXT ( 'NONE', 'WORKASPACE' ) );
#2667 = PLANE ( 'NONE',  #4429 ) ;
#2668 = EDGE_LOOP ( 'NONE', ( #1014, #1009, #1039, #1027 ) ) ;
#2669 = VERTEX_POINT ( 'NONE', #630 ) ;
#2670 = FILL_AREA_STYLE_COLOUR ( '', #2570 ) ;
#2671 = ORIENTED_EDGE ( 'NONE', *, *, #21, .T. ) ;
#2672 = ORIENTED_EDGE ( 'NONE', *, *, #2326, .T. ) ;
#2673 = EDGE_LOOP ( 'NONE', ( #4526, #3497, #3456, #1283 ) ) ;
#2674 = DIRECTION ( 'NONE',  ( -1.000000000000000000, -1.807003620809171900E-016, 0.0000000000000000000 ) ) ;
#2675 = MECHANICAL_DESIGN_GEOMETRIC_PRESENTATION_REPRESENTATION (  '', ( #2793 ), #2663 ) ;
#2676 = VERTEX_POINT ( 'NONE', #5085 ) ;
#2677 = ORIENTED_EDGE ( 'NONE', *, *, #15, .T. ) ;
#2678 = MECHANICAL_DESIGN_GEOMETRIC_PRESENTATION_REPRESENTATION (  '', ( #2710 ), #2666 ) ;
#2679 = CARTESIAN_POINT ( 'NONE',  ( -7.573907182274247400, -1.872880335899559200, -6.969999999999993500 ) ) ;
#2680 = VERTEX_POINT ( 'NONE', #854 ) ;
#2681 = EDGE_LOOP ( 'NONE', ( #3441, #3426, #3911, #3386 ) ) ;
#2682 = EDGE_CURVE ( 'NONE', #2514, #2547, #3345, .T. ) ;
#2683 = UNCERTAINTY_MEASURE_WITH_UNIT (LENGTH_MEASURE( 1.000000000000000100E-005 ), #5386, 'distance_accuracy_value', 'NONE');
#2684 = PRESENTATION_LAYER_ASSIGNMENT (  '', '', ( #2710 ) ) ;
#2685 = ORIENTED_EDGE ( 'NONE', *, *, #4525, .T. ) ;
#2686 = DIRECTION ( 'NONE',  ( 0.0000000000000000000, -1.000000000000000000, 0.0000000000000000000 ) ) ;
#2687 = DIRECTION ( 'NONE',  ( 1.093590911432185700E-016, 1.668003342285391100E-016, -1.000000000000000000 ) ) ;
#2688 = CARTESIAN_POINT ( 'NONE',  ( -7.573907182274247400, 8.377119664100432000, 8.019999999999999600 ) ) ;
#2689 = EDGE_LOOP ( 'NONE', ( #4637, #2074, #1777, #3558 ) ) ;
#2690 = PLANE ( 'NONE',  #566 ) ;
#2691 = DIRECTION ( 'NONE',  ( -1.807003620809171900E-016, 1.000000000000000000, 7.233811389675591500E-032 ) ) ;
#2692 = MECHANICAL_DESIGN_GEOMETRIC_PRESENTATION_REPRESENTATION (  '', ( #2740 ), #2641 ) ;
#2693 = AXIS2_PLACEMENT_3D ( 'NONE', #4501, #3907, #5442 ) ;
#2694 = COLOUR_RGB ( '',0.0000000000000000000, 0.0000000000000000000, 0.0000000000000000000 ) ;
#2695 = ORIENTED_EDGE ( 'NONE', *, *, #830, .T. ) ;
#2696 = DIRECTION ( 'NONE',  ( -0.0000000000000000000, 1.668003342285391600E-016, -1.000000000000000000 ) ) ;
#2697 = UNCERTAINTY_MEASURE_WITH_UNIT (LENGTH_MEASURE( 1.000000000000000100E-005 ), #856, 'distance_accuracy_value', 'NONE');
#2698 = PLANE ( 'NONE',  #1140 ) ;
#2699 = PRESENTATION_LAYER_ASSIGNMENT (  '', '', ( #2740 ) ) ;
#2700 = SURFACE_STYLE_FILL_AREA ( #626 ) ;
#2701 = VERTEX_POINT ( 'NONE', #616 ) ;
#2702 = LINE ( 'NONE', #5059, #963 ) ;
#2703 = CARTESIAN_POINT ( 'NONE',  ( -7.409999999999987700, -1.872880335899558300, 8.270000000000006700 ) ) ;
#2704 = VECTOR ( 'NONE', #4604, 1000.000000000000200 ) ;
#2705 = PRESENTATION_STYLE_ASSIGNMENT (( #3112 ) ) ;
#2706 =( NAMED_UNIT ( * ) SI_UNIT ( $, .STERADIAN. ) SOLID_ANGLE_UNIT ( ) );
#2707 = ORIENTED_EDGE ( 'NONE', *, *, #686, .T. ) ;
#2708 = LINE ( 'NONE', #5025, #2909 ) ;
#2709 = DIRECTION ( 'NONE',  ( -5.507058653894625900E-016, 0.0000000000000000000, -1.000000000000000000 ) ) ;
#2710 = STYLED_ITEM ( 'NONE', ( #1237 ), #1885 ) ;
#2711 = VECTOR ( 'NONE', #5544, 1000.000000000000000 ) ;
#2712 = DIRECTION ( 'NONE',  ( 4.605690828718422800E-016, -1.000000000000000000, 0.0000000000000000000 ) ) ;
#2713 = EDGE_CURVE ( 'NONE', #445, #3564, #3357, .T. ) ;
#2714 = VECTOR ( 'NONE', #2950, 1000.000000000000000 ) ;
#2715 = DIRECTION ( 'NONE',  ( -1.000000000000000000, -4.743384504624085800E-016, 0.0000000000000000000 ) ) ;
#2716 = VECTOR ( 'NONE', #2189, 1000.000000000000000 ) ;
#2717 = VERTEX_POINT ( 'NONE', #414 ) ;
#2718 = CARTESIAN_POINT ( 'NONE',  ( -7.573907182274247400, -1.872880335899558900, -6.969999999999993500 ) ) ;
#2719 = VECTOR ( 'NONE', #2198, 1000.000000000000200 ) ;
#2720 = CARTESIAN_POINT ( 'NONE',  ( 8.055773820624494900, 0.1250000000000017200, 5.729999999999998600 ) ) ;
#2721 =( NAMED_UNIT ( * ) PLANE_ANGLE_UNIT ( ) SI_UNIT ( $, .RADIAN. ) );
#2722 = PRESENTATION_LAYER_ASSIGNMENT (  '', '', ( #2793 ) ) ;
#2723 = LINE ( 'NONE', #4323, #1160 ) ;
#2724 = PLANE ( 'NONE',  #661 ) ;
#2725 = CARTESIAN_POINT ( 'NONE',  ( -6.399999999999991500, 0.1249999999999930300, -6.969999999999993500 ) ) ;
#2726 = FACE_OUTER_BOUND ( 'NONE', #3755, .T. ) ;
#2727 = CARTESIAN_POINT ( 'NONE',  ( 7.573907182274155000, -1.622880335899570500, -5.730000000000001300 ) ) ;
#2728 = CARTESIAN_POINT ( 'NONE',  ( 8.609999999999992300, -1.747880335899570700, -5.080000000000001000 ) ) ;
#2729 = EDGE_LOOP ( 'NONE', ( #1933, #311, #3216, #1584 ) ) ;
#2730 = AXIS2_PLACEMENT_3D ( 'NONE', #5414, #5406, #5381 ) ;
#2731 = VECTOR ( 'NONE', #3068, 1000.000000000000200 ) ;
#2732 =( NAMED_UNIT ( * ) PLANE_ANGLE_UNIT ( ) SI_UNIT ( $, .RADIAN. ) );
#2733 = PRESENTATION_STYLE_ASSIGNMENT (( #5534 ) ) ;
#2734 = ORIENTED_EDGE ( 'NONE', *, *, #1492, .T. ) ;
#2735 = VERTEX_POINT ( 'NONE', #517 ) ;
#2736 = LINE ( 'NONE', #1297, #2654 ) ;
#2737 = ORIENTED_EDGE ( 'NONE', *, *, #1225, .T. ) ;
#2738 = ORIENTED_EDGE ( 'NONE', *, *, #8, .F. ) ;
#2739 = CARTESIAN_POINT ( 'NONE',  ( -6.399999999999997700, -0.1249999999999998200, -5.729999999999997800 ) ) ;
#2740 = STYLED_ITEM ( 'NONE', ( #3923 ), #2337 ) ;
#2741 = VECTOR ( 'NONE', #788, 1000.000000000000000 ) ;
#2742 = ORIENTED_EDGE ( 'NONE', *, *, #3528, .T. ) ;
#2743 = ORIENTED_EDGE ( 'NONE', *, *, #5453, .T. ) ;
#2744 = DIRECTION ( 'NONE',  ( -1.000000000000000000, -1.807003620809171700E-016, 0.0000000000000000000 ) ) ;
#2745 = VERTEX_POINT ( 'NONE', #218 ) ;
#2746 = AXIS2_PLACEMENT_3D ( 'NONE', #4718, #4708, #4704 ) ;
#2747 = LINE ( 'NONE', #2598, #2741 ) ;
#2748 = CIRCLE ( 'NONE', #613, 0.2500000000000002200 ) ;
#2749 = VECTOR ( 'NONE', #1446, 1000.000000000000000 ) ;
#2750 = EDGE_LOOP ( 'NONE', ( #701, #2406, #2193, #2263 ) ) ;
#2751 =( GEOMETRIC_REPRESENTATION_CONTEXT ( 3 ) GLOBAL_UNCERTAINTY_ASSIGNED_CONTEXT ( ( #2590 ) ) GLOBAL_UNIT_ASSIGNED_CONTEXT ( ( #4714, #821, #982 ) ) REPRESENTATION_CONTEXT ( 'NONE', 'WORKASPACE' ) );
#2752 = CARTESIAN_POINT ( 'NONE',  ( 8.609999999999999400, -1.622880335899568300, 8.269999999999999600 ) ) ;
#2753 = VECTOR ( 'NONE', #2622, 1000.000000000000000 ) ;
#2754 = PRESENTATION_STYLE_ASSIGNMENT (( #2297 ) ) ;
#2755 = EDGE_CURVE ( 'NONE', #3729, #2676, #2209, .T. ) ;
#2756 = LINE ( 'NONE', #2640, #2731 ) ;
#2757 = PRODUCT_DEFINITION_CONTEXT ( 'detailed design', #3384, 'design' ) ;
#2758 = MECHANICAL_DESIGN_GEOMETRIC_PRESENTATION_REPRESENTATION (  '', ( #2781 ), #2751 ) ;
#2759 = DIRECTION ( 'NONE',  ( 1.000000000000000000, 0.0000000000000000000, -0.0000000000000000000 ) ) ;
#2760 = FACE_OUTER_BOUND ( 'NONE', #71, .T. ) ;
#2761 = VERTEX_POINT ( 'NONE', #183 ) ;
#2762 = VECTOR ( 'NONE', #4711, 1000.000000000000200 ) ;
#2763 = ORIENTED_EDGE ( 'NONE', *, *, #926, .F. ) ;
#2764 = PRESENTATION_LAYER_ASSIGNMENT (  '', '', ( #2781 ) ) ;
#2765 = LINE ( 'NONE', #1662, #2753 ) ;
#2766 = UNCERTAINTY_MEASURE_WITH_UNIT (LENGTH_MEASURE( 1.000000000000000100E-005 ), #2351, 'distance_accuracy_value', 'NONE');
#2767 = DIRECTION ( 'NONE',  ( -1.000000000000000000, -0.0000000000000000000, -0.0000000000000000000 ) ) ;
#2768 = LINE ( 'NONE', #2820, #2428 ) ;
#2769 = VECTOR ( 'NONE', #1891, 1000.000000000000000 ) ;
#2770 = VECTOR ( 'NONE', #5498, 1000.000000000000000 ) ;
#2771 = AXIS2_PLACEMENT_3D ( 'NONE', #2823, #3932, #4205 ) ;
#2772 = COLOUR_RGB ( '',1.000000000000000000, 1.000000000000000000, 0.0000000000000000000 ) ;
#2773 = LINE ( 'NONE', #886, #5063 ) ;
#2774 = FILL_AREA_STYLE ('',( #1358 ) ) ;
#2775 =( LENGTH_UNIT ( ) NAMED_UNIT ( * ) SI_UNIT ( .MILLI., .METRE. ) );
#2776 = PLANE ( 'NONE',  #4900 ) ;
#2777 = VECTOR ( 'NONE', #809, 1000.000000000000000 ) ;
#2778 = SURFACE_STYLE_USAGE ( .BOTH. , #2865 ) ;
#2779 =( NAMED_UNIT ( * ) SI_UNIT ( $, .STERADIAN. ) SOLID_ANGLE_UNIT ( ) );
#2780 = COLOUR_RGB ( '',1.000000000000000000, 1.000000000000000000, 0.0000000000000000000 ) ;
#2781 = STYLED_ITEM ( 'NONE', ( #2099 ), #1882 ) ;
#2782 = LINE ( 'NONE', #829, #5052 ) ;
#2783 = CARTESIAN_POINT ( 'NONE',  ( 8.055773820624487800, 0.1250000000000001400, -6.970000000000000600 ) ) ;
#2784 = DIRECTION ( 'NONE',  ( 0.0000000000000000000, -1.000000000000000000, 0.0000000000000000000 ) ) ;
#2785 = EDGE_CURVE ( 'NONE', #2111, #1704, #3341, .T. ) ;
#2786 = VERTEX_POINT ( 'NONE', #213 ) ;
#2787 = VECTOR ( 'NONE', #1570, 1000.000000000000100 ) ;
#2788 = DIRECTION ( 'NONE',  ( 0.0000000000000000000, -1.000000000000000000, 0.0000000000000000000 ) ) ;
#2789 = CARTESIAN_POINT ( 'NONE',  ( 6.649999999999987900, -0.1249999999999998300, -6.970000000000000600 ) ) ;
#2790 = ORIENTED_EDGE ( 'NONE', *, *, #1747, .F. ) ;
#2791 = LINE ( 'NONE', #1659, #3413 ) ;
#2792 =( GEOMETRIC_REPRESENTATION_CONTEXT ( 3 ) GLOBAL_UNCERTAINTY_ASSIGNED_CONTEXT ( ( #3316 ) ) GLOBAL_UNIT_ASSIGNED_CONTEXT ( ( #4131, #4114, #4467 ) ) REPRESENTATION_CONTEXT ( 'NONE', 'WORKASPACE' ) );
#2793 = STYLED_ITEM ( 'NONE', ( #2600 ), #2180 ) ;
#2794 = VERTEX_POINT ( 'NONE', #103 ) ;
#2795 = ORIENTED_EDGE ( 'NONE', *, *, #1634, .F. ) ;
#2796 = LINE ( 'NONE', #1656, #2787 ) ;
#2797 = ORIENTED_EDGE ( 'NONE', *, *, #5617, .T. ) ;
#2798 = STYLED_ITEM ( 'NONE', ( #5022 ), #2246 ) ;
#2799 = VERTEX_POINT ( 'NONE', #130 ) ;
#2800 = LINE ( 'NONE', #3943, #377 ) ;
#2801 = VERTEX_POINT ( 'NONE', #2665 ) ;
#2802 = DIRECTION ( 'NONE',  ( 0.0000000000000000000, -1.668003342285391100E-016, 1.000000000000000000 ) ) ;
#2803 = ORIENTED_EDGE ( 'NONE', *, *, #1189, .F. ) ;
#2804 =( GEOMETRIC_REPRESENTATION_CONTEXT ( 3 ) GLOBAL_UNCERTAINTY_ASSIGNED_CONTEXT ( ( #2451 ) ) GLOBAL_UNIT_ASSIGNED_CONTEXT ( ( #1696, #1753, #1826 ) ) REPRESENTATION_CONTEXT ( 'NONE', 'WORKASPACE' ) );
#2805 = CARTESIAN_POINT ( 'NONE',  ( 7.573907182274134600, 8.377119664100433700, -6.970000000000000600 ) ) ;
#2806 = LINE ( 'NONE', #2218, #3583 ) ;
#2807 = VERTEX_POINT ( 'NONE', #4721 ) ;
#2808 = DIRECTION ( 'NONE',  ( 4.742694567940698700E-032, -7.233811389675590400E-032, 1.000000000000000000 ) ) ;
#2809 = MECHANICAL_DESIGN_GEOMETRIC_PRESENTATION_REPRESENTATION (  '', ( #2844 ), #2804 ) ;
#2810 = PLANE ( 'NONE',  #910 ) ;
#2811 = CARTESIAN_POINT ( 'NONE',  ( 7.573907182274258100, 8.377119664100432000, 6.969999999999999800 ) ) ;
#2812 = CARTESIAN_POINT ( 'NONE',  ( -8.609999999999992300, -1.872880335899558500, 8.270000000000006700 ) ) ;
#2813 = FILL_AREA_STYLE_COLOUR ( '', #3554 ) ;
#2814 = SURFACE_SIDE_STYLE ('',( #257 ) ) ;
#2815 = EDGE_CURVE ( 'NONE', #3079, #3729, #3315, .T. ) ;
#2816 = UNCERTAINTY_MEASURE_WITH_UNIT (LENGTH_MEASURE( 1.000000000000000100E-005 ), #5098, 'distance_accuracy_value', 'NONE');
#2817 = SURFACE_STYLE_FILL_AREA ( #1589 ) ;
#2818 = ORIENTED_EDGE ( 'NONE', *, *, #1259, .T. ) ;
#2819 = DIRECTION ( 'NONE',  ( -0.0000000000000000000, 1.000000000000000000, 1.668003342285391100E-016 ) ) ;
#2820 = CARTESIAN_POINT ( 'NONE',  ( -6.048867878803650700, 6.824999999999993100, -7.830349023506430200E-017 ) ) ;
#2821 = CIRCLE ( 'NONE', #44, 0.2499999999999993600 ) ;
#2822 = PRESENTATION_LAYER_ASSIGNMENT (  '', '', ( #2844 ) ) ;
#2823 = CARTESIAN_POINT ( 'NONE',  ( -6.400000000000001200, 0.1249999999999938200, -9.449999999999999300 ) ) ;
#2824 =( NAMED_UNIT ( * ) SI_UNIT ( $, .STERADIAN. ) SOLID_ANGLE_UNIT ( ) );
#2825 = ORIENTED_EDGE ( 'NONE', *, *, #632, .T. ) ;
#2826 = LINE ( 'NONE', #4749, #2719 ) ;
#2827 = EDGE_CURVE ( 'NONE', #4394, #3079, #3305, .T. ) ;
#2828 = AXIS2_PLACEMENT_3D ( 'NONE', #4612, #4601, #4593 ) ;
#2829 = MECHANICAL_DESIGN_GEOMETRIC_PRESENTATION_REPRESENTATION (  '', ( #4566 ), #1568 ) ;
#2830 = LINE ( 'NONE', #2511, #2436 ) ;
#2831 = ORIENTED_EDGE ( 'NONE', *, *, #1821, .F. ) ;
#2832 =( NAMED_UNIT ( * ) SI_UNIT ( $, .STERADIAN. ) SOLID_ANGLE_UNIT ( ) );
#2833 = VECTOR ( 'NONE', #3008, 1000.000000000000000 ) ;
#2834 = DIRECTION ( 'NONE',  ( 0.0000000000000000000, 0.0000000000000000000, 1.000000000000000000 ) ) ;
#2835 = LINE ( 'NONE', #2688, #49 ) ;
#2836 = CARTESIAN_POINT ( 'NONE',  ( 6.399999999999999500, 0.1249999999999998900, -9.449999999999999300 ) ) ;
#2837 = CARTESIAN_POINT ( 'NONE',  ( 7.409999999999988600, -1.872880335899570700, -8.269999999999999600 ) ) ;
#2838 = DIRECTION ( 'NONE',  ( -0.05226442768870840500, -0.9972646886342378900, 0.05226442768870892500 ) ) ;
#2839 = LINE ( 'NONE', #5602, #2711 ) ;
#2840 = DIRECTION ( 'NONE',  ( 4.742694567940699300E-032, -7.233811389675590400E-032, 1.000000000000000000 ) ) ;
#2841 = DIRECTION ( 'NONE',  ( -1.000000000000000000, 0.0000000000000000000, 0.0000000000000000000 ) ) ;
#2842 = UNCERTAINTY_MEASURE_WITH_UNIT (LENGTH_MEASURE( 1.000000000000000100E-005 ), #2403, 'distance_accuracy_value', 'NONE');
#2843 = EDGE_LOOP ( 'NONE', ( #5576, #1187, #2831, #3375, #5152, #1256 ) ) ;
#2844 = STYLED_ITEM ( 'NONE', ( #1040 ), #1880 ) ;
#2845 = VECTOR ( 'NONE', #3445, 1000.000000000000000 ) ;
#2846 = FILL_AREA_STYLE ('',( #5280 ) ) ;
#2847 = PRESENTATION_STYLE_ASSIGNMENT (( #1876 ) ) ;
#2848 = ORIENTED_EDGE ( 'NONE', *, *, #1706, .T. ) ;
#2849 = EDGE_CURVE ( 'NONE', #4394, #2676, #506, .T. ) ;
#2850 = LINE ( 'NONE', #2573, #2833 ) ;
#2851 = DIRECTION ( 'NONE',  ( 1.000000000000000000, 1.807003620809171900E-016, -0.0000000000000000000 ) ) ;
#2852 = AXIS2_PLACEMENT_3D ( 'NONE', #812, #2885, #1223 ) ;
#2853 = FACE_OUTER_BOUND ( 'NONE', #4185, .T. ) ;
#2854 = ORIENTED_EDGE ( 'NONE', *, *, #4799, .F. ) ;
#2855 = ORIENTED_EDGE ( 'NONE', *, *, #1608, .T. ) ;
#2856 = EDGE_CURVE ( 'NONE', #2514, #3729, #494, .T. ) ;
#2857 = EDGE_LOOP ( 'NONE', ( #892, #885, #940, #939 ) ) ;
#2858 = DIRECTION ( 'NONE',  ( -1.000000000000000000, 0.0000000000000000000, 0.0000000000000000000 ) ) ;
#2859 = ORIENTED_EDGE ( 'NONE', *, *, #3719, .T. ) ;
#2860 = EDGE_CURVE ( 'NONE', #2111, #4569, #3279, .T. ) ;
#2861 = CYLINDRICAL_SURFACE ( 'NONE', #1781, 0.2500000000000000000 ) ;
#2862 = LINE ( 'NONE', #1216, #111 ) ;
#2863 = ORIENTED_EDGE ( 'NONE', *, *, #5588, .F. ) ;
#2864 = COLOUR_RGB ( '',1.000000000000000000, 1.000000000000000000, 0.0000000000000000000 ) ;
#2865 = SURFACE_SIDE_STYLE ('',( #1433 ) ) ;
#2866 = COLOUR_RGB ( '',1.000000000000000000, 1.000000000000000000, 0.0000000000000000000 ) ;
#2867 = DIRECTION ( 'NONE',  ( -4.742694567940698700E-032, 7.233811389675592600E-032, -1.000000000000000000 ) ) ;
#2868 =( NAMED_UNIT ( * ) SI_UNIT ( $, .STERADIAN. ) SOLID_ANGLE_UNIT ( ) );
#2869 = VERTEX_POINT ( 'NONE', #5266 ) ;
#2870 = DIRECTION ( 'NONE',  ( 0.3987490689252437500, -0.9170600743851250500, 0.0000000000000000000 ) ) ;
#2871 =( LENGTH_UNIT ( ) NAMED_UNIT ( * ) SI_UNIT ( .MILLI., .METRE. ) );
#2872 =( GEOMETRIC_REPRESENTATION_CONTEXT ( 3 ) GLOBAL_UNCERTAINTY_ASSIGNED_CONTEXT ( ( #869 ) ) GLOBAL_UNIT_ASSIGNED_CONTEXT ( ( #4863, #4804, #4772 ) ) REPRESENTATION_CONTEXT ( 'NONE', 'WORKASPACE' ) );
#2873 =( GEOMETRIC_REPRESENTATION_CONTEXT ( 3 ) GLOBAL_UNCERTAINTY_ASSIGNED_CONTEXT ( ( #3905 ) ) GLOBAL_UNIT_ASSIGNED_CONTEXT ( ( #5523, #5494, #5435 ) ) REPRESENTATION_CONTEXT ( 'NONE', 'WORKASPACE' ) );
#2874 = FILL_AREA_STYLE ('',( #3817 ) ) ;
#2875 = ORIENTED_EDGE ( 'NONE', *, *, #862, .T. ) ;
#2876 = CARTESIAN_POINT ( 'NONE',  ( -8.055773820624498400, -0.1250000000000060800, -6.969999999999993500 ) ) ;
#2877 =( NAMED_UNIT ( * ) SI_UNIT ( $, .STERADIAN. ) SOLID_ANGLE_UNIT ( ) );
#2878 = CARTESIAN_POINT ( 'NONE',  ( -6.399999999999991500, 0.1249999999999931700, -4.429999999999994400 ) ) ;
#2879 = ORIENTED_EDGE ( 'NONE', *, *, #3221, .F. ) ;
#2880 = AXIS2_PLACEMENT_3D ( 'NONE', #4234, #2506, #5418 ) ;
#2881 = PLANE ( 'NONE',  #3656 ) ;
#2882 =( NAMED_UNIT ( * ) SI_UNIT ( $, .STERADIAN. ) SOLID_ANGLE_UNIT ( ) );
#2883 = COLOUR_RGB ( '',1.000000000000000000, 1.000000000000000000, 0.0000000000000000000 ) ;
#2884 = FILL_AREA_STYLE ('',( #4649 ) ) ;
#2885 = DIRECTION ( 'NONE',  ( 1.807003620809171700E-016, -1.000000000000000000, -7.233811389675592600E-032 ) ) ;
#2886 = LINE ( 'NONE', #2940, #3503 ) ;
#2887 = PRESENTATION_STYLE_ASSIGNMENT (( #4081 ) ) ;
#2888 = DIRECTION ( 'NONE',  ( -0.0000000000000000000, 0.0000000000000000000, -1.000000000000000000 ) ) ;
#2889 = EDGE_LOOP ( 'NONE', ( #2997, #2980, #2991, #3066 ) ) ;
#2890 = PLANE ( 'NONE',  #3976 ) ;
#2891 = CARTESIAN_POINT ( 'NONE',  ( 7.344642163677975500, -1.722567603130880300, 6.969999999999999800 ) ) ;
#2892 =( NAMED_UNIT ( * ) PLANE_ANGLE_UNIT ( ) SI_UNIT ( $, .RADIAN. ) );
#2893 = ORIENTED_EDGE ( 'NONE', *, *, #913, .T. ) ;
#2894 =( GEOMETRIC_REPRESENTATION_CONTEXT ( 3 ) GLOBAL_UNCERTAINTY_ASSIGNED_CONTEXT ( ( #480 ) ) GLOBAL_UNIT_ASSIGNED_CONTEXT ( ( #345, #434, #456 ) ) REPRESENTATION_CONTEXT ( 'NONE', 'WORKASPACE' ) );
#2895 = DIRECTION ( 'NONE',  ( 0.0000000000000000000, -0.0000000000000000000, -1.000000000000000000 ) ) ;
#2896 = DIRECTION ( 'NONE',  ( 1.000000000000000000, 0.0000000000000000000, -0.0000000000000000000 ) ) ;
#2897 =( NAMED_UNIT ( * ) PLANE_ANGLE_UNIT ( ) SI_UNIT ( $, .RADIAN. ) );
#2898 = CARTESIAN_POINT ( 'NONE',  ( -6.399999999999992400, 0.1249999999999930300, -8.269999999999996000 ) ) ;
#2899 = LINE ( 'NONE', #2084, #1364 ) ;
#2900 =( NAMED_UNIT ( * ) PLANE_ANGLE_UNIT ( ) SI_UNIT ( $, .RADIAN. ) );
#2901 = MECHANICAL_DESIGN_GEOMETRIC_PRESENTATION_REPRESENTATION (  '', ( #2994 ), #2872 ) ;
#2902 = MECHANICAL_DESIGN_GEOMETRIC_PRESENTATION_REPRESENTATION (  '', ( #2978 ), #2873 ) ;
#2903 = LINE ( 'NONE', #3847, #957 ) ;
#2904 = DIRECTION ( 'NONE',  ( 0.0000000000000000000, 0.0000000000000000000, -1.000000000000000000 ) ) ;
#2905 = FILL_AREA_STYLE_COLOUR ( '', #1481 ) ;
#2906 = ADVANCED_FACE ( 'NONE', ( #815 ), #4864, .F. ) ;
#2907 = CARTESIAN_POINT ( 'NONE',  ( -7.573907182274247400, 8.377119664100432000, -8.269999999999996000 ) ) ;
#2908 = PRESENTATION_LAYER_ASSIGNMENT (  '', '', ( #2994 ) ) ;
#2909 = VECTOR ( 'NONE', #5440, 1000.000000000000000 ) ;
#2910 = MECHANICAL_DESIGN_GEOMETRIC_PRESENTATION_REPRESENTATION (  '', ( #2969 ), #2894 ) ;
#2911 = DIRECTION ( 'NONE',  ( -1.000000000000000000, 3.577867169202161500E-015, 0.0000000000000000000 ) ) ;
#2912 =( LENGTH_UNIT ( ) NAMED_UNIT ( * ) SI_UNIT ( .MILLI., .METRE. ) );
#2913 = FILL_AREA_STYLE ('',( #2141 ) ) ;
#2914 = FILL_AREA_STYLE_COLOUR ( '', #5335 ) ;
#2915 = DIRECTION ( 'NONE',  ( 5.507058653894625900E-016, 0.0000000000000000000, 1.000000000000000000 ) ) ;
#2916 =( NAMED_UNIT ( * ) PLANE_ANGLE_UNIT ( ) SI_UNIT ( $, .RADIAN. ) );
#2917 = EDGE_LOOP ( 'NONE', ( #3544, #3625, #3666, #275 ) ) ;
#2918 = FILL_AREA_STYLE_COLOUR ( '', #4203 ) ;
#2919 =( LENGTH_UNIT ( ) NAMED_UNIT ( * ) SI_UNIT ( .MILLI., .METRE. ) );
#2920 = FILL_AREA_STYLE_COLOUR ( '', #5169 ) ;
#2921 = CARTESIAN_POINT ( 'NONE',  ( -6.348373319409216000, 1.110095749086341200, -9.398373319409216700 ) ) ;
#2922 = PRESENTATION_LAYER_ASSIGNMENT (  '', '', ( #2969 ) ) ;
#2923 = ORIENTED_EDGE ( 'NONE', *, *, #1608, .F. ) ;
#2924 = CARTESIAN_POINT ( 'NONE',  ( 8.055773820624498400, 0.1250000000000020000, 8.269999999999999600 ) ) ;
#2925 = PRESENTATION_STYLE_ASSIGNMENT (( #803 ) ) ;
#2926 = DIRECTION ( 'NONE',  ( 1.000000000000000000, 0.0000000000000000000, 0.0000000000000000000 ) ) ;
#2927 = EDGE_LOOP ( 'NONE', ( #3161, #5276, #4025, #3982 ) ) ;
#2928 = EDGE_CURVE ( 'NONE', #2547, #3079, #3190, .T. ) ;
#2929 = VERTEX_POINT ( 'NONE', #3639 ) ;
#2930 = AXIS2_PLACEMENT_3D ( 'NONE', #2325, #2072, #5311 ) ;
#2931 = VERTEX_POINT ( 'NONE', #62 ) ;
#2932 = ORIENTED_EDGE ( 'NONE', *, *, #1703, .T. ) ;
#2933 = DIRECTION ( 'NONE',  ( 0.3987490689252438100, -0.9170600743851250500, 0.0000000000000000000 ) ) ;
#2934 = SURFACE_STYLE_USAGE ( .BOTH. , #2951 ) ;
#2935 = EDGE_LOOP ( 'NONE', ( #2332, #2249, #2169, #2161 ) ) ;
#2936 =( LENGTH_UNIT ( ) NAMED_UNIT ( * ) SI_UNIT ( .MILLI., .METRE. ) );
#2937 = CARTESIAN_POINT ( 'NONE',  ( 7.573907182274155000, 8.377119664100433700, -4.680000000000001500 ) ) ;
#2938 = VERTEX_POINT ( 'NONE', #3668 ) ;
#2939 = PRESENTATION_LAYER_ASSIGNMENT (  '', '', ( #2978 ) ) ;
#2940 = CARTESIAN_POINT ( 'NONE',  ( -7.409999999999987700, -1.872880335899558300, 7.220000000000010400 ) ) ;
#2941 = ORIENTED_EDGE ( 'NONE', *, *, #1099, .T. ) ;
#2942 =( NAMED_UNIT ( * ) SI_UNIT ( $, .STERADIAN. ) SOLID_ANGLE_UNIT ( ) );
#2943 = SURFACE_STYLE_FILL_AREA ( #601 ) ;
#2944 = DIRECTION ( 'NONE',  ( -1.000000000000000000, 0.0000000000000000000, -0.0000000000000000000 ) ) ;
#2945 = ORIENTED_EDGE ( 'NONE', *, *, #1266, .T. ) ;
#2946 = CARTESIAN_POINT ( 'NONE',  ( 6.649999999999987900, -0.1250000000000005800, -5.730000000000001300 ) ) ;
#2947 = PRESENTATION_STYLE_ASSIGNMENT (( #82 ) ) ;
#2948 =( NAMED_UNIT ( * ) SI_UNIT ( $, .STERADIAN. ) SOLID_ANGLE_UNIT ( ) );
#2949 = EDGE_LOOP ( 'NONE', ( #244, #3432, #2493, #4936 ) ) ;
#2950 = DIRECTION ( 'NONE',  ( 1.000000000000000000, 0.0000000000000000000, 0.0000000000000000000 ) ) ;
#2951 = SURFACE_SIDE_STYLE ('',( #4488 ) ) ;
#2952 = DIRECTION ( 'NONE',  ( 1.000000000000000000, 1.084202172485503400E-016, -0.0000000000000000000 ) ) ;
#2953 = AXIS2_PLACEMENT_3D ( 'NONE', #1018, #857, #831 ) ;
#2954 = PRESENTATION_STYLE_ASSIGNMENT (( #5318 ) ) ;
#2955 = EDGE_CURVE ( 'NONE', #5204, #2463, #3174, .T. ) ;
#2956 = ORIENTED_EDGE ( 'NONE', *, *, #4366, .T. ) ;
#2957 = LINE ( 'NONE', #4215, #2714 ) ;
#2958 = DIRECTION ( 'NONE',  ( 0.0000000000000000000, 0.0000000000000000000, -1.000000000000000000 ) ) ;
#2959 = EDGE_CURVE ( 'NONE', #5088, #2680, #3195, .T. ) ;
#2960 = STYLED_ITEM ( 'NONE', ( #500 ), #287 ) ;
#2961 = COLOUR_RGB ( '',0.0000000000000000000, 0.0000000000000000000, 0.0000000000000000000 ) ;
#2962 = VERTEX_POINT ( 'NONE', #4090 ) ;
#2963 =( NAMED_UNIT ( * ) SI_UNIT ( $, .STERADIAN. ) SOLID_ANGLE_UNIT ( ) );
#2964 = CARTESIAN_POINT ( 'NONE',  ( -8.609999999999992300, -1.622880335899560000, 8.019999999999999600 ) ) ;
#2965 = ORIENTED_EDGE ( 'NONE', *, *, #675, .T. ) ;
#2966 = VECTOR ( 'NONE', #1153, 1000.000000000000000 ) ;
#2967 = FILL_AREA_STYLE ('',( #4125 ) ) ;
#2968 = CARTESIAN_POINT ( 'NONE',  ( 7.573907182274248300, -1.872880335899570700, -8.269999999999999600 ) ) ;
#2969 = STYLED_ITEM ( 'NONE', ( #3534 ), #1872 ) ;
#2970 = CARTESIAN_POINT ( 'NONE',  ( -8.055773820624500200, -0.1250000000000059400, -5.729999999999997800 ) ) ;
#2971 = FILL_AREA_STYLE_COLOUR ( '', #3648 ) ;
#2972 = VECTOR ( 'NONE', #1548, 1000.000000000000000 ) ;
#2973 =( NAMED_UNIT ( * ) PLANE_ANGLE_UNIT ( ) SI_UNIT ( $, .RADIAN. ) );
#2974 = CARTESIAN_POINT ( 'NONE',  ( 7.573907182274255400, -1.622880335899568700, 4.429999999999999700 ) ) ;
#2975 = FILL_AREA_STYLE ('',( #2185 ) ) ;
#2976 = LINE ( 'NONE', #4195, #1538 ) ;
#2977 = AXIS2_PLACEMENT_3D ( 'NONE', #5055, #5018, #4997 ) ;
#2978 = STYLED_ITEM ( 'NONE', ( #2733 ), #2171 ) ;
#2979 =( LENGTH_UNIT ( ) NAMED_UNIT ( * ) SI_UNIT ( .MILLI., .METRE. ) );
#2980 = ORIENTED_EDGE ( 'NONE', *, *, #1508, .T. ) ;
#2981 = SURFACE_STYLE_FILL_AREA ( #2774 ) ;
#2982 = LINE ( 'NONE', #4999, #3095 ) ;
#2983 = VECTOR ( 'NONE', #2533, 1000.000000000000000 ) ;
#2984 = SURFACE_SIDE_STYLE ('',( #1795 ) ) ;
#2985 = ORIENTED_EDGE ( 'NONE', *, *, #1400, .F. ) ;
#2986 =( LENGTH_UNIT ( ) NAMED_UNIT ( * ) SI_UNIT ( .MILLI., .METRE. ) );
#2987 = CARTESIAN_POINT ( 'NONE',  ( 7.409999999999995700, -1.872880335899568900, 5.479999999999998600 ) ) ;
#2988 = FILL_AREA_STYLE_COLOUR ( '', #5290 ) ;
#2989 = VECTOR ( 'NONE', #645, 1000.000000000000000 ) ;
#2990 = CARTESIAN_POINT ( 'NONE',  ( 7.573907182274248300, -1.622880335899570900, -6.970000000000000600 ) ) ;
#2991 = ORIENTED_EDGE ( 'NONE', *, *, #1862, .F. ) ;
#2992 = UNCERTAINTY_MEASURE_WITH_UNIT (LENGTH_MEASURE( 1.000000000000000100E-005 ), #2631, 'distance_accuracy_value', 'NONE');
#2993 = ORIENTED_EDGE ( 'NONE', *, *, #1492, .F. ) ;
#2994 = STYLED_ITEM ( 'NONE', ( #3983 ), #2324 ) ;
#2995 = DIRECTION ( 'NONE',  ( 0.0000000000000000000, 0.0000000000000000000, -1.000000000000000000 ) ) ;
#2996 =( GEOMETRIC_REPRESENTATION_CONTEXT ( 3 ) GLOBAL_UNCERTAINTY_ASSIGNED_CONTEXT ( ( #3499 ) ) GLOBAL_UNIT_ASSIGNED_CONTEXT ( ( #1618, #1360, #1455 ) ) REPRESENTATION_CONTEXT ( 'NONE', 'WORKASPACE' ) );
#2997 = ORIENTED_EDGE ( 'NONE', *, *, #1686, .T. ) ;
#2998 = VERTEX_POINT ( 'NONE', #4903 ) ;
#2999 = LINE ( 'NONE', #3368, #2972 ) ;
#3000 = UNCERTAINTY_MEASURE_WITH_UNIT (LENGTH_MEASURE( 1.000000000000000100E-005 ), #5344, 'distance_accuracy_value', 'NONE');
#3001 = ORIENTED_EDGE ( 'NONE', *, *, #590, .T. ) ;
#3002 = ORIENTED_EDGE ( 'NONE', *, *, #5592, .T. ) ;
#3003 = ORIENTED_EDGE ( 'NONE', *, *, #1343, .F. ) ;
#3004 = STYLED_ITEM ( 'NONE', ( #3834 ), #2094 ) ;
#3005 = MECHANICAL_DESIGN_GEOMETRIC_PRESENTATION_REPRESENTATION (  '', ( #3050 ), #2996 ) ;
#3006 = VECTOR ( 'NONE', #178, 1000.000000000000000 ) ;
#3007 = ORIENTED_EDGE ( 'NONE', *, *, #686, .F. ) ;
#3008 = DIRECTION ( 'NONE',  ( 0.0000000000000000000, -1.000000000000000000, 0.0000000000000000000 ) ) ;
#3009 = FILL_AREA_STYLE_COLOUR ( '', #5556 ) ;
#3010 = ORIENTED_EDGE ( 'NONE', *, *, #1686, .F. ) ;
#3011 = FILL_AREA_STYLE ('',( #2914 ) ) ;
#3012 = DIRECTION ( 'NONE',  ( 0.0000000000000000000, -1.000000000000000000, 0.0000000000000000000 ) ) ;
#3013 = LINE ( 'NONE', #1988, #2989 ) ;
#3014 = EDGE_CURVE ( 'NONE', #2680, #1115, #3168, .T. ) ;
#3015 = LINE ( 'NONE', #1528, #455 ) ;
#3016 = LINE ( 'NONE', #2474, #5236 ) ;
#3017 = ORIENTED_EDGE ( 'NONE', *, *, #4620, .F. ) ;
#3018 = FACE_OUTER_BOUND ( 'NONE', #2949, .T. ) ;
#3019 = DIRECTION ( 'NONE',  ( -0.0000000000000000000, 1.147303886228048400E-017, 1.000000000000000000 ) ) ;
#3020 = VECTOR ( 'NONE', #1669, 1000.000000000000000 ) ;
#3021 = LINE ( 'NONE', #3304, #5107 ) ;
#3022 = EDGE_LOOP ( 'NONE', ( #5444, #5457, #5372, #5014, #5077, #5317, #3616, #4512 ) ) ;
#3023 = VECTOR ( 'NONE', #4555, 1000.000000000000000 ) ;
#3024 = CARTESIAN_POINT ( 'NONE',  ( -8.055773820624500200, -0.1250000000000059400, -5.729999999999997800 ) ) ;
#3025 = CARTESIAN_POINT ( 'NONE',  ( 8.055773820624498400, -0.1249999999999992500, 8.269999999999999600 ) ) ;
#3026 = ORIENTED_EDGE ( 'NONE', *, *, #5285, .T. ) ;
#3027 = PRESENTATION_LAYER_ASSIGNMENT (  '', '', ( #3050 ) ) ;
#3028 = PRESENTATION_STYLE_ASSIGNMENT (( #3496 ) ) ;
#3029 = FILL_AREA_STYLE ('',( #5514 ) ) ;
#3030 = LINE ( 'NONE', #2876, #3023 ) ;
#3031 = DIRECTION ( 'NONE',  ( 1.000000000000000000, 0.0000000000000000000, 0.0000000000000000000 ) ) ;
#3032 = ORIENTED_EDGE ( 'NONE', *, *, #479, .F. ) ;
#3033 = SURFACE_SIDE_STYLE ('',( #770 ) ) ;
#3034 = LINE ( 'NONE', #3788, #3006 ) ;
#3035 = AXIS2_PLACEMENT_3D ( 'NONE', #4890, #4908, #4911 ) ;
#3036 = DIRECTION ( 'NONE',  ( -0.05226442768870840500, -0.9972646886342378900, -0.05226442768870889800 ) ) ;
#3037 = VECTOR ( 'NONE', #710, 1000.000000000000000 ) ;
#3038 = VECTOR ( 'NONE', #3725, 1000.000000000000200 ) ;
#3039 = LINE ( 'NONE', #2718, #3214 ) ;
#3040 = FILL_AREA_STYLE ('',( #2905 ) ) ;
#3041 = COLOUR_RGB ( '',1.000000000000000000, 1.000000000000000000, 0.0000000000000000000 ) ;
#3042 = EDGE_CURVE ( 'NONE', #1102, #1115, #3154, .T. ) ;
#3043 = SURFACE_SIDE_STYLE ('',( #3257 ) ) ;
#3044 =( GEOMETRIC_REPRESENTATION_CONTEXT ( 3 ) GLOBAL_UNCERTAINTY_ASSIGNED_CONTEXT ( ( #3722 ) ) GLOBAL_UNIT_ASSIGNED_CONTEXT ( ( #2986, #2444, #1899 ) ) REPRESENTATION_CONTEXT ( 'NONE', 'WORKASPACE' ) );
#3045 = EDGE_CURVE ( 'NONE', #425, #5177, #3158, .T. ) ;
#3046 = CIRCLE ( 'NONE', #166, 0.2500000000000002200 ) ;
#3047 = CARTESIAN_POINT ( 'NONE',  ( 7.573907182274258100, 8.377119664100432000, 7.219999999999999800 ) ) ;
#3048 = SURFACE_STYLE_USAGE ( .BOTH. , #3052 ) ;
#3049 = MECHANICAL_DESIGN_GEOMETRIC_PRESENTATION_REPRESENTATION (  '', ( #3082 ), #3044 ) ;
#3050 = STYLED_ITEM ( 'NONE', ( #933 ), #1861 ) ;
#3051 = SURFACE_STYLE_USAGE ( .BOTH. , #3033 ) ;
#3052 = SURFACE_SIDE_STYLE ('',( #3622 ) ) ;
#3053 = ORIENTED_EDGE ( 'NONE', *, *, #1596, .T. ) ;
#3054 = COLOUR_RGB ( '',1.000000000000000000, 1.000000000000000000, 0.0000000000000000000 ) ;
#3055 = PRESENTATION_LAYER_ASSIGNMENT (  '', '', ( #3082 ) ) ;
#3056 = VECTOR ( 'NONE', #2142, 1000.000000000000000 ) ;
#3057 = FILL_AREA_STYLE ('',( #3529 ) ) ;
#3058 = FILL_AREA_STYLE ('',( #2670 ) ) ;
#3059 = CARTESIAN_POINT ( 'NONE',  ( 7.573907182274248300, -1.622880335899570900, -4.430000000000001500 ) ) ;
#3060 = ORIENTED_EDGE ( 'NONE', *, *, #2860, .T. ) ;
#3061 = SURFACE_SIDE_STYLE ('',( #5270 ) ) ;
#3062 =( LENGTH_UNIT ( ) NAMED_UNIT ( * ) SI_UNIT ( .MILLI., .METRE. ) );
#3063 = AXIS2_PLACEMENT_3D ( 'NONE', #339, #247, #30 ) ;
#3064 =( NAMED_UNIT ( * ) SI_UNIT ( $, .STERADIAN. ) SOLID_ANGLE_UNIT ( ) );
#3065 = PLANE ( 'NONE',  #1559 ) ;
#3066 = ORIENTED_EDGE ( 'NONE', *, *, #1391, .F. ) ;
#3067 =( GEOMETRIC_REPRESENTATION_CONTEXT ( 3 ) GLOBAL_UNCERTAINTY_ASSIGNED_CONTEXT ( ( #188 ) ) GLOBAL_UNIT_ASSIGNED_CONTEXT ( ( #4653, #4821, #4835 ) ) REPRESENTATION_CONTEXT ( 'NONE', 'WORKASPACE' ) );
#3068 = DIRECTION ( 'NONE',  ( 0.3987490689252438700, -0.9170600743851250500, 0.0000000000000000000 ) ) ;
#3069 = DIRECTION ( 'NONE',  ( 0.0000000000000000000, 0.0000000000000000000, -1.000000000000000000 ) ) ;
#3070 = ORIENTED_EDGE ( 'NONE', *, *, #2329, .T. ) ;
#3071 =( LENGTH_UNIT ( ) NAMED_UNIT ( * ) SI_UNIT ( .MILLI., .METRE. ) );
#3072 = ORIENTED_EDGE ( 'NONE', *, *, #5495, .T. ) ;
#3073 =( NAMED_UNIT ( * ) PLANE_ANGLE_UNIT ( ) SI_UNIT ( $, .RADIAN. ) );
#3074 = ORIENTED_EDGE ( 'NONE', *, *, #1259, .F. ) ;
#3075 = LINE ( 'NONE', #4098, #1015 ) ;
#3076 = MECHANICAL_DESIGN_GEOMETRIC_PRESENTATION_REPRESENTATION (  '', ( #3114 ), #3067 ) ;
#3077 = ORIENTED_EDGE ( 'NONE', *, *, #1308, .F. ) ;
#3078 =( NAMED_UNIT ( * ) SI_UNIT ( $, .STERADIAN. ) SOLID_ANGLE_UNIT ( ) );
#3079 = VERTEX_POINT ( 'NONE', #2411 ) ;
#3080 = DIRECTION ( 'NONE',  ( 0.0000000000000000000, -1.000000000000000000, 0.0000000000000000000 ) ) ;
#3081 = SURFACE_STYLE_USAGE ( .BOTH. , #3087 ) ;
#3082 = STYLED_ITEM ( 'NONE', ( #2521 ), #2170 ) ;
#3083 = PRESENTATION_LAYER_ASSIGNMENT (  '', '', ( #3114 ) ) ;
#3084 = FILL_AREA_STYLE ('',( #3483 ) ) ;
#3085 = LINE ( 'NONE', #673, #2966 ) ;
#3086 = CARTESIAN_POINT ( 'NONE',  ( -7.573907182274247400, -1.622880335899559800, -4.429999999999994400 ) ) ;
#3087 = SURFACE_SIDE_STYLE ('',( #5006 ) ) ;
#3088 = LINE ( 'NONE', #3660, #4109 ) ;
#3089 = LINE ( 'NONE', #4577, #2704 ) ;
#3090 = VERTEX_POINT ( 'NONE', #5300 ) ;
#3091 = LINE ( 'NONE', #1603, #966 ) ;
#3092 = DIRECTION ( 'NONE',  ( -0.3987490689252437500, 0.9170600743851250500, 0.0000000000000000000 ) ) ;
#3093 = VECTOR ( 'NONE', #2454, 1000.000000000000000 ) ;
#3094 = SURFACE_SIDE_STYLE ('',( #5188 ) ) ;
#3095 = VECTOR ( 'NONE', #5409, 1000.000000000000000 ) ;
#3096 = AXIS2_PLACEMENT_3D ( 'NONE', #1875, #1907, #1935 ) ;
#3097 = DIRECTION ( 'NONE',  ( 0.0000000000000000000, 0.9986295347545741700, 0.05233595624293879000 ) ) ;
#3098 = ORIENTED_EDGE ( 'NONE', *, *, #492, .F. ) ;
#3099 = FILL_AREA_STYLE_COLOUR ( '', #3511 ) ;
#3100 = CIRCLE ( 'NONE', #196, 0.2500000000000002200 ) ;
#3101 = SURFACE_STYLE_FILL_AREA ( #4534 ) ;
#3102 = CARTESIAN_POINT ( 'NONE',  ( 7.344642163677975500, -1.722567603130880500, 8.269999999999999600 ) ) ;
#3103 = DIRECTION ( 'NONE',  ( -0.3987490689252437500, -0.9170600743851250500, 0.0000000000000000000 ) ) ;
#3104 = ORIENTED_EDGE ( 'NONE', *, *, #458, .F. ) ;
#3105 = VECTOR ( 'NONE', #4533, 1000.000000000000000 ) ;
#3106 = EDGE_CURVE ( 'NONE', #139, #3280, #3129, .T. ) ;
#3107 = FACE_OUTER_BOUND ( 'NONE', #326, .T. ) ;
#3108 = LINE ( 'NONE', #3587, #4750 ) ;
#3109 =( NAMED_UNIT ( * ) PLANE_ANGLE_UNIT ( ) SI_UNIT ( $, .RADIAN. ) );
#3110 = UNCERTAINTY_MEASURE_WITH_UNIT (LENGTH_MEASURE( 1.000000000000000100E-005 ), #3674, 'distance_accuracy_value', 'NONE');
#3111 = EDGE_CURVE ( 'NONE', #1102, #3359, #3183, .T. ) ;
#3112 = SURFACE_STYLE_USAGE ( .BOTH. , #3094 ) ;
#3113 = VECTOR ( 'NONE', #3515, 1000.000000000000000 ) ;
#3114 = STYLED_ITEM ( 'NONE', ( #775 ), #1842 ) ;
#3115 = DIRECTION ( 'NONE',  ( 0.9170600743851251600, 0.3987490689252438100, -0.0000000000000000000 ) ) ;
#3116 = LINE ( 'NONE', #4124, #3105 ) ;
#3117 = CARTESIAN_POINT ( 'NONE',  ( 7.573907182274155000, -1.622880335899356700, -4.430000000000001500 ) ) ;
#3118 = CARTESIAN_POINT ( 'NONE',  ( -6.399999999999996800, -1.575000000000000000, -9.297598858864770200 ) ) ;
#3119 = DIRECTION ( 'NONE',  ( -0.1045284632676572600, -0.9945218953682729600, 0.0000000000000000000 ) ) ;
#3120 = VECTOR ( 'NONE', #222, 1000.000000000000000 ) ;
#3121 = EDGE_CURVE ( 'NONE', #1649, #2585, #3116, .T. ) ;
#3122 = ORIENTED_EDGE ( 'NONE', *, *, #3525, .F. ) ;
#3123 = FACE_OUTER_BOUND ( 'NONE', #3510, .T. ) ;
#3124 = CARTESIAN_POINT ( 'NONE',  ( 6.399999999999998600, -0.1249999999999938800, -9.450024999999991200 ) ) ;
#3125 = DIRECTION ( 'NONE',  ( 0.0000000000000000000, -1.000000000000000000, 0.0000000000000000000 ) ) ;
#3126 = VECTOR ( 'NONE', #3284, 1000.000000000000000 ) ;
#3127 =( LENGTH_UNIT ( ) NAMED_UNIT ( * ) SI_UNIT ( .MILLI., .METRE. ) );
#3128 = FILL_AREA_STYLE_COLOUR ( '', #3489 ) ;
#3129 = LINE ( 'NONE', #2836, #3126 ) ;
#3130 = SURFACE_SIDE_STYLE ('',( #4640 ) ) ;
#3131 = SURFACE_STYLE_FILL_AREA ( #834 ) ;
#3132 = PLANE ( 'NONE',  #4219 ) ;
#3133 = VERTEX_POINT ( 'NONE', #1487 ) ;
#3134 = ORIENTED_EDGE ( 'NONE', *, *, #2284, .F. ) ;
#3135 =( LENGTH_UNIT ( ) NAMED_UNIT ( * ) SI_UNIT ( .MILLI., .METRE. ) );
#3136 = VECTOR ( 'NONE', #4918, 1000.000000000000000 ) ;
#3137 = CARTESIAN_POINT ( 'NONE',  ( 6.813907182274256500, 0.1250000000000020000, 8.269999999999999600 ) ) ;
#3138 = CARTESIAN_POINT ( 'NONE',  ( -7.573907182274247400, -1.622880335899560000, 6.970000000000003300 ) ) ;
#3139 = EDGE_LOOP ( 'NONE', ( #5259, #5146, #5017, #5011 ) ) ;
#3140 = ORIENTED_EDGE ( 'NONE', *, *, #1663, .T. ) ;
#3141 = LINE ( 'NONE', #1922, #1628 ) ;
#3142 =( GEOMETRIC_REPRESENTATION_CONTEXT ( 3 ) GLOBAL_UNCERTAINTY_ASSIGNED_CONTEXT ( ( #2816 ) ) GLOBAL_UNIT_ASSIGNED_CONTEXT ( ( #5098, #5092, #5073 ) ) REPRESENTATION_CONTEXT ( 'NONE', 'WORKASPACE' ) );
#3143 = EDGE_LOOP ( 'NONE', ( #3272, #5521, #3276, #5515 ) ) ;
#3144 = ORIENTED_EDGE ( 'NONE', *, *, #5449, .T. ) ;
#3145 = CARTESIAN_POINT ( 'NONE',  ( -6.649999999999994100, -0.1250000000000058800, -6.969999999999993500 ) ) ;
#3146 = SURFACE_STYLE_USAGE ( .BOTH. , #2292 ) ;
#3147 = ORIENTED_EDGE ( 'NONE', *, *, #3271, .T. ) ;
#3148 = SURFACE_STYLE_USAGE ( .BOTH. , #3061 ) ;
#3149 = VECTOR ( 'NONE', #3262, 1000.000000000000200 ) ;
#3150 = UNCERTAINTY_MEASURE_WITH_UNIT (LENGTH_MEASURE( 1.000000000000000100E-005 ), #4664, 'distance_accuracy_value', 'NONE');
#3151 = ORIENTED_EDGE ( 'NONE', *, *, #3559, .F. ) ;
#3152 = EDGE_CURVE ( 'NONE', #1649, #4201, #1785, .T. ) ;
#3153 = ORIENTED_EDGE ( 'NONE', *, *, #1480, .T. ) ;
#3154 = LINE ( 'NONE', #2398, #3149 ) ;
#3155 = SURFACE_STYLE_USAGE ( .BOTH. , #3245 ) ;
#3156 =( GEOMETRIC_REPRESENTATION_CONTEXT ( 3 ) GLOBAL_UNCERTAINTY_ASSIGNED_CONTEXT ( ( #3750 ) ) GLOBAL_UNIT_ASSIGNED_CONTEXT ( ( #780, #717, #658 ) ) REPRESENTATION_CONTEXT ( 'NONE', 'WORKASPACE' ) );
#3157 =( GEOMETRIC_REPRESENTATION_CONTEXT ( 3 ) GLOBAL_UNCERTAINTY_ASSIGNED_CONTEXT ( ( #66 ) ) GLOBAL_UNIT_ASSIGNED_CONTEXT ( ( #1768, #1786, #1797 ) ) REPRESENTATION_CONTEXT ( 'NONE', 'WORKASPACE' ) );
#3158 = LINE ( 'NONE', #4521, #3136 ) ;
#3159 = DIRECTION ( 'NONE',  ( 0.0000000000000000000, -1.000000000000000000, 0.0000000000000000000 ) ) ;
#3160 =( NAMED_UNIT ( * ) PLANE_ANGLE_UNIT ( ) SI_UNIT ( $, .RADIAN. ) );
#3161 = ORIENTED_EDGE ( 'NONE', *, *, #55, .T. ) ;
#3162 = VECTOR ( 'NONE', #4498, 1000.000000000000000 ) ;
#3163 = MECHANICAL_DESIGN_GEOMETRIC_PRESENTATION_REPRESENTATION (  '', ( #14 ), #3157 ) ;
#3164 = CARTESIAN_POINT ( 'NONE',  ( 7.573907182274258100, -1.622880335899568300, 8.269999999999999600 ) ) ;
#3165 =( LENGTH_UNIT ( ) NAMED_UNIT ( * ) SI_UNIT ( .MILLI., .METRE. ) );
#3166 = ORIENTED_EDGE ( 'NONE', *, *, #640, .T. ) ;
#3167 = DIRECTION ( 'NONE',  ( -1.000000000000000000, -4.605690828718422800E-016, 5.507058653894625900E-016 ) ) ;
#3168 = CIRCLE ( 'NONE', #304, 0.2499999999999993600 ) ;
#3169 =( LENGTH_UNIT ( ) NAMED_UNIT ( * ) SI_UNIT ( .MILLI., .METRE. ) );
#3170 = MECHANICAL_DESIGN_GEOMETRIC_PRESENTATION_REPRESENTATION (  '', ( #3247 ), #3142 ) ;
#3171 = LINE ( 'NONE', #4500, #3180 ) ;
#3172 = MECHANICAL_DESIGN_GEOMETRIC_PRESENTATION_REPRESENTATION (  '', ( #3197 ), #3156 ) ;
#3173 = FACE_OUTER_BOUND ( 'NONE', #4044, .T. ) ;
#3174 = LINE ( 'NONE', #1000, #3177 ) ;
#3175 = DIRECTION ( 'NONE',  ( 1.093590911432185600E-016, 1.668003342285391300E-016, -1.000000000000000000 ) ) ;
#3176 = LINE ( 'NONE', #3592, #2424 ) ;
#3177 = VECTOR ( 'NONE', #1444, 1000.000000000000000 ) ;
#3178 = PRESENTATION_LAYER_ASSIGNMENT (  '', '', ( #14 ) ) ;
#3179 = PLANE ( 'NONE',  #4603 ) ;
#3180 = VECTOR ( 'NONE', #4523, 1000.000000000000000 ) ;
#3181 = VECTOR ( 'NONE', #1058, 1000.000000000000000 ) ;
#3182 = UNCERTAINTY_MEASURE_WITH_UNIT (LENGTH_MEASURE( 1.000000000000000100E-005 ), #3462, 'distance_accuracy_value', 'NONE');
#3183 = LINE ( 'NONE', #81, #1789 ) ;
#3184 = DIRECTION ( 'NONE',  ( -0.0000000000000000000, 0.0000000000000000000, 1.000000000000000000 ) ) ;
#3185 =( NAMED_UNIT ( * ) PLANE_ANGLE_UNIT ( ) SI_UNIT ( $, .RADIAN. ) );
#3186 = AXIS2_PLACEMENT_3D ( 'NONE', #865, #883, #904 ) ;
#3187 = DIRECTION ( 'NONE',  ( 0.0000000000000000000, 0.0000000000000000000, 1.000000000000000000 ) ) ;
#3188 = LINE ( 'NONE', #915, #535 ) ;
#3189 = FILL_AREA_STYLE_COLOUR ( '', #5012 ) ;
#3190 = LINE ( 'NONE', #2380, #3198 ) ;
#3191 = SURFACE_SIDE_STYLE ('',( #4755 ) ) ;
#3192 = AXIS2_PLACEMENT_3D ( 'NONE', #3949, #2995, #2210 ) ;
#3193 = EDGE_CURVE ( 'NONE', #504, #1942, #3141, .T. ) ;
#3194 = ORIENTED_EDGE ( 'NONE', *, *, #1336, .F. ) ;
#3195 = LINE ( 'NONE', #3241, #3162 ) ;
#3196 = FILL_AREA_STYLE_COLOUR ( '', #2441 ) ;
#3197 = STYLED_ITEM ( 'NONE', ( #1180 ), #2162 ) ;
#3198 = VECTOR ( 'NONE', #2788, 1000.000000000000000 ) ;
#3199 = SURFACE_SIDE_STYLE ('',( #623 ) ) ;
#3200 = ORIENTED_EDGE ( 'NONE', *, *, #1420, .T. ) ;
#3201 = VERTEX_POINT ( 'NONE', #4147 ) ;
#3202 = ORIENTED_EDGE ( 'NONE', *, *, #5198, .T. ) ;
#3203 = FILL_AREA_STYLE_COLOUR ( '', #609 ) ;
#3204 = CARTESIAN_POINT ( 'NONE',  ( -7.573907182274247400, -1.622880335899560000, -4.680000000000001500 ) ) ;
#3205 = ORIENTED_EDGE ( 'NONE', *, *, #531, .T. ) ;
#3206 =( GEOMETRIC_REPRESENTATION_CONTEXT ( 3 ) GLOBAL_UNCERTAINTY_ASSIGNED_CONTEXT ( ( #7 ) ) GLOBAL_UNIT_ASSIGNED_CONTEXT ( ( #677, #697, #706 ) ) REPRESENTATION_CONTEXT ( 'NONE', 'WORKASPACE' ) );
#3207 = DIRECTION ( 'NONE',  ( -1.000000000000000000, 3.577867169202161500E-015, 0.0000000000000000000 ) ) ;
#3208 = ORIENTED_EDGE ( 'NONE', *, *, #610, .T. ) ;
#3209 = ORIENTED_EDGE ( 'NONE', *, *, #5423, .F. ) ;
#3210 =( NAMED_UNIT ( * ) PLANE_ANGLE_UNIT ( ) SI_UNIT ( $, .RADIAN. ) );
#3211 = COLOUR_RGB ( '',1.000000000000000000, 1.000000000000000000, 0.0000000000000000000 ) ;
#3212 = ORIENTED_EDGE ( 'NONE', *, *, #5560, .T. ) ;
#3213 = PRESENTATION_LAYER_ASSIGNMENT (  '', '', ( #3247 ) ) ;
#3214 = VECTOR ( 'NONE', #2808, 1000.000000000000000 ) ;
#3215 = DIRECTION ( 'NONE',  ( -0.3987490689252438700, 0.9170600743851250500, 0.0000000000000000000 ) ) ;
#3216 = ORIENTED_EDGE ( 'NONE', *, *, #2435, .F. ) ;
#3217 = MECHANICAL_DESIGN_GEOMETRIC_PRESENTATION_REPRESENTATION (  '', ( #3249 ), #3206 ) ;
#3218 = FILL_AREA_STYLE ('',( #3196 ) ) ;
#3219 = DIRECTION ( 'NONE',  ( 1.307152337339442100E-047, -7.233811389675591500E-032, 1.000000000000000000 ) ) ;
#3220 = ORIENTED_EDGE ( 'NONE', *, *, #3340, .T. ) ;
#3221 = EDGE_CURVE ( 'NONE', #4201, #5088, #1633, .T. ) ;
#3222 = SURFACE_SIDE_STYLE ('',( #3294 ) ) ;
#3223 = DIRECTION ( 'NONE',  ( 0.0000000000000000000, 0.0000000000000000000, -1.000000000000000000 ) ) ;
#3224 = AXIS2_PLACEMENT_3D ( 'NONE', #4846, #3175, #4528 ) ;
#3225 = LINE ( 'NONE', #2421, #3056 ) ;
#3226 = VECTOR ( 'NONE', #2191, 1000.000000000000000 ) ;
#3227 = ORIENTED_EDGE ( 'NONE', *, *, #3111, .F. ) ;
#3228 = FILL_AREA_STYLE ('',( #3853 ) ) ;
#3229 = LINE ( 'NONE', #2878, #3706 ) ;
#3230 = SURFACE_STYLE_FILL_AREA ( #3689 ) ;
#3231 = DIRECTION ( 'NONE',  ( -0.0000000000000000000, 0.0000000000000000000, 1.000000000000000000 ) ) ;
#3232 = STYLED_ITEM ( 'NONE', ( #4954 ), #2254 ) ;
#3233 = ORIENTED_EDGE ( 'NONE', *, *, #1220, .F. ) ;
#3234 = DIRECTION ( 'NONE',  ( 0.9170600743851250500, 0.3987490689252438700, -0.0000000000000000000 ) ) ;
#3235 = LINE ( 'NONE', #2921, #1280 ) ;
#3236 = VERTEX_POINT ( 'NONE', #4951 ) ;
#3237 = DIRECTION ( 'NONE',  ( 0.0000000000000000000, 0.0000000000000000000, 1.000000000000000000 ) ) ;
#3238 = DIRECTION ( 'NONE',  ( -1.000000000000000000, 0.0000000000000000000, 0.0000000000000000000 ) ) ;
#3239 = AXIS2_PLACEMENT_3D ( 'NONE', #5330, #5295, #5260 ) ;
#3240 = COLOUR_RGB ( '',1.000000000000000000, 1.000000000000000000, 0.0000000000000000000 ) ;
#3241 = CARTESIAN_POINT ( 'NONE',  ( 7.573907182274155000, 8.377119664100433700, -5.730000000000001300 ) ) ;
#3242 = DIRECTION ( 'NONE',  ( 0.3987490689252437000, 0.9170600743851250500, 0.0000000000000000000 ) ) ;
#3243 = DIRECTION ( 'NONE',  ( 0.0000000000000000000, -1.000000000000000000, 0.0000000000000000000 ) ) ;
#3244 = VECTOR ( 'NONE', #381, 1000.000000000000000 ) ;
#3245 = SURFACE_SIDE_STYLE ('',( #4930 ) ) ;
#3246 = PRESENTATION_LAYER_ASSIGNMENT (  '', '', ( #3197 ) ) ;
#3247 = STYLED_ITEM ( 'NONE', ( #4022 ), #2322 ) ;
#3248 = LINE ( 'NONE', #2438, #2983 ) ;
#3249 = STYLED_ITEM ( 'NONE', ( #990 ), #1593 ) ;
#3250 = DIRECTION ( 'NONE',  ( 1.093590911432185500E-016, 1.668003342285391100E-016, -1.000000000000000000 ) ) ;
#3251 = DIRECTION ( 'NONE',  ( -1.000000000000000000, 0.0000000000000000000, -0.0000000000000000000 ) ) ;
#3252 = VECTOR ( 'NONE', #996, 1000.000000000000000 ) ;
#3253 = CARTESIAN_POINT ( 'NONE',  ( -7.573907182274247400, 8.377119664100432000, -5.729999999999997800 ) ) ;
#3254 = DIRECTION ( 'NONE',  ( 0.0000000000000000000, -1.000000000000000000, 0.0000000000000000000 ) ) ;
#3255 = EDGE_CURVE ( 'NONE', #180, #4070, #980, .T. ) ;
#3256 =( GEOMETRIC_REPRESENTATION_CONTEXT ( 3 ) GLOBAL_UNCERTAINTY_ASSIGNED_CONTEXT ( ( #2992 ) ) GLOBAL_UNIT_ASSIGNED_CONTEXT ( ( #2631, #2549, #2505 ) ) REPRESENTATION_CONTEXT ( 'NONE', 'WORKASPACE' ) );
#3257 = SURFACE_STYLE_FILL_AREA ( #3473 ) ;
#3258 = PRESENTATION_LAYER_ASSIGNMENT (  '', '', ( #3249 ) ) ;
#3259 = VERTEX_POINT ( 'NONE', #2442 ) ;
#3260 =( NAMED_UNIT ( * ) SI_UNIT ( $, .STERADIAN. ) SOLID_ANGLE_UNIT ( ) );
#3261 =( LENGTH_UNIT ( ) NAMED_UNIT ( * ) SI_UNIT ( .MILLI., .METRE. ) );
#3262 = DIRECTION ( 'NONE',  ( 0.3987490689252438100, -0.9170600743851250500, 0.0000000000000000000 ) ) ;
#3263 = CARTESIAN_POINT ( 'NONE',  ( -6.649999999999994100, -0.1250000000000059100, -6.969999999999993500 ) ) ;
#3264 = FILL_AREA_STYLE_COLOUR ( '', #3842 ) ;
#3265 = CARTESIAN_POINT ( 'NONE',  ( 4.599999999999996100, 6.824999999999996600, 7.650000000000000400 ) ) ;
#3266 = CARTESIAN_POINT ( 'NONE',  ( 7.573907182274155000, -1.622880335899357100, -5.480000000000001300 ) ) ;
#3267 =( NAMED_UNIT ( * ) PLANE_ANGLE_UNIT ( ) SI_UNIT ( $, .RADIAN. ) );
#3268 = VERTEX_POINT ( 'NONE', #1947 ) ;
#3269 = COLOUR_RGB ( '',1.000000000000000000, 1.000000000000000000, 0.0000000000000000000 ) ;
#3270 = DIRECTION ( 'NONE',  ( 0.0000000000000000000, 0.0000000000000000000, -1.000000000000000000 ) ) ;
#3271 = EDGE_CURVE ( 'NONE', #5020, #5071, #3030, .T. ) ;
#3272 = ORIENTED_EDGE ( 'NONE', *, *, #2955, .T. ) ;
#3273 = ORIENTED_EDGE ( 'NONE', *, *, #3193, .T. ) ;
#3274 = VECTOR ( 'NONE', #1401, 1000.000000000000000 ) ;
#3275 =( GEOMETRIC_REPRESENTATION_CONTEXT ( 3 ) GLOBAL_UNCERTAINTY_ASSIGNED_CONTEXT ( ( #1101 ) ) GLOBAL_UNIT_ASSIGNED_CONTEXT ( ( #5422, #5395, #5385 ) ) REPRESENTATION_CONTEXT ( 'NONE', 'WORKASPACE' ) );
#3276 = ORIENTED_EDGE ( 'NONE', *, *, #1744, .F. ) ;
#3277 = VERTEX_POINT ( 'NONE', #3746 ) ;
#3278 = DIRECTION ( 'NONE',  ( -1.000000000000000000, 0.0000000000000000000, 0.0000000000000000000 ) ) ;
#3279 = LINE ( 'NONE', #954, #810 ) ;
#3280 = VERTEX_POINT ( 'NONE', #1087 ) ;
#3281 = ORIENTED_EDGE ( 'NONE', *, *, #5316, .T. ) ;
#3282 = PRESENTATION_STYLE_ASSIGNMENT (( #558 ) ) ;
#3283 = ORIENTED_EDGE ( 'NONE', *, *, #1305, .F. ) ;
#3284 = DIRECTION ( 'NONE',  ( -4.589215544912188200E-017, 0.0000000000000000000, 1.000000000000000000 ) ) ;
#3285 = PLANE ( 'NONE',  #1471 ) ;
#3286 = DIRECTION ( 'NONE',  ( -6.672013369141548500E-016, 0.0000000000000000000, -1.000000000000000000 ) ) ;
#3287 =( LENGTH_UNIT ( ) NAMED_UNIT ( * ) SI_UNIT ( .MILLI., .METRE. ) );
#3288 = VECTOR ( 'NONE', #4155, 1000.000000000000000 ) ;
#3289 = CARTESIAN_POINT ( 'NONE',  ( -7.573907182274247400, 8.377119664100432000, -4.429999999999994400 ) ) ;
#3290 = ORIENTED_EDGE ( 'NONE', *, *, #715, .T. ) ;
#3291 =( GEOMETRIC_REPRESENTATION_CONTEXT ( 3 ) GLOBAL_UNCERTAINTY_ASSIGNED_CONTEXT ( ( #3182 ) ) GLOBAL_UNIT_ASSIGNED_CONTEXT ( ( #3462, #4305, #4242 ) ) REPRESENTATION_CONTEXT ( 'NONE', 'WORKASPACE' ) );
#3292 = VERTEX_POINT ( 'NONE', #4162 ) ;
#3293 = VECTOR ( 'NONE', #3449, 1000.000000000000000 ) ;
#3294 = SURFACE_STYLE_FILL_AREA ( #41 ) ;
#3295 = ORIENTED_EDGE ( 'NONE', *, *, #2284, .T. ) ;
#3296 = SURFACE_STYLE_USAGE ( .BOTH. , #1174 ) ;
#3297 = MECHANICAL_DESIGN_GEOMETRIC_PRESENTATION_REPRESENTATION (  '', ( #3392 ), #3256 ) ;
#3298 = CARTESIAN_POINT ( 'NONE',  ( 6.399999999999990600, 0.1250000000000004700, -4.430000000000001500 ) ) ;
#3299 = MECHANICAL_DESIGN_GEOMETRIC_PRESENTATION_REPRESENTATION (  '', ( #3334 ), #3291 ) ;
#3300 =( NAMED_UNIT ( * ) PLANE_ANGLE_UNIT ( ) SI_UNIT ( $, .RADIAN. ) );
#3301 = CARTESIAN_POINT ( 'NONE',  ( -8.609999999999992300, -1.622880335899560000, -6.969999999999993500 ) ) ;
#3302 = VECTOR ( 'NONE', #3, 1000.000000000000000 ) ;
#3303 = VECTOR ( 'NONE', #1680, 1000.000000000000000 ) ;
#3304 = CARTESIAN_POINT ( 'NONE',  ( -7.409999999999987700, -1.872880335899559600, -5.479999999999990700 ) ) ;
#3305 = LINE ( 'NONE', #5179, #3324 ) ;
#3306 = CARTESIAN_POINT ( 'NONE',  ( -7.573907182274247400, 8.377119664100432000, 6.970000000000003300 ) ) ;
#3307 = SURFACE_STYLE_FILL_AREA ( #3884 ) ;
#3308 = FACE_OUTER_BOUND ( 'NONE', #300, .T. ) ;
#3309 = DIRECTION ( 'NONE',  ( 0.0000000000000000000, -0.0000000000000000000, -1.000000000000000000 ) ) ;
#3310 = VECTOR ( 'NONE', #164, 1000.000000000000000 ) ;
#3311 = LINE ( 'NONE', #2968, #3480 ) ;
#3312 = PRESENTATION_LAYER_ASSIGNMENT (  '', '', ( #3334 ) ) ;
#3313 = CARTESIAN_POINT ( 'NONE',  ( 6.649999999999994100, -0.1249999999999982700, 5.729999999999998600 ) ) ;
#3314 = ORIENTED_EDGE ( 'NONE', *, *, #820, .F. ) ;
#3315 = LINE ( 'NONE', #3526, #3293 ) ;
#3316 = UNCERTAINTY_MEASURE_WITH_UNIT (LENGTH_MEASURE( 1.000000000000000100E-005 ), #4131, 'distance_accuracy_value', 'NONE');
#3317 = SURFACE_SIDE_STYLE ('',( #1077 ) ) ;
#3318 = MECHANICAL_DESIGN_GEOMETRIC_PRESENTATION_REPRESENTATION (  '', ( #3403 ), #3275 ) ;
#3319 = ORIENTED_EDGE ( 'NONE', *, *, #4243, .F. ) ;
#3320 = PLANE ( 'NONE',  #423 ) ;
#3321 = VECTOR ( 'NONE', #329, 1000.000000000000200 ) ;
#3322 =( NAMED_UNIT ( * ) SI_UNIT ( $, .STERADIAN. ) SOLID_ANGLE_UNIT ( ) );
#3323 = LINE ( 'NONE', #3086, #3328 ) ;
#3324 = VECTOR ( 'NONE', #2759, 1000.000000000000000 ) ;
#3325 = LINE ( 'NONE', #2280, #3342 ) ;
#3326 = AXIS2_PLACEMENT_3D ( 'NONE', #3024, #3596, #3952 ) ;
#3327 =( NAMED_UNIT ( * ) SI_UNIT ( $, .STERADIAN. ) SOLID_ANGLE_UNIT ( ) );
#3328 = VECTOR ( 'NONE', #4086, 1000.000000000000000 ) ;
#3329 = LINE ( 'NONE', #3419, #3457 ) ;
#3330 = DIRECTION ( 'NONE',  ( 0.0000000000000000000, 1.000000000000000000, 0.0000000000000000000 ) ) ;
#3331 = MECHANICAL_DESIGN_GEOMETRIC_PRESENTATION_REPRESENTATION (  '', ( #3004 ), #211 ) ;
#3332 = PRESENTATION_LAYER_ASSIGNMENT (  '', '', ( #3403 ) ) ;
#3333 = LINE ( 'NONE', #4695, #1968 ) ;
#3334 = STYLED_ITEM ( 'NONE', ( #1475 ), #1546 ) ;
#3335 = VECTOR ( 'NONE', #429, 1000.000000000000000 ) ;
#3336 = CARTESIAN_POINT ( 'NONE',  ( -7.573907182274247400, 8.377119664100432000, -5.479999999999990700 ) ) ;
#3337 =( LENGTH_UNIT ( ) NAMED_UNIT ( * ) SI_UNIT ( .MILLI., .METRE. ) );
#3338 = CARTESIAN_POINT ( 'NONE',  ( 6.399999999999999500, 0.1249999999999998900, -9.449999999999999300 ) ) ;
#3339 = ORIENTED_EDGE ( 'NONE', *, *, #5445, .F. ) ;
#3340 = EDGE_CURVE ( 'NONE', #2201, #180, #3015, .T. ) ;
#3341 = LINE ( 'NONE', #159, #3302 ) ;
#3342 = VECTOR ( 'NONE', #2616, 1000.000000000000000 ) ;
#3343 = ORIENTED_EDGE ( 'NONE', *, *, #1452, .T. ) ;
#3344 =( NAMED_UNIT ( * ) PLANE_ANGLE_UNIT ( ) SI_UNIT ( $, .RADIAN. ) );
#3345 = LINE ( 'NONE', #553, #3335 ) ;
#3346 = FILL_AREA_STYLE ('',( #4505 ) ) ;
#3347 = DIRECTION ( 'NONE',  ( -2.659816755829717000E-017, 0.05233595624293879000, -0.9986295347545741700 ) ) ;
#3348 = ORIENTED_EDGE ( 'NONE', *, *, #3376, .T. ) ;
#3349 = ORIENTED_EDGE ( 'NONE', *, *, #1614, .T. ) ;
#3350 = LINE ( 'NONE', #3493, #3546 ) ;
#3351 =( GEOMETRIC_REPRESENTATION_CONTEXT ( 3 ) GLOBAL_UNCERTAINTY_ASSIGNED_CONTEXT ( ( #3839 ) ) GLOBAL_UNIT_ASSIGNED_CONTEXT ( ( #2612, #2721, #2706 ) ) REPRESENTATION_CONTEXT ( 'NONE', 'WORKASPACE' ) );
#3352 = VECTOR ( 'NONE', #622, 1000.000000000000000 ) ;
#3353 =( NAMED_UNIT ( * ) PLANE_ANGLE_UNIT ( ) SI_UNIT ( $, .RADIAN. ) );
#3354 = EDGE_LOOP ( 'NONE', ( #1359, #3194, #1769, #1913, #3273, #1764, #1309, #1729 ) ) ;
#3355 = ORIENTED_EDGE ( 'NONE', *, *, #820, .T. ) ;
#3356 = CARTESIAN_POINT ( 'NONE',  ( -8.055773820624500200, 0.1249999999999928500, -8.269999999999996000 ) ) ;
#3357 = LINE ( 'NONE', #387, #3321 ) ;
#3358 = VERTEX_POINT ( 'NONE', #140 ) ;
#3359 = VERTEX_POINT ( 'NONE', #600 ) ;
#3360 =( NAMED_UNIT ( * ) SI_UNIT ( $, .STERADIAN. ) SOLID_ANGLE_UNIT ( ) );
#3361 = MECHANICAL_DESIGN_GEOMETRIC_PRESENTATION_REPRESENTATION (  '', ( #3406 ), #3351 ) ;
#3362 = SURFACE_STYLE_USAGE ( .BOTH. , #1291 ) ;
#3363 = DIRECTION ( 'NONE',  ( 1.307152337339442100E-047, -7.233811389675591500E-032, 1.000000000000000000 ) ) ;
#3364 = ORIENTED_EDGE ( 'NONE', *, *, #2329, .F. ) ;
#3365 = UNCERTAINTY_MEASURE_WITH_UNIT (LENGTH_MEASURE( 1.000000000000000100E-005 ), #1610, 'distance_accuracy_value', 'NONE');
#3366 = CIRCLE ( 'NONE', #496, 0.2500000000000002200 ) ;
#3367 = ORIENTED_EDGE ( 'NONE', *, *, #2856, .T. ) ;
#3368 = CARTESIAN_POINT ( 'NONE',  ( 6.399999999999998600, -0.1249999999999938800, -9.450024999999991200 ) ) ;
#3369 =( LENGTH_UNIT ( ) NAMED_UNIT ( * ) SI_UNIT ( .MILLI., .METRE. ) );
#3370 = SURFACE_SIDE_STYLE ('',( #5224 ) ) ;
#3371 = AXIS2_PLACEMENT_3D ( 'NONE', #1632, #4720, #4154 ) ;
#3372 = AXIS2_PLACEMENT_3D ( 'NONE', #4539, #4504, #4489 ) ;
#3373 = VECTOR ( 'NONE', #1385, 1000.000000000000000 ) ;
#3374 = LINE ( 'NONE', #1162, #3373 ) ;
#3375 = ORIENTED_EDGE ( 'NONE', *, *, #1631, .F. ) ;
#3376 = EDGE_CURVE ( 'NONE', #1588, #2013, #3100, .T. ) ;
#3377 = LINE ( 'NONE', #705, #3352 ) ;
#3378 =( NAMED_UNIT ( * ) SI_UNIT ( $, .STERADIAN. ) SOLID_ANGLE_UNIT ( ) );
#3379 = VECTOR ( 'NONE', #2867, 1000.000000000000000 ) ;
#3380 = EDGE_LOOP ( 'NONE', ( #74, #13, #9, #2426, #4214, #5603, #3635, #4971, #5543, #5540 ) ) ;
#3381 = VECTOR ( 'NONE', #1092, 1000.000000000000000 ) ;
#3382 =( NAMED_UNIT ( * ) SI_UNIT ( $, .STERADIAN. ) SOLID_ANGLE_UNIT ( ) );
#3383 = PRESENTATION_LAYER_ASSIGNMENT (  '', '', ( #3406 ) ) ;
#3384 = APPLICATION_CONTEXT ( 'automotive_design' ) ;
#3385 = DIRECTION ( 'NONE',  ( 0.0000000000000000000, -0.0000000000000000000, -1.000000000000000000 ) ) ;
#3386 = ORIENTED_EDGE ( 'NONE', *, *, #1149, .F. ) ;
#3387 = LINE ( 'NONE', #795, #3381 ) ;
#3388 = DIRECTION ( 'NONE',  ( -0.1039620511844936000, 0.9891328443778543100, -0.1039620511844972800 ) ) ;
#3389 = SURFACE_STYLE_USAGE ( .BOTH. , #1230 ) ;
#3390 = AXIS2_PLACEMENT_3D ( 'NONE', #17, #5557, #5549 ) ;
#3391 = CIRCLE ( 'NONE', #5189, 0.3999999999999889200 ) ;
#3392 = STYLED_ITEM ( 'NONE', ( #1449 ), #2160 ) ;
#3393 = AXIS2_PLACEMENT_3D ( 'NONE', #3513, #3542, #3585 ) ;
#3394 = CARTESIAN_POINT ( 'NONE',  ( -7.573907182274247400, -1.622880335899559200, 7.220000000000010400 ) ) ;
#3395 = VECTOR ( 'NONE', #1497, 1000.000000000000000 ) ;
#3396 = SURFACE_SIDE_STYLE ('',( #265 ) ) ;
#3397 =( NAMED_UNIT ( * ) SI_UNIT ( $, .STERADIAN. ) SOLID_ANGLE_UNIT ( ) );
#3398 =( NAMED_UNIT ( * ) PLANE_ANGLE_UNIT ( ) SI_UNIT ( $, .RADIAN. ) );
#3399 = LINE ( 'NONE', #4896, #860 ) ;
#3400 = ORIENTED_EDGE ( 'NONE', *, *, #3255, .T. ) ;
#3401 = LINE ( 'NONE', #4105, #1974 ) ;
#3402 = VECTOR ( 'NONE', #1284, 1000.000000000000000 ) ;
#3403 = STYLED_ITEM ( 'NONE', ( #4058 ), #2315 ) ;
#3404 = CIRCLE ( 'NONE', #733, 0.2500000000000002200 ) ;
#3405 = LINE ( 'NONE', #3582, #887 ) ;
#3406 = STYLED_ITEM ( 'NONE', ( #2049 ), #1543 ) ;
#3407 = DIRECTION ( 'NONE',  ( -0.0000000000000000000, -0.0000000000000000000, 1.000000000000000000 ) ) ;
#3408 = PLANE ( 'NONE',  #1551 ) ;
#3409 = SURFACE_STYLE_USAGE ( .BOTH. , #3370 ) ;
#3410 = PLANE ( 'NONE',  #2564 ) ;
#3411 =( NAMED_UNIT ( * ) PLANE_ANGLE_UNIT ( ) SI_UNIT ( $, .RADIAN. ) );
#3412 = VERTEX_POINT ( 'NONE', #5367 ) ;
#3413 = VECTOR ( 'NONE', #2432, 1000.000000000000000 ) ;
#3414 =( NAMED_UNIT ( * ) PLANE_ANGLE_UNIT ( ) SI_UNIT ( $, .RADIAN. ) );
#3415 = ORIENTED_EDGE ( 'NONE', *, *, #259, .T. ) ;
#3416 = LINE ( 'NONE', #1646, #3395 ) ;
#3417 =( LENGTH_UNIT ( ) NAMED_UNIT ( * ) SI_UNIT ( .MILLI., .METRE. ) );
#3418 = VERTEX_POINT ( 'NONE', #624 ) ;
#3419 = CARTESIAN_POINT ( 'NONE',  ( -7.573907182274247400, 8.377119664100432000, -4.680000000000001500 ) ) ;
#3420 = DIRECTION ( 'NONE',  ( -1.093590911432185900E-016, -1.668003342285391100E-016, 1.000000000000000000 ) ) ;
#3421 = ORIENTED_EDGE ( 'NONE', *, *, #1293, .F. ) ;
#3422 =( NAMED_UNIT ( * ) SI_UNIT ( $, .STERADIAN. ) SOLID_ANGLE_UNIT ( ) );
#3423 =( GEOMETRIC_REPRESENTATION_CONTEXT ( 3 ) GLOBAL_UNCERTAINTY_ASSIGNED_CONTEXT ( ( #267 ) ) GLOBAL_UNIT_ASSIGNED_CONTEXT ( ( #3135, #3160, #3452 ) ) REPRESENTATION_CONTEXT ( 'NONE', 'WORKASPACE' ) );
#3424 = ORIENTED_EDGE ( 'NONE', *, *, #5351, .T. ) ;
#3425 = SURFACE_STYLE_USAGE ( .BOTH. , #3440 ) ;
#3426 = ORIENTED_EDGE ( 'NONE', *, *, #1198, .F. ) ;
#3427 =( NAMED_UNIT ( * ) SI_UNIT ( $, .STERADIAN. ) SOLID_ANGLE_UNIT ( ) );
#3428 = CARTESIAN_POINT ( 'NONE',  ( 4.599999999999996100, 6.824999999999998400, 7.250000000000011500 ) ) ;
#3429 = ORIENTED_EDGE ( 'NONE', *, *, #138, .F. ) ;
#3430 = LINE ( 'NONE', #3336, #784 ) ;
#3431 =( LENGTH_UNIT ( ) NAMED_UNIT ( * ) SI_UNIT ( .MILLI., .METRE. ) );
#3432 = ORIENTED_EDGE ( 'NONE', *, *, #1592, .T. ) ;
#3433 = EDGE_CURVE ( 'NONE', #2201, #3277, #3046, .T. ) ;
#3434 = ORIENTED_EDGE ( 'NONE', *, *, #5323, .F. ) ;
#3435 = SURFACE_STYLE_FILL_AREA ( #1159 ) ;
#3436 = UNCERTAINTY_MEASURE_WITH_UNIT (LENGTH_MEASURE( 1.000000000000000100E-005 ), #4257, 'distance_accuracy_value', 'NONE');
#3437 =( NAMED_UNIT ( * ) PLANE_ANGLE_UNIT ( ) SI_UNIT ( $, .RADIAN. ) );
#3438 = VERTEX_POINT ( 'NONE', #2891 ) ;
#3439 = PRESENTATION_LAYER_ASSIGNMENT (  '', '', ( #3392 ) ) ;
#3440 = SURFACE_SIDE_STYLE ('',( #3675 ) ) ;
#3441 = ORIENTED_EDGE ( 'NONE', *, *, #4381, .F. ) ;
#3442 = CARTESIAN_POINT ( 'NONE',  ( 6.399999999999999500, 0.1249999999999998900, -9.449999999999999300 ) ) ;
#3443 = FILL_AREA_STYLE ('',( #3716 ) ) ;
#3444 = VERTEX_POINT ( 'NONE', #2461 ) ;
#3445 = DIRECTION ( 'NONE',  ( 1.000000000000000000, 0.0000000000000000000, -0.0000000000000000000 ) ) ;
#3446 =( NAMED_UNIT ( * ) PLANE_ANGLE_UNIT ( ) SI_UNIT ( $, .RADIAN. ) );
#3447 = EDGE_CURVE ( 'NONE', #4641, #80, #3013, .T. ) ;
#3448 = ORIENTED_EDGE ( 'NONE', *, *, #1517, .T. ) ;
#3449 = DIRECTION ( 'NONE',  ( 0.0000000000000000000, 1.668003342285391100E-016, -1.000000000000000000 ) ) ;
#3450 = EDGE_CURVE ( 'NONE', #3277, #425, #3034, .T. ) ;
#3451 = ORIENTED_EDGE ( 'NONE', *, *, #1441, .F. ) ;
#3452 =( NAMED_UNIT ( * ) SI_UNIT ( $, .STERADIAN. ) SOLID_ANGLE_UNIT ( ) );
#3453 = MECHANICAL_DESIGN_GEOMETRIC_PRESENTATION_REPRESENTATION (  '', ( #3486 ), #3423 ) ;
#3454 = SURFACE_STYLE_FILL_AREA ( #4111 ) ;
#3455 =( LENGTH_UNIT ( ) NAMED_UNIT ( * ) SI_UNIT ( .MILLI., .METRE. ) );
#3456 = ORIENTED_EDGE ( 'NONE', *, *, #239, .T. ) ;
#3457 = VECTOR ( 'NONE', #3159, 1000.000000000000000 ) ;
#3458 = FACE_OUTER_BOUND ( 'NONE', #2018, .T. ) ;
#3459 = PLANE ( 'NONE',  #1717 ) ;
#3460 = CARTESIAN_POINT ( 'NONE',  ( 6.649999999999987900, 0.1250000000000001400, -6.970000000000000600 ) ) ;
#3461 = DIRECTION ( 'NONE',  ( -0.0000000000000000000, -0.0000000000000000000, 1.000000000000000000 ) ) ;
#3462 =( LENGTH_UNIT ( ) NAMED_UNIT ( * ) SI_UNIT ( .MILLI., .METRE. ) );
#3463 = LINE ( 'NONE', #4222, #985 ) ;
#3464 = PRESENTATION_LAYER_ASSIGNMENT (  '', '', ( #3486 ) ) ;
#3465 =( NAMED_UNIT ( * ) SI_UNIT ( $, .STERADIAN. ) SOLID_ANGLE_UNIT ( ) );
#3466 =( NAMED_UNIT ( * ) SI_UNIT ( $, .STERADIAN. ) SOLID_ANGLE_UNIT ( ) );
#3467 = DIRECTION ( 'NONE',  ( 0.0000000000000000000, 0.0000000000000000000, -1.000000000000000000 ) ) ;
#3468 = COLOUR_RGB ( '',0.0000000000000000000, 0.0000000000000000000, 0.0000000000000000000 ) ;
#3469 = DIRECTION ( 'NONE',  ( -6.672013369141548500E-016, 0.0000000000000000000, -1.000000000000000000 ) ) ;
#3470 = CYLINDRICAL_SURFACE ( 'NONE', #3224, 0.2500000000000000000 ) ;
#3471 = SURFACE_STYLE_FILL_AREA ( #1910 ) ;
#3472 =( GEOMETRIC_REPRESENTATION_CONTEXT ( 3 ) GLOBAL_UNCERTAINTY_ASSIGNED_CONTEXT ( ( #3436 ) ) GLOBAL_UNIT_ASSIGNED_CONTEXT ( ( #4257, #4238, #4184 ) ) REPRESENTATION_CONTEXT ( 'NONE', 'WORKASPACE' ) );
#3473 = FILL_AREA_STYLE ('',( #3567 ) ) ;
#3474 = LINE ( 'NONE', #4670, #2309 ) ;
#3475 = ORIENTED_EDGE ( 'NONE', *, *, #3042, .T. ) ;
#3476 = PRESENTATION_STYLE_ASSIGNMENT (( #1839 ) ) ;
#3477 = ORIENTED_EDGE ( 'NONE', *, *, #187, .T. ) ;
#3478 = DIRECTION ( 'NONE',  ( 0.0000000000000000000, -0.0000000000000000000, -1.000000000000000000 ) ) ;
#3479 = AXIS2_PLACEMENT_3D ( 'NONE', #5164, #5493, #5507 ) ;
#3480 = VECTOR ( 'NONE', #3250, 1000.000000000000000 ) ;
#3481 =( NAMED_UNIT ( * ) PLANE_ANGLE_UNIT ( ) SI_UNIT ( $, .RADIAN. ) );
#3482 =( LENGTH_UNIT ( ) NAMED_UNIT ( * ) SI_UNIT ( .MILLI., .METRE. ) );
#3483 = FILL_AREA_STYLE_COLOUR ( '', #2780 ) ;
#3484 = ORIENTED_EDGE ( 'NONE', *, *, #2645, .T. ) ;
#3485 = DIRECTION ( 'NONE',  ( 0.0000000000000000000, -1.000000000000000000, 0.0000000000000000000 ) ) ;
#3486 = STYLED_ITEM ( 'NONE', ( #2705 ), #1469 ) ;
#3487 = SURFACE_STYLE_FILL_AREA ( #4629 ) ;
#3488 = ORIENTED_EDGE ( 'NONE', *, *, #98, .T. ) ;
#3489 = COLOUR_RGB ( '',1.000000000000000000, 1.000000000000000000, 0.0000000000000000000 ) ;
#3490 = ORIENTED_EDGE ( 'NONE', *, *, #1721, .F. ) ;
#3491 = VECTOR ( 'NONE', #4510, 1000.000000000000000 ) ;
#3492 = ORIENTED_EDGE ( 'NONE', *, *, #5316, .F. ) ;
#3493 = CARTESIAN_POINT ( 'NONE',  ( -7.573907182274247400, 8.377119664100432000, -7.220000000000000600 ) ) ;
#3494 = CARTESIAN_POINT ( 'NONE',  ( -8.609999999999992300, -1.622880335899560000, -8.019999999999988900 ) ) ;
#3495 = EDGE_LOOP ( 'NONE', ( #5584, #3140, #5383, #5397 ) ) ;
#3496 = SURFACE_STYLE_USAGE ( .BOTH. , #3518 ) ;
#3497 = ORIENTED_EDGE ( 'NONE', *, *, #995, .T. ) ;
#3498 = ORIENTED_EDGE ( 'NONE', *, *, #3719, .F. ) ;
#3499 = UNCERTAINTY_MEASURE_WITH_UNIT (LENGTH_MEASURE( 1.000000000000000100E-005 ), #1618, 'distance_accuracy_value', 'NONE');
#3500 = ORIENTED_EDGE ( 'NONE', *, *, #1731, .F. ) ;
#3501 = DIRECTION ( 'NONE',  ( -0.0000000000000000000, 1.000000000000000000, -0.0000000000000000000 ) ) ;
#3502 = DIRECTION ( 'NONE',  ( 1.000000000000000000, 4.605690828718422800E-016, 4.589215544912188200E-017 ) ) ;
#3503 = VECTOR ( 'NONE', #2238, 1000.000000000000000 ) ;
#3504 = PLANE ( 'NONE',  #1611 ) ;
#3505 = MECHANICAL_DESIGN_GEOMETRIC_PRESENTATION_REPRESENTATION (  '', ( #3615 ), #3472 ) ;
#3506 =( NAMED_UNIT ( * ) SI_UNIT ( $, .STERADIAN. ) SOLID_ANGLE_UNIT ( ) );
#3507 = CARTESIAN_POINT ( 'NONE',  ( 7.573907182274248300, -1.622880335899570900, -6.970000000000000600 ) ) ;
#3508 = UNCERTAINTY_MEASURE_WITH_UNIT (LENGTH_MEASURE( 1.000000000000000100E-005 ), #1530, 'distance_accuracy_value', 'NONE');
#3509 = VECTOR ( 'NONE', #2584, 1000.000000000000000 ) ;
#3510 = EDGE_LOOP ( 'NONE', ( #4948, #4888, #4883, #4838, #4831, #4770, #4703, #4645 ) ) ;
#3511 = COLOUR_RGB ( '',1.000000000000000000, 1.000000000000000000, 0.0000000000000000000 ) ;
#3512 = COLOUR_RGB ( '',1.000000000000000000, 1.000000000000000000, 0.0000000000000000000 ) ;
#3513 = CARTESIAN_POINT ( 'NONE',  ( -8.055773820624500200, -0.1250000000000053300, 8.270000000000006700 ) ) ;
#3514 = FILL_AREA_STYLE ('',( #1260 ) ) ;
#3515 = DIRECTION ( 'NONE',  ( 4.605690828718422800E-016, -1.000000000000000000, 0.0000000000000000000 ) ) ;
#3516 = PRESENTATION_STYLE_ASSIGNMENT (( #711 ) ) ;
#3517 =( GEOMETRIC_REPRESENTATION_CONTEXT ( 3 ) GLOBAL_UNCERTAINTY_ASSIGNED_CONTEXT ( ( #3945 ) ) GLOBAL_UNIT_ASSIGNED_CONTEXT ( ( #1275, #1361, #1652 ) ) REPRESENTATION_CONTEXT ( 'NONE', 'WORKASPACE' ) );
#3518 = SURFACE_SIDE_STYLE ('',( #4794 ) ) ;
#3519 = SURFACE_STYLE_USAGE ( .BOTH. , #4177 ) ;
#3520 = CARTESIAN_POINT ( 'NONE',  ( -8.609999999999992300, -1.622880335899560000, 7.220000000000010400 ) ) ;
#3521 =( NAMED_UNIT ( * ) PLANE_ANGLE_UNIT ( ) SI_UNIT ( $, .RADIAN. ) );
#3522 = LINE ( 'NONE', #2278, #3093 ) ;
#3523 = ORIENTED_EDGE ( 'NONE', *, *, #1473, .F. ) ;
#3524 =( GEOMETRIC_REPRESENTATION_CONTEXT ( 3 ) GLOBAL_UNCERTAINTY_ASSIGNED_CONTEXT ( ( #1131 ) ) GLOBAL_UNIT_ASSIGNED_CONTEXT ( ( #597, #373, #274 ) ) REPRESENTATION_CONTEXT ( 'NONE', 'WORKASPACE' ) );
#3525 = EDGE_CURVE ( 'NONE', #206, #5341, #2999, .T. ) ;
#3526 = CARTESIAN_POINT ( 'NONE',  ( 8.609999999999992300, -1.872880335899570900, -5.730000000000001300 ) ) ;
#3527 = SURFACE_SIDE_STYLE ('',( #4631 ) ) ;
#3528 = EDGE_CURVE ( 'NONE', #3201, #5177, #2982, .T. ) ;
#3529 = FILL_AREA_STYLE_COLOUR ( '', #1341 ) ;
#3530 = DIRECTION ( 'NONE',  ( -0.0000000000000000000, 1.668003342285391600E-016, -1.000000000000000000 ) ) ;
#3531 = ORIENTED_EDGE ( 'NONE', *, *, #4251, .F. ) ;
#3532 = AXIS2_PLACEMENT_3D ( 'NONE', #5039, #4939, #4922 ) ;
#3533 = MECHANICAL_DESIGN_GEOMETRIC_PRESENTATION_REPRESENTATION (  '', ( #3588 ), #3517 ) ;
#3534 = PRESENTATION_STYLE_ASSIGNMENT (( #277 ) ) ;
#3535 = CARTESIAN_POINT ( 'NONE',  ( -7.344642163677966600, -1.722567603130869200, 6.970000000000003300 ) ) ;
#3536 = SURFACE_STYLE_USAGE ( .BOTH. , #3547 ) ;
#3537 = LINE ( 'NONE', #1619, #5293 ) ;
#3538 = PLANE ( 'NONE',  #1381 ) ;
#3539 = SURFACE_STYLE_USAGE ( .BOTH. , #3637 ) ;
#3540 = ORIENTED_EDGE ( 'NONE', *, *, #5513, .T. ) ;
#3541 = DIRECTION ( 'NONE',  ( 1.000000000000000000, 0.0000000000000000000, -0.0000000000000000000 ) ) ;
#3542 = DIRECTION ( 'NONE',  ( -1.084202172485503400E-016, 1.000000000000000000, 7.233811389675590400E-032 ) ) ;
#3543 = CARTESIAN_POINT ( 'NONE',  ( 7.344642163677973700, -1.722567603130880300, 5.729999999999998600 ) ) ;
#3544 = ORIENTED_EDGE ( 'NONE', *, *, #3376, .F. ) ;
#3545 = PRESENTATION_STYLE_ASSIGNMENT (( #2629 ) ) ;
#3546 = VECTOR ( 'NONE', #3883, 1000.000000000000000 ) ;
#3547 = SURFACE_SIDE_STYLE ('',( #5582 ) ) ;
#3548 = MECHANICAL_DESIGN_GEOMETRIC_PRESENTATION_REPRESENTATION (  '', ( #3699 ), #3524 ) ;
#3549 = EDGE_LOOP ( 'NONE', ( #3765, #3759, #3751, #3742 ) ) ;
#3550 = CYLINDRICAL_SURFACE ( 'NONE', #3597, 0.2500000000000000000 ) ;
#3551 = PRESENTATION_LAYER_ASSIGNMENT (  '', '', ( #3588 ) ) ;
#3552 = DIRECTION ( 'NONE',  ( 0.3987490689252438700, -0.9170600743851250500, 0.0000000000000000000 ) ) ;
#3553 = ORIENTED_EDGE ( 'NONE', *, *, #1273, .F. ) ;
#3554 = COLOUR_RGB ( '',1.000000000000000000, 1.000000000000000000, 0.0000000000000000000 ) ;
#3556 = ORIENTED_EDGE ( 'NONE', *, *, #4657, .T. ) ;
#3555 = CARTESIAN_POINT ( 'NONE',  ( 7.573907182274155000, 8.377119664100433700, -5.480000000000001300 ) ) ;
#3557 = SURFACE_STYLE_FILL_AREA ( #2632 ) ;
#3558 = ORIENTED_EDGE ( 'NONE', *, *, #2526, .F. ) ;
#3559 = EDGE_CURVE ( 'NONE', #3201, #5042, #2976, .T. ) ;
#3560 = ORIENTED_EDGE ( 'NONE', *, *, #1721, .T. ) ;
#3561 = LINE ( 'NONE', #2783, #3572 ) ;
#3562 = ORIENTED_EDGE ( 'NONE', *, *, #1873, .F. ) ;
#3563 = AXIS2_PLACEMENT_3D ( 'NONE', #1983, #2425, #2895 ) ;
#3564 = VERTEX_POINT ( 'NONE', #3805 ) ;
#3565 = COLOUR_RGB ( '',1.000000000000000000, 1.000000000000000000, 0.0000000000000000000 ) ;
#3566 = ORIENTED_EDGE ( 'NONE', *, *, #268, .T. ) ;
#3567 = FILL_AREA_STYLE_COLOUR ( '', #3240 ) ;
#3568 = SURFACE_STYLE_FILL_AREA ( #2657 ) ;
#3569 = ORIENTED_EDGE ( 'NONE', *, *, #1338, .F. ) ;
#3570 = CYLINDRICAL_SURFACE ( 'NONE', #3371, 0.2500000000000000000 ) ;
#3571 =( NAMED_UNIT ( * ) PLANE_ANGLE_UNIT ( ) SI_UNIT ( $, .RADIAN. ) );
#3572 = VECTOR ( 'NONE', #2767, 1000.000000000000000 ) ;
#3573 = FACE_OUTER_BOUND ( 'NONE', #4204, .T. ) ;
#3574 = VECTOR ( 'NONE', #4494, 1000.000000000000000 ) ;
#3575 = ORIENTED_EDGE ( 'NONE', *, *, #1552, .T. ) ;
#3576 = SURFACE_STYLE_FILL_AREA ( #1088 ) ;
#3577 = CARTESIAN_POINT ( 'NONE',  ( -6.649999999999994100, -0.1250000000000050500, 8.270000000000006700 ) ) ;
#3578 = DIRECTION ( 'NONE',  ( 0.0000000000000000000, -1.000000000000000000, 0.0000000000000000000 ) ) ;
#3579 = LINE ( 'NONE', #4617, #1205 ) ;
#3580 = LINE ( 'NONE', #2518, #682 ) ;
#3581 = PLANE ( 'NONE',  #2220 ) ;
#3582 = CARTESIAN_POINT ( 'NONE',  ( -6.649999999999994100, -0.1250000000000057700, -4.429999999999994400 ) ) ;
#3583 = VECTOR ( 'NONE', #2715, 1000.000000000000000 ) ;
#3584 = ORIENTED_EDGE ( 'NONE', *, *, #208, .F. ) ;
#3585 = DIRECTION ( 'NONE',  ( -1.000000000000000000, -1.084202172485503400E-016, 0.0000000000000000000 ) ) ;
#3586 =( NAMED_UNIT ( * ) PLANE_ANGLE_UNIT ( ) SI_UNIT ( $, .RADIAN. ) );
#3587 = CARTESIAN_POINT ( 'NONE',  ( 6.879265018596275800, -0.02531273276868746900, 5.729999999999998600 ) ) ;
#3588 = STYLED_ITEM ( 'NONE', ( #4169 ), #1380 ) ;
#3589 = VECTOR ( 'NONE', #2626, 1000.000000000000000 ) ;
#3590 = ORIENTED_EDGE ( 'NONE', *, *, #272, .F. ) ;
#3591 =( LENGTH_UNIT ( ) NAMED_UNIT ( * ) SI_UNIT ( .MILLI., .METRE. ) );
#3592 = CARTESIAN_POINT ( 'NONE',  ( -8.055773820624500200, 0.1249999999999929800, -4.429999999999994400 ) ) ;
#3593 = CARTESIAN_POINT ( 'NONE',  ( 6.399999999999999500, 0.1249999999999998900, -9.449999999999999300 ) ) ;
#3594 = LINE ( 'NONE', #2107, #3226 ) ;
#3595 = PLANE ( 'NONE',  #1867 ) ;
#3596 = DIRECTION ( 'NONE',  ( 0.0000000000000000000, -0.0000000000000000000, 1.000000000000000000 ) ) ;
#3597 = AXIS2_PLACEMENT_3D ( 'NONE', #4989, #2566, #4961 ) ;
#3598 =( GEOMETRIC_REPRESENTATION_CONTEXT ( 3 ) GLOBAL_UNCERTAINTY_ASSIGNED_CONTEXT ( ( #3946 ) ) GLOBAL_UNIT_ASSIGNED_CONTEXT ( ( #1644, #1750, #1915 ) ) REPRESENTATION_CONTEXT ( 'NONE', 'WORKASPACE' ) );
#3599 = FILL_AREA_STYLE ('',( #3189 ) ) ;
#3600 = UNCERTAINTY_MEASURE_WITH_UNIT (LENGTH_MEASURE( 1.000000000000000100E-005 ), #1325, 'distance_accuracy_value', 'NONE');
#3601 = ORIENTED_EDGE ( 'NONE', *, *, #888, .T. ) ;
#3602 = CARTESIAN_POINT ( 'NONE',  ( 7.573907182274258100, -1.872880335899568900, 8.019999999999999600 ) ) ;
#3603 = CARTESIAN_POINT ( 'NONE',  ( -6.813907182274253800, 0.1249999999999937100, 8.270000000000006700 ) ) ;
#3604 =( NAMED_UNIT ( * ) SI_UNIT ( $, .STERADIAN. ) SOLID_ANGLE_UNIT ( ) );
#3605 = ORIENTED_EDGE ( 'NONE', *, *, #3611, .F. ) ;
#3606 =( NAMED_UNIT ( * ) SI_UNIT ( $, .STERADIAN. ) SOLID_ANGLE_UNIT ( ) );
#3607 = SURFACE_STYLE_USAGE ( .BOTH. , #3317 ) ;
#3608 = PRESENTATION_LAYER_ASSIGNMENT (  '', '', ( #3699 ) ) ;
#3609 =( NAMED_UNIT ( * ) PLANE_ANGLE_UNIT ( ) SI_UNIT ( $, .RADIAN. ) );
#3610 = ORIENTED_EDGE ( 'NONE', *, *, #1370, .F. ) ;
#3611 = EDGE_CURVE ( 'NONE', #5321, #4884, #3085, .T. ) ;
#3612 = ORIENTED_EDGE ( 'NONE', *, *, #691, .T. ) ;
#3613 = ORIENTED_EDGE ( 'NONE', *, *, #1254, .F. ) ;
#3614 = AXIS2_PLACEMENT_3D ( 'NONE', #4563, #1959, #4962 ) ;
#3615 = STYLED_ITEM ( 'NONE', ( #1049 ), #2158 ) ;
#3616 = ORIENTED_EDGE ( 'NONE', *, *, #3559, .T. ) ;
#3617 = FILL_AREA_STYLE ('',( #357 ) ) ;
#3618 = MECHANICAL_DESIGN_GEOMETRIC_PRESENTATION_REPRESENTATION (  '', ( #3644 ), #3598 ) ;
#3619 = CARTESIAN_POINT ( 'NONE',  ( -7.573907182274247400, -1.622880335899560000, -8.269999999999996000 ) ) ;
#3620 = CARTESIAN_POINT ( 'NONE',  ( -7.409999999999987700, -1.872880335899558900, -8.019999999999988900 ) ) ;
#3621 = ORIENTED_EDGE ( 'NONE', *, *, #109, .F. ) ;
#3622 = SURFACE_STYLE_FILL_AREA ( #3084 ) ;
#3623 = VERTEX_POINT ( 'NONE', #2498 ) ;
#3624 = SURFACE_STYLE_USAGE ( .BOTH. , #3738 ) ;
#3625 = ORIENTED_EDGE ( 'NONE', *, *, #1569, .F. ) ;
#3626 = PRESENTATION_LAYER_ASSIGNMENT (  '', '', ( #3615 ) ) ;
#3627 = PRESENTATION_STYLE_ASSIGNMENT (( #3048 ) ) ;
#3628 = PRESENTATION_STYLE_ASSIGNMENT (( #564 ) ) ;
#3629 = FACE_OUTER_BOUND ( 'NONE', #3143, .T. ) ;
#3630 = VERTEX_POINT ( 'NONE', #4614 ) ;
#3631 = AXIS2_PLACEMENT_3D ( 'NONE', #5050, #5009, #4984 ) ;
#3632 = FACE_OUTER_BOUND ( 'NONE', #559, .T. ) ;
#3633 = PRESENTATION_LAYER_ASSIGNMENT (  '', '', ( #3644 ) ) ;
#3634 = CARTESIAN_POINT ( 'NONE',  ( 6.399999999999998600, -0.1249999999999938800, 6.970000000000000600 ) ) ;
#3635 = ORIENTED_EDGE ( 'NONE', *, *, #2860, .F. ) ;
#3636 = AXIS2_PLACEMENT_3D ( 'NONE', #5456, #5475, #5510 ) ;
#3637 = SURFACE_SIDE_STYLE ('',( #4358 ) ) ;
#3638 = ORIENTED_EDGE ( 'NONE', *, *, #1397, .T. ) ;
#3639 = CARTESIAN_POINT ( 'NONE',  ( -6.879265018596275800, -0.02531273276869621500, -8.269999999999996000 ) ) ;
#3640 = PLANE ( 'NONE',  #2693 ) ;
#3641 = DIRECTION ( 'NONE',  ( -0.0000000000000000000, -0.0000000000000000000, 1.000000000000000000 ) ) ;
#3642 = SURFACE_STYLE_USAGE ( .BOTH. , #4152 ) ;
#3643 = ORIENTED_EDGE ( 'NONE', *, *, #1569, .T. ) ;
#3644 = STYLED_ITEM ( 'NONE', ( #3646 ), #1299 ) ;
#3645 = LINE ( 'NONE', #2471, #1271 ) ;
#3646 = PRESENTATION_STYLE_ASSIGNMENT (( #1607 ) ) ;
#3647 = SURFACE_STYLE_USAGE ( .BOTH. , #493 ) ;
#3648 = COLOUR_RGB ( '',1.000000000000000000, 1.000000000000000000, 0.0000000000000000000 ) ;
#3649 =( LENGTH_UNIT ( ) NAMED_UNIT ( * ) SI_UNIT ( .MILLI., .METRE. ) );
#3650 =( NAMED_UNIT ( * ) PLANE_ANGLE_UNIT ( ) SI_UNIT ( $, .RADIAN. ) );
#3651 =( LENGTH_UNIT ( ) NAMED_UNIT ( * ) SI_UNIT ( .MILLI., .METRE. ) );
#3652 =( NAMED_UNIT ( * ) PLANE_ANGLE_UNIT ( ) SI_UNIT ( $, .RADIAN. ) );
#3653 = PLANE ( 'NONE',  #4310 ) ;
#3654 = VECTOR ( 'NONE', #3885, 1000.000000000000000 ) ;
#3655 = SURFACE_STYLE_USAGE ( .BOTH. , #3696 ) ;
#3656 = AXIS2_PLACEMENT_3D ( 'NONE', #1113, #1061, #1052 ) ;
#3657 =( GEOMETRIC_REPRESENTATION_CONTEXT ( 3 ) GLOBAL_UNCERTAINTY_ASSIGNED_CONTEXT ( ( #3972 ) ) GLOBAL_UNIT_ASSIGNED_CONTEXT ( ( #5217, #5404, #5424 ) ) REPRESENTATION_CONTEXT ( 'NONE', 'WORKASPACE' ) );
#3658 = FACE_OUTER_BOUND ( 'NONE', #4958, .T. ) ;
#3659 = ORIENTED_EDGE ( 'NONE', *, *, #1951, .T. ) ;
#3660 = CARTESIAN_POINT ( 'NONE',  ( -7.573907182274247400, 8.377119664100432000, -8.019999999999988900 ) ) ;
#3661 = DIRECTION ( 'NONE',  ( -0.0000000000000000000, -0.0000000000000000000, 1.000000000000000000 ) ) ;
#3662 =( GEOMETRIC_REPRESENTATION_CONTEXT ( 3 ) GLOBAL_UNCERTAINTY_ASSIGNED_CONTEXT ( ( #758 ) ) GLOBAL_UNIT_ASSIGNED_CONTEXT ( ( #5161, #5143, #3856 ) ) REPRESENTATION_CONTEXT ( 'NONE', 'WORKASPACE' ) );
#3663 = DIRECTION ( 'NONE',  ( 1.093590911432185500E-016, 1.668003342285391300E-016, -1.000000000000000000 ) ) ;
#3664 =( LENGTH_UNIT ( ) NAMED_UNIT ( * ) SI_UNIT ( .MILLI., .METRE. ) );
#3665 = SURFACE_STYLE_USAGE ( .BOTH. , #2814 ) ;
#3666 = ORIENTED_EDGE ( 'NONE', *, *, #2031, .F. ) ;
#3667 = EDGE_LOOP ( 'NONE', ( #4743, #4709, #5597, #2893 ) ) ;
#3668 = CARTESIAN_POINT ( 'NONE',  ( -7.573907182274247400, -1.872880335899558700, 6.970000000000003300 ) ) ;
#3669 = CARTESIAN_POINT ( 'NONE',  ( -6.399999999999997700, -0.1249999999999998200, -9.450024999999991200 ) ) ;
#3670 =( NAMED_UNIT ( * ) PLANE_ANGLE_UNIT ( ) SI_UNIT ( $, .RADIAN. ) );
#3671 = ORIENTED_EDGE ( 'NONE', *, *, #5194, .F. ) ;
#3672 = MECHANICAL_DESIGN_GEOMETRIC_PRESENTATION_REPRESENTATION (  '', ( #3713 ), #3657 ) ;
#3673 = ORIENTED_EDGE ( 'NONE', *, *, #2392, .F. ) ;
#3674 =( LENGTH_UNIT ( ) NAMED_UNIT ( * ) SI_UNIT ( .MILLI., .METRE. ) );
#3675 = SURFACE_STYLE_FILL_AREA ( #3443 ) ;
#3676 = ORIENTED_EDGE ( 'NONE', *, *, #5198, .F. ) ;
#3677 = SURFACE_STYLE_USAGE ( .BOTH. , #3684 ) ;
#3678 = ORIENTED_EDGE ( 'NONE', *, *, #1631, .T. ) ;
#3679 = PRESENTATION_STYLE_ASSIGNMENT (( #3425 ) ) ;
#3680 = PRESENTATION_LAYER_ASSIGNMENT (  '', '', ( #3713 ) ) ;
#3681 = SURFACE_STYLE_USAGE ( .BOTH. , #3702 ) ;
#3682 = CARTESIAN_POINT ( 'NONE',  ( -6.399999999999990600, 0.1249999999999938200, 9.449999999999999300 ) ) ;
#3683 = DIRECTION ( 'NONE',  ( 1.000000000000000000, 1.084202172485503400E-016, -0.0000000000000000000 ) ) ;
#3684 = SURFACE_SIDE_STYLE ('',( #1854 ) ) ;
#3685 = FACE_OUTER_BOUND ( 'NONE', #3695, .T. ) ;
#3686 = COLOUR_RGB ( '',1.000000000000000000, 1.000000000000000000, 0.0000000000000000000 ) ;
#3687 = CARTESIAN_POINT ( 'NONE',  ( 7.409999999999988600, -1.872880335899570900, -5.730000000000001300 ) ) ;
#3688 = VERTEX_POINT ( 'NONE', #2037 ) ;
#3689 = FILL_AREA_STYLE ('',( #3264 ) ) ;
#3690 = CARTESIAN_POINT ( 'NONE',  ( 7.573907182274248300, -1.622880335899570900, -5.730000000000001300 ) ) ;
#3691 = CARTESIAN_POINT ( 'NONE',  ( 8.609999999999876900, -1.622880335899570500, -8.019999999999999600 ) ) ;
#3692 = SURFACE_SIDE_STYLE ('',( #3230 ) ) ;
#3693 =( LENGTH_UNIT ( ) NAMED_UNIT ( * ) SI_UNIT ( .MILLI., .METRE. ) );
#3694 = AXIS2_PLACEMENT_3D ( 'NONE', #4388, #4405, #4591 ) ;
#3695 = EDGE_LOOP ( 'NONE', ( #3867, #3678, #3490, #3553 ) ) ;
#3696 = SURFACE_SIDE_STYLE ('',( #4828 ) ) ;
#3697 = EDGE_CURVE ( 'NONE', #5042, #4070, #1531, .T. ) ;
#3698 = DIRECTION ( 'NONE',  ( 0.0000000000000000000, -1.000000000000000000, 0.0000000000000000000 ) ) ;
#3699 = STYLED_ITEM ( 'NONE', ( #4145 ), #2312 ) ;
#3700 = ORIENTED_EDGE ( 'NONE', *, *, #4657, .F. ) ;
#3701 = STYLED_ITEM ( 'NONE', ( #4777 ), #2125 ) ;
#3702 = SURFACE_SIDE_STYLE ('',( #315 ) ) ;
#3703 = EDGE_LOOP ( 'NONE', ( #3745, #3882, #3940, #3951 ) ) ;
#3704 =( LENGTH_UNIT ( ) NAMED_UNIT ( * ) SI_UNIT ( .MILLI., .METRE. ) );
#3705 = FILL_AREA_STYLE ('',( #3958 ) ) ;
#3706 = VECTOR ( 'NONE', #3469, 1000.000000000000000 ) ;
#3707 = FILL_AREA_STYLE_COLOUR ( '', #1479 ) ;
#3708 = SURFACE_STYLE_USAGE ( .BOTH. , #3692 ) ;
#3709 = ORIENTED_EDGE ( 'NONE', *, *, #1121, .T. ) ;
#3710 = CARTESIAN_POINT ( 'NONE',  ( 6.399999999999999500, 0.1249999999999998900, -9.449999999999999300 ) ) ;
#3711 = FILL_AREA_STYLE ('',( #3792 ) ) ;
#3712 = LINE ( 'NONE', #3059, #2138 ) ;
#3713 = STYLED_ITEM ( 'NONE', ( #255 ), #1207 ) ;
#3714 = VECTOR ( 'NONE', #2696, 1000.000000000000000 ) ;
#3715 = FILL_AREA_STYLE_COLOUR ( '', #4730 ) ;
#3716 = FILL_AREA_STYLE_COLOUR ( '', #3686 ) ;
#3717 = DIRECTION ( 'NONE',  ( -1.307152337339442100E-047, 7.233811389675591500E-032, -1.000000000000000000 ) ) ;
#3718 = CARTESIAN_POINT ( 'NONE',  ( 8.609999999999876900, 8.377119664100433700, -8.019999999999999600 ) ) ;
#3719 = EDGE_CURVE ( 'NONE', #2386, #4701, #2957, .T. ) ;
#3720 = PRESENTATION_LAYER_ASSIGNMENT (  '', '', ( #2960 ) ) ;
#3721 = UNCERTAINTY_MEASURE_WITH_UNIT (LENGTH_MEASURE( 1.000000000000000100E-005 ), #2027, 'distance_accuracy_value', 'NONE');
#3722 = UNCERTAINTY_MEASURE_WITH_UNIT (LENGTH_MEASURE( 1.000000000000000100E-005 ), #2986, 'distance_accuracy_value', 'NONE');
#3723 = MECHANICAL_DESIGN_GEOMETRIC_PRESENTATION_REPRESENTATION (  '', ( #3793 ), #3662 ) ;
#3724 = DIRECTION ( 'NONE',  ( 4.742694567940698700E-032, -7.233811389675591500E-032, 1.000000000000000000 ) ) ;
#3725 = DIRECTION ( 'NONE',  ( 0.3987490689252438100, -0.9170600743851250500, 0.0000000000000000000 ) ) ;
#3726 = FILL_AREA_STYLE ('',( #3707 ) ) ;
#3727 =( LENGTH_UNIT ( ) NAMED_UNIT ( * ) SI_UNIT ( .MILLI., .METRE. ) );
#3728 = FILL_AREA_STYLE ('',( #4889 ) ) ;
#3729 = VERTEX_POINT ( 'NONE', #3824 ) ;
#3730 = FACE_OUTER_BOUND ( 'NONE', #5008, .T. ) ;
#3731 = MECHANICAL_DESIGN_GEOMETRIC_PRESENTATION_REPRESENTATION (  '', ( #5319 ), #1919 ) ;
#3732 = EDGE_CURVE ( 'NONE', #4224, #763, #989, .T. ) ;
#3733 = FILL_AREA_STYLE_COLOUR ( '', #5403 ) ;
#3734 = FACE_OUTER_BOUND ( 'NONE', #1416, .T. ) ;
#3735 = ORIENTED_EDGE ( 'NONE', *, *, #1731, .T. ) ;
#3736 = PLANE ( 'NONE',  #3096 ) ;
#3737 = FILL_AREA_STYLE_COLOUR ( '', #5219 ) ;
#3738 = SURFACE_SIDE_STYLE ('',( #5333 ) ) ;
#3739 = ORIENTED_EDGE ( 'NONE', *, *, #1873, .T. ) ;
#3740 = SURFACE_STYLE_FILL_AREA ( #4797 ) ;
#3741 = CARTESIAN_POINT ( 'NONE',  ( -7.573907182274247400, -1.872880335899558500, -8.019999999999988900 ) ) ;
#3742 = ORIENTED_EDGE ( 'NONE', *, *, #862, .F. ) ;
#3743 = ORIENTED_EDGE ( 'NONE', *, *, #4912, .F. ) ;
#3744 = SURFACE_STYLE_USAGE ( .BOTH. , #3130 ) ;
#3745 = ORIENTED_EDGE ( 'NONE', *, *, #5466, .T. ) ;
#3746 = CARTESIAN_POINT ( 'NONE',  ( 6.649999999999987900, 0.1250000000000004700, -4.430000000000001500 ) ) ;
#3747 = DIRECTION ( 'NONE',  ( 1.000000000000000000, 0.0000000000000000000, -0.0000000000000000000 ) ) ;
#3748 =( NAMED_UNIT ( * ) PLANE_ANGLE_UNIT ( ) SI_UNIT ( $, .RADIAN. ) );
#3749 = PRESENTATION_LAYER_ASSIGNMENT (  '', '', ( #3793 ) ) ;
#3750 = UNCERTAINTY_MEASURE_WITH_UNIT (LENGTH_MEASURE( 1.000000000000000100E-005 ), #780, 'distance_accuracy_value', 'NONE');
#3751 = ORIENTED_EDGE ( 'NONE', *, *, #5495, .F. ) ;
#3752 = ORIENTED_EDGE ( 'NONE', *, *, #4950, .T. ) ;
#3753 =( GEOMETRIC_REPRESENTATION_CONTEXT ( 3 ) GLOBAL_UNCERTAINTY_ASSIGNED_CONTEXT ( ( #3992 ) ) GLOBAL_UNIT_ASSIGNED_CONTEXT ( ( #4267, #4319, #4340 ) ) REPRESENTATION_CONTEXT ( 'NONE', 'WORKASPACE' ) );
#3754 = CARTESIAN_POINT ( 'NONE',  ( -7.573907182274247400, -1.622880335899559200, -6.969999999999993500 ) ) ;
#3755 = EDGE_LOOP ( 'NONE', ( #4710, #3743, #3752, #4263 ) ) ;
#3756 =( NAMED_UNIT ( * ) SI_UNIT ( $, .STERADIAN. ) SOLID_ANGLE_UNIT ( ) );
#3757 = COLOUR_RGB ( '',1.000000000000000000, 1.000000000000000000, 0.0000000000000000000 ) ;
#3758 = PLANE ( 'NONE',  #5353 ) ;
#3759 = ORIENTED_EDGE ( 'NONE', *, *, #1038, .T. ) ;
#3760 = DIRECTION ( 'NONE',  ( -1.000000000000000000, -0.0000000000000000000, -0.0000000000000000000 ) ) ;
#3761 = MECHANICAL_DESIGN_GEOMETRIC_PRESENTATION_REPRESENTATION (  '', ( #3787 ), #3753 ) ;
#3762 = DIRECTION ( 'NONE',  ( -4.589215544912188200E-017, 0.0000000000000000000, 1.000000000000000000 ) ) ;
#3763 = SURFACE_STYLE_FILL_AREA ( #4209 ) ;
#3764 = VECTOR ( 'NONE', #1008, 1000.000000000000000 ) ;
#3765 = ORIENTED_EDGE ( 'NONE', *, *, #1109, .T. ) ;
#3766 = FACE_OUTER_BOUND ( 'NONE', #2843, .T. ) ;
#3767 = DIRECTION ( 'NONE',  ( 0.0000000000000000000, -1.000000000000000000, 0.0000000000000000000 ) ) ;
#3768 = ORIENTED_EDGE ( 'NONE', *, *, #1109, .F. ) ;
#3769 = PRESENTATION_STYLE_ASSIGNMENT (( #256 ) ) ;
#3770 = CARTESIAN_POINT ( 'NONE',  ( -6.649999999999994100, -0.1250000000000069900, -6.969999999999993500 ) ) ;
#3771 = DIRECTION ( 'NONE',  ( 0.0000000000000000000, 0.0000000000000000000, 1.000000000000000000 ) ) ;
#3772 = PRESENTATION_STYLE_ASSIGNMENT (( #3876 ) ) ;
#3773 = AXIS2_PLACEMENT_3D ( 'NONE', #678, #127, #67 ) ;
#3774 = PRESENTATION_LAYER_ASSIGNMENT (  '', '', ( #3787 ) ) ;
#3775 = PLANE ( 'NONE',  #5256 ) ;
#3776 = LINE ( 'NONE', #322, #1386 ) ;
#3777 = DIRECTION ( 'NONE',  ( 0.0000000000000000000, -1.668003342285391600E-016, 1.000000000000000000 ) ) ;
#3778 = CARTESIAN_POINT ( 'NONE',  ( -7.409999999999987700, -1.872880335899558300, 8.019999999999999600 ) ) ;
#3779 = VERTEX_POINT ( 'NONE', #4230 ) ;
#3780 = DIRECTION ( 'NONE',  ( 1.093590911432185700E-016, 1.668003342285391100E-016, -1.000000000000000000 ) ) ;
#3781 = FILL_AREA_STYLE_COLOUR ( '', #1886 ) ;
#3782 = FILL_AREA_STYLE ('',( #4550 ) ) ;
#3783 = DIRECTION ( 'NONE',  ( -0.0000000000000000000, -0.0000000000000000000, -1.000000000000000000 ) ) ;
#3784 = VECTOR ( 'NONE', #3125, 1000.000000000000000 ) ;
#3785 = FILL_AREA_STYLE ('',( #4973 ) ) ;
#3786 = DIRECTION ( 'NONE',  ( -0.0000000000000000000, 1.000000000000000000, 1.668003342285391100E-016 ) ) ;
#3787 = STYLED_ITEM ( 'NONE', ( #52 ), #1172 ) ;
#3788 = CARTESIAN_POINT ( 'NONE',  ( 8.055773820624491300, 0.1250000000000004700, -4.430000000000001500 ) ) ;
#3789 = CARTESIAN_POINT ( 'NONE',  ( 8.609999999999999400, 8.377119664100432000, 8.019999999999999600 ) ) ;
#3790 = LINE ( 'NONE', #3117, #2381 ) ;
#3791 = DIRECTION ( 'NONE',  ( -0.0000000000000000000, 1.668003342285391600E-016, -1.000000000000000000 ) ) ;
#3792 = FILL_AREA_STYLE_COLOUR ( '', #4843 ) ;
#3793 = STYLED_ITEM ( 'NONE', ( #4062 ), #2154 ) ;
#3794 = LINE ( 'NONE', #4705, #3714 ) ;
#3795 = AXIS2_PLACEMENT_3D ( 'NONE', #1171, #1192, #1204 ) ;
#3796 = CARTESIAN_POINT ( 'NONE',  ( 8.609999999999978100, 8.377119664100432000, 4.679999999999999700 ) ) ;
#3797 = CARTESIAN_POINT ( 'NONE',  ( -6.399999999999989700, 0.1249999999999934900, -9.449999999999990400 ) ) ;
#3798 = DIRECTION ( 'NONE',  ( 0.3987490689252438700, -0.9170600743851250500, 0.0000000000000000000 ) ) ;
#3799 =( NAMED_UNIT ( * ) SI_UNIT ( $, .STERADIAN. ) SOLID_ANGLE_UNIT ( ) );
#3800 = EDGE_CURVE ( 'NONE', #4118, #2386, #2708, .T. ) ;
#3801 = CARTESIAN_POINT ( 'NONE',  ( -8.609999999999992300, -1.872880335899559200, -6.969999999999993500 ) ) ;
#3802 = CARTESIAN_POINT ( 'NONE',  ( -6.399999999999997700, -0.1249999999999998900, -9.449999999999999300 ) ) ;
#3803 = AXIS2_PLACEMENT_3D ( 'NONE', #1689, #1709, #1735 ) ;
#3804 = ORIENTED_EDGE ( 'NONE', *, *, #1744, .T. ) ;
#3805 = CARTESIAN_POINT ( 'NONE',  ( -7.344642163677966600, -1.722567603130869700, -8.269999999999996000 ) ) ;
#3806 = DIRECTION ( 'NONE',  ( -1.000000000000000000, -1.807003620809171700E-016, 0.0000000000000000000 ) ) ;
#3807 =( NAMED_UNIT ( * ) SI_UNIT ( $, .STERADIAN. ) SOLID_ANGLE_UNIT ( ) );
#3808 = CARTESIAN_POINT ( 'NONE',  ( -6.399999999999992400, 0.1249999999999931700, -5.729999999999997800 ) ) ;
#3809 = DIRECTION ( 'NONE',  ( -0.9170600743851250500, -0.3987490689252438700, -1.668003342285391600E-016 ) ) ;
#3810 = ORIENTED_EDGE ( 'NONE', *, *, #2658, .F. ) ;
#3811 = VERTEX_POINT ( 'NONE', #237 ) ;
#3812 = EDGE_LOOP ( 'NONE', ( #724, #1504, #1784, #1774 ) ) ;
#3813 = EDGE_LOOP ( 'NONE', ( #1723, #654, #3060, #4317 ) ) ;
#3814 = ORIENTED_EDGE ( 'NONE', *, *, #53, .T. ) ;
#3815 = ORIENTED_EDGE ( 'NONE', *, *, #5064, .T. ) ;
#3816 = ORIENTED_EDGE ( 'NONE', *, *, #1556, .F. ) ;
#3817 = FILL_AREA_STYLE_COLOUR ( '', #4282 ) ;
#3818 =( GEOMETRIC_REPRESENTATION_CONTEXT ( 3 ) GLOBAL_UNCERTAINTY_ASSIGNED_CONTEXT ( ( #1430 ) ) GLOBAL_UNIT_ASSIGNED_CONTEXT ( ( #1478, #1440, #1356 ) ) REPRESENTATION_CONTEXT ( 'NONE', 'WORKASPACE' ) );
#3819 = CARTESIAN_POINT ( 'NONE',  ( 6.247598858864761500, -1.575000000000000000, 9.297598858864764900 ) ) ;
#3820 = ORIENTED_EDGE ( 'NONE', *, *, #2059, .T. ) ;
#3821 = COLOUR_RGB ( '',1.000000000000000000, 1.000000000000000000, 0.0000000000000000000 ) ;
#3822 = ORIENTED_EDGE ( 'NONE', *, *, #974, .F. ) ;
#3823 = DIRECTION ( 'NONE',  ( 0.0000000000000000000, -1.668003342285391100E-016, 1.000000000000000000 ) ) ;
#3824 = CARTESIAN_POINT ( 'NONE',  ( 8.609999999999896400, -1.872880335899570700, -5.480000000000001300 ) ) ;
#3825 =( NAMED_UNIT ( * ) SI_UNIT ( $, .STERADIAN. ) SOLID_ANGLE_UNIT ( ) );
#3826 = CARTESIAN_POINT ( 'NONE',  ( -6.399999999999997700, -1.575000000000000000, 9.297598858864768400 ) ) ;
#3827 = FILL_AREA_STYLE_COLOUR ( '', #1111 ) ;
#3828 = FILL_AREA_STYLE ('',( #3737 ) ) ;
#3829 = SURFACE_STYLE_FILL_AREA ( #4194 ) ;
#3830 = PRESENTATION_STYLE_ASSIGNMENT (( #4158 ) ) ;
#3831 = VECTOR ( 'NONE', #5106, 1000.000000000000200 ) ;
#3832 = EDGE_LOOP ( 'NONE', ( #5571, #5090, #5382, #2391, #1379, #5322, #4817, #5436 ) ) ;
#3833 =( NAMED_UNIT ( * ) SI_UNIT ( $, .STERADIAN. ) SOLID_ANGLE_UNIT ( ) );
#3834 = PRESENTATION_STYLE_ASSIGNMENT (( #4761 ) ) ;
#3835 = PRESENTATION_STYLE_ASSIGNMENT (( #3708 ) ) ;
#3836 = ORIENTED_EDGE ( 'NONE', *, *, #4281, .T. ) ;
#3837 = EDGE_CURVE ( 'NONE', #3688, #4118, #3091, .T. ) ;
#3838 = FACE_OUTER_BOUND ( 'NONE', #76, .T. ) ;
#3839 = UNCERTAINTY_MEASURE_WITH_UNIT (LENGTH_MEASURE( 1.000000000000000100E-005 ), #2612, 'distance_accuracy_value', 'NONE');
#3840 =( GEOMETRIC_REPRESENTATION_CONTEXT ( 3 ) GLOBAL_UNCERTAINTY_ASSIGNED_CONTEXT ( ( #4042 ) ) GLOBAL_UNIT_ASSIGNED_CONTEXT ( ( #850, #870, #1126 ) ) REPRESENTATION_CONTEXT ( 'NONE', 'WORKASPACE' ) );
#3841 = DIRECTION ( 'NONE',  ( 0.0000000000000000000, 0.0000000000000000000, 1.000000000000000000 ) ) ;
#3842 = COLOUR_RGB ( '',1.000000000000000000, 1.000000000000000000, 0.0000000000000000000 ) ;
#3843 = VERTEX_POINT ( 'NONE', #2061 ) ;
#3844 = CARTESIAN_POINT ( 'NONE',  ( 6.649999999999994100, -0.1249999999999993200, 4.429999999999999700 ) ) ;
#3845 =( NAMED_UNIT ( * ) PLANE_ANGLE_UNIT ( ) SI_UNIT ( $, .RADIAN. ) );
#3846 = EDGE_CURVE ( 'NONE', #4701, #3688, #2903, .T. ) ;
#3847 = CARTESIAN_POINT ( 'NONE',  ( 8.609999999999997700, -1.622880335899568500, 5.729999999999998600 ) ) ;
#3848 =( NAMED_UNIT ( * ) PLANE_ANGLE_UNIT ( ) SI_UNIT ( $, .RADIAN. ) );
#3849 = PRESENTATION_STYLE_ASSIGNMENT (( #1734 ) ) ;
#3850 = COLOUR_RGB ( '',1.000000000000000000, 1.000000000000000000, 0.0000000000000000000 ) ;
#3851 = CARTESIAN_POINT ( 'NONE',  ( 4.599999999999996100, 6.824999999999998400, 7.650000000000000400 ) ) ;
#3852 =( LENGTH_UNIT ( ) NAMED_UNIT ( * ) SI_UNIT ( .MILLI., .METRE. ) );
#3853 = FILL_AREA_STYLE_COLOUR ( '', #4774 ) ;
#3854 = LINE ( 'NONE', #2635, #852 ) ;
#3855 = ORIENTED_EDGE ( 'NONE', *, *, #153, .T. ) ;
#3856 =( NAMED_UNIT ( * ) SI_UNIT ( $, .STERADIAN. ) SOLID_ANGLE_UNIT ( ) );
#3857 = DIRECTION ( 'NONE',  ( -0.0000000000000000000, 0.0000000000000000000, -1.000000000000000000 ) ) ;
#3858 = COLOUR_RGB ( '',1.000000000000000000, 1.000000000000000000, 0.0000000000000000000 ) ;
#3859 = DIRECTION ( 'NONE',  ( 4.742694567940700400E-032, -7.233811389675591500E-032, 1.000000000000000000 ) ) ;
#3860 = CARTESIAN_POINT ( 'NONE',  ( 7.573907182274255400, -1.622880335899568500, 5.729999999999998600 ) ) ;
#3861 = LINE ( 'NONE', #5040, #3654 ) ;
#3862 = DIRECTION ( 'NONE',  ( -1.000000000000000000, 0.0000000000000000000, 0.0000000000000000000 ) ) ;
#3863 = MECHANICAL_DESIGN_GEOMETRIC_PRESENTATION_REPRESENTATION (  '', ( #3875 ), #3840 ) ;
#3864 =( LENGTH_UNIT ( ) NAMED_UNIT ( * ) SI_UNIT ( .MILLI., .METRE. ) );
#3865 = CARTESIAN_POINT ( 'NONE',  ( 8.609999999999876900, 8.377119664100433700, -7.220000000000000600 ) ) ;
#3866 = LINE ( 'NONE', #641, #1692 ) ;
#3867 = ORIENTED_EDGE ( 'NONE', *, *, #720, .T. ) ;
#3868 = PRODUCT_RELATED_PRODUCT_CATEGORY ( 'part', '', ( #4747 ) ) ;
#3869 = MECHANICAL_DESIGN_GEOMETRIC_PRESENTATION_REPRESENTATION (  '', ( #4120 ), #3818 ) ;
#3870 = PRESENTATION_LAYER_ASSIGNMENT (  '', '', ( #3875 ) ) ;
#3871 = ORIENTED_EDGE ( 'NONE', *, *, #3732, .T. ) ;
#3872 = FILL_AREA_STYLE_COLOUR ( '', #4226 ) ;
#3873 = ORIENTED_EDGE ( 'NONE', *, *, #1765, .T. ) ;
#3874 =( GEOMETRIC_REPRESENTATION_CONTEXT ( 3 ) GLOBAL_UNCERTAINTY_ASSIGNED_CONTEXT ( ( #4076 ) ) GLOBAL_UNIT_ASSIGNED_CONTEXT ( ( #353, #336, #308 ) ) REPRESENTATION_CONTEXT ( 'NONE', 'WORKASPACE' ) );
#3875 = STYLED_ITEM ( 'NONE', ( #5242 ), #988 ) ;
#3876 = SURFACE_STYLE_USAGE ( .BOTH. , #3888 ) ;
#3877 = PLANE ( 'NONE',  #2050 ) ;
#3878 = CARTESIAN_POINT ( 'NONE',  ( 7.573907182274236800, -1.622880335899527200, 5.479999999999998600 ) ) ;
#3879 =( NAMED_UNIT ( * ) PLANE_ANGLE_UNIT ( ) SI_UNIT ( $, .RADIAN. ) );
#3880 = CARTESIAN_POINT ( 'NONE',  ( -7.344642163677967500, -1.722567603130871200, -5.729999999999997800 ) ) ;
#3881 = FACE_OUTER_BOUND ( 'NONE', #5587, .T. ) ;
#3882 = ORIENTED_EDGE ( 'NONE', *, *, #1765, .F. ) ;
#3883 = DIRECTION ( 'NONE',  ( 0.0000000000000000000, -1.000000000000000000, 0.0000000000000000000 ) ) ;
#3884 = FILL_AREA_STYLE ('',( #3827 ) ) ;
#3885 = DIRECTION ( 'NONE',  ( -1.093590911432185600E-016, -1.668003342285390800E-016, 1.000000000000000000 ) ) ;
#3886 = ORIENTED_EDGE ( 'NONE', *, *, #838, .T. ) ;
#3887 = EDGE_LOOP ( 'NONE', ( #1710, #1372, #3540, #1511 ) ) ;
#3888 = SURFACE_SIDE_STYLE ('',( #3763 ) ) ;
#3889 = ORIENTED_EDGE ( 'NONE', *, *, #1914, .F. ) ;
#3890 = DIRECTION ( 'NONE',  ( 0.0000000000000000000, 0.9945218953682734000, 0.1045284632676541600 ) ) ;
#3891 = COLOUR_RGB ( '',1.000000000000000000, 1.000000000000000000, 0.0000000000000000000 ) ;
#3892 = ORIENTED_EDGE ( 'NONE', *, *, #3837, .F. ) ;
#3893 = DIRECTION ( 'NONE',  ( 1.000000000000000000, 0.0000000000000000000, -0.0000000000000000000 ) ) ;
#3894 = CARTESIAN_POINT ( 'NONE',  ( 7.573907182274248300, -1.872880335899570900, -5.730000000000001300 ) ) ;
#3895 = VECTOR ( 'NONE', #4585, 1000.000000000000000 ) ;
#3896 = DIRECTION ( 'NONE',  ( 4.742694567940698700E-032, -7.233811389675592600E-032, 1.000000000000000000 ) ) ;
#3897 = LINE ( 'NONE', #4680, #3895 ) ;
#3898 = MECHANICAL_DESIGN_GEOMETRIC_PRESENTATION_REPRESENTATION (  '', ( #2798 ), #4181 ) ;
#3899 = VERTEX_POINT ( 'NONE', #4659 ) ;
#3900 = AXIS2_PLACEMENT_3D ( 'NONE', #2350, #3167, #2915 ) ;
#3901 = ORIENTED_EDGE ( 'NONE', *, *, #38, .T. ) ;
#3902 = CARTESIAN_POINT ( 'NONE',  ( 7.573907182274255400, -1.622880335899568700, 4.429999999999999700 ) ) ;
#3903 = FACE_OUTER_BOUND ( 'NONE', #1574, .T. ) ;
#3904 = FILL_AREA_STYLE_COLOUR ( '', #4390 ) ;
#3905 = UNCERTAINTY_MEASURE_WITH_UNIT (LENGTH_MEASURE( 1.000000000000000100E-005 ), #5523, 'distance_accuracy_value', 'NONE');
#3906 = DIRECTION ( 'NONE',  ( 0.0000000000000000000, 0.0000000000000000000, 1.000000000000000000 ) ) ;
#3907 = DIRECTION ( 'NONE',  ( 0.0000000000000000000, 0.0000000000000000000, 1.000000000000000000 ) ) ;
#3908 = DIRECTION ( 'NONE',  ( 4.742694567940700400E-032, -7.233811389675590400E-032, 1.000000000000000000 ) ) ;
#3909 = AXIS2_PLACEMENT_3D ( 'NONE', #299, #360, #385 ) ;
#3910 = CARTESIAN_POINT ( 'NONE',  ( 6.399999999999990600, -0.1250000000000011100, -6.970000000000000600 ) ) ;
#3911 = ORIENTED_EDGE ( 'NONE', *, *, #4609, .F. ) ;
#3912 = CIRCLE ( 'NONE', #2828, 0.2500000000000002200 ) ;
#3913 = CARTESIAN_POINT ( 'NONE',  ( -7.573907182274247400, 8.377119664100432000, -6.969999999999993500 ) ) ;
#3914 = CARTESIAN_POINT ( 'NONE',  ( 7.573907182274236800, 8.377119664100432000, 5.479999999999998600 ) ) ;
#3915 = COLOUR_RGB ( '',1.000000000000000000, 1.000000000000000000, 0.0000000000000000000 ) ;
#3916 = EDGE_CURVE ( 'NONE', #1905, #1436, #2702, .T. ) ;
#3917 = LINE ( 'NONE', #2583, #1616 ) ;
#3918 = CARTESIAN_POINT ( 'NONE',  ( 6.649999999999994100, -0.1249999999999993200, 4.429999999999999700 ) ) ;
#3919 = SURFACE_STYLE_FILL_AREA ( #4496 ) ;
#3920 = MECHANICAL_DESIGN_GEOMETRIC_PRESENTATION_REPRESENTATION (  '', ( #4029 ), #3874 ) ;
#3921 = CARTESIAN_POINT ( 'NONE',  ( 6.649999999999987900, 0.1250000000000004700, -5.730000000000001300 ) ) ;
#3922 = ORIENTED_EDGE ( 'NONE', *, *, #941, .F. ) ;
#3923 = PRESENTATION_STYLE_ASSIGNMENT (( #4474 ) ) ;
#3924 = CYLINDRICAL_SURFACE ( 'NONE', #2044, 0.2500000000000000000 ) ;
#3925 = DIRECTION ( 'NONE',  ( 1.000000000000000000, 5.312590645178967000E-015, 0.0000000000000000000 ) ) ;
#3926 = CARTESIAN_POINT ( 'NONE',  ( 6.399999999999989700, 0.1250000000000001400, -6.970000000000000600 ) ) ;
#3927 = PRESENTATION_LAYER_ASSIGNMENT (  '', '', ( #4120 ) ) ;
#3928 =( GEOMETRIC_REPRESENTATION_CONTEXT ( 3 ) GLOBAL_UNCERTAINTY_ASSIGNED_CONTEXT ( ( #1503 ) ) GLOBAL_UNIT_ASSIGNED_CONTEXT ( ( #224, #5600, #5580 ) ) REPRESENTATION_CONTEXT ( 'NONE', 'WORKASPACE' ) );
#3929 = VECTOR ( 'NONE', #1262, 1000.000000000000000 ) ;
#3930 =( GEOMETRIC_REPRESENTATION_CONTEXT ( 3 ) GLOBAL_UNCERTAINTY_ASSIGNED_CONTEXT ( ( #4092 ) ) GLOBAL_UNIT_ASSIGNED_CONTEXT ( ( #88, #1134, #1331 ) ) REPRESENTATION_CONTEXT ( 'NONE', 'WORKASPACE' ) );
#3931 = DIRECTION ( 'NONE',  ( 1.000000000000000000, 1.807003620809171700E-016, -0.0000000000000000000 ) ) ;
#3932 = DIRECTION ( 'NONE',  ( 0.0000000000000000000, 0.0000000000000000000, -1.000000000000000000 ) ) ;
#3933 = LINE ( 'NONE', #2055, #620 ) ;
#3934 = MECHANICAL_DESIGN_GEOMETRIC_PRESENTATION_REPRESENTATION (  '', ( #3950 ), #3930 ) ;
#3935 =( NAMED_UNIT ( * ) SI_UNIT ( $, .STERADIAN. ) SOLID_ANGLE_UNIT ( ) );
#3936 = CARTESIAN_POINT ( 'NONE',  ( 8.609999999999990500, -1.622880335899570900, -6.970000000000000600 ) ) ;
#3937 = LINE ( 'NONE', #1773, #4302 ) ;
#3938 =( NAMED_UNIT ( * ) PLANE_ANGLE_UNIT ( ) SI_UNIT ( $, .RADIAN. ) );
#3939 = FILL_AREA_STYLE_COLOUR ( '', #3757 ) ;
#3940 = ORIENTED_EDGE ( 'NONE', *, *, #5445, .T. ) ;
#3941 = PRESENTATION_LAYER_ASSIGNMENT (  '', '', ( #3950 ) ) ;
#3942 = CARTESIAN_POINT ( 'NONE',  ( -7.573907182274247400, -1.622880335899560000, -4.680000000000001500 ) ) ;
#3943 = CARTESIAN_POINT ( 'NONE',  ( -7.573907182274247400, 8.377119664100432000, 6.970000000000003300 ) ) ;
#3944 =( NAMED_UNIT ( * ) SI_UNIT ( $, .STERADIAN. ) SOLID_ANGLE_UNIT ( ) );
#3945 = UNCERTAINTY_MEASURE_WITH_UNIT (LENGTH_MEASURE( 1.000000000000000100E-005 ), #1275, 'distance_accuracy_value', 'NONE');
#3946 = UNCERTAINTY_MEASURE_WITH_UNIT (LENGTH_MEASURE( 1.000000000000000100E-005 ), #1644, 'distance_accuracy_value', 'NONE');
#3947 = ORIENTED_EDGE ( 'NONE', *, *, #1670, .T. ) ;
#3948 = FILL_AREA_STYLE ('',( #3904 ) ) ;
#3949 = CARTESIAN_POINT ( 'NONE',  ( 6.649999999999996800, -0.1249999999999980000, 8.269999999999999600 ) ) ;
#3950 = STYLED_ITEM ( 'NONE', ( #468 ), #930 ) ;
#3951 = ORIENTED_EDGE ( 'NONE', *, *, #3611, .T. ) ;
#3952 = DIRECTION ( 'NONE',  ( 1.000000000000000000, 0.0000000000000000000, -0.0000000000000000000 ) ) ;
#3953 = ORIENTED_EDGE ( 'NONE', *, *, #4650, .F. ) ;
#3954 = DIRECTION ( 'NONE',  ( 0.0000000000000000000, 0.0000000000000000000, -1.000000000000000000 ) ) ;
#3955 = ORIENTED_EDGE ( 'NONE', *, *, #2231, .T. ) ;
#3956 = DIRECTION ( 'NONE',  ( 0.0000000000000000000, 0.0000000000000000000, 1.000000000000000000 ) ) ;
#3957 = AXIS2_PLACEMENT_3D ( 'NONE', #557, #572, #914 ) ;
#3958 = FILL_AREA_STYLE_COLOUR ( '', #344 ) ;
#3959 = ORIENTED_EDGE ( 'NONE', *, *, #4609, .T. ) ;
#3960 = PRESENTATION_STYLE_ASSIGNMENT (( #3536 ) ) ;
#3961 = CARTESIAN_POINT ( 'NONE',  ( 6.649999999999994100, -0.1249999999999995400, 5.729999999999998600 ) ) ;
#3962 = CARTESIAN_POINT ( 'NONE',  ( 6.879265018596275800, -0.02531273276868746200, 4.429999999999999700 ) ) ;
#3963 = ORIENTED_EDGE ( 'NONE', *, *, #5491, .F. ) ;
#3964 = ORIENTED_EDGE ( 'NONE', *, *, #83, .T. ) ;
#3965 = ORIENTED_EDGE ( 'NONE', *, *, #280, .T. ) ;
#3966 = FACE_OUTER_BOUND ( 'NONE', #4520, .T. ) ;
#3967 = DIRECTION ( 'NONE',  ( 1.093590911432185700E-016, 1.668003342285391100E-016, -1.000000000000000000 ) ) ;
#3968 = FILL_AREA_STYLE_COLOUR ( '', #354 ) ;
#3969 = ORIENTED_EDGE ( 'NONE', *, *, #753, .F. ) ;
#3970 = AXIS2_PLACEMENT_3D ( 'NONE', #4432, #5096, #5254 ) ;
#3971 = DIRECTION ( 'NONE',  ( -9.378333188098213800E-017, 0.1045284632676530000, 0.9945218953682735100 ) ) ;
#3972 = UNCERTAINTY_MEASURE_WITH_UNIT (LENGTH_MEASURE( 1.000000000000000100E-005 ), #5217, 'distance_accuracy_value', 'NONE');
#3973 = CARTESIAN_POINT ( 'NONE',  ( 8.609999999999978100, -1.622880335899568700, 4.679999999999999700 ) ) ;
#3974 = ORIENTED_EDGE ( 'NONE', *, *, #1099, .F. ) ;
#3975 = COLOUR_RGB ( '',1.000000000000000000, 1.000000000000000000, 0.0000000000000000000 ) ;
#3976 = AXIS2_PLACEMENT_3D ( 'NONE', #3555, #4005, #4012 ) ;
#3977 = ORIENTED_EDGE ( 'NONE', *, *, #5423, .T. ) ;
#3978 = SURFACE_STYLE_FILL_AREA ( #4956 ) ;
#3979 = EDGE_CURVE ( 'NONE', #2164, #1905, #2899, .T. ) ;
#3980 = VECTOR ( 'NONE', #3363, 1000.000000000000000 ) ;
#3981 = CARTESIAN_POINT ( 'NONE',  ( 7.573907182274255400, -1.872880335899568700, 4.429999999999999700 ) ) ;
#3982 = ORIENTED_EDGE ( 'NONE', *, *, #1083, .T. ) ;
#3983 = PRESENTATION_STYLE_ASSIGNMENT (( #4926 ) ) ;
#3984 = PLANE ( 'NONE',  #3694 ) ;
#3985 = SURFACE_SIDE_STYLE ('',( #59 ) ) ;
#3986 = VECTOR ( 'NONE', #1557, 1000.000000000000000 ) ;
#3987 = EDGE_CURVE ( 'NONE', #4095, #2164, #1408, .T. ) ;
#3988 = FACE_OUTER_BOUND ( 'NONE', #2668, .T. ) ;
#3989 = DIRECTION ( 'NONE',  ( -0.0000000000000000000, -0.0000000000000000000, 1.000000000000000000 ) ) ;
#3990 = PRESENTATION_LAYER_ASSIGNMENT (  '', '', ( #4029 ) ) ;
#3991 = VECTOR ( 'NONE', #5591, 1000.000000000000000 ) ;
#3992 = UNCERTAINTY_MEASURE_WITH_UNIT (LENGTH_MEASURE( 1.000000000000000100E-005 ), #4267, 'distance_accuracy_value', 'NONE');
#3993 = DIRECTION ( 'NONE',  ( -1.000000000000000000, -1.084202172485503400E-016, 0.0000000000000000000 ) ) ;
#3994 = LINE ( 'NONE', #5531, #4038 ) ;
#3995 = ORIENTED_EDGE ( 'NONE', *, *, #2109, .F. ) ;
#3996 = DIRECTION ( 'NONE',  ( 0.0000000000000000000, -1.000000000000000000, 0.0000000000000000000 ) ) ;
#3997 =( NAMED_UNIT ( * ) SI_UNIT ( $, .STERADIAN. ) SOLID_ANGLE_UNIT ( ) );
#3998 = FILL_AREA_STYLE ('',( #3968 ) ) ;
#3999 = ORIENTED_EDGE ( 'NONE', *, *, #703, .F. ) ;
#4000 =( NAMED_UNIT ( * ) PLANE_ANGLE_UNIT ( ) SI_UNIT ( $, .RADIAN. ) );
#4001 = ORIENTED_EDGE ( 'NONE', *, *, #60, .F. ) ;
#4002 = AXIS2_PLACEMENT_3D ( 'NONE', #4361, #4398, #4399 ) ;
#4003 = CARTESIAN_POINT ( 'NONE',  ( -7.573907182274248300, -1.622880335899559800, -4.429999999999994400 ) ) ;
#4004 = ORIENTED_EDGE ( 'NONE', *, *, #2241, .T. ) ;
#4005 = DIRECTION ( 'NONE',  ( 1.000000000000000000, 0.0000000000000000000, 0.0000000000000000000 ) ) ;
#4006 = SURFACE_STYLE_FILL_AREA ( #4484 ) ;
#4007 = ORIENTED_EDGE ( 'NONE', *, *, #742, .T. ) ;
#4008 = EDGE_CURVE ( 'NONE', #4095, #1436, #965, .T. ) ;
#4009 = EDGE_LOOP ( 'NONE', ( #5454, #5393, #5384, #5324 ) ) ;
#4010 = LINE ( 'NONE', #4127, #1859 ) ;
#4011 = AXIS2_PLACEMENT_3D ( 'NONE', #521, #513, #412 ) ;
#4012 = DIRECTION ( 'NONE',  ( 0.0000000000000000000, 0.0000000000000000000, -1.000000000000000000 ) ) ;
#4013 = ORIENTED_EDGE ( 'NONE', *, *, #5285, .F. ) ;
#4014 = CARTESIAN_POINT ( 'NONE',  ( -7.573907182274248300, -1.872880335899559600, -4.429999999999994400 ) ) ;
#4015 = ORIENTED_EDGE ( 'NONE', *, *, #5479, .T. ) ;
#4016 = DIRECTION ( 'NONE',  ( 1.093590911432185400E-016, 1.668003342285391300E-016, -1.000000000000000000 ) ) ;
#4017 = SURFACE_STYLE_FILL_AREA ( #5120 ) ;
#4018 = ORIENTED_EDGE ( 'NONE', *, *, #1144, .T. ) ;
#4019 =( LENGTH_UNIT ( ) NAMED_UNIT ( * ) SI_UNIT ( .MILLI., .METRE. ) );
#4020 = ORIENTED_EDGE ( 'NONE', *, *, #2275, .F. ) ;
#4021 =( GEOMETRIC_REPRESENTATION_CONTEXT ( 3 ) GLOBAL_UNCERTAINTY_ASSIGNED_CONTEXT ( ( #4178 ) ) GLOBAL_UNIT_ASSIGNED_CONTEXT ( ( #3169, #3185, #3422 ) ) REPRESENTATION_CONTEXT ( 'NONE', 'WORKASPACE' ) );
#4022 = PRESENTATION_STYLE_ASSIGNMENT (( #5103 ) ) ;
#4023 = FACE_OUTER_BOUND ( 'NONE', #2857, .T. ) ;
#4024 = FILL_AREA_STYLE_COLOUR ( '', #824 ) ;
#4025 = ORIENTED_EDGE ( 'NONE', *, *, #131, .T. ) ;
#4026 = CARTESIAN_POINT ( 'NONE',  ( 8.609999999999876900, 8.377119664100433700, -7.220000000000000600 ) ) ;
#4027 = SURFACE_STYLE_USAGE ( .BOTH. , #4080 ) ;
#4028 = VECTOR ( 'NONE', #1529, 1000.000000000000000 ) ;
#4029 = STYLED_ITEM ( 'NONE', ( #2535 ), #2145 ) ;
#4030 = DIRECTION ( 'NONE',  ( -0.3987490689252437000, -0.9170600743851251600, 0.0000000000000000000 ) ) ;
#4031 = MECHANICAL_DESIGN_GEOMETRIC_PRESENTATION_REPRESENTATION (  '', ( #4040 ), #4021 ) ;
#4032 = FACE_OUTER_BOUND ( 'NONE', #1048, .T. ) ;
#4033 = ORIENTED_EDGE ( 'NONE', *, *, #1535, .F. ) ;
#4034 = DIRECTION ( 'NONE',  ( 0.0000000000000000000, 1.668003342285391300E-016, -1.000000000000000000 ) ) ;
#4035 = VERTEX_POINT ( 'NONE', #2103 ) ;
#4036 = AXIS2_PLACEMENT_3D ( 'NONE', #3265, #1382, #1817 ) ;
#4037 = VECTOR ( 'NONE', #3286, 1000.000000000000000 ) ;
#4038 = VECTOR ( 'NONE', #346, 1000.000000000000000 ) ;
#4039 = DIRECTION ( 'NONE',  ( -0.0000000000000000000, 1.000000000000000000, 1.668003342285391600E-016 ) ) ;
#4040 = STYLED_ITEM ( 'NONE', ( #1465 ), #684 ) ;
#4041 =( LENGTH_UNIT ( ) NAMED_UNIT ( * ) SI_UNIT ( .MILLI., .METRE. ) );
#4042 = UNCERTAINTY_MEASURE_WITH_UNIT (LENGTH_MEASURE( 1.000000000000000100E-005 ), #850, 'distance_accuracy_value', 'NONE');
#4043 = CARTESIAN_POINT ( 'NONE',  ( 6.649999999999996800, 0.1250000000000020000, 8.269999999999999600 ) ) ;
#4044 = EDGE_LOOP ( 'NONE', ( #1377, #361, #1403, #906 ) ) ;
#4045 = COLOUR_RGB ( '',1.000000000000000000, 1.000000000000000000, 0.0000000000000000000 ) ;
#4046 = UNCERTAINTY_MEASURE_WITH_UNIT (LENGTH_MEASURE( 1.000000000000000100E-005 ), #2563, 'distance_accuracy_value', 'NONE');
#4047 =( LENGTH_UNIT ( ) NAMED_UNIT ( * ) SI_UNIT ( .MILLI., .METRE. ) );
#4048 = DIRECTION ( 'NONE',  ( -0.0000000000000000000, 0.0000000000000000000, -1.000000000000000000 ) ) ;
#4049 = FILL_AREA_STYLE ('',( #4126 ) ) ;
#4050 = PRESENTATION_LAYER_ASSIGNMENT (  '', '', ( #1787 ) ) ;
#4051 = ORIENTED_EDGE ( 'NONE', *, *, #1287, .F. ) ;
#4052 = PRESENTATION_LAYER_ASSIGNMENT (  '', '', ( #4040 ) ) ;
#4053 = SURFACE_STYLE_FILL_AREA ( #5487 ) ;
#4054 = CARTESIAN_POINT ( 'NONE',  ( 8.055773820624489500, -0.1250000000000008900, -8.269999999999999600 ) ) ;
#4055 = VERTEX_POINT ( 'NONE', #5462 ) ;
#4056 = FACE_OUTER_BOUND ( 'NONE', #4132, .T. ) ;
#4057 = EDGE_LOOP ( 'NONE', ( #26, #5402, #5108, #5105 ) ) ;
#4058 = PRESENTATION_STYLE_ASSIGNMENT (( #5470 ) ) ;
#4059 = AXIS2_PLACEMENT_3D ( 'NONE', #1958, #1985, #1889 ) ;
#4060 = VERTEX_POINT ( 'NONE', #4673 ) ;
#4061 =( GEOMETRIC_REPRESENTATION_CONTEXT ( 3 ) GLOBAL_UNCERTAINTY_ASSIGNED_CONTEXT ( ( #3508 ) ) GLOBAL_UNIT_ASSIGNED_CONTEXT ( ( #1530, #1742, #1752 ) ) REPRESENTATION_CONTEXT ( 'NONE', 'WORKASPACE' ) );
#4062 = PRESENTATION_STYLE_ASSIGNMENT (( #5123 ) ) ;
#4063 =( NAMED_UNIT ( * ) PLANE_ANGLE_UNIT ( ) SI_UNIT ( $, .RADIAN. ) );
#4064 = ORIENTED_EDGE ( 'NONE', *, *, #2682, .F. ) ;
#4065 = FACE_OUTER_BOUND ( 'NONE', #5155, .T. ) ;
#4066 = FACE_OUTER_BOUND ( 'NONE', #5595, .T. ) ;
#4067 = ORIENTED_EDGE ( 'NONE', *, *, #4620, .T. ) ;
#4068 = EDGE_CURVE ( 'NONE', #4701, #1905, #2850, .T. ) ;
#4069 = CARTESIAN_POINT ( 'NONE',  ( 8.609999999999896400, 8.377119664100433700, -5.480000000000001300 ) ) ;
#4070 = VERTEX_POINT ( 'NONE', #1641 ) ;
#4071 =( NAMED_UNIT ( * ) SI_UNIT ( $, .STERADIAN. ) SOLID_ANGLE_UNIT ( ) );
#4072 = SURFACE_STYLE_USAGE ( .BOTH. , #4091 ) ;
#4073 = MECHANICAL_DESIGN_GEOMETRIC_PRESENTATION_REPRESENTATION (  '', ( #4116 ), #4061 ) ;
#4074 = ORIENTED_EDGE ( 'NONE', *, *, #471, .F. ) ;
#4075 = SURFACE_STYLE_FILL_AREA ( #386 ) ;
#4076 = UNCERTAINTY_MEASURE_WITH_UNIT (LENGTH_MEASURE( 1.000000000000000100E-005 ), #353, 'distance_accuracy_value', 'NONE');
#4077 = DIRECTION ( 'NONE',  ( 1.000000000000000000, 5.312590645178967000E-015, 0.0000000000000000000 ) ) ;
#4078 = ORIENTED_EDGE ( 'NONE', *, *, #846, .F. ) ;
#4079 = FILL_AREA_STYLE_COLOUR ( '', #727 ) ;
#4080 = SURFACE_SIDE_STYLE ('',( #2349 ) ) ;
#4081 = SURFACE_STYLE_USAGE ( .BOTH. , #4121 ) ;
#4082 = DIRECTION ( 'NONE',  ( -1.084202172485503400E-016, 1.000000000000000000, 7.233811389675590400E-032 ) ) ;
#4083 = CARTESIAN_POINT ( 'NONE',  ( -6.399999999999997700, -0.1249999999999998200, -9.450024999999991200 ) ) ;
#4084 = VECTOR ( 'NONE', #2412, 1000.000000000000000 ) ;
#4085 = ORIENTED_EDGE ( 'NONE', *, *, #1012, .T. ) ;
#4086 = DIRECTION ( 'NONE',  ( 0.0000000000000000000, -1.814126214557196800E-031, 1.000000000000000000 ) ) ;
#4087 = DIRECTION ( 'NONE',  ( 0.0000000000000000000, -0.0000000000000000000, -1.000000000000000000 ) ) ;
#4088 = SURFACE_SIDE_STYLE ('',( #5405 ) ) ;
#4089 = ORIENTED_EDGE ( 'NONE', *, *, #200, .F. ) ;
#4090 = CARTESIAN_POINT ( 'NONE',  ( 7.573907182274248300, -1.872880335899572000, -6.970000000000000600 ) ) ;
#4091 = SURFACE_SIDE_STYLE ('',( #3454 ) ) ;
#4092 = UNCERTAINTY_MEASURE_WITH_UNIT (LENGTH_MEASURE( 1.000000000000000100E-005 ), #88, 'distance_accuracy_value', 'NONE');
#4093 = DIRECTION ( 'NONE',  ( -4.742694567940698700E-032, 7.233811389675591500E-032, -1.000000000000000000 ) ) ;
#4094 = FILL_AREA_STYLE ('',( #4439 ) ) ;
#4095 = VERTEX_POINT ( 'NONE', #261 ) ;
#4096 = FACE_OUTER_BOUND ( 'NONE', #4592, .T. ) ;
#4097 = PRESENTATION_LAYER_ASSIGNMENT (  '', '', ( #4116 ) ) ;
#4098 = CARTESIAN_POINT ( 'NONE',  ( -7.573907182274247400, -1.622880335899560000, -4.429999999999994400 ) ) ;
#4099 = CYLINDRICAL_SURFACE ( 'NONE', #4492, 0.2500000000000000000 ) ;
#4100 = LINE ( 'NONE', #1639, #3929 ) ;
#4101 = EDGE_LOOP ( 'NONE', ( #4324, #4391, #4015, #4268, #4386, #4051, #4445, #4128, #4192, #4248, #4516, #4142 ) ) ;
#4102 = CARTESIAN_POINT ( 'NONE',  ( -8.055773820624498400, -0.1250000000000060800, -6.969999999999993500 ) ) ;
#4103 = CARTESIAN_POINT ( 'NONE',  ( -6.399999999999992400, -0.1250000000000051600, 6.970000000000003300 ) ) ;
#4104 = EDGE_CURVE ( 'NONE', #3688, #2164, #2257, .T. ) ;
#4105 = CARTESIAN_POINT ( 'NONE',  ( 7.573907182274248300, -1.622880335899570900, -8.019999999999999600 ) ) ;
#4106 = CARTESIAN_POINT ( 'NONE',  ( 6.649999999999996800, -0.1249999999999980000, 6.969999999999999800 ) ) ;
#4107 =( GEOMETRIC_REPRESENTATION_CONTEXT ( 3 ) GLOBAL_UNCERTAINTY_ASSIGNED_CONTEXT ( ( #3721 ) ) GLOBAL_UNIT_ASSIGNED_CONTEXT ( ( #2027, #650, #612 ) ) REPRESENTATION_CONTEXT ( 'NONE', 'WORKASPACE' ) );
#4108 = AXIS2_PLACEMENT_3D ( 'NONE', #5570, #728, #779 ) ;
#4109 = VECTOR ( 'NONE', #3698, 1000.000000000000000 ) ;
#4110 = DIRECTION ( 'NONE',  ( 1.000000000000000000, 1.734723475976811400E-015, 0.0000000000000000000 ) ) ;
#4111 = FILL_AREA_STYLE ('',( #4587 ) ) ;
#4112 = CARTESIAN_POINT ( 'NONE',  ( -6.399999999999996800, -0.1249999999999998200, -9.449999999999999300 ) ) ;
#4113 = LINE ( 'NONE', #2285, #2439 ) ;
#4114 =( NAMED_UNIT ( * ) PLANE_ANGLE_UNIT ( ) SI_UNIT ( $, .RADIAN. ) );
#4115 = MECHANICAL_DESIGN_GEOMETRIC_PRESENTATION_REPRESENTATION (  '', ( #4284 ), #4107 ) ;
#4116 = STYLED_ITEM ( 'NONE', ( #465 ), #635 ) ;
#4117 = UNCERTAINTY_MEASURE_WITH_UNIT (LENGTH_MEASURE( 1.000000000000000100E-005 ), #5048, 'distance_accuracy_value', 'NONE');
#4118 = VERTEX_POINT ( 'NONE', #3878 ) ;
#4119 = DIRECTION ( 'NONE',  ( -5.507058653894625900E-016, 0.0000000000000000000, -1.000000000000000000 ) ) ;
#4120 = STYLED_ITEM ( 'NONE', ( #4210 ), #2310 ) ;
#4121 = SURFACE_SIDE_STYLE ('',( #4666 ) ) ;
#4122 = VERTEX_POINT ( 'NONE', #3460 ) ;
#4123 = DIRECTION ( 'NONE',  ( 0.0000000000000000000, -0.0000000000000000000, -1.000000000000000000 ) ) ;
#4124 = CARTESIAN_POINT ( 'NONE',  ( 8.055773820624491300, 0.1250000000000004700, -5.730000000000001300 ) ) ;
#4125 = FILL_AREA_STYLE_COLOUR ( '', #4549 ) ;
#4126 = FILL_AREA_STYLE_COLOUR ( '', #844 ) ;
#4127 = CARTESIAN_POINT ( 'NONE',  ( 6.813907182274256500, 0.1250000000000020000, 6.969999999999999800 ) ) ;
#4128 = ORIENTED_EDGE ( 'NONE', *, *, #1203, .F. ) ;
#4129 =( NAMED_UNIT ( * ) SI_UNIT ( $, .STERADIAN. ) SOLID_ANGLE_UNIT ( ) );
#4130 = COLOUR_RGB ( '',1.000000000000000000, 1.000000000000000000, 0.0000000000000000000 ) ;
#4131 =( LENGTH_UNIT ( ) NAMED_UNIT ( * ) SI_UNIT ( .MILLI., .METRE. ) );
#4132 = EDGE_LOOP ( 'NONE', ( #3562, #2373, #5086, #4033, #294, #3421 ) ) ;
#4133 = ORIENTED_EDGE ( 'NONE', *, *, #5585, .T. ) ;
#4134 = VECTOR ( 'NONE', #1257, 1000.000000000000000 ) ;
#4135 = DIRECTION ( 'NONE',  ( 4.742694567940698700E-032, -7.233811389675591500E-032, 1.000000000000000000 ) ) ;
#4136 = ORIENTED_EDGE ( 'NONE', *, *, #1763, .F. ) ;
#4137 = COLOUR_RGB ( '',1.000000000000000000, 1.000000000000000000, 0.0000000000000000000 ) ;
#4138 = ORIENTED_EDGE ( 'NONE', *, *, #1496, .F. ) ;
#4139 =( GEOMETRIC_REPRESENTATION_CONTEXT ( 3 ) GLOBAL_UNCERTAINTY_ASSIGNED_CONTEXT ( ( #4783 ) ) GLOBAL_UNIT_ASSIGNED_CONTEXT ( ( #428, #667, #685 ) ) REPRESENTATION_CONTEXT ( 'NONE', 'WORKASPACE' ) );
#4140 =( NAMED_UNIT ( * ) PLANE_ANGLE_UNIT ( ) SI_UNIT ( $, .RADIAN. ) );
#4141 = DIRECTION ( 'NONE',  ( -4.589215544912188200E-017, 0.0000000000000000000, 1.000000000000000000 ) ) ;
#4142 = ORIENTED_EDGE ( 'NONE', *, *, #715, .F. ) ;
#4143 = SURFACE_STYLE_FILL_AREA ( #969 ) ;
#4144 =( LENGTH_UNIT ( ) NAMED_UNIT ( * ) SI_UNIT ( .MILLI., .METRE. ) );
#4145 = PRESENTATION_STYLE_ASSIGNMENT (( #692 ) ) ;
#4146 = ORIENTED_EDGE ( 'NONE', *, *, #3433, .F. ) ;
#4147 = CARTESIAN_POINT ( 'NONE',  ( 6.649999999999987900, -0.1250000000000007800, -4.430000000000001500 ) ) ;
#4148 = PRESENTATION_LAYER_ASSIGNMENT (  '', '', ( #4284 ) ) ;
#4149 = MECHANICAL_DESIGN_GEOMETRIC_PRESENTATION_REPRESENTATION (  '', ( #4172 ), #4139 ) ;
#4150 = FACE_OUTER_BOUND ( 'NONE', #4841, .T. ) ;
#4151 = ORIENTED_EDGE ( 'NONE', *, *, #621, .F. ) ;
#4152 = SURFACE_SIDE_STYLE ('',( #5093 ) ) ;
#4153 = COLOUR_RGB ( '',1.000000000000000000, 1.000000000000000000, 0.0000000000000000000 ) ;
#4154 = DIRECTION ( 'NONE',  ( 0.0000000000000000000, 1.000000000000000000, 0.0000000000000000000 ) ) ;
#4155 = DIRECTION ( 'NONE',  ( 1.093590911432185700E-016, 1.668003342285391100E-016, -1.000000000000000000 ) ) ;
#4156 = ORIENTED_EDGE ( 'NONE', *, *, #1075, .F. ) ;
#4157 = FILL_AREA_STYLE ('',( #3715 ) ) ;
#4158 = SURFACE_STYLE_USAGE ( .BOTH. , #4174 ) ;
#4159 = VECTOR ( 'NONE', #4312, 1000.000000000000200 ) ;
#4160 =( GEOMETRIC_REPRESENTATION_CONTEXT ( 3 ) GLOBAL_UNCERTAINTY_ASSIGNED_CONTEXT ( ( #1399 ) ) GLOBAL_UNIT_ASSIGNED_CONTEXT ( ( #2458, #2475, #2019 ) ) REPRESENTATION_CONTEXT ( 'NONE', 'WORKASPACE' ) );
#4161 = PRESENTATION_LAYER_ASSIGNMENT (  '', '', ( #4172 ) ) ;
#4162 = CARTESIAN_POINT ( 'NONE',  ( 8.609999999999876900, -1.622880335899570500, -7.220000000000000600 ) ) ;
#4163 = SURFACE_SIDE_STYLE ('',( #5558 ) ) ;
#4164 = ORIENTED_EDGE ( 'NONE', *, *, #5323, .T. ) ;
#4165 = CARTESIAN_POINT ( 'NONE',  ( 8.055773820624489500, 0.1250000000000001400, -8.269999999999999600 ) ) ;
#4166 = UNCERTAINTY_MEASURE_WITH_UNIT (LENGTH_MEASURE( 1.000000000000000100E-005 ), #3165, 'distance_accuracy_value', 'NONE');
#4167 = PLANE ( 'NONE',  #619 ) ;
#4168 = FILL_AREA_STYLE ('',( #1278 ) ) ;
#4169 = PRESENTATION_STYLE_ASSIGNMENT (( #1238 ) ) ;
#4170 = MECHANICAL_DESIGN_GEOMETRIC_PRESENTATION_REPRESENTATION (  '', ( #4228 ), #4160 ) ;
#4171 = DIRECTION ( 'NONE',  ( 0.0000000000000000000, -1.000000000000000000, 0.0000000000000000000 ) ) ;
#4172 = STYLED_ITEM ( 'NONE', ( #2197 ), #608 ) ;
#4173 = AXIS2_PLACEMENT_3D ( 'NONE', #3826, #189, #3890 ) ;
#4174 = SURFACE_SIDE_STYLE ('',( #3829 ) ) ;
#4175 = DIRECTION ( 'NONE',  ( -1.000000000000000000, 3.577867169202161500E-015, 0.0000000000000000000 ) ) ;
#4176 = SURFACE_STYLE_USAGE ( .BOTH. , #4163 ) ;
#4177 = SURFACE_SIDE_STYLE ('',( #4006 ) ) ;
#4178 = UNCERTAINTY_MEASURE_WITH_UNIT (LENGTH_MEASURE( 1.000000000000000100E-005 ), #3169, 'distance_accuracy_value', 'NONE');
#4179 = ORIENTED_EDGE ( 'NONE', *, *, #363, .T. ) ;
#4180 = SURFACE_STYLE_USAGE ( .BOTH. , #4200 ) ;
#4181 =( GEOMETRIC_REPRESENTATION_CONTEXT ( 3 ) GLOBAL_UNCERTAINTY_ASSIGNED_CONTEXT ( ( #3000 ) ) GLOBAL_UNIT_ASSIGNED_CONTEXT ( ( #5344, #5306, #5286 ) ) REPRESENTATION_CONTEXT ( 'NONE', 'WORKASPACE' ) );
#4182 = AXIS2_PLACEMENT_3D ( 'NONE', #5356, #5210, #121 ) ;
#4183 = DIRECTION ( 'NONE',  ( -1.000000000000000000, 0.0000000000000000000, -0.0000000000000000000 ) ) ;
#4184 =( NAMED_UNIT ( * ) SI_UNIT ( $, .STERADIAN. ) SOLID_ANGLE_UNIT ( ) );
#4185 = EDGE_LOOP ( 'NONE', ( #3969, #4665, #1141, #2088 ) ) ;
#4186 =( LENGTH_UNIT ( ) NAMED_UNIT ( * ) SI_UNIT ( .MILLI., .METRE. ) );
#4187 = UNCERTAINTY_MEASURE_WITH_UNIT (LENGTH_MEASURE( 1.000000000000000100E-005 ), #4466, 'distance_accuracy_value', 'NONE');
#4188 = DIRECTION ( 'NONE',  ( 1.000000000000000000, 0.0000000000000000000, 0.0000000000000000000 ) ) ;
#4189 = SURFACE_SIDE_STYLE ('',( #2477 ) ) ;
#4190 = SURFACE_SIDE_STYLE ('',( #2047 ) ) ;
#4191 = EDGE_LOOP ( 'NONE', ( #4686, #1363, #1890, #1829 ) ) ;
#4192 = ORIENTED_EDGE ( 'NONE', *, *, #3525, .T. ) ;
#4193 = ORIENTED_EDGE ( 'NONE', *, *, #663, .T. ) ;
#4194 = FILL_AREA_STYLE ('',( #4647 ) ) ;
#4195 = CARTESIAN_POINT ( 'NONE',  ( 6.649999999999987900, -0.1250000000000007800, -4.430000000000001500 ) ) ;
#4196 = PRESENTATION_STYLE_ASSIGNMENT (( #4309 ) ) ;
#4197 = DIRECTION ( 'NONE',  ( 1.000000000000000000, 0.0000000000000000000, -0.0000000000000000000 ) ) ;
#4198 = EDGE_LOOP ( 'NONE', ( #3498, #5574, #3892, #5524 ) ) ;
#4199 =( GEOMETRIC_REPRESENTATION_CONTEXT ( 3 ) GLOBAL_UNCERTAINTY_ASSIGNED_CONTEXT ( ( #4363 ) ) GLOBAL_UNIT_ASSIGNED_CONTEXT ( ( #3261, #3353, #3378 ) ) REPRESENTATION_CONTEXT ( 'NONE', 'WORKASPACE' ) );
#4200 = SURFACE_SIDE_STYLE ('',( #4898 ) ) ;
#4201 = VERTEX_POINT ( 'NONE', #284 ) ;
#4202 = DIRECTION ( 'NONE',  ( -0.0000000000000000000, 0.0000000000000000000, 1.000000000000000000 ) ) ;
#4203 = COLOUR_RGB ( '',0.0000000000000000000, 0.0000000000000000000, 0.0000000000000000000 ) ;
#4204 = EDGE_LOOP ( 'NONE', ( #4636, #4452, #3959, #4067, #4133, #3953, #3556, #4448 ) ) ;
#4205 = DIRECTION ( 'NONE',  ( -1.000000000000000000, 0.0000000000000000000, -0.0000000000000000000 ) ) ;
#4206 = SURFACE_STYLE_USAGE ( .BOTH. , #4189 ) ;
#4207 = SURFACE_STYLE_FILL_AREA ( #1510 ) ;
#4208 = MECHANICAL_DESIGN_GEOMETRIC_PRESENTATION_REPRESENTATION (  '', ( #4239 ), #4199 ) ;
#4209 = FILL_AREA_STYLE ('',( #3939 ) ) ;
#4210 = PRESENTATION_STYLE_ASSIGNMENT (( #1501 ) ) ;
#4211 = ORIENTED_EDGE ( 'NONE', *, *, #941, .T. ) ;
#4212 = SURFACE_SIDE_STYLE ('',( #4862 ) ) ;
#4213 = SURFACE_STYLE_FILL_AREA ( #1069 ) ;
#4214 = ORIENTED_EDGE ( 'NONE', *, *, #1086, .F. ) ;
#4215 = CARTESIAN_POINT ( 'NONE',  ( 7.573907182274255400, -1.622880335899568500, 4.679999999999999700 ) ) ;
#4216 = DIRECTION ( 'NONE',  ( -1.000000000000000000, 0.0000000000000000000, -0.0000000000000000000 ) ) ;
#4217 = FACE_OUTER_BOUND ( 'NONE', #3813, .T. ) ;
#4218 = PRESENTATION_LAYER_ASSIGNMENT (  '', '', ( #4228 ) ) ;
#4219 = AXIS2_PLACEMENT_3D ( 'NONE', #2703, #2691, #2674 ) ;
#4220 = PRESENTATION_LAYER_ASSIGNMENT (  '', '', ( #4239 ) ) ;
#4221 = ORIENTED_EDGE ( 'NONE', *, *, #122, .T. ) ;
#4222 = CARTESIAN_POINT ( 'NONE',  ( -7.573907182274247400, 8.377119664100432000, -6.969999999999993500 ) ) ;
#4223 = AXIS2_PLACEMENT_3D ( 'NONE', #2937, #2896, #2888 ) ;
#4224 = VERTEX_POINT ( 'NONE', #4692 ) ;
#4225 = CARTESIAN_POINT ( 'NONE',  ( 6.879265018596277600, -0.02531273276868721900, 6.969999999999999800 ) ) ;
#4226 = COLOUR_RGB ( '',1.000000000000000000, 1.000000000000000000, 0.0000000000000000000 ) ;
#4227 = FILL_AREA_STYLE_COLOUR ( '', #1537 ) ;
#4228 = STYLED_ITEM ( 'NONE', ( #4296 ), #2305 ) ;
#4229 = AXIS2_PLACEMENT_3D ( 'NONE', #5505, #5522, #5611 ) ;
#4230 = CARTESIAN_POINT ( 'NONE',  ( 6.399999999999998600, 0.1249999999999998900, 8.269999999999999600 ) ) ;
#4231 = CARTESIAN_POINT ( 'NONE',  ( 8.055773820624489500, -0.1250000000000011100, -6.970000000000000600 ) ) ;
#4232 = VECTOR ( 'NONE', #4976, 1000.000000000000000 ) ;
#4233 = CARTESIAN_POINT ( 'NONE',  ( -8.609999999999992300, -1.622880335899559400, 8.270000000000006700 ) ) ;
#4234 = CARTESIAN_POINT ( 'NONE',  ( 7.573907182274248300, -1.622880335899570700, -8.269999999999999600 ) ) ;
#4235 = CARTESIAN_POINT ( 'NONE',  ( -7.573907182274248300, -1.622880335899559800, -4.429999999999994400 ) ) ;
#4236 =( NAMED_UNIT ( * ) SI_UNIT ( $, .STERADIAN. ) SOLID_ANGLE_UNIT ( ) );
#4237 = SURFACE_STYLE_FILL_AREA ( #5167 ) ;
#4238 =( NAMED_UNIT ( * ) PLANE_ANGLE_UNIT ( ) SI_UNIT ( $, .RADIAN. ) );
#4239 = STYLED_ITEM ( 'NONE', ( #2754 ), #592 ) ;
#4240 = VECTOR ( 'NONE', #2555, 1000.000000000000000 ) ;
#4241 = DIRECTION ( 'NONE',  ( 0.0000000000000000000, -1.668003342285391300E-016, 1.000000000000000000 ) ) ;
#4242 =( NAMED_UNIT ( * ) SI_UNIT ( $, .STERADIAN. ) SOLID_ANGLE_UNIT ( ) );
#4243 = EDGE_CURVE ( 'NONE', #2807, #150, #2265, .T. ) ;
#4244 = PRODUCT_DEFINITION_FORMATION_WITH_SPECIFIED_SOURCE ( 'ANY', '', #4747, .NOT_KNOWN. ) ;
#4245 = SURFACE_STYLE_USAGE ( .BOTH. , #4212 ) ;
#4246 = DIRECTION ( 'NONE',  ( 0.1039620511844935900, -0.9891328443778542000, -0.1039620511844984000 ) ) ;
#4247 = STYLED_ITEM ( 'NONE', ( #723 ), #2078 ) ;
#4248 = ORIENTED_EDGE ( 'NONE', *, *, #900, .F. ) ;
#4249 = DIRECTION ( 'NONE',  ( 0.0000000000000000000, 1.668003342285391300E-016, -1.000000000000000000 ) ) ;
#4250 = DIRECTION ( 'NONE',  ( 0.0000000000000000000, -0.0000000000000000000, 1.000000000000000000 ) ) ;
#4251 = EDGE_CURVE ( 'NONE', #150, #1032, #2821, .T. ) ;
#4252 = DIRECTION ( 'NONE',  ( -0.0000000000000000000, 1.000000000000000000, 1.668003342285391300E-016 ) ) ;
#4253 = ORIENTED_EDGE ( 'NONE', *, *, #778, .F. ) ;
#4254 = FILL_AREA_STYLE ('',( #5396 ) ) ;
#4255 = AXIS2_PLACEMENT_3D ( 'NONE', #1185, #1170, #3119 ) ;
#4256 = UNCERTAINTY_MEASURE_WITH_UNIT (LENGTH_MEASURE( 1.000000000000000100E-005 ), #777, 'distance_accuracy_value', 'NONE');
#4257 =( LENGTH_UNIT ( ) NAMED_UNIT ( * ) SI_UNIT ( .MILLI., .METRE. ) );
#4258 = SURFACE_STYLE_FILL_AREA ( #5586 ) ;
#4259 = ORIENTED_EDGE ( 'NONE', *, *, #2370, .T. ) ;
#4260 = COLOUR_RGB ( '',1.000000000000000000, 1.000000000000000000, 0.0000000000000000000 ) ;
#4261 = EDGE_LOOP ( 'NONE', ( #5037, #5032, #5023, #2695 ) ) ;
#4262 = ORIENTED_EDGE ( 'NONE', *, *, #401, .F. ) ;
#4263 = ORIENTED_EDGE ( 'NONE', *, *, #4975, .T. ) ;
#4264 = PLANE ( 'NONE',  #2930 ) ;
#4265 = UNCERTAINTY_MEASURE_WITH_UNIT (LENGTH_MEASURE( 1.000000000000000100E-005 ), #1865, 'distance_accuracy_value', 'NONE');
#4266 = PRESENTATION_STYLE_ASSIGNMENT (( #1067 ) ) ;
#4267 =( LENGTH_UNIT ( ) NAMED_UNIT ( * ) SI_UNIT ( .MILLI., .METRE. ) );
#4268 = ORIENTED_EDGE ( 'NONE', *, *, #1429, .F. ) ;
#4269 = CARTESIAN_POINT ( 'NONE',  ( -6.813907182274253800, 0.1249999999999932300, -4.429999999999994400 ) ) ;
#4270 = ORIENTED_EDGE ( 'NONE', *, *, #879, .F. ) ;
#4271 =( LENGTH_UNIT ( ) NAMED_UNIT ( * ) SI_UNIT ( .MILLI., .METRE. ) );
#4272 = DIRECTION ( 'NONE',  ( 1.093590911432185400E-016, 1.668003342285391300E-016, -1.000000000000000000 ) ) ;
#4273 = VERTEX_POINT ( 'NONE', #2121 ) ;
#4274 = PLANE ( 'NONE',  #5165 ) ;
#4275 = ORIENTED_EDGE ( 'NONE', *, *, #15, .F. ) ;
#4276 =( GEOMETRIC_REPRESENTATION_CONTEXT ( 3 ) GLOBAL_UNCERTAINTY_ASSIGNED_CONTEXT ( ( #4336 ) ) GLOBAL_UNIT_ASSIGNED_CONTEXT ( ( #5369, #5374, #5398 ) ) REPRESENTATION_CONTEXT ( 'NONE', 'WORKASPACE' ) );
#4277 = PRESENTATION_STYLE_ASSIGNMENT (( #1022 ) ) ;
#4278 = CIRCLE ( 'NONE', #4002, 0.3999999999999889200 ) ;
#4279 = DIRECTION ( 'NONE',  ( -1.000000000000000000, -1.807003620809171700E-016, 0.0000000000000000000 ) ) ;
#4280 = ORIENTED_EDGE ( 'NONE', *, *, #1266, .F. ) ;
#4281 = EDGE_CURVE ( 'NONE', #2028, #1032, #1241, .T. ) ;
#4282 = COLOUR_RGB ( '',0.0000000000000000000, 0.0000000000000000000, 0.0000000000000000000 ) ;
#4283 = FILL_AREA_STYLE_COLOUR ( '', #1482 ) ;
#4284 = STYLED_ITEM ( 'NONE', ( #2925 ), #2144 ) ;
#4285 = MECHANICAL_DESIGN_GEOMETRIC_PRESENTATION_REPRESENTATION (  '', ( #4316 ), #4276 ) ;
#4286 = ORIENTED_EDGE ( 'NONE', *, *, #825, .F. ) ;
#4287 = SURFACE_STYLE_FILL_AREA ( #2874 ) ;
#4288 = CARTESIAN_POINT ( 'NONE',  ( 6.649999999999987900, -0.1249999999999998300, -8.269999999999999600 ) ) ;
#4289 = CARTESIAN_POINT ( 'NONE',  ( 7.573907182274236800, 8.377119664100432000, 4.429999999999999700 ) ) ;
#4290 =( NAMED_UNIT ( * ) SI_UNIT ( $, .STERADIAN. ) SOLID_ANGLE_UNIT ( ) );
#4291 = DIRECTION ( 'NONE',  ( -1.000000000000000000, 0.0000000000000000000, 0.0000000000000000000 ) ) ;
#4292 = LINE ( 'NONE', #948, #1852 ) ;
#4293 = UNCERTAINTY_MEASURE_WITH_UNIT (LENGTH_MEASURE( 1.000000000000000100E-005 ), #3727, 'distance_accuracy_value', 'NONE');
#4294 = PRESENTATION_LAYER_ASSIGNMENT (  '', '', ( #4316 ) ) ;
#4295 = DIRECTION ( 'NONE',  ( -0.0000000000000000000, 1.000000000000000000, -0.0000000000000000000 ) ) ;
#4296 = PRESENTATION_STYLE_ASSIGNMENT (( #2427 ) ) ;
#4297 = CARTESIAN_POINT ( 'NONE',  ( 7.409999999999997500, -1.872880335899569100, 6.969999999999999800 ) ) ;
#4298 = ORIENTED_EDGE ( 'NONE', *, *, #1038, .F. ) ;
#4299 = FACE_OUTER_BOUND ( 'NONE', #1435, .T. ) ;
#4300 = COLOUR_RGB ( '',1.000000000000000000, 1.000000000000000000, 0.0000000000000000000 ) ;
#4301 =( GEOMETRIC_REPRESENTATION_CONTEXT ( 3 ) GLOBAL_UNCERTAINTY_ASSIGNED_CONTEXT ( ( #1263 ) ) GLOBAL_UNIT_ASSIGNED_CONTEXT ( ( #3337, #3300, #3064 ) ) REPRESENTATION_CONTEXT ( 'NONE', 'WORKASPACE' ) );
#4302 = VECTOR ( 'NONE', #2073, 1000.000000000000000 ) ;
#4303 = DIRECTION ( 'NONE',  ( -1.000000000000000000, -4.605690828718422800E-016, 0.0000000000000000000 ) ) ;
#4304 = CARTESIAN_POINT ( 'NONE',  ( 7.573907182274134600, -1.622880335899309100, -6.970000000000000600 ) ) ;
#4305 =( NAMED_UNIT ( * ) PLANE_ANGLE_UNIT ( ) SI_UNIT ( $, .RADIAN. ) );
#4306 = VECTOR ( 'NONE', #3783, 1000.000000000000000 ) ;
#4307 = PLANE ( 'NONE',  #4059 ) ;
#4308 = MECHANICAL_DESIGN_GEOMETRIC_PRESENTATION_REPRESENTATION (  '', ( #4435 ), #4301 ) ;
#4309 = SURFACE_STYLE_USAGE ( .BOTH. , #4428 ) ;
#4310 = AXIS2_PLACEMENT_3D ( 'NONE', #3913, #4183, #4202 ) ;
#4311 = DIRECTION ( 'NONE',  ( 1.000000000000000000, 0.0000000000000000000, 0.0000000000000000000 ) ) ;
#4312 = DIRECTION ( 'NONE',  ( -0.3987490689252437500, -0.9170600743851250500, 0.0000000000000000000 ) ) ;
#4313 = LINE ( 'NONE', #4995, #3991 ) ;
#4314 = FILL_AREA_STYLE_COLOUR ( '', #472 ) ;
#4315 = CARTESIAN_POINT ( 'NONE',  ( -6.399999999999997700, -0.1249999999999998200, 8.270000000000006700 ) ) ;
#4316 = STYLED_ITEM ( 'NONE', ( #2954 ), #591 ) ;
#4317 = ORIENTED_EDGE ( 'NONE', *, *, #5612, .F. ) ;
#4318 = DIRECTION ( 'NONE',  ( -1.807003620809171700E-016, 1.000000000000000000, 7.233811389675592600E-032 ) ) ;
#4319 =( NAMED_UNIT ( * ) PLANE_ANGLE_UNIT ( ) SI_UNIT ( $, .RADIAN. ) );
#4320 = DIRECTION ( 'NONE',  ( -4.605690828718422800E-016, 1.000000000000000000, -2.148296599194334800E-032 ) ) ;
#4321 = CARTESIAN_POINT ( 'NONE',  ( -7.409999999999987700, -1.872880335899559600, -4.429999999999994400 ) ) ;
#4322 = VERTEX_POINT ( 'NONE', #2148 ) ;
#4323 = CARTESIAN_POINT ( 'NONE',  ( 7.573907182274236800, 8.377119664100432000, 5.729999999999998600 ) ) ;
#4324 = ORIENTED_EDGE ( 'NONE', *, *, #761, .F. ) ;
#4325 = CARTESIAN_POINT ( 'NONE',  ( 4.599999999999996100, 6.624999999999991100, 7.650000000000000400 ) ) ;
#4326 = UNCERTAINTY_MEASURE_WITH_UNIT (LENGTH_MEASURE( 1.000000000000000100E-005 ), #193, 'distance_accuracy_value', 'NONE');
#4327 = PLANE ( 'NONE',  #5452 ) ;
#4328 = ORIENTED_EDGE ( 'NONE', *, *, #5064, .F. ) ;
#4329 = CARTESIAN_POINT ( 'NONE',  ( -7.573907182274247400, -1.622880335899560000, -5.479999999999990700 ) ) ;
#4330 =( NAMED_UNIT ( * ) SI_UNIT ( $, .STERADIAN. ) SOLID_ANGLE_UNIT ( ) );
#4331 = EDGE_LOOP ( 'NONE', ( #3007, #5262 ) ) ;
#4332 = SURFACE_STYLE_FILL_AREA ( #5598 ) ;
#4333 = ORIENTED_EDGE ( 'NONE', *, *, #320, .F. ) ;
#4334 = ORIENTED_EDGE ( 'NONE', *, *, #5089, .F. ) ;
#4335 =( LENGTH_UNIT ( ) NAMED_UNIT ( * ) SI_UNIT ( .MILLI., .METRE. ) );
#4336 = UNCERTAINTY_MEASURE_WITH_UNIT (LENGTH_MEASURE( 1.000000000000000100E-005 ), #5369, 'distance_accuracy_value', 'NONE');
#4337 = ORIENTED_EDGE ( 'NONE', *, *, #1596, .F. ) ;
#4338 = CARTESIAN_POINT ( 'NONE',  ( 7.573907182274248300, -1.872880335899570700, -8.269999999999999600 ) ) ;
#4339 = ORIENTED_EDGE ( 'NONE', *, *, #5351, .F. ) ;
#4340 =( NAMED_UNIT ( * ) SI_UNIT ( $, .STERADIAN. ) SOLID_ANGLE_UNIT ( ) );
#4341 = FACE_OUTER_BOUND ( 'NONE', #3667, .T. ) ;
#4342 =( GEOMETRIC_REPRESENTATION_CONTEXT ( 3 ) GLOBAL_UNCERTAINTY_ASSIGNED_CONTEXT ( ( #4293 ) ) GLOBAL_UNIT_ASSIGNED_CONTEXT ( ( #3727, #3748, #3756 ) ) REPRESENTATION_CONTEXT ( 'NONE', 'WORKASPACE' ) );
#4343 = DIRECTION ( 'NONE',  ( 1.000000000000000000, 5.082197683525809900E-016, 0.0000000000000000000 ) ) ;
#4344 = ORIENTED_EDGE ( 'NONE', *, *, #995, .F. ) ;
#4345 =( GEOMETRIC_REPRESENTATION_CONTEXT ( 3 ) GLOBAL_UNCERTAINTY_ASSIGNED_CONTEXT ( ( #3600 ) ) GLOBAL_UNIT_ASSIGNED_CONTEXT ( ( #1325, #1274, #1269 ) ) REPRESENTATION_CONTEXT ( 'NONE', 'WORKASPACE' ) );
#4346 = DIRECTION ( 'NONE',  ( -4.605690828718422800E-016, 1.000000000000000000, 0.0000000000000000000 ) ) ;
#4347 = CARTESIAN_POINT ( 'NONE',  ( 6.879265018596268700, -0.02531273276868903700, -6.970000000000000600 ) ) ;
#4348 =( GEOMETRIC_REPRESENTATION_CONTEXT ( 3 ) GLOBAL_UNCERTAINTY_ASSIGNED_CONTEXT ( ( #3110 ) ) GLOBAL_UNIT_ASSIGNED_CONTEXT ( ( #3674, #3437, #2824 ) ) REPRESENTATION_CONTEXT ( 'NONE', 'WORKASPACE' ) );
#4349 = MECHANICAL_DESIGN_GEOMETRIC_PRESENTATION_REPRESENTATION (  '', ( #4383 ), #4342 ) ;
#4350 =( NAMED_UNIT ( * ) PLANE_ANGLE_UNIT ( ) SI_UNIT ( $, .RADIAN. ) );
#4351 = CARTESIAN_POINT ( 'NONE',  ( -6.649999999999994100, -0.1250000000000054100, 6.970000000000003300 ) ) ;
#4352 = ORIENTED_EDGE ( 'NONE', *, *, #450, .F. ) ;
#4353 = COLOUR_RGB ( '',1.000000000000000000, 1.000000000000000000, 0.0000000000000000000 ) ;
#4354 = SURFACE_STYLE_USAGE ( .BOTH. , #4560 ) ;
#4355 =( NAMED_UNIT ( * ) SI_UNIT ( $, .STERADIAN. ) SOLID_ANGLE_UNIT ( ) );
#4356 = EDGE_CURVE ( 'NONE', #2028, #173, #2765, .T. ) ;
#4357 = ORIENTED_EDGE ( 'NONE', *, *, #21, .F. ) ;
#4358 = SURFACE_STYLE_FILL_AREA ( #3785 ) ;
#4359 = PRESENTATION_LAYER_ASSIGNMENT (  '', '', ( #4383 ) ) ;
#4360 = PLANE ( 'NONE',  #5 ) ;
#4361 = CARTESIAN_POINT ( 'NONE',  ( 4.599999999999996100, 6.824999999999998400, 7.650000000000000400 ) ) ;
#4362 = FACE_OUTER_BOUND ( 'NONE', #4375, .T. ) ;
#4363 = UNCERTAINTY_MEASURE_WITH_UNIT (LENGTH_MEASURE( 1.000000000000000100E-005 ), #3261, 'distance_accuracy_value', 'NONE');
#4364 = VERTEX_POINT ( 'NONE', #5516 ) ;
#4365 = PRESENTATION_STYLE_ASSIGNMENT (( #3539 ) ) ;
#4366 = EDGE_CURVE ( 'NONE', #3623, #488, #2747, .T. ) ;
#4367 = CARTESIAN_POINT ( 'NONE',  ( 6.649999999999994100, -0.1249999999999982700, 5.729999999999998600 ) ) ;
#4368 = PRESENTATION_LAYER_ASSIGNMENT (  '', '', ( #4435 ) ) ;
#4369 = LINE ( 'NONE', #234, #3986 ) ;
#4370 = ORIENTED_EDGE ( 'NONE', *, *, #249, .F. ) ;
#4371 = CARTESIAN_POINT ( 'NONE',  ( -3.468599919006361900E-015, 6.824999999999996600, -7.830349023506433900E-017 ) ) ;
#4372 = FACE_OUTER_BOUND ( 'NONE', #1375, .T. ) ;
#4373 = CARTESIAN_POINT ( 'NONE',  ( 7.573907182274248300, -1.872880335899570900, -5.730000000000001300 ) ) ;
#4374 =( NAMED_UNIT ( * ) PLANE_ANGLE_UNIT ( ) SI_UNIT ( $, .RADIAN. ) );
#4375 = EDGE_LOOP ( 'NONE', ( #5459, #5426, #4913, #696, #5477, #4151, #4596, #4851, #2178, #5357, #5352, #5348 ) ) ;
#4376 = AXIS2_PLACEMENT_3D ( 'NONE', #2024, #4698, #2133 ) ;
#4377 = CARTESIAN_POINT ( 'NONE',  ( -6.247598858864773100, -1.575000000000001500, 9.297598858864764900 ) ) ;
#4378 = DIRECTION ( 'NONE',  ( 0.0000000000000000000, -1.000000000000000000, 0.0000000000000000000 ) ) ;
#4379 = CARTESIAN_POINT ( 'NONE',  ( 7.573907182274248300, -1.622880335899570900, -6.970000000000000600 ) ) ;
#4380 = ORIENTED_EDGE ( 'NONE', *, *, #918, .T. ) ;
#4381 = EDGE_CURVE ( 'NONE', #3623, #228, #2748, .T. ) ;
#4382 = MECHANICAL_DESIGN_GEOMETRIC_PRESENTATION_REPRESENTATION (  '', ( #4454 ), #4345 ) ;
#4383 = STYLED_ITEM ( 'NONE', ( #3835 ), #546 ) ;
#4384 = EDGE_LOOP ( 'NONE', ( #1519, #1514, #1439, #1431, #1320, #1253, #1190, #1183 ) ) ;
#4385 = UNCERTAINTY_MEASURE_WITH_UNIT (LENGTH_MEASURE( 1.000000000000000100E-005 ), #165, 'distance_accuracy_value', 'NONE');
#4386 = ORIENTED_EDGE ( 'NONE', *, *, #1524, .T. ) ;
#4387 = UNCERTAINTY_MEASURE_WITH_UNIT (LENGTH_MEASURE( 1.000000000000000100E-005 ), #4624, 'distance_accuracy_value', 'NONE');
#4388 = CARTESIAN_POINT ( 'NONE',  ( 8.609999999999990500, -1.747880335899571400, -7.620000000000000100 ) ) ;
#4389 = ORIENTED_EDGE ( 'NONE', *, *, #60, .T. ) ;
#4390 = COLOUR_RGB ( '',1.000000000000000000, 1.000000000000000000, 0.0000000000000000000 ) ;
#4391 = ORIENTED_EDGE ( 'NONE', *, *, #785, .F. ) ;
#4392 =( LENGTH_UNIT ( ) NAMED_UNIT ( * ) SI_UNIT ( .MILLI., .METRE. ) );
#4393 = VERTEX_POINT ( 'NONE', #1265 ) ;
#4394 = VERTEX_POINT ( 'NONE', #1694 ) ;
#4395 = FACE_OUTER_BOUND ( 'NONE', #2071, .T. ) ;
#4396 = CARTESIAN_POINT ( 'NONE',  ( -8.609999999999992300, -1.872880335899558500, -7.220000000000000600 ) ) ;
#4397 = SURFACE_STYLE_USAGE ( .BOTH. , #4402 ) ;
#4398 = DIRECTION ( 'NONE',  ( -0.0000000000000000000, 1.000000000000000000, -0.0000000000000000000 ) ) ;
#4399 = DIRECTION ( 'NONE',  ( 0.0000000000000000000, 0.0000000000000000000, 1.000000000000000000 ) ) ;
#4400 = DIRECTION ( 'NONE',  ( 5.082197683525809900E-016, -1.000000000000000000, 1.147303886228048300E-017 ) ) ;
#4401 = PLANE ( 'NONE',  #3035 ) ;
#4402 = SURFACE_SIDE_STYLE ('',( #1597 ) ) ;
#4403 = ORIENTED_EDGE ( 'NONE', *, *, #907, .F. ) ;
#4404 = DIRECTION ( 'NONE',  ( -0.0000000000000000000, 0.0000000000000000000, 1.000000000000000000 ) ) ;
#4405 = DIRECTION ( 'NONE',  ( 1.000000000000000000, 0.0000000000000000000, 0.0000000000000000000 ) ) ;
#4406 = PRESENTATION_STYLE_ASSIGNMENT (( #4839 ) ) ;
#4407 = VECTOR ( 'NONE', #4030, 1000.000000000000000 ) ;
#4408 = ORIENTED_EDGE ( 'NONE', *, *, #5590, .T. ) ;
#4409 =( GEOMETRIC_REPRESENTATION_CONTEXT ( 3 ) GLOBAL_UNCERTAINTY_ASSIGNED_CONTEXT ( ( #4265 ) ) GLOBAL_UNIT_ASSIGNED_CONTEXT ( ( #1865, #1949, #1972 ) ) REPRESENTATION_CONTEXT ( 'NONE', 'WORKASPACE' ) );
#4410 = FACE_OUTER_BOUND ( 'NONE', #1017, .T. ) ;
#4411 = LINE ( 'NONE', #4447, #1217 ) ;
#4412 = CARTESIAN_POINT ( 'NONE',  ( 6.399999999999998600, -0.1249999999999938800, -4.430000000000001500 ) ) ;
#4413 = VERTEX_POINT ( 'NONE', #3926 ) ;
#4414 = PRESENTATION_LAYER_ASSIGNMENT (  '', '', ( #4454 ) ) ;
#4415 = MECHANICAL_DESIGN_GEOMETRIC_PRESENTATION_REPRESENTATION (  '', ( #4441 ), #4409 ) ;
#4416 = LINE ( 'NONE', #137, #5275 ) ;
#4417 = ORIENTED_EDGE ( 'NONE', *, *, #364, .F. ) ;
#4418 = COLOUR_RGB ( '',0.0000000000000000000, 0.0000000000000000000, 0.0000000000000000000 ) ;
#4419 = ORIENTED_EDGE ( 'NONE', *, *, #1024, .F. ) ;
#4420 = AXIS2_PLACEMENT_3D ( 'NONE', #4630, #4608, #4599 ) ;
#4421 = PRESENTATION_LAYER_ASSIGNMENT (  '', '', ( #4441 ) ) ;
#4422 = FACE_BOUND ( 'NONE', #4331, .T. ) ;
#4423 = LINE ( 'NONE', #474, #1799 ) ;
#4424 = SURFACE_STYLE_FILL_AREA ( #505 ) ;
#4425 = UNCERTAINTY_MEASURE_WITH_UNIT (LENGTH_MEASURE( 1.000000000000000100E-005 ), #2919, 'distance_accuracy_value', 'NONE');
#4426 = DIRECTION ( 'NONE',  ( 0.0000000000000000000, 0.0000000000000000000, -1.000000000000000000 ) ) ;
#4427 = AXIS2_PLACEMENT_3D ( 'NONE', #4371, #4400, #4343 ) ;
#4428 = SURFACE_SIDE_STYLE ('',( #2003 ) ) ;
#4429 = AXIS2_PLACEMENT_3D ( 'NONE', #1627, #3971, #1595 ) ;
#4430 = FILL_AREA_STYLE ('',( #4079 ) ) ;
#4431 = LINE ( 'NONE', #3894, #4481 ) ;
#4432 = CARTESIAN_POINT ( 'NONE',  ( -6.649999999999994100, -0.1250000000000068300, -5.729999999999997800 ) ) ;
#4433 = VECTOR ( 'NONE', #4016, 1000.000000000000000 ) ;
#4434 = CARTESIAN_POINT ( 'NONE',  ( -6.399999999999992400, 0.1249999999999938200, 6.970000000000003300 ) ) ;
#4435 = STYLED_ITEM ( 'NONE', ( #4365 ), #2301 ) ;
#4436 = AXIS2_PLACEMENT_3D ( 'NONE', #1094, #1117, #1130 ) ;
#4437 = ORIENTED_EDGE ( 'NONE', *, *, #607, .T. ) ;
#4438 = CARTESIAN_POINT ( 'NONE',  ( -7.573907182274247400, -1.622880335899560000, -5.479999999999990700 ) ) ;
#4439 = FILL_AREA_STYLE_COLOUR ( '', #2330 ) ;
#4440 = PLANE ( 'NONE',  #143 ) ;
#4441 = STYLED_ITEM ( 'NONE', ( #3849 ), #460 ) ;
#4442 = CARTESIAN_POINT ( 'NONE',  ( 7.409999999999997500, -1.872880335899569100, 7.219999999999999800 ) ) ;
#4443 = ORIENTED_EDGE ( 'NONE', *, *, #4008, .F. ) ;
#4444 = SURFACE_STYLE_FILL_AREA ( #4715 ) ;
#4445 = ORIENTED_EDGE ( 'NONE', *, *, #2452, .T. ) ;
#4446 = EDGE_CURVE ( 'NONE', #228, #2807, #2756, .T. ) ;
#4447 = CARTESIAN_POINT ( 'NONE',  ( -6.249246026870666000, -1.559328243274593400, 9.299246026870662300 ) ) ;
#4448 = ORIENTED_EDGE ( 'NONE', *, *, #4799, .T. ) ;
#4449 = PLANE ( 'NONE',  #5589 ) ;
#4450 = CARTESIAN_POINT ( 'NONE',  ( 7.573907182274257200, -1.872880335899569100, 7.219999999999999800 ) ) ;
#4451 = ORIENTED_EDGE ( 'NONE', *, *, #75, .F. ) ;
#4452 = ORIENTED_EDGE ( 'NONE', *, *, #4551, .F. ) ;
#4453 = ORIENTED_EDGE ( 'NONE', *, *, #1127, .F. ) ;
#4454 = STYLED_ITEM ( 'NONE', ( #4655 ), #2135 ) ;
#4455 =( GEOMETRIC_REPRESENTATION_CONTEXT ( 3 ) GLOBAL_UNCERTAINTY_ASSIGNED_CONTEXT ( ( #4256 ) ) GLOBAL_UNIT_ASSIGNED_CONTEXT ( ( #777, #979, #1019 ) ) REPRESENTATION_CONTEXT ( 'NONE', 'WORKASPACE' ) );
#4456 = EDGE_LOOP ( 'NONE', ( #375, #666, #5387, #5511 ) ) ;
#4457 =( LENGTH_UNIT ( ) NAMED_UNIT ( * ) SI_UNIT ( .MILLI., .METRE. ) );
#4458 = CARTESIAN_POINT ( 'NONE',  ( 6.399999999999999500, 0.1250000000000020000, 6.969999999999999800 ) ) ;
#4459 = MECHANICAL_DESIGN_GEOMETRIC_PRESENTATION_REPRESENTATION (  '', ( #4513 ), #4455 ) ;
#4460 = ORIENTED_EDGE ( 'NONE', *, *, #974, .T. ) ;
#4461 = COLOUR_RGB ( '',1.000000000000000000, 1.000000000000000000, 0.0000000000000000000 ) ;
#4462 = DIRECTION ( 'NONE',  ( -5.507058653894625900E-016, 0.0000000000000000000, -1.000000000000000000 ) ) ;
#4463 =( NAMED_UNIT ( * ) PLANE_ANGLE_UNIT ( ) SI_UNIT ( $, .RADIAN. ) );
#4464 = LINE ( 'NONE', #4351, #5476 ) ;
#4465 =( NAMED_UNIT ( * ) SI_UNIT ( $, .STERADIAN. ) SOLID_ANGLE_UNIT ( ) );
#4466 =( LENGTH_UNIT ( ) NAMED_UNIT ( * ) SI_UNIT ( .MILLI., .METRE. ) );
#4467 =( NAMED_UNIT ( * ) SI_UNIT ( $, .STERADIAN. ) SOLID_ANGLE_UNIT ( ) );
#4468 = CARTESIAN_POINT ( 'NONE',  ( -6.649999999999994100, -0.1250000000000051900, 8.270000000000006700 ) ) ;
#4469 = CARTESIAN_POINT ( 'NONE',  ( 7.573907182274258100, -1.622880335899568700, 7.219999999999999800 ) ) ;
#4470 = PRESENTATION_LAYER_ASSIGNMENT (  '', '', ( #4513 ) ) ;
#4471 = ORIENTED_EDGE ( 'NONE', *, *, #1599, .F. ) ;
#4472 = SURFACE_STYLE_FILL_AREA ( #243 ) ;
#4473 =( NAMED_UNIT ( * ) PLANE_ANGLE_UNIT ( ) SI_UNIT ( $, .RADIAN. ) );
#4474 = SURFACE_STYLE_USAGE ( .BOTH. , #4479 ) ;
#4475 = CYLINDRICAL_SURFACE ( 'NONE', #4036, 0.3999999999999889200 ) ;
#4476 = VERTEX_POINT ( 'NONE', #350 ) ;
#4477 = PRESENTATION_STYLE_ASSIGNMENT (( #184 ) ) ;
#4478 = LINE ( 'NONE', #4026, #1020 ) ;
#4479 = SURFACE_SIDE_STYLE ('',( #3919 ) ) ;
#4480 = LINE ( 'NONE', #1848, #4544 ) ;
#4481 = VECTOR ( 'NONE', #2687, 1000.000000000000000 ) ;
#4482 = CARTESIAN_POINT ( 'NONE',  ( -8.055773820624500200, -0.1250000000000053300, 6.970000000000003300 ) ) ;
#4483 =( LENGTH_UNIT ( ) NAMED_UNIT ( * ) SI_UNIT ( .MILLI., .METRE. ) );
#4484 = FILL_AREA_STYLE ('',( #5307 ) ) ;
#4485 = ORIENTED_EDGE ( 'NONE', *, *, #1012, .F. ) ;
#4486 = FACE_OUTER_BOUND ( 'NONE', #1016, .T. ) ;
#4487 = FILL_AREA_STYLE_COLOUR ( '', #1118 ) ;
#4488 = SURFACE_STYLE_FILL_AREA ( #2967 ) ;
#4489 = DIRECTION ( 'NONE',  ( 0.0000000000000000000, 0.0000000000000000000, -1.000000000000000000 ) ) ;
#4490 =( GEOMETRIC_REPRESENTATION_CONTEXT ( 3 ) GLOBAL_UNCERTAINTY_ASSIGNED_CONTEXT ( ( #4387 ) ) GLOBAL_UNIT_ASSIGNED_CONTEXT ( ( #4624, #4690, #4518 ) ) REPRESENTATION_CONTEXT ( 'NONE', 'WORKASPACE' ) );
#4491 = LINE ( 'NONE', #3981, #4433 ) ;
#4492 = AXIS2_PLACEMENT_3D ( 'NONE', #5378, #3780, #5399 ) ;
#4493 = MECHANICAL_DESIGN_GEOMETRIC_PRESENTATION_REPRESENTATION (  '', ( #4565 ), #4490 ) ;
#4494 = DIRECTION ( 'NONE',  ( 1.000000000000000000, 1.807003620809171700E-016, 0.0000000000000000000 ) ) ;
#4495 = LINE ( 'NONE', #4373, #1814 ) ;
#4496 = FILL_AREA_STYLE ('',( #4575 ) ) ;
#4497 = VERTEX_POINT ( 'NONE', #3520 ) ;
#4498 = DIRECTION ( 'NONE',  ( 0.0000000000000000000, -1.000000000000000000, 0.0000000000000000000 ) ) ;
#4499 = SURFACE_STYLE_USAGE ( .BOTH. , #4522 ) ;
#4500 = CARTESIAN_POINT ( 'NONE',  ( -6.399999999999991500, 0.1249999999999937700, 8.270000000000006700 ) ) ;
#4501 = CARTESIAN_POINT ( 'NONE',  ( -7.573907182274247400, 8.377119664100432000, 8.019999999999999600 ) ) ;
#4502 = VERTEX_POINT ( 'NONE', #817 ) ;
#4503 = AXIS2_PLACEMENT_3D ( 'NONE', #167, #293, #602 ) ;
#4504 = DIRECTION ( 'NONE',  ( 1.000000000000000000, 0.0000000000000000000, 0.0000000000000000000 ) ) ;
#4505 = FILL_AREA_STYLE_COLOUR ( '', #4873 ) ;
#4506 = CARTESIAN_POINT ( 'NONE',  ( 7.573907182274255400, -1.872880335899569600, 5.729999999999998600 ) ) ;
#4507 = EDGE_LOOP ( 'NONE', ( #1112, #1103, #1033, #1025, #950, #942, #882, #811 ) ) ;
#4508 = COLOUR_RGB ( '',0.0000000000000000000, 0.0000000000000000000, 0.0000000000000000000 ) ;
#4509 = EDGE_LOOP ( 'NONE', ( #3415, #3364, #3343, #3804 ) ) ;
#4510 = DIRECTION ( 'NONE',  ( -4.742694567940699800E-032, 7.233811389675590400E-032, -1.000000000000000000 ) ) ;
#4511 = PRESENTATION_LAYER_ASSIGNMENT (  '', '', ( #4565 ) ) ;
#4512 = ORIENTED_EDGE ( 'NONE', *, *, #3697, .T. ) ;
#4513 = STYLED_ITEM ( 'NONE', ( #20 ), #454 ) ;
#4514 = FACE_OUTER_BOUND ( 'NONE', #4823, .T. ) ;
#4515 = CARTESIAN_POINT ( 'NONE',  ( -6.399999999999990600, 0.1249999999999938200, 9.449999999999999300 ) ) ;
#4516 = ORIENTED_EDGE ( 'NONE', *, *, #4818, .T. ) ;
#4517 = ORIENTED_EDGE ( 'NONE', *, *, #1220, .T. ) ;
#4518 =( NAMED_UNIT ( * ) SI_UNIT ( $, .STERADIAN. ) SOLID_ANGLE_UNIT ( ) );
#4519 = DIRECTION ( 'NONE',  ( -0.3987490689252437500, -0.9170600743851250500, 0.0000000000000000000 ) ) ;
#4520 = EDGE_LOOP ( 'NONE', ( #2611, #2283, #3295, #2069, #4967, #871 ) ) ;
#4521 = CARTESIAN_POINT ( 'NONE',  ( 6.399999999999991500, -0.1250000000000007800, -4.430000000000001500 ) ) ;
#4522 = SURFACE_SIDE_STYLE ('',( #3101 ) ) ;
#4523 = DIRECTION ( 'NONE',  ( -6.672013369141548500E-016, 0.0000000000000000000, -1.000000000000000000 ) ) ;
#4524 =( GEOMETRIC_REPRESENTATION_CONTEXT ( 3 ) GLOBAL_UNCERTAINTY_ASSIGNED_CONTEXT ( ( #4187 ) ) GLOBAL_UNIT_ASSIGNED_CONTEXT ( ( #4466, #4972, #5251 ) ) REPRESENTATION_CONTEXT ( 'NONE', 'WORKASPACE' ) );
#4525 = EDGE_CURVE ( 'NONE', #4998, #2, #2723, .T. ) ;
#4526 = ORIENTED_EDGE ( 'NONE', *, *, #332, .F. ) ;
#4527 = FILL_AREA_STYLE_COLOUR ( '', #4916 ) ;
#4528 = DIRECTION ( 'NONE',  ( 0.0000000000000000000, 1.000000000000000000, 0.0000000000000000000 ) ) ;
#4529 = AXIS2_PLACEMENT_3D ( 'NONE', #27, #12, #5205 ) ;
#4530 = ORIENTED_EDGE ( 'NONE', *, *, #913, .F. ) ;
#4531 = CARTESIAN_POINT ( 'NONE',  ( 8.055773820624498400, 0.1250000000000020000, 6.969999999999999800 ) ) ;
#4532 = ORIENTED_EDGE ( 'NONE', *, *, #231, .F. ) ;
#4533 = DIRECTION ( 'NONE',  ( -1.000000000000000000, -0.0000000000000000000, -0.0000000000000000000 ) ) ;
#4534 = FILL_AREA_STYLE ('',( #5026 ) ) ;
#4535 = PLANE ( 'NONE',  #4436 ) ;
#4536 = UNCERTAINTY_MEASURE_WITH_UNIT (LENGTH_MEASURE( 1.000000000000000100E-005 ), #2383, 'distance_accuracy_value', 'NONE');
#4537 = PLANE ( 'NONE',  #2553 ) ;
#4538 = CIRCLE ( 'NONE', #4672, 0.2500000000000002200 ) ;
#4539 = CARTESIAN_POINT ( 'NONE',  ( 8.609999999999997700, -1.747880335899568900, 5.079999999999999200 ) ) ;
#4540 = ORIENTED_EDGE ( 'NONE', *, *, #987, .T. ) ;
#4541 =( GEOMETRIC_REPRESENTATION_CONTEXT ( 3 ) GLOBAL_UNCERTAINTY_ASSIGNED_CONTEXT ( ( #453 ) ) GLOBAL_UNIT_ASSIGNED_CONTEXT ( ( #4335, #1751, #1728 ) ) REPRESENTATION_CONTEXT ( 'NONE', 'WORKASPACE' ) );
#4542 = FACE_OUTER_BOUND ( 'NONE', #1313, .T. ) ;
#4543 = MECHANICAL_DESIGN_GEOMETRIC_PRESENTATION_REPRESENTATION (  '', ( #4559 ), #4524 ) ;
#4544 = VECTOR ( 'NONE', #1342, 1000.000000000000000 ) ;
#4545 = ORIENTED_EDGE ( 'NONE', *, *, #342, .T. ) ;
#4546 = SURFACE_STYLE_USAGE ( .BOTH. , #4568 ) ;
#4547 = COLOUR_RGB ( '',1.000000000000000000, 1.000000000000000000, 0.0000000000000000000 ) ;
#4548 = CARTESIAN_POINT ( 'NONE',  ( 4.599999999999996100, 6.824999999999996600, 7.250000000000011500 ) ) ;
#4549 = COLOUR_RGB ( '',1.000000000000000000, 1.000000000000000000, 0.0000000000000000000 ) ;
#4550 = FILL_AREA_STYLE_COLOUR ( '', #5340 ) ;
#4551 = EDGE_CURVE ( 'NONE', #1929, #4998, #2826, .T. ) ;
#4552 = MECHANICAL_DESIGN_GEOMETRIC_PRESENTATION_REPRESENTATION (  '', ( #4713 ), #4541 ) ;
#4553 = PRESENTATION_LAYER_ASSIGNMENT (  '', '', ( #4559 ) ) ;
#4554 = SURFACE_STYLE_FILL_AREA ( #1053 ) ;
#4555 = DIRECTION ( 'NONE',  ( 1.000000000000000000, 1.084202172485503400E-016, -0.0000000000000000000 ) ) ;
#4556 = FILL_AREA_STYLE ('',( #1690 ) ) ;
#4557 = LINE ( 'NONE', #1424, #4572 ) ;
#4558 = PRESENTATION_LAYER_ASSIGNMENT (  '', '', ( #4713 ) ) ;
#4559 = STYLED_ITEM ( 'NONE', ( #769 ), #431 ) ;
#4560 = SURFACE_SIDE_STYLE ('',( #3487 ) ) ;
#4561 = PRESENTATION_STYLE_ASSIGNMENT (( #1007 ) ) ;
#4562 = SURFACE_SIDE_STYLE ('',( #749 ) ) ;
#4563 = CARTESIAN_POINT ( 'NONE',  ( 7.573907182274257200, -1.622880335899569100, 6.969999999999999800 ) ) ;
#4564 = VERTEX_POINT ( 'NONE', #3942 ) ;
#4565 = STYLED_ITEM ( 'NONE', ( #4406 ), #2295 ) ;
#4566 = STYLED_ITEM ( 'NONE', ( #1767 ), #2100 ) ;
#4567 = CARTESIAN_POINT ( 'NONE',  ( -7.573907182274247400, 8.377119664100432000, -5.729999999999997800 ) ) ;
#4568 = SURFACE_SIDE_STYLE ('',( #93 ) ) ;
#4569 = VERTEX_POINT ( 'NONE', #5153 ) ;
#4570 =( NAMED_UNIT ( * ) SI_UNIT ( $, .STERADIAN. ) SOLID_ANGLE_UNIT ( ) );
#4571 = DIRECTION ( 'NONE',  ( 1.000000000000000000, 1.084202172485503400E-016, -0.0000000000000000000 ) ) ;
#4572 = VECTOR ( 'NONE', #1832, 1000.000000000000100 ) ;
#4573 = ORIENTED_EDGE ( 'NONE', *, *, #1951, .F. ) ;
#4574 = AXIS2_PLACEMENT_3D ( 'NONE', #636, #1080, #1147 ) ;
#4575 = FILL_AREA_STYLE_COLOUR ( '', #3891 ) ;
#4576 = ORIENTED_EDGE ( 'NONE', *, *, #2849, .T. ) ;
#4577 = CARTESIAN_POINT ( 'NONE',  ( 6.348373319409215100, 1.110095749086348300, 9.398373319409216700 ) ) ;
#4578 = VERTEX_POINT ( 'NONE', #2661 ) ;
#4579 = FILL_AREA_STYLE_COLOUR ( '', #569 ) ;
#4580 = ORIENTED_EDGE ( 'NONE', *, *, #2435, .T. ) ;
#4581 = AXIS2_PLACEMENT_3D ( 'NONE', #662, #3641, #3207 ) ;
#4582 = VERTEX_POINT ( 'NONE', #5535 ) ;
#4583 = DIRECTION ( 'NONE',  ( -0.0000000000000000000, 1.000000000000000000, -0.0000000000000000000 ) ) ;
#4584 = ORIENTED_EDGE ( 'NONE', *, *, #1517, .F. ) ;
#4585 = DIRECTION ( 'NONE',  ( 0.0000000000000000000, -1.000000000000000000, 0.0000000000000000000 ) ) ;
#4586 = ORIENTED_EDGE ( 'NONE', *, *, #2650, .T. ) ;
#4587 = FILL_AREA_STYLE_COLOUR ( '', #1808 ) ;
#4588 = CARTESIAN_POINT ( 'NONE',  ( -3.468599919006361900E-015, 6.824999999999996600, 9.098867878803647000 ) ) ;
#4589 = FACE_OUTER_BOUND ( 'NONE', #5221, .T. ) ;
#4590 =( LENGTH_UNIT ( ) NAMED_UNIT ( * ) SI_UNIT ( .MILLI., .METRE. ) );
#4591 = DIRECTION ( 'NONE',  ( 0.0000000000000000000, 0.0000000000000000000, -1.000000000000000000 ) ) ;
#4592 = EDGE_LOOP ( 'NONE', ( #1317, #1671, #4753, #3569 ) ) ;
#4593 = DIRECTION ( 'NONE',  ( -1.000000000000000000, 3.577867169202161500E-015, 0.0000000000000000000 ) ) ;
#4594 = CARTESIAN_POINT ( 'NONE',  ( 6.399999999999990600, 0.1250000000000001400, -8.269999999999999600 ) ) ;
#4595 = CARTESIAN_POINT ( 'NONE',  ( -6.048867878803650700, 6.824999999999994000, 9.098867878803648800 ) ) ;
#4596 = ORIENTED_EDGE ( 'NONE', *, *, #3106, .F. ) ;
#4597 = DIRECTION ( 'NONE',  ( 0.0000000000000000000, 0.0000000000000000000, 1.000000000000000000 ) ) ;
#4598 = DIRECTION ( 'NONE',  ( 4.742694567940698700E-032, -7.233811389675591500E-032, 1.000000000000000000 ) ) ;
#4599 = DIRECTION ( 'NONE',  ( 1.000000000000000000, 0.0000000000000000000, -0.0000000000000000000 ) ) ;
#4600 = CARTESIAN_POINT ( 'NONE',  ( -6.879265018596275800, -0.02531273276869616300, -6.969999999999993500 ) ) ;
#4601 = DIRECTION ( 'NONE',  ( -0.0000000000000000000, -0.0000000000000000000, 1.000000000000000000 ) ) ;
#4602 =( NAMED_UNIT ( * ) SI_UNIT ( $, .STERADIAN. ) SOLID_ANGLE_UNIT ( ) );
#4603 = AXIS2_PLACEMENT_3D ( 'NONE', #5062, #2240, #2176 ) ;
#4604 = DIRECTION ( 'NONE',  ( 0.05226442768870941800, -0.9972646886342377800, 0.05226442768870892500 ) ) ;
#4605 = ORIENTED_EDGE ( 'NONE', *, *, #1083, .F. ) ;
#4606 =( GEOMETRIC_REPRESENTATION_CONTEXT ( 3 ) GLOBAL_UNCERTAINTY_ASSIGNED_CONTEXT ( ( #4326 ) ) GLOBAL_UNIT_ASSIGNED_CONTEXT ( ( #193, #94, #114 ) ) REPRESENTATION_CONTEXT ( 'NONE', 'WORKASPACE' ) );
#4607 =( NAMED_UNIT ( * ) PLANE_ANGLE_UNIT ( ) SI_UNIT ( $, .RADIAN. ) );
#4608 = DIRECTION ( 'NONE',  ( 0.0000000000000000000, 0.0000000000000000000, 1.000000000000000000 ) ) ;
#4609 = EDGE_CURVE ( 'NONE', #1929, #3259, #1152, .T. ) ;
#4610 = CARTESIAN_POINT ( 'NONE',  ( -8.609999999999992300, -1.622880335899560000, -5.479999999999990700 ) ) ;
#4611 = MECHANICAL_DESIGN_GEOMETRIC_PRESENTATION_REPRESENTATION (  '', ( #4651 ), #4606 ) ;
#4612 = CARTESIAN_POINT ( 'NONE',  ( 6.649999999999987900, -0.1249999999999998300, -6.970000000000000600 ) ) ;
#4613 = COLOUR_RGB ( '',1.000000000000000000, 1.000000000000000000, 0.0000000000000000000 ) ;
#4614 = CARTESIAN_POINT ( 'NONE',  ( 7.344642163677973700, -1.722567603130880300, 5.729999999999998600 ) ) ;
#4615 = PLANE ( 'NONE',  #1661 ) ;
#4616 = SURFACE_STYLE_USAGE ( .BOTH. , #4562 ) ;
#4617 = CARTESIAN_POINT ( 'NONE',  ( -6.399999999999997700, -1.575000000000000000, 9.297598858864768400 ) ) ;
#4618 = CARTESIAN_POINT ( 'NONE',  ( -8.609999999999992300, 8.377119664100432000, -4.680000000000001500 ) ) ;
#4619 = LINE ( 'NONE', #920, #420 ) ;
#4620 = EDGE_CURVE ( 'NONE', #3259, #139, #2736, .T. ) ;
#4621 = FILL_AREA_STYLE ('',( #4227 ) ) ;
#4622 = ORIENTED_EDGE ( 'NONE', *, *, #2546, .T. ) ;
#4623 = PRESENTATION_STYLE_ASSIGNMENT (( #3155 ) ) ;
#4624 =( LENGTH_UNIT ( ) NAMED_UNIT ( * ) SI_UNIT ( .MILLI., .METRE. ) );
#4625 = SURFACE_STYLE_FILL_AREA ( #1819 ) ;
#4626 =( NAMED_UNIT ( * ) PLANE_ANGLE_UNIT ( ) SI_UNIT ( $, .RADIAN. ) );
#4627 =( GEOMETRIC_REPRESENTATION_CONTEXT ( 3 ) GLOBAL_UNCERTAINTY_ASSIGNED_CONTEXT ( ( #4385 ) ) GLOBAL_UNIT_ASSIGNED_CONTEXT ( ( #165, #148, #110 ) ) REPRESENTATION_CONTEXT ( 'NONE', 'WORKASPACE' ) );
#4628 = DIRECTION ( 'NONE',  ( 1.000000000000000000, 5.082197683525809900E-016, -3.089939850708158200E-033 ) ) ;
#4629 = FILL_AREA_STYLE ('',( #962 ) ) ;
#4630 = CARTESIAN_POINT ( 'NONE',  ( -7.573907182274247400, 8.377119664100432000, -4.680000000000001500 ) ) ;
#4631 = SURFACE_STYLE_FILL_AREA ( #1494 ) ;
#4632 = ORIENTED_EDGE ( 'NONE', *, *, #1330, .F. ) ;
#4633 = CARTESIAN_POINT ( 'NONE',  ( -7.573907182274247400, -1.622880335899560000, -4.429999999999994400 ) ) ;
#4634 = CARTESIAN_POINT ( 'NONE',  ( 6.649999999999994100, 0.1250000000000017200, 4.429999999999999700 ) ) ;
#4635 = VERTEX_POINT ( 'NONE', #2679 ) ;
#4636 = ORIENTED_EDGE ( 'NONE', *, *, #4525, .F. ) ;
#4637 = ORIENTED_EDGE ( 'NONE', *, *, #1524, .F. ) ;
#4638 = DIRECTION ( 'NONE',  ( -0.0000000000000000000, 1.000000000000000000, -0.0000000000000000000 ) ) ;
#4639 = DIRECTION ( 'NONE',  ( -1.000000000000000000, 0.0000000000000000000, 0.0000000000000000000 ) ) ;
#4640 = SURFACE_STYLE_FILL_AREA ( #3948 ) ;
#4641 = VERTEX_POINT ( 'NONE', #5553 ) ;
#4642 = DIRECTION ( 'NONE',  ( 0.0000000000000000000, -1.000000000000000000, 0.0000000000000000000 ) ) ;
#4643 = FILL_AREA_STYLE_COLOUR ( '', #56 ) ;
#4644 = DIRECTION ( 'NONE',  ( 1.000000000000000000, 0.0000000000000000000, 0.0000000000000000000 ) ) ;
#4645 = ORIENTED_EDGE ( 'NONE', *, *, #4446, .T. ) ;
#4646 = PRESENTATION_LAYER_ASSIGNMENT (  '', '', ( #4651 ) ) ;
#4647 = FILL_AREA_STYLE_COLOUR ( '', #3821 ) ;
#4648 = EDGE_LOOP ( 'NONE', ( #3735, #3349, #3429, #3283 ) ) ;
#4649 = FILL_AREA_STYLE_COLOUR ( '', #1500 ) ;
#4650 = EDGE_CURVE ( 'NONE', #583, #206, #1023, .T. ) ;
#4651 = STYLED_ITEM ( 'NONE', ( #5361 ), #391 ) ;
#4652 = CARTESIAN_POINT ( 'NONE',  ( -6.649999999999994100, 0.1249999999999937400, 8.270000000000006700 ) ) ;
#4653 =( LENGTH_UNIT ( ) NAMED_UNIT ( * ) SI_UNIT ( .MILLI., .METRE. ) );
#4654 = ORIENTED_EDGE ( 'NONE', *, *, #310, .T. ) ;
#4655 = PRESENTATION_STYLE_ASSIGNMENT (( #1335 ) ) ;
#4656 = PLANE ( 'NONE',  #2296 ) ;
#4657 = EDGE_CURVE ( 'NONE', #583, #3630, #2662, .T. ) ;
#4658 = ORIENTED_EDGE ( 'NONE', *, *, #926, .T. ) ;
#4659 = CARTESIAN_POINT ( 'NONE',  ( -7.573907182274247400, -1.622880335899560000, 8.019999999999999600 ) ) ;
#4660 = DIRECTION ( 'NONE',  ( 0.0000000000000000000, 0.0000000000000000000, -1.000000000000000000 ) ) ;
#4661 = CARTESIAN_POINT ( 'NONE',  ( 6.649999999999995900, -0.1249999999999990300, 6.969999999999999800 ) ) ;
#4662 = AXIS2_PLACEMENT_3D ( 'NONE', #3687, #3786, #3823 ) ;
#4663 = CARTESIAN_POINT ( 'NONE',  ( -7.573907182274247400, -1.622880335899559200, 8.270000000000006700 ) ) ;
#4664 =( LENGTH_UNIT ( ) NAMED_UNIT ( * ) SI_UNIT ( .MILLI., .METRE. ) );
#4665 = ORIENTED_EDGE ( 'NONE', *, *, #778, .T. ) ;
#4666 = SURFACE_STYLE_FILL_AREA ( #4621 ) ;
#4667 = ORIENTED_EDGE ( 'NONE', *, *, #1024, .T. ) ;
#4668 = FACE_OUTER_BOUND ( 'NONE', #2673, .T. ) ;
#4669 = FILL_AREA_STYLE ('',( #4283 ) ) ;
#4670 = CARTESIAN_POINT ( 'NONE',  ( 7.573907182274236800, -1.622880335899527000, 5.729999999999998600 ) ) ;
#4671 = PRESENTATION_STYLE_ASSIGNMENT (( #2418 ) ) ;
#4672 = AXIS2_PLACEMENT_3D ( 'NONE', #5171, #5264, #5269 ) ;
#4673 = CARTESIAN_POINT ( 'NONE',  ( 8.609999999999999400, -1.872880335899570700, 8.019999999999999600 ) ) ;
#4674 = CARTESIAN_POINT ( 'NONE',  ( -8.055773820624500200, -0.1250000000000059400, -4.429999999999994400 ) ) ;
#4675 = CARTESIAN_POINT ( 'NONE',  ( 6.879265018596269600, -0.02531273276868840900, -4.430000000000001500 ) ) ;
#4676 = VECTOR ( 'NONE', #2115, 1000.000000000000000 ) ;
#4677 = SURFACE_SIDE_STYLE ('',( #163 ) ) ;
#4678 = CARTESIAN_POINT ( 'NONE',  ( -6.649999999999994100, 0.1249999999999931400, -4.429999999999994400 ) ) ;
#4679 = VECTOR ( 'NONE', #3243, 1000.000000000000000 ) ;
#4680 = CARTESIAN_POINT ( 'NONE',  ( -8.609999999999992300, 8.377119664100432000, -8.019999999999988900 ) ) ;
#4681 = MECHANICAL_DESIGN_GEOMETRIC_PRESENTATION_REPRESENTATION (  '', ( #4801 ), #4627 ) ;
#4682 = LINE ( 'NONE', #4678, #3252 ) ;
#4683 = SURFACE_STYLE_FILL_AREA ( #2447 ) ;
#4684 = DIRECTION ( 'NONE',  ( 6.672013369141548500E-016, -0.0000000000000000000, 1.000000000000000000 ) ) ;
#4685 = VECTOR ( 'NONE', #3467, 1000.000000000000000 ) ;
#4686 = ORIENTED_EDGE ( 'NONE', *, *, #187, .F. ) ;
#4687 = CARTESIAN_POINT ( 'NONE',  ( 7.573907182274258100, -1.622880335899568500, 8.269999999999999600 ) ) ;
#4688 = CARTESIAN_POINT ( 'NONE',  ( 6.649999999999994100, -0.1249999999999993200, 4.429999999999999700 ) ) ;
#4689 =( GEOMETRIC_REPRESENTATION_CONTEXT ( 3 ) GLOBAL_UNCERTAINTY_ASSIGNED_CONTEXT ( ( #4810 ) ) GLOBAL_UNIT_ASSIGNED_CONTEXT ( ( #2630, #3073, #3260 ) ) REPRESENTATION_CONTEXT ( 'NONE', 'WORKASPACE' ) );
#4690 =( NAMED_UNIT ( * ) PLANE_ANGLE_UNIT ( ) SI_UNIT ( $, .RADIAN. ) );
#4691 = ORIENTED_EDGE ( 'NONE', *, *, #2567, .F. ) ;
#4692 = CARTESIAN_POINT ( 'NONE',  ( 6.399999999999999500, -0.1250000000000008300, -8.269999999999999600 ) ) ;
#4693 = CARTESIAN_POINT ( 'NONE',  ( -6.649999999999994100, -0.1250000000000050500, 8.270000000000006700 ) ) ;
#4694 = FILL_AREA_STYLE ('',( #46 ) ) ;
#4695 = CARTESIAN_POINT ( 'NONE',  ( 6.649999999999987900, -0.1250000000000008900, -8.269999999999999600 ) ) ;
#4696 =( NAMED_UNIT ( * ) SI_UNIT ( $, .STERADIAN. ) SOLID_ANGLE_UNIT ( ) );
#4697 = VERTEX_POINT ( 'NONE', #3102 ) ;
#4698 = DIRECTION ( 'NONE',  ( 1.000000000000000000, 0.0000000000000000000, -0.0000000000000000000 ) ) ;
#4699 = COLOUR_RGB ( '',0.0000000000000000000, 0.0000000000000000000, 0.0000000000000000000 ) ;
#4700 = EDGE_LOOP ( 'NONE', ( #4955, #1319, #4156, #4078 ) ) ;
#4701 = VERTEX_POINT ( 'NONE', #3973 ) ;
#4702 = DIRECTION ( 'NONE',  ( 1.093590911432185500E-016, 1.668003342285391100E-016, -1.000000000000000000 ) ) ;
#4703 = ORIENTED_EDGE ( 'NONE', *, *, #4381, .T. ) ;
#4704 = DIRECTION ( 'NONE',  ( 1.000000000000000000, 1.084202172485503400E-016, 0.0000000000000000000 ) ) ;
#4705 = CARTESIAN_POINT ( 'NONE',  ( 6.399999999999991500, -0.1250000000000005800, -5.730000000000001300 ) ) ;
#4706 = EDGE_LOOP ( 'NONE', ( #3072, #3002, #2863, #2797, #2743, #2738, #2677, #2671 ) ) ;
#4707 = MECHANICAL_DESIGN_GEOMETRIC_PRESENTATION_REPRESENTATION (  '', ( #4736 ), #4689 ) ;
#4708 = DIRECTION ( 'NONE',  ( 1.084202172485503400E-016, -1.000000000000000000, -7.233811389675590400E-032 ) ) ;
#4709 = ORIENTED_EDGE ( 'NONE', *, *, #907, .T. ) ;
#4710 = ORIENTED_EDGE ( 'NONE', *, *, #4818, .F. ) ;
#4711 = DIRECTION ( 'NONE',  ( 0.3987490689252438700, -0.9170600743851250500, 0.0000000000000000000 ) ) ;
#4712 = DIRECTION ( 'NONE',  ( 0.0000000000000000000, -1.668003342285391300E-016, 1.000000000000000000 ) ) ;
#4713 = STYLED_ITEM ( 'NONE', ( #2847 ), #2128 ) ;
#4714 =( LENGTH_UNIT ( ) NAMED_UNIT ( * ) SI_UNIT ( .MILLI., .METRE. ) );
#4715 = FILL_AREA_STYLE ('',( #2638 ) ) ;
#4716 = ORIENTED_EDGE ( 'NONE', *, *, #5089, .T. ) ;
#4717 = PRESENTATION_LAYER_ASSIGNMENT (  '', '', ( #4736 ) ) ;
#4718 = CARTESIAN_POINT ( 'NONE',  ( -8.055773820624500200, 0.1249999999999929800, -4.429999999999994400 ) ) ;
#4719 = CARTESIAN_POINT ( 'NONE',  ( -6.649999999999994100, -0.1250000000000056300, -4.429999999999994400 ) ) ;
#4720 = DIRECTION ( 'NONE',  ( 1.093590911432185500E-016, 1.668003342285391100E-016, -1.000000000000000000 ) ) ;
#4721 = CARTESIAN_POINT ( 'NONE',  ( 7.573907182274236800, -1.622880335899568700, 4.429999999999999700 ) ) ;
#4722 = LINE ( 'NONE', #39, #3764 ) ;
#4723 =( NAMED_UNIT ( * ) SI_UNIT ( $, .STERADIAN. ) SOLID_ANGLE_UNIT ( ) );
#4724 = COLOUR_RGB ( '',1.000000000000000000, 1.000000000000000000, 0.0000000000000000000 ) ;
#4725 = CARTESIAN_POINT ( 'NONE',  ( 8.609999999999896400, 8.377119664100433700, -4.680000000000001500 ) ) ;
#4726 = MECHANICAL_DESIGN_GEOMETRIC_PRESENTATION_REPRESENTATION (  '', ( #5278 ), #1065 ) ;
#4727 = AXIS2_PLACEMENT_3D ( 'NONE', #776, #1702, #5473 ) ;
#4728 = DIRECTION ( 'NONE',  ( 0.0000000000000000000, -0.0000000000000000000, -1.000000000000000000 ) ) ;
#4729 = VERTEX_POINT ( 'NONE', #4786 ) ;
#4730 = COLOUR_RGB ( '',1.000000000000000000, 1.000000000000000000, 0.0000000000000000000 ) ;
#4731 =( NAMED_UNIT ( * ) PLANE_ANGLE_UNIT ( ) SI_UNIT ( $, .RADIAN. ) );
#4732 = CIRCLE ( 'NONE', #3970, 0.2500000000000002200 ) ;
#4733 = CARTESIAN_POINT ( 'NONE',  ( 6.649999999999994100, -0.1249999999999982700, 4.429999999999999700 ) ) ;
#4734 = VECTOR ( 'NONE', #2276, 1000.000000000000000 ) ;
#4735 = VERTEX_POINT ( 'NONE', #1748 ) ;
#4736 = STYLED_ITEM ( 'NONE', ( #105 ), #347 ) ;
#4737 = CARTESIAN_POINT ( 'NONE',  ( -6.649999999999994100, -0.1250000000000068300, -4.429999999999994400 ) ) ;
#4738 = EDGE_LOOP ( 'NONE', ( #2859, #5469, #151, #3816 ) ) ;
#4739 = CYLINDRICAL_SURFACE ( 'NONE', #1969, 0.3999999999999889200 ) ;
#4740 = PLANE ( 'NONE',  #647 ) ;
#4741 = SURFACE_STYLE_FILL_AREA ( #549 ) ;
#4742 = DIRECTION ( 'NONE',  ( -0.0000000000000000000, -0.0000000000000000000, 1.000000000000000000 ) ) ;
#4743 = ORIENTED_EDGE ( 'NONE', *, *, #214, .T. ) ;
#4744 = DIRECTION ( 'NONE',  ( 1.000000000000000000, 4.605690828718422800E-016, 4.589215544912187000E-017 ) ) ;
#4745 = DIRECTION ( 'NONE',  ( 0.0000000000000000000, 0.0000000000000000000, -1.000000000000000000 ) ) ;
#4746 = FACE_OUTER_BOUND ( 'NONE', #2556, .T. ) ;
#4747 = PRODUCT ( 'TDR 3SM', 'TDR 3SM', '', ( #194 ) ) ;
#4748 =( GEOMETRIC_REPRESENTATION_CONTEXT ( 3 ) GLOBAL_UNCERTAINTY_ASSIGNED_CONTEXT ( ( #2008 ) ) GLOBAL_UNIT_ASSIGNED_CONTEXT ( ( #951, #270, #312 ) ) REPRESENTATION_CONTEXT ( 'NONE', 'WORKASPACE' ) );
#4749 = CARTESIAN_POINT ( 'NONE',  ( 6.813907182274254700, 0.1250000000000017500, 5.729999999999998600 ) ) ;
#4750 = VECTOR ( 'NONE', #3841, 1000.000000000000000 ) ;
#4751 = CYLINDRICAL_SURFACE ( 'NONE', #5390, 0.2500000000000000000 ) ;
#4752 = MECHANICAL_DESIGN_GEOMETRIC_PRESENTATION_REPRESENTATION (  '', ( #4788 ), #4748 ) ;
#4753 = ORIENTED_EDGE ( 'NONE', *, *, #2326, .F. ) ;
#4754 =( LENGTH_UNIT ( ) NAMED_UNIT ( * ) SI_UNIT ( .MILLI., .METRE. ) );
#4755 = SURFACE_STYLE_FILL_AREA ( #3228 ) ;
#4756 = SURFACE_STYLE_USAGE ( .BOTH. , #4876 ) ;
#4757 = CARTESIAN_POINT ( 'NONE',  ( 7.573907182274134600, -1.872880335899570700, -8.269999999999999600 ) ) ;
#4758 = CARTESIAN_POINT ( 'NONE',  ( -6.879265018596275800, -0.02531273276869610800, -4.429999999999994400 ) ) ;
#4759 = EDGE_LOOP ( 'NONE', ( #4275, #4270, #4262, #5168 ) ) ;
#4760 = PRESENTATION_STYLE_ASSIGNMENT (( #1093 ) ) ;
#4761 = SURFACE_STYLE_USAGE ( .BOTH. , #4787 ) ;
#4762 = PRESENTATION_LAYER_ASSIGNMENT (  '', '', ( #4801 ) ) ;
#4763 = PRESENTATION_LAYER_ASSIGNMENT (  '', '', ( #4788 ) ) ;
#4764 = ORIENTED_EDGE ( 'NONE', *, *, #5479, .F. ) ;
#4765 = DIRECTION ( 'NONE',  ( -1.000000000000000000, 3.577867169202161500E-015, 0.0000000000000000000 ) ) ;
#4766 =( NAMED_UNIT ( * ) SI_UNIT ( $, .STERADIAN. ) SOLID_ANGLE_UNIT ( ) );
#4767 = VERTEX_POINT ( 'NONE', #2225 ) ;
#4768 = DIRECTION ( 'NONE',  ( -0.1039620511845014800, -0.9891328443778535400, 0.1039620511844971500 ) ) ;
#4769 = FACE_OUTER_BOUND ( 'NONE', #2681, .T. ) ;
#4770 = ORIENTED_EDGE ( 'NONE', *, *, #4366, .F. ) ;
#4771 = UNCERTAINTY_MEASURE_WITH_UNIT (LENGTH_MEASURE( 1.000000000000000100E-005 ), #3431, 'distance_accuracy_value', 'NONE');
#4772 =( NAMED_UNIT ( * ) SI_UNIT ( $, .STERADIAN. ) SOLID_ANGLE_UNIT ( ) );
#4773 = EDGE_LOOP ( 'NONE', ( #2941, #4085, #4089, #3822 ) ) ;
#4774 = COLOUR_RGB ( '',1.000000000000000000, 1.000000000000000000, 0.0000000000000000000 ) ;
#4775 = ORIENTED_EDGE ( 'NONE', *, *, #5617, .F. ) ;
#4776 = VERTEX_POINT ( 'NONE', #4377 ) ;
#4777 = PRESENTATION_STYLE_ASSIGNMENT (( #1853 ) ) ;
#4778 = ORIENTED_EDGE ( 'NONE', *, *, #3732, .F. ) ;
#4779 = AXIS2_PLACEMENT_3D ( 'NONE', #631, #605, #582 ) ;
#4780 = PRESENTATION_STYLE_ASSIGNMENT (( #3677 ) ) ;
#4781 = AXIS2_PLACEMENT_3D ( 'NONE', #5203, #5191, #5517 ) ;
#4782 = CARTESIAN_POINT ( 'NONE',  ( 7.573907182274258100, 8.377119664100432000, 7.219999999999999800 ) ) ;
#4783 = UNCERTAINTY_MEASURE_WITH_UNIT (LENGTH_MEASURE( 1.000000000000000100E-005 ), #428, 'distance_accuracy_value', 'NONE');
#4784 = LINE ( 'NONE', #2725, #4037 ) ;
#4785 = ORIENTED_EDGE ( 'NONE', *, *, #900, .T. ) ;
#4786 = CARTESIAN_POINT ( 'NONE',  ( 7.573907182274258100, -1.622880335899568700, 8.019999999999999600 ) ) ;
#4787 = SURFACE_SIDE_STYLE ('',( #3740 ) ) ;
#4788 = STYLED_ITEM ( 'NONE', ( #4798 ), #333 ) ;
#4789 = LINE ( 'NONE', #4438, #3574 ) ;
#4790 = LINE ( 'NONE', #3394, #669 ) ;
#4791 = FILL_AREA_STYLE_COLOUR ( '', #1775 ) ;
#4792 = LINE ( 'NONE', #3356, #4028 ) ;
#4793 = VERTEX_POINT ( 'NONE', #5190 ) ;
#4794 = SURFACE_STYLE_FILL_AREA ( #4157 ) ;
#4795 = CARTESIAN_POINT ( 'NONE',  ( 6.399999999999997700, -0.1249999999999993200, 4.429999999999999700 ) ) ;
#4796 = FACE_OUTER_BOUND ( 'NONE', #873, .T. ) ;
#4797 = FILL_AREA_STYLE ('',( #4791 ) ) ;
#4798 = PRESENTATION_STYLE_ASSIGNMENT (( #3665 ) ) ;
#4799 = EDGE_CURVE ( 'NONE', #3630, #2, #2664, .T. ) ;
#4800 = CARTESIAN_POINT ( 'NONE',  ( -6.399999999999998600, 0.1249999999999938200, -4.429999999999994400 ) ) ;
#4801 = STYLED_ITEM ( 'NONE', ( #4477 ), #2288 ) ;
#4802 = LINE ( 'NONE', #4688, #4811 ) ;
#4803 = ORIENTED_EDGE ( 'NONE', *, *, #432, .T. ) ;
#4805 = PRESENTATION_STYLE_ASSIGNMENT (( #4176 ) ) ;
#4804 =( NAMED_UNIT ( * ) PLANE_ANGLE_UNIT ( ) SI_UNIT ( $, .RADIAN. ) );
#4806 = LINE ( 'NONE', #3860, #5561 ) ;
#4807 = DIRECTION ( 'NONE',  ( -0.0000000000000000000, 1.000000000000000000, 1.668003342285391300E-016 ) ) ;
#4808 = SURFACE_STYLE_USAGE ( .BOTH. , #3396 ) ;
#4809 = DIRECTION ( 'NONE',  ( 0.0000000000000000000, -1.814126214557196800E-031, 1.000000000000000000 ) ) ;
#4810 = UNCERTAINTY_MEASURE_WITH_UNIT (LENGTH_MEASURE( 1.000000000000000100E-005 ), #2630, 'distance_accuracy_value', 'NONE');
#4811 = VECTOR ( 'NONE', #2163, 1000.000000000000000 ) ;
#4812 = VERTEX_POINT ( 'NONE', #2244 ) ;
#4813 =( GEOMETRIC_REPRESENTATION_CONTEXT ( 3 ) GLOBAL_UNCERTAINTY_ASSIGNED_CONTEXT ( ( #4166 ) ) GLOBAL_UNIT_ASSIGNED_CONTEXT ( ( #3165, #3521, #4766 ) ) REPRESENTATION_CONTEXT ( 'NONE', 'WORKASPACE' ) );
#4814 = CARTESIAN_POINT ( 'NONE',  ( 7.573907182274258100, -1.622880335899568300, 7.219999999999999800 ) ) ;
#4815 = FILL_AREA_STYLE_COLOUR ( '', #1793 ) ;
#4816 = DIRECTION ( 'NONE',  ( 1.000000000000000000, 4.605690828718422800E-016, 4.589215544912188200E-017 ) ) ;
#4817 = ORIENTED_EDGE ( 'NONE', *, *, #3152, .T. ) ;
#4818 = EDGE_CURVE ( 'NONE', #2509, #497, #2624, .T. ) ;
#4819 = MECHANICAL_DESIGN_GEOMETRIC_PRESENTATION_REPRESENTATION (  '', ( #4850 ), #4813 ) ;
#4820 = FILL_AREA_STYLE ('',( #108 ) ) ;
#4821 =( NAMED_UNIT ( * ) PLANE_ANGLE_UNIT ( ) SI_UNIT ( $, .RADIAN. ) );
#4822 = PLANE ( 'NONE',  #4420 ) ;
#4823 = EDGE_LOOP ( 'NONE', ( #3590, #4658, #4654, #4211, #4221, #4460 ) ) ;
#4824 = EDGE_LOOP ( 'NONE', ( #5094, #1788 ) ) ;
#4825 =( GEOMETRIC_REPRESENTATION_CONTEXT ( 3 ) GLOBAL_UNCERTAINTY_ASSIGNED_CONTEXT ( ( #1306 ) ) GLOBAL_UNIT_ASSIGNED_CONTEXT ( ( #960, #714, #698 ) ) REPRESENTATION_CONTEXT ( 'NONE', 'WORKASPACE' ) );
#4826 =( GEOMETRIC_REPRESENTATION_CONTEXT ( 3 ) GLOBAL_UNCERTAINTY_ASSIGNED_CONTEXT ( ( #4046 ) ) GLOBAL_UNIT_ASSIGNED_CONTEXT ( ( #2563, #2507, #2414 ) ) REPRESENTATION_CONTEXT ( 'NONE', 'WORKASPACE' ) );
#4827 = PRESENTATION_LAYER_ASSIGNMENT (  '', '', ( #4850 ) ) ;
#4828 = SURFACE_STYLE_FILL_AREA ( #3711 ) ;
#4829 = EDGE_LOOP ( 'NONE', ( #1509, #1828, #1800, #1651, #2082, #451, #4380, #1906 ) ) ;
#4830 = CARTESIAN_POINT ( 'NONE',  ( -7.573907182274247400, -1.872880335899558300, 8.270000000000006700 ) ) ;
#4831 = ORIENTED_EDGE ( 'NONE', *, *, #1599, .T. ) ;
#4832 = COLOUR_RGB ( '',1.000000000000000000, 1.000000000000000000, 0.0000000000000000000 ) ;
#4833 = CARTESIAN_POINT ( 'NONE',  ( 7.573907182274258100, -1.622880335899568300, 8.019999999999999600 ) ) ;
#4834 = CARTESIAN_POINT ( 'NONE',  ( -6.649999999999994100, -0.1250000000000059700, -5.729999999999997800 ) ) ;
#4835 =( NAMED_UNIT ( * ) SI_UNIT ( $, .STERADIAN. ) SOLID_ANGLE_UNIT ( ) );
#4836 = FACE_OUTER_BOUND ( 'NONE', #2118, .T. ) ;
#4837 = ORIENTED_EDGE ( 'NONE', *, *, #1075, .T. ) ;
#4838 = ORIENTED_EDGE ( 'NONE', *, *, #4356, .T. ) ;
#4839 = SURFACE_STYLE_USAGE ( .BOTH. , #4915 ) ;
#4840 = MECHANICAL_DESIGN_GEOMETRIC_PRESENTATION_REPRESENTATION (  '', ( #4927 ), #4825 ) ;
#4841 = EDGE_LOOP ( 'NONE', ( #726, #2932, #786, #732 ) ) ;
#4842 = PRESENTATION_STYLE_ASSIGNMENT (( #3655 ) ) ;
#4843 = COLOUR_RGB ( '',1.000000000000000000, 1.000000000000000000, 0.0000000000000000000 ) ;
#4844 = CARTESIAN_POINT ( 'NONE',  ( 6.048867878803643600, 6.825000000000000200, 9.098867878803648800 ) ) ;
#4845 = EDGE_LOOP ( 'NONE', ( #413, #1100, #73, #4138, #718, #3233 ) ) ;
#4846 = CARTESIAN_POINT ( 'NONE',  ( 7.573907182274257200, -1.622880335899569100, 6.969999999999999800 ) ) ;
#4847 = SURFACE_STYLE_USAGE ( .BOTH. , #4870 ) ;
#4848 = MECHANICAL_DESIGN_GEOMETRIC_PRESENTATION_REPRESENTATION (  '', ( #3701 ), #4826 ) ;
#4849 = ORIENTED_EDGE ( 'NONE', *, *, #621, .T. ) ;
#4850 = STYLED_ITEM ( 'NONE', ( #840 ), #325 ) ;
#4851 = ORIENTED_EDGE ( 'NONE', *, *, #632, .F. ) ;
#4852 = AXIS2_PLACEMENT_3D ( 'NONE', #2085, #5614, #263 ) ;
#4853 = ORIENTED_EDGE ( 'NONE', *, *, #708, .T. ) ;
#4854 =( NAMED_UNIT ( * ) SI_UNIT ( $, .STERADIAN. ) SOLID_ANGLE_UNIT ( ) );
#4855 = FILL_AREA_STYLE ('',( #5447 ) ) ;
#4856 = AXIS2_PLACEMENT_3D ( 'NONE', #2728, #3031, #3069 ) ;
#4857 = LINE ( 'NONE', #1251, #2749 ) ;
#4858 = VECTOR ( 'NONE', #3080, 1000.000000000000000 ) ;
#4859 = ORIENTED_EDGE ( 'NONE', *, *, #1163, .F. ) ;
#4860 =( NAMED_UNIT ( * ) PLANE_ANGLE_UNIT ( ) SI_UNIT ( $, .RADIAN. ) );
#4861 = MECHANICAL_DESIGN_GEOMETRIC_PRESENTATION_REPRESENTATION (  '', ( #35 ), #1939 ) ;
#4862 = SURFACE_STYLE_FILL_AREA ( #3998 ) ;
#4863 =( LENGTH_UNIT ( ) NAMED_UNIT ( * ) SI_UNIT ( .MILLI., .METRE. ) );
#4864 = PLANE ( 'NONE',  #271 ) ;
#4865 = PLANE ( 'NONE',  #1738 ) ;
#4866 = VECTOR ( 'NONE', #1350, 1000.000000000000000 ) ;
#4867 =( LENGTH_UNIT ( ) NAMED_UNIT ( * ) SI_UNIT ( .MILLI., .METRE. ) );
#4868 = AXIS2_PLACEMENT_3D ( 'NONE', #4003, #4250, #4291 ) ;
#4869 =( LENGTH_UNIT ( ) NAMED_UNIT ( * ) SI_UNIT ( .MILLI., .METRE. ) );
#4870 = SURFACE_SIDE_STYLE ('',( #4946 ) ) ;
#4871 = DIRECTION ( 'NONE',  ( 1.000000000000000000, 1.084202172485503400E-016, 0.0000000000000000000 ) ) ;
#4872 = ORIENTED_EDGE ( 'NONE', *, *, #1235, .F. ) ;
#4873 = COLOUR_RGB ( '',1.000000000000000000, 1.000000000000000000, 0.0000000000000000000 ) ;
#4874 = UNCERTAINTY_MEASURE_WITH_UNIT (LENGTH_MEASURE( 1.000000000000000100E-005 ), #3649, 'distance_accuracy_value', 'NONE');
#4875 = PRESENTATION_LAYER_ASSIGNMENT (  '', '', ( #4927 ) ) ;
#4876 = SURFACE_SIDE_STYLE ('',( #683 ) ) ;
#4877 = DIRECTION ( 'NONE',  ( -1.000000000000000000, -1.807003620809171700E-016, 0.0000000000000000000 ) ) ;
#4878 = CARTESIAN_POINT ( 'NONE',  ( 6.879265018596277600, -0.02531273276868721900, 8.269999999999999600 ) ) ;
#4879 = EDGE_LOOP ( 'NONE', ( #2342, #4136, #2091, #4001 ) ) ;
#4880 = DIRECTION ( 'NONE',  ( 1.000000000000000000, 0.0000000000000000000, -0.0000000000000000000 ) ) ;
#4881 = SURFACE_SIDE_STYLE ('',( #5033 ) ) ;
#4882 =( GEOMETRIC_REPRESENTATION_CONTEXT ( 3 ) GLOBAL_UNCERTAINTY_ASSIGNED_CONTEXT ( ( #5314 ) ) GLOBAL_UNIT_ASSIGNED_CONTEXT ( ( #2574, #2599, #2623 ) ) REPRESENTATION_CONTEXT ( 'NONE', 'WORKASPACE' ) );
#4883 = ORIENTED_EDGE ( 'NONE', *, *, #4281, .F. ) ;
#4884 = VERTEX_POINT ( 'NONE', #4396 ) ;
#4885 = PLANE ( 'NONE',  #3372 ) ;
#4886 = CARTESIAN_POINT ( 'NONE',  ( 7.409999999999995700, -1.872880335899568700, 4.429999999999999700 ) ) ;
#4887 = ORIENTED_EDGE ( 'NONE', *, *, #8, .T. ) ;
#4888 = ORIENTED_EDGE ( 'NONE', *, *, #4251, .T. ) ;
#4889 = FILL_AREA_STYLE_COLOUR ( '', #1660 ) ;
#4890 = CARTESIAN_POINT ( 'NONE',  ( -8.609999999999992300, 8.377119664100432000, -5.479999999999990700 ) ) ;
#4891 = VERTEX_POINT ( 'NONE', #2269 ) ;
#4892 = PRESENTATION_LAYER_ASSIGNMENT (  '', '', ( #3701 ) ) ;
#4893 = FILL_AREA_STYLE ('',( #5328 ) ) ;
#4894 = COLOUR_RGB ( '',1.000000000000000000, 1.000000000000000000, 0.0000000000000000000 ) ;
#4895 = DIRECTION ( 'NONE',  ( -0.0000000000000000000, -0.0000000000000000000, 1.000000000000000000 ) ) ;
#4896 = CARTESIAN_POINT ( 'NONE',  ( -6.399999999999991500, -0.1250000000000057500, -4.429999999999994400 ) ) ;
#4897 = DIRECTION ( 'NONE',  ( 0.3987490689252437500, -0.9170600743851250500, 0.0000000000000000000 ) ) ;
#4898 = SURFACE_STYLE_FILL_AREA ( #4254 ) ;
#4899 = FACE_OUTER_BOUND ( 'NONE', #2750, .T. ) ;
#4900 = AXIS2_PLACEMENT_3D ( 'NONE', #1512, #1472, #1450 ) ;
#4901 = ORIENTED_EDGE ( 'NONE', *, *, #879, .T. ) ;
#4902 = COLOUR_RGB ( '',0.0000000000000000000, 0.0000000000000000000, 0.0000000000000000000 ) ;
#4903 = CARTESIAN_POINT ( 'NONE',  ( -6.399999999999997700, -0.1249999999999998200, -9.449999999999999300 ) ) ;
#4904 = CARTESIAN_POINT ( 'NONE',  ( 6.649999999999994100, -0.1249999999999995400, 5.729999999999998600 ) ) ;
#4905 = CARTESIAN_POINT ( 'NONE',  ( 6.110902243363596200, -2.875581419536759100, 9.160902243363608500 ) ) ;
#4906 = VECTOR ( 'NONE', #1300, 1000.000000000000000 ) ;
#4907 = MECHANICAL_DESIGN_GEOMETRIC_PRESENTATION_REPRESENTATION (  '', ( #4924 ), #4882 ) ;
#4908 = DIRECTION ( 'NONE',  ( 0.0000000000000000000, 0.0000000000000000000, -1.000000000000000000 ) ) ;
#4909 = VECTOR ( 'NONE', #2851, 1000.000000000000000 ) ;
#4910 = CARTESIAN_POINT ( 'NONE',  ( -6.399999999999989700, 0.1249999999999934900, -9.449999999999990400 ) ) ;
#4911 = DIRECTION ( 'NONE',  ( -1.000000000000000000, 0.0000000000000000000, -0.0000000000000000000 ) ) ;
#4912 = EDGE_CURVE ( 'NONE', #3779, #2509, #2639, .T. ) ;
#4913 = ORIENTED_EDGE ( 'NONE', *, *, #610, .F. ) ;
#4914 = PRESENTATION_LAYER_ASSIGNMENT (  '', '', ( #4924 ) ) ;
#4916 = COLOUR_RGB ( '',0.0000000000000000000, 0.0000000000000000000, 0.0000000000000000000 ) ;
#4915 = SURFACE_SIDE_STYLE ('',( #4424 ) ) ;
#4917 = VECTOR ( 'NONE', #3420, 1000.000000000000000 ) ;
#4918 = DIRECTION ( 'NONE',  ( 3.469446951953596800E-015, -1.000000000000000000, -0.0000000000000000000 ) ) ;
#4919 =( NAMED_UNIT ( * ) SI_UNIT ( $, .STERADIAN. ) SOLID_ANGLE_UNIT ( ) );
#4920 = ORIENTED_EDGE ( 'NONE', *, *, #409, .F. ) ;
#4921 = UNCERTAINTY_MEASURE_WITH_UNIT (LENGTH_MEASURE( 1.000000000000000100E-005 ), #1583, 'distance_accuracy_value', 'NONE');
#4922 = DIRECTION ( 'NONE',  ( 0.0000000000000000000, -0.0000000000000000000, -1.000000000000000000 ) ) ;
#4923 = COLOUR_RGB ( '',1.000000000000000000, 1.000000000000000000, 0.0000000000000000000 ) ;
#4924 = STYLED_ITEM ( 'NONE', ( #525 ), #254 ) ;
#4925 = VECTOR ( 'NONE', #1673, 1000.000000000000000 ) ;
#4926 = SURFACE_STYLE_USAGE ( .BOTH. , #4934 ) ;
#4927 = STYLED_ITEM ( 'NONE', ( #4561 ), #2286 ) ;
#4928 = FILL_AREA_STYLE_COLOUR ( '', #5238 ) ;
#4929 = VECTOR ( 'NONE', #399, 1000.000000000000000 ) ;
#4930 = SURFACE_STYLE_FILL_AREA ( #3346 ) ;
#4931 =( NAMED_UNIT ( * ) PLANE_ANGLE_UNIT ( ) SI_UNIT ( $, .RADIAN. ) );
#4932 = ORIENTED_EDGE ( 'NONE', *, *, #1081, .T. ) ;
#4933 = AXIS2_PLACEMENT_3D ( 'NONE', #2039, #2149, #2199 ) ;
#4934 = SURFACE_SIDE_STYLE ('',( #3978 ) ) ;
#4935 = FILL_AREA_STYLE_COLOUR ( '', #2323 ) ;
#4936 = ORIENTED_EDGE ( 'NONE', *, *, #2928, .F. ) ;
#4937 = SURFACE_STYLE_FILL_AREA ( #1096 ) ;
#4938 = ORIENTED_EDGE ( 'NONE', *, *, #2650, .F. ) ;
#4939 = DIRECTION ( 'NONE',  ( 0.0000000000000000000, -1.000000000000000000, 0.0000000000000000000 ) ) ;
#4940 =( GEOMETRIC_REPRESENTATION_CONTEXT ( 3 ) GLOBAL_UNCERTAINTY_ASSIGNED_CONTEXT ( ( #3365 ) ) GLOBAL_UNIT_ASSIGNED_CONTEXT ( ( #1610, #1587, #1565 ) ) REPRESENTATION_CONTEXT ( 'NONE', 'WORKASPACE' ) );
#4941 = AXIS2_PLACEMENT_3D ( 'NONE', #1298, #1355, #1713 ) ;
#4942 = VERTEX_POINT ( 'NONE', #4800 ) ;
#4943 = CARTESIAN_POINT ( 'NONE',  ( -6.879265018596275800, -0.02531273276869607300, -5.729999999999997800 ) ) ;
#4944 = EDGE_LOOP ( 'NONE', ( #740, #813, #730, #796, #881, #880 ) ) ;
#4945 = DIRECTION ( 'NONE',  ( -0.3987490689252437000, -0.9170600743851251600, 0.0000000000000000000 ) ) ;
#4946 = SURFACE_STYLE_FILL_AREA ( #4966 ) ;
#4947 = ORIENTED_EDGE ( 'NONE', *, *, #518, .F. ) ;
#4948 = ORIENTED_EDGE ( 'NONE', *, *, #4243, .T. ) ;
#4949 = SURFACE_STYLE_FILL_AREA ( #1818 ) ;
#4950 = EDGE_CURVE ( 'NONE', #3779, #4767, #2614, .T. ) ;
#4951 = CARTESIAN_POINT ( 'NONE',  ( -8.609999999999992300, -1.872880335899560300, -8.019999999999988900 ) ) ;
#4952 =( LENGTH_UNIT ( ) NAMED_UNIT ( * ) SI_UNIT ( .MILLI., .METRE. ) );
#4953 = AXIS2_PLACEMENT_3D ( 'NONE', #789, #462, #5499 ) ;
#4954 = PRESENTATION_STYLE_ASSIGNMENT (( #4180 ) ) ;
#4955 = ORIENTED_EDGE ( 'NONE', *, *, #374, .T. ) ;
#4956 = FILL_AREA_STYLE ('',( #5170 ) ) ;
#4957 = DIRECTION ( 'NONE',  ( 1.093590911432185400E-016, 1.668003342285391300E-016, -1.000000000000000000 ) ) ;
#4958 = EDGE_LOOP ( 'NONE', ( #4920, #4901, #4887, #4849 ) ) ;
#4959 =( NAMED_UNIT ( * ) PLANE_ANGLE_UNIT ( ) SI_UNIT ( $, .RADIAN. ) );
#4960 = ORIENTED_EDGE ( 'NONE', *, *, #846, .T. ) ;
#4961 = DIRECTION ( 'NONE',  ( 0.0000000000000000000, -1.000000000000000000, 0.0000000000000000000 ) ) ;
#4962 = DIRECTION ( 'NONE',  ( 1.000000000000000000, 8.673617379884057200E-016, 0.0000000000000000000 ) ) ;
#4963 = ORIENTED_EDGE ( 'NONE', *, *, #579, .F. ) ;
#4964 = ORIENTED_EDGE ( 'NONE', *, *, #392, .T. ) ;
#4965 = SURFACE_STYLE_USAGE ( .BOTH. , #5000 ) ;
#4966 = FILL_AREA_STYLE ('',( #4935 ) ) ;
#4967 = ORIENTED_EDGE ( 'NONE', *, *, #1343, .T. ) ;
#4968 = CARTESIAN_POINT ( 'NONE',  ( 6.365035898859147800, 0.7921547930320237400, -9.415035898859146700 ) ) ;
#4969 =( GEOMETRIC_REPRESENTATION_CONTEXT ( 3 ) GLOBAL_UNCERTAINTY_ASSIGNED_CONTEXT ( ( #5056 ) ) GLOBAL_UNIT_ASSIGNED_CONTEXT ( ( #3071, #3481, #5500 ) ) REPRESENTATION_CONTEXT ( 'NONE', 'WORKASPACE' ) );
#4970 =( NAMED_UNIT ( * ) SI_UNIT ( $, .STERADIAN. ) SOLID_ANGLE_UNIT ( ) );
#4971 = ORIENTED_EDGE ( 'NONE', *, *, #544, .F. ) ;
#4972 =( NAMED_UNIT ( * ) PLANE_ANGLE_UNIT ( ) SI_UNIT ( $, .RADIAN. ) );
#4973 = FILL_AREA_STYLE_COLOUR ( '', #4353 ) ;
#4974 =( LENGTH_UNIT ( ) NAMED_UNIT ( * ) SI_UNIT ( .MILLI., .METRE. ) );
#4975 = EDGE_CURVE ( 'NONE', #4767, #497, #2634, .T. ) ;
#4976 = DIRECTION ( 'NONE',  ( -0.0000000000000000000, 1.668003342285391600E-016, -1.000000000000000000 ) ) ;
#4977 = LINE ( 'NONE', #4304, #2777 ) ;
#4978 =( NAMED_UNIT ( * ) SI_UNIT ( $, .STERADIAN. ) SOLID_ANGLE_UNIT ( ) );
#4979 = DIRECTION ( 'NONE',  ( -0.0000000000000000000, 1.000000000000000000, -0.0000000000000000000 ) ) ;
#4980 = FILL_AREA_STYLE_COLOUR ( '', #2694 ) ;
#4981 =( NAMED_UNIT ( * ) PLANE_ANGLE_UNIT ( ) SI_UNIT ( $, .RADIAN. ) );
#4982 = LINE ( 'NONE', #437, #4929 ) ;
#4983 = CARTESIAN_POINT ( 'NONE',  ( -7.344642163677966600, -1.722567603130869900, -8.269999999999996000 ) ) ;
#4984 = DIRECTION ( 'NONE',  ( -1.000000000000000000, -1.807003620809171700E-016, 0.0000000000000000000 ) ) ;
#4985 = MECHANICAL_DESIGN_GEOMETRIC_PRESENTATION_REPRESENTATION (  '', ( #5016 ), #4969 ) ;
#4986 =( LENGTH_UNIT ( ) NAMED_UNIT ( * ) SI_UNIT ( .MILLI., .METRE. ) );
#4987 = PLANE ( 'NONE',  #4173 ) ;
#4988 = DIRECTION ( 'NONE',  ( -1.000000000000000000, -0.0000000000000000000, -0.0000000000000000000 ) ) ;
#4989 = CARTESIAN_POINT ( 'NONE',  ( -6.649999999999994100, -0.1250000000000069900, -6.969999999999993500 ) ) ;
#4990 = FILL_AREA_STYLE ('',( #5038 ) ) ;
#4991 =( NAMED_UNIT ( * ) SI_UNIT ( $, .STERADIAN. ) SOLID_ANGLE_UNIT ( ) );
#4992 = PRESENTATION_LAYER_ASSIGNMENT (  '', '', ( #5016 ) ) ;
#4993 = FACE_OUTER_BOUND ( 'NONE', #4507, .T. ) ;
#4994 = DIRECTION ( 'NONE',  ( -0.3987490689252437000, -0.9170600743851251600, 0.0000000000000000000 ) ) ;
#4995 = CARTESIAN_POINT ( 'NONE',  ( -6.400000000000001200, 0.1249999999999938200, -9.449999999999999300 ) ) ;
#4996 = DIRECTION ( 'NONE',  ( 0.1039620511845014700, 0.9891328443778534300, 0.1039620511844983300 ) ) ;
#4997 = DIRECTION ( 'NONE',  ( -1.000000000000000000, -1.084202172485503400E-016, 0.0000000000000000000 ) ) ;
#4998 = VERTEX_POINT ( 'NONE', #1354 ) ;
#4999 = CARTESIAN_POINT ( 'NONE',  ( 8.055773820624491300, -0.1250000000000007800, -4.430000000000001500 ) ) ;
#5000 = SURFACE_SIDE_STYLE ('',( #182 ) ) ;
#5001 = FACE_OUTER_BOUND ( 'NONE', #190, .T. ) ;
#5002 = SURFACE_SIDE_STYLE ('',( #1340 ) ) ;
#5003 = CARTESIAN_POINT ( 'NONE',  ( -6.879265018596275800, -0.02531273276869547600, 6.970000000000004200 ) ) ;
#5004 = FILL_AREA_STYLE ('',( #1900 ) ) ;
#5005 =( NAMED_UNIT ( * ) PLANE_ANGLE_UNIT ( ) SI_UNIT ( $, .RADIAN. ) );
#5006 = SURFACE_STYLE_FILL_AREA ( #3599 ) ;
#5007 = AXIS2_PLACEMENT_3D ( 'NONE', #2087, #2106, #2126 ) ;
#5008 = EDGE_LOOP ( 'NONE', ( #1179, #1242, #1182, #5567, #5625, #3610 ) ) ;
#5009 = DIRECTION ( 'NONE',  ( -1.807003620809171700E-016, 1.000000000000000000, 7.233811389675591500E-032 ) ) ;
#5010 = COLOUR_RGB ( '',1.000000000000000000, 1.000000000000000000, 0.0000000000000000000 ) ;
#5011 = ORIENTED_EDGE ( 'NONE', *, *, #4104, .T. ) ;
#5012 = COLOUR_RGB ( '',1.000000000000000000, 1.000000000000000000, 0.0000000000000000000 ) ;
#5013 = FILL_AREA_STYLE ('',( #1406 ) ) ;
#5014 = ORIENTED_EDGE ( 'NONE', *, *, #3450, .T. ) ;
#5015 = SURFACE_STYLE_FILL_AREA ( #4855 ) ;
#5016 = STYLED_ITEM ( 'NONE', ( #2046 ), #198 ) ;
#5017 = ORIENTED_EDGE ( 'NONE', *, *, #3846, .T. ) ;
#5018 = DIRECTION ( 'NONE',  ( -1.084202172485503400E-016, 1.000000000000000000, 7.233811389675590400E-032 ) ) ;
#5019 = SURFACE_STYLE_FILL_AREA ( #1135 ) ;
#5020 = VERTEX_POINT ( 'NONE', #3145 ) ;
#5021 = PLANE ( 'NONE',  #4223 ) ;
#5022 = PRESENTATION_STYLE_ASSIGNMENT (( #5359 ) ) ;
#5023 = ORIENTED_EDGE ( 'NONE', *, *, #443, .F. ) ;
#5024 = COLOUR_RGB ( '',1.000000000000000000, 1.000000000000000000, 0.0000000000000000000 ) ;
#5025 = CARTESIAN_POINT ( 'NONE',  ( 7.573907182274255400, -1.622880335899568500, 5.729999999999998600 ) ) ;
#5026 = FILL_AREA_STYLE_COLOUR ( '', #2772 ) ;
#5027 = MECHANICAL_DESIGN_GEOMETRIC_PRESENTATION_REPRESENTATION (  '', ( #5141 ), #4940 ) ;
#5028 = SURFACE_STYLE_USAGE ( .BOTH. , #5002 ) ;
#5029 = PLANE ( 'NONE',  #3900 ) ;
#5030 = FACE_OUTER_BOUND ( 'NONE', #3139, .T. ) ;
#5031 = LINE ( 'NONE', #2449, #410 ) ;
#5032 = ORIENTED_EDGE ( 'NONE', *, *, #825, .T. ) ;
#5033 = SURFACE_STYLE_FILL_AREA ( #1488 ) ;
#5034 = DIRECTION ( 'NONE',  ( 0.0000000000000000000, -1.000000000000000000, 0.0000000000000000000 ) ) ;
#5035 = VECTOR ( 'NONE', #2431, 1000.000000000000000 ) ;
#5036 = PRESENTATION_LAYER_ASSIGNMENT (  '', '', ( #35 ) ) ;
#5037 = ORIENTED_EDGE ( 'NONE', *, *, #5588, .T. ) ;
#5038 = FILL_AREA_STYLE_COLOUR ( '', #25 ) ;
#5039 = CARTESIAN_POINT ( 'NONE',  ( 7.573907182274248300, -1.622880335899570900, -4.430000000000001500 ) ) ;
#5040 = CARTESIAN_POINT ( 'NONE',  ( 7.344642163677967500, -1.722567603130882100, -6.970000000000000600 ) ) ;
#5041 = VECTOR ( 'NONE', #3683, 1000.000000000000000 ) ;
#5042 = VERTEX_POINT ( 'NONE', #2291 ) ;
#5043 = SURFACE_STYLE_USAGE ( .BOTH. , #5160 ) ;
#5044 =( GEOMETRIC_REPRESENTATION_CONTEXT ( 3 ) GLOBAL_UNCERTAINTY_ASSIGNED_CONTEXT ( ( #4921 ) ) GLOBAL_UNIT_ASSIGNED_CONTEXT ( ( #1583, #1626, #1643 ) ) REPRESENTATION_CONTEXT ( 'NONE', 'WORKASPACE' ) );
#5045 = PLANE ( 'NONE',  #1802 ) ;
#5046 = LINE ( 'NONE', #3535, #5488 ) ;
#5047 = ORIENTED_EDGE ( 'NONE', *, *, #4446, .F. ) ;
#5048 =( LENGTH_UNIT ( ) NAMED_UNIT ( * ) SI_UNIT ( .MILLI., .METRE. ) );
#5049 = CARTESIAN_POINT ( 'NONE',  ( -6.649999999999994100, 0.1249999999999937400, 6.970000000000003300 ) ) ;
#5050 = CARTESIAN_POINT ( 'NONE',  ( -7.409999999999987700, -1.872880335899558900, -6.969999999999993500 ) ) ;
#5051 = COLOUR_RGB ( '',0.0000000000000000000, 0.0000000000000000000, 0.0000000000000000000 ) ;
#5052 = VECTOR ( 'NONE', #868, 1000.000000000000000 ) ;
#5053 = FACE_OUTER_BOUND ( 'NONE', #5288, .T. ) ;
#5054 = MECHANICAL_DESIGN_GEOMETRIC_PRESENTATION_REPRESENTATION (  '', ( #5091 ), #5044 ) ;
#5055 = CARTESIAN_POINT ( 'NONE',  ( -8.055773820624500200, -0.1250000000000059400, -4.429999999999994400 ) ) ;
#5056 = UNCERTAINTY_MEASURE_WITH_UNIT (LENGTH_MEASURE( 1.000000000000000100E-005 ), #3071, 'distance_accuracy_value', 'NONE');
#5057 = LINE ( 'NONE', #1707, #4676 ) ;
#5058 = PRESENTATION_LAYER_ASSIGNMENT (  '', '', ( #5091 ) ) ;
#5059 = CARTESIAN_POINT ( 'NONE',  ( 7.409999999999995700, -1.872880335899568700, 4.679999999999999700 ) ) ;
#5060 = DIRECTION ( 'NONE',  ( 0.0000000000000000000, -1.000000000000000000, 0.0000000000000000000 ) ) ;
#5061 =( NAMED_UNIT ( * ) PLANE_ANGLE_UNIT ( ) SI_UNIT ( $, .RADIAN. ) );
#5062 = CARTESIAN_POINT ( 'NONE',  ( 8.055773820624491300, -0.1250000000000007800, -4.430000000000001500 ) ) ;
#5063 = VECTOR ( 'NONE', #1258, 1000.000000000000000 ) ;
#5064 = EDGE_CURVE ( 'NONE', #4, #2869, #2602, .T. ) ;
#5065 = PRESENTATION_LAYER_ASSIGNMENT (  '', '', ( #5141 ) ) ;
#5066 = UNCERTAINTY_MEASURE_WITH_UNIT (LENGTH_MEASURE( 1.000000000000000100E-005 ), #2470, 'distance_accuracy_value', 'NONE');
#5067 = VERTEX_POINT ( 'NONE', #1780 ) ;
#5068 = FACE_OUTER_BOUND ( 'NONE', #4198, .T. ) ;
#5069 = CARTESIAN_POINT ( 'NONE',  ( 7.573907182274236800, 8.377119664100432000, 5.479999999999998600 ) ) ;
#5070 = DIRECTION ( 'NONE',  ( -1.000000000000000000, 0.0000000000000000000, 0.0000000000000000000 ) ) ;
#5071 = VERTEX_POINT ( 'NONE', #446 ) ;
#5072 = COLOUR_RGB ( '',1.000000000000000000, 1.000000000000000000, 0.0000000000000000000 ) ;
#5073 =( NAMED_UNIT ( * ) SI_UNIT ( $, .STERADIAN. ) SOLID_ANGLE_UNIT ( ) );
#5074 = VERTEX_POINT ( 'NONE', #3602 ) ;
#5075 = FACE_OUTER_BOUND ( 'NONE', #5158, .T. ) ;
#5076 = FILL_AREA_STYLE_COLOUR ( '', #3041 ) ;
#5077 = ORIENTED_EDGE ( 'NONE', *, *, #3045, .T. ) ;
#5078 = PLANE ( 'NONE',  #2730 ) ;
#5079 =( NAMED_UNIT ( * ) SI_UNIT ( $, .STERADIAN. ) SOLID_ANGLE_UNIT ( ) );
#5080 = FILL_AREA_STYLE ('',( #4314 ) ) ;
#5081 = ORIENTED_EDGE ( 'NONE', *, *, #798, .F. ) ;
#5082 = EDGE_LOOP ( 'NONE', ( #3659, #1901, #1657, #1638 ) ) ;
#5083 = DIRECTION ( 'NONE',  ( -4.605690828718422800E-016, 1.000000000000000000, 0.0000000000000000000 ) ) ;
#5084 = AXIS2_PLACEMENT_3D ( 'NONE', #756, #773, #791 ) ;
#5085 = CARTESIAN_POINT ( 'NONE',  ( 7.573907182274248300, -1.872880335899570900, -5.480000000000001300 ) ) ;
#5086 = ORIENTED_EDGE ( 'NONE', *, *, #1706, .F. ) ;
#5087 = LINE ( 'NONE', #23, #5099 ) ;
#5088 = VERTEX_POINT ( 'NONE', #2727 ) ;
#5089 = EDGE_CURVE ( 'NONE', #4729, #4, #2587, .T. ) ;
#5090 = ORIENTED_EDGE ( 'NONE', *, *, #3014, .T. ) ;
#5091 = STYLED_ITEM ( 'NONE', ( #958 ), #157 ) ;
#5092 =( NAMED_UNIT ( * ) PLANE_ANGLE_UNIT ( ) SI_UNIT ( $, .RADIAN. ) );
#5093 = SURFACE_STYLE_FILL_AREA ( #4168 ) ;
#5094 = ORIENTED_EDGE ( 'NONE', *, *, #798, .T. ) ;
#5095 = PRESENTATION_STYLE_ASSIGNMENT (( #1445 ) ) ;
#5096 = DIRECTION ( 'NONE',  ( -0.0000000000000000000, 0.0000000000000000000, -1.000000000000000000 ) ) ;
#5097 = PRESENTATION_STYLE_ASSIGNMENT (( #5144 ) ) ;
#5098 =( LENGTH_UNIT ( ) NAMED_UNIT ( * ) SI_UNIT ( .MILLI., .METRE. ) );
#5099 = VECTOR ( 'NONE', #467, 1000.000000000000100 ) ;
#5100 = AXIS2_PLACEMENT_3D ( 'NONE', #2020, #1971, #1927 ) ;
#5101 = FACE_OUTER_BOUND ( 'NONE', #3354, .T. ) ;
#5102 = UNCERTAINTY_MEASURE_WITH_UNIT (LENGTH_MEASURE( 1.000000000000000100E-005 ), #3127, 'distance_accuracy_value', 'NONE');
#5103 = SURFACE_STYLE_USAGE ( .BOTH. , #5112 ) ;
#5104 = DIRECTION ( 'NONE',  ( 3.469446951953596800E-015, -1.000000000000000000, -0.0000000000000000000 ) ) ;
#5105 = ORIENTED_EDGE ( 'NONE', *, *, #761, .T. ) ;
#5106 = DIRECTION ( 'NONE',  ( 0.05226442768870941800, -0.9972646886342377800, -0.05226442768870889800 ) ) ;
#5107 = VECTOR ( 'NONE', #2744, 1000.000000000000000 ) ;
#5108 = ORIENTED_EDGE ( 'NONE', *, *, #753, .T. ) ;
#5109 = DIRECTION ( 'NONE',  ( -1.000000000000000000, -4.605690828718422800E-016, 5.507058653894625900E-016 ) ) ;
#5110 = CARTESIAN_POINT ( 'NONE',  ( -7.573907182274247400, -1.622880335899559800, -6.969999999999993500 ) ) ;
#5111 = PRESENTATION_STYLE_ASSIGNMENT (( #3642 ) ) ;
#5112 = SURFACE_SIDE_STYLE ('',( #4017 ) ) ;
#5113 = DIRECTION ( 'NONE',  ( 0.0000000000000000000, -1.000000000000000000, 0.0000000000000000000 ) ) ;
#5114 = PLANE ( 'NONE',  #3636 ) ;
#5115 = VECTOR ( 'NONE', #4628, 1000.000000000000000 ) ;
#5116 =( GEOMETRIC_REPRESENTATION_CONTEXT ( 3 ) GLOBAL_UNCERTAINTY_ASSIGNED_CONTEXT ( ( #5132 ) ) GLOBAL_UNIT_ASSIGNED_CONTEXT ( ( #334, #648, #676 ) ) REPRESENTATION_CONTEXT ( 'NONE', 'WORKASPACE' ) );
#5117 = VECTOR ( 'NONE', #2651, 1000.000000000000000 ) ;
#5118 = CARTESIAN_POINT ( 'NONE',  ( 8.055773820624496700, -0.1249999999999993200, 4.429999999999999700 ) ) ;
#5119 = CARTESIAN_POINT ( 'NONE',  ( 6.399999999999999500, 0.1249999999999998900, -9.449999999999999300 ) ) ;
#5120 = FILL_AREA_STYLE ('',( #5503 ) ) ;
#5121 = FILL_AREA_STYLE_COLOUR ( '', #2207 ) ;
#5122 = LINE ( 'NONE', #2589, #5117 ) ;
#5123 = SURFACE_STYLE_USAGE ( .BOTH. , #5490 ) ;
#5124 = MECHANICAL_DESIGN_GEOMETRIC_PRESENTATION_REPRESENTATION (  '', ( #5149 ), #5116 ) ;
#5125 =( NAMED_UNIT ( * ) SI_UNIT ( $, .STERADIAN. ) SOLID_ANGLE_UNIT ( ) );
#5126 = CARTESIAN_POINT ( 'NONE',  ( -6.399999999999990600, 0.1249999999999938200, 9.449999999999999300 ) ) ;
#5127 = CARTESIAN_POINT ( 'NONE',  ( 6.399999999999998600, -0.1249999999999938800, -9.450024999999991200 ) ) ;
#5128 = PLANE ( 'NONE',  #2852 ) ;
#5129 = DIRECTION ( 'NONE',  ( -4.742694567940698700E-032, 7.233811389675590400E-032, -1.000000000000000000 ) ) ;
#5130 = DIRECTION ( 'NONE',  ( 5.507058653894625900E-016, 0.0000000000000000000, 1.000000000000000000 ) ) ;
#5131 =( NAMED_UNIT ( * ) PLANE_ANGLE_UNIT ( ) SI_UNIT ( $, .RADIAN. ) );
#5132 = UNCERTAINTY_MEASURE_WITH_UNIT (LENGTH_MEASURE( 1.000000000000000100E-005 ), #334, 'distance_accuracy_value', 'NONE');
#5133 = PRESENTATION_LAYER_ASSIGNMENT (  '', '', ( #5149 ) ) ;
#5134 = EDGE_LOOP ( 'NONE', ( #1261, #5081, #4408, #2707 ) ) ;
#5135 = FACE_OUTER_BOUND ( 'NONE', #1993, .T. ) ;
#5136 = DIRECTION ( 'NONE',  ( -0.0000000000000000000, 0.0000000000000000000, -1.000000000000000000 ) ) ;
#5137 = DIRECTION ( 'NONE',  ( 1.000000000000000000, 4.445228907190564200E-015, 0.0000000000000000000 ) ) ;
#5138 = SURFACE_STYLE_USAGE ( .BOTH. , #5303 ) ;
#5139 =( LENGTH_UNIT ( ) NAMED_UNIT ( * ) SI_UNIT ( .MILLI., .METRE. ) );
#5140 = SURFACE_STYLE_USAGE ( .BOTH. , #4088 ) ;
#5141 = STYLED_ITEM ( 'NONE', ( #655 ), #2281 ) ;
#5142 = FILL_AREA_STYLE_COLOUR ( '', #5051 ) ;
#5143 =( NAMED_UNIT ( * ) PLANE_ANGLE_UNIT ( ) SI_UNIT ( $, .RADIAN. ) );
#5144 = SURFACE_STYLE_USAGE ( .BOTH. , #5151 ) ;
#5145 = EDGE_LOOP ( 'NONE', ( #5581, #4298, #4339, #5392, #4352, #4286 ) ) ;
#5146 = ORIENTED_EDGE ( 'NONE', *, *, #4068, .F. ) ;
#5147 = CARTESIAN_POINT ( 'NONE',  ( 8.609999999999999400, 8.377119664100432000, 7.219999999999999800 ) ) ;
#5148 = DIRECTION ( 'NONE',  ( -0.0000000000000000000, -0.0000000000000000000, -1.000000000000000000 ) ) ;
#5149 = STYLED_ITEM ( 'NONE', ( #1059 ), #145 ) ;
#5150 =( LENGTH_UNIT ( ) NAMED_UNIT ( * ) SI_UNIT ( .MILLI., .METRE. ) );
#5151 = SURFACE_SIDE_STYLE ('',( #5253 ) ) ;
#5152 = ORIENTED_EDGE ( 'NONE', *, *, #999, .F. ) ;
#5153 = CARTESIAN_POINT ( 'NONE',  ( -6.399999999999999500, 0.1249999999999938200, -6.969999999999993500 ) ) ;
#5154 = CARTESIAN_POINT ( 'NONE',  ( 4.599999999999996100, 6.624999999999991100, 8.049999999999990100 ) ) ;
#5155 = EDGE_LOOP ( 'NONE', ( #2879, #2033, #3220, #1918, #4586, #2818 ) ) ;
#5156 = FILL_AREA_STYLE ('',( #1697 ) ) ;
#5157 =( GEOMETRIC_REPRESENTATION_CONTEXT ( 3 ) GLOBAL_UNCERTAINTY_ASSIGNED_CONTEXT ( ( #4536 ) ) GLOBAL_UNIT_ASSIGNED_CONTEXT ( ( #2383, #2366, #2328 ) ) REPRESENTATION_CONTEXT ( 'NONE', 'WORKASPACE' ) );
#5158 = EDGE_LOOP ( 'NONE', ( #4691, #4938, #3810, #4064 ) ) ;
#5159 = AXIS2_PLACEMENT_3D ( 'NONE', #3851, #3501, #1665 ) ;
#5160 = SURFACE_SIDE_STYLE ('',( #4332 ) ) ;
#5161 =( LENGTH_UNIT ( ) NAMED_UNIT ( * ) SI_UNIT ( .MILLI., .METRE. ) );
#5162 = ORIENTED_EDGE ( 'NONE', *, *, #5449, .F. ) ;
#5163 = UNCERTAINTY_MEASURE_WITH_UNIT (LENGTH_MEASURE( 1.000000000000000100E-005 ), #3693, 'distance_accuracy_value', 'NONE');
#5164 = CARTESIAN_POINT ( 'NONE',  ( 8.055773820624498400, -0.1249999999999990300, 6.969999999999999800 ) ) ;
#5165 = AXIS2_PLACEMENT_3D ( 'NONE', #5118, #5412, #5432 ) ;
#5166 = PLANE ( 'NONE',  #4229 ) ;
#5167 = FILL_AREA_STYLE ('',( #3872 ) ) ;
#5168 = ORIENTED_EDGE ( 'NONE', *, *, #838, .F. ) ;
#5169 = COLOUR_RGB ( '',1.000000000000000000, 1.000000000000000000, 0.0000000000000000000 ) ;
#5170 = FILL_AREA_STYLE_COLOUR ( '', #3975 ) ;
#5171 = CARTESIAN_POINT ( 'NONE',  ( -7.573907182274247400, -1.622880335899558300, 6.970000000000003300 ) ) ;
#5172 = FACE_OUTER_BOUND ( 'NONE', #5134, .T. ) ;
#5173 = CARTESIAN_POINT ( 'NONE',  ( 8.055773820624496700, -0.1249999999999995400, 5.729999999999998600 ) ) ;
#5174 = FILL_AREA_STYLE_COLOUR ( '', #242 ) ;
#5175 = SURFACE_STYLE_FILL_AREA ( #952 ) ;
#5176 = DIRECTION ( 'NONE',  ( 6.672013369141548500E-016, -0.0000000000000000000, 1.000000000000000000 ) ) ;
#5177 = VERTEX_POINT ( 'NONE', #4412 ) ;
#5178 = PRESENTATION_STYLE_ASSIGNMENT (( #925 ) ) ;
#5179 = CARTESIAN_POINT ( 'NONE',  ( 7.409999999999988600, -1.872880335899571100, -4.680000000000001500 ) ) ;
#5180 = SURFACE_STYLE_FILL_AREA ( #2542 ) ;
#5181 = VECTOR ( 'NONE', #2480, 1000.000000000000000 ) ;
#5182 = CARTESIAN_POINT ( 'NONE',  ( 7.573907182274255400, -1.872880335899568700, 4.679999999999999700 ) ) ;
#5183 = ORIENTED_EDGE ( 'NONE', *, *, #703, .T. ) ;
#5184 = FACE_OUTER_BOUND ( 'NONE', #2086, .T. ) ;
#5185 = CARTESIAN_POINT ( 'NONE',  ( -7.573907182274247400, -1.622880335899559200, 8.270000000000006700 ) ) ;
#5186 = FACE_OUTER_BOUND ( 'NONE', #2483, .T. ) ;
#5187 = SURFACE_SIDE_STYLE ('',( #4237 ) ) ;
#5188 = SURFACE_STYLE_FILL_AREA ( #3058 ) ;
#5189 = AXIS2_PLACEMENT_3D ( 'NONE', #4325, #4295, #4597 ) ;
#5190 = CARTESIAN_POINT ( 'NONE',  ( -7.344642163677966600, -1.722567603130869700, -6.969999999999993500 ) ) ;
#5191 = DIRECTION ( 'NONE',  ( -0.9170600743851251600, 0.3987490689252437000, 7.233811389675592600E-032 ) ) ;
#5192 = LINE ( 'NONE', #2143, #5181 ) ;
#5193 = PLANE ( 'NONE',  #4427 ) ;
#5194 = EDGE_CURVE ( 'NONE', #2745, #4729, #889, .T. ) ;
#5195 = LINE ( 'NONE', #2495, #4240 ) ;
#5196 = CARTESIAN_POINT ( 'NONE',  ( -6.399999999999991500, -0.1250000000000058800, -6.969999999999993500 ) ) ;
#5197 = UNCERTAINTY_MEASURE_WITH_UNIT (LENGTH_MEASURE( 1.000000000000000100E-005 ), #4271, 'distance_accuracy_value', 'NONE');
#5198 = EDGE_CURVE ( 'NONE', #2869, #2745, #2608, .T. ) ;
#5199 = SURFACE_STYLE_USAGE ( .BOTH. , #5187 ) ;
#5200 = ORIENTED_EDGE ( 'NONE', *, *, #1249, .F. ) ;
#5201 =( GEOMETRIC_REPRESENTATION_CONTEXT ( 3 ) GLOBAL_UNCERTAINTY_ASSIGNED_CONTEXT ( ( #4117 ) ) GLOBAL_UNIT_ASSIGNED_CONTEXT ( ( #5048, #5061, #5079 ) ) REPRESENTATION_CONTEXT ( 'NONE', 'WORKASPACE' ) );
#5202 = COLOUR_RGB ( '',1.000000000000000000, 1.000000000000000000, 0.0000000000000000000 ) ;
#5203 = CARTESIAN_POINT ( 'NONE',  ( -6.813907182274253800, 0.1249999999999931200, -4.429999999999994400 ) ) ;
#5204 = VERTEX_POINT ( 'NONE', #3619 ) ;
#5205 = DIRECTION ( 'NONE',  ( 0.0000000000000000000, 0.0000000000000000000, -1.000000000000000000 ) ) ;
#5206 = MECHANICAL_DESIGN_GEOMETRIC_PRESENTATION_REPRESENTATION (  '', ( #5287 ), #5157 ) ;
#5207 = EDGE_LOOP ( 'NONE', ( #1368, #5209, #3053, #3010 ) ) ;
#5208 = PRESENTATION_STYLE_ASSIGNMENT (( #3744 ) ) ;
#5209 = ORIENTED_EDGE ( 'NONE', *, *, #1747, .T. ) ;
#5210 = DIRECTION ( 'NONE',  ( 0.0000000000000000000, -0.0000000000000000000, 1.000000000000000000 ) ) ;
#5211 = VERTEX_POINT ( 'NONE', #2313 ) ;
#5212 = FILL_AREA_STYLE ('',( #4024 ) ) ;
#5213 = PRESENTATION_STYLE_ASSIGNMENT (( #1736 ) ) ;
#5214 = VERTEX_POINT ( 'NONE', #461 ) ;
#5215 = FILL_AREA_STYLE_COLOUR ( '', #2058 ) ;
#5216 = VERTEX_POINT ( 'NONE', #1792 ) ;
#5217 =( LENGTH_UNIT ( ) NAMED_UNIT ( * ) SI_UNIT ( .MILLI., .METRE. ) );
#5218 = MECHANICAL_DESIGN_GEOMETRIC_PRESENTATION_REPRESENTATION (  '', ( #5239 ), #5201 ) ;
#5219 = COLOUR_RGB ( '',1.000000000000000000, 1.000000000000000000, 0.0000000000000000000 ) ;
#5220 = ORIENTED_EDGE ( 'NONE', *, *, #1535, .T. ) ;
#5221 = EDGE_LOOP ( 'NONE', ( #3098, #235, #4963, #5482 ) ) ;
#5222 = PRESENTATION_LAYER_ASSIGNMENT (  '', '', ( #5239 ) ) ;
#5223 = COLOUR_RGB ( '',1.000000000000000000, 1.000000000000000000, 0.0000000000000000000 ) ;
#5224 = SURFACE_STYLE_FILL_AREA ( #37 ) ;
#5225 = UNCERTAINTY_MEASURE_WITH_UNIT (LENGTH_MEASURE( 1.000000000000000100E-005 ), #4986, 'distance_accuracy_value', 'NONE');
#5226 = SURFACE_SIDE_STYLE ('',( #917 ) ) ;
#5227 = ORIENTED_EDGE ( 'NONE', *, *, #579, .T. ) ;
#5228 =( NAMED_UNIT ( * ) SI_UNIT ( $, .STERADIAN. ) SOLID_ANGLE_UNIT ( ) );
#5229 = AXIS2_PLACEMENT_3D ( 'NONE', #3865, #3906, #4197 ) ;
#5230 = LINE ( 'NONE', #1937, #1745 ) ;
#5231 = ORIENTED_EDGE ( 'NONE', *, *, #512, .T. ) ;
#5232 = DIRECTION ( 'NONE',  ( -1.000000000000000000, 0.0000000000000000000, 0.0000000000000000000 ) ) ;
#5233 = CARTESIAN_POINT ( 'NONE',  ( -6.813907182274253800, 0.1249999999999937100, 6.970000000000003300 ) ) ;
#5234 = ORIENTED_EDGE ( 'NONE', *, *, #2755, .T. ) ;
#5235 = PRESENTATION_STYLE_ASSIGNMENT (( #2485 ) ) ;
#5236 = VECTOR ( 'NONE', #534, 1000.000000000000100 ) ;
#5237 = LINE ( 'NONE', #2219, #5297 ) ;
#5238 = COLOUR_RGB ( '',1.000000000000000000, 1.000000000000000000, 0.0000000000000000000 ) ;
#5239 = STYLED_ITEM ( 'NONE', ( #1348 ), #100 ) ;
#5240 =( NAMED_UNIT ( * ) PLANE_ANGLE_UNIT ( ) SI_UNIT ( $, .RADIAN. ) );
#5241 = CARTESIAN_POINT ( 'NONE',  ( 6.399999999999998600, -0.1249999999999938800, -6.970000000000000600 ) ) ;
#5242 = PRESENTATION_STYLE_ASSIGNMENT (( #832 ) ) ;
#5243 = PRESENTATION_LAYER_ASSIGNMENT (  '', '', ( #5278 ) ) ;
#5244 = AXIS2_PLACEMENT_3D ( 'NONE', #3313, #3270, #2841 ) ;
#5245 = CARTESIAN_POINT ( 'NONE',  ( -8.609999999999992300, -1.622880335899560000, -7.220000000000000600 ) ) ;
#5246 = PLANE ( 'NONE',  #2746 ) ;
#5247 = SURFACE_STYLE_FILL_AREA ( #2621 ) ;
#5248 = FILL_AREA_STYLE_COLOUR ( '', #4260 ) ;
#5249 = EDGE_LOOP ( 'NONE', ( #302, #226, #154, #79 ) ) ;
#5250 = SURFACE_STYLE_USAGE ( .BOTH. , #5273 ) ;
#5251 =( NAMED_UNIT ( * ) SI_UNIT ( $, .STERADIAN. ) SOLID_ANGLE_UNIT ( ) );
#5252 = PRESENTATION_STYLE_ASSIGNMENT (( #2358 ) ) ;
#5253 = SURFACE_STYLE_FILL_AREA ( #5156 ) ;
#5254 = DIRECTION ( 'NONE',  ( 1.000000000000000000, 3.577867169202161500E-015, 0.0000000000000000000 ) ) ;
#5255 = ORIENTED_EDGE ( 'NONE', *, *, #1862, .T. ) ;
#5256 = AXIS2_PLACEMENT_3D ( 'NONE', #3289, #3251, #3231 ) ;
#5257 =( GEOMETRIC_REPRESENTATION_CONTEXT ( 3 ) GLOBAL_UNCERTAINTY_ASSIGNED_CONTEXT ( ( #4771 ) ) GLOBAL_UNIT_ASSIGNED_CONTEXT ( ( #3431, #3446, #3465 ) ) REPRESENTATION_CONTEXT ( 'NONE', 'WORKASPACE' ) );
#5258 = FACE_OUTER_BOUND ( 'NONE', #5207, .T. ) ;
#5259 = ORIENTED_EDGE ( 'NONE', *, *, #3979, .T. ) ;
#5260 = DIRECTION ( 'NONE',  ( -0.3987490689252438100, 0.9170600743851250500, 0.0000000000000000000 ) ) ;
#5261 = DIRECTION ( 'NONE',  ( 0.0000000000000000000, -1.000000000000000000, 0.0000000000000000000 ) ) ;
#5262 = ORIENTED_EDGE ( 'NONE', *, *, #132, .F. ) ;
#5263 = MECHANICAL_DESIGN_GEOMETRIC_PRESENTATION_REPRESENTATION (  '', ( #5289 ), #5257 ) ;
#5264 = DIRECTION ( 'NONE',  ( -0.0000000000000000000, 0.0000000000000000000, -1.000000000000000000 ) ) ;
#5265 = ORIENTED_EDGE ( 'NONE', *, *, #2275, .T. ) ;
#5266 = CARTESIAN_POINT ( 'NONE',  ( 8.609999999999999400, -1.622880335899568700, 7.219999999999999800 ) ) ;
#5267 = PLANE ( 'NONE',  #2594 ) ;
#5268 =( NAMED_UNIT ( * ) PLANE_ANGLE_UNIT ( ) SI_UNIT ( $, .RADIAN. ) );
#5269 = DIRECTION ( 'NONE',  ( 1.000000000000000000, -1.734723475976805500E-015, 0.0000000000000000000 ) ) ;
#5270 = SURFACE_STYLE_FILL_AREA ( #3040 ) ;
#5271 = ORIENTED_EDGE ( 'NONE', *, *, #3450, .F. ) ;
#5272 = PRESENTATION_LAYER_ASSIGNMENT (  '', '', ( #5289 ) ) ;
#5273 = SURFACE_SIDE_STYLE ('',( #1456 ) ) ;
#5274 = CARTESIAN_POINT ( 'NONE',  ( 6.399999999999998600, -0.1249999999999938800, -9.450024999999991200 ) ) ;
#5275 = VECTOR ( 'NONE', #1132, 1000.000000000000000 ) ;
#5276 = ORIENTED_EDGE ( 'NONE', *, *, #170, .F. ) ;
#5277 = UNCERTAINTY_MEASURE_WITH_UNIT (LENGTH_MEASURE( 1.000000000000000100E-005 ), #1766, 'distance_accuracy_value', 'NONE');
#5278 = STYLED_ITEM ( 'NONE', ( #672 ), #2117 ) ;
#5279 = AXIS2_PLACEMENT_3D ( 'NONE', #229, #120, #99 ) ;
#5280 = FILL_AREA_STYLE_COLOUR ( '', #5223 ) ;
#5281 = SURFACE_STYLE_FILL_AREA ( #1413 ) ;
#5282 = ORIENTED_EDGE ( 'NONE', *, *, #3800, .T. ) ;
#5283 = DIRECTION ( 'NONE',  ( 5.507058653894625900E-016, 0.0000000000000000000, 1.000000000000000000 ) ) ;
#5284 = SURFACE_SIDE_STYLE ('',( #1110 ) ) ;
#5285 = EDGE_CURVE ( 'NONE', #1307, #2259, #2510, .T. ) ;
#5286 =( NAMED_UNIT ( * ) SI_UNIT ( $, .STERADIAN. ) SOLID_ANGLE_UNIT ( ) );
#5287 = STYLED_ITEM ( 'NONE', ( #4671 ), #2279 ) ;
#5288 = EDGE_LOOP ( 'NONE', ( #1986, #3605, #1315, #3070 ) ) ;
#5289 = STYLED_ITEM ( 'NONE', ( #2216 ), #91 ) ;
#5290 = COLOUR_RGB ( '',1.000000000000000000, 1.000000000000000000, 0.0000000000000000000 ) ;
#5291 = CARTESIAN_POINT ( 'NONE',  ( -6.813907182274253800, 0.1249999999999931200, -5.729999999999997800 ) ) ;
#5292 = SURFACE_STYLE_FILL_AREA ( #5299 ) ;
#5293 = VECTOR ( 'NONE', #1572, 1000.000000000000000 ) ;
#5294 = ORIENTED_EDGE ( 'NONE', *, *, #1556, .T. ) ;
#5295 = DIRECTION ( 'NONE',  ( 0.9170600743851251600, 0.3987490689252438700, -0.0000000000000000000 ) ) ;
#5296 = PLANE ( 'NONE',  #2277 ) ;
#5297 = VECTOR ( 'NONE', #2536, 1000.000000000000000 ) ;
#5298 =( NAMED_UNIT ( * ) SI_UNIT ( $, .STERADIAN. ) SOLID_ANGLE_UNIT ( ) );
#5299 = FILL_AREA_STYLE ('',( #5142 ) ) ;
#5300 = CARTESIAN_POINT ( 'NONE',  ( -7.573907182274247400, -1.872880335899560300, -5.479999999999990700 ) ) ;
#5301 = DIRECTION ( 'NONE',  ( -1.000000000000000000, -4.605690828718422800E-016, 5.507058653894625900E-016 ) ) ;
#5302 = SURFACE_SIDE_STYLE ('',( #5292 ) ) ;
#5303 = SURFACE_SIDE_STYLE ('',( #719 ) ) ;
#5304 = LINE ( 'NONE', #1333, #4866 ) ;
#5305 = CARTESIAN_POINT ( 'NONE',  ( 6.649999999999995900, -0.1249999999999990300, 6.969999999999999800 ) ) ;
#5306 =( NAMED_UNIT ( * ) PLANE_ANGLE_UNIT ( ) SI_UNIT ( $, .RADIAN. ) );
#5307 = FILL_AREA_STYLE_COLOUR ( '', #2866 ) ;
#5308 = FILL_AREA_STYLE_COLOUR ( '', #4130 ) ;
#5309 = CIRCLE ( 'NONE', #3803, 0.2500000000000002200 ) ;
#5310 =( NAMED_UNIT ( * ) PLANE_ANGLE_UNIT ( ) SI_UNIT ( $, .RADIAN. ) );
#5311 = DIRECTION ( 'NONE',  ( -1.000000000000000000, 0.0000000000000000000, -0.0000000000000000000 ) ) ;
#5312 =( GEOMETRIC_REPRESENTATION_CONTEXT ( 3 ) GLOBAL_UNCERTAINTY_ASSIGNED_CONTEXT ( ( #1208 ) ) GLOBAL_UNIT_ASSIGNED_CONTEXT ( ( #573, #541, #530 ) ) REPRESENTATION_CONTEXT ( 'NONE', 'WORKASPACE' ) );
#5313 = DIRECTION ( 'NONE',  ( -0.0000000000000000000, -1.000000000000000000, -0.0000000000000000000 ) ) ;
#5314 = UNCERTAINTY_MEASURE_WITH_UNIT (LENGTH_MEASURE( 1.000000000000000100E-005 ), #2574, 'distance_accuracy_value', 'NONE');
#5315 = ORIENTED_EDGE ( 'NONE', *, *, #1663, .F. ) ;
#5316 = EDGE_CURVE ( 'NONE', #4060, #1307, #2504, .T. ) ;
#5317 = ORIENTED_EDGE ( 'NONE', *, *, #3528, .F. ) ;
#5318 = SURFACE_STYLE_USAGE ( .BOTH. , #5302 ) ;
#5319 = STYLED_ITEM ( 'NONE', ( #5097 ), #2080 ) ;
#5320 = MECHANICAL_DESIGN_GEOMETRIC_PRESENTATION_REPRESENTATION (  '', ( #5363 ), #5312 ) ;
#5321 = VERTEX_POINT ( 'NONE', #5245 ) ;
#5322 = ORIENTED_EDGE ( 'NONE', *, *, #3121, .F. ) ;
#5323 = EDGE_CURVE ( 'NONE', #5074, #4060, #2479, .T. ) ;
#5324 = ORIENTED_EDGE ( 'NONE', *, *, #4008, .T. ) ;
#5325 = FACE_OUTER_BOUND ( 'NONE', #2157, .T. ) ;
#5326 = PRESENTATION_LAYER_ASSIGNMENT (  '', '', ( #5287 ) ) ;
#5327 = ORIENTED_EDGE ( 'NONE', *, *, #5577, .T. ) ;
#5328 = FILL_AREA_STYLE_COLOUR ( '', #670 ) ;
#5329 = PRESENTATION_STYLE_ASSIGNMENT (( #3624 ) ) ;
#5330 = CARTESIAN_POINT ( 'NONE',  ( 6.813907182274246700, 0.1250000000000004700, -4.430000000000001500 ) ) ;
#5331 = CARTESIAN_POINT ( 'NONE',  ( -7.573907182274247400, -1.622880335899559800, -6.969999999999993500 ) ) ;
#5332 = ORIENTED_EDGE ( 'NONE', *, *, #2959, .F. ) ;
#5333 = SURFACE_STYLE_FILL_AREA ( #3782 ) ;
#5334 = CIRCLE ( 'NONE', #463, 0.2500000000000002200 ) ;
#5335 = COLOUR_RGB ( '',0.0000000000000000000, 0.0000000000000000000, 0.0000000000000000000 ) ;
#5336 = DIRECTION ( 'NONE',  ( -0.0000000000000000000, -1.000000000000000000, -0.0000000000000000000 ) ) ;
#5337 = CARTESIAN_POINT ( 'NONE',  ( -6.399999999999990600, 0.1249999999999938200, 9.449999999999999300 ) ) ;
#5338 = CARTESIAN_POINT ( 'NONE',  ( 7.573907182274258100, -1.872880335899569100, 6.969999999999999800 ) ) ;
#5339 = FILL_AREA_STYLE ('',( #4579 ) ) ;
#5340 = COLOUR_RGB ( '',1.000000000000000000, 1.000000000000000000, 0.0000000000000000000 ) ;
#5341 = VERTEX_POINT ( 'NONE', #3634 ) ;
#5342 = DIRECTION ( 'NONE',  ( -0.0000000000000000000, -0.0000000000000000000, 1.000000000000000000 ) ) ;
#5343 = FACE_OUTER_BOUND ( 'NONE', #2253, .T. ) ;
#5344 =( LENGTH_UNIT ( ) NAMED_UNIT ( * ) SI_UNIT ( .MILLI., .METRE. ) );
#5345 = FILL_AREA_STYLE ('',( #5174 ) ) ;
#5346 = PRODUCT_DEFINITION_SHAPE ( 'NONE', 'NONE',  #2523 ) ;
#5347 = PRESENTATION_LAYER_ASSIGNMENT (  '', '', ( #5363 ) ) ;
#5348 = ORIENTED_EDGE ( 'NONE', *, *, #663, .F. ) ;
#5349 = FILL_AREA_STYLE_COLOUR ( '', #765 ) ;
#5350 = FACE_OUTER_BOUND ( 'NONE', #2935, .T. ) ;
#5351 = EDGE_CURVE ( 'NONE', #5074, #2259, #2497, .T. ) ;
#5352 = ORIENTED_EDGE ( 'NONE', *, *, #5619, .F. ) ;
#5353 = AXIS2_PLACEMENT_3D ( 'NONE', #3306, #3278, #3237 ) ;
#5354 = VECTOR ( 'NONE', #2513, 1000.000000000000000 ) ;
#5355 = DIRECTION ( 'NONE',  ( 0.0000000000000000000, -1.000000000000000000, 0.0000000000000000000 ) ) ;
#5356 = CARTESIAN_POINT ( 'NONE',  ( -6.649999999999994100, -0.1250000000000068300, -4.429999999999994400 ) ) ;
#5357 = ORIENTED_EDGE ( 'NONE', *, *, #640, .F. ) ;
#5358 = COLOUR_RGB ( '',0.0000000000000000000, 0.0000000000000000000, 0.0000000000000000000 ) ;
#5359 = SURFACE_STYLE_USAGE ( .BOTH. , #5373 ) ;
#5360 =( GEOMETRIC_REPRESENTATION_CONTEXT ( 3 ) GLOBAL_UNCERTAINTY_ASSIGNED_CONTEXT ( ( #4425 ) ) GLOBAL_UNIT_ASSIGNED_CONTEXT ( ( #2919, #2897, #2882 ) ) REPRESENTATION_CONTEXT ( 'NONE', 'WORKASPACE' ) );
#5361 = PRESENTATION_STYLE_ASSIGNMENT (( #5140 ) ) ;
#5362 =( GEOMETRIC_REPRESENTATION_CONTEXT ( 3 ) GLOBAL_UNCERTAINTY_ASSIGNED_CONTEXT ( ( #897 ) ) GLOBAL_UNIT_ASSIGNED_CONTEXT ( ( #3482, #3411, #3397 ) ) REPRESENTATION_CONTEXT ( 'NONE', 'WORKASPACE' ) );
#5363 = STYLED_ITEM ( 'NONE', ( #3516 ), #84 ) ;
#5364 = FILL_AREA_STYLE_COLOUR ( '', #1036 ) ;
#5365 = PLANE ( 'NONE',  #845 ) ;
#5366 = CARTESIAN_POINT ( 'NONE',  ( 8.055773820624498400, -0.1249999999999990300, 6.969999999999999800 ) ) ;
#5367 = CARTESIAN_POINT ( 'NONE',  ( 7.573907182274257200, -1.872880335899569800, 8.269999999999999600 ) ) ;
#5368 =( NAMED_UNIT ( * ) SI_UNIT ( $, .STERADIAN. ) SOLID_ANGLE_UNIT ( ) );
#5369 =( LENGTH_UNIT ( ) NAMED_UNIT ( * ) SI_UNIT ( .MILLI., .METRE. ) );
#5370 = MECHANICAL_DESIGN_GEOMETRIC_PRESENTATION_REPRESENTATION (  '', ( #5504 ), #5362 ) ;
#5371 = MECHANICAL_DESIGN_GEOMETRIC_PRESENTATION_REPRESENTATION (  '', ( #5416 ), #5360 ) ;
#5372 = ORIENTED_EDGE ( 'NONE', *, *, #3433, .T. ) ;
#5373 = SURFACE_SIDE_STYLE ('',( #5015 ) ) ;
#5374 =( NAMED_UNIT ( * ) PLANE_ANGLE_UNIT ( ) SI_UNIT ( $, .RADIAN. ) );
#5375 = VECTOR ( 'NONE', #851, 1000.000000000000000 ) ;
#5376 = VERTEX_POINT ( 'NONE', #4043 ) ;
#5377 = DIRECTION ( 'NONE',  ( -4.605690828718422800E-016, 1.000000000000000000, 0.0000000000000000000 ) ) ;
#5378 = CARTESIAN_POINT ( 'NONE',  ( 7.573907182274248300, -1.622880335899570900, -5.730000000000001300 ) ) ;
#5379 =( GEOMETRIC_REPRESENTATION_CONTEXT ( 3 ) GLOBAL_UNCERTAINTY_ASSIGNED_CONTEXT ( ( #4874 ) ) GLOBAL_UNIT_ASSIGNED_CONTEXT ( ( #3649, #3609, #3506 ) ) REPRESENTATION_CONTEXT ( 'NONE', 'WORKASPACE' ) );
#5380 =( NAMED_UNIT ( * ) SI_UNIT ( $, .STERADIAN. ) SOLID_ANGLE_UNIT ( ) );
#5381 = DIRECTION ( 'NONE',  ( -4.605690828718422800E-016, 1.000000000000000000, 0.0000000000000000000 ) ) ;
#5382 = ORIENTED_EDGE ( 'NONE', *, *, #3042, .F. ) ;
#5383 = ORIENTED_EDGE ( 'NONE', *, *, #1634, .T. ) ;
#5384 = ORIENTED_EDGE ( 'NONE', *, *, #3987, .F. ) ;
#5385 =( NAMED_UNIT ( * ) SI_UNIT ( $, .STERADIAN. ) SOLID_ANGLE_UNIT ( ) );
#5386 =( LENGTH_UNIT ( ) NAMED_UNIT ( * ) SI_UNIT ( .MILLI., .METRE. ) );
#5387 = ORIENTED_EDGE ( 'NONE', *, *, #2682, .T. ) ;
#5388 = DIRECTION ( 'NONE',  ( -0.0000000000000000000, -0.0000000000000000000, 1.000000000000000000 ) ) ;
#5389 =( NAMED_UNIT ( * ) PLANE_ANGLE_UNIT ( ) SI_UNIT ( $, .RADIAN. ) );
#5390 = AXIS2_PLACEMENT_3D ( 'NONE', #2974, #4957, #3330 ) ;
#5391 = MECHANICAL_DESIGN_GEOMETRIC_PRESENTATION_REPRESENTATION (  '', ( #5417 ), #5379 ) ;
#5392 = ORIENTED_EDGE ( 'NONE', *, *, #1068, .F. ) ;
#5393 = ORIENTED_EDGE ( 'NONE', *, *, #3979, .F. ) ;
#5394 = FACE_OUTER_BOUND ( 'NONE', #1921, .T. ) ;
#5395 =( NAMED_UNIT ( * ) PLANE_ANGLE_UNIT ( ) SI_UNIT ( $, .RADIAN. ) );
#5396 = FILL_AREA_STYLE_COLOUR ( '', #4894 ) ;
#5397 = ORIENTED_EDGE ( 'NONE', *, *, #1778, .F. ) ;
#5398 =( NAMED_UNIT ( * ) SI_UNIT ( $, .STERADIAN. ) SOLID_ANGLE_UNIT ( ) );
#5399 = DIRECTION ( 'NONE',  ( 0.0000000000000000000, 1.000000000000000000, 0.0000000000000000000 ) ) ;
#5400 = DIRECTION ( 'NONE',  ( 0.0000000000000000000, 0.0000000000000000000, 1.000000000000000000 ) ) ;
#5401 = FACE_OUTER_BOUND ( 'NONE', #16, .T. ) ;
#5402 = ORIENTED_EDGE ( 'NONE', *, *, #742, .F. ) ;
#5403 = COLOUR_RGB ( '',1.000000000000000000, 1.000000000000000000, 0.0000000000000000000 ) ;
#5404 =( NAMED_UNIT ( * ) PLANE_ANGLE_UNIT ( ) SI_UNIT ( $, .RADIAN. ) );
#5405 = SURFACE_STYLE_FILL_AREA ( #2659 ) ;
#5406 = DIRECTION ( 'NONE',  ( 1.000000000000000000, 4.605690828718422800E-016, 4.589215544912188200E-017 ) ) ;
#5407 = FACE_OUTER_BOUND ( 'NONE', #3380, .T. ) ;
#5408 = PRESENTATION_LAYER_ASSIGNMENT (  '', '', ( #5417 ) ) ;
#5409 = DIRECTION ( 'NONE',  ( -1.000000000000000000, -0.0000000000000000000, -0.0000000000000000000 ) ) ;
#5410 =( LENGTH_UNIT ( ) NAMED_UNIT ( * ) SI_UNIT ( .MILLI., .METRE. ) );
#5411 = LINE ( 'NONE', #746, #5421 ) ;
#5412 = DIRECTION ( 'NONE',  ( -0.0000000000000000000, 1.000000000000000000, 1.668003342285391600E-016 ) ) ;
#5413 = LINE ( 'NONE', #2155, #4084 ) ;
#5414 = CARTESIAN_POINT ( 'NONE',  ( 6.399999999999999500, 0.1249999999999998900, -9.449999999999999300 ) ) ;
#5415 = SURFACE_STYLE_FILL_AREA ( #5606 ) ;
#5416 = STYLED_ITEM ( 'NONE', ( #4760 ), #2272 ) ;
#5417 = STYLED_ITEM ( 'NONE', ( #4780 ), #31 ) ;
#5418 = DIRECTION ( 'NONE',  ( 1.000000000000000000, 0.0000000000000000000, 0.0000000000000000000 ) ) ;
#5419 = VECTOR ( 'NONE', #5104, 1000.000000000000000 ) ;
#5420 = VERTEX_POINT ( 'NONE', #1824 ) ;
#5421 = VECTOR ( 'NONE', #466, 1000.000000000000200 ) ;
#5422 =( LENGTH_UNIT ( ) NAMED_UNIT ( * ) SI_UNIT ( .MILLI., .METRE. ) );
#5423 = EDGE_CURVE ( 'NONE', #2869, #1307, #790, .T. ) ;
#5424 =( NAMED_UNIT ( * ) SI_UNIT ( $, .STERADIAN. ) SOLID_ANGLE_UNIT ( ) );
#5425 = LINE ( 'NONE', #967, #5354 ) ;
#5426 = ORIENTED_EDGE ( 'NONE', *, *, #590, .F. ) ;
#5427 = PRESENTATION_LAYER_ASSIGNMENT (  '', '', ( #5504 ) ) ;
#5428 = AXIS2_PLACEMENT_3D ( 'NONE', #4106, #4087, #4077 ) ;
#5429 = CARTESIAN_POINT ( 'NONE',  ( -7.573907182274248300, -1.872880335899558900, -5.729999999999997800 ) ) ;
#5430 = SURFACE_STYLE_USAGE ( .BOTH. , #42 ) ;
#5431 = CARTESIAN_POINT ( 'NONE',  ( 6.247598858864761500, -1.575000000000000000, -9.450024999999991200 ) ) ;
#5432 = DIRECTION ( 'NONE',  ( 0.0000000000000000000, -1.668003342285391600E-016, 1.000000000000000000 ) ) ;
#5433 = PLANE ( 'NONE',  #3631 ) ;
#5434 = MECHANICAL_DESIGN_GEOMETRIC_PRESENTATION_REPRESENTATION (  '', ( #3232 ), #2792 ) ;
#5435 =( NAMED_UNIT ( * ) SI_UNIT ( $, .STERADIAN. ) SOLID_ANGLE_UNIT ( ) );
#5436 = ORIENTED_EDGE ( 'NONE', *, *, #3221, .T. ) ;
#5437 = PRESENTATION_LAYER_ASSIGNMENT (  '', '', ( #5416 ) ) ;
#5438 = CARTESIAN_POINT ( 'NONE',  ( -6.399999999999996800, -1.575000000000000000, -9.297598858864770200 ) ) ;
#5439 = ORIENTED_EDGE ( 'NONE', *, *, #987, .F. ) ;
#5440 = DIRECTION ( 'NONE',  ( 0.0000000000000000000, 0.0000000000000000000, -1.000000000000000000 ) ) ;
#5441 = MANIFOLD_SOLID_BREP ( '°£®Æ-¦ùªø25', #439 ) ;
#5442 = DIRECTION ( 'NONE',  ( 1.000000000000000000, 0.0000000000000000000, -0.0000000000000000000 ) ) ;
#5443 = CARTESIAN_POINT ( 'NONE',  ( 7.573907182274134600, 8.377119664100433700, -8.269999999999999600 ) ) ;
#5444 = ORIENTED_EDGE ( 'NONE', *, *, #3255, .F. ) ;
#5445 = EDGE_CURVE ( 'NONE', #2147, #5321, #2388, .T. ) ;
#5446 = ORIENTED_EDGE ( 'NONE', *, *, #5528, .F. ) ;
#5447 = FILL_AREA_STYLE_COLOUR ( '', #5010 ) ;
#5448 = ORIENTED_EDGE ( 'NONE', *, *, #1461, .T. ) ;
#5449 = EDGE_CURVE ( 'NONE', #2745, #4060, #580, .T. ) ;
#5450 = ORIENTED_EDGE ( 'NONE', *, *, #1044, .F. ) ;
#5451 = SURFACE_STYLE_FILL_AREA ( #1672 ) ;
#5452 = AXIS2_PLACEMENT_3D ( 'NONE', #3914, #3893, #3857 ) ;
#5453 = EDGE_CURVE ( 'NONE', #5341, #3280, #547, .T. ) ;
#5454 = ORIENTED_EDGE ( 'NONE', *, *, #3916, .F. ) ;
#5455 = DIRECTION ( 'NONE',  ( 0.0000000000000000000, -1.000000000000000000, 0.0000000000000000000 ) ) ;
#5456 = CARTESIAN_POINT ( 'NONE',  ( 6.649999999999995900, -0.1249999999999990300, 6.969999999999999800 ) ) ;
#5457 = ORIENTED_EDGE ( 'NONE', *, *, #3340, .F. ) ;
#5458 = FACE_OUTER_BOUND ( 'NONE', #652, .T. ) ;
#5459 = ORIENTED_EDGE ( 'NONE', *, *, #5577, .F. ) ;
#5460 = DIRECTION ( 'NONE',  ( 1.084202172485503400E-016, -1.000000000000000000, -7.233811389675590400E-032 ) ) ;
#5461 = COLOUR_RGB ( '',0.0000000000000000000, 0.0000000000000000000, 0.0000000000000000000 ) ;
#5462 = CARTESIAN_POINT ( 'NONE',  ( -6.048867878803650700, 6.824999999999993100, -9.098867878803648800 ) ) ;
#5463 = FILL_AREA_STYLE ('',( #4527 ) ) ;
#5464 = PLANE ( 'NONE',  #4781 ) ;
#5465 = ORIENTED_EDGE ( 'NONE', *, *, #1545, .F. ) ;
#5466 = EDGE_CURVE ( 'NONE', #4884, #5214, #2393, .T. ) ;
#5467 = SURFACE_STYLE_USAGE ( .BOTH. , #4677 ) ;
#5468 = LINE ( 'NONE', #4112, #4734 ) ;
#5469 = ORIENTED_EDGE ( 'NONE', *, *, #4068, .T. ) ;
#5470 = SURFACE_STYLE_USAGE ( .BOTH. , #5474 ) ;
#5471 = VECTOR ( 'NONE', #1143, 1000.000000000000000 ) ;
#5472 = PRESENTATION_LAYER_ASSIGNMENT (  '', '', ( #3004 ) ) ;
#5473 = DIRECTION ( 'NONE',  ( 1.807003620809171900E-016, -1.000000000000000000, 0.0000000000000000000 ) ) ;
#5474 = SURFACE_SIDE_STYLE ('',( #4053 ) ) ;
#5475 = DIRECTION ( 'NONE',  ( -0.9170600743851251600, -0.3987490689252438100, -1.668003342285391600E-016 ) ) ;
#5476 = VECTOR ( 'NONE', #4519, 1000.000000000000200 ) ;
#5477 = ORIENTED_EDGE ( 'NONE', *, *, #4950, .F. ) ;
#5478 = SURFACE_STYLE_USAGE ( .BOTH. , #3985 ) ;
#5479 = EDGE_CURVE ( 'NONE', #4035, #4224, #2357, .T. ) ;
#5480 = FILL_AREA_STYLE ('',( #5076 ) ) ;
#5481 = LINE ( 'NONE', #4468, #396 ) ;
#5482 = ORIENTED_EDGE ( 'NONE', *, *, #501, .T. ) ;
#5483 = CARTESIAN_POINT ( 'NONE',  ( 7.573907182274258100, -1.622880335899568700, 8.269999999999999600 ) ) ;
#5484 =( LENGTH_UNIT ( ) NAMED_UNIT ( * ) SI_UNIT ( .MILLI., .METRE. ) );
#5485 = PRESENTATION_STYLE_ASSIGNMENT (( #5430 ) ) ;
#5486 = CARTESIAN_POINT ( 'NONE',  ( -6.649999999999994100, -0.1250000000000063000, 8.270000000000006700 ) ) ;
#5487 = FILL_AREA_STYLE ('',( #976 ) ) ;
#5488 = VECTOR ( 'NONE', #4093, 1000.000000000000000 ) ;
#5489 = FILL_AREA_STYLE ('',( #5248 ) ) ;
#5490 = SURFACE_SIDE_STYLE ('',( #4075 ) ) ;
#5491 = EDGE_CURVE ( 'NONE', #5071, #1704, #449, .T. ) ;
#5492 = SURFACE_STYLE_FILL_AREA ( #5463 ) ;
#5493 = DIRECTION ( 'NONE',  ( -0.0000000000000000000, 1.000000000000000000, 1.668003342285391800E-016 ) ) ;
#5494 =( NAMED_UNIT ( * ) PLANE_ANGLE_UNIT ( ) SI_UNIT ( $, .RADIAN. ) );
#5495 = EDGE_CURVE ( 'NONE', #4891, #945, #2306, .T. ) ;
#5496 = PLANE ( 'NONE',  #751 ) ;
#5497 = EDGE_CURVE ( 'NONE', #5420, #4942, #1732, .T. ) ;
#5498 = DIRECTION ( 'NONE',  ( 0.0000000000000000000, -1.000000000000000000, 0.0000000000000000000 ) ) ;
#5499 = DIRECTION ( 'NONE',  ( -1.000000000000000000, -1.734723475976805500E-015, 0.0000000000000000000 ) ) ;
#5500 =( NAMED_UNIT ( * ) SI_UNIT ( $, .STERADIAN. ) SOLID_ANGLE_UNIT ( ) );
#5501 = DIRECTION ( 'NONE',  ( -1.000000000000000000, 0.0000000000000000000, 0.0000000000000000000 ) ) ;
#5502 = ORIENTED_EDGE ( 'NONE', *, *, #2755, .F. ) ;
#5503 = FILL_AREA_STYLE_COLOUR ( '', #2455 ) ;
#5504 = STYLED_ITEM ( 'NONE', ( #3960 ), #2112 ) ;
#5505 = CARTESIAN_POINT ( 'NONE',  ( 6.399999999999989700, 0.1250000000000000000, -9.449999999999990400 ) ) ;
#5506 = ORIENTED_EDGE ( 'NONE', *, *, #1365, .F. ) ;
#5507 = DIRECTION ( 'NONE',  ( 0.0000000000000000000, -1.668003342285391800E-016, 1.000000000000000000 ) ) ;
#5508 = SURFACE_STYLE_FILL_AREA ( #651 ) ;
#5509 =( GEOMETRIC_REPRESENTATION_CONTEXT ( 3 ) GLOBAL_UNCERTAINTY_ASSIGNED_CONTEXT ( ( #2842 ) ) GLOBAL_UNIT_ASSIGNED_CONTEXT ( ( #2403, #3414, #3833 ) ) REPRESENTATION_CONTEXT ( 'NONE', 'WORKASPACE' ) );
#5510 = DIRECTION ( 'NONE',  ( 0.3987490689252437500, -0.9170600743851250500, 0.0000000000000000000 ) ) ;
#5511 = ORIENTED_EDGE ( 'NONE', *, *, #2928, .T. ) ;
#5512 = CARTESIAN_POINT ( 'NONE',  ( -6.247598858864773100, -1.575000000000001500, -9.450024999999991200 ) ) ;
#5513 = EDGE_CURVE ( 'NONE', #1567, #4942, #2369, .T. ) ;
#5514 = FILL_AREA_STYLE_COLOUR ( '', #1387 ) ;
#5515 = ORIENTED_EDGE ( 'NONE', *, *, #1461, .F. ) ;
#5516 = CARTESIAN_POINT ( 'NONE',  ( -7.573907182274247400, -1.622880335899560000, -6.969999999999993500 ) ) ;
#5517 = DIRECTION ( 'NONE',  ( -0.3987490689252437000, -0.9170600743851251600, 0.0000000000000000000 ) ) ;
#5518 = VERTEX_POINT ( 'NONE', #4910 ) ;
#5519 = EDGE_CURVE ( 'NONE', #1567, #1585, #285, .T. ) ;
#5520 = PLANE ( 'NONE',  #2977 ) ;
#5521 = ORIENTED_EDGE ( 'NONE', *, *, #1691, .T. ) ;
#5522 = DIRECTION ( 'NONE',  ( 0.9986295347545741700, 0.05233595624293931000, -6.004524598698536000E-019 ) ) ;
#5523 =( LENGTH_UNIT ( ) NAMED_UNIT ( * ) SI_UNIT ( .MILLI., .METRE. ) );
#5524 = ORIENTED_EDGE ( 'NONE', *, *, #3846, .F. ) ;
#5525 = ORIENTED_EDGE ( 'NONE', *, *, #2827, .F. ) ;
#5526 =( NAMED_UNIT ( * ) SI_UNIT ( $, .STERADIAN. ) SOLID_ANGLE_UNIT ( ) );
#5527 = CARTESIAN_POINT ( 'NONE',  ( 7.573907182274248300, -1.872880335899570700, -8.269999999999999600 ) ) ;
#5528 = EDGE_CURVE ( 'NONE', #5420, #1585, #292, .T. ) ;
#5529 = COLOUR_RGB ( '',1.000000000000000000, 1.000000000000000000, 0.0000000000000000000 ) ;
#5530 = LINE ( 'NONE', #4618, #1344 ) ;
#5531 = CARTESIAN_POINT ( 'NONE',  ( 7.344642163677967500, -1.722567603130882100, -4.430000000000001500 ) ) ;
#5532 = DIRECTION ( 'NONE',  ( 1.000000000000000000, 0.0000000000000000000, 0.0000000000000000000 ) ) ;
#5533 = DIRECTION ( 'NONE',  ( 1.000000000000000000, 4.605690828718422800E-016, 4.589215544912188200E-017 ) ) ;
#5534 = SURFACE_STYLE_USAGE ( .BOTH. , #5562 ) ;
#5535 = CARTESIAN_POINT ( 'NONE',  ( -7.573907182274248300, -1.872880335899559600, -4.680000000000001500 ) ) ;
#5536 = DIRECTION ( 'NONE',  ( -0.3987490689252437500, -0.9170600743851250500, 0.0000000000000000000 ) ) ;
#5537 = SURFACE_STYLE_FILL_AREA ( #313 ) ;
#5538 =( GEOMETRIC_REPRESENTATION_CONTEXT ( 3 ) GLOBAL_UNCERTAINTY_ASSIGNED_CONTEXT ( ( #367 ) ) GLOBAL_UNIT_ASSIGNED_CONTEXT ( ( #4019, #4000, #3997 ) ) REPRESENTATION_CONTEXT ( 'NONE', 'WORKASPACE' ) );
#5539 = EDGE_CURVE ( 'NONE', #570, #3811, #668, .T. ) ;
#5540 = ORIENTED_EDGE ( 'NONE', *, *, #555, .F. ) ;
#5541 = PRESENTATION_STYLE_ASSIGNMENT (( #177 ) ) ;
#5542 = EDGE_CURVE ( 'NONE', #4322, #3811, #2239, .T. ) ;
#5543 = ORIENTED_EDGE ( 'NONE', *, *, #5513, .F. ) ;
#5544 = DIRECTION ( 'NONE',  ( -4.742694567940698200E-032, 7.233811389675589300E-032, -1.000000000000000000 ) ) ;
#5545 = FACE_OUTER_BOUND ( 'NONE', #2174, .T. ) ;
#5546 = SURFACE_STYLE_USAGE ( .BOTH. , #5605 ) ;
#5547 = CARTESIAN_POINT ( 'NONE',  ( 6.879265018596268700, -0.02531273276868875600, -4.430000000000001500 ) ) ;
#5548 = DIRECTION ( 'NONE',  ( -0.0000000000000000000, 0.0000000000000000000, 1.000000000000000000 ) ) ;
#5549 = DIRECTION ( 'NONE',  ( 0.3987490689252437000, 0.9170600743851251600, 0.0000000000000000000 ) ) ;
#5550 = MECHANICAL_DESIGN_GEOMETRIC_PRESENTATION_REPRESENTATION (  '', ( #5609 ), #5509 ) ;
#5551 = FACE_OUTER_BOUND ( 'NONE', #298, .T. ) ;
#5552 = EDGE_CURVE ( 'NONE', #4322, #2701, #2487, .T. ) ;
#5553 = CARTESIAN_POINT ( 'NONE',  ( -8.609999999999992300, -1.872880335899560300, -5.479999999999990700 ) ) ;
#5554 = VECTOR ( 'NONE', #421, 1000.000000000000000 ) ;
#5555 = CARTESIAN_POINT ( 'NONE',  ( 6.399999999999999500, 0.1249999999999998900, -9.449999999999999300 ) ) ;
#5556 = COLOUR_RGB ( '',1.000000000000000000, 1.000000000000000000, 0.0000000000000000000 ) ;
#5558 = SURFACE_STYLE_FILL_AREA ( #4556 ) ;
#5557 = DIRECTION ( 'NONE',  ( 0.9170600743851251600, -0.3987490689252437000, -7.233811389675592600E-032 ) ) ;
#5559 = LINE ( 'NONE', #1625, #4925 ) ;
#5560 = EDGE_CURVE ( 'NONE', #2067, #2147, #2195, .T. ) ;
#5561 = VECTOR ( 'NONE', #3954, 1000.000000000000000 ) ;
#5562 = SURFACE_SIDE_STYLE ('',( #4258 ) ) ;
#5563 = PLANE ( 'NONE',  #2127 ) ;
#5564 = MECHANICAL_DESIGN_GEOMETRIC_PRESENTATION_REPRESENTATION (  '', ( #1404 ), #5538 ) ;
#5565 = EDGE_CURVE ( 'NONE', #5321, #1146, #2184, .T. ) ;
#5566 = LINE ( 'NONE', #5185, #1759 ) ;
#5567 = ORIENTED_EDGE ( 'NONE', *, *, #1691, .F. ) ;
#5568 = CARTESIAN_POINT ( 'NONE',  ( -8.055773820624498400, 0.1249999999999928500, -6.969999999999993500 ) ) ;
#5569 = PRESENTATION_LAYER_ASSIGNMENT (  '', '', ( #1404 ) ) ;
#5570 = CARTESIAN_POINT ( 'NONE',  ( 4.599999999999996100, 6.624999999999994700, 7.650000000000000400 ) ) ;
#5571 = ORIENTED_EDGE ( 'NONE', *, *, #2959, .T. ) ;
#5572 = ORIENTED_EDGE ( 'NONE', *, *, #1473, .T. ) ;
#5573 = DIRECTION ( 'NONE',  ( 1.093590911432185500E-016, 1.668003342285391100E-016, -1.000000000000000000 ) ) ;
#5574 = ORIENTED_EDGE ( 'NONE', *, *, #3800, .F. ) ;
#5575 = PRESENTATION_LAYER_ASSIGNMENT (  '', '', ( #5609 ) ) ;
#5576 = ORIENTED_EDGE ( 'NONE', *, *, #268, .F. ) ;
#5577 = EDGE_CURVE ( 'NONE', #5620, #763, #681, .T. ) ;
#5578 = CARTESIAN_POINT ( 'NONE',  ( 8.055773820624489500, 0.1250000000000001400, -8.269999999999999600 ) ) ;
#5579 = ORIENTED_EDGE ( 'NONE', *, *, #2815, .F. ) ;
#5580 =( NAMED_UNIT ( * ) SI_UNIT ( $, .STERADIAN. ) SOLID_ANGLE_UNIT ( ) );
#5581 = ORIENTED_EDGE ( 'NONE', *, *, #5592, .F. ) ;
#5582 = SURFACE_STYLE_FILL_AREA ( #3828 ) ;
#5583 = FILL_AREA_STYLE_COLOUR ( '', #3850 ) ;
#5584 = ORIENTED_EDGE ( 'NONE', *, *, #1400, .T. ) ;
#5585 = EDGE_CURVE ( 'NONE', #139, #206, #1790, .T. ) ;
#5586 = FILL_AREA_STYLE ('',( #5364 ) ) ;
#5587 = EDGE_LOOP ( 'NONE', ( #3077, #3003, #2985, #2993 ) ) ;
#5588 = EDGE_CURVE ( 'NONE', #291, #3438, #96, .T. ) ;
#5589 = AXIS2_PLACEMENT_3D ( 'NONE', #4321, #4318, #4279 ) ;
#5590 = EDGE_CURVE ( 'NONE', #215, #2520, #2129, .T. ) ;
#5591 = DIRECTION ( 'NONE',  ( 4.605690828718422800E-016, -1.000000000000000000, 0.0000000000000000000 ) ) ;
#5592 = EDGE_CURVE ( 'NONE', #945, #3438, #1806, .T. ) ;
#5593 = LINE ( 'NONE', #3910, #5419 ) ;
#5594 = DIRECTION ( 'NONE',  ( 3.469446951953596800E-015, -1.000000000000000000, -0.0000000000000000000 ) ) ;
#5595 = EDGE_LOOP ( 'NONE', ( #5502, #5579, #5525, #4576 ) ) ;
#5596 = DIRECTION ( 'NONE',  ( -0.0000000000000000000, -0.0000000000000000000, 1.000000000000000000 ) ) ;
#5597 = ORIENTED_EDGE ( 'NONE', *, *, #356, .F. ) ;
#5598 = FILL_AREA_STYLE ('',( #5308 ) ) ;
#5599 = PRESENTATION_STYLE_ASSIGNMENT (( #4072 ) ) ;
#5600 =( NAMED_UNIT ( * ) PLANE_ANGLE_UNIT ( ) SI_UNIT ( $, .RADIAN. ) );
#5601 = AXIS2_PLACEMENT_3D ( 'NONE', #4054, #4039, #3777 ) ;
#5602 = CARTESIAN_POINT ( 'NONE',  ( -6.879265018596275800, -0.02531273276869620100, -8.269999999999996000 ) ) ;
#5603 = ORIENTED_EDGE ( 'NONE', *, *, #531, .F. ) ;
#5604 = COLOUR_RGB ( '',1.000000000000000000, 1.000000000000000000, 0.0000000000000000000 ) ;
#5605 = SURFACE_SIDE_STYLE ('',( #5415 ) ) ;
#5606 = FILL_AREA_STYLE ('',( #3733 ) ) ;
#5607 = FACE_OUTER_BOUND ( 'NONE', #2311, .T. ) ;
#5608 = PRESENTATION_STYLE_ASSIGNMENT (( #4808 ) ) ;
#5609 = STYLED_ITEM ( 'NONE', ( #4842 ), #2270 ) ;
#5610 = SURFACE_STYLE_FILL_AREA ( #1175 ) ;
#5611 = DIRECTION ( 'NONE',  ( -0.05233595624293931000, 0.9986295347545741700, 0.0000000000000000000 ) ) ;
#5612 = EDGE_CURVE ( 'NONE', #5071, #4569, #1801, .T. ) ;
#5613 = DIRECTION ( 'NONE',  ( 1.000000000000000000, 0.0000000000000000000, 0.0000000000000000000 ) ) ;
#5614 = DIRECTION ( 'NONE',  ( -0.0000000000000000000, 0.0000000000000000000, -1.000000000000000000 ) ) ;
#5615 = LINE ( 'NONE', #172, #5554 ) ;
#5616 = PRESENTATION_STYLE_ASSIGNMENT (( #1105 ) ) ;
#5617 = EDGE_CURVE ( 'NONE', #291, #5341, #1874, .T. ) ;
#5618 = LINE ( 'NONE', #4634, #4306 ) ;
#5619 = EDGE_CURVE ( 'NONE', #4413, #2585, #1893, .T. ) ;
#5620 = VERTEX_POINT ( 'NONE', #617 ) ;
#5621 = FILL_AREA_STYLE ('',( #5349 ) ) ;
#5622 = FACE_OUTER_BOUND ( 'NONE', #4509, .T. ) ;
#5623 = PLANE ( 'NONE',  #924 ) ;
#5624 = SURFACE_SIDE_STYLE ('',( #523 ) ) ;
#5625 = ORIENTED_EDGE ( 'NONE', *, *, #961, .F. ) ;
#5626 = DIRECTION ( 'NONE',  ( 1.000000000000000000, 4.605690828718422800E-016, 4.589215544912187000E-017 ) ) ;
#5627 =( GEOMETRIC_REPRESENTATION_CONTEXT ( 3 ) GLOBAL_UNCERTAINTY_ASSIGNED_CONTEXT ( ( #3150 ) ) GLOBAL_UNIT_ASSIGNED_CONTEXT ( ( #4664, #4626, #4602 ) ) REPRESENTATION_CONTEXT ( 'NONE', 'WORKASPACE' ) );
#5628 = AXIS2_PLACEMENT_3D ( 'NONE', #3797, #3347, #3097 ) ;
#5629 = EDGE_CURVE ( 'NONE', #4735, #216, #2060, .T. ) ;
ENDSEC;
END-ISO-10303-21;
